Log of 'out' stream of WorkerTask 'uni07'
---

INFO    Using 'cpu' as training device. Number of threads: 10
INFO    Loading training data ...
INFO    Initializing the neural net ...
INFO    Initialized model 'Dengue'.
INFO    Now commencing training for 2000 epochs ...
INFO Gradient norm: 734.6549790812008
PROGRESS    Completed epoch 1 / 2000;    current loss: 186.61827087402344
INFO Gradient norm: 752.4964952015265
PROGRESS    Completed epoch 2 / 2000;    current loss: 186.3965301513672
INFO Gradient norm: 773.2856845386766
PROGRESS    Completed epoch 3 / 2000;    current loss: 186.16964721679688
INFO Gradient norm: 797.9281984468489
PROGRESS    Completed epoch 4 / 2000;    current loss: 185.93685913085938
INFO Gradient norm: 827.7102323473881
PROGRESS    Completed epoch 5 / 2000;    current loss: 185.69703674316406
INFO Gradient norm: 864.624077186721
PROGRESS    Completed epoch 6 / 2000;    current loss: 185.44873046875
INFO Gradient norm: 911.8993898071238
PROGRESS    Completed epoch 7 / 2000;    current loss: 185.18984985351562
INFO Gradient norm: 975.0466912640343
PROGRESS    Completed epoch 8 / 2000;    current loss: 184.91734313964844
INFO Gradient norm: 1064.767808088554
PROGRESS    Completed epoch 9 / 2000;    current loss: 184.626708984375
INFO Gradient norm: 1204.7450659724286
PROGRESS    Completed epoch 10 / 2000;    current loss: 184.3095703125
INFO Gradient norm: 1462.109600798529
PROGRESS    Completed epoch 11 / 2000;    current loss: 183.94961547851562
INFO Gradient norm: 2146.0992725010847
PROGRESS    Completed epoch 12 / 2000;    current loss: 183.49688720703125
INFO Gradient norm: 37251.3293295873
PROGRESS    Completed epoch 13 / 2000;    current loss: 182.33355712890625
INFO Gradient norm: 2187.527251857317
PROGRESS    Completed epoch 14 / 2000;    current loss: 183.259521484375
INFO Gradient norm: 1542.413571677684
PROGRESS    Completed epoch 15 / 2000;    current loss: 183.44187927246094
INFO Gradient norm: 1317.4638084607247
PROGRESS    Completed epoch 16 / 2000;    current loss: 183.50656127929688
INFO Gradient norm: 1205.78879696856
PROGRESS    Completed epoch 17 / 2000;    current loss: 183.51150512695312
INFO Gradient norm: 1143.2800212159118
PROGRESS    Completed epoch 18 / 2000;    current loss: 183.47731018066406
INFO Gradient norm: 1107.698393709272
PROGRESS    Completed epoch 19 / 2000;    current loss: 183.4130859375
INFO Gradient norm: 1089.5757308309726
PROGRESS    Completed epoch 20 / 2000;    current loss: 183.32481384277344
INFO Gradient norm: 1084.6393797392543
PROGRESS    Completed epoch 21 / 2000;    current loss: 183.2158660888672
INFO Gradient norm: 1091.0790810459316
PROGRESS    Completed epoch 22 / 2000;    current loss: 183.0880889892578
INFO Gradient norm: 1108.9320084782744
PROGRESS    Completed epoch 23 / 2000;    current loss: 182.94264221191406
INFO Gradient norm: 1139.7722904972534
PROGRESS    Completed epoch 24 / 2000;    current loss: 182.7794952392578
INFO Gradient norm: 1187.3217497695
PROGRESS    Completed epoch 25 / 2000;    current loss: 182.59776306152344
INFO Gradient norm: 1259.0739770610344
PROGRESS    Completed epoch 26 / 2000;    current loss: 182.39566040039062
INFO Gradient norm: 1369.7194088394158
PROGRESS    Completed epoch 27 / 2000;    current loss: 182.16976928710938
INFO Gradient norm: 1555.542484972727
PROGRESS    Completed epoch 28 / 2000;    current loss: 181.91192626953125
INFO Gradient norm: 1920.000749896478
PROGRESS    Completed epoch 29 / 2000;    current loss: 181.606201171875
INFO Gradient norm: 2973.187866852498
PROGRESS    Completed epoch 30 / 2000;    current loss: 181.20223999023438
INFO Gradient norm: 23603.5344860998
PROGRESS    Completed epoch 31 / 2000;    current loss: 180.3583526611328
INFO Gradient norm: 3085.379779633675
PROGRESS    Completed epoch 32 / 2000;    current loss: 180.93014526367188
INFO Gradient norm: 2150.1484221677774
PROGRESS    Completed epoch 33 / 2000;    current loss: 181.0171661376953
INFO Gradient norm: 1819.9855470589353
PROGRESS    Completed epoch 34 / 2000;    current loss: 181.01092529296875
INFO Gradient norm: 1667.9930617317118
PROGRESS    Completed epoch 35 / 2000;    current loss: 180.95364379882812
INFO Gradient norm: 1600.002358222147
PROGRESS    Completed epoch 36 / 2000;    current loss: 180.85923767089844
INFO Gradient norm: 1587.3332670698946
PROGRESS    Completed epoch 37 / 2000;    current loss: 180.7337646484375
INFO Gradient norm: 1623.6893387836303
PROGRESS    Completed epoch 38 / 2000;    current loss: 180.5794677734375
INFO Gradient norm: 1720.3794293664962
PROGRESS    Completed epoch 39 / 2000;    current loss: 180.39425659179688
INFO Gradient norm: 1914.863792872256
PROGRESS    Completed epoch 40 / 2000;    current loss: 180.1739959716797
INFO Gradient norm: 2329.2876029927606
PROGRESS    Completed epoch 41 / 2000;    current loss: 179.90390014648438
INFO Gradient norm: 3554.1343458803035
PROGRESS    Completed epoch 42 / 2000;    current loss: 179.5401611328125
INFO Gradient norm: 67421.0356310491
PROGRESS    Completed epoch 43 / 2000;    current loss: 178.55276489257812
INFO Gradient norm: 4166.016161449406
PROGRESS    Completed epoch 44 / 2000;    current loss: 179.1896514892578
INFO Gradient norm: 2889.958728262264
PROGRESS    Completed epoch 45 / 2000;    current loss: 179.2188720703125
INFO Gradient norm: 2512.7552844803595
PROGRESS    Completed epoch 46 / 2000;    current loss: 179.1499481201172
INFO Gradient norm: 2431.54172048775
PROGRESS    Completed epoch 47 / 2000;    current loss: 179.02120971679688
INFO Gradient norm: 2566.3625365186094
PROGRESS    Completed epoch 48 / 2000;    current loss: 178.83987426757812
INFO Gradient norm: 3040.1305418873353
PROGRESS    Completed epoch 49 / 2000;    current loss: 178.59779357910156
INFO Gradient norm: 4702.2890973548565
PROGRESS    Completed epoch 50 / 2000;    current loss: 178.25108337402344
INFO Gradient norm: 25612.08123227345
PROGRESS    Completed epoch 51 / 2000;    current loss: 177.58753967285156
INFO Gradient norm: 5265.199810424016
PROGRESS    Completed epoch 52 / 2000;    current loss: 177.89443969726562
INFO Gradient norm: 4036.936399201773
PROGRESS    Completed epoch 53 / 2000;    current loss: 177.83950805664062
INFO Gradient norm: 4046.704998821674
PROGRESS    Completed epoch 54 / 2000;    current loss: 177.67677307128906
INFO Gradient norm: 5296.080462672191
PROGRESS    Completed epoch 55 / 2000;    current loss: 177.40829467773438
INFO Gradient norm: 23519.229781150745
PROGRESS    Completed epoch 56 / 2000;    current loss: 176.80567932128906
INFO Gradient norm: 4975.089211674438
PROGRESS    Completed epoch 57 / 2000;    current loss: 177.09886169433594
INFO Gradient norm: 3359.02170550988
PROGRESS    Completed epoch 58 / 2000;    current loss: 177.09121704101562
INFO Gradient norm: 3037.6430510754185
PROGRESS    Completed epoch 59 / 2000;    current loss: 176.96461486816406
INFO Gradient norm: 3249.357641610184
PROGRESS    Completed epoch 60 / 2000;    current loss: 176.75653076171875
INFO Gradient norm: 4408.549436026073
PROGRESS    Completed epoch 61 / 2000;    current loss: 176.4480743408203
INFO Gradient norm: 23488.667970807244
PROGRESS    Completed epoch 62 / 2000;    current loss: 175.7664794921875
INFO Gradient norm: 4095.812311414406
PROGRESS    Completed epoch 63 / 2000;    current loss: 176.11203002929688
INFO Gradient norm: 2765.210309648793
PROGRESS    Completed epoch 64 / 2000;    current loss: 176.0994873046875
INFO Gradient norm: 2452.8151195664773
PROGRESS    Completed epoch 65 / 2000;    current loss: 175.97119140625
INFO Gradient norm: 2501.149865182047
PROGRESS    Completed epoch 66 / 2000;    current loss: 175.76800537109375
INFO Gradient norm: 2976.1500135617102
PROGRESS    Completed epoch 67 / 2000;    current loss: 175.48716735839844
INFO Gradient norm: 5203.360210871237
PROGRESS    Completed epoch 68 / 2000;    current loss: 175.06396484375
INFO Gradient norm: 7749.382192322614
PROGRESS    Completed epoch 69 / 2000;    current loss: 174.73297119140625
INFO Gradient norm: 3639.234563272482
PROGRESS    Completed epoch 70 / 2000;    current loss: 174.798583984375
INFO Gradient norm: 3095.1222231529337
PROGRESS    Completed epoch 71 / 2000;    current loss: 174.6611785888672
INFO Gradient norm: 3334.2248134014617
PROGRESS    Completed epoch 72 / 2000;    current loss: 174.4176025390625
INFO Gradient norm: 5110.84534319482
PROGRESS    Completed epoch 73 / 2000;    current loss: 174.03814697265625
INFO Gradient norm: 13160.307879063432
PROGRESS    Completed epoch 74 / 2000;    current loss: 173.53392028808594
INFO Gradient norm: 5233.77683413189
PROGRESS    Completed epoch 75 / 2000;    current loss: 173.59388732910156
INFO Gradient norm: 5160.526700351469
PROGRESS    Completed epoch 76 / 2000;    current loss: 173.37677001953125
INFO Gradient norm: 11291.164498231323
PROGRESS    Completed epoch 77 / 2000;    current loss: 172.91180419921875
INFO Gradient norm: 5804.081779132683
PROGRESS    Completed epoch 78 / 2000;    current loss: 172.884765625
INFO Gradient norm: 3986.2824394214995
PROGRESS    Completed epoch 79 / 2000;    current loss: 172.78753662109375
INFO Gradient norm: 4408.227807076804
PROGRESS    Completed epoch 80 / 2000;    current loss: 172.51739501953125
INFO Gradient norm: 11791.922589429472
PROGRESS    Completed epoch 81 / 2000;    current loss: 171.97720336914062
INFO Gradient norm: 4562.957959309406
PROGRESS    Completed epoch 82 / 2000;    current loss: 172.03067016601562
INFO Gradient norm: 3123.542277932031
PROGRESS    Completed epoch 83 / 2000;    current loss: 171.9333038330078
INFO Gradient norm: 3145.788143354952
PROGRESS    Completed epoch 84 / 2000;    current loss: 171.68450927734375
INFO Gradient norm: 4714.907520519157
PROGRESS    Completed epoch 85 / 2000;    current loss: 171.2834930419922
INFO Gradient norm: 11119.810550313803
PROGRESS    Completed epoch 86 / 2000;    current loss: 170.7713623046875
INFO Gradient norm: 4959.321979965323
PROGRESS    Completed epoch 87 / 2000;    current loss: 170.75982666015625
INFO Gradient norm: 5744.167787680808
PROGRESS    Completed epoch 88 / 2000;    current loss: 170.4539031982422
INFO Gradient norm: 31272.181247136195
PROGRESS    Completed epoch 89 / 2000;    current loss: 169.7476043701172
INFO Gradient norm: 17977.952260748098
PROGRESS    Completed epoch 90 / 2000;    current loss: 169.61318969726562
INFO Gradient norm: 8616.937312791963
PROGRESS    Completed epoch 91 / 2000;    current loss: 169.54110717773438
INFO Gradient norm: 11447.8633177133
PROGRESS    Completed epoch 92 / 2000;    current loss: 169.1936492919922
INFO Gradient norm: 7228.498384285707
PROGRESS    Completed epoch 93 / 2000;    current loss: 169.0498504638672
INFO Gradient norm: 6568.919626437411
PROGRESS    Completed epoch 94 / 2000;    current loss: 168.80258178710938
INFO Gradient norm: 31836.27710568044
PROGRESS    Completed epoch 95 / 2000;    current loss: 168.12091064453125
INFO Gradient norm: 107278.27022093967
PROGRESS    Completed epoch 96 / 2000;    current loss: 167.60128784179688
INFO Gradient norm: 6070.884183058267
PROGRESS    Completed epoch 97 / 2000;    current loss: 167.979736328125
INFO Gradient norm: 7543.12652531495
PROGRESS    Completed epoch 98 / 2000;    current loss: 167.62619018554688
INFO Gradient norm: 8253.462822529047
PROGRESS    Completed epoch 99 / 2000;    current loss: 167.3079071044922
INFO Gradient norm: 7174.5922205556435
PROGRESS    Completed epoch 100 / 2000;    current loss: 167.0523681640625
INFO Gradient norm: 14454.463244627921
PROGRESS    Completed epoch 101 / 2000;    current loss: 166.5648193359375
INFO Gradient norm: 29410.100488771517
PROGRESS    Completed epoch 102 / 2000;    current loss: 166.09597778320312
INFO Gradient norm: 4643.533516526589
PROGRESS    Completed epoch 103 / 2000;    current loss: 166.2769775390625
INFO Gradient norm: 4399.031161790754
PROGRESS    Completed epoch 104 / 2000;    current loss: 165.98345947265625
INFO Gradient norm: 25369.074580904176
PROGRESS    Completed epoch 105 / 2000;    current loss: 165.19839477539062
INFO Gradient norm: 2914.5940191355403
PROGRESS    Completed epoch 106 / 2000;    current loss: 165.49220275878906
INFO Gradient norm: 2205.463019177913
PROGRESS    Completed epoch 107 / 2000;    current loss: 165.276611328125
INFO Gradient norm: 2414.015664779157
PROGRESS    Completed epoch 108 / 2000;    current loss: 164.9052734375
INFO Gradient norm: 4936.100481296439
PROGRESS    Completed epoch 109 / 2000;    current loss: 164.31515502929688
INFO Gradient norm: 3380.9972080937596
PROGRESS    Completed epoch 110 / 2000;    current loss: 164.0959930419922
INFO Gradient norm: 2165.061440164747
PROGRESS    Completed epoch 111 / 2000;    current loss: 163.9172821044922
INFO Gradient norm: 2199.267837009116
PROGRESS    Completed epoch 112 / 2000;    current loss: 163.5579071044922
INFO Gradient norm: 3652.3771769872646
PROGRESS    Completed epoch 113 / 2000;    current loss: 163.0144500732422
INFO Gradient norm: 4550.053572588958
PROGRESS    Completed epoch 114 / 2000;    current loss: 162.5831298828125
INFO Gradient norm: 2618.539300436091
PROGRESS    Completed epoch 115 / 2000;    current loss: 162.40689086914062
INFO Gradient norm: 2932.7073367851485
PROGRESS    Completed epoch 116 / 2000;    current loss: 161.994384765625
INFO Gradient norm: 14950.039124223744
PROGRESS    Completed epoch 117 / 2000;    current loss: 161.14517211914062
INFO Gradient norm: 2234.3720886108376
PROGRESS    Completed epoch 118 / 2000;    current loss: 161.336181640625
INFO Gradient norm: 1647.114710385589
PROGRESS    Completed epoch 119 / 2000;    current loss: 161.07862854003906
INFO Gradient norm: 1687.8394632570503
PROGRESS    Completed epoch 120 / 2000;    current loss: 160.67568969726562
INFO Gradient norm: 2511.08995361811
PROGRESS    Completed epoch 121 / 2000;    current loss: 160.11904907226562
INFO Gradient norm: 6482.143358535798
PROGRESS    Completed epoch 122 / 2000;    current loss: 159.4171142578125
INFO Gradient norm: 2768.869550568242
PROGRESS    Completed epoch 123 / 2000;    current loss: 159.28196716308594
INFO Gradient norm: 3157.246307747985
PROGRESS    Completed epoch 124 / 2000;    current loss: 158.8275909423828
INFO Gradient norm: 24951.56394062104
PROGRESS    Completed epoch 125 / 2000;    current loss: 157.8544921875
INFO Gradient norm: 14653.286124580436
PROGRESS    Completed epoch 126 / 2000;    current loss: 157.5592803955078
INFO Gradient norm: 4054.0715289274385
PROGRESS    Completed epoch 127 / 2000;    current loss: 157.49176025390625
INFO Gradient norm: 4820.17340416034
PROGRESS    Completed epoch 128 / 2000;    current loss: 157.01588439941406
INFO Gradient norm: 5294.638285369074
PROGRESS    Completed epoch 129 / 2000;    current loss: 156.56210327148438
INFO Gradient norm: 4913.981205725089
PROGRESS    Completed epoch 130 / 2000;    current loss: 156.15472412109375
INFO Gradient norm: 6683.5221410534705
PROGRESS    Completed epoch 131 / 2000;    current loss: 155.63278198242188
INFO Gradient norm: 9143.576694481697
PROGRESS    Completed epoch 132 / 2000;    current loss: 155.1116180419922
INFO Gradient norm: 3379.6604618029232
PROGRESS    Completed epoch 133 / 2000;    current loss: 154.96051025390625
INFO Gradient norm: 3284.545623556085
PROGRESS    Completed epoch 134 / 2000;    current loss: 154.5260009765625
INFO Gradient norm: 16859.22630985491
PROGRESS    Completed epoch 135 / 2000;    current loss: 153.63101196289062
INFO Gradient norm: 118489.86086830228
PROGRESS    Completed epoch 136 / 2000;    current loss: 152.82235717773438
INFO Gradient norm: 2621.442685489782
PROGRESS    Completed epoch 137 / 2000;    current loss: 153.24786376953125
INFO Gradient norm: 2592.4266030823646
PROGRESS    Completed epoch 138 / 2000;    current loss: 152.79310607910156
INFO Gradient norm: 19846.914224726854
PROGRESS    Completed epoch 139 / 2000;    current loss: 151.77130126953125
INFO Gradient norm: 1682.7803738778296
PROGRESS    Completed epoch 140 / 2000;    current loss: 152.0244140625
INFO Gradient norm: 1292.7184326045187
PROGRESS    Completed epoch 141 / 2000;    current loss: 151.6612548828125
INFO Gradient norm: 1394.7268648456334
PROGRESS    Completed epoch 142 / 2000;    current loss: 151.14111328125
INFO Gradient norm: 2556.441858197116
PROGRESS    Completed epoch 143 / 2000;    current loss: 150.4154052734375
INFO Gradient norm: 2348.876694662058
PROGRESS    Completed epoch 144 / 2000;    current loss: 149.94178771972656
INFO Gradient norm: 1454.3949574199164
PROGRESS    Completed epoch 145 / 2000;    current loss: 149.61753845214844
INFO Gradient norm: 1527.6051309304419
PROGRESS    Completed epoch 146 / 2000;    current loss: 149.08642578125
INFO Gradient norm: 3174.273697077951
PROGRESS    Completed epoch 147 / 2000;    current loss: 148.31130981445312
INFO Gradient norm: 1952.2212285143999
PROGRESS    Completed epoch 148 / 2000;    current loss: 147.95965576171875
INFO Gradient norm: 1323.7518801282952
PROGRESS    Completed epoch 149 / 2000;    current loss: 147.58840942382812
INFO Gradient norm: 1412.711265658911
PROGRESS    Completed epoch 150 / 2000;    current loss: 147.0258331298828
INFO Gradient norm: 2889.576881868283
PROGRESS    Completed epoch 151 / 2000;    current loss: 146.2222137451172
INFO Gradient norm: 1867.8366227706597
PROGRESS    Completed epoch 152 / 2000;    current loss: 145.82237243652344
INFO Gradient norm: 1262.240432985709
PROGRESS    Completed epoch 153 / 2000;    current loss: 145.426025390625
INFO Gradient norm: 1351.6857469034385
PROGRESS    Completed epoch 154 / 2000;    current loss: 144.8399200439453
INFO Gradient norm: 2846.1773983759563
PROGRESS    Completed epoch 155 / 2000;    current loss: 144.00848388671875
INFO Gradient norm: 1703.7736399207602
PROGRESS    Completed epoch 156 / 2000;    current loss: 143.6269989013672
INFO Gradient norm: 1163.1719871600735
PROGRESS    Completed epoch 157 / 2000;    current loss: 143.214599609375
INFO Gradient norm: 1218.9109981959346
PROGRESS    Completed epoch 158 / 2000;    current loss: 142.614990234375
INFO Gradient norm: 2204.556105769657
PROGRESS    Completed epoch 159 / 2000;    current loss: 141.7993927001953
INFO Gradient norm: 1916.074483164937
PROGRESS    Completed epoch 160 / 2000;    current loss: 141.2559814453125
INFO Gradient norm: 1245.2114520973685
PROGRESS    Completed epoch 161 / 2000;    current loss: 140.83029174804688
INFO Gradient norm: 1368.1188933768517
PROGRESS    Completed epoch 162 / 2000;    current loss: 140.1937255859375
INFO Gradient norm: 3848.8636850342386
PROGRESS    Completed epoch 163 / 2000;    current loss: 139.23828125
INFO Gradient norm: 1312.7815196932468
PROGRESS    Completed epoch 164 / 2000;    current loss: 139.01194763183594
INFO Gradient norm: 964.0372334155799
PROGRESS    Completed epoch 165 / 2000;    current loss: 138.54383850097656
INFO Gradient norm: 993.4187720238327
PROGRESS    Completed epoch 166 / 2000;    current loss: 137.91049194335938
INFO Gradient norm: 1514.8890446831294
PROGRESS    Completed epoch 167 / 2000;    current loss: 137.10116577148438
INFO Gradient norm: 2488.5949618154286
PROGRESS    Completed epoch 168 / 2000;    current loss: 136.28993225097656
INFO Gradient norm: 1376.8079910894269
PROGRESS    Completed epoch 169 / 2000;    current loss: 135.8715057373047
INFO Gradient norm: 1608.6047134376622
PROGRESS    Completed epoch 170 / 2000;    current loss: 135.17677307128906
INFO Gradient norm: 8291.72579213988
PROGRESS    Completed epoch 171 / 2000;    current loss: 134.05319213867188
INFO Gradient norm: 4900.577953212626
PROGRESS    Completed epoch 172 / 2000;    current loss: 133.55393981933594
INFO Gradient norm: 2344.4162843823974
PROGRESS    Completed epoch 173 / 2000;    current loss: 133.14393615722656
INFO Gradient norm: 3032.367313314078
PROGRESS    Completed epoch 174 / 2000;    current loss: 132.43020629882812
INFO Gradient norm: 2070.160794512329
PROGRESS    Completed epoch 175 / 2000;    current loss: 131.9222412109375
INFO Gradient norm: 1908.1011805564053
PROGRESS    Completed epoch 176 / 2000;    current loss: 131.31082153320312
INFO Gradient norm: 6772.2379081836325
PROGRESS    Completed epoch 177 / 2000;    current loss: 130.2980194091797
INFO Gradient norm: 9996.163350222172
PROGRESS    Completed epoch 178 / 2000;    current loss: 129.57383728027344
INFO Gradient norm: 1840.8489561357721
PROGRESS    Completed epoch 179 / 2000;    current loss: 129.39007568359375
INFO Gradient norm: 2331.401185893895
PROGRESS    Completed epoch 180 / 2000;    current loss: 128.66537475585938
INFO Gradient norm: 2008.535960515505
PROGRESS    Completed epoch 181 / 2000;    current loss: 128.06968688964844
INFO Gradient norm: 1796.7407374686632
PROGRESS    Completed epoch 182 / 2000;    current loss: 127.45439910888672
INFO Gradient norm: 5109.960423617688
PROGRESS    Completed epoch 183 / 2000;    current loss: 126.48661804199219
INFO Gradient norm: 7969.238331642776
PROGRESS    Completed epoch 184 / 2000;    current loss: 125.73313903808594
INFO Gradient norm: 1677.7304860408997
PROGRESS    Completed epoch 185 / 2000;    current loss: 125.49493408203125
INFO Gradient norm: 2143.313679284226
PROGRESS    Completed epoch 186 / 2000;    current loss: 124.74903869628906
INFO Gradient norm: 1710.4913917287383
PROGRESS    Completed epoch 187 / 2000;    current loss: 124.16183471679688
INFO Gradient norm: 1530.948673864024
PROGRESS    Completed epoch 188 / 2000;    current loss: 123.52941131591797
INFO Gradient norm: 5707.740854987779
PROGRESS    Completed epoch 189 / 2000;    current loss: 122.48075866699219
INFO Gradient norm: 3970.0429024959926
PROGRESS    Completed epoch 190 / 2000;    current loss: 121.88494873046875
INFO Gradient norm: 1630.7819360140786
PROGRESS    Completed epoch 191 / 2000;    current loss: 121.46752166748047
INFO Gradient norm: 2167.748870348061
PROGRESS    Completed epoch 192 / 2000;    current loss: 120.69454956054688
INFO Gradient norm: 1356.2466517137743
PROGRESS    Completed epoch 193 / 2000;    current loss: 120.17398071289062
INFO Gradient norm: 1223.3831114955817
PROGRESS    Completed epoch 194 / 2000;    current loss: 119.52143859863281
INFO Gradient norm: 3738.845201397693
PROGRESS    Completed epoch 195 / 2000;    current loss: 118.48388671875
INFO Gradient norm: 859.9412858892816
PROGRESS    Completed epoch 196 / 2000;    current loss: 118.27278137207031
INFO Gradient norm: 711.724222976038
PROGRESS    Completed epoch 197 / 2000;    current loss: 117.65874481201172
INFO Gradient norm: 752.1714761661558
PROGRESS    Completed epoch 198 / 2000;    current loss: 116.8873291015625
INFO Gradient norm: 1156.6106539647014
PROGRESS    Completed epoch 199 / 2000;    current loss: 115.92928314208984
INFO Gradient norm: 989.4994331049537
PROGRESS    Completed epoch 200 / 2000;    current loss: 115.24180603027344
INFO Gradient norm: 736.103525677463
PROGRESS    Completed epoch 201 / 2000;    current loss: 114.6280746459961
INFO Gradient norm: 775.1139448841474
PROGRESS    Completed epoch 202 / 2000;    current loss: 113.8306884765625
INFO Gradient norm: 1381.7926529027186
PROGRESS    Completed epoch 203 / 2000;    current loss: 112.81207275390625
INFO Gradient norm: 783.6562571499142
PROGRESS    Completed epoch 204 / 2000;    current loss: 112.267578125
INFO Gradient norm: 624.9382294009803
PROGRESS    Completed epoch 205 / 2000;    current loss: 111.60696411132812
INFO Gradient norm: 622.8705457226697
PROGRESS    Completed epoch 206 / 2000;    current loss: 110.79524993896484
INFO Gradient norm: 757.2214711952928
PROGRESS    Completed epoch 207 / 2000;    current loss: 109.8490982055664
INFO Gradient norm: 1506.625709465338
PROGRESS    Completed epoch 208 / 2000;    current loss: 108.74502563476562
INFO Gradient norm: 953.3717111462465
PROGRESS    Completed epoch 209 / 2000;    current loss: 108.06800079345703
INFO Gradient norm: 1355.1046782608105
PROGRESS    Completed epoch 210 / 2000;    current loss: 107.11138916015625
INFO Gradient norm: 763.242890413026
PROGRESS    Completed epoch 211 / 2000;    current loss: 106.49714660644531
INFO Gradient norm: 669.8291940392108
PROGRESS    Completed epoch 212 / 2000;    current loss: 105.72018432617188
INFO Gradient norm: 770.7400962867538
PROGRESS    Completed epoch 213 / 2000;    current loss: 104.78654479980469
INFO Gradient norm: 1036.341327050651
PROGRESS    Completed epoch 214 / 2000;    current loss: 103.80047607421875
INFO Gradient norm: 865.2237152433212
PROGRESS    Completed epoch 215 / 2000;    current loss: 103.00503540039062
INFO Gradient norm: 1112.5144232088455
PROGRESS    Completed epoch 216 / 2000;    current loss: 102.05656433105469
INFO Gradient norm: 1084.9652590855453
PROGRESS    Completed epoch 217 / 2000;    current loss: 101.21778106689453
INFO Gradient norm: 791.4997474513581
PROGRESS    Completed epoch 218 / 2000;    current loss: 100.48123168945312
INFO Gradient norm: 892.9172563900045
PROGRESS    Completed epoch 219 / 2000;    current loss: 99.58213806152344
INFO Gradient norm: 636.0098636236675
PROGRESS    Completed epoch 220 / 2000;    current loss: 98.88615417480469
INFO Gradient norm: 597.9583887094191
PROGRESS    Completed epoch 221 / 2000;    current loss: 98.07257080078125
INFO Gradient norm: 762.7237658529256
PROGRESS    Completed epoch 222 / 2000;    current loss: 97.10355377197266
INFO Gradient norm: 535.7340774480207
PROGRESS    Completed epoch 223 / 2000;    current loss: 96.437744140625
INFO Gradient norm: 483.40902589701477
PROGRESS    Completed epoch 224 / 2000;    current loss: 95.65399169921875
INFO Gradient norm: 490.24150775528227
PROGRESS    Completed epoch 225 / 2000;    current loss: 94.75708770751953
INFO Gradient norm: 577.2488649715076
PROGRESS    Completed epoch 226 / 2000;    current loss: 93.74732208251953
INFO Gradient norm: 497.4380119428896
PROGRESS    Completed epoch 227 / 2000;    current loss: 92.94599914550781
INFO Gradient norm: 450.42989109607254
PROGRESS    Completed epoch 228 / 2000;    current loss: 92.1322021484375
INFO Gradient norm: 447.61265967179975
PROGRESS    Completed epoch 229 / 2000;    current loss: 91.21533203125
INFO Gradient norm: 483.0796962768648
PROGRESS    Completed epoch 230 / 2000;    current loss: 90.20817565917969
INFO Gradient norm: 474.83533549652486
PROGRESS    Completed epoch 231 / 2000;    current loss: 89.28704833984375
INFO Gradient norm: 434.1014899730155
PROGRESS    Completed epoch 232 / 2000;    current loss: 88.432373046875
INFO Gradient norm: 434.95370773398196
PROGRESS    Completed epoch 233 / 2000;    current loss: 87.48135375976562
INFO Gradient norm: 483.1712088082984
PROGRESS    Completed epoch 234 / 2000;    current loss: 86.44091796875
INFO Gradient norm: 400.9194337367253
PROGRESS    Completed epoch 235 / 2000;    current loss: 85.67582702636719
INFO Gradient norm: 381.4781680562502
PROGRESS    Completed epoch 236 / 2000;    current loss: 84.79609680175781
INFO Gradient norm: 376.99861618991815
PROGRESS    Completed epoch 237 / 2000;    current loss: 83.84063720703125
INFO Gradient norm: 382.7219265082551
PROGRESS    Completed epoch 238 / 2000;    current loss: 82.82159423828125
INFO Gradient norm: 409.49476990993827
PROGRESS    Completed epoch 239 / 2000;    current loss: 81.7347412109375
INFO Gradient norm: 366.95607992851734
PROGRESS    Completed epoch 240 / 2000;    current loss: 80.9124755859375
INFO Gradient norm: 353.6624416816525
PROGRESS    Completed epoch 241 / 2000;    current loss: 80.01155853271484
INFO Gradient norm: 348.8213556031054
PROGRESS    Completed epoch 242 / 2000;    current loss: 79.04679870605469
INFO Gradient norm: 348.4806207166146
PROGRESS    Completed epoch 243 / 2000;    current loss: 78.0313720703125
INFO Gradient norm: 354.25881413703723
PROGRESS    Completed epoch 244 / 2000;    current loss: 76.96804809570312
INFO Gradient norm: 345.0675053284364
PROGRESS    Completed epoch 245 / 2000;    current loss: 76.03085327148438
INFO Gradient norm: 334.3151134398323
PROGRESS    Completed epoch 246 / 2000;    current loss: 75.1274185180664
INFO Gradient norm: 329.2311634030045
PROGRESS    Completed epoch 247 / 2000;    current loss: 74.16307830810547
INFO Gradient norm: 326.6431609069474
PROGRESS    Completed epoch 248 / 2000;    current loss: 73.15025329589844
INFO Gradient norm: 326.62828045668823
PROGRESS    Completed epoch 249 / 2000;    current loss: 72.09676361083984
INFO Gradient norm: 317.29268705313876
PROGRESS    Completed epoch 250 / 2000;    current loss: 71.181396484375
INFO Gradient norm: 310.37660574989036
PROGRESS    Completed epoch 251 / 2000;    current loss: 70.2528076171875
INFO Gradient norm: 305.24261476409157
PROGRESS    Completed epoch 252 / 2000;    current loss: 69.2765884399414
INFO Gradient norm: 300.77117695857805
PROGRESS    Completed epoch 253 / 2000;    current loss: 68.26425170898438
INFO Gradient norm: 296.70661309931614
PROGRESS    Completed epoch 254 / 2000;    current loss: 67.22327423095703
INFO Gradient norm: 293.2843025302109
PROGRESS    Completed epoch 255 / 2000;    current loss: 66.17469787597656
INFO Gradient norm: 287.59208909678784
PROGRESS    Completed epoch 256 / 2000;    current loss: 65.20541381835938
INFO Gradient norm: 283.5509139738699
PROGRESS    Completed epoch 257 / 2000;    current loss: 64.20294189453125
INFO Gradient norm: 278.8294478466487
PROGRESS    Completed epoch 258 / 2000;    current loss: 63.22727584838867
INFO Gradient norm: 274.6081692872085
PROGRESS    Completed epoch 259 / 2000;    current loss: 62.24734115600586
INFO Gradient norm: 270.82766575500295
PROGRESS    Completed epoch 260 / 2000;    current loss: 61.24226379394531
INFO Gradient norm: 267.08996168520446
PROGRESS    Completed epoch 261 / 2000;    current loss: 60.23563003540039
INFO Gradient norm: 263.4303265170284
PROGRESS    Completed epoch 262 / 2000;    current loss: 59.246788024902344
INFO Gradient norm: 259.9645048975181
PROGRESS    Completed epoch 263 / 2000;    current loss: 58.25479507446289
INFO Gradient norm: 256.69829343252115
PROGRESS    Completed epoch 264 / 2000;    current loss: 57.26304626464844
INFO Gradient norm: 253.5811135536661
PROGRESS    Completed epoch 265 / 2000;    current loss: 56.27595520019531
INFO Gradient norm: 250.556448725062
PROGRESS    Completed epoch 266 / 2000;    current loss: 55.28440856933594
INFO Gradient norm: 247.62520451991034
PROGRESS    Completed epoch 267 / 2000;    current loss: 54.30523681640625
INFO Gradient norm: 244.77533993350858
PROGRESS    Completed epoch 268 / 2000;    current loss: 53.32337188720703
INFO Gradient norm: 241.97165337862958
PROGRESS    Completed epoch 269 / 2000;    current loss: 52.329254150390625
INFO Gradient norm: 239.3620341268558
PROGRESS    Completed epoch 270 / 2000;    current loss: 51.37049102783203
INFO Gradient norm: 236.06392291272343
PROGRESS    Completed epoch 271 / 2000;    current loss: 50.400936126708984
INFO Gradient norm: 232.13640216690092
PROGRESS    Completed epoch 272 / 2000;    current loss: 49.419883728027344
INFO Gradient norm: 227.851864724462
PROGRESS    Completed epoch 273 / 2000;    current loss: 48.44731140136719
INFO Gradient norm: 224.00793660371917
PROGRESS    Completed epoch 274 / 2000;    current loss: 47.49293899536133
INFO Gradient norm: 220.4935183265711
PROGRESS    Completed epoch 275 / 2000;    current loss: 46.53178787231445
INFO Gradient norm: 217.30088680419797
PROGRESS    Completed epoch 276 / 2000;    current loss: 45.582618713378906
INFO Gradient norm: 214.4693033324726
PROGRESS    Completed epoch 277 / 2000;    current loss: 44.63566589355469
INFO Gradient norm: 211.9003654782003
PROGRESS    Completed epoch 278 / 2000;    current loss: 43.68466567993164
INFO Gradient norm: 209.6872155705278
PROGRESS    Completed epoch 279 / 2000;    current loss: 42.75716781616211
INFO Gradient norm: 207.62501178719674
PROGRESS    Completed epoch 280 / 2000;    current loss: 41.8284797668457
INFO Gradient norm: 205.24956926483884
PROGRESS    Completed epoch 281 / 2000;    current loss: 40.89910125732422
INFO Gradient norm: 202.24015786223146
PROGRESS    Completed epoch 282 / 2000;    current loss: 39.96696472167969
INFO Gradient norm: 199.55889362029075
PROGRESS    Completed epoch 283 / 2000;    current loss: 39.065181732177734
INFO Gradient norm: 197.09234632479635
PROGRESS    Completed epoch 284 / 2000;    current loss: 38.160850524902344
INFO Gradient norm: 194.47544730169605
PROGRESS    Completed epoch 285 / 2000;    current loss: 37.251487731933594
INFO Gradient norm: 191.99331019564593
PROGRESS    Completed epoch 286 / 2000;    current loss: 36.33875274658203
INFO Gradient norm: 189.91968560357518
PROGRESS    Completed epoch 287 / 2000;    current loss: 35.444976806640625
INFO Gradient norm: 187.11948171045768
PROGRESS    Completed epoch 288 / 2000;    current loss: 34.56037902832031
INFO Gradient norm: 183.98831840156436
PROGRESS    Completed epoch 289 / 2000;    current loss: 33.67339324951172
INFO Gradient norm: 181.2803613132479
PROGRESS    Completed epoch 290 / 2000;    current loss: 32.78632354736328
INFO Gradient norm: 178.81174680663932
PROGRESS    Completed epoch 291 / 2000;    current loss: 31.907268524169922
INFO Gradient norm: 176.6613206749621
PROGRESS    Completed epoch 292 / 2000;    current loss: 31.03797149658203
INFO Gradient norm: 174.84829704769936
PROGRESS    Completed epoch 293 / 2000;    current loss: 30.169349670410156
INFO Gradient norm: 173.76580950481863
PROGRESS    Completed epoch 294 / 2000;    current loss: 29.317541122436523
INFO Gradient norm: 171.82847027741084
PROGRESS    Completed epoch 295 / 2000;    current loss: 28.470285415649414
INFO Gradient norm: 168.73222866994763
PROGRESS    Completed epoch 296 / 2000;    current loss: 27.6182918548584
INFO Gradient norm: 165.49982267582737
PROGRESS    Completed epoch 297 / 2000;    current loss: 26.777183532714844
INFO Gradient norm: 163.0856574350174
PROGRESS    Completed epoch 298 / 2000;    current loss: 25.94914436340332
INFO Gradient norm: 160.8992584252068
PROGRESS    Completed epoch 299 / 2000;    current loss: 25.12354850769043
INFO Gradient norm: 158.54149505408398
PROGRESS    Completed epoch 300 / 2000;    current loss: 24.305042266845703
INFO Gradient norm: 156.21061582857484
PROGRESS    Completed epoch 301 / 2000;    current loss: 23.501859664916992
INFO Gradient norm: 154.69008402971374
PROGRESS    Completed epoch 302 / 2000;    current loss: 22.713069915771484
INFO Gradient norm: 151.99551736757383
PROGRESS    Completed epoch 303 / 2000;    current loss: 21.962095260620117
INFO Gradient norm: 148.62047124741824
PROGRESS    Completed epoch 304 / 2000;    current loss: 21.218103408813477
INFO Gradient norm: 145.24390561388128
PROGRESS    Completed epoch 305 / 2000;    current loss: 20.485727310180664
INFO Gradient norm: 142.17947646183447
PROGRESS    Completed epoch 306 / 2000;    current loss: 19.764808654785156
INFO Gradient norm: 139.11329389804757
PROGRESS    Completed epoch 307 / 2000;    current loss: 19.063440322875977
INFO Gradient norm: 136.64388517431146
PROGRESS    Completed epoch 308 / 2000;    current loss: 18.381166458129883
INFO Gradient norm: 134.48888610694334
PROGRESS    Completed epoch 309 / 2000;    current loss: 17.720108032226562
INFO Gradient norm: 132.83121964726297
PROGRESS    Completed epoch 310 / 2000;    current loss: 17.099178314208984
INFO Gradient norm: 130.16794946781854
PROGRESS    Completed epoch 311 / 2000;    current loss: 16.508941650390625
INFO Gradient norm: 126.48534766507667
PROGRESS    Completed epoch 312 / 2000;    current loss: 15.934470176696777
INFO Gradient norm: 122.96339637771703
PROGRESS    Completed epoch 313 / 2000;    current loss: 15.37393856048584
INFO Gradient norm: 119.59494702461153
PROGRESS    Completed epoch 314 / 2000;    current loss: 14.830047607421875
INFO Gradient norm: 115.98545629328866
PROGRESS    Completed epoch 315 / 2000;    current loss: 14.29062271118164
INFO Gradient norm: 112.7268315406676
PROGRESS    Completed epoch 316 / 2000;    current loss: 13.757912635803223
INFO Gradient norm: 110.20903485669866
PROGRESS    Completed epoch 317 / 2000;    current loss: 13.241488456726074
INFO Gradient norm: 107.5216432139867
PROGRESS    Completed epoch 318 / 2000;    current loss: 12.731325149536133
INFO Gradient norm: 105.88343693981635
PROGRESS    Completed epoch 319 / 2000;    current loss: 12.228813171386719
INFO Gradient norm: 104.72704090226236
PROGRESS    Completed epoch 320 / 2000;    current loss: 11.733968734741211
INFO Gradient norm: 102.87484279645797
PROGRESS    Completed epoch 321 / 2000;    current loss: 11.243422508239746
INFO Gradient norm: 99.15003218861814
PROGRESS    Completed epoch 322 / 2000;    current loss: 10.767123222351074
INFO Gradient norm: 95.74440238765033
PROGRESS    Completed epoch 323 / 2000;    current loss: 10.311179161071777
INFO Gradient norm: 93.21174737007395
PROGRESS    Completed epoch 324 / 2000;    current loss: 9.875768661499023
INFO Gradient norm: 89.72162148670878
PROGRESS    Completed epoch 325 / 2000;    current loss: 9.45513916015625
INFO Gradient norm: 88.5893202532998
PROGRESS    Completed epoch 326 / 2000;    current loss: 9.04438591003418
INFO Gradient norm: 85.97798612018317
PROGRESS    Completed epoch 327 / 2000;    current loss: 8.644790649414062
INFO Gradient norm: 84.54483087817209
PROGRESS    Completed epoch 328 / 2000;    current loss: 8.257070541381836
INFO Gradient norm: 82.46116349908804
PROGRESS    Completed epoch 329 / 2000;    current loss: 7.873072624206543
INFO Gradient norm: 77.83487573987092
PROGRESS    Completed epoch 330 / 2000;    current loss: 7.4846696853637695
INFO Gradient norm: 74.45639175124097
PROGRESS    Completed epoch 331 / 2000;    current loss: 7.115859031677246
INFO Gradient norm: 72.55646061692936
PROGRESS    Completed epoch 332 / 2000;    current loss: 6.77441930770874
INFO Gradient norm: 72.21010936934944
PROGRESS    Completed epoch 333 / 2000;    current loss: 6.446285247802734
INFO Gradient norm: 70.96603940040866
PROGRESS    Completed epoch 334 / 2000;    current loss: 6.120724678039551
INFO Gradient norm: 66.4153083745876
PROGRESS    Completed epoch 335 / 2000;    current loss: 5.804837703704834
INFO Gradient norm: 63.12894619995933
PROGRESS    Completed epoch 336 / 2000;    current loss: 5.494480609893799
INFO Gradient norm: 60.60681143631693
PROGRESS    Completed epoch 337 / 2000;    current loss: 5.205631256103516
INFO Gradient norm: 62.94600267931747
PROGRESS    Completed epoch 338 / 2000;    current loss: 4.929718017578125
INFO Gradient norm: 56.65646387652786
PROGRESS    Completed epoch 339 / 2000;    current loss: 4.658261775970459
INFO Gradient norm: 59.18269124687714
PROGRESS    Completed epoch 340 / 2000;    current loss: 4.408552169799805
INFO Gradient norm: 54.31837215367985
PROGRESS    Completed epoch 341 / 2000;    current loss: 4.158695697784424
INFO Gradient norm: 54.211901212743875
PROGRESS    Completed epoch 342 / 2000;    current loss: 3.9224610328674316
INFO Gradient norm: 48.32836497673723
PROGRESS    Completed epoch 343 / 2000;    current loss: 3.692622423171997
INFO Gradient norm: 56.282107174943924
PROGRESS    Completed epoch 344 / 2000;    current loss: 3.4840643405914307
INFO Gradient norm: 49.23412213566222
PROGRESS    Completed epoch 345 / 2000;    current loss: 3.279757022857666
INFO Gradient norm: 53.83028838694456
PROGRESS    Completed epoch 346 / 2000;    current loss: 3.0903897285461426
INFO Gradient norm: 46.13145328944309
PROGRESS    Completed epoch 347 / 2000;    current loss: 2.901127815246582
INFO Gradient norm: 64.77203229508389
PROGRESS    Completed epoch 348 / 2000;    current loss: 2.7488317489624023
INFO Gradient norm: 67.97476037915034
PROGRESS    Completed epoch 349 / 2000;    current loss: 2.5930449962615967
INFO Gradient norm: 36.419621419147816
PROGRESS    Completed epoch 350 / 2000;    current loss: 2.4225032329559326
INFO Gradient norm: 86.70268536365684
PROGRESS    Completed epoch 351 / 2000;    current loss: 2.2972302436828613
INFO Gradient norm: 59.969771887550245
PROGRESS    Completed epoch 352 / 2000;    current loss: 2.15804123878479
INFO Gradient norm: 73.96838832723073
PROGRESS    Completed epoch 353 / 2000;    current loss: 2.04805326461792
INFO Gradient norm: 90.60926168800376
PROGRESS    Completed epoch 354 / 2000;    current loss: 1.9418872594833374
INFO Gradient norm: 35.02641613014929
PROGRESS    Completed epoch 355 / 2000;    current loss: 1.8093185424804688
INFO Gradient norm: 58.50588267068226
PROGRESS    Completed epoch 356 / 2000;    current loss: 1.7142454385757446
INFO Gradient norm: 38.69409513386839
PROGRESS    Completed epoch 357 / 2000;    current loss: 1.611261248588562
INFO Gradient norm: 24.61150870976566
PROGRESS    Completed epoch 358 / 2000;    current loss: 1.5113338232040405
INFO Gradient norm: 95.27421140108252
PROGRESS    Completed epoch 359 / 2000;    current loss: 1.4540138244628906
INFO Gradient norm: 57.00743802957369
PROGRESS    Completed epoch 360 / 2000;    current loss: 1.356184959411621
INFO Gradient norm: 86.82607048018124
PROGRESS    Completed epoch 361 / 2000;    current loss: 1.3074924945831299
INFO Gradient norm: 98.00729594791288
PROGRESS    Completed epoch 362 / 2000;    current loss: 1.2534263134002686
INFO Gradient norm: 26.202404438910367
PROGRESS    Completed epoch 363 / 2000;    current loss: 1.1606029272079468
INFO Gradient norm: 95.0491192292435
PROGRESS    Completed epoch 364 / 2000;    current loss: 1.1220715045928955
INFO Gradient norm: 52.88759587064089
PROGRESS    Completed epoch 365 / 2000;    current loss: 1.049302339553833
INFO Gradient norm: 113.12759656125908
PROGRESS    Completed epoch 366 / 2000;    current loss: 1.0334726572036743
INFO Gradient norm: 125.64056328677977
PROGRESS    Completed epoch 367 / 2000;    current loss: 0.9955024123191833
INFO Gradient norm: 20.541284973774832
PROGRESS    Completed epoch 368 / 2000;    current loss: 0.9092296957969666
INFO Gradient norm: 77.59284167567039
PROGRESS    Completed epoch 369 / 2000;    current loss: 0.88331139087677
INFO Gradient norm: 30.81382393447246
PROGRESS    Completed epoch 370 / 2000;    current loss: 0.8317902088165283
INFO Gradient norm: 38.68117480779238
PROGRESS    Completed epoch 371 / 2000;    current loss: 0.8053377270698547
INFO Gradient norm: 65.23496856946477
PROGRESS    Completed epoch 372 / 2000;    current loss: 0.7875221967697144
INFO Gradient norm: 11.805079557241807
PROGRESS    Completed epoch 373 / 2000;    current loss: 0.7506293058395386
INFO Gradient norm: 88.1571945378409
PROGRESS    Completed epoch 374 / 2000;    current loss: 0.7470729351043701
INFO Gradient norm: 13.911153502011029
PROGRESS    Completed epoch 375 / 2000;    current loss: 0.7101208567619324
INFO Gradient norm: 35.91943765303404
PROGRESS    Completed epoch 376 / 2000;    current loss: 0.6915131211280823
INFO Gradient norm: 78.9732712787757
PROGRESS    Completed epoch 377 / 2000;    current loss: 0.688666582107544
INFO Gradient norm: 11.709701631240357
PROGRESS    Completed epoch 378 / 2000;    current loss: 0.6646210551261902
INFO Gradient norm: 36.59784621360026
PROGRESS    Completed epoch 379 / 2000;    current loss: 0.6563835740089417
INFO Gradient norm: 99.7151019402868
PROGRESS    Completed epoch 380 / 2000;    current loss: 0.6700260639190674
INFO Gradient norm: 38.30735500375508
PROGRESS    Completed epoch 381 / 2000;    current loss: 0.6465931534767151
INFO Gradient norm: 193.41573776089388
PROGRESS    Completed epoch 382 / 2000;    current loss: 0.7206871509552002
INFO Gradient norm: 192.66563673639652
PROGRESS    Completed epoch 383 / 2000;    current loss: 0.7201590538024902
INFO Gradient norm: 16.466675363317012
PROGRESS    Completed epoch 384 / 2000;    current loss: 0.643444299697876
INFO Gradient norm: 144.76570538302502
PROGRESS    Completed epoch 385 / 2000;    current loss: 0.6861444711685181
INFO Gradient norm: 85.25540155274447
PROGRESS    Completed epoch 386 / 2000;    current loss: 0.6435858011245728
INFO Gradient norm: 223.72530219767648
PROGRESS    Completed epoch 387 / 2000;    current loss: 0.7101582884788513
INFO Gradient norm: 283.74397954492065
PROGRESS    Completed epoch 388 / 2000;    current loss: 0.7490500211715698
INFO Gradient norm: 46.49074814108378
PROGRESS    Completed epoch 389 / 2000;    current loss: 0.6287059783935547
INFO Gradient norm: 304.3457411194416
PROGRESS    Completed epoch 390 / 2000;    current loss: 0.8333449363708496
INFO Gradient norm: 376.3805944605361
PROGRESS    Completed epoch 391 / 2000;    current loss: 0.9562095403671265
INFO Gradient norm: 280.88311189929397
PROGRESS    Completed epoch 392 / 2000;    current loss: 0.7916734218597412
INFO Gradient norm: 73.14126609311859
PROGRESS    Completed epoch 393 / 2000;    current loss: 0.6374009251594543
INFO Gradient norm: 162.95934867729983
PROGRESS    Completed epoch 394 / 2000;    current loss: 0.6693953275680542
INFO Gradient norm: 65.42419359468413
PROGRESS    Completed epoch 395 / 2000;    current loss: 0.6429292559623718
INFO Gradient norm: 27.530724745466365
PROGRESS    Completed epoch 396 / 2000;    current loss: 0.6365185379981995
INFO Gradient norm: 7.833135033996522
PROGRESS    Completed epoch 397 / 2000;    current loss: 0.6270120739936829
INFO Gradient norm: 14.084314030421274
PROGRESS    Completed epoch 398 / 2000;    current loss: 0.6269034743309021
INFO Gradient norm: 78.24466019471097
PROGRESS    Completed epoch 399 / 2000;    current loss: 0.6489437222480774
INFO Gradient norm: 49.46680371083089
PROGRESS    Completed epoch 400 / 2000;    current loss: 0.6481314897537231
INFO Gradient norm: 45.628716819191375
PROGRESS    Completed epoch 401 / 2000;    current loss: 0.6598750352859497
INFO Gradient norm: 63.87363975555906
PROGRESS    Completed epoch 402 / 2000;    current loss: 0.6673683524131775
INFO Gradient norm: 37.46391900517207
PROGRESS    Completed epoch 403 / 2000;    current loss: 0.6653323173522949
INFO Gradient norm: 59.75902268498277
PROGRESS    Completed epoch 404 / 2000;    current loss: 0.6648919582366943
INFO Gradient norm: 47.5764097274415
PROGRESS    Completed epoch 405 / 2000;    current loss: 0.6584198474884033
INFO Gradient norm: 48.780365557906194
PROGRESS    Completed epoch 406 / 2000;    current loss: 0.6486159563064575
INFO Gradient norm: 49.291321465956514
PROGRESS    Completed epoch 407 / 2000;    current loss: 0.6403648853302002
INFO Gradient norm: 60.643395452169216
PROGRESS    Completed epoch 408 / 2000;    current loss: 0.6321081519126892
INFO Gradient norm: 54.27190040942869
PROGRESS    Completed epoch 409 / 2000;    current loss: 0.628332257270813
INFO Gradient norm: 56.711538226719185
PROGRESS    Completed epoch 410 / 2000;    current loss: 0.6257868409156799
INFO Gradient norm: 50.01316864678035
PROGRESS    Completed epoch 411 / 2000;    current loss: 0.6248850226402283
INFO Gradient norm: 85.60063050882599
PROGRESS    Completed epoch 412 / 2000;    current loss: 0.6330907940864563
INFO Gradient norm: 35.70334493187723
PROGRESS    Completed epoch 413 / 2000;    current loss: 0.6250196695327759
INFO Gradient norm: 96.29056990595188
PROGRESS    Completed epoch 414 / 2000;    current loss: 0.6373178362846375
INFO Gradient norm: 38.49576465486556
PROGRESS    Completed epoch 415 / 2000;    current loss: 0.6284228563308716
INFO Gradient norm: 94.41186138222352
PROGRESS    Completed epoch 416 / 2000;    current loss: 0.640079140663147
INFO Gradient norm: 59.31867873990087
PROGRESS    Completed epoch 417 / 2000;    current loss: 0.6326178312301636
INFO Gradient norm: 60.487163554527086
PROGRESS    Completed epoch 418 / 2000;    current loss: 0.6301440596580505
INFO Gradient norm: 72.81992695264721
PROGRESS    Completed epoch 419 / 2000;    current loss: 0.6315003037452698
INFO Gradient norm: 58.668555084950235
PROGRESS    Completed epoch 420 / 2000;    current loss: 0.6239187717437744
INFO Gradient norm: 60.68773778139472
PROGRESS    Completed epoch 421 / 2000;    current loss: 0.6213508248329163
INFO Gradient norm: 72.30927245323764
PROGRESS    Completed epoch 422 / 2000;    current loss: 0.6196147799491882
INFO Gradient norm: 64.42270141768552
PROGRESS    Completed epoch 423 / 2000;    current loss: 0.622980535030365
INFO Gradient norm: 43.609851291309454
PROGRESS    Completed epoch 424 / 2000;    current loss: 0.6215553879737854
INFO Gradient norm: 65.89178490489645
PROGRESS    Completed epoch 425 / 2000;    current loss: 0.6275498270988464
INFO Gradient norm: 54.879728817371024
PROGRESS    Completed epoch 426 / 2000;    current loss: 0.6240600347518921
INFO Gradient norm: 48.50132786197397
PROGRESS    Completed epoch 427 / 2000;    current loss: 0.6220101118087769
INFO Gradient norm: 73.06645078262007
PROGRESS    Completed epoch 428 / 2000;    current loss: 0.6254791617393494
INFO Gradient norm: 36.21461329149816
PROGRESS    Completed epoch 429 / 2000;    current loss: 0.6170030236244202
INFO Gradient norm: 72.39213050463404
PROGRESS    Completed epoch 430 / 2000;    current loss: 0.6233572363853455
INFO Gradient norm: 63.11302327873734
PROGRESS    Completed epoch 431 / 2000;    current loss: 0.6245542168617249
INFO Gradient norm: 34.21619482409592
PROGRESS    Completed epoch 432 / 2000;    current loss: 0.6191685795783997
INFO Gradient norm: 73.22295002056858
PROGRESS    Completed epoch 433 / 2000;    current loss: 0.6274692416191101
INFO Gradient norm: 47.48824650771029
PROGRESS    Completed epoch 434 / 2000;    current loss: 0.6179847717285156
INFO Gradient norm: 50.91759189379203
PROGRESS    Completed epoch 435 / 2000;    current loss: 0.6161142587661743
INFO Gradient norm: 55.33696709011281
PROGRESS    Completed epoch 436 / 2000;    current loss: 0.6182332038879395
INFO Gradient norm: 67.57921897779343
PROGRESS    Completed epoch 437 / 2000;    current loss: 0.6238582730293274
INFO Gradient norm: 41.70176132897046
PROGRESS    Completed epoch 438 / 2000;    current loss: 0.6185707449913025
INFO Gradient norm: 60.725424413955196
PROGRESS    Completed epoch 439 / 2000;    current loss: 0.621975302696228
INFO Gradient norm: 75.33630831966175
PROGRESS    Completed epoch 440 / 2000;    current loss: 0.6242968440055847
INFO Gradient norm: 31.92915355595289
PROGRESS    Completed epoch 441 / 2000;    current loss: 0.6158993244171143
INFO Gradient norm: 87.63376163871321
PROGRESS    Completed epoch 442 / 2000;    current loss: 0.6263889074325562
INFO Gradient norm: 40.46853727768959
PROGRESS    Completed epoch 443 / 2000;    current loss: 0.6144299507141113
INFO Gradient norm: 65.41753146629401
PROGRESS    Completed epoch 444 / 2000;    current loss: 0.6169456839561462
INFO Gradient norm: 54.682341436385606
PROGRESS    Completed epoch 445 / 2000;    current loss: 0.6151626110076904
INFO Gradient norm: 55.326245596027455
PROGRESS    Completed epoch 446 / 2000;    current loss: 0.6165307760238647
INFO Gradient norm: 67.46899377599203
PROGRESS    Completed epoch 447 / 2000;    current loss: 0.6224735975265503
INFO Gradient norm: 46.215363202694675
PROGRESS    Completed epoch 448 / 2000;    current loss: 0.6175634860992432
INFO Gradient norm: 58.771122295853885
PROGRESS    Completed epoch 449 / 2000;    current loss: 0.6200157403945923
INFO Gradient norm: 52.82528368555997
PROGRESS    Completed epoch 450 / 2000;    current loss: 0.6196679472923279
INFO Gradient norm: 63.162628175869536
PROGRESS    Completed epoch 451 / 2000;    current loss: 0.624469518661499
INFO Gradient norm: 47.521407315744696
PROGRESS    Completed epoch 452 / 2000;    current loss: 0.6211800575256348
INFO Gradient norm: 54.02411707253353
PROGRESS    Completed epoch 453 / 2000;    current loss: 0.6220427751541138
INFO Gradient norm: 68.1271375131617
PROGRESS    Completed epoch 454 / 2000;    current loss: 0.6233230233192444
INFO Gradient norm: 42.120852291463315
PROGRESS    Completed epoch 455 / 2000;    current loss: 0.6172553300857544
INFO Gradient norm: 60.25060461668615
PROGRESS    Completed epoch 456 / 2000;    current loss: 0.6214774250984192
INFO Gradient norm: 60.195265857903735
PROGRESS    Completed epoch 457 / 2000;    current loss: 0.6227256059646606
INFO Gradient norm: 44.81688064623048
PROGRESS    Completed epoch 458 / 2000;    current loss: 0.6187807321548462
INFO Gradient norm: 58.55173873631429
PROGRESS    Completed epoch 459 / 2000;    current loss: 0.6201466917991638
INFO Gradient norm: 44.81880051383019
PROGRESS    Completed epoch 460 / 2000;    current loss: 0.6174993515014648
INFO Gradient norm: 67.82596637606649
PROGRESS    Completed epoch 461 / 2000;    current loss: 0.6243185997009277
INFO Gradient norm: 47.65865449999182
PROGRESS    Completed epoch 462 / 2000;    current loss: 0.6181643605232239
INFO Gradient norm: 53.68361896765709
PROGRESS    Completed epoch 463 / 2000;    current loss: 0.6182964444160461
INFO Gradient norm: 60.074250956562295
PROGRESS    Completed epoch 464 / 2000;    current loss: 0.6193841695785522
INFO Gradient norm: 60.08704355771337
PROGRESS    Completed epoch 465 / 2000;    current loss: 0.6219989657402039
INFO Gradient norm: 46.120720212096046
PROGRESS    Completed epoch 466 / 2000;    current loss: 0.6193922758102417
INFO Gradient norm: 59.33236400726693
PROGRESS    Completed epoch 467 / 2000;    current loss: 0.6215178370475769
INFO Gradient norm: 62.652900350851084
PROGRESS    Completed epoch 468 / 2000;    current loss: 0.6201812028884888
INFO Gradient norm: 44.39478435420888
PROGRESS    Completed epoch 469 / 2000;    current loss: 0.6153748631477356
INFO Gradient norm: 72.17075073100675
PROGRESS    Completed epoch 470 / 2000;    current loss: 0.6189718246459961
INFO Gradient norm: 47.63879858807641
PROGRESS    Completed epoch 471 / 2000;    current loss: 0.6128486394882202
INFO Gradient norm: 53.006247211553614
PROGRESS    Completed epoch 472 / 2000;    current loss: 0.613666296005249
INFO Gradient norm: 64.62632199009747
PROGRESS    Completed epoch 473 / 2000;    current loss: 0.616987407207489
INFO Gradient norm: 45.17154247526814
PROGRESS    Completed epoch 474 / 2000;    current loss: 0.6112402677536011
INFO Gradient norm: 63.542033915491835
PROGRESS    Completed epoch 475 / 2000;    current loss: 0.6148744821548462
INFO Gradient norm: 60.068346305762844
PROGRESS    Completed epoch 476 / 2000;    current loss: 0.6142950057983398
INFO Gradient norm: 49.194536450591045
PROGRESS    Completed epoch 477 / 2000;    current loss: 0.6136016845703125
INFO Gradient norm: 74.127134903012
PROGRESS    Completed epoch 478 / 2000;    current loss: 0.6184843182563782
INFO Gradient norm: 42.96287581935691
PROGRESS    Completed epoch 479 / 2000;    current loss: 0.6123650670051575
INFO Gradient norm: 69.12908663755111
PROGRESS    Completed epoch 480 / 2000;    current loss: 0.6169138550758362
INFO Gradient norm: 58.896475954444156
PROGRESS    Completed epoch 481 / 2000;    current loss: 0.6163087487220764
INFO Gradient norm: 46.150742755852356
PROGRESS    Completed epoch 482 / 2000;    current loss: 0.6138970851898193
INFO Gradient norm: 62.0103434293702
PROGRESS    Completed epoch 483 / 2000;    current loss: 0.6166018843650818
INFO Gradient norm: 56.315630119421414
PROGRESS    Completed epoch 484 / 2000;    current loss: 0.6128835678100586
INFO Gradient norm: 59.80275828097989
PROGRESS    Completed epoch 485 / 2000;    current loss: 0.6144967079162598
INFO Gradient norm: 53.02581599505044
PROGRESS    Completed epoch 486 / 2000;    current loss: 0.6118330359458923
INFO Gradient norm: 56.99673823441634
PROGRESS    Completed epoch 487 / 2000;    current loss: 0.6123085021972656
INFO Gradient norm: 49.59346789232881
PROGRESS    Completed epoch 488 / 2000;    current loss: 0.6116050481796265
INFO Gradient norm: 62.25763639571644
PROGRESS    Completed epoch 489 / 2000;    current loss: 0.6154108047485352
INFO Gradient norm: 51.79626830315963
PROGRESS    Completed epoch 490 / 2000;    current loss: 0.6120411157608032
INFO Gradient norm: 52.44662675629856
PROGRESS    Completed epoch 491 / 2000;    current loss: 0.6110298037528992
INFO Gradient norm: 62.02332323550276
PROGRESS    Completed epoch 492 / 2000;    current loss: 0.6119778156280518
INFO Gradient norm: 63.9729742274062
PROGRESS    Completed epoch 493 / 2000;    current loss: 0.6154652237892151
INFO Gradient norm: 43.87225221583166
PROGRESS    Completed epoch 494 / 2000;    current loss: 0.6111559867858887
INFO Gradient norm: 57.08427132945763
PROGRESS    Completed epoch 495 / 2000;    current loss: 0.613865852355957
INFO Gradient norm: 74.44826371304231
PROGRESS    Completed epoch 496 / 2000;    current loss: 0.6163264513015747
INFO Gradient norm: 32.465552580135565
PROGRESS    Completed epoch 497 / 2000;    current loss: 0.6079461574554443
INFO Gradient norm: 80.53764573886423
PROGRESS    Completed epoch 498 / 2000;    current loss: 0.6169450879096985
INFO Gradient norm: 48.97498290595379
PROGRESS    Completed epoch 499 / 2000;    current loss: 0.6115998029708862
INFO Gradient norm: 46.871368024389845
PROGRESS    Completed epoch 500 / 2000;    current loss: 0.6116661429405212
INFO Gradient norm: 64.8995580073064
PROGRESS    Completed epoch 501 / 2000;    current loss: 0.6152228713035583
INFO Gradient norm: 44.99871181129461
PROGRESS    Completed epoch 502 / 2000;    current loss: 0.6083135604858398
INFO Gradient norm: 50.331017563357584
PROGRESS    Completed epoch 503 / 2000;    current loss: 0.6087667346000671
INFO Gradient norm: 63.11393785154022
PROGRESS    Completed epoch 504 / 2000;    current loss: 0.6125457882881165
INFO Gradient norm: 52.14252989733618
PROGRESS    Completed epoch 505 / 2000;    current loss: 0.6124895811080933
INFO Gradient norm: 63.48876634624307
PROGRESS    Completed epoch 506 / 2000;    current loss: 0.6149972081184387
INFO Gradient norm: 50.83908611655548
PROGRESS    Completed epoch 507 / 2000;    current loss: 0.613544762134552
INFO Gradient norm: 62.97152720347139
PROGRESS    Completed epoch 508 / 2000;    current loss: 0.6151167154312134
INFO Gradient norm: 51.7605628946109
PROGRESS    Completed epoch 509 / 2000;    current loss: 0.6129497289657593
INFO Gradient norm: 61.18626459994399
PROGRESS    Completed epoch 510 / 2000;    current loss: 0.6131314635276794
INFO Gradient norm: 50.362069044051275
PROGRESS    Completed epoch 511 / 2000;    current loss: 0.6104491353034973
INFO Gradient norm: 61.059732390492336
PROGRESS    Completed epoch 512 / 2000;    current loss: 0.6114256381988525
INFO Gradient norm: 59.875136738559355
PROGRESS    Completed epoch 513 / 2000;    current loss: 0.6134340167045593
INFO Gradient norm: 40.845254809303576
PROGRESS    Completed epoch 514 / 2000;    current loss: 0.6097224354743958
INFO Gradient norm: 60.50993805235243
PROGRESS    Completed epoch 515 / 2000;    current loss: 0.6125921010971069
INFO Gradient norm: 56.39528195694586
PROGRESS    Completed epoch 516 / 2000;    current loss: 0.6088140606880188
INFO Gradient norm: 57.26114137553345
PROGRESS    Completed epoch 517 / 2000;    current loss: 0.6101721525192261
INFO Gradient norm: 52.28650825947132
PROGRESS    Completed epoch 518 / 2000;    current loss: 0.6080108880996704
INFO Gradient norm: 54.185929204900226
PROGRESS    Completed epoch 519 / 2000;    current loss: 0.6078161001205444
INFO Gradient norm: 54.667224027506045
PROGRESS    Completed epoch 520 / 2000;    current loss: 0.6076148152351379
INFO Gradient norm: 58.807053429384986
PROGRESS    Completed epoch 521 / 2000;    current loss: 0.609932541847229
INFO Gradient norm: 49.35135771234684
PROGRESS    Completed epoch 522 / 2000;    current loss: 0.607357382774353
INFO Gradient norm: 49.05434603268522
PROGRESS    Completed epoch 523 / 2000;    current loss: 0.6067119240760803
INFO Gradient norm: 73.28490668350692
PROGRESS    Completed epoch 524 / 2000;    current loss: 0.6109081506729126
INFO Gradient norm: 50.66493458199555
PROGRESS    Completed epoch 525 / 2000;    current loss: 0.6095162034034729
INFO Gradient norm: 51.769600524873404
PROGRESS    Completed epoch 526 / 2000;    current loss: 0.6108220219612122
INFO Gradient norm: 59.40116321286282
PROGRESS    Completed epoch 527 / 2000;    current loss: 0.6136601567268372
INFO Gradient norm: 54.39870861726236
PROGRESS    Completed epoch 528 / 2000;    current loss: 0.6110531091690063
INFO Gradient norm: 48.5584816641446
PROGRESS    Completed epoch 529 / 2000;    current loss: 0.6091777086257935
INFO Gradient norm: 70.83118833968564
PROGRESS    Completed epoch 530 / 2000;    current loss: 0.6115607619285583
INFO Gradient norm: 39.0823586001823
PROGRESS    Completed epoch 531 / 2000;    current loss: 0.6040352582931519
INFO Gradient norm: 59.325809347360064
PROGRESS    Completed epoch 532 / 2000;    current loss: 0.6074234247207642
INFO Gradient norm: 61.248526060985775
PROGRESS    Completed epoch 533 / 2000;    current loss: 0.6098189949989319
INFO Gradient norm: 48.93997413813497
PROGRESS    Completed epoch 534 / 2000;    current loss: 0.6085634827613831
INFO Gradient norm: 48.58090276094872
PROGRESS    Completed epoch 535 / 2000;    current loss: 0.6088311672210693
INFO Gradient norm: 67.9288110313275
PROGRESS    Completed epoch 536 / 2000;    current loss: 0.6121538877487183
INFO Gradient norm: 38.526146641023225
PROGRESS    Completed epoch 537 / 2000;    current loss: 0.6056223511695862
INFO Gradient norm: 61.05622466756223
PROGRESS    Completed epoch 538 / 2000;    current loss: 0.6095216274261475
INFO Gradient norm: 64.84332665180736
PROGRESS    Completed epoch 539 / 2000;    current loss: 0.6131214499473572
INFO Gradient norm: 32.210697751574365
PROGRESS    Completed epoch 540 / 2000;    current loss: 0.6061735153198242
INFO Gradient norm: 65.07723982957613
PROGRESS    Completed epoch 541 / 2000;    current loss: 0.6118242740631104
INFO Gradient norm: 50.05590872383012
PROGRESS    Completed epoch 542 / 2000;    current loss: 0.6056342124938965
INFO Gradient norm: 58.2315616471476
PROGRESS    Completed epoch 543 / 2000;    current loss: 0.6088698506355286
INFO Gradient norm: 48.33991592234279
PROGRESS    Completed epoch 544 / 2000;    current loss: 0.6062328219413757
INFO Gradient norm: 48.002040162665295
PROGRESS    Completed epoch 545 / 2000;    current loss: 0.6049150228500366
INFO Gradient norm: 59.16368238116243
PROGRESS    Completed epoch 546 / 2000;    current loss: 0.6067306995391846
INFO Gradient norm: 58.94566212656484
PROGRESS    Completed epoch 547 / 2000;    current loss: 0.6092893481254578
INFO Gradient norm: 44.113761325705646
PROGRESS    Completed epoch 548 / 2000;    current loss: 0.6058938503265381
INFO Gradient norm: 56.007747071584845
PROGRESS    Completed epoch 549 / 2000;    current loss: 0.6071857213973999
INFO Gradient norm: 62.88268771757164
PROGRESS    Completed epoch 550 / 2000;    current loss: 0.6054656505584717
INFO Gradient norm: 39.32762180823461
PROGRESS    Completed epoch 551 / 2000;    current loss: 0.5992827415466309
INFO Gradient norm: 57.273798640240216
PROGRESS    Completed epoch 552 / 2000;    current loss: 0.6052241325378418
INFO Gradient norm: 54.929546921193094
PROGRESS    Completed epoch 553 / 2000;    current loss: 0.6071304678916931
INFO Gradient norm: 46.55665170350749
PROGRESS    Completed epoch 554 / 2000;    current loss: 0.605710506439209
INFO Gradient norm: 52.139395295438966
PROGRESS    Completed epoch 555 / 2000;    current loss: 0.6057285666465759
INFO Gradient norm: 60.454459947046495
PROGRESS    Completed epoch 556 / 2000;    current loss: 0.6049875020980835
INFO Gradient norm: 40.627336835629535
PROGRESS    Completed epoch 557 / 2000;    current loss: 0.5990831851959229
INFO Gradient norm: 56.82817761396704
PROGRESS    Completed epoch 558 / 2000;    current loss: 0.6037972569465637
INFO Gradient norm: 62.647014178797924
PROGRESS    Completed epoch 559 / 2000;    current loss: 0.608420193195343
INFO Gradient norm: 38.23892832047261
PROGRESS    Completed epoch 560 / 2000;    current loss: 0.6034286022186279
INFO Gradient norm: 59.17158750159098
PROGRESS    Completed epoch 561 / 2000;    current loss: 0.6067293286323547
INFO Gradient norm: 61.71801932878615
PROGRESS    Completed epoch 562 / 2000;    current loss: 0.6042237877845764
INFO Gradient norm: 38.039900569809404
PROGRESS    Completed epoch 563 / 2000;    current loss: 0.5979588031768799
INFO Gradient norm: 52.24925790226723
PROGRESS    Completed epoch 564 / 2000;    current loss: 0.6020221710205078
INFO Gradient norm: 50.88623415389179
PROGRESS    Completed epoch 565 / 2000;    current loss: 0.6049039959907532
INFO Gradient norm: 56.87389685851759
PROGRESS    Completed epoch 566 / 2000;    current loss: 0.6074495315551758
INFO Gradient norm: 42.36158619086399
PROGRESS    Completed epoch 567 / 2000;    current loss: 0.6052326560020447
INFO Gradient norm: 62.52519308837665
PROGRESS    Completed epoch 568 / 2000;    current loss: 0.6084734797477722
INFO Gradient norm: 42.84225692841393
PROGRESS    Completed epoch 569 / 2000;    current loss: 0.6036508083343506
INFO Gradient norm: 56.202707400744714
PROGRESS    Completed epoch 570 / 2000;    current loss: 0.6042275428771973
INFO Gradient norm: 46.75821834982067
PROGRESS    Completed epoch 571 / 2000;    current loss: 0.6009771227836609
INFO Gradient norm: 47.370936783396566
PROGRESS    Completed epoch 572 / 2000;    current loss: 0.6009451746940613
INFO Gradient norm: 57.35300679100062
PROGRESS    Completed epoch 573 / 2000;    current loss: 0.6028001308441162
INFO Gradient norm: 36.18598094694763
PROGRESS    Completed epoch 574 / 2000;    current loss: 0.5988172292709351
INFO Gradient norm: 60.23895537584272
PROGRESS    Completed epoch 575 / 2000;    current loss: 0.6028473377227783
INFO Gradient norm: 37.30815925227465
PROGRESS    Completed epoch 576 / 2000;    current loss: 0.5980461835861206
INFO Gradient norm: 61.485096509216795
PROGRESS    Completed epoch 577 / 2000;    current loss: 0.6031760573387146
INFO Gradient norm: 53.230489792024116
PROGRESS    Completed epoch 578 / 2000;    current loss: 0.5985850095748901
INFO Gradient norm: 47.922470709272396
PROGRESS    Completed epoch 579 / 2000;    current loss: 0.5983549356460571
INFO Gradient norm: 64.54387852113902
PROGRESS    Completed epoch 580 / 2000;    current loss: 0.6021315455436707
INFO Gradient norm: 40.860600870548794
PROGRESS    Completed epoch 581 / 2000;    current loss: 0.5977256894111633
INFO Gradient norm: 65.11610393255165
PROGRESS    Completed epoch 582 / 2000;    current loss: 0.6022329330444336
INFO Gradient norm: 45.68850033214049
PROGRESS    Completed epoch 583 / 2000;    current loss: 0.5979308485984802
INFO Gradient norm: 53.21639492237895
PROGRESS    Completed epoch 584 / 2000;    current loss: 0.597912609577179
INFO Gradient norm: 58.2765309282387
PROGRESS    Completed epoch 585 / 2000;    current loss: 0.6002730131149292
INFO Gradient norm: 50.73103419658977
PROGRESS    Completed epoch 586 / 2000;    current loss: 0.5982125997543335
INFO Gradient norm: 49.74350720696447
PROGRESS    Completed epoch 587 / 2000;    current loss: 0.5992462038993835
INFO Gradient norm: 53.28985363370504
PROGRESS    Completed epoch 588 / 2000;    current loss: 0.5996248722076416
INFO Gradient norm: 49.78743498756362
PROGRESS    Completed epoch 589 / 2000;    current loss: 0.6002192497253418
INFO Gradient norm: 54.02301184106295
PROGRESS    Completed epoch 590 / 2000;    current loss: 0.6006017923355103
INFO Gradient norm: 48.57915638609109
PROGRESS    Completed epoch 591 / 2000;    current loss: 0.600136399269104
INFO Gradient norm: 51.18616959663909
PROGRESS    Completed epoch 592 / 2000;    current loss: 0.5996136665344238
INFO Gradient norm: 55.19792105330091
PROGRESS    Completed epoch 593 / 2000;    current loss: 0.6019482612609863
INFO Gradient norm: 48.06129926754004
PROGRESS    Completed epoch 594 / 2000;    current loss: 0.599331259727478
INFO Gradient norm: 49.47630155489838
PROGRESS    Completed epoch 595 / 2000;    current loss: 0.5994932651519775
INFO Gradient norm: 49.614028738468946
PROGRESS    Completed epoch 596 / 2000;    current loss: 0.5987286567687988
INFO Gradient norm: 55.41703222640486
PROGRESS    Completed epoch 597 / 2000;    current loss: 0.6009429097175598
INFO Gradient norm: 47.11779340718891
PROGRESS    Completed epoch 598 / 2000;    current loss: 0.5975584387779236
INFO Gradient norm: 54.39782225446661
PROGRESS    Completed epoch 599 / 2000;    current loss: 0.5996651649475098
INFO Gradient norm: 44.91539930114686
PROGRESS    Completed epoch 600 / 2000;    current loss: 0.5968036651611328
INFO Gradient norm: 52.42769876681478
PROGRESS    Completed epoch 601 / 2000;    current loss: 0.5982498526573181
INFO Gradient norm: 52.25477093966013
PROGRESS    Completed epoch 602 / 2000;    current loss: 0.5972095131874084
INFO Gradient norm: 45.23240704082237
PROGRESS    Completed epoch 603 / 2000;    current loss: 0.5951747298240662
INFO Gradient norm: 46.50990812746469
PROGRESS    Completed epoch 604 / 2000;    current loss: 0.5964995622634888
INFO Gradient norm: 53.54870375520942
PROGRESS    Completed epoch 605 / 2000;    current loss: 0.5980530977249146
INFO Gradient norm: 50.528460477433775
PROGRESS    Completed epoch 606 / 2000;    current loss: 0.5957536697387695
INFO Gradient norm: 43.069944347097646
PROGRESS    Completed epoch 607 / 2000;    current loss: 0.5925713777542114
INFO Gradient norm: 62.14222004809863
PROGRESS    Completed epoch 608 / 2000;    current loss: 0.5974681973457336
INFO Gradient norm: 43.512736757662225
PROGRESS    Completed epoch 609 / 2000;    current loss: 0.5948686599731445
INFO Gradient norm: 53.2871785005094
PROGRESS    Completed epoch 610 / 2000;    current loss: 0.59651118516922
INFO Gradient norm: 47.82436161010138
PROGRESS    Completed epoch 611 / 2000;    current loss: 0.5945681929588318
INFO Gradient norm: 51.42646520188994
PROGRESS    Completed epoch 612 / 2000;    current loss: 0.594372034072876
INFO Gradient norm: 58.202439054175024
PROGRESS    Completed epoch 613 / 2000;    current loss: 0.5974581837654114
INFO Gradient norm: 41.54974295443952
PROGRESS    Completed epoch 614 / 2000;    current loss: 0.592553436756134
INFO Gradient norm: 49.39792170657149
PROGRESS    Completed epoch 615 / 2000;    current loss: 0.593529224395752
INFO Gradient norm: 51.902913666617465
PROGRESS    Completed epoch 616 / 2000;    current loss: 0.5946500301361084
INFO Gradient norm: 41.49475849493823
PROGRESS    Completed epoch 617 / 2000;    current loss: 0.592375636100769
INFO Gradient norm: 47.78898749482816
PROGRESS    Completed epoch 618 / 2000;    current loss: 0.594484269618988
INFO Gradient norm: 54.90587464837213
PROGRESS    Completed epoch 619 / 2000;    current loss: 0.5972307920455933
INFO Gradient norm: 49.14692882808982
PROGRESS    Completed epoch 620 / 2000;    current loss: 0.5945608615875244
INFO Gradient norm: 42.017323618887616
PROGRESS    Completed epoch 621 / 2000;    current loss: 0.5918081402778625
INFO Gradient norm: 41.32907972585204
PROGRESS    Completed epoch 622 / 2000;    current loss: 0.594017505645752
INFO Gradient norm: 58.48990485645076
PROGRESS    Completed epoch 623 / 2000;    current loss: 0.5981180667877197
INFO Gradient norm: 40.278245196655504
PROGRESS    Completed epoch 624 / 2000;    current loss: 0.5925294160842896
INFO Gradient norm: 42.479972706513465
PROGRESS    Completed epoch 625 / 2000;    current loss: 0.5900886058807373
INFO Gradient norm: 48.348347662355444
PROGRESS    Completed epoch 626 / 2000;    current loss: 0.5942045450210571
INFO Gradient norm: 57.567914935081824
PROGRESS    Completed epoch 627 / 2000;    current loss: 0.5990901589393616
INFO Gradient norm: 45.11309691310226
PROGRESS    Completed epoch 628 / 2000;    current loss: 0.5964241027832031
INFO Gradient norm: 44.04863642728599
PROGRESS    Completed epoch 629 / 2000;    current loss: 0.595011830329895
INFO Gradient norm: 68.31657189372807
PROGRESS    Completed epoch 630 / 2000;    current loss: 0.5974336266517639
INFO Gradient norm: 29.617868092694234
PROGRESS    Completed epoch 631 / 2000;    current loss: 0.5880094766616821
INFO Gradient norm: 55.72095052314283
PROGRESS    Completed epoch 632 / 2000;    current loss: 0.5924108028411865
INFO Gradient norm: 45.68530660582196
PROGRESS    Completed epoch 633 / 2000;    current loss: 0.5937519073486328
INFO Gradient norm: 49.5232265847651
PROGRESS    Completed epoch 634 / 2000;    current loss: 0.5962312817573547
INFO Gradient norm: 41.68634345095875
PROGRESS    Completed epoch 635 / 2000;    current loss: 0.5947974920272827
INFO Gradient norm: 56.18380773843023
PROGRESS    Completed epoch 636 / 2000;    current loss: 0.5962492227554321
INFO Gradient norm: 34.13074409607818
PROGRESS    Completed epoch 637 / 2000;    current loss: 0.5905297994613647
INFO Gradient norm: 42.19489314391997
PROGRESS    Completed epoch 638 / 2000;    current loss: 0.5934837460517883
INFO Gradient norm: 63.641641463492796
PROGRESS    Completed epoch 639 / 2000;    current loss: 0.5998584032058716
INFO Gradient norm: 28.83995429721082
PROGRESS    Completed epoch 640 / 2000;    current loss: 0.5907121300697327
INFO Gradient norm: 52.581694209980114
PROGRESS    Completed epoch 641 / 2000;    current loss: 0.5923838019371033
INFO Gradient norm: 30.1948679563878
PROGRESS    Completed epoch 642 / 2000;    current loss: 0.5909978151321411
INFO Gradient norm: 61.13619341455801
PROGRESS    Completed epoch 643 / 2000;    current loss: 0.5983972549438477
INFO Gradient norm: 40.00213263508307
PROGRESS    Completed epoch 644 / 2000;    current loss: 0.5925270318984985
INFO Gradient norm: 39.283979778905575
PROGRESS    Completed epoch 645 / 2000;    current loss: 0.5894286036491394
INFO Gradient norm: 66.82513011486726
PROGRESS    Completed epoch 646 / 2000;    current loss: 0.5918071269989014
INFO Gradient norm: 52.12824550416134
PROGRESS    Completed epoch 647 / 2000;    current loss: 0.5920372009277344
INFO Gradient norm: 37.62958276483445
PROGRESS    Completed epoch 648 / 2000;    current loss: 0.5908055901527405
INFO Gradient norm: 49.30620735243698
PROGRESS    Completed epoch 649 / 2000;    current loss: 0.5937686562538147
INFO Gradient norm: 63.0799871925449
PROGRESS    Completed epoch 650 / 2000;    current loss: 0.5956982970237732
INFO Gradient norm: 28.728246966098794
PROGRESS    Completed epoch 651 / 2000;    current loss: 0.5890101194381714
INFO Gradient norm: 68.03424034528659
PROGRESS    Completed epoch 652 / 2000;    current loss: 0.5948242545127869
INFO Gradient norm: 37.98729342764996
PROGRESS    Completed epoch 653 / 2000;    current loss: 0.5872912406921387
INFO Gradient norm: 59.00097564483707
PROGRESS    Completed epoch 654 / 2000;    current loss: 0.5901083946228027
INFO Gradient norm: 38.740443717971836
PROGRESS    Completed epoch 655 / 2000;    current loss: 0.585486650466919
INFO Gradient norm: 60.317977345876024
PROGRESS    Completed epoch 656 / 2000;    current loss: 0.5878495573997498
INFO Gradient norm: 37.200087545049065
PROGRESS    Completed epoch 657 / 2000;    current loss: 0.5823878049850464
INFO Gradient norm: 45.12625893780439
PROGRESS    Completed epoch 658 / 2000;    current loss: 0.5851432085037231
INFO Gradient norm: 52.55769308181481
PROGRESS    Completed epoch 659 / 2000;    current loss: 0.587097704410553
INFO Gradient norm: 39.758330745749134
PROGRESS    Completed epoch 660 / 2000;    current loss: 0.5834661722183228
INFO Gradient norm: 51.9591831235109
PROGRESS    Completed epoch 661 / 2000;    current loss: 0.5855764746665955
INFO Gradient norm: 35.77154337905315
PROGRESS    Completed epoch 662 / 2000;    current loss: 0.5826912522315979
INFO Gradient norm: 55.93727363781576
PROGRESS    Completed epoch 663 / 2000;    current loss: 0.5867000222206116
INFO Gradient norm: 44.37074141260588
PROGRESS    Completed epoch 664 / 2000;    current loss: 0.5828553438186646
INFO Gradient norm: 44.214336920457086
PROGRESS    Completed epoch 665 / 2000;    current loss: 0.5824717879295349
INFO Gradient norm: 49.02044205917778
PROGRESS    Completed epoch 666 / 2000;    current loss: 0.5831689238548279
INFO Gradient norm: 50.930702956532734
PROGRESS    Completed epoch 667 / 2000;    current loss: 0.5839924812316895
INFO Gradient norm: 57.650982696334815
PROGRESS    Completed epoch 668 / 2000;    current loss: 0.5848209261894226
INFO Gradient norm: 32.80005640268852
PROGRESS    Completed epoch 669 / 2000;    current loss: 0.5800014734268188
INFO Gradient norm: 53.650438133384405
PROGRESS    Completed epoch 670 / 2000;    current loss: 0.5851014256477356
INFO Gradient norm: 51.44460666838192
PROGRESS    Completed epoch 671 / 2000;    current loss: 0.5856512784957886
INFO Gradient norm: 36.607224321799386
PROGRESS    Completed epoch 672 / 2000;    current loss: 0.5820160508155823
INFO Gradient norm: 48.21750060240383
PROGRESS    Completed epoch 673 / 2000;    current loss: 0.5817746520042419
INFO Gradient norm: 45.05002124876666
PROGRESS    Completed epoch 674 / 2000;    current loss: 0.5820102095603943
INFO Gradient norm: 48.71732209167221
PROGRESS    Completed epoch 675 / 2000;    current loss: 0.5851141214370728
INFO Gradient norm: 51.79064313283952
PROGRESS    Completed epoch 676 / 2000;    current loss: 0.5855340957641602
INFO Gradient norm: 34.448303660782145
PROGRESS    Completed epoch 677 / 2000;    current loss: 0.5818482041358948
INFO Gradient norm: 65.15647824084047
PROGRESS    Completed epoch 678 / 2000;    current loss: 0.5859077572822571
INFO Gradient norm: 32.501452635180556
PROGRESS    Completed epoch 679 / 2000;    current loss: 0.5779017806053162
INFO Gradient norm: 41.04072347270876
PROGRESS    Completed epoch 680 / 2000;    current loss: 0.5797253847122192
INFO Gradient norm: 50.99719927997193
PROGRESS    Completed epoch 681 / 2000;    current loss: 0.5814037322998047
INFO Gradient norm: 55.30074132736033
PROGRESS    Completed epoch 682 / 2000;    current loss: 0.582132875919342
INFO Gradient norm: 35.35311265090197
PROGRESS    Completed epoch 683 / 2000;    current loss: 0.5798484683036804
INFO Gradient norm: 59.602404257875754
PROGRESS    Completed epoch 684 / 2000;    current loss: 0.5843241214752197
INFO Gradient norm: 43.3079212791273
PROGRESS    Completed epoch 685 / 2000;    current loss: 0.5820571184158325
INFO Gradient norm: 38.90154106760708
PROGRESS    Completed epoch 686 / 2000;    current loss: 0.5809080600738525
INFO Gradient norm: 48.621575139076505
PROGRESS    Completed epoch 687 / 2000;    current loss: 0.5804341435432434
INFO Gradient norm: 22.96448469410615
PROGRESS    Completed epoch 688 / 2000;    current loss: 0.5786154270172119
INFO Gradient norm: 61.69471438118199
PROGRESS    Completed epoch 689 / 2000;    current loss: 0.5872636437416077
INFO Gradient norm: 43.53727349280308
PROGRESS    Completed epoch 690 / 2000;    current loss: 0.5808883905410767
INFO Gradient norm: 28.681144265838707
PROGRESS    Completed epoch 691 / 2000;    current loss: 0.5752854347229004
INFO Gradient norm: 48.77075568787074
PROGRESS    Completed epoch 692 / 2000;    current loss: 0.580572783946991
INFO Gradient norm: 50.997684609568644
PROGRESS    Completed epoch 693 / 2000;    current loss: 0.5825051665306091
INFO Gradient norm: 45.490246260071864
PROGRESS    Completed epoch 694 / 2000;    current loss: 0.5828436613082886
INFO Gradient norm: 29.427362462792843
PROGRESS    Completed epoch 695 / 2000;    current loss: 0.5790992975234985
INFO Gradient norm: 64.78062951241802
PROGRESS    Completed epoch 696 / 2000;    current loss: 0.5839966535568237
INFO Gradient norm: 25.745737148390347
PROGRESS    Completed epoch 697 / 2000;    current loss: 0.5740718245506287
INFO Gradient norm: 45.25628188085696
PROGRESS    Completed epoch 698 / 2000;    current loss: 0.5763570666313171
INFO Gradient norm: 62.16134901992906
PROGRESS    Completed epoch 699 / 2000;    current loss: 0.581412672996521
INFO Gradient norm: 18.72763851523242
PROGRESS    Completed epoch 700 / 2000;    current loss: 0.570478081703186
INFO Gradient norm: 52.374482990374
PROGRESS    Completed epoch 701 / 2000;    current loss: 0.5760424733161926
INFO Gradient norm: 50.95687649960133
PROGRESS    Completed epoch 702 / 2000;    current loss: 0.577092170715332
INFO Gradient norm: 24.53579458351659
PROGRESS    Completed epoch 703 / 2000;    current loss: 0.5724068284034729
INFO Gradient norm: 64.71821757442036
PROGRESS    Completed epoch 704 / 2000;    current loss: 0.5788044929504395
INFO Gradient norm: 48.19631110519119
PROGRESS    Completed epoch 705 / 2000;    current loss: 0.5771120190620422
INFO Gradient norm: 28.894014876120085
PROGRESS    Completed epoch 706 / 2000;    current loss: 0.5733972787857056
INFO Gradient norm: 54.17858287009296
PROGRESS    Completed epoch 707 / 2000;    current loss: 0.5767529606819153
INFO Gradient norm: 50.21818255318806
PROGRESS    Completed epoch 708 / 2000;    current loss: 0.5720080137252808
INFO Gradient norm: 40.926464809750904
PROGRESS    Completed epoch 709 / 2000;    current loss: 0.5707043409347534
INFO Gradient norm: 40.55834252438592
PROGRESS    Completed epoch 710 / 2000;    current loss: 0.5705891847610474
INFO Gradient norm: 32.1323495788612
PROGRESS    Completed epoch 711 / 2000;    current loss: 0.568329393863678
INFO Gradient norm: 53.15188637860754
PROGRESS    Completed epoch 712 / 2000;    current loss: 0.5725299119949341
INFO Gradient norm: 48.04828787094145
PROGRESS    Completed epoch 713 / 2000;    current loss: 0.5740673542022705
INFO Gradient norm: 34.33979920751075
PROGRESS    Completed epoch 714 / 2000;    current loss: 0.5711468458175659
INFO Gradient norm: 45.655840345581936
PROGRESS    Completed epoch 715 / 2000;    current loss: 0.5715423226356506
INFO Gradient norm: 53.44251340938912
PROGRESS    Completed epoch 716 / 2000;    current loss: 0.5699853301048279
INFO Gradient norm: 41.06023042650922
PROGRESS    Completed epoch 717 / 2000;    current loss: 0.5692209601402283
INFO Gradient norm: 38.00809777379484
PROGRESS    Completed epoch 718 / 2000;    current loss: 0.5684795379638672
INFO Gradient norm: 41.28666682069552
PROGRESS    Completed epoch 719 / 2000;    current loss: 0.5665900707244873
INFO Gradient norm: 41.54248583845289
PROGRESS    Completed epoch 720 / 2000;    current loss: 0.5651981234550476
INFO Gradient norm: 42.71468270578696
PROGRESS    Completed epoch 721 / 2000;    current loss: 0.5674975514411926
INFO Gradient norm: 55.16135500602824
PROGRESS    Completed epoch 722 / 2000;    current loss: 0.5698992609977722
INFO Gradient norm: 29.359427157247165
PROGRESS    Completed epoch 723 / 2000;    current loss: 0.5642188787460327
INFO Gradient norm: 47.640579537089096
PROGRESS    Completed epoch 724 / 2000;    current loss: 0.5674700140953064
INFO Gradient norm: 45.849359091347765
PROGRESS    Completed epoch 725 / 2000;    current loss: 0.5671619772911072
INFO Gradient norm: 37.3081826576222
PROGRESS    Completed epoch 726 / 2000;    current loss: 0.5640307664871216
INFO Gradient norm: 50.64670096880276
PROGRESS    Completed epoch 727 / 2000;    current loss: 0.5663967132568359
INFO Gradient norm: 31.81416012937775
PROGRESS    Completed epoch 728 / 2000;    current loss: 0.5619006156921387
INFO Gradient norm: 38.12213925300763
PROGRESS    Completed epoch 729 / 2000;    current loss: 0.5615791082382202
INFO Gradient norm: 40.937129304143625
PROGRESS    Completed epoch 730 / 2000;    current loss: 0.5656896829605103
INFO Gradient norm: 38.70016371665362
PROGRESS    Completed epoch 731 / 2000;    current loss: 0.5659224390983582
INFO Gradient norm: 47.33263316055864
PROGRESS    Completed epoch 732 / 2000;    current loss: 0.5663375854492188
INFO Gradient norm: 29.124085773830405
PROGRESS    Completed epoch 733 / 2000;    current loss: 0.5595296025276184
INFO Gradient norm: 35.7668835596183
PROGRESS    Completed epoch 734 / 2000;    current loss: 0.560383141040802
INFO Gradient norm: 47.79221751814371
PROGRESS    Completed epoch 735 / 2000;    current loss: 0.5653148293495178
INFO Gradient norm: 51.190372105705016
PROGRESS    Completed epoch 736 / 2000;    current loss: 0.5666405558586121
INFO Gradient norm: 23.93362660042399
PROGRESS    Completed epoch 737 / 2000;    current loss: 0.5613287687301636
INFO Gradient norm: 59.47978408048785
PROGRESS    Completed epoch 738 / 2000;    current loss: 0.5665390491485596
INFO Gradient norm: 48.472964263832125
PROGRESS    Completed epoch 739 / 2000;    current loss: 0.5665568709373474
INFO Gradient norm: 17.989175023396133
PROGRESS    Completed epoch 740 / 2000;    current loss: 0.5623007416725159
INFO Gradient norm: 54.799839002086955
PROGRESS    Completed epoch 741 / 2000;    current loss: 0.5673774480819702
INFO Gradient norm: 40.18071174691491
PROGRESS    Completed epoch 742 / 2000;    current loss: 0.5604434609413147
INFO Gradient norm: 31.989967015936987
PROGRESS    Completed epoch 743 / 2000;    current loss: 0.5564457774162292
INFO Gradient norm: 43.66163421287536
PROGRESS    Completed epoch 744 / 2000;    current loss: 0.5584492683410645
INFO Gradient norm: 30.69798294222206
PROGRESS    Completed epoch 745 / 2000;    current loss: 0.5550721883773804
INFO Gradient norm: 66.33629179165096
PROGRESS    Completed epoch 746 / 2000;    current loss: 0.5624788403511047
INFO Gradient norm: 24.556613927857118
PROGRESS    Completed epoch 747 / 2000;    current loss: 0.5562204718589783
INFO Gradient norm: 38.280453576090935
PROGRESS    Completed epoch 748 / 2000;    current loss: 0.5588870644569397
INFO Gradient norm: 47.276282991555036
PROGRESS    Completed epoch 749 / 2000;    current loss: 0.558404803276062
INFO Gradient norm: 33.686392083650766
PROGRESS    Completed epoch 750 / 2000;    current loss: 0.5517330765724182
INFO Gradient norm: 51.47812998229016
PROGRESS    Completed epoch 751 / 2000;    current loss: 0.5573444366455078
INFO Gradient norm: 27.66258039171777
PROGRESS    Completed epoch 752 / 2000;    current loss: 0.5539246201515198
INFO Gradient norm: 40.44937627945284
PROGRESS    Completed epoch 753 / 2000;    current loss: 0.5556527972221375
INFO Gradient norm: 61.5870364441102
PROGRESS    Completed epoch 754 / 2000;    current loss: 0.5581534504890442
INFO Gradient norm: 17.23019361318606
PROGRESS    Completed epoch 755 / 2000;    current loss: 0.5483697652816772
INFO Gradient norm: 45.734913187966356
PROGRESS    Completed epoch 756 / 2000;    current loss: 0.551770031452179
INFO Gradient norm: 44.1159899055595
PROGRESS    Completed epoch 757 / 2000;    current loss: 0.551211416721344
INFO Gradient norm: 39.779591054301505
PROGRESS    Completed epoch 758 / 2000;    current loss: 0.5497716069221497
INFO Gradient norm: 47.94470267762313
PROGRESS    Completed epoch 759 / 2000;    current loss: 0.5555438995361328
INFO Gradient norm: 33.48519207647913
PROGRESS    Completed epoch 760 / 2000;    current loss: 0.553711473941803
INFO Gradient norm: 35.2930145148385
PROGRESS    Completed epoch 761 / 2000;    current loss: 0.5528073906898499
INFO Gradient norm: 48.65089300336322
PROGRESS    Completed epoch 762 / 2000;    current loss: 0.5542882680892944
INFO Gradient norm: 38.18252176575778
PROGRESS    Completed epoch 763 / 2000;    current loss: 0.5531597137451172
INFO Gradient norm: 32.76907120067029
PROGRESS    Completed epoch 764 / 2000;    current loss: 0.5514699816703796
INFO Gradient norm: 38.422900772691754
PROGRESS    Completed epoch 765 / 2000;    current loss: 0.5492467880249023
INFO Gradient norm: 26.192183192857687
PROGRESS    Completed epoch 766 / 2000;    current loss: 0.5475703477859497
INFO Gradient norm: 52.85461859862047
PROGRESS    Completed epoch 767 / 2000;    current loss: 0.5536887049674988
INFO Gradient norm: 31.330478126267955
PROGRESS    Completed epoch 768 / 2000;    current loss: 0.5458853244781494
INFO Gradient norm: 26.354536700510693
PROGRESS    Completed epoch 769 / 2000;    current loss: 0.5411013960838318
INFO Gradient norm: 44.41838659108241
PROGRESS    Completed epoch 770 / 2000;    current loss: 0.5434622764587402
INFO Gradient norm: 33.0782449900994
PROGRESS    Completed epoch 771 / 2000;    current loss: 0.5398526787757874
INFO Gradient norm: 49.67916648715618
PROGRESS    Completed epoch 772 / 2000;    current loss: 0.5438072085380554
INFO Gradient norm: 22.970615894702824
PROGRESS    Completed epoch 773 / 2000;    current loss: 0.5390103459358215
INFO Gradient norm: 46.20431777393439
PROGRESS    Completed epoch 774 / 2000;    current loss: 0.5417501330375671
INFO Gradient norm: 43.49614991393307
PROGRESS    Completed epoch 775 / 2000;    current loss: 0.5406199097633362
INFO Gradient norm: 23.967536761065546
PROGRESS    Completed epoch 776 / 2000;    current loss: 0.5358555912971497
INFO Gradient norm: 46.55092521757118
PROGRESS    Completed epoch 777 / 2000;    current loss: 0.5385358333587646
INFO Gradient norm: 30.60887803446713
PROGRESS    Completed epoch 778 / 2000;    current loss: 0.5375733375549316
INFO Gradient norm: 36.09066501620644
PROGRESS    Completed epoch 779 / 2000;    current loss: 0.5386838316917419
INFO Gradient norm: 56.09709632031267
PROGRESS    Completed epoch 780 / 2000;    current loss: 0.541152834892273
INFO Gradient norm: 17.54809134825498
PROGRESS    Completed epoch 781 / 2000;    current loss: 0.5320158004760742
INFO Gradient norm: 31.60377220448526
PROGRESS    Completed epoch 782 / 2000;    current loss: 0.5348120927810669
INFO Gradient norm: 49.72808879340623
PROGRESS    Completed epoch 783 / 2000;    current loss: 0.5376650094985962
INFO Gradient norm: 33.561741109213465
PROGRESS    Completed epoch 784 / 2000;    current loss: 0.5327358841896057
INFO Gradient norm: 38.19180528864983
PROGRESS    Completed epoch 785 / 2000;    current loss: 0.5366771817207336
INFO Gradient norm: 37.59412063255755
PROGRESS    Completed epoch 786 / 2000;    current loss: 0.5377615690231323
INFO Gradient norm: 25.41789290237245
PROGRESS    Completed epoch 787 / 2000;    current loss: 0.5342158079147339
INFO Gradient norm: 52.10972669646366
PROGRESS    Completed epoch 788 / 2000;    current loss: 0.5366123914718628
INFO Gradient norm: 35.452801061970405
PROGRESS    Completed epoch 789 / 2000;    current loss: 0.5340830087661743
INFO Gradient norm: 23.768478741188144
PROGRESS    Completed epoch 790 / 2000;    current loss: 0.531433641910553
INFO Gradient norm: 41.14273682547963
PROGRESS    Completed epoch 791 / 2000;    current loss: 0.5311180949211121
INFO Gradient norm: 29.75521972145636
PROGRESS    Completed epoch 792 / 2000;    current loss: 0.5264459848403931
INFO Gradient norm: 43.823019157852215
PROGRESS    Completed epoch 793 / 2000;    current loss: 0.5291547179222107
INFO Gradient norm: 35.34901700899071
PROGRESS    Completed epoch 794 / 2000;    current loss: 0.5239723324775696
INFO Gradient norm: 30.70875747486271
PROGRESS    Completed epoch 795 / 2000;    current loss: 0.5224199295043945
INFO Gradient norm: 42.43069039787733
PROGRESS    Completed epoch 796 / 2000;    current loss: 0.5252725481987
INFO Gradient norm: 17.292912377592323
PROGRESS    Completed epoch 797 / 2000;    current loss: 0.5181657075881958
INFO Gradient norm: 27.38846276119256
PROGRESS    Completed epoch 798 / 2000;    current loss: 0.5209237337112427
INFO Gradient norm: 45.577350259972015
PROGRESS    Completed epoch 799 / 2000;    current loss: 0.5266329050064087
INFO Gradient norm: 35.242374467369075
PROGRESS    Completed epoch 800 / 2000;    current loss: 0.5232853889465332
INFO Gradient norm: 19.267249287556957
PROGRESS    Completed epoch 801 / 2000;    current loss: 0.5172640085220337
INFO Gradient norm: 21.072504746795612
PROGRESS    Completed epoch 802 / 2000;    current loss: 0.5219181776046753
INFO Gradient norm: 51.46112227794241
PROGRESS    Completed epoch 803 / 2000;    current loss: 0.5295609831809998
INFO Gradient norm: 20.082985351688468
PROGRESS    Completed epoch 804 / 2000;    current loss: 0.5214475989341736
INFO Gradient norm: 26.256315873481455
PROGRESS    Completed epoch 805 / 2000;    current loss: 0.5177029967308044
INFO Gradient norm: 52.518969949603054
PROGRESS    Completed epoch 806 / 2000;    current loss: 0.5178689956665039
INFO Gradient norm: 37.19091696098224
PROGRESS    Completed epoch 807 / 2000;    current loss: 0.5172828435897827
INFO Gradient norm: 22.828551106486117
PROGRESS    Completed epoch 808 / 2000;    current loss: 0.5155249834060669
INFO Gradient norm: 31.386971157887235
PROGRESS    Completed epoch 809 / 2000;    current loss: 0.5154376029968262
INFO Gradient norm: 50.56188286299568
PROGRESS    Completed epoch 810 / 2000;    current loss: 0.5157497525215149
INFO Gradient norm: 7.954200601479323
PROGRESS    Completed epoch 811 / 2000;    current loss: 0.5046101212501526
INFO Gradient norm: 38.77427164312865
PROGRESS    Completed epoch 812 / 2000;    current loss: 0.5046099424362183
INFO Gradient norm: 46.02609381854863
PROGRESS    Completed epoch 813 / 2000;    current loss: 0.507152795791626
INFO Gradient norm: 15.408529489686565
PROGRESS    Completed epoch 814 / 2000;    current loss: 0.5006514191627502
INFO Gradient norm: 50.38043864077033
PROGRESS    Completed epoch 815 / 2000;    current loss: 0.5108659267425537
INFO Gradient norm: 23.290002730954612
PROGRESS    Completed epoch 816 / 2000;    current loss: 0.5048420429229736
INFO Gradient norm: 21.059161439038913
PROGRESS    Completed epoch 817 / 2000;    current loss: 0.5011091828346252
INFO Gradient norm: 37.445200070724376
PROGRESS    Completed epoch 818 / 2000;    current loss: 0.5032692551612854
INFO Gradient norm: 32.33432178899467
PROGRESS    Completed epoch 819 / 2000;    current loss: 0.500103235244751
INFO Gradient norm: 24.518126643385674
PROGRESS    Completed epoch 820 / 2000;    current loss: 0.49466273188591003
INFO Gradient norm: 17.27715152738127
PROGRESS    Completed epoch 821 / 2000;    current loss: 0.4909730851650238
INFO Gradient norm: 39.065797178537096
PROGRESS    Completed epoch 822 / 2000;    current loss: 0.4942638874053955
INFO Gradient norm: 27.48812568366795
PROGRESS    Completed epoch 823 / 2000;    current loss: 0.49002575874328613
INFO Gradient norm: 22.386091994120175
PROGRESS    Completed epoch 824 / 2000;    current loss: 0.4860774874687195
INFO Gradient norm: 52.27635152060648
PROGRESS    Completed epoch 825 / 2000;    current loss: 0.4948408305644989
INFO Gradient norm: 9.131619175387977
PROGRESS    Completed epoch 826 / 2000;    current loss: 0.4828212261199951
INFO Gradient norm: 8.728421604555935
PROGRESS    Completed epoch 827 / 2000;    current loss: 0.4765871465206146
INFO Gradient norm: 49.570140123010816
PROGRESS    Completed epoch 828 / 2000;    current loss: 0.48822516202926636
INFO Gradient norm: 15.863663045553475
PROGRESS    Completed epoch 829 / 2000;    current loss: 0.48459237813949585
INFO Gradient norm: 25.152958446512873
PROGRESS    Completed epoch 830 / 2000;    current loss: 0.48593026399612427
INFO Gradient norm: 37.986867772326505
PROGRESS    Completed epoch 831 / 2000;    current loss: 0.4839664399623871
INFO Gradient norm: 30.002656073891075
PROGRESS    Completed epoch 832 / 2000;    current loss: 0.4775221049785614
INFO Gradient norm: 10.449012781441677
PROGRESS    Completed epoch 833 / 2000;    current loss: 0.46632611751556396
INFO Gradient norm: 10.594789149181274
PROGRESS    Completed epoch 834 / 2000;    current loss: 0.4711318016052246
INFO Gradient norm: 77.17946538278399
PROGRESS    Completed epoch 835 / 2000;    current loss: 0.4933343529701233
INFO Gradient norm: 35.83285873288884
PROGRESS    Completed epoch 836 / 2000;    current loss: 0.4820244610309601
INFO Gradient norm: 86.34261016733672
PROGRESS    Completed epoch 837 / 2000;    current loss: 0.508958101272583
INFO Gradient norm: 71.51033857934308
PROGRESS    Completed epoch 838 / 2000;    current loss: 0.4990411400794983
INFO Gradient norm: 58.49473201491394
PROGRESS    Completed epoch 839 / 2000;    current loss: 0.4885158836841583
INFO Gradient norm: 55.064874108402115
PROGRESS    Completed epoch 840 / 2000;    current loss: 0.48665016889572144
INFO Gradient norm: 60.150932953092195
PROGRESS    Completed epoch 841 / 2000;    current loss: 0.49139291048049927
INFO Gradient norm: 44.14480973985955
PROGRESS    Completed epoch 842 / 2000;    current loss: 0.48330065608024597
INFO Gradient norm: 85.29028994940957
PROGRESS    Completed epoch 843 / 2000;    current loss: 0.49923184514045715
INFO Gradient norm: 77.9557798117282
PROGRESS    Completed epoch 844 / 2000;    current loss: 0.494084894657135
INFO Gradient norm: 42.378708906453014
PROGRESS    Completed epoch 845 / 2000;    current loss: 0.4802524149417877
INFO Gradient norm: 32.55424041667761
PROGRESS    Completed epoch 846 / 2000;    current loss: 0.4763258397579193
INFO Gradient norm: 85.89776894372339
PROGRESS    Completed epoch 847 / 2000;    current loss: 0.4961511790752411
INFO Gradient norm: 69.65901143133594
PROGRESS    Completed epoch 848 / 2000;    current loss: 0.485664427280426
INFO Gradient norm: 56.03644546731451
PROGRESS    Completed epoch 849 / 2000;    current loss: 0.48134273290634155
INFO Gradient norm: 51.25169326812008
PROGRESS    Completed epoch 850 / 2000;    current loss: 0.4777143895626068
INFO Gradient norm: 64.87998596622526
PROGRESS    Completed epoch 851 / 2000;    current loss: 0.47916674613952637
INFO Gradient norm: 52.89025365502523
PROGRESS    Completed epoch 852 / 2000;    current loss: 0.47296634316444397
INFO Gradient norm: 65.4599782345453
PROGRESS    Completed epoch 853 / 2000;    current loss: 0.48134273290634155
INFO Gradient norm: 55.811855144823305
PROGRESS    Completed epoch 854 / 2000;    current loss: 0.4748285412788391
INFO Gradient norm: 64.80464207030435
PROGRESS    Completed epoch 855 / 2000;    current loss: 0.4742490351200104
INFO Gradient norm: 56.181766430032006
PROGRESS    Completed epoch 856 / 2000;    current loss: 0.46913933753967285
INFO Gradient norm: 60.179478050296396
PROGRESS    Completed epoch 857 / 2000;    current loss: 0.47310003638267517
INFO Gradient norm: 49.079104021129815
PROGRESS    Completed epoch 858 / 2000;    current loss: 0.46628960967063904
INFO Gradient norm: 72.47959201582748
PROGRESS    Completed epoch 859 / 2000;    current loss: 0.4725532531738281
INFO Gradient norm: 64.04860237518442
PROGRESS    Completed epoch 860 / 2000;    current loss: 0.46724075078964233
INFO Gradient norm: 53.029882382723734
PROGRESS    Completed epoch 861 / 2000;    current loss: 0.46454092860221863
INFO Gradient norm: 42.83414460419059
PROGRESS    Completed epoch 862 / 2000;    current loss: 0.4591596722602844
INFO Gradient norm: 71.26592951619617
PROGRESS    Completed epoch 863 / 2000;    current loss: 0.46875566244125366
INFO Gradient norm: 55.852397301655415
PROGRESS    Completed epoch 864 / 2000;    current loss: 0.4615188241004944
INFO Gradient norm: 64.67566454680747
PROGRESS    Completed epoch 865 / 2000;    current loss: 0.46929025650024414
INFO Gradient norm: 57.718530103604095
PROGRESS    Completed epoch 866 / 2000;    current loss: 0.4652159810066223
INFO Gradient norm: 59.207698927631036
PROGRESS    Completed epoch 867 / 2000;    current loss: 0.46202734112739563
INFO Gradient norm: 47.57647619308974
PROGRESS    Completed epoch 868 / 2000;    current loss: 0.45755451917648315
INFO Gradient norm: 64.2736791653813
PROGRESS    Completed epoch 869 / 2000;    current loss: 0.46730178594589233
INFO Gradient norm: 55.68632275439635
PROGRESS    Completed epoch 870 / 2000;    current loss: 0.46223410964012146
INFO Gradient norm: 50.988783269561
PROGRESS    Completed epoch 871 / 2000;    current loss: 0.4589545428752899
INFO Gradient norm: 25.511171858910647
PROGRESS    Completed epoch 872 / 2000;    current loss: 0.45629969239234924
INFO Gradient norm: 78.0675600644393
PROGRESS    Completed epoch 873 / 2000;    current loss: 0.4804840683937073
INFO Gradient norm: 59.11597081301471
PROGRESS    Completed epoch 874 / 2000;    current loss: 0.4672406315803528
INFO Gradient norm: 67.3548931268438
PROGRESS    Completed epoch 875 / 2000;    current loss: 0.46587830781936646
INFO Gradient norm: 66.40012121041566
PROGRESS    Completed epoch 876 / 2000;    current loss: 0.4640527367591858
INFO Gradient norm: 43.680678733162566
PROGRESS    Completed epoch 877 / 2000;    current loss: 0.4558408856391907
INFO Gradient norm: 30.134991055050676
PROGRESS    Completed epoch 878 / 2000;    current loss: 0.45003148913383484
INFO Gradient norm: 87.64008598312581
PROGRESS    Completed epoch 879 / 2000;    current loss: 0.4716467559337616
INFO Gradient norm: 72.70011533730305
PROGRESS    Completed epoch 880 / 2000;    current loss: 0.46171388030052185
INFO Gradient norm: 46.52344858007396
PROGRESS    Completed epoch 881 / 2000;    current loss: 0.4511374533176422
INFO Gradient norm: 40.50151960125885
PROGRESS    Completed epoch 882 / 2000;    current loss: 0.4484449028968811
INFO Gradient norm: 63.01101249748968
PROGRESS    Completed epoch 883 / 2000;    current loss: 0.4568023085594177
INFO Gradient norm: 31.390135742648383
PROGRESS    Completed epoch 884 / 2000;    current loss: 0.45060738921165466
INFO Gradient norm: 79.99086959923969
PROGRESS    Completed epoch 885 / 2000;    current loss: 0.4753519892692566
INFO Gradient norm: 67.83509409455546
PROGRESS    Completed epoch 886 / 2000;    current loss: 0.4660511612892151
INFO Gradient norm: 46.07099184535224
PROGRESS    Completed epoch 887 / 2000;    current loss: 0.45234909653663635
INFO Gradient norm: 40.353570211712125
PROGRESS    Completed epoch 888 / 2000;    current loss: 0.44962528347969055
INFO Gradient norm: 51.84582830488828
PROGRESS    Completed epoch 889 / 2000;    current loss: 0.4532269239425659
INFO Gradient norm: 41.19976113364396
PROGRESS    Completed epoch 890 / 2000;    current loss: 0.45306316018104553
INFO Gradient norm: 62.15144248561854
PROGRESS    Completed epoch 891 / 2000;    current loss: 0.4659900367259979
INFO Gradient norm: 46.54384406436994
PROGRESS    Completed epoch 892 / 2000;    current loss: 0.4636894762516022
INFO Gradient norm: 61.561734443628595
PROGRESS    Completed epoch 893 / 2000;    current loss: 0.4742203652858734
INFO Gradient norm: 52.61214896084795
PROGRESS    Completed epoch 894 / 2000;    current loss: 0.4711664915084839
INFO Gradient norm: 55.89156508440719
PROGRESS    Completed epoch 895 / 2000;    current loss: 0.47204285860061646
INFO Gradient norm: 48.04013647266122
PROGRESS    Completed epoch 896 / 2000;    current loss: 0.46914976835250854
INFO Gradient norm: 53.93368581516717
PROGRESS    Completed epoch 897 / 2000;    current loss: 0.4725533723831177
INFO Gradient norm: 42.27066986935264
PROGRESS    Completed epoch 898 / 2000;    current loss: 0.4665638208389282
INFO Gradient norm: 66.35381162830033
PROGRESS    Completed epoch 899 / 2000;    current loss: 0.4745684266090393
INFO Gradient norm: 58.201606898875525
PROGRESS    Completed epoch 900 / 2000;    current loss: 0.4693946838378906
INFO Gradient norm: 46.54234563687227
PROGRESS    Completed epoch 901 / 2000;    current loss: 0.4651923179626465
INFO Gradient norm: 39.39941532903704
PROGRESS    Completed epoch 902 / 2000;    current loss: 0.46124884486198425
INFO Gradient norm: 60.85563637038547
PROGRESS    Completed epoch 903 / 2000;    current loss: 0.4676781892776489
INFO Gradient norm: 46.550278333077145
PROGRESS    Completed epoch 904 / 2000;    current loss: 0.46062421798706055
INFO Gradient norm: 57.72159731096581
PROGRESS    Completed epoch 905 / 2000;    current loss: 0.4658645987510681
INFO Gradient norm: 50.71127772875246
PROGRESS    Completed epoch 906 / 2000;    current loss: 0.460132360458374
INFO Gradient norm: 51.80501759432712
PROGRESS    Completed epoch 907 / 2000;    current loss: 0.45624327659606934
INFO Gradient norm: 39.122843511091276
PROGRESS    Completed epoch 908 / 2000;    current loss: 0.4508335292339325
INFO Gradient norm: 58.16696186596306
PROGRESS    Completed epoch 909 / 2000;    current loss: 0.4580461084842682
INFO Gradient norm: 59.926924823098254
PROGRESS    Completed epoch 910 / 2000;    current loss: 0.46161603927612305
INFO Gradient norm: 30.96462221008821
PROGRESS    Completed epoch 911 / 2000;    current loss: 0.450985312461853
INFO Gradient norm: 30.63129962081965
PROGRESS    Completed epoch 912 / 2000;    current loss: 0.4479966163635254
INFO Gradient norm: 69.26561029922999
PROGRESS    Completed epoch 913 / 2000;    current loss: 0.46729809045791626
INFO Gradient norm: 60.809467467775654
PROGRESS    Completed epoch 914 / 2000;    current loss: 0.4626348912715912
INFO Gradient norm: 43.868950345402624
PROGRESS    Completed epoch 915 / 2000;    current loss: 0.4521905183792114
INFO Gradient norm: 42.35019492372479
PROGRESS    Completed epoch 916 / 2000;    current loss: 0.44982385635375977
INFO Gradient norm: 47.520988771259816
PROGRESS    Completed epoch 917 / 2000;    current loss: 0.4502134323120117
INFO Gradient norm: 43.29173293829094
PROGRESS    Completed epoch 918 / 2000;    current loss: 0.449664831161499
INFO Gradient norm: 56.12270316906616
PROGRESS    Completed epoch 919 / 2000;    current loss: 0.45413920283317566
INFO Gradient norm: 34.13143625784669
PROGRESS    Completed epoch 920 / 2000;    current loss: 0.44997695088386536
INFO Gradient norm: 62.166958063370345
PROGRESS    Completed epoch 921 / 2000;    current loss: 0.4620111882686615
INFO Gradient norm: 49.62241146314484
PROGRESS    Completed epoch 922 / 2000;    current loss: 0.4532894492149353
INFO Gradient norm: 44.95365227815925
PROGRESS    Completed epoch 923 / 2000;    current loss: 0.45154044032096863
INFO Gradient norm: 24.036427664434267
PROGRESS    Completed epoch 924 / 2000;    current loss: 0.4498322010040283
INFO Gradient norm: 68.95890877607205
PROGRESS    Completed epoch 925 / 2000;    current loss: 0.46915072202682495
INFO Gradient norm: 50.21575296669945
PROGRESS    Completed epoch 926 / 2000;    current loss: 0.4560987651348114
INFO Gradient norm: 66.25352671743777
PROGRESS    Completed epoch 927 / 2000;    current loss: 0.4583336412906647
INFO Gradient norm: 64.65414490127361
PROGRESS    Completed epoch 928 / 2000;    current loss: 0.4556737244129181
INFO Gradient norm: 36.9530302446589
PROGRESS    Completed epoch 929 / 2000;    current loss: 0.4447765052318573
INFO Gradient norm: 27.58875757449398
PROGRESS    Completed epoch 930 / 2000;    current loss: 0.4399050176143646
INFO Gradient norm: 53.31938663116509
PROGRESS    Completed epoch 931 / 2000;    current loss: 0.4509229362010956
INFO Gradient norm: 21.080378578379694
PROGRESS    Completed epoch 932 / 2000;    current loss: 0.44569483399391174
INFO Gradient norm: 76.31674442059091
PROGRESS    Completed epoch 933 / 2000;    current loss: 0.47052183747291565
INFO Gradient norm: 65.90032428809324
PROGRESS    Completed epoch 934 / 2000;    current loss: 0.46208512783050537
INFO Gradient norm: 38.60567457971266
PROGRESS    Completed epoch 935 / 2000;    current loss: 0.44736024737358093
INFO Gradient norm: 50.66637885936785
PROGRESS    Completed epoch 936 / 2000;    current loss: 0.44678816199302673
INFO Gradient norm: 32.96937935532318
PROGRESS    Completed epoch 937 / 2000;    current loss: 0.436928391456604
INFO Gradient norm: 31.154682914806173
PROGRESS    Completed epoch 938 / 2000;    current loss: 0.43692252039909363
INFO Gradient norm: 54.98293361330824
PROGRESS    Completed epoch 939 / 2000;    current loss: 0.4464834928512573
INFO Gradient norm: 28.02754586102159
PROGRESS    Completed epoch 940 / 2000;    current loss: 0.4401862621307373
INFO Gradient norm: 64.81356678457341
PROGRESS    Completed epoch 941 / 2000;    current loss: 0.45683059096336365
INFO Gradient norm: 44.915971699295035
PROGRESS    Completed epoch 942 / 2000;    current loss: 0.44560080766677856
INFO Gradient norm: 67.35569625052271
PROGRESS    Completed epoch 943 / 2000;    current loss: 0.45458149909973145
INFO Gradient norm: 43.47834991279661
PROGRESS    Completed epoch 944 / 2000;    current loss: 0.45153379440307617
INFO Gradient norm: 58.28545447096569
PROGRESS    Completed epoch 945 / 2000;    current loss: 0.4631592035293579
INFO Gradient norm: 52.63222108120233
PROGRESS    Completed epoch 946 / 2000;    current loss: 0.4629257023334503
INFO Gradient norm: 44.80909847061394
PROGRESS    Completed epoch 947 / 2000;    current loss: 0.46048253774642944
INFO Gradient norm: 44.771342569754154
PROGRESS    Completed epoch 948 / 2000;    current loss: 0.4585747718811035
INFO Gradient norm: 38.64551355654037
PROGRESS    Completed epoch 949 / 2000;    current loss: 0.4522140622138977
INFO Gradient norm: 24.65314339432349
PROGRESS    Completed epoch 950 / 2000;    current loss: 0.4440212547779083
INFO Gradient norm: 70.81692733615459
PROGRESS    Completed epoch 951 / 2000;    current loss: 0.4575519561767578
INFO Gradient norm: 50.092639230088196
PROGRESS    Completed epoch 952 / 2000;    current loss: 0.4455309808254242
INFO Gradient norm: 66.15403983716628
PROGRESS    Completed epoch 953 / 2000;    current loss: 0.45920345187187195
INFO Gradient norm: 70.3105862736728
PROGRESS    Completed epoch 954 / 2000;    current loss: 0.46266427636146545
INFO Gradient norm: 21.165940602205975
PROGRESS    Completed epoch 955 / 2000;    current loss: 0.4388365149497986
INFO Gradient norm: 29.44960634848482
PROGRESS    Completed epoch 956 / 2000;    current loss: 0.43475884199142456
INFO Gradient norm: 64.40591315845874
PROGRESS    Completed epoch 957 / 2000;    current loss: 0.45288482308387756
INFO Gradient norm: 61.02107433354288
PROGRESS    Completed epoch 958 / 2000;    current loss: 0.45314228534698486
INFO Gradient norm: 29.45967023815214
PROGRESS    Completed epoch 959 / 2000;    current loss: 0.44014254212379456
INFO Gradient norm: 34.60457691187043
PROGRESS    Completed epoch 960 / 2000;    current loss: 0.4382413625717163
INFO Gradient norm: 37.16177642920836
PROGRESS    Completed epoch 961 / 2000;    current loss: 0.43291032314300537
INFO Gradient norm: 29.951987654131823
PROGRESS    Completed epoch 962 / 2000;    current loss: 0.43064042925834656
INFO Gradient norm: 61.41140175527291
PROGRESS    Completed epoch 963 / 2000;    current loss: 0.4421152174472809
INFO Gradient norm: 35.72795217863749
PROGRESS    Completed epoch 964 / 2000;    current loss: 0.43556034564971924
INFO Gradient norm: 59.86471412208857
PROGRESS    Completed epoch 965 / 2000;    current loss: 0.4467127323150635
INFO Gradient norm: 51.751346614213226
PROGRESS    Completed epoch 966 / 2000;    current loss: 0.4401887357234955
INFO Gradient norm: 46.00747193443851
PROGRESS    Completed epoch 967 / 2000;    current loss: 0.4333995580673218
INFO Gradient norm: 34.52288659049711
PROGRESS    Completed epoch 968 / 2000;    current loss: 0.42957842350006104
INFO Gradient norm: 48.4619271224201
PROGRESS    Completed epoch 969 / 2000;    current loss: 0.43442994356155396
INFO Gradient norm: 37.409115980526316
PROGRESS    Completed epoch 970 / 2000;    current loss: 0.4322474002838135
INFO Gradient norm: 54.669998846897464
PROGRESS    Completed epoch 971 / 2000;    current loss: 0.44172781705856323
INFO Gradient norm: 43.39107442201232
PROGRESS    Completed epoch 972 / 2000;    current loss: 0.4397948384284973
INFO Gradient norm: 47.29759273253805
PROGRESS    Completed epoch 973 / 2000;    current loss: 0.4423708915710449
INFO Gradient norm: 36.81504933470704
PROGRESS    Completed epoch 974 / 2000;    current loss: 0.43724972009658813
INFO Gradient norm: 54.840412733944156
PROGRESS    Completed epoch 975 / 2000;    current loss: 0.4432520270347595
INFO Gradient norm: 44.91340937506947
PROGRESS    Completed epoch 976 / 2000;    current loss: 0.4380577504634857
INFO Gradient norm: 47.132654583169995
PROGRESS    Completed epoch 977 / 2000;    current loss: 0.43788275122642517
INFO Gradient norm: 38.994510218312335
PROGRESS    Completed epoch 978 / 2000;    current loss: 0.4319872260093689
INFO Gradient norm: 31.70872177840887
PROGRESS    Completed epoch 979 / 2000;    current loss: 0.43459025025367737
INFO Gradient norm: 18.013164187246492
PROGRESS    Completed epoch 980 / 2000;    current loss: 0.4322530925273895
INFO Gradient norm: 58.31749391962583
PROGRESS    Completed epoch 981 / 2000;    current loss: 0.4436730742454529
INFO Gradient norm: 38.16061344571256
PROGRESS    Completed epoch 982 / 2000;    current loss: 0.43055588006973267
INFO Gradient norm: 40.84575891892135
PROGRESS    Completed epoch 983 / 2000;    current loss: 0.43729016184806824
INFO Gradient norm: 26.00245327291201
PROGRESS    Completed epoch 984 / 2000;    current loss: 0.43671828508377075
INFO Gradient norm: 56.0752560479828
PROGRESS    Completed epoch 985 / 2000;    current loss: 0.44761142134666443
INFO Gradient norm: 39.7554706523626
PROGRESS    Completed epoch 986 / 2000;    current loss: 0.4372619688510895
INFO Gradient norm: 61.62826588605719
PROGRESS    Completed epoch 987 / 2000;    current loss: 0.44310659170150757
INFO Gradient norm: 59.34568215576454
PROGRESS    Completed epoch 988 / 2000;    current loss: 0.4393964111804962
INFO Gradient norm: 31.20958667031905
PROGRESS    Completed epoch 989 / 2000;    current loss: 0.42697492241859436
INFO Gradient norm: 25.717687406370487
PROGRESS    Completed epoch 990 / 2000;    current loss: 0.4223727881908417
INFO Gradient norm: 38.14641820001034
PROGRESS    Completed epoch 991 / 2000;    current loss: 0.4284639060497284
INFO Gradient norm: 12.88044377565037
PROGRESS    Completed epoch 992 / 2000;    current loss: 0.4234102666378021
INFO Gradient norm: 60.83062093956977
PROGRESS    Completed epoch 993 / 2000;    current loss: 0.43744611740112305
INFO Gradient norm: 22.41471752163334
PROGRESS    Completed epoch 994 / 2000;    current loss: 0.42011046409606934
INFO Gradient norm: 69.14560735378164
PROGRESS    Completed epoch 995 / 2000;    current loss: 0.44301465153694153
INFO Gradient norm: 57.50682104259607
PROGRESS    Completed epoch 996 / 2000;    current loss: 0.4395849108695984
INFO Gradient norm: 39.25284552701037
PROGRESS    Completed epoch 997 / 2000;    current loss: 0.4343876838684082
INFO Gradient norm: 38.20023015070688
PROGRESS    Completed epoch 998 / 2000;    current loss: 0.43498802185058594
INFO Gradient norm: 44.69449119359166
PROGRESS    Completed epoch 999 / 2000;    current loss: 0.4371171295642853
INFO Gradient norm: 31.207556141506934
PROGRESS    Completed epoch 1000 / 2000;    current loss: 0.43142491579055786
INFO Gradient norm: 48.71855772353373
PROGRESS    Completed epoch 1001 / 2000;    current loss: 0.43314382433891296
INFO Gradient norm: 32.583798231413724
PROGRESS    Completed epoch 1002 / 2000;    current loss: 0.4208822548389435
INFO Gradient norm: 29.72277746008784
PROGRESS    Completed epoch 1003 / 2000;    current loss: 0.4264255166053772
INFO Gradient norm: 12.554527370083848
PROGRESS    Completed epoch 1004 / 2000;    current loss: 0.4253721535205841
INFO Gradient norm: 51.646682447695476
PROGRESS    Completed epoch 1005 / 2000;    current loss: 0.4363120496273041
INFO Gradient norm: 16.43067257685112
PROGRESS    Completed epoch 1006 / 2000;    current loss: 0.4228234887123108
INFO Gradient norm: 86.90953873237875
PROGRESS    Completed epoch 1007 / 2000;    current loss: 0.4521280527114868
INFO Gradient norm: 79.09220204428769
PROGRESS    Completed epoch 1008 / 2000;    current loss: 0.4453691840171814
INFO Gradient norm: 22.841447959787313
PROGRESS    Completed epoch 1009 / 2000;    current loss: 0.4214261770248413
INFO Gradient norm: 35.210280645712146
PROGRESS    Completed epoch 1010 / 2000;    current loss: 0.4245850443840027
INFO Gradient norm: 34.97475419383031
PROGRESS    Completed epoch 1011 / 2000;    current loss: 0.4220169484615326
INFO Gradient norm: 17.537691498345776
PROGRESS    Completed epoch 1012 / 2000;    current loss: 0.4150490462779999
INFO Gradient norm: 67.44422125853359
PROGRESS    Completed epoch 1013 / 2000;    current loss: 0.4358145594596863
INFO Gradient norm: 41.735103660917204
PROGRESS    Completed epoch 1014 / 2000;    current loss: 0.42061376571655273
INFO Gradient norm: 48.51580911754043
PROGRESS    Completed epoch 1015 / 2000;    current loss: 0.4286319613456726
INFO Gradient norm: 36.680506675328026
PROGRESS    Completed epoch 1016 / 2000;    current loss: 0.4317547082901001
INFO Gradient norm: 40.87517421452439
PROGRESS    Completed epoch 1017 / 2000;    current loss: 0.43516242504119873
INFO Gradient norm: 28.900966978796912
PROGRESS    Completed epoch 1018 / 2000;    current loss: 0.43141910433769226
INFO Gradient norm: 54.02139326522431
PROGRESS    Completed epoch 1019 / 2000;    current loss: 0.44036874175071716
INFO Gradient norm: 40.83338840163068
PROGRESS    Completed epoch 1020 / 2000;    current loss: 0.4331018328666687
INFO Gradient norm: 44.173909745447084
PROGRESS    Completed epoch 1021 / 2000;    current loss: 0.43144863843917847
INFO Gradient norm: 35.493182074938275
PROGRESS    Completed epoch 1022 / 2000;    current loss: 0.42420893907546997
INFO Gradient norm: 52.37729155522018
PROGRESS    Completed epoch 1023 / 2000;    current loss: 0.42654040455818176
INFO Gradient norm: 40.31087533869596
PROGRESS    Completed epoch 1024 / 2000;    current loss: 0.419320285320282
INFO Gradient norm: 52.95821815369224
PROGRESS    Completed epoch 1025 / 2000;    current loss: 0.4262820780277252
INFO Gradient norm: 48.037569736252124
PROGRESS    Completed epoch 1026 / 2000;    current loss: 0.42167937755584717
INFO Gradient norm: 30.130826785005336
PROGRESS    Completed epoch 1027 / 2000;    current loss: 0.4142121970653534
INFO Gradient norm: 21.851127956711675
PROGRESS    Completed epoch 1028 / 2000;    current loss: 0.4116126298904419
INFO Gradient norm: 41.18599396720888
PROGRESS    Completed epoch 1029 / 2000;    current loss: 0.4146275222301483
INFO Gradient norm: 35.21367075187953
PROGRESS    Completed epoch 1030 / 2000;    current loss: 0.41657546162605286
INFO Gradient norm: 47.19311569384719
PROGRESS    Completed epoch 1031 / 2000;    current loss: 0.4246950149536133
INFO Gradient norm: 34.20158988941077
PROGRESS    Completed epoch 1032 / 2000;    current loss: 0.42397528886795044
INFO Gradient norm: 44.70390857509099
PROGRESS    Completed epoch 1033 / 2000;    current loss: 0.42866063117980957
INFO Gradient norm: 30.09664725820163
PROGRESS    Completed epoch 1034 / 2000;    current loss: 0.4210256338119507
INFO Gradient norm: 56.32744567117232
PROGRESS    Completed epoch 1035 / 2000;    current loss: 0.43026861548423767
INFO Gradient norm: 28.686941031784976
PROGRESS    Completed epoch 1036 / 2000;    current loss: 0.425203800201416
INFO Gradient norm: 57.62207359284268
PROGRESS    Completed epoch 1037 / 2000;    current loss: 0.4393118619918823
INFO Gradient norm: 52.277964077494104
PROGRESS    Completed epoch 1038 / 2000;    current loss: 0.4358412027359009
INFO Gradient norm: 31.859149198341438
PROGRESS    Completed epoch 1039 / 2000;    current loss: 0.42547106742858887
INFO Gradient norm: 40.22034800900464
PROGRESS    Completed epoch 1040 / 2000;    current loss: 0.42249369621276855
INFO Gradient norm: 27.603203128094947
PROGRESS    Completed epoch 1041 / 2000;    current loss: 0.4114375412464142
INFO Gradient norm: 30.79835677262329
PROGRESS    Completed epoch 1042 / 2000;    current loss: 0.41233325004577637
INFO Gradient norm: 32.71588809839172
PROGRESS    Completed epoch 1043 / 2000;    current loss: 0.4147705137729645
INFO Gradient norm: 18.66305745551157
PROGRESS    Completed epoch 1044 / 2000;    current loss: 0.4094257056713104
INFO Gradient norm: 58.47448519378459
PROGRESS    Completed epoch 1045 / 2000;    current loss: 0.42199742794036865
INFO Gradient norm: 50.244145761907625
PROGRESS    Completed epoch 1046 / 2000;    current loss: 0.4149323105812073
INFO Gradient norm: 19.06574556686814
PROGRESS    Completed epoch 1047 / 2000;    current loss: 0.40728017687797546
INFO Gradient norm: 16.657905632592062
PROGRESS    Completed epoch 1048 / 2000;    current loss: 0.40661898255348206
INFO Gradient norm: 41.257483227795284
PROGRESS    Completed epoch 1049 / 2000;    current loss: 0.4090041518211365
INFO Gradient norm: 36.62726529397429
PROGRESS    Completed epoch 1050 / 2000;    current loss: 0.41009101271629333
INFO Gradient norm: 47.666007405395405
PROGRESS    Completed epoch 1051 / 2000;    current loss: 0.4153526723384857
INFO Gradient norm: 38.140631669244
PROGRESS    Completed epoch 1052 / 2000;    current loss: 0.4137442409992218
INFO Gradient norm: 31.64067365173609
PROGRESS    Completed epoch 1053 / 2000;    current loss: 0.41266584396362305
INFO Gradient norm: 12.64257974440118
PROGRESS    Completed epoch 1054 / 2000;    current loss: 0.4075797200202942
INFO Gradient norm: 68.59309195759958
PROGRESS    Completed epoch 1055 / 2000;    current loss: 0.4260106682777405
INFO Gradient norm: 50.205143380084934
PROGRESS    Completed epoch 1056 / 2000;    current loss: 0.41330933570861816
INFO Gradient norm: 46.27517075072593
PROGRESS    Completed epoch 1057 / 2000;    current loss: 0.4115331172943115
INFO Gradient norm: 47.2502510526775
PROGRESS    Completed epoch 1058 / 2000;    current loss: 0.4095424711704254
INFO Gradient norm: 11.233015274654228
PROGRESS    Completed epoch 1059 / 2000;    current loss: 0.40418538451194763
INFO Gradient norm: 11.17745048169471
PROGRESS    Completed epoch 1060 / 2000;    current loss: 0.4038388431072235
INFO Gradient norm: 33.497682773048496
PROGRESS    Completed epoch 1061 / 2000;    current loss: 0.40415987372398376
INFO Gradient norm: 10.226631732471398
PROGRESS    Completed epoch 1062 / 2000;    current loss: 0.395040899515152
INFO Gradient norm: 22.750717785729947
PROGRESS    Completed epoch 1063 / 2000;    current loss: 0.3976868689060211
INFO Gradient norm: 17.748802032903786
PROGRESS    Completed epoch 1064 / 2000;    current loss: 0.39668262004852295
INFO Gradient norm: 12.163915756735877
PROGRESS    Completed epoch 1065 / 2000;    current loss: 0.392578661441803
INFO Gradient norm: 12.45450300141252
PROGRESS    Completed epoch 1066 / 2000;    current loss: 0.3927963674068451
INFO Gradient norm: 22.397414790041793
PROGRESS    Completed epoch 1067 / 2000;    current loss: 0.39501187205314636
INFO Gradient norm: 21.60417003935593
PROGRESS    Completed epoch 1068 / 2000;    current loss: 0.3915136158466339
INFO Gradient norm: 24.830227733972976
PROGRESS    Completed epoch 1069 / 2000;    current loss: 0.3942573666572571
INFO Gradient norm: 11.048499904274031
PROGRESS    Completed epoch 1070 / 2000;    current loss: 0.39258068799972534
INFO Gradient norm: 11.536133525906408
PROGRESS    Completed epoch 1071 / 2000;    current loss: 0.3879384696483612
INFO Gradient norm: 26.536869624001756
PROGRESS    Completed epoch 1072 / 2000;    current loss: 0.3883509337902069
INFO Gradient norm: 22.68531968610685
PROGRESS    Completed epoch 1073 / 2000;    current loss: 0.3888604938983917
INFO Gradient norm: 11.026458012601799
PROGRESS    Completed epoch 1074 / 2000;    current loss: 0.3845541775226593
INFO Gradient norm: 22.332513009778562
PROGRESS    Completed epoch 1075 / 2000;    current loss: 0.38697606325149536
INFO Gradient norm: 16.78439561473418
PROGRESS    Completed epoch 1076 / 2000;    current loss: 0.3860093057155609
INFO Gradient norm: 9.750093814040188
PROGRESS    Completed epoch 1077 / 2000;    current loss: 0.37950658798217773
INFO Gradient norm: 10.490492859856191
PROGRESS    Completed epoch 1078 / 2000;    current loss: 0.3813841938972473
INFO Gradient norm: 41.57838319306143
PROGRESS    Completed epoch 1079 / 2000;    current loss: 0.39236724376678467
INFO Gradient norm: 10.878549995571737
PROGRESS    Completed epoch 1080 / 2000;    current loss: 0.3862794041633606
INFO Gradient norm: 47.25473131937357
PROGRESS    Completed epoch 1081 / 2000;    current loss: 0.39817970991134644
INFO Gradient norm: 17.748833731948196
PROGRESS    Completed epoch 1082 / 2000;    current loss: 0.3851599097251892
INFO Gradient norm: 63.82437719206742
PROGRESS    Completed epoch 1083 / 2000;    current loss: 0.4044228792190552
INFO Gradient norm: 37.14344708739517
PROGRESS    Completed epoch 1084 / 2000;    current loss: 0.39664968848228455
INFO Gradient norm: 48.54874059956308
PROGRESS    Completed epoch 1085 / 2000;    current loss: 0.40639328956604004
INFO Gradient norm: 50.21085258068464
PROGRESS    Completed epoch 1086 / 2000;    current loss: 0.40960484743118286
INFO Gradient norm: 20.774503126998752
PROGRESS    Completed epoch 1087 / 2000;    current loss: 0.39822399616241455
INFO Gradient norm: 27.922275905207197
PROGRESS    Completed epoch 1088 / 2000;    current loss: 0.395522803068161
INFO Gradient norm: 26.056214801471334
PROGRESS    Completed epoch 1089 / 2000;    current loss: 0.3870423436164856
INFO Gradient norm: 11.908258743786703
PROGRESS    Completed epoch 1090 / 2000;    current loss: 0.37491920590400696
INFO Gradient norm: 13.786398717456038
PROGRESS    Completed epoch 1091 / 2000;    current loss: 0.3790258467197418
INFO Gradient norm: 19.70652293642377
PROGRESS    Completed epoch 1092 / 2000;    current loss: 0.38374435901641846
INFO Gradient norm: 23.575836032356573
PROGRESS    Completed epoch 1093 / 2000;    current loss: 0.3887888193130493
INFO Gradient norm: 9.66947140768932
PROGRESS    Completed epoch 1094 / 2000;    current loss: 0.38573357462882996
INFO Gradient norm: 40.68032215254991
PROGRESS    Completed epoch 1095 / 2000;    current loss: 0.3889380693435669
INFO Gradient norm: 10.79450445226354
PROGRESS    Completed epoch 1096 / 2000;    current loss: 0.37205007672309875
INFO Gradient norm: 43.04015458671354
PROGRESS    Completed epoch 1097 / 2000;    current loss: 0.383087158203125
INFO Gradient norm: 9.362334661176225
PROGRESS    Completed epoch 1098 / 2000;    current loss: 0.3812158405780792
INFO Gradient norm: 48.40453425086425
PROGRESS    Completed epoch 1099 / 2000;    current loss: 0.3998705744743347
INFO Gradient norm: 27.197112566000747
PROGRESS    Completed epoch 1100 / 2000;    current loss: 0.39473411440849304
INFO Gradient norm: 54.0118679841489
PROGRESS    Completed epoch 1101 / 2000;    current loss: 0.4097509980201721
INFO Gradient norm: 51.004142699614754
PROGRESS    Completed epoch 1102 / 2000;    current loss: 0.41089555621147156
INFO Gradient norm: 23.02251132563873
PROGRESS    Completed epoch 1103 / 2000;    current loss: 0.4010946452617645
INFO Gradient norm: 28.026412344463534
PROGRESS    Completed epoch 1104 / 2000;    current loss: 0.4013545513153076
INFO Gradient norm: 30.111893301749543
PROGRESS    Completed epoch 1105 / 2000;    current loss: 0.39866602420806885
INFO Gradient norm: 28.092110036396793
PROGRESS    Completed epoch 1106 / 2000;    current loss: 0.3903738856315613
INFO Gradient norm: 24.298523781684693
PROGRESS    Completed epoch 1107 / 2000;    current loss: 0.37846115231513977
INFO Gradient norm: 10.956010796267261
PROGRESS    Completed epoch 1108 / 2000;    current loss: 0.36407870054244995
INFO Gradient norm: 20.566635765837955
PROGRESS    Completed epoch 1109 / 2000;    current loss: 0.3694606125354767
INFO Gradient norm: 20.378402775552527
PROGRESS    Completed epoch 1110 / 2000;    current loss: 0.37545540928840637
INFO Gradient norm: 9.611175024491612
PROGRESS    Completed epoch 1111 / 2000;    current loss: 0.3770659863948822
INFO Gradient norm: 11.116237189428558
PROGRESS    Completed epoch 1112 / 2000;    current loss: 0.37546080350875854
INFO Gradient norm: 30.81735174317093
PROGRESS    Completed epoch 1113 / 2000;    current loss: 0.3745593726634979
INFO Gradient norm: 16.59904652040479
PROGRESS    Completed epoch 1114 / 2000;    current loss: 0.36372876167297363
INFO Gradient norm: 37.663749746040494
PROGRESS    Completed epoch 1115 / 2000;    current loss: 0.3640986979007721
INFO Gradient norm: 43.97266996041107
PROGRESS    Completed epoch 1116 / 2000;    current loss: 0.37121373414993286
INFO Gradient norm: 16.110258675935814
PROGRESS    Completed epoch 1117 / 2000;    current loss: 0.36279603838920593
INFO Gradient norm: 17.40743722457339
PROGRESS    Completed epoch 1118 / 2000;    current loss: 0.3614601492881775
INFO Gradient norm: 41.96035599347325
PROGRESS    Completed epoch 1119 / 2000;    current loss: 0.3701673150062561
INFO Gradient norm: 32.80600170937013
PROGRESS    Completed epoch 1120 / 2000;    current loss: 0.3667362332344055
INFO Gradient norm: 41.443165314817314
PROGRESS    Completed epoch 1121 / 2000;    current loss: 0.3696044385433197
INFO Gradient norm: 32.23992556336837
PROGRESS    Completed epoch 1122 / 2000;    current loss: 0.3673437535762787
INFO Gradient norm: 32.23569481121482
PROGRESS    Completed epoch 1123 / 2000;    current loss: 0.3658091425895691
INFO Gradient norm: 33.730427473828584
PROGRESS    Completed epoch 1124 / 2000;    current loss: 0.3688821494579315
INFO Gradient norm: 22.47146201695863
PROGRESS    Completed epoch 1125 / 2000;    current loss: 0.3677803874015808
INFO Gradient norm: 22.43637571541755
PROGRESS    Completed epoch 1126 / 2000;    current loss: 0.3645990192890167
INFO Gradient norm: 43.15007706314817
PROGRESS    Completed epoch 1127 / 2000;    current loss: 0.3727481961250305
INFO Gradient norm: 38.03386459294045
PROGRESS    Completed epoch 1128 / 2000;    current loss: 0.36968544125556946
INFO Gradient norm: 32.987273292537715
PROGRESS    Completed epoch 1129 / 2000;    current loss: 0.3650410771369934
INFO Gradient norm: 31.525630985413738
PROGRESS    Completed epoch 1130 / 2000;    current loss: 0.3626503646373749
INFO Gradient norm: 31.54983165869643
PROGRESS    Completed epoch 1131 / 2000;    current loss: 0.36061593890190125
INFO Gradient norm: 29.215839567247727
PROGRESS    Completed epoch 1132 / 2000;    current loss: 0.35794222354888916
INFO Gradient norm: 24.00025266784445
PROGRESS    Completed epoch 1133 / 2000;    current loss: 0.3574190139770508
INFO Gradient norm: 13.049643955063562
PROGRESS    Completed epoch 1134 / 2000;    current loss: 0.35418832302093506
INFO Gradient norm: 41.20700580690077
PROGRESS    Completed epoch 1135 / 2000;    current loss: 0.3603645861148834
INFO Gradient norm: 34.41781543474108
PROGRESS    Completed epoch 1136 / 2000;    current loss: 0.35629621148109436
INFO Gradient norm: 28.178167899247857
PROGRESS    Completed epoch 1137 / 2000;    current loss: 0.3551092743873596
INFO Gradient norm: 24.672957757942044
PROGRESS    Completed epoch 1138 / 2000;    current loss: 0.3529202938079834
INFO Gradient norm: 44.8698237755584
PROGRESS    Completed epoch 1139 / 2000;    current loss: 0.36385610699653625
INFO Gradient norm: 38.24572577307122
PROGRESS    Completed epoch 1140 / 2000;    current loss: 0.35920068621635437
INFO Gradient norm: 32.203536419875164
PROGRESS    Completed epoch 1141 / 2000;    current loss: 0.3541036546230316
INFO Gradient norm: 27.456927671347838
PROGRESS    Completed epoch 1142 / 2000;    current loss: 0.35185325145721436
INFO Gradient norm: 31.30572098212884
PROGRESS    Completed epoch 1143 / 2000;    current loss: 0.34952205419540405
INFO Gradient norm: 26.546316744199302
PROGRESS    Completed epoch 1144 / 2000;    current loss: 0.34613826870918274
INFO Gradient norm: 24.41960161180518
PROGRESS    Completed epoch 1145 / 2000;    current loss: 0.34610453248023987
INFO Gradient norm: 15.728191656334111
PROGRESS    Completed epoch 1146 / 2000;    current loss: 0.34261712431907654
INFO Gradient norm: 43.53818728572756
PROGRESS    Completed epoch 1147 / 2000;    current loss: 0.3529130220413208
INFO Gradient norm: 27.501988368147533
PROGRESS    Completed epoch 1148 / 2000;    current loss: 0.34443414211273193
INFO Gradient norm: 22.222335783105876
PROGRESS    Completed epoch 1149 / 2000;    current loss: 0.3513757884502411
INFO Gradient norm: 17.858829104022174
PROGRESS    Completed epoch 1150 / 2000;    current loss: 0.3518679440021515
INFO Gradient norm: 30.90569142389623
PROGRESS    Completed epoch 1151 / 2000;    current loss: 0.35101309418678284
INFO Gradient norm: 14.776809354772071
PROGRESS    Completed epoch 1152 / 2000;    current loss: 0.34151872992515564
INFO Gradient norm: 34.438449026738226
PROGRESS    Completed epoch 1153 / 2000;    current loss: 0.349056601524353
INFO Gradient norm: 20.423723775213926
PROGRESS    Completed epoch 1154 / 2000;    current loss: 0.34545063972473145
INFO Gradient norm: 37.6923876420871
PROGRESS    Completed epoch 1155 / 2000;    current loss: 0.34842219948768616
INFO Gradient norm: 43.08240278911729
PROGRESS    Completed epoch 1156 / 2000;    current loss: 0.3554866313934326
INFO Gradient norm: 12.205718477562762
PROGRESS    Completed epoch 1157 / 2000;    current loss: 0.3474031984806061
INFO Gradient norm: 17.306961406999932
PROGRESS    Completed epoch 1158 / 2000;    current loss: 0.3460530936717987
INFO Gradient norm: 26.828706238280617
PROGRESS    Completed epoch 1159 / 2000;    current loss: 0.3434752821922302
INFO Gradient norm: 18.691598942222733
PROGRESS    Completed epoch 1160 / 2000;    current loss: 0.3402450680732727
INFO Gradient norm: 34.75644007033931
PROGRESS    Completed epoch 1161 / 2000;    current loss: 0.3454706072807312
INFO Gradient norm: 20.791439971617876
PROGRESS    Completed epoch 1162 / 2000;    current loss: 0.3429121673107147
INFO Gradient norm: 26.25521818801235
PROGRESS    Completed epoch 1163 / 2000;    current loss: 0.3441929221153259
INFO Gradient norm: 13.75122128284158
PROGRESS    Completed epoch 1164 / 2000;    current loss: 0.3390870988368988
INFO Gradient norm: 21.26586389464102
PROGRESS    Completed epoch 1165 / 2000;    current loss: 0.34609898924827576
INFO Gradient norm: 10.365501453568552
PROGRESS    Completed epoch 1166 / 2000;    current loss: 0.3453713655471802
INFO Gradient norm: 12.066542008520035
PROGRESS    Completed epoch 1167 / 2000;    current loss: 0.3433345556259155
INFO Gradient norm: 12.752283243454071
PROGRESS    Completed epoch 1168 / 2000;    current loss: 0.3377487361431122
INFO Gradient norm: 10.179986902273129
PROGRESS    Completed epoch 1169 / 2000;    current loss: 0.33703798055648804
INFO Gradient norm: 18.53799747429776
PROGRESS    Completed epoch 1170 / 2000;    current loss: 0.3417167663574219
INFO Gradient norm: 16.88255143534015
PROGRESS    Completed epoch 1171 / 2000;    current loss: 0.3418371081352234
INFO Gradient norm: 9.359821638762998
PROGRESS    Completed epoch 1172 / 2000;    current loss: 0.33490678668022156
INFO Gradient norm: 56.64426794963722
PROGRESS    Completed epoch 1173 / 2000;    current loss: 0.35615020990371704
INFO Gradient norm: 56.486684668034115
PROGRESS    Completed epoch 1174 / 2000;    current loss: 0.3587307929992676
INFO Gradient norm: 10.386494123030339
PROGRESS    Completed epoch 1175 / 2000;    current loss: 0.33797168731689453
INFO Gradient norm: 33.0890396141303
PROGRESS    Completed epoch 1176 / 2000;    current loss: 0.339487224817276
INFO Gradient norm: 12.62374480964437
PROGRESS    Completed epoch 1177 / 2000;    current loss: 0.3318119943141937
INFO Gradient norm: 13.866299719329335
PROGRESS    Completed epoch 1178 / 2000;    current loss: 0.32831111550331116
INFO Gradient norm: 22.078301970327917
PROGRESS    Completed epoch 1179 / 2000;    current loss: 0.32871606945991516
INFO Gradient norm: 11.919439755327614
PROGRESS    Completed epoch 1180 / 2000;    current loss: 0.3269379138946533
INFO Gradient norm: 22.83181955175607
PROGRESS    Completed epoch 1181 / 2000;    current loss: 0.3276439905166626
INFO Gradient norm: 16.836314126595216
PROGRESS    Completed epoch 1182 / 2000;    current loss: 0.32724711298942566
INFO Gradient norm: 9.693218663872823
PROGRESS    Completed epoch 1183 / 2000;    current loss: 0.325679749250412
INFO Gradient norm: 9.609013657281736
PROGRESS    Completed epoch 1184 / 2000;    current loss: 0.3195025622844696
INFO Gradient norm: 37.185025182079585
PROGRESS    Completed epoch 1185 / 2000;    current loss: 0.33058953285217285
INFO Gradient norm: 20.025156577934464
PROGRESS    Completed epoch 1186 / 2000;    current loss: 0.3274930715560913
INFO Gradient norm: 47.877649654689186
PROGRESS    Completed epoch 1187 / 2000;    current loss: 0.340471476316452
INFO Gradient norm: 48.3523596242495
PROGRESS    Completed epoch 1188 / 2000;    current loss: 0.3426263630390167
INFO Gradient norm: 14.901223316249688
PROGRESS    Completed epoch 1189 / 2000;    current loss: 0.3295253813266754
INFO Gradient norm: 21.480705013674434
PROGRESS    Completed epoch 1190 / 2000;    current loss: 0.32823801040649414
INFO Gradient norm: 26.099023150886353
PROGRESS    Completed epoch 1191 / 2000;    current loss: 0.32417023181915283
INFO Gradient norm: 13.959512765822513
PROGRESS    Completed epoch 1192 / 2000;    current loss: 0.3188764750957489
INFO Gradient norm: 35.51568666067678
PROGRESS    Completed epoch 1193 / 2000;    current loss: 0.3267805576324463
INFO Gradient norm: 20.163692623643602
PROGRESS    Completed epoch 1194 / 2000;    current loss: 0.3202047049999237
INFO Gradient norm: 32.631151382183084
PROGRESS    Completed epoch 1195 / 2000;    current loss: 0.3232528567314148
INFO Gradient norm: 11.152539700776918
PROGRESS    Completed epoch 1196 / 2000;    current loss: 0.3242531418800354
INFO Gradient norm: 16.134336841478245
PROGRESS    Completed epoch 1197 / 2000;    current loss: 0.3258659243583679
INFO Gradient norm: 28.32390542256536
PROGRESS    Completed epoch 1198 / 2000;    current loss: 0.3265936076641083
INFO Gradient norm: 24.540591136112774
PROGRESS    Completed epoch 1199 / 2000;    current loss: 0.3208755552768707
INFO Gradient norm: 16.689604371582515
PROGRESS    Completed epoch 1200 / 2000;    current loss: 0.3170504868030548
INFO Gradient norm: 19.072492910190842
PROGRESS    Completed epoch 1201 / 2000;    current loss: 0.3198026120662689
INFO Gradient norm: 28.69627684671452
PROGRESS    Completed epoch 1202 / 2000;    current loss: 0.3219521641731262
INFO Gradient norm: 12.310062563896185
PROGRESS    Completed epoch 1203 / 2000;    current loss: 0.317685604095459
INFO Gradient norm: 37.3836563542076
PROGRESS    Completed epoch 1204 / 2000;    current loss: 0.32260861992836
INFO Gradient norm: 34.6927147037126
PROGRESS    Completed epoch 1205 / 2000;    current loss: 0.3215427100658417
INFO Gradient norm: 10.743311257014906
PROGRESS    Completed epoch 1206 / 2000;    current loss: 0.3189120292663574
INFO Gradient norm: 15.302998834856899
PROGRESS    Completed epoch 1207 / 2000;    current loss: 0.318370521068573
INFO Gradient norm: 26.715605832623257
PROGRESS    Completed epoch 1208 / 2000;    current loss: 0.31947845220565796
INFO Gradient norm: 17.574801994501787
PROGRESS    Completed epoch 1209 / 2000;    current loss: 0.3162936568260193
INFO Gradient norm: 39.98770122084314
PROGRESS    Completed epoch 1210 / 2000;    current loss: 0.32221686840057373
INFO Gradient norm: 20.899150860993732
PROGRESS    Completed epoch 1211 / 2000;    current loss: 0.31675148010253906
INFO Gradient norm: 32.14775610826182
PROGRESS    Completed epoch 1212 / 2000;    current loss: 0.3190975785255432
INFO Gradient norm: 20.98885704013825
PROGRESS    Completed epoch 1213 / 2000;    current loss: 0.31153690814971924
INFO Gradient norm: 29.497255691607965
PROGRESS    Completed epoch 1214 / 2000;    current loss: 0.3117796778678894
INFO Gradient norm: 9.845572641759542
PROGRESS    Completed epoch 1215 / 2000;    current loss: 0.31073686480522156
INFO Gradient norm: 35.50740637889447
PROGRESS    Completed epoch 1216 / 2000;    current loss: 0.3175954222679138
INFO Gradient norm: 12.441824466789074
PROGRESS    Completed epoch 1217 / 2000;    current loss: 0.3050506114959717
INFO Gradient norm: 32.810433883681384
PROGRESS    Completed epoch 1218 / 2000;    current loss: 0.31890350580215454
INFO Gradient norm: 15.47561295959573
PROGRESS    Completed epoch 1219 / 2000;    current loss: 0.32035499811172485
INFO Gradient norm: 36.81643961419615
PROGRESS    Completed epoch 1220 / 2000;    current loss: 0.3284459412097931
INFO Gradient norm: 26.224997730635426
PROGRESS    Completed epoch 1221 / 2000;    current loss: 0.3220250904560089
INFO Gradient norm: 32.26583566795353
PROGRESS    Completed epoch 1222 / 2000;    current loss: 0.3219170570373535
INFO Gradient norm: 21.407012508218614
PROGRESS    Completed epoch 1223 / 2000;    current loss: 0.31645074486732483
INFO Gradient norm: 26.246875810191295
PROGRESS    Completed epoch 1224 / 2000;    current loss: 0.31153589487075806
INFO Gradient norm: 14.667189690887065
PROGRESS    Completed epoch 1225 / 2000;    current loss: 0.3022578954696655
INFO Gradient norm: 16.384455165097837
PROGRESS    Completed epoch 1226 / 2000;    current loss: 0.3067370355129242
INFO Gradient norm: 16.326567003342113
PROGRESS    Completed epoch 1227 / 2000;    current loss: 0.30966049432754517
INFO Gradient norm: 12.97497588798879
PROGRESS    Completed epoch 1228 / 2000;    current loss: 0.3082185685634613
INFO Gradient norm: 13.385229876261345
PROGRESS    Completed epoch 1229 / 2000;    current loss: 0.30513736605644226
INFO Gradient norm: 22.15484501054371
PROGRESS    Completed epoch 1230 / 2000;    current loss: 0.3001379370689392
INFO Gradient norm: 15.239224996487236
PROGRESS    Completed epoch 1231 / 2000;    current loss: 0.29549440741539
INFO Gradient norm: 12.564976097015506
PROGRESS    Completed epoch 1232 / 2000;    current loss: 0.2980960011482239
INFO Gradient norm: 9.659493229921694
PROGRESS    Completed epoch 1233 / 2000;    current loss: 0.29452580213546753
INFO Gradient norm: 21.428691921786427
PROGRESS    Completed epoch 1234 / 2000;    current loss: 0.2899930477142334
INFO Gradient norm: 24.462460400593493
PROGRESS    Completed epoch 1235 / 2000;    current loss: 0.2963486313819885
INFO Gradient norm: 22.014628828866368
PROGRESS    Completed epoch 1236 / 2000;    current loss: 0.29923465847969055
INFO Gradient norm: 19.587531434482294
PROGRESS    Completed epoch 1237 / 2000;    current loss: 0.29756003618240356
INFO Gradient norm: 18.59095016923359
PROGRESS    Completed epoch 1238 / 2000;    current loss: 0.2926664650440216
INFO Gradient norm: 12.877610820026696
PROGRESS    Completed epoch 1239 / 2000;    current loss: 0.2876020073890686
INFO Gradient norm: 12.063393256514232
PROGRESS    Completed epoch 1240 / 2000;    current loss: 0.28988397121429443
INFO Gradient norm: 9.997130222650213
PROGRESS    Completed epoch 1241 / 2000;    current loss: 0.28647100925445557
INFO Gradient norm: 23.506689048684905
PROGRESS    Completed epoch 1242 / 2000;    current loss: 0.28714656829833984
INFO Gradient norm: 10.095455592079682
PROGRESS    Completed epoch 1243 / 2000;    current loss: 0.2844565212726593
INFO Gradient norm: 11.58061489981416
PROGRESS    Completed epoch 1244 / 2000;    current loss: 0.2818785011768341
INFO Gradient norm: 23.858169796368013
PROGRESS    Completed epoch 1245 / 2000;    current loss: 0.282128244638443
INFO Gradient norm: 21.74210610476444
PROGRESS    Completed epoch 1246 / 2000;    current loss: 0.2841549515724182
INFO Gradient norm: 21.595374012062972
PROGRESS    Completed epoch 1247 / 2000;    current loss: 0.2846542000770569
INFO Gradient norm: 22.63318947814907
PROGRESS    Completed epoch 1248 / 2000;    current loss: 0.28394830226898193
INFO Gradient norm: 23.615908046840502
PROGRESS    Completed epoch 1249 / 2000;    current loss: 0.28245851397514343
INFO Gradient norm: 22.101691413502337
PROGRESS    Completed epoch 1250 / 2000;    current loss: 0.28050175309181213
INFO Gradient norm: 16.75742881519866
PROGRESS    Completed epoch 1251 / 2000;    current loss: 0.27812784910202026
INFO Gradient norm: 10.063778857989277
PROGRESS    Completed epoch 1252 / 2000;    current loss: 0.27576395869255066
INFO Gradient norm: 29.94737703885246
PROGRESS    Completed epoch 1253 / 2000;    current loss: 0.27976277470588684
INFO Gradient norm: 11.433693170266311
PROGRESS    Completed epoch 1254 / 2000;    current loss: 0.275357186794281
INFO Gradient norm: 19.81800760408127
PROGRESS    Completed epoch 1255 / 2000;    current loss: 0.27924180030822754
INFO Gradient norm: 9.858292428023123
PROGRESS    Completed epoch 1256 / 2000;    current loss: 0.2746432423591614
INFO Gradient norm: 35.040027591228196
PROGRESS    Completed epoch 1257 / 2000;    current loss: 0.2803761661052704
INFO Gradient norm: 27.212445338579677
PROGRESS    Completed epoch 1258 / 2000;    current loss: 0.28006818890571594
INFO Gradient norm: 25.78303281463782
PROGRESS    Completed epoch 1259 / 2000;    current loss: 0.282245397567749
INFO Gradient norm: 28.09288216325883
PROGRESS    Completed epoch 1260 / 2000;    current loss: 0.2821977436542511
INFO Gradient norm: 20.99136322348858
PROGRESS    Completed epoch 1261 / 2000;    current loss: 0.27734172344207764
INFO Gradient norm: 19.09804422706751
PROGRESS    Completed epoch 1262 / 2000;    current loss: 0.2728882133960724
INFO Gradient norm: 10.646631135226158
PROGRESS    Completed epoch 1263 / 2000;    current loss: 0.27570533752441406
INFO Gradient norm: 23.408802411800306
PROGRESS    Completed epoch 1264 / 2000;    current loss: 0.2799014747142792
INFO Gradient norm: 11.321504443485859
PROGRESS    Completed epoch 1265 / 2000;    current loss: 0.27406954765319824
INFO Gradient norm: 31.70591379927524
PROGRESS    Completed epoch 1266 / 2000;    current loss: 0.2736276388168335
INFO Gradient norm: 38.95132603278807
PROGRESS    Completed epoch 1267 / 2000;    current loss: 0.27961936593055725
INFO Gradient norm: 13.07160873556126
PROGRESS    Completed epoch 1268 / 2000;    current loss: 0.27336275577545166
INFO Gradient norm: 40.627775398036604
PROGRESS    Completed epoch 1269 / 2000;    current loss: 0.2880471348762512
INFO Gradient norm: 32.306389353844935
PROGRESS    Completed epoch 1270 / 2000;    current loss: 0.2843437194824219
INFO Gradient norm: 21.173647888640378
PROGRESS    Completed epoch 1271 / 2000;    current loss: 0.28151199221611023
INFO Gradient norm: 23.491532910945082
PROGRESS    Completed epoch 1272 / 2000;    current loss: 0.28218168020248413
INFO Gradient norm: 24.152849283032875
PROGRESS    Completed epoch 1273 / 2000;    current loss: 0.2823106348514557
INFO Gradient norm: 27.16811475446522
PROGRESS    Completed epoch 1274 / 2000;    current loss: 0.27776071429252625
INFO Gradient norm: 20.197703378476728
PROGRESS    Completed epoch 1275 / 2000;    current loss: 0.2690991163253784
INFO Gradient norm: 34.829869402091184
PROGRESS    Completed epoch 1276 / 2000;    current loss: 0.27532920241355896
INFO Gradient norm: 10.657771522824833
PROGRESS    Completed epoch 1277 / 2000;    current loss: 0.2693592309951782
INFO Gradient norm: 38.283444308143736
PROGRESS    Completed epoch 1278 / 2000;    current loss: 0.27730539441108704
INFO Gradient norm: 23.693788081403795
PROGRESS    Completed epoch 1279 / 2000;    current loss: 0.2685513198375702
INFO Gradient norm: 26.195154694997182
PROGRESS    Completed epoch 1280 / 2000;    current loss: 0.2688466012477875
INFO Gradient norm: 17.41939789081125
PROGRESS    Completed epoch 1281 / 2000;    current loss: 0.26341864466667175
INFO Gradient norm: 19.145119282536598
PROGRESS    Completed epoch 1282 / 2000;    current loss: 0.26570597290992737
INFO Gradient norm: 10.342407668374179
PROGRESS    Completed epoch 1283 / 2000;    current loss: 0.26619869470596313
INFO Gradient norm: 28.60298288768636
PROGRESS    Completed epoch 1284 / 2000;    current loss: 0.2701157331466675
INFO Gradient norm: 12.462003033141166
PROGRESS    Completed epoch 1285 / 2000;    current loss: 0.261485755443573
INFO Gradient norm: 12.14091864465369
PROGRESS    Completed epoch 1286 / 2000;    current loss: 0.2663348913192749
INFO Gradient norm: 13.273739535649396
PROGRESS    Completed epoch 1287 / 2000;    current loss: 0.2677132189273834
INFO Gradient norm: 15.714884431192857
PROGRESS    Completed epoch 1288 / 2000;    current loss: 0.26608583331108093
INFO Gradient norm: 10.284020855233978
PROGRESS    Completed epoch 1289 / 2000;    current loss: 0.26051390171051025
INFO Gradient norm: 27.860968065269564
PROGRESS    Completed epoch 1290 / 2000;    current loss: 0.25965020060539246
INFO Gradient norm: 28.64078220165865
PROGRESS    Completed epoch 1291 / 2000;    current loss: 0.26025113463401794
INFO Gradient norm: 13.507007663775155
PROGRESS    Completed epoch 1292 / 2000;    current loss: 0.2561063766479492
INFO Gradient norm: 14.475325945436467
PROGRESS    Completed epoch 1293 / 2000;    current loss: 0.2553429901599884
INFO Gradient norm: 23.700337049053537
PROGRESS    Completed epoch 1294 / 2000;    current loss: 0.25643470883369446
INFO Gradient norm: 11.521947768286893
PROGRESS    Completed epoch 1295 / 2000;    current loss: 0.2500699758529663
INFO Gradient norm: 16.511833548933087
PROGRESS    Completed epoch 1296 / 2000;    current loss: 0.2517796754837036
INFO Gradient norm: 9.865801640005287
PROGRESS    Completed epoch 1297 / 2000;    current loss: 0.24976593255996704
INFO Gradient norm: 25.53791380446089
PROGRESS    Completed epoch 1298 / 2000;    current loss: 0.25476309657096863
INFO Gradient norm: 9.809981198799344
PROGRESS    Completed epoch 1299 / 2000;    current loss: 0.2504503130912781
INFO Gradient norm: 13.674979541597096
PROGRESS    Completed epoch 1300 / 2000;    current loss: 0.2506348788738251
INFO Gradient norm: 10.299593336775532
PROGRESS    Completed epoch 1301 / 2000;    current loss: 0.24872837960720062
INFO Gradient norm: 18.037323019145777
PROGRESS    Completed epoch 1302 / 2000;    current loss: 0.2484108805656433
INFO Gradient norm: 10.55726891390732
PROGRESS    Completed epoch 1303 / 2000;    current loss: 0.24782252311706543
INFO Gradient norm: 11.4855169034764
PROGRESS    Completed epoch 1304 / 2000;    current loss: 0.244254007935524
INFO Gradient norm: 18.004429743089982
PROGRESS    Completed epoch 1305 / 2000;    current loss: 0.24525651335716248
INFO Gradient norm: 9.778519908903892
PROGRESS    Completed epoch 1306 / 2000;    current loss: 0.24521182477474213
INFO Gradient norm: 9.806933153897107
PROGRESS    Completed epoch 1307 / 2000;    current loss: 0.24130447208881378
INFO Gradient norm: 45.95928578182129
PROGRESS    Completed epoch 1308 / 2000;    current loss: 0.2631024122238159
INFO Gradient norm: 44.55795346893327
PROGRESS    Completed epoch 1309 / 2000;    current loss: 0.2644879221916199
INFO Gradient norm: 10.21509583584992
PROGRESS    Completed epoch 1310 / 2000;    current loss: 0.2487083375453949
INFO Gradient norm: 28.195113041175098
PROGRESS    Completed epoch 1311 / 2000;    current loss: 0.250091016292572
INFO Gradient norm: 10.309418939200123
PROGRESS    Completed epoch 1312 / 2000;    current loss: 0.23955291509628296
INFO Gradient norm: 55.295535885880184
PROGRESS    Completed epoch 1313 / 2000;    current loss: 0.26505571603775024
INFO Gradient norm: 63.49913134171754
PROGRESS    Completed epoch 1314 / 2000;    current loss: 0.2756099998950958
INFO Gradient norm: 27.1745610870171
PROGRESS    Completed epoch 1315 / 2000;    current loss: 0.2433350384235382
INFO Gradient norm: 24.998833113801236
PROGRESS    Completed epoch 1316 / 2000;    current loss: 0.25128597021102905
INFO Gradient norm: 24.623635091814425
PROGRESS    Completed epoch 1317 / 2000;    current loss: 0.2591533958911896
INFO Gradient norm: 15.313490502044527
PROGRESS    Completed epoch 1318 / 2000;    current loss: 0.2593255639076233
INFO Gradient norm: 15.819429516776044
PROGRESS    Completed epoch 1319 / 2000;    current loss: 0.2574530243873596
INFO Gradient norm: 19.2128501039383
PROGRESS    Completed epoch 1320 / 2000;    current loss: 0.25230690836906433
INFO Gradient norm: 12.005333663265635
PROGRESS    Completed epoch 1321 / 2000;    current loss: 0.24164365231990814
INFO Gradient norm: 15.188381006173373
PROGRESS    Completed epoch 1322 / 2000;    current loss: 0.23336520791053772
INFO Gradient norm: 33.61505806965693
PROGRESS    Completed epoch 1323 / 2000;    current loss: 0.24783934652805328
INFO Gradient norm: 11.373174215127465
PROGRESS    Completed epoch 1324 / 2000;    current loss: 0.2462354302406311
INFO Gradient norm: 38.122667014354306
PROGRESS    Completed epoch 1325 / 2000;    current loss: 0.26330864429473877
INFO Gradient norm: 25.148050985441703
PROGRESS    Completed epoch 1326 / 2000;    current loss: 0.2619262635707855
INFO Gradient norm: 32.2603454776976
PROGRESS    Completed epoch 1327 / 2000;    current loss: 0.2700047194957733
INFO Gradient norm: 34.023772505570335
PROGRESS    Completed epoch 1328 / 2000;    current loss: 0.27392616868019104
INFO Gradient norm: 14.721010402847575
PROGRESS    Completed epoch 1329 / 2000;    current loss: 0.26703670620918274
INFO Gradient norm: 25.913646063572035
PROGRESS    Completed epoch 1330 / 2000;    current loss: 0.2663382291793823
INFO Gradient norm: 13.204731049464373
PROGRESS    Completed epoch 1331 / 2000;    current loss: 0.25721198320388794
INFO Gradient norm: 11.44052821467191
PROGRESS    Completed epoch 1332 / 2000;    current loss: 0.24975232779979706
INFO Gradient norm: 25.00096820945352
PROGRESS    Completed epoch 1333 / 2000;    current loss: 0.244430273771286
INFO Gradient norm: 11.820149915252134
PROGRESS    Completed epoch 1334 / 2000;    current loss: 0.234303280711174
INFO Gradient norm: 38.358164623260244
PROGRESS    Completed epoch 1335 / 2000;    current loss: 0.24844767153263092
INFO Gradient norm: 30.650251533622676
PROGRESS    Completed epoch 1336 / 2000;    current loss: 0.24695901572704315
INFO Gradient norm: 20.386937095558032
PROGRESS    Completed epoch 1337 / 2000;    current loss: 0.24574269354343414
INFO Gradient norm: 23.991715586918822
PROGRESS    Completed epoch 1338 / 2000;    current loss: 0.24881872534751892
INFO Gradient norm: 17.43056235105947
PROGRESS    Completed epoch 1339 / 2000;    current loss: 0.2462959587574005
INFO Gradient norm: 18.557130303396765
PROGRESS    Completed epoch 1340 / 2000;    current loss: 0.24375700950622559
INFO Gradient norm: 17.07856449412753
PROGRESS    Completed epoch 1341 / 2000;    current loss: 0.23865769803524017
INFO Gradient norm: 11.627173520691796
PROGRESS    Completed epoch 1342 / 2000;    current loss: 0.2346356213092804
INFO Gradient norm: 20.197846709109168
PROGRESS    Completed epoch 1343 / 2000;    current loss: 0.2354588806629181
INFO Gradient norm: 15.966780114989696
PROGRESS    Completed epoch 1344 / 2000;    current loss: 0.2317180335521698
INFO Gradient norm: 12.970596453734824
PROGRESS    Completed epoch 1345 / 2000;    current loss: 0.22823472321033478
INFO Gradient norm: 22.62075485436052
PROGRESS    Completed epoch 1346 / 2000;    current loss: 0.22997595369815826
INFO Gradient norm: 11.571288067415635
PROGRESS    Completed epoch 1347 / 2000;    current loss: 0.22430488467216492
INFO Gradient norm: 22.290334554983588
PROGRESS    Completed epoch 1348 / 2000;    current loss: 0.22803127765655518
INFO Gradient norm: 12.603412574826901
PROGRESS    Completed epoch 1349 / 2000;    current loss: 0.2269625961780548
INFO Gradient norm: 24.823129600530244
PROGRESS    Completed epoch 1350 / 2000;    current loss: 0.2303711175918579
INFO Gradient norm: 15.856029449907874
PROGRESS    Completed epoch 1351 / 2000;    current loss: 0.22497667372226715
INFO Gradient norm: 11.326641381926613
PROGRESS    Completed epoch 1352 / 2000;    current loss: 0.2264876663684845
INFO Gradient norm: 14.29206222893717
PROGRESS    Completed epoch 1353 / 2000;    current loss: 0.22899208962917328
INFO Gradient norm: 11.034591743778341
PROGRESS    Completed epoch 1354 / 2000;    current loss: 0.2274172306060791
INFO Gradient norm: 9.113123565660542
PROGRESS    Completed epoch 1355 / 2000;    current loss: 0.2209174484014511
INFO Gradient norm: 36.09028727045455
PROGRESS    Completed epoch 1356 / 2000;    current loss: 0.22922764718532562
INFO Gradient norm: 39.12749318029176
PROGRESS    Completed epoch 1357 / 2000;    current loss: 0.2329005002975464
INFO Gradient norm: 9.138665923300199
PROGRESS    Completed epoch 1358 / 2000;    current loss: 0.22004134953022003
INFO Gradient norm: 17.50626259667156
PROGRESS    Completed epoch 1359 / 2000;    current loss: 0.21909017860889435
INFO Gradient norm: 23.29445377579605
PROGRESS    Completed epoch 1360 / 2000;    current loss: 0.22263890504837036
INFO Gradient norm: 15.36427287219292
PROGRESS    Completed epoch 1361 / 2000;    current loss: 0.22274743020534515
INFO Gradient norm: 32.153936255403885
PROGRESS    Completed epoch 1362 / 2000;    current loss: 0.23023225367069244
INFO Gradient norm: 24.799992931292206
PROGRESS    Completed epoch 1363 / 2000;    current loss: 0.2262139916419983
INFO Gradient norm: 27.927788820057774
PROGRESS    Completed epoch 1364 / 2000;    current loss: 0.2272375077009201
INFO Gradient norm: 26.780407666008365
PROGRESS    Completed epoch 1365 / 2000;    current loss: 0.2255106270313263
INFO Gradient norm: 21.455545175888552
PROGRESS    Completed epoch 1366 / 2000;    current loss: 0.22141022980213165
INFO Gradient norm: 18.509210183442487
PROGRESS    Completed epoch 1367 / 2000;    current loss: 0.21832381188869476
INFO Gradient norm: 19.939976619619348
PROGRESS    Completed epoch 1368 / 2000;    current loss: 0.21566244959831238
INFO Gradient norm: 16.456255788172086
PROGRESS    Completed epoch 1369 / 2000;    current loss: 0.21352577209472656
INFO Gradient norm: 13.571016876682894
PROGRESS    Completed epoch 1370 / 2000;    current loss: 0.21344755589962006
INFO Gradient norm: 15.558089046133109
PROGRESS    Completed epoch 1371 / 2000;    current loss: 0.21139194071292877
INFO Gradient norm: 23.386372262533094
PROGRESS    Completed epoch 1372 / 2000;    current loss: 0.21266239881515503
INFO Gradient norm: 24.887972630456623
PROGRESS    Completed epoch 1373 / 2000;    current loss: 0.2147326022386551
INFO Gradient norm: 8.928011791455933
PROGRESS    Completed epoch 1374 / 2000;    current loss: 0.21237127482891083
INFO Gradient norm: 8.527285800856166
PROGRESS    Completed epoch 1375 / 2000;    current loss: 0.21220332384109497
INFO Gradient norm: 20.066058008255425
PROGRESS    Completed epoch 1376 / 2000;    current loss: 0.2120189517736435
INFO Gradient norm: 15.408233184700753
PROGRESS    Completed epoch 1377 / 2000;    current loss: 0.21032410860061646
INFO Gradient norm: 13.682145401784725
PROGRESS    Completed epoch 1378 / 2000;    current loss: 0.21042360365390778
INFO Gradient norm: 9.12613168853934
PROGRESS    Completed epoch 1379 / 2000;    current loss: 0.207635298371315
INFO Gradient norm: 20.372720106815297
PROGRESS    Completed epoch 1380 / 2000;    current loss: 0.20778504014015198
INFO Gradient norm: 8.835736957411191
PROGRESS    Completed epoch 1381 / 2000;    current loss: 0.20580542087554932
INFO Gradient norm: 16.042939010615832
PROGRESS    Completed epoch 1382 / 2000;    current loss: 0.20799095928668976
INFO Gradient norm: 8.695935181857443
PROGRESS    Completed epoch 1383 / 2000;    current loss: 0.20744051039218903
INFO Gradient norm: 10.301535191949258
PROGRESS    Completed epoch 1384 / 2000;    current loss: 0.20576876401901245
INFO Gradient norm: 11.376298098993914
PROGRESS    Completed epoch 1385 / 2000;    current loss: 0.20572291314601898
INFO Gradient norm: 9.131001086102117
PROGRESS    Completed epoch 1386 / 2000;    current loss: 0.2021666318178177
INFO Gradient norm: 20.099019124340224
PROGRESS    Completed epoch 1387 / 2000;    current loss: 0.20203842222690582
INFO Gradient norm: 9.477834180804495
PROGRESS    Completed epoch 1388 / 2000;    current loss: 0.20177346467971802
INFO Gradient norm: 13.224697773384303
PROGRESS    Completed epoch 1389 / 2000;    current loss: 0.2038733959197998
INFO Gradient norm: 8.255043308705497
PROGRESS    Completed epoch 1390 / 2000;    current loss: 0.20072899758815765
INFO Gradient norm: 26.097646638750067
PROGRESS    Completed epoch 1391 / 2000;    current loss: 0.20362551510334015
INFO Gradient norm: 19.961130242016747
PROGRESS    Completed epoch 1392 / 2000;    current loss: 0.2000279277563095
INFO Gradient norm: 8.617345689988836
PROGRESS    Completed epoch 1393 / 2000;    current loss: 0.20007964968681335
INFO Gradient norm: 8.837606381331124
PROGRESS    Completed epoch 1394 / 2000;    current loss: 0.19923853874206543
INFO Gradient norm: 13.30270676619117
PROGRESS    Completed epoch 1395 / 2000;    current loss: 0.1948021501302719
INFO Gradient norm: 21.786161690588433
PROGRESS    Completed epoch 1396 / 2000;    current loss: 0.1986020803451538
INFO Gradient norm: 8.258857678644752
PROGRESS    Completed epoch 1397 / 2000;    current loss: 0.19629201292991638
INFO Gradient norm: 11.669325662124768
PROGRESS    Completed epoch 1398 / 2000;    current loss: 0.1945769339799881
INFO Gradient norm: 7.322516245488691
PROGRESS    Completed epoch 1399 / 2000;    current loss: 0.18941475450992584
INFO Gradient norm: 36.70343160626516
PROGRESS    Completed epoch 1400 / 2000;    current loss: 0.20067191123962402
INFO Gradient norm: 35.67205129286358
PROGRESS    Completed epoch 1401 / 2000;    current loss: 0.20122161507606506
INFO Gradient norm: 8.229297138919694
PROGRESS    Completed epoch 1402 / 2000;    current loss: 0.19114485383033752
INFO Gradient norm: 9.459768266604513
PROGRESS    Completed epoch 1403 / 2000;    current loss: 0.19252268970012665
INFO Gradient norm: 16.032470294257045
PROGRESS    Completed epoch 1404 / 2000;    current loss: 0.19296254217624664
INFO Gradient norm: 8.357112417212576
PROGRESS    Completed epoch 1405 / 2000;    current loss: 0.18889299035072327
INFO Gradient norm: 12.467841438509813
PROGRESS    Completed epoch 1406 / 2000;    current loss: 0.18635863065719604
INFO Gradient norm: 10.150667827558825
PROGRESS    Completed epoch 1407 / 2000;    current loss: 0.1874353438615799
INFO Gradient norm: 19.037156722953245
PROGRESS    Completed epoch 1408 / 2000;    current loss: 0.19046197831630707
INFO Gradient norm: 7.4789940891222315
PROGRESS    Completed epoch 1409 / 2000;    current loss: 0.18711665272712708
INFO Gradient norm: 19.505702524229157
PROGRESS    Completed epoch 1410 / 2000;    current loss: 0.18758395314216614
INFO Gradient norm: 16.02581000147392
PROGRESS    Completed epoch 1411 / 2000;    current loss: 0.18717573583126068
INFO Gradient norm: 19.884025853100745
PROGRESS    Completed epoch 1412 / 2000;    current loss: 0.18996796011924744
INFO Gradient norm: 10.896117234712566
PROGRESS    Completed epoch 1413 / 2000;    current loss: 0.18836644291877747
INFO Gradient norm: 19.727166470474923
PROGRESS    Completed epoch 1414 / 2000;    current loss: 0.1886284351348877
INFO Gradient norm: 9.961916238802312
PROGRESS    Completed epoch 1415 / 2000;    current loss: 0.1840047389268875
INFO Gradient norm: 13.82931422756797
PROGRESS    Completed epoch 1416 / 2000;    current loss: 0.18461546301841736
INFO Gradient norm: 18.671409826378994
PROGRESS    Completed epoch 1417 / 2000;    current loss: 0.189533531665802
INFO Gradient norm: 13.264520775685067
PROGRESS    Completed epoch 1418 / 2000;    current loss: 0.1903250813484192
INFO Gradient norm: 23.694065250094187
PROGRESS    Completed epoch 1419 / 2000;    current loss: 0.1939297467470169
INFO Gradient norm: 18.18906231730807
PROGRESS    Completed epoch 1420 / 2000;    current loss: 0.19216780364513397
INFO Gradient norm: 19.253527089334998
PROGRESS    Completed epoch 1421 / 2000;    current loss: 0.1929897516965866
INFO Gradient norm: 14.694743059304281
PROGRESS    Completed epoch 1422 / 2000;    current loss: 0.1919226348400116
INFO Gradient norm: 17.813937944079264
PROGRESS    Completed epoch 1423 / 2000;    current loss: 0.19289229810237885
INFO Gradient norm: 9.17907792045776
PROGRESS    Completed epoch 1424 / 2000;    current loss: 0.18911130726337433
INFO Gradient norm: 18.07618990694208
PROGRESS    Completed epoch 1425 / 2000;    current loss: 0.1864537000656128
INFO Gradient norm: 6.489279535217482
PROGRESS    Completed epoch 1426 / 2000;    current loss: 0.1810198575258255
INFO Gradient norm: 18.516613962966918
PROGRESS    Completed epoch 1427 / 2000;    current loss: 0.1835087537765503
INFO Gradient norm: 6.874316785275685
PROGRESS    Completed epoch 1428 / 2000;    current loss: 0.18044687807559967
INFO Gradient norm: 6.452237565786966
PROGRESS    Completed epoch 1429 / 2000;    current loss: 0.17834006249904633
INFO Gradient norm: 20.04451616584947
PROGRESS    Completed epoch 1430 / 2000;    current loss: 0.18037056922912598
INFO Gradient norm: 14.837380964997617
PROGRESS    Completed epoch 1431 / 2000;    current loss: 0.17869555950164795
INFO Gradient norm: 17.582461868273654
PROGRESS    Completed epoch 1432 / 2000;    current loss: 0.18092840909957886
INFO Gradient norm: 7.442525600822535
PROGRESS    Completed epoch 1433 / 2000;    current loss: 0.18071036040782928
INFO Gradient norm: 22.782066865583758
PROGRESS    Completed epoch 1434 / 2000;    current loss: 0.18278010189533234
INFO Gradient norm: 17.72310541362917
PROGRESS    Completed epoch 1435 / 2000;    current loss: 0.17920956015586853
INFO Gradient norm: 11.814130028519175
PROGRESS    Completed epoch 1436 / 2000;    current loss: 0.1789943277835846
INFO Gradient norm: 7.213353726465614
PROGRESS    Completed epoch 1437 / 2000;    current loss: 0.1783565878868103
INFO Gradient norm: 15.8781541032433
PROGRESS    Completed epoch 1438 / 2000;    current loss: 0.17644798755645752
INFO Gradient norm: 24.115735741153276
PROGRESS    Completed epoch 1439 / 2000;    current loss: 0.18238896131515503
INFO Gradient norm: 7.7010458127600145
PROGRESS    Completed epoch 1440 / 2000;    current loss: 0.17927874624729156
INFO Gradient norm: 15.399999335070067
PROGRESS    Completed epoch 1441 / 2000;    current loss: 0.17903022468090057
INFO Gradient norm: 7.03180138074921
PROGRESS    Completed epoch 1442 / 2000;    current loss: 0.1762671321630478
INFO Gradient norm: 23.3100769802507
PROGRESS    Completed epoch 1443 / 2000;    current loss: 0.17768549919128418
INFO Gradient norm: 18.46185306892972
PROGRESS    Completed epoch 1444 / 2000;    current loss: 0.17515526711940765
INFO Gradient norm: 6.910232095806302
PROGRESS    Completed epoch 1445 / 2000;    current loss: 0.1762399822473526
INFO Gradient norm: 8.319812244201481
PROGRESS    Completed epoch 1446 / 2000;    current loss: 0.17575252056121826
INFO Gradient norm: 22.522239941464832
PROGRESS    Completed epoch 1447 / 2000;    current loss: 0.1788247525691986
INFO Gradient norm: 17.06155764194418
PROGRESS    Completed epoch 1448 / 2000;    current loss: 0.1762409806251526
INFO Gradient norm: 7.201521453354983
PROGRESS    Completed epoch 1449 / 2000;    current loss: 0.17604556679725647
INFO Gradient norm: 7.114026568505031
PROGRESS    Completed epoch 1450 / 2000;    current loss: 0.17549924552440643
INFO Gradient norm: 10.562658930819854
PROGRESS    Completed epoch 1451 / 2000;    current loss: 0.17191554605960846
INFO Gradient norm: 15.712548580072582
PROGRESS    Completed epoch 1452 / 2000;    current loss: 0.17444756627082825
INFO Gradient norm: 10.563077489981497
PROGRESS    Completed epoch 1453 / 2000;    current loss: 0.17564347386360168
INFO Gradient norm: 15.120493067471946
PROGRESS    Completed epoch 1454 / 2000;    current loss: 0.1768103688955307
INFO Gradient norm: 13.691577092455951
PROGRESS    Completed epoch 1455 / 2000;    current loss: 0.17576231062412262
INFO Gradient norm: 7.937984250960363
PROGRESS    Completed epoch 1456 / 2000;    current loss: 0.17318399250507355
INFO Gradient norm: 9.35135950197244
PROGRESS    Completed epoch 1457 / 2000;    current loss: 0.17281638085842133
INFO Gradient norm: 15.140792973579611
PROGRESS    Completed epoch 1458 / 2000;    current loss: 0.17319193482398987
INFO Gradient norm: 10.037512326939309
PROGRESS    Completed epoch 1459 / 2000;    current loss: 0.17191237211227417
INFO Gradient norm: 30.749785402109847
PROGRESS    Completed epoch 1460 / 2000;    current loss: 0.18047326803207397
INFO Gradient norm: 9.904668975632825
PROGRESS    Completed epoch 1461 / 2000;    current loss: 0.1750471144914627
INFO Gradient norm: 25.856738857493617
PROGRESS    Completed epoch 1462 / 2000;    current loss: 0.1815776228904724
INFO Gradient norm: 16.458587371733362
PROGRESS    Completed epoch 1463 / 2000;    current loss: 0.17878912389278412
INFO Gradient norm: 26.51900692004063
PROGRESS    Completed epoch 1464 / 2000;    current loss: 0.18437612056732178
INFO Gradient norm: 24.90680226908878
PROGRESS    Completed epoch 1465 / 2000;    current loss: 0.18369407951831818
INFO Gradient norm: 15.796856632328376
PROGRESS    Completed epoch 1466 / 2000;    current loss: 0.17905303835868835
INFO Gradient norm: 18.184843896158654
PROGRESS    Completed epoch 1467 / 2000;    current loss: 0.17876769602298737
INFO Gradient norm: 15.007905826243382
PROGRESS    Completed epoch 1468 / 2000;    current loss: 0.17674317955970764
INFO Gradient norm: 7.740092403705098
PROGRESS    Completed epoch 1469 / 2000;    current loss: 0.17344717681407928
INFO Gradient norm: 26.533986593462203
PROGRESS    Completed epoch 1470 / 2000;    current loss: 0.17769074440002441
INFO Gradient norm: 20.187478871362433
PROGRESS    Completed epoch 1471 / 2000;    current loss: 0.1754843294620514
INFO Gradient norm: 20.483660589534868
PROGRESS    Completed epoch 1472 / 2000;    current loss: 0.17772559821605682
INFO Gradient norm: 11.552713073968299
PROGRESS    Completed epoch 1473 / 2000;    current loss: 0.1768115758895874
INFO Gradient norm: 27.27125100968526
PROGRESS    Completed epoch 1474 / 2000;    current loss: 0.18286144733428955
INFO Gradient norm: 22.474658547278704
PROGRESS    Completed epoch 1475 / 2000;    current loss: 0.1809590607881546
INFO Gradient norm: 19.06128776105793
PROGRESS    Completed epoch 1476 / 2000;    current loss: 0.1806921660900116
INFO Gradient norm: 17.901591169364274
PROGRESS    Completed epoch 1477 / 2000;    current loss: 0.18007320165634155
INFO Gradient norm: 20.864070517642222
PROGRESS    Completed epoch 1478 / 2000;    current loss: 0.17978350818157196
INFO Gradient norm: 18.997408045803557
PROGRESS    Completed epoch 1479 / 2000;    current loss: 0.1777574121952057
INFO Gradient norm: 14.998604893331278
PROGRESS    Completed epoch 1480 / 2000;    current loss: 0.17617590725421906
INFO Gradient norm: 6.905478021863506
PROGRESS    Completed epoch 1481 / 2000;    current loss: 0.17357152700424194
INFO Gradient norm: 15.858663508512585
PROGRESS    Completed epoch 1482 / 2000;    current loss: 0.17209812998771667
INFO Gradient norm: 28.526342991299288
PROGRESS    Completed epoch 1483 / 2000;    current loss: 0.1796596646308899
INFO Gradient norm: 9.602870278203957
PROGRESS    Completed epoch 1484 / 2000;    current loss: 0.17460642755031586
INFO Gradient norm: 36.07106815559525
PROGRESS    Completed epoch 1485 / 2000;    current loss: 0.187673881649971
INFO Gradient norm: 32.16591948157411
PROGRESS    Completed epoch 1486 / 2000;    current loss: 0.18527191877365112
INFO Gradient norm: 14.416616217410882
PROGRESS    Completed epoch 1487 / 2000;    current loss: 0.1770268827676773
INFO Gradient norm: 18.831376684507354
PROGRESS    Completed epoch 1488 / 2000;    current loss: 0.17804032564163208
INFO Gradient norm: 19.624918962783784
PROGRESS    Completed epoch 1489 / 2000;    current loss: 0.1783788502216339
INFO Gradient norm: 13.494298889210906
PROGRESS    Completed epoch 1490 / 2000;    current loss: 0.17591050267219543
INFO Gradient norm: 26.168554619339968
PROGRESS    Completed epoch 1491 / 2000;    current loss: 0.18094603717327118
INFO Gradient norm: 14.858864206360783
PROGRESS    Completed epoch 1492 / 2000;    current loss: 0.177118182182312
INFO Gradient norm: 32.65714064106423
PROGRESS    Completed epoch 1493 / 2000;    current loss: 0.1857781857252121
INFO Gradient norm: 31.19623771441854
PROGRESS    Completed epoch 1494 / 2000;    current loss: 0.18485558032989502
INFO Gradient norm: 12.886361581493988
PROGRESS    Completed epoch 1495 / 2000;    current loss: 0.17648300528526306
INFO Gradient norm: 15.872167074967166
PROGRESS    Completed epoch 1496 / 2000;    current loss: 0.17635470628738403
INFO Gradient norm: 18.855327422065066
PROGRESS    Completed epoch 1497 / 2000;    current loss: 0.17619170248508453
INFO Gradient norm: 10.085013431456067
PROGRESS    Completed epoch 1498 / 2000;    current loss: 0.17239874601364136
INFO Gradient norm: 23.559549101855577
PROGRESS    Completed epoch 1499 / 2000;    current loss: 0.17675019800662994
INFO Gradient norm: 12.832668562408081
PROGRESS    Completed epoch 1500 / 2000;    current loss: 0.17247691750526428
INFO Gradient norm: 25.37659885825259
PROGRESS    Completed epoch 1501 / 2000;    current loss: 0.1774200201034546
INFO Gradient norm: 6.180268417200682
PROGRESS    Completed epoch 1502 / 2000;    current loss: 0.17375855147838593
INFO Gradient norm: 29.37390571356148
PROGRESS    Completed epoch 1503 / 2000;    current loss: 0.18160173296928406
INFO Gradient norm: 21.81185174616284
PROGRESS    Completed epoch 1504 / 2000;    current loss: 0.17787222564220428
INFO Gradient norm: 19.538811835649316
PROGRESS    Completed epoch 1505 / 2000;    current loss: 0.17757293581962585
INFO Gradient norm: 19.985067891123794
PROGRESS    Completed epoch 1506 / 2000;    current loss: 0.17732642590999603
INFO Gradient norm: 16.03486169275691
PROGRESS    Completed epoch 1507 / 2000;    current loss: 0.1743924468755722
INFO Gradient norm: 15.391098302025004
PROGRESS    Completed epoch 1508 / 2000;    current loss: 0.1725030094385147
INFO Gradient norm: 17.61928066926029
PROGRESS    Completed epoch 1509 / 2000;    current loss: 0.17119957506656647
INFO Gradient norm: 14.244527704311064
PROGRESS    Completed epoch 1510 / 2000;    current loss: 0.1684110015630722
INFO Gradient norm: 20.8590823982687
PROGRESS    Completed epoch 1511 / 2000;    current loss: 0.16926896572113037
INFO Gradient norm: 21.32325325162292
PROGRESS    Completed epoch 1512 / 2000;    current loss: 0.16937677562236786
INFO Gradient norm: 5.549200026206343
PROGRESS    Completed epoch 1513 / 2000;    current loss: 0.16645029187202454
INFO Gradient norm: 7.466640331031119
PROGRESS    Completed epoch 1514 / 2000;    current loss: 0.16734465956687927
INFO Gradient norm: 7.1584012363403815
PROGRESS    Completed epoch 1515 / 2000;    current loss: 0.16663090884685516
INFO Gradient norm: 13.315633734855837
PROGRESS    Completed epoch 1516 / 2000;    current loss: 0.166301891207695
INFO Gradient norm: 12.434252435956472
PROGRESS    Completed epoch 1517 / 2000;    current loss: 0.16668424010276794
INFO Gradient norm: 12.825440048110186
PROGRESS    Completed epoch 1518 / 2000;    current loss: 0.16766659915447235
INFO Gradient norm: 6.363557337103621
PROGRESS    Completed epoch 1519 / 2000;    current loss: 0.16677266359329224
INFO Gradient norm: 11.793715201270942
PROGRESS    Completed epoch 1520 / 2000;    current loss: 0.16563233733177185
INFO Gradient norm: 6.199341539328722
PROGRESS    Completed epoch 1521 / 2000;    current loss: 0.16553504765033722
INFO Gradient norm: 10.565421308544076
PROGRESS    Completed epoch 1522 / 2000;    current loss: 0.1666036993265152
INFO Gradient norm: 12.885030614029759
PROGRESS    Completed epoch 1523 / 2000;    current loss: 0.16658763587474823
INFO Gradient norm: 8.72627124436995
PROGRESS    Completed epoch 1524 / 2000;    current loss: 0.1650497317314148
INFO Gradient norm: 6.07661814441671
PROGRESS    Completed epoch 1525 / 2000;    current loss: 0.16310903429985046
INFO Gradient norm: 17.83764637030349
PROGRESS    Completed epoch 1526 / 2000;    current loss: 0.164270281791687
INFO Gradient norm: 17.1495889813386
PROGRESS    Completed epoch 1527 / 2000;    current loss: 0.1654634326696396
INFO Gradient norm: 7.839622411468429
PROGRESS    Completed epoch 1528 / 2000;    current loss: 0.1652495265007019
INFO Gradient norm: 7.03583018381143
PROGRESS    Completed epoch 1529 / 2000;    current loss: 0.16545544564723969
INFO Gradient norm: 14.536533410608726
PROGRESS    Completed epoch 1530 / 2000;    current loss: 0.16577500104904175
INFO Gradient norm: 6.408959435133403
PROGRESS    Completed epoch 1531 / 2000;    current loss: 0.16354306042194366
INFO Gradient norm: 5.223452928058696
PROGRESS    Completed epoch 1532 / 2000;    current loss: 0.16119183599948883
INFO Gradient norm: 13.44463759204585
PROGRESS    Completed epoch 1533 / 2000;    current loss: 0.16055886447429657
INFO Gradient norm: 11.053991324296277
PROGRESS    Completed epoch 1534 / 2000;    current loss: 0.1624927520751953
INFO Gradient norm: 15.627721724610582
PROGRESS    Completed epoch 1535 / 2000;    current loss: 0.16672345995903015
INFO Gradient norm: 7.053056205693033
PROGRESS    Completed epoch 1536 / 2000;    current loss: 0.16629214584827423
INFO Gradient norm: 18.283641553513064
PROGRESS    Completed epoch 1537 / 2000;    current loss: 0.16780292987823486
INFO Gradient norm: 8.220693935682391
PROGRESS    Completed epoch 1538 / 2000;    current loss: 0.163434237241745
INFO Gradient norm: 12.19020291780751
PROGRESS    Completed epoch 1539 / 2000;    current loss: 0.16500145196914673
INFO Gradient norm: 8.865876314194725
PROGRESS    Completed epoch 1540 / 2000;    current loss: 0.16424158215522766
INFO Gradient norm: 8.26874532275754
PROGRESS    Completed epoch 1541 / 2000;    current loss: 0.16391344368457794
INFO Gradient norm: 6.076316444744365
PROGRESS    Completed epoch 1542 / 2000;    current loss: 0.1620461493730545
INFO Gradient norm: 4.131866760519893
PROGRESS    Completed epoch 1543 / 2000;    current loss: 0.15944145619869232
INFO Gradient norm: 27.14365668131567
PROGRESS    Completed epoch 1544 / 2000;    current loss: 0.1670684814453125
INFO Gradient norm: 22.946013592375216
PROGRESS    Completed epoch 1545 / 2000;    current loss: 0.16564838588237762
INFO Gradient norm: 15.272395844452955
PROGRESS    Completed epoch 1546 / 2000;    current loss: 0.16391099989414215
INFO Gradient norm: 14.000888388044274
PROGRESS    Completed epoch 1547 / 2000;    current loss: 0.16505397856235504
INFO Gradient norm: 18.440016142252585
PROGRESS    Completed epoch 1548 / 2000;    current loss: 0.1670076847076416
INFO Gradient norm: 10.685990673482546
PROGRESS    Completed epoch 1549 / 2000;    current loss: 0.1663403958082199
INFO Gradient norm: 24.398136755524185
PROGRESS    Completed epoch 1550 / 2000;    current loss: 0.17204520106315613
INFO Gradient norm: 17.32851032063636
PROGRESS    Completed epoch 1551 / 2000;    current loss: 0.16867917776107788
INFO Gradient norm: 25.026555643442933
PROGRESS    Completed epoch 1552 / 2000;    current loss: 0.17061948776245117
INFO Gradient norm: 25.44534252413865
PROGRESS    Completed epoch 1553 / 2000;    current loss: 0.17044517397880554
INFO Gradient norm: 5.727856876543662
PROGRESS    Completed epoch 1554 / 2000;    current loss: 0.1657334864139557
INFO Gradient norm: 7.590443961697027
PROGRESS    Completed epoch 1555 / 2000;    current loss: 0.16575725376605988
INFO Gradient norm: 8.109423202438947
PROGRESS    Completed epoch 1556 / 2000;    current loss: 0.16296710073947906
INFO Gradient norm: 14.467831051070126
PROGRESS    Completed epoch 1557 / 2000;    current loss: 0.16310955584049225
INFO Gradient norm: 7.442881399038071
PROGRESS    Completed epoch 1558 / 2000;    current loss: 0.16116759181022644
INFO Gradient norm: 4.522697558715233
PROGRESS    Completed epoch 1559 / 2000;    current loss: 0.15950508415699005
INFO Gradient norm: 12.382284064333112
PROGRESS    Completed epoch 1560 / 2000;    current loss: 0.15924985706806183
INFO Gradient norm: 9.55577671420301
PROGRESS    Completed epoch 1561 / 2000;    current loss: 0.15887899696826935
INFO Gradient norm: 16.14767586041347
PROGRESS    Completed epoch 1562 / 2000;    current loss: 0.16248178482055664
INFO Gradient norm: 5.101659383564228
PROGRESS    Completed epoch 1563 / 2000;    current loss: 0.1614222377538681
INFO Gradient norm: 24.18693260142226
PROGRESS    Completed epoch 1564 / 2000;    current loss: 0.16619043052196503
INFO Gradient norm: 10.321136093741321
PROGRESS    Completed epoch 1565 / 2000;    current loss: 0.16072842478752136
INFO Gradient norm: 30.379513696396938
PROGRESS    Completed epoch 1566 / 2000;    current loss: 0.16842351853847504
INFO Gradient norm: 23.331114685781174
PROGRESS    Completed epoch 1567 / 2000;    current loss: 0.1642846018075943
INFO Gradient norm: 21.489309984615673
PROGRESS    Completed epoch 1568 / 2000;    current loss: 0.16304662823677063
INFO Gradient norm: 18.954104259154693
PROGRESS    Completed epoch 1569 / 2000;    current loss: 0.16208204627037048
INFO Gradient norm: 5.422099304607439
PROGRESS    Completed epoch 1570 / 2000;    current loss: 0.1606651395559311
INFO Gradient norm: 4.968154721094419
PROGRESS    Completed epoch 1571 / 2000;    current loss: 0.1611037254333496
INFO Gradient norm: 10.342005341993833
PROGRESS    Completed epoch 1572 / 2000;    current loss: 0.15991251170635223
INFO Gradient norm: 11.736409803290337
PROGRESS    Completed epoch 1573 / 2000;    current loss: 0.15858356654644012
INFO Gradient norm: 8.25548262327526
PROGRESS    Completed epoch 1574 / 2000;    current loss: 0.15715888142585754
INFO Gradient norm: 3.8019868625268862
PROGRESS    Completed epoch 1575 / 2000;    current loss: 0.1561308354139328
INFO Gradient norm: 4.521615997431264
PROGRESS    Completed epoch 1576 / 2000;    current loss: 0.1554129421710968
INFO Gradient norm: 7.6463728135879325
PROGRESS    Completed epoch 1577 / 2000;    current loss: 0.1565253734588623
INFO Gradient norm: 14.468447595146202
PROGRESS    Completed epoch 1578 / 2000;    current loss: 0.15854616463184357
INFO Gradient norm: 4.413107513554643
PROGRESS    Completed epoch 1579 / 2000;    current loss: 0.15742023289203644
INFO Gradient norm: 13.934754402278905
PROGRESS    Completed epoch 1580 / 2000;    current loss: 0.15860117971897125
INFO Gradient norm: 10.884446988997391
PROGRESS    Completed epoch 1581 / 2000;    current loss: 0.15808068215847015
INFO Gradient norm: 4.927704169562115
PROGRESS    Completed epoch 1582 / 2000;    current loss: 0.15675577521324158
INFO Gradient norm: 11.339731480157663
PROGRESS    Completed epoch 1583 / 2000;    current loss: 0.15683558583259583
INFO Gradient norm: 6.609839469435529
PROGRESS    Completed epoch 1584 / 2000;    current loss: 0.15608419477939606
INFO Gradient norm: 8.160506347216216
PROGRESS    Completed epoch 1585 / 2000;    current loss: 0.15581931173801422
INFO Gradient norm: 3.7323683713167135
PROGRESS    Completed epoch 1586 / 2000;    current loss: 0.1548234224319458
INFO Gradient norm: 9.495706792581627
PROGRESS    Completed epoch 1587 / 2000;    current loss: 0.15425024926662445
INFO Gradient norm: 12.775864711073346
PROGRESS    Completed epoch 1588 / 2000;    current loss: 0.15588441491127014
INFO Gradient norm: 20.046577054578837
PROGRESS    Completed epoch 1589 / 2000;    current loss: 0.15881586074829102
INFO Gradient norm: 10.584710582168219
PROGRESS    Completed epoch 1590 / 2000;    current loss: 0.15644976496696472
INFO Gradient norm: 29.280157179428986
PROGRESS    Completed epoch 1591 / 2000;    current loss: 0.16439856588840485
INFO Gradient norm: 22.980285363456183
PROGRESS    Completed epoch 1592 / 2000;    current loss: 0.16198137402534485
INFO Gradient norm: 20.426449055211524
PROGRESS    Completed epoch 1593 / 2000;    current loss: 0.16194188594818115
INFO Gradient norm: 20.390536953169363
PROGRESS    Completed epoch 1594 / 2000;    current loss: 0.16226769983768463
INFO Gradient norm: 16.47002443879754
PROGRESS    Completed epoch 1595 / 2000;    current loss: 0.16150137782096863
INFO Gradient norm: 10.30650147373016
PROGRESS    Completed epoch 1596 / 2000;    current loss: 0.16054600477218628
INFO Gradient norm: 26.536798732487117
PROGRESS    Completed epoch 1597 / 2000;    current loss: 0.16666002571582794
INFO Gradient norm: 19.891178619495452
PROGRESS    Completed epoch 1598 / 2000;    current loss: 0.1633465588092804
INFO Gradient norm: 22.73703617701614
PROGRESS    Completed epoch 1599 / 2000;    current loss: 0.16393208503723145
INFO Gradient norm: 22.61021923338354
PROGRESS    Completed epoch 1600 / 2000;    current loss: 0.16353198885917664
INFO Gradient norm: 15.165912556664043
PROGRESS    Completed epoch 1601 / 2000;    current loss: 0.16059225797653198
INFO Gradient norm: 12.915340821145959
PROGRESS    Completed epoch 1602 / 2000;    current loss: 0.15954196453094482
INFO Gradient norm: 23.508422764862033
PROGRESS    Completed epoch 1603 / 2000;    current loss: 0.16286228597164154
INFO Gradient norm: 17.828061421171366
PROGRESS    Completed epoch 1604 / 2000;    current loss: 0.1601041555404663
INFO Gradient norm: 21.74952773590461
PROGRESS    Completed epoch 1605 / 2000;    current loss: 0.16129744052886963
INFO Gradient norm: 4.266133073099019
PROGRESS    Completed epoch 1606 / 2000;    current loss: 0.15816761553287506
INFO Gradient norm: 17.949631763315857
PROGRESS    Completed epoch 1607 / 2000;    current loss: 0.1611049473285675
INFO Gradient norm: 7.5640112617620465
PROGRESS    Completed epoch 1608 / 2000;    current loss: 0.15889985859394073
INFO Gradient norm: 25.180580343760212
PROGRESS    Completed epoch 1609 / 2000;    current loss: 0.16561569273471832
INFO Gradient norm: 17.873096730204402
PROGRESS    Completed epoch 1610 / 2000;    current loss: 0.16242069005966187
INFO Gradient norm: 21.200155421692216
PROGRESS    Completed epoch 1611 / 2000;    current loss: 0.16303139925003052
INFO Gradient norm: 22.618714661729655
PROGRESS    Completed epoch 1612 / 2000;    current loss: 0.16324856877326965
INFO Gradient norm: 9.410614520694766
PROGRESS    Completed epoch 1613 / 2000;    current loss: 0.15864621102809906
INFO Gradient norm: 8.160143129712319
PROGRESS    Completed epoch 1614 / 2000;    current loss: 0.15769514441490173
INFO Gradient norm: 19.927272076345957
PROGRESS    Completed epoch 1615 / 2000;    current loss: 0.16017594933509827
INFO Gradient norm: 9.687102572616205
PROGRESS    Completed epoch 1616 / 2000;    current loss: 0.15664933621883392
INFO Gradient norm: 23.912374938842262
PROGRESS    Completed epoch 1617 / 2000;    current loss: 0.1611504852771759
INFO Gradient norm: 6.595501470808936
PROGRESS    Completed epoch 1618 / 2000;    current loss: 0.15739046037197113
INFO Gradient norm: 5.696817185648338
PROGRESS    Completed epoch 1619 / 2000;    current loss: 0.15891596674919128
INFO Gradient norm: 10.00104155015835
PROGRESS    Completed epoch 1620 / 2000;    current loss: 0.15987394750118256
INFO Gradient norm: 14.231411961352611
PROGRESS    Completed epoch 1621 / 2000;    current loss: 0.16038593649864197
INFO Gradient norm: 5.844645649548459
PROGRESS    Completed epoch 1622 / 2000;    current loss: 0.15873178839683533
INFO Gradient norm: 14.265871834276064
PROGRESS    Completed epoch 1623 / 2000;    current loss: 0.15950877964496613
INFO Gradient norm: 4.032861319459299
PROGRESS    Completed epoch 1624 / 2000;    current loss: 0.157809317111969
INFO Gradient norm: 12.52376370157893
PROGRESS    Completed epoch 1625 / 2000;    current loss: 0.1583520621061325
INFO Gradient norm: 10.97656353833346
PROGRESS    Completed epoch 1626 / 2000;    current loss: 0.157294362783432
INFO Gradient norm: 3.8026071293596324
PROGRESS    Completed epoch 1627 / 2000;    current loss: 0.15559178590774536
INFO Gradient norm: 2.217406421679181
PROGRESS    Completed epoch 1628 / 2000;    current loss: 0.15425878763198853
INFO Gradient norm: 17.480869899471195
PROGRESS    Completed epoch 1629 / 2000;    current loss: 0.1562814563512802
INFO Gradient norm: 3.4547965226408066
PROGRESS    Completed epoch 1630 / 2000;    current loss: 0.15305782854557037
INFO Gradient norm: 3.282375501937209
PROGRESS    Completed epoch 1631 / 2000;    current loss: 0.1538320779800415
INFO Gradient norm: 6.995729766387837
PROGRESS    Completed epoch 1632 / 2000;    current loss: 0.1535443812608719
INFO Gradient norm: 12.889977164929986
PROGRESS    Completed epoch 1633 / 2000;    current loss: 0.15447257459163666
INFO Gradient norm: 4.2810885237921035
PROGRESS    Completed epoch 1634 / 2000;    current loss: 0.15331605076789856
INFO Gradient norm: 11.701515635507766
PROGRESS    Completed epoch 1635 / 2000;    current loss: 0.154285728931427
INFO Gradient norm: 5.701492548104579
PROGRESS    Completed epoch 1636 / 2000;    current loss: 0.15362654626369476
INFO Gradient norm: 19.535887185673595
PROGRESS    Completed epoch 1637 / 2000;    current loss: 0.15789848566055298
INFO Gradient norm: 14.089003978085211
PROGRESS    Completed epoch 1638 / 2000;    current loss: 0.15732043981552124
INFO Gradient norm: 18.353539532021134
PROGRESS    Completed epoch 1639 / 2000;    current loss: 0.16018450260162354
INFO Gradient norm: 13.47837520037869
PROGRESS    Completed epoch 1640 / 2000;    current loss: 0.1588737815618515
INFO Gradient norm: 22.744363388984702
PROGRESS    Completed epoch 1641 / 2000;    current loss: 0.16130448877811432
INFO Gradient norm: 21.197774079157313
PROGRESS    Completed epoch 1642 / 2000;    current loss: 0.1603756994009018
INFO Gradient norm: 13.190907072462096
PROGRESS    Completed epoch 1643 / 2000;    current loss: 0.1578540802001953
INFO Gradient norm: 10.48438071057301
PROGRESS    Completed epoch 1644 / 2000;    current loss: 0.15660934150218964
INFO Gradient norm: 30.381902331499642
PROGRESS    Completed epoch 1645 / 2000;    current loss: 0.16407524049282074
INFO Gradient norm: 27.383074135811718
PROGRESS    Completed epoch 1646 / 2000;    current loss: 0.1622057855129242
INFO Gradient norm: 12.381623043979879
PROGRESS    Completed epoch 1647 / 2000;    current loss: 0.15635628998279572
INFO Gradient norm: 5.5814617266402795
PROGRESS    Completed epoch 1648 / 2000;    current loss: 0.1566280573606491
INFO Gradient norm: 7.2110541774046775
PROGRESS    Completed epoch 1649 / 2000;    current loss: 0.15659689903259277
INFO Gradient norm: 13.64822956286662
PROGRESS    Completed epoch 1650 / 2000;    current loss: 0.15715552866458893
INFO Gradient norm: 3.4615667741122302
PROGRESS    Completed epoch 1651 / 2000;    current loss: 0.15532690286636353
INFO Gradient norm: 10.857501185196316
PROGRESS    Completed epoch 1652 / 2000;    current loss: 0.15540556609630585
INFO Gradient norm: 9.084259862800172
PROGRESS    Completed epoch 1653 / 2000;    current loss: 0.15422439575195312
INFO Gradient norm: 5.8923360780582446
PROGRESS    Completed epoch 1654 / 2000;    current loss: 0.15364336967468262
INFO Gradient norm: 2.1389651733719264
PROGRESS    Completed epoch 1655 / 2000;    current loss: 0.15317542850971222
INFO Gradient norm: 4.059450329120312
PROGRESS    Completed epoch 1656 / 2000;    current loss: 0.1530981957912445
INFO Gradient norm: 18.937808415456548
PROGRESS    Completed epoch 1657 / 2000;    current loss: 0.15614843368530273
INFO Gradient norm: 3.669498317625354
PROGRESS    Completed epoch 1658 / 2000;    current loss: 0.1531054675579071
INFO Gradient norm: 29.767329465831157
PROGRESS    Completed epoch 1659 / 2000;    current loss: 0.16146010160446167
INFO Gradient norm: 21.842964240446552
PROGRESS    Completed epoch 1660 / 2000;    current loss: 0.15696826577186584
INFO Gradient norm: 12.587314304235731
PROGRESS    Completed epoch 1661 / 2000;    current loss: 0.15409047901630402
INFO Gradient norm: 7.202591003425697
PROGRESS    Completed epoch 1662 / 2000;    current loss: 0.15446625649929047
INFO Gradient norm: 5.724202926517495
PROGRESS    Completed epoch 1663 / 2000;    current loss: 0.15551476180553436
INFO Gradient norm: 4.6910028304899045
PROGRESS    Completed epoch 1664 / 2000;    current loss: 0.15479135513305664
INFO Gradient norm: 3.564056775826758
PROGRESS    Completed epoch 1665 / 2000;    current loss: 0.15282543003559113
INFO Gradient norm: 5.749654964066521
PROGRESS    Completed epoch 1666 / 2000;    current loss: 0.1517612338066101
INFO Gradient norm: 7.888283672732523
PROGRESS    Completed epoch 1667 / 2000;    current loss: 0.15240055322647095
INFO Gradient norm: 36.01549074560043
PROGRESS    Completed epoch 1668 / 2000;    current loss: 0.16633258759975433
INFO Gradient norm: 36.641226839304636
PROGRESS    Completed epoch 1669 / 2000;    current loss: 0.16840997338294983
INFO Gradient norm: 4.374689189383716
PROGRESS    Completed epoch 1670 / 2000;    current loss: 0.15675869584083557
INFO Gradient norm: 15.386264420718403
PROGRESS    Completed epoch 1671 / 2000;    current loss: 0.15935474634170532
INFO Gradient norm: 7.383331409188481
PROGRESS    Completed epoch 1672 / 2000;    current loss: 0.15815399587154388
INFO Gradient norm: 4.3086919831779
PROGRESS    Completed epoch 1673 / 2000;    current loss: 0.1573871225118637
INFO Gradient norm: 5.844518310545291
PROGRESS    Completed epoch 1674 / 2000;    current loss: 0.15586696565151215
INFO Gradient norm: 13.625017309600501
PROGRESS    Completed epoch 1675 / 2000;    current loss: 0.1558273285627365
INFO Gradient norm: 16.29856228099755
PROGRESS    Completed epoch 1676 / 2000;    current loss: 0.156570166349411
INFO Gradient norm: 3.477113930282461
PROGRESS    Completed epoch 1677 / 2000;    current loss: 0.15438169240951538
INFO Gradient norm: 8.832490015175054
PROGRESS    Completed epoch 1678 / 2000;    current loss: 0.15445207059383392
INFO Gradient norm: 9.54341305665671
PROGRESS    Completed epoch 1679 / 2000;    current loss: 0.15413594245910645
INFO Gradient norm: 3.441688740910233
PROGRESS    Completed epoch 1680 / 2000;    current loss: 0.15302883088588715
INFO Gradient norm: 3.1890512740416526
PROGRESS    Completed epoch 1681 / 2000;    current loss: 0.1520632654428482
INFO Gradient norm: 2.527347311346136
PROGRESS    Completed epoch 1682 / 2000;    current loss: 0.15164010226726532
INFO Gradient norm: 2.8718721895968566
PROGRESS    Completed epoch 1683 / 2000;    current loss: 0.1515735387802124
INFO Gradient norm: 16.23422954067657
PROGRESS    Completed epoch 1684 / 2000;    current loss: 0.153824582695961
INFO Gradient norm: 5.257077584729263
PROGRESS    Completed epoch 1685 / 2000;    current loss: 0.15247727930545807
INFO Gradient norm: 2.9708428038408097
PROGRESS    Completed epoch 1686 / 2000;    current loss: 0.15252241492271423
INFO Gradient norm: 3.830717630952867
PROGRESS    Completed epoch 1687 / 2000;    current loss: 0.15148015320301056
INFO Gradient norm: 5.025471625842914
PROGRESS    Completed epoch 1688 / 2000;    current loss: 0.15119443833827972
INFO Gradient norm: 15.86219431554762
PROGRESS    Completed epoch 1689 / 2000;    current loss: 0.15355432033538818
INFO Gradient norm: 1.9011978771620166
PROGRESS    Completed epoch 1690 / 2000;    current loss: 0.1509229689836502
INFO Gradient norm: 18.9878906953798
PROGRESS    Completed epoch 1691 / 2000;    current loss: 0.15409046411514282
INFO Gradient norm: 6.96555502096633
PROGRESS    Completed epoch 1692 / 2000;    current loss: 0.15100818872451782
INFO Gradient norm: 2.5615764193077357
PROGRESS    Completed epoch 1693 / 2000;    current loss: 0.15198808908462524
INFO Gradient norm: 3.4955792566149406
PROGRESS    Completed epoch 1694 / 2000;    current loss: 0.15243786573410034
INFO Gradient norm: 8.00594243176698
PROGRESS    Completed epoch 1695 / 2000;    current loss: 0.15209907293319702
INFO Gradient norm: 8.272846201442725
PROGRESS    Completed epoch 1696 / 2000;    current loss: 0.15230348706245422
INFO Gradient norm: 18.60923229646972
PROGRESS    Completed epoch 1697 / 2000;    current loss: 0.15603885054588318
INFO Gradient norm: 12.155314623436299
PROGRESS    Completed epoch 1698 / 2000;    current loss: 0.1548832654953003
INFO Gradient norm: 21.672277290613128
PROGRESS    Completed epoch 1699 / 2000;    current loss: 0.15845739841461182
INFO Gradient norm: 19.797556285245555
PROGRESS    Completed epoch 1700 / 2000;    current loss: 0.1583184152841568
INFO Gradient norm: 12.898003963950728
PROGRESS    Completed epoch 1701 / 2000;    current loss: 0.15574346482753754
INFO Gradient norm: 13.69388107260913
PROGRESS    Completed epoch 1702 / 2000;    current loss: 0.1556190699338913
INFO Gradient norm: 13.902030247058159
PROGRESS    Completed epoch 1703 / 2000;    current loss: 0.1554402858018875
INFO Gradient norm: 8.681237649430637
PROGRESS    Completed epoch 1704 / 2000;    current loss: 0.15363764762878418
INFO Gradient norm: 22.799949548884868
PROGRESS    Completed epoch 1705 / 2000;    current loss: 0.15754540264606476
INFO Gradient norm: 20.03747044195127
PROGRESS    Completed epoch 1706 / 2000;    current loss: 0.1559155434370041
INFO Gradient norm: 12.585450134381361
PROGRESS    Completed epoch 1707 / 2000;    current loss: 0.15274643898010254
INFO Gradient norm: 12.928245400349594
PROGRESS    Completed epoch 1708 / 2000;    current loss: 0.152631938457489
INFO Gradient norm: 11.795790229553718
PROGRESS    Completed epoch 1709 / 2000;    current loss: 0.15232180058956146
INFO Gradient norm: 4.325179102523156
PROGRESS    Completed epoch 1710 / 2000;    current loss: 0.15126636624336243
INFO Gradient norm: 17.27901277338557
PROGRESS    Completed epoch 1711 / 2000;    current loss: 0.1542925238609314
INFO Gradient norm: 15.078051574000359
PROGRESS    Completed epoch 1712 / 2000;    current loss: 0.15427494049072266
INFO Gradient norm: 10.381129445994494
PROGRESS    Completed epoch 1713 / 2000;    current loss: 0.1541457176208496
INFO Gradient norm: 24.547425809930985
PROGRESS    Completed epoch 1714 / 2000;    current loss: 0.1600666046142578
INFO Gradient norm: 19.490717520729067
PROGRESS    Completed epoch 1715 / 2000;    current loss: 0.15843985974788666
INFO Gradient norm: 19.964992540742514
PROGRESS    Completed epoch 1716 / 2000;    current loss: 0.15956512093544006
INFO Gradient norm: 19.85946442940723
PROGRESS    Completed epoch 1717 / 2000;    current loss: 0.16001765429973602
INFO Gradient norm: 15.40286016877933
PROGRESS    Completed epoch 1718 / 2000;    current loss: 0.15927281975746155
INFO Gradient norm: 12.606362582702335
PROGRESS    Completed epoch 1719 / 2000;    current loss: 0.158523291349411
INFO Gradient norm: 20.096499995254074
PROGRESS    Completed epoch 1720 / 2000;    current loss: 0.16078250110149384
INFO Gradient norm: 11.849121336131262
PROGRESS    Completed epoch 1721 / 2000;    current loss: 0.15892393887043
INFO Gradient norm: 26.41705941097588
PROGRESS    Completed epoch 1722 / 2000;    current loss: 0.16454385221004486
INFO Gradient norm: 23.14600436831698
PROGRESS    Completed epoch 1723 / 2000;    current loss: 0.1626666635274887
INFO Gradient norm: 15.604930939544948
PROGRESS    Completed epoch 1724 / 2000;    current loss: 0.15910805761814117
INFO Gradient norm: 15.796610190493418
PROGRESS    Completed epoch 1725 / 2000;    current loss: 0.15878990292549133
INFO Gradient norm: 17.895034307566213
PROGRESS    Completed epoch 1726 / 2000;    current loss: 0.1592954397201538
INFO Gradient norm: 13.244208504607668
PROGRESS    Completed epoch 1727 / 2000;    current loss: 0.1575109362602234
INFO Gradient norm: 23.124450155880496
PROGRESS    Completed epoch 1728 / 2000;    current loss: 0.1605064570903778
INFO Gradient norm: 19.99231288654779
PROGRESS    Completed epoch 1729 / 2000;    current loss: 0.1588936299085617
INFO Gradient norm: 17.54026371613762
PROGRESS    Completed epoch 1730 / 2000;    current loss: 0.15767265856266022
INFO Gradient norm: 17.047667470182184
PROGRESS    Completed epoch 1731 / 2000;    current loss: 0.15719348192214966
INFO Gradient norm: 16.65125036129291
PROGRESS    Completed epoch 1732 / 2000;    current loss: 0.1568693369626999
INFO Gradient norm: 12.554998397212296
PROGRESS    Completed epoch 1733 / 2000;    current loss: 0.15541450679302216
INFO Gradient norm: 23.922444506597127
PROGRESS    Completed epoch 1734 / 2000;    current loss: 0.15891940891742706
INFO Gradient norm: 20.92580748268472
PROGRESS    Completed epoch 1735 / 2000;    current loss: 0.1574295610189438
INFO Gradient norm: 15.816192338365008
PROGRESS    Completed epoch 1736 / 2000;    current loss: 0.15560653805732727
INFO Gradient norm: 14.257290754781506
PROGRESS    Completed epoch 1737 / 2000;    current loss: 0.15491263568401337
INFO Gradient norm: 14.328224666116647
PROGRESS    Completed epoch 1738 / 2000;    current loss: 0.15485821664333344
INFO Gradient norm: 4.819788489496353
PROGRESS    Completed epoch 1739 / 2000;    current loss: 0.15350762009620667
INFO Gradient norm: 2.922090804646446
PROGRESS    Completed epoch 1740 / 2000;    current loss: 0.1538541465997696
INFO Gradient norm: 3.5148877443035254
PROGRESS    Completed epoch 1741 / 2000;    current loss: 0.15324243903160095
INFO Gradient norm: 5.014523784450189
PROGRESS    Completed epoch 1742 / 2000;    current loss: 0.152226060628891
INFO Gradient norm: 7.793703851225699
PROGRESS    Completed epoch 1743 / 2000;    current loss: 0.15184332430362701
INFO Gradient norm: 5.258680765313864
PROGRESS    Completed epoch 1744 / 2000;    current loss: 0.15148407220840454
INFO Gradient norm: 9.876656015147791
PROGRESS    Completed epoch 1745 / 2000;    current loss: 0.15232153236865997
INFO Gradient norm: 4.224277020306449
PROGRESS    Completed epoch 1746 / 2000;    current loss: 0.15177816152572632
INFO Gradient norm: 6.769158788400265
PROGRESS    Completed epoch 1747 / 2000;    current loss: 0.1518940031528473
INFO Gradient norm: 7.19040842693446
PROGRESS    Completed epoch 1748 / 2000;    current loss: 0.15242283046245575
INFO Gradient norm: 14.415395499562806
PROGRESS    Completed epoch 1749 / 2000;    current loss: 0.15457148849964142
INFO Gradient norm: 3.409361757917625
PROGRESS    Completed epoch 1750 / 2000;    current loss: 0.1528708040714264
INFO Gradient norm: 18.47150225136367
PROGRESS    Completed epoch 1751 / 2000;    current loss: 0.15502625703811646
INFO Gradient norm: 2.6182999085397376
PROGRESS    Completed epoch 1752 / 2000;    current loss: 0.1517723798751831
INFO Gradient norm: 3.6533665699233024
PROGRESS    Completed epoch 1753 / 2000;    current loss: 0.15115578472614288
INFO Gradient norm: 30.239829223507478
PROGRESS    Completed epoch 1754 / 2000;    current loss: 0.16009166836738586
INFO Gradient norm: 28.872788682107835
PROGRESS    Completed epoch 1755 / 2000;    current loss: 0.1591859757900238
INFO Gradient norm: 9.86695412379913
PROGRESS    Completed epoch 1756 / 2000;    current loss: 0.15260940790176392
INFO Gradient norm: 31.96484369756385
PROGRESS    Completed epoch 1757 / 2000;    current loss: 0.1631045937538147
INFO Gradient norm: 35.83470539446392
PROGRESS    Completed epoch 1758 / 2000;    current loss: 0.16624018549919128
INFO Gradient norm: 7.030219315409431
PROGRESS    Completed epoch 1759 / 2000;    current loss: 0.15411420166492462
INFO Gradient norm: 42.721619274656206
PROGRESS    Completed epoch 1760 / 2000;    current loss: 0.17192988097667694
INFO Gradient norm: 53.73760901700075
PROGRESS    Completed epoch 1761 / 2000;    current loss: 0.18342232704162598
INFO Gradient norm: 32.90322758536479
PROGRESS    Completed epoch 1762 / 2000;    current loss: 0.1646614521741867
INFO Gradient norm: 12.69967010843929
PROGRESS    Completed epoch 1763 / 2000;    current loss: 0.15665367245674133
INFO Gradient norm: 6.340039784140248
PROGRESS    Completed epoch 1764 / 2000;    current loss: 0.15823188424110413
INFO Gradient norm: 16.952155722590316
PROGRESS    Completed epoch 1765 / 2000;    current loss: 0.1612188071012497
INFO Gradient norm: 6.384474966650812
PROGRESS    Completed epoch 1766 / 2000;    current loss: 0.15947848558425903
INFO Gradient norm: 18.17111032280547
PROGRESS    Completed epoch 1767 / 2000;    current loss: 0.16115576028823853
INFO Gradient norm: 5.502409254463889
PROGRESS    Completed epoch 1768 / 2000;    current loss: 0.15664026141166687
INFO Gradient norm: 16.174224279172595
PROGRESS    Completed epoch 1769 / 2000;    current loss: 0.1572742462158203
INFO Gradient norm: 2.612647796460317
PROGRESS    Completed epoch 1770 / 2000;    current loss: 0.15407148003578186
INFO Gradient norm: 13.696857463490918
PROGRESS    Completed epoch 1771 / 2000;    current loss: 0.15468432009220123
INFO Gradient norm: 13.546087833233377
PROGRESS    Completed epoch 1772 / 2000;    current loss: 0.15450288355350494
INFO Gradient norm: 11.76158699975106
PROGRESS    Completed epoch 1773 / 2000;    current loss: 0.15396568179130554
INFO Gradient norm: 6.2581725073399985
PROGRESS    Completed epoch 1774 / 2000;    current loss: 0.15288446843624115
INFO Gradient norm: 9.006776505169087
PROGRESS    Completed epoch 1775 / 2000;    current loss: 0.153350830078125
INFO Gradient norm: 6.752662910365219
PROGRESS    Completed epoch 1776 / 2000;    current loss: 0.15326885879039764
INFO Gradient norm: 14.885148072416467
PROGRESS    Completed epoch 1777 / 2000;    current loss: 0.15549561381340027
INFO Gradient norm: 4.029297793185794
PROGRESS    Completed epoch 1778 / 2000;    current loss: 0.15435932576656342
INFO Gradient norm: 19.32902243802497
PROGRESS    Completed epoch 1779 / 2000;    current loss: 0.15804705023765564
INFO Gradient norm: 7.910722351524807
PROGRESS    Completed epoch 1780 / 2000;    current loss: 0.155155211687088
INFO Gradient norm: 25.98305717534446
PROGRESS    Completed epoch 1781 / 2000;    current loss: 0.16139422357082367
INFO Gradient norm: 22.356856285825376
PROGRESS    Completed epoch 1782 / 2000;    current loss: 0.16017290949821472
INFO Gradient norm: 13.684165529823753
PROGRESS    Completed epoch 1783 / 2000;    current loss: 0.15797848999500275
INFO Gradient norm: 14.856847508969878
PROGRESS    Completed epoch 1784 / 2000;    current loss: 0.15851829946041107
INFO Gradient norm: 15.220405691717156
PROGRESS    Completed epoch 1785 / 2000;    current loss: 0.1582392454147339
INFO Gradient norm: 11.447979035147009
PROGRESS    Completed epoch 1786 / 2000;    current loss: 0.15698164701461792
INFO Gradient norm: 20.108935239614468
PROGRESS    Completed epoch 1787 / 2000;    current loss: 0.15966784954071045
INFO Gradient norm: 14.916023245187768
PROGRESS    Completed epoch 1788 / 2000;    current loss: 0.1574409455060959
INFO Gradient norm: 19.97899364527225
PROGRESS    Completed epoch 1789 / 2000;    current loss: 0.15825247764587402
INFO Gradient norm: 19.436365135628236
PROGRESS    Completed epoch 1790 / 2000;    current loss: 0.15816880762577057
INFO Gradient norm: 12.420576397603453
PROGRESS    Completed epoch 1791 / 2000;    current loss: 0.15573588013648987
INFO Gradient norm: 11.438493083014855
PROGRESS    Completed epoch 1792 / 2000;    current loss: 0.15533669292926788
INFO Gradient norm: 18.156320300879877
PROGRESS    Completed epoch 1793 / 2000;    current loss: 0.15695080161094666
INFO Gradient norm: 13.474406942393587
PROGRESS    Completed epoch 1794 / 2000;    current loss: 0.15544381737709045
INFO Gradient norm: 20.41901322312013
PROGRESS    Completed epoch 1795 / 2000;    current loss: 0.15775078535079956
INFO Gradient norm: 17.632238921432744
PROGRESS    Completed epoch 1796 / 2000;    current loss: 0.1560428887605667
INFO Gradient norm: 15.820949370794997
PROGRESS    Completed epoch 1797 / 2000;    current loss: 0.15606388449668884
INFO Gradient norm: 14.668952637543386
PROGRESS    Completed epoch 1798 / 2000;    current loss: 0.15559273958206177
INFO Gradient norm: 7.641594784225792
PROGRESS    Completed epoch 1799 / 2000;    current loss: 0.15412431955337524
INFO Gradient norm: 8.215909232184917
PROGRESS    Completed epoch 1800 / 2000;    current loss: 0.15472999215126038
INFO Gradient norm: 3.187761291174346
PROGRESS    Completed epoch 1801 / 2000;    current loss: 0.1548180729150772
INFO Gradient norm: 3.1711138574336033
PROGRESS    Completed epoch 1802 / 2000;    current loss: 0.15433041751384735
INFO Gradient norm: 6.773384186359247
PROGRESS    Completed epoch 1803 / 2000;    current loss: 0.15335553884506226
INFO Gradient norm: 8.33894215381918
PROGRESS    Completed epoch 1804 / 2000;    current loss: 0.15260696411132812
INFO Gradient norm: 3.4041309044890222
PROGRESS    Completed epoch 1805 / 2000;    current loss: 0.1513742357492447
INFO Gradient norm: 8.058445469197576
PROGRESS    Completed epoch 1806 / 2000;    current loss: 0.15146927535533905
INFO Gradient norm: 1.2351700642004708
PROGRESS    Completed epoch 1807 / 2000;    current loss: 0.15088842809200287
INFO Gradient norm: 4.211171658456357
PROGRESS    Completed epoch 1808 / 2000;    current loss: 0.1509968489408493
INFO Gradient norm: 16.249341064890864
PROGRESS    Completed epoch 1809 / 2000;    current loss: 0.15327070653438568
INFO Gradient norm: 2.7087629345358937
PROGRESS    Completed epoch 1810 / 2000;    current loss: 0.15079157054424286
INFO Gradient norm: 27.700912443228972
PROGRESS    Completed epoch 1811 / 2000;    current loss: 0.15742531418800354
INFO Gradient norm: 19.968443128972876
PROGRESS    Completed epoch 1812 / 2000;    current loss: 0.15388697385787964
INFO Gradient norm: 16.80942250641872
PROGRESS    Completed epoch 1813 / 2000;    current loss: 0.15324509143829346
INFO Gradient norm: 14.864451748962507
PROGRESS    Completed epoch 1814 / 2000;    current loss: 0.15304823219776154
INFO Gradient norm: 20.05867477532836
PROGRESS    Completed epoch 1815 / 2000;    current loss: 0.15530191361904144
INFO Gradient norm: 18.11936485625546
PROGRESS    Completed epoch 1816 / 2000;    current loss: 0.15518325567245483
INFO Gradient norm: 16.09909039853996
PROGRESS    Completed epoch 1817 / 2000;    current loss: 0.15479718148708344
INFO Gradient norm: 14.558656813201557
PROGRESS    Completed epoch 1818 / 2000;    current loss: 0.15462997555732727
INFO Gradient norm: 18.275731038416165
PROGRESS    Completed epoch 1819 / 2000;    current loss: 0.15603101253509521
INFO Gradient norm: 14.841238224230082
PROGRESS    Completed epoch 1820 / 2000;    current loss: 0.1550099104642868
INFO Gradient norm: 19.409836885687643
PROGRESS    Completed epoch 1821 / 2000;    current loss: 0.1563291996717453
INFO Gradient norm: 17.16276765419797
PROGRESS    Completed epoch 1822 / 2000;    current loss: 0.15544916689395905
INFO Gradient norm: 5.168322037689914
PROGRESS    Completed epoch 1823 / 2000;    current loss: 0.1535184383392334
INFO Gradient norm: 8.972175778310152
PROGRESS    Completed epoch 1824 / 2000;    current loss: 0.15476387739181519
INFO Gradient norm: 4.912293042918857
PROGRESS    Completed epoch 1825 / 2000;    current loss: 0.15480409562587738
INFO Gradient norm: 4.011640817914107
PROGRESS    Completed epoch 1826 / 2000;    current loss: 0.15375739336013794
INFO Gradient norm: 8.219480319890627
PROGRESS    Completed epoch 1827 / 2000;    current loss: 0.15224626660346985
INFO Gradient norm: 6.422113061590537
PROGRESS    Completed epoch 1828 / 2000;    current loss: 0.15114504098892212
INFO Gradient norm: 1.880600537221137
PROGRESS    Completed epoch 1829 / 2000;    current loss: 0.15043076872825623
INFO Gradient norm: 3.298165194842592
PROGRESS    Completed epoch 1830 / 2000;    current loss: 0.15045438706874847
INFO Gradient norm: 27.24728065274182
PROGRESS    Completed epoch 1831 / 2000;    current loss: 0.1572224199771881
INFO Gradient norm: 21.109723678743133
PROGRESS    Completed epoch 1832 / 2000;    current loss: 0.15436048805713654
INFO Gradient norm: 9.316368920888484
PROGRESS    Completed epoch 1833 / 2000;    current loss: 0.15115045011043549
INFO Gradient norm: 6.26238391653183
PROGRESS    Completed epoch 1834 / 2000;    current loss: 0.1513289213180542
INFO Gradient norm: 21.571691757260847
PROGRESS    Completed epoch 1835 / 2000;    current loss: 0.15611636638641357
INFO Gradient norm: 15.644893878513821
PROGRESS    Completed epoch 1836 / 2000;    current loss: 0.15473079681396484
INFO Gradient norm: 19.20364259283386
PROGRESS    Completed epoch 1837 / 2000;    current loss: 0.15694159269332886
INFO Gradient norm: 19.33325933044096
PROGRESS    Completed epoch 1838 / 2000;    current loss: 0.1575634926557541
INFO Gradient norm: 11.579359242479018
PROGRESS    Completed epoch 1839 / 2000;    current loss: 0.15495453774929047
INFO Gradient norm: 11.969773552275564
PROGRESS    Completed epoch 1840 / 2000;    current loss: 0.15544550120830536
INFO Gradient norm: 15.27871715486073
PROGRESS    Completed epoch 1841 / 2000;    current loss: 0.15637405216693878
INFO Gradient norm: 9.320207529680586
PROGRESS    Completed epoch 1842 / 2000;    current loss: 0.15464457869529724
INFO Gradient norm: 23.44442682426656
PROGRESS    Completed epoch 1843 / 2000;    current loss: 0.15885388851165771
INFO Gradient norm: 21.416121589584098
PROGRESS    Completed epoch 1844 / 2000;    current loss: 0.15766765177249908
INFO Gradient norm: 11.15758106000285
PROGRESS    Completed epoch 1845 / 2000;    current loss: 0.15492023527622223
INFO Gradient norm: 11.202704069984357
PROGRESS    Completed epoch 1846 / 2000;    current loss: 0.1546686887741089
INFO Gradient norm: 17.343221945161986
PROGRESS    Completed epoch 1847 / 2000;    current loss: 0.1560162752866745
INFO Gradient norm: 12.27649151924661
PROGRESS    Completed epoch 1848 / 2000;    current loss: 0.1545376181602478
INFO Gradient norm: 5.4448027809163
PROGRESS    Completed epoch 1849 / 2000;    current loss: 0.15396961569786072
INFO Gradient norm: 8.17452591987173
PROGRESS    Completed epoch 1850 / 2000;    current loss: 0.15524989366531372
INFO Gradient norm: 4.233195426051537
PROGRESS    Completed epoch 1851 / 2000;    current loss: 0.1557798832654953
INFO Gradient norm: 3.800748561187533
PROGRESS    Completed epoch 1852 / 2000;    current loss: 0.15519550442695618
INFO Gradient norm: 7.6732254879289785
PROGRESS    Completed epoch 1853 / 2000;    current loss: 0.15395987033843994
INFO Gradient norm: 6.425784976895285
PROGRESS    Completed epoch 1854 / 2000;    current loss: 0.15280336141586304
INFO Gradient norm: 2.0432238999536123
PROGRESS    Completed epoch 1855 / 2000;    current loss: 0.15207532048225403
INFO Gradient norm: 15.419671646619515
PROGRESS    Completed epoch 1856 / 2000;    current loss: 0.15411023795604706
INFO Gradient norm: 13.7289000429323
PROGRESS    Completed epoch 1857 / 2000;    current loss: 0.15347985923290253
INFO Gradient norm: 9.919197909211205
PROGRESS    Completed epoch 1858 / 2000;    current loss: 0.15249153971672058
INFO Gradient norm: 3.7928791345434556
PROGRESS    Completed epoch 1859 / 2000;    current loss: 0.1515500545501709
INFO Gradient norm: 22.70942398902146
PROGRESS    Completed epoch 1860 / 2000;    current loss: 0.1561584323644638
INFO Gradient norm: 15.671977892558012
PROGRESS    Completed epoch 1861 / 2000;    current loss: 0.15374931693077087
INFO Gradient norm: 18.34167524994637
PROGRESS    Completed epoch 1862 / 2000;    current loss: 0.15464842319488525
INFO Gradient norm: 18.43439984537144
PROGRESS    Completed epoch 1863 / 2000;    current loss: 0.15498772263526917
INFO Gradient norm: 11.109327008001333
PROGRESS    Completed epoch 1864 / 2000;    current loss: 0.15288081765174866
INFO Gradient norm: 10.6248025720559
PROGRESS    Completed epoch 1865 / 2000;    current loss: 0.15277054905891418
INFO Gradient norm: 9.817766536176885
PROGRESS    Completed epoch 1866 / 2000;    current loss: 0.15304496884346008
INFO Gradient norm: 2.5585668468204856
PROGRESS    Completed epoch 1867 / 2000;    current loss: 0.15227635204792023
INFO Gradient norm: 5.243179342283614
PROGRESS    Completed epoch 1868 / 2000;    current loss: 0.15209588408470154
INFO Gradient norm: 13.587611075525954
PROGRESS    Completed epoch 1869 / 2000;    current loss: 0.1532815396785736
INFO Gradient norm: 3.381467446623567
PROGRESS    Completed epoch 1870 / 2000;    current loss: 0.15152400732040405
INFO Gradient norm: 23.799319667792055
PROGRESS    Completed epoch 1871 / 2000;    current loss: 0.15697991847991943
INFO Gradient norm: 17.43228089981011
PROGRESS    Completed epoch 1872 / 2000;    current loss: 0.1544591188430786
INFO Gradient norm: 3.8214685657839738
PROGRESS    Completed epoch 1873 / 2000;    current loss: 0.15174739062786102
INFO Gradient norm: 7.168313196532045
PROGRESS    Completed epoch 1874 / 2000;    current loss: 0.15247735381126404
INFO Gradient norm: 5.733941733231898
PROGRESS    Completed epoch 1875 / 2000;    current loss: 0.15300853550434113
INFO Gradient norm: 6.617263539352248
PROGRESS    Completed epoch 1876 / 2000;    current loss: 0.15354594588279724
INFO Gradient norm: 4.498345389480302
PROGRESS    Completed epoch 1877 / 2000;    current loss: 0.15364715456962585
INFO Gradient norm: 3.807233240136671
PROGRESS    Completed epoch 1878 / 2000;    current loss: 0.15294359624385834
INFO Gradient norm: 2.797830133704162
PROGRESS    Completed epoch 1879 / 2000;    current loss: 0.1518964171409607
INFO Gradient norm: 9.514429904255827
PROGRESS    Completed epoch 1880 / 2000;    current loss: 0.1517845094203949
INFO Gradient norm: 6.830669264088907
PROGRESS    Completed epoch 1881 / 2000;    current loss: 0.15134689211845398
INFO Gradient norm: 1.6082844993044874
PROGRESS    Completed epoch 1882 / 2000;    current loss: 0.1509561389684677
INFO Gradient norm: 2.7267886662990635
PROGRESS    Completed epoch 1883 / 2000;    current loss: 0.1509373039007187
INFO Gradient norm: 8.982004621218175
PROGRESS    Completed epoch 1884 / 2000;    current loss: 0.15161889791488647
INFO Gradient norm: 5.701111715304162
PROGRESS    Completed epoch 1885 / 2000;    current loss: 0.15083585679531097
INFO Gradient norm: 1.9730077774504244
PROGRESS    Completed epoch 1886 / 2000;    current loss: 0.15048576891422272
INFO Gradient norm: 5.6380033590833465
PROGRESS    Completed epoch 1887 / 2000;    current loss: 0.150357186794281
INFO Gradient norm: 7.61286376016639
PROGRESS    Completed epoch 1888 / 2000;    current loss: 0.15062791109085083
INFO Gradient norm: 4.349143611193623
PROGRESS    Completed epoch 1889 / 2000;    current loss: 0.15037277340888977
INFO Gradient norm: 12.95343085724441
PROGRESS    Completed epoch 1890 / 2000;    current loss: 0.1517212688922882
INFO Gradient norm: 1.7852809931435605
PROGRESS    Completed epoch 1891 / 2000;    current loss: 0.15041260421276093
INFO Gradient norm: 19.063762008166094
PROGRESS    Completed epoch 1892 / 2000;    current loss: 0.15392957627773285
INFO Gradient norm: 7.766697600920366
PROGRESS    Completed epoch 1893 / 2000;    current loss: 0.15085649490356445
INFO Gradient norm: 22.54767958964196
PROGRESS    Completed epoch 1894 / 2000;    current loss: 0.1549377739429474
INFO Gradient norm: 18.79511404833574
PROGRESS    Completed epoch 1895 / 2000;    current loss: 0.1538265347480774
INFO Gradient norm: 12.706424476334398
PROGRESS    Completed epoch 1896 / 2000;    current loss: 0.15283828973770142
INFO Gradient norm: 13.611932776057436
PROGRESS    Completed epoch 1897 / 2000;    current loss: 0.15335296094417572
INFO Gradient norm: 12.711038646525811
PROGRESS    Completed epoch 1898 / 2000;    current loss: 0.15287595987319946
INFO Gradient norm: 9.77222168476305
PROGRESS    Completed epoch 1899 / 2000;    current loss: 0.15239740908145905
INFO Gradient norm: 17.181315635157244
PROGRESS    Completed epoch 1900 / 2000;    current loss: 0.15462899208068848
INFO Gradient norm: 12.435857487454085
PROGRESS    Completed epoch 1901 / 2000;    current loss: 0.15275424718856812
INFO Gradient norm: 17.94405786595549
PROGRESS    Completed epoch 1902 / 2000;    current loss: 0.15431204438209534
INFO Gradient norm: 17.503034871417324
PROGRESS    Completed epoch 1903 / 2000;    current loss: 0.1540820300579071
INFO Gradient norm: 10.01571914031858
PROGRESS    Completed epoch 1904 / 2000;    current loss: 0.15195657312870026
INFO Gradient norm: 9.30362369500237
PROGRESS    Completed epoch 1905 / 2000;    current loss: 0.15175707638263702
INFO Gradient norm: 14.576362679276858
PROGRESS    Completed epoch 1906 / 2000;    current loss: 0.15314389765262604
INFO Gradient norm: 7.046627603988161
PROGRESS    Completed epoch 1907 / 2000;    current loss: 0.15163764357566833
INFO Gradient norm: 13.671961244883079
PROGRESS    Completed epoch 1908 / 2000;    current loss: 0.15322743356227875
INFO Gradient norm: 1.7655762599504907
PROGRESS    Completed epoch 1909 / 2000;    current loss: 0.15198256075382233
INFO Gradient norm: 11.373016665281462
PROGRESS    Completed epoch 1910 / 2000;    current loss: 0.15329395234584808
INFO Gradient norm: 2.7054813940681206
PROGRESS    Completed epoch 1911 / 2000;    current loss: 0.15223771333694458
INFO Gradient norm: 1.8739689969913726
PROGRESS    Completed epoch 1912 / 2000;    current loss: 0.1519058644771576
INFO Gradient norm: 8.322285174472682
PROGRESS    Completed epoch 1913 / 2000;    current loss: 0.15198494493961334
INFO Gradient norm: 1.9638581419824237
PROGRESS    Completed epoch 1914 / 2000;    current loss: 0.15136027336120605
INFO Gradient norm: 16.934268398078647
PROGRESS    Completed epoch 1915 / 2000;    current loss: 0.15402884781360626
INFO Gradient norm: 2.179532120631962
PROGRESS    Completed epoch 1916 / 2000;    current loss: 0.15153338015079498
INFO Gradient norm: 27.192324782117154
PROGRESS    Completed epoch 1917 / 2000;    current loss: 0.1588350534439087
INFO Gradient norm: 22.668935813185666
PROGRESS    Completed epoch 1918 / 2000;    current loss: 0.15644755959510803
INFO Gradient norm: 11.735140301220833
PROGRESS    Completed epoch 1919 / 2000;    current loss: 0.15221256017684937
INFO Gradient norm: 15.012994594069639
PROGRESS    Completed epoch 1920 / 2000;    current loss: 0.15328416228294373
INFO Gradient norm: 10.96639668983282
PROGRESS    Completed epoch 1921 / 2000;    current loss: 0.1522836983203888
INFO Gradient norm: 7.294555234804952
PROGRESS    Completed epoch 1922 / 2000;    current loss: 0.151710644364357
INFO Gradient norm: 20.22885788996532
PROGRESS    Completed epoch 1923 / 2000;    current loss: 0.15501275658607483
INFO Gradient norm: 14.238790108778547
PROGRESS    Completed epoch 1924 / 2000;    current loss: 0.1527269035577774
INFO Gradient norm: 19.538137049595022
PROGRESS    Completed epoch 1925 / 2000;    current loss: 0.1548285186290741
INFO Gradient norm: 19.680202219684617
PROGRESS    Completed epoch 1926 / 2000;    current loss: 0.15485918521881104
INFO Gradient norm: 10.060314800421702
PROGRESS    Completed epoch 1927 / 2000;    current loss: 0.15210960805416107
INFO Gradient norm: 9.68500944835997
PROGRESS    Completed epoch 1928 / 2000;    current loss: 0.1519760638475418
INFO Gradient norm: 17.32577301049454
PROGRESS    Completed epoch 1929 / 2000;    current loss: 0.1538810133934021
INFO Gradient norm: 12.10414644622232
PROGRESS    Completed epoch 1930 / 2000;    current loss: 0.15234781801700592
INFO Gradient norm: 20.599978680728682
PROGRESS    Completed epoch 1931 / 2000;    current loss: 0.15466631948947906
INFO Gradient norm: 19.21135775931235
PROGRESS    Completed epoch 1932 / 2000;    current loss: 0.15408502519130707
INFO Gradient norm: 12.096694276411604
PROGRESS    Completed epoch 1933 / 2000;    current loss: 0.15218128263950348
INFO Gradient norm: 12.05540110548648
PROGRESS    Completed epoch 1934 / 2000;    current loss: 0.1521553248167038
INFO Gradient norm: 15.772599113549894
PROGRESS    Completed epoch 1935 / 2000;    current loss: 0.1529785692691803
INFO Gradient norm: 11.391033404958343
PROGRESS    Completed epoch 1936 / 2000;    current loss: 0.1518494337797165
INFO Gradient norm: 19.557767607409186
PROGRESS    Completed epoch 1937 / 2000;    current loss: 0.1543380469083786
INFO Gradient norm: 17.381886288034796
PROGRESS    Completed epoch 1938 / 2000;    current loss: 0.15357354283332825
INFO Gradient norm: 13.953756991327467
PROGRESS    Completed epoch 1939 / 2000;    current loss: 0.15200671553611755
INFO Gradient norm: 13.558211622675415
PROGRESS    Completed epoch 1940 / 2000;    current loss: 0.1520078480243683
INFO Gradient norm: 14.797044223030994
PROGRESS    Completed epoch 1941 / 2000;    current loss: 0.15228097140789032
INFO Gradient norm: 11.541590504734144
PROGRESS    Completed epoch 1942 / 2000;    current loss: 0.15156430006027222
INFO Gradient norm: 17.7393144844376
PROGRESS    Completed epoch 1943 / 2000;    current loss: 0.15354302525520325
INFO Gradient norm: 2.8930921295319156
PROGRESS    Completed epoch 1944 / 2000;    current loss: 0.15061479806900024
INFO Gradient norm: 27.723764241923067
PROGRESS    Completed epoch 1945 / 2000;    current loss: 0.1580573469400406
INFO Gradient norm: 28.005325894254764
PROGRESS    Completed epoch 1946 / 2000;    current loss: 0.15871921181678772
INFO Gradient norm: 4.424118416254981
PROGRESS    Completed epoch 1947 / 2000;    current loss: 0.15179437398910522
INFO Gradient norm: 33.040950154054364
PROGRESS    Completed epoch 1948 / 2000;    current loss: 0.16279375553131104
INFO Gradient norm: 37.87631155686387
PROGRESS    Completed epoch 1949 / 2000;    current loss: 0.1659790724515915
INFO Gradient norm: 14.151884754332103
PROGRESS    Completed epoch 1950 / 2000;    current loss: 0.1538649946451187
INFO Gradient norm: 25.79962735703736
PROGRESS    Completed epoch 1951 / 2000;    current loss: 0.15818753838539124
INFO Gradient norm: 35.052478549693916
PROGRESS    Completed epoch 1952 / 2000;    current loss: 0.1640457808971405
INFO Gradient norm: 18.24979791478792
PROGRESS    Completed epoch 1953 / 2000;    current loss: 0.15523068606853485
INFO Gradient norm: 21.823856087587917
PROGRESS    Completed epoch 1954 / 2000;    current loss: 0.1572294533252716
INFO Gradient norm: 32.11215848749508
PROGRESS    Completed epoch 1955 / 2000;    current loss: 0.162618026137352
INFO Gradient norm: 14.748434529416832
PROGRESS    Completed epoch 1956 / 2000;    current loss: 0.15444344282150269
INFO Gradient norm: 23.933407292834833
PROGRESS    Completed epoch 1957 / 2000;    current loss: 0.1574583798646927
INFO Gradient norm: 31.4810336319473
PROGRESS    Completed epoch 1958 / 2000;    current loss: 0.16174659132957458
INFO Gradient norm: 12.514846746322386
PROGRESS    Completed epoch 1959 / 2000;    current loss: 0.1534639149904251
INFO Gradient norm: 24.711357258964846
PROGRESS    Completed epoch 1960 / 2000;    current loss: 0.15851643681526184
INFO Gradient norm: 29.925441031577087
PROGRESS    Completed epoch 1961 / 2000;    current loss: 0.16164831817150116
INFO Gradient norm: 8.961648669978109
PROGRESS    Completed epoch 1962 / 2000;    current loss: 0.15376435220241547
INFO Gradient norm: 30.441703706498743
PROGRESS    Completed epoch 1963 / 2000;    current loss: 0.1622297465801239
INFO Gradient norm: 40.30698516460866
PROGRESS    Completed epoch 1964 / 2000;    current loss: 0.1696280837059021
INFO Gradient norm: 25.028632862138
PROGRESS    Completed epoch 1965 / 2000;    current loss: 0.15941917896270752
INFO Gradient norm: 13.529223774763267
PROGRESS    Completed epoch 1966 / 2000;    current loss: 0.1552702635526657
INFO Gradient norm: 25.46959670563672
PROGRESS    Completed epoch 1967 / 2000;    current loss: 0.1598876565694809
INFO Gradient norm: 11.071394221532481
PROGRESS    Completed epoch 1968 / 2000;    current loss: 0.15462137758731842
INFO Gradient norm: 23.172008151762302
PROGRESS    Completed epoch 1969 / 2000;    current loss: 0.15859997272491455
INFO Gradient norm: 29.38913930101651
PROGRESS    Completed epoch 1970 / 2000;    current loss: 0.1619146764278412
INFO Gradient norm: 11.136148788332433
PROGRESS    Completed epoch 1971 / 2000;    current loss: 0.154415100812912
INFO Gradient norm: 28.162321040569406
PROGRESS    Completed epoch 1972 / 2000;    current loss: 0.16097870469093323
INFO Gradient norm: 38.32628269244538
PROGRESS    Completed epoch 1973 / 2000;    current loss: 0.16726215183734894
INFO Gradient norm: 20.773844299398988
PROGRESS    Completed epoch 1974 / 2000;    current loss: 0.15727686882019043
INFO Gradient norm: 18.153292698045597
PROGRESS    Completed epoch 1975 / 2000;    current loss: 0.1561933159828186
INFO Gradient norm: 28.769075616165228
PROGRESS    Completed epoch 1976 / 2000;    current loss: 0.16124191880226135
INFO Gradient norm: 14.352624144355245
PROGRESS    Completed epoch 1977 / 2000;    current loss: 0.15487807989120483
INFO Gradient norm: 10.61758533316089
PROGRESS    Completed epoch 1978 / 2000;    current loss: 0.1541036069393158
INFO Gradient norm: 2.8094790912055894
PROGRESS    Completed epoch 1979 / 2000;    current loss: 0.15381982922554016
INFO Gradient norm: 6.811725466568842
PROGRESS    Completed epoch 1980 / 2000;    current loss: 0.15461084246635437
INFO Gradient norm: 8.942559449902532
PROGRESS    Completed epoch 1981 / 2000;    current loss: 0.15529310703277588
INFO Gradient norm: 3.4082352597942993
PROGRESS    Completed epoch 1982 / 2000;    current loss: 0.15457774698734283
INFO Gradient norm: 9.277914100725223
PROGRESS    Completed epoch 1983 / 2000;    current loss: 0.1544201523065567
INFO Gradient norm: 5.953442719495007
PROGRESS    Completed epoch 1984 / 2000;    current loss: 0.15328864753246307
INFO Gradient norm: 2.702474382065534
PROGRESS    Completed epoch 1985 / 2000;    current loss: 0.15228486061096191
INFO Gradient norm: 1.7493294359504776
PROGRESS    Completed epoch 1986 / 2000;    current loss: 0.15150468051433563
INFO Gradient norm: 4.674298883125444
PROGRESS    Completed epoch 1987 / 2000;    current loss: 0.15135255455970764
INFO Gradient norm: 9.621693064651627
PROGRESS    Completed epoch 1988 / 2000;    current loss: 0.15183724462985992
INFO Gradient norm: 6.480955520152734
PROGRESS    Completed epoch 1989 / 2000;    current loss: 0.15145108103752136
INFO Gradient norm: 1.0963560568542712
PROGRESS    Completed epoch 1990 / 2000;    current loss: 0.15115514397621155
INFO Gradient norm: 1.7604443762074662
PROGRESS    Completed epoch 1991 / 2000;    current loss: 0.15115223824977875
INFO Gradient norm: 5.86984852628892
PROGRESS    Completed epoch 1992 / 2000;    current loss: 0.15142959356307983
INFO Gradient norm: 12.152423427303972
PROGRESS    Completed epoch 1993 / 2000;    current loss: 0.15257172286510468
INFO Gradient norm: 2.639354789361595
PROGRESS    Completed epoch 1994 / 2000;    current loss: 0.15123435854911804
INFO Gradient norm: 18.33351249588445
PROGRESS    Completed epoch 1995 / 2000;    current loss: 0.15431800484657288
INFO Gradient norm: 4.839643459882878
PROGRESS    Completed epoch 1996 / 2000;    current loss: 0.15156875550746918
INFO Gradient norm: 7.992861587845675
PROGRESS    Completed epoch 1997 / 2000;    current loss: 0.15229995548725128
INFO Gradient norm: 8.85961636931369
PROGRESS    Completed epoch 1998 / 2000;    current loss: 0.15296372771263123
INFO Gradient norm: 3.1371532887590674
PROGRESS    Completed epoch 1999 / 2000;    current loss: 0.15254420042037964
INFO Gradient norm: 13.697047721530057
PROGRESS    Completed epoch 2000 / 2000;    current loss: 0.15382438898086548
INFO    Saving model weights ...
INFO Model weights saved successfully to /home/hoang/utopya_output/Dengue/250605-200113/data/uni07/data_npc_checkpoint.pth
INFO    Simulation run finished.
INFO    Wrapping up ...
SUCCESS    All done.

---
end of log. exit code: 0

