Log of 'out' stream of WorkerTask 'uni06'
---

INFO    Using 'cpu' as training device. Number of threads: 10
INFO    Loading training data ...
INFO    Initializing the neural net ...
INFO    Initialized model 'Dengue'.
INFO    Now commencing training for 2000 epochs ...
INFO Gradient norm: 770.6714977836529
PROGRESS    Completed epoch 1 / 2000;    current loss: 430.80731201171875
INFO Gradient norm: 771.6537582968558
PROGRESS    Completed epoch 2 / 2000;    current loss: 430.57073974609375
INFO Gradient norm: 772.6328699893688
PROGRESS    Completed epoch 3 / 2000;    current loss: 430.3334655761719
INFO Gradient norm: 775.511784018291
PROGRESS    Completed epoch 4 / 2000;    current loss: 430.1451416015625
INFO Gradient norm: 775.7388889433607
PROGRESS    Completed epoch 5 / 2000;    current loss: 429.9653625488281
INFO Gradient norm: 776.1031615250338
PROGRESS    Completed epoch 6 / 2000;    current loss: 429.7718200683594
INFO Gradient norm: 776.5595292235066
PROGRESS    Completed epoch 7 / 2000;    current loss: 429.569091796875
INFO Gradient norm: 777.080685128311
PROGRESS    Completed epoch 8 / 2000;    current loss: 429.3594055175781
INFO Gradient norm: 777.6502504017574
PROGRESS    Completed epoch 9 / 2000;    current loss: 429.1435241699219
INFO Gradient norm: 778.2582397864073
PROGRESS    Completed epoch 10 / 2000;    current loss: 428.9231262207031
INFO Gradient norm: 778.8969879464768
PROGRESS    Completed epoch 11 / 2000;    current loss: 428.6982116699219
INFO Gradient norm: 776.7125418393683
PROGRESS    Completed epoch 12 / 2000;    current loss: 428.49713134765625
INFO Gradient norm: 777.006025305722
PROGRESS    Completed epoch 13 / 2000;    current loss: 428.3001403808594
INFO Gradient norm: 777.3726882821531
PROGRESS    Completed epoch 14 / 2000;    current loss: 428.0961608886719
INFO Gradient norm: 777.8032140253479
PROGRESS    Completed epoch 15 / 2000;    current loss: 427.8863830566406
INFO Gradient norm: 778.2892423227307
PROGRESS    Completed epoch 16 / 2000;    current loss: 427.6707458496094
INFO Gradient norm: 778.8245849115008
PROGRESS    Completed epoch 17 / 2000;    current loss: 427.4495849609375
INFO Gradient norm: 779.4041992378291
PROGRESS    Completed epoch 18 / 2000;    current loss: 427.22406005859375
INFO Gradient norm: 780.0232219586552
PROGRESS    Completed epoch 19 / 2000;    current loss: 426.9928894042969
INFO Gradient norm: 783.0178217606983
PROGRESS    Completed epoch 20 / 2000;    current loss: 426.7754211425781
INFO Gradient norm: 783.3765198542513
PROGRESS    Completed epoch 21 / 2000;    current loss: 426.56378173828125
INFO Gradient norm: 783.7782354267981
PROGRESS    Completed epoch 22 / 2000;    current loss: 426.34564208984375
INFO Gradient norm: 784.2195774172386
PROGRESS    Completed epoch 23 / 2000;    current loss: 426.1207275390625
INFO Gradient norm: 784.6974687082452
PROGRESS    Completed epoch 24 / 2000;    current loss: 425.8896179199219
INFO Gradient norm: 785.2097041087826
PROGRESS    Completed epoch 25 / 2000;    current loss: 425.6527404785156
INFO Gradient norm: 785.7536055060841
PROGRESS    Completed epoch 26 / 2000;    current loss: 425.40985107421875
INFO Gradient norm: 786.3270265560482
PROGRESS    Completed epoch 27 / 2000;    current loss: 425.16107177734375
INFO Gradient norm: 786.9281492625837
PROGRESS    Completed epoch 28 / 2000;    current loss: 424.90643310546875
INFO Gradient norm: 784.8283316792986
PROGRESS    Completed epoch 29 / 2000;    current loss: 424.6616516113281
INFO Gradient norm: 785.2262581248981
PROGRESS    Completed epoch 30 / 2000;    current loss: 424.41986083984375
INFO Gradient norm: 785.674853801123
PROGRESS    Completed epoch 31 / 2000;    current loss: 424.17138671875
INFO Gradient norm: 786.17150794817
PROGRESS    Completed epoch 32 / 2000;    current loss: 423.91595458984375
INFO Gradient norm: 786.7123125324358
PROGRESS    Completed epoch 33 / 2000;    current loss: 423.6529235839844
INFO Gradient norm: 787.296635483436
PROGRESS    Completed epoch 34 / 2000;    current loss: 423.3834228515625
INFO Gradient norm: 787.9218833339492
PROGRESS    Completed epoch 35 / 2000;    current loss: 423.10626220703125
INFO Gradient norm: 791.0346461740032
PROGRESS    Completed epoch 36 / 2000;    current loss: 422.8340148925781
INFO Gradient norm: 791.4901785006577
PROGRESS    Completed epoch 37 / 2000;    current loss: 422.566650390625
INFO Gradient norm: 791.9825950664864
PROGRESS    Completed epoch 38 / 2000;    current loss: 422.29083251953125
INFO Gradient norm: 792.5108246619211
PROGRESS    Completed epoch 39 / 2000;    current loss: 422.0063781738281
INFO Gradient norm: 793.0730310703457
PROGRESS    Completed epoch 40 / 2000;    current loss: 421.7143249511719
INFO Gradient norm: 793.667898431586
PROGRESS    Completed epoch 41 / 2000;    current loss: 421.4141540527344
INFO Gradient norm: 794.2929954769838
PROGRESS    Completed epoch 42 / 2000;    current loss: 421.1056213378906
INFO Gradient norm: 792.2860319314021
PROGRESS    Completed epoch 43 / 2000;    current loss: 420.79681396484375
INFO Gradient norm: 792.7791249712495
PROGRESS    Completed epoch 44 / 2000;    current loss: 420.4927978515625
INFO Gradient norm: 793.3227857531366
PROGRESS    Completed epoch 45 / 2000;    current loss: 420.1803283691406
INFO Gradient norm: 793.9125647073487
PROGRESS    Completed epoch 46 / 2000;    current loss: 419.85772705078125
INFO Gradient norm: 794.5485802642238
PROGRESS    Completed epoch 47 / 2000;    current loss: 419.52557373046875
INFO Gradient norm: 797.728713619009
PROGRESS    Completed epoch 48 / 2000;    current loss: 419.1929931640625
INFO Gradient norm: 798.2650804645787
PROGRESS    Completed epoch 49 / 2000;    current loss: 418.8615417480469
INFO Gradient norm: 798.8374358156631
PROGRESS    Completed epoch 50 / 2000;    current loss: 418.52032470703125
INFO Gradient norm: 799.443356148848
PROGRESS    Completed epoch 51 / 2000;    current loss: 418.1685791015625
INFO Gradient norm: 800.0807672980774
PROGRESS    Completed epoch 52 / 2000;    current loss: 417.80657958984375
INFO Gradient norm: 798.0767600581669
PROGRESS    Completed epoch 53 / 2000;    current loss: 417.4455261230469
INFO Gradient norm: 798.6329302180875
PROGRESS    Completed epoch 54 / 2000;    current loss: 417.0816955566406
INFO Gradient norm: 799.2381833017243
PROGRESS    Completed epoch 55 / 2000;    current loss: 416.7060546875
INFO Gradient norm: 799.8907199174071
PROGRESS    Completed epoch 56 / 2000;    current loss: 416.32012939453125
INFO Gradient norm: 803.0672595503902
PROGRESS    Completed epoch 57 / 2000;    current loss: 415.93328857421875
INFO Gradient norm: 803.6362184880702
PROGRESS    Completed epoch 58 / 2000;    current loss: 415.5442199707031
INFO Gradient norm: 804.2380036541603
PROGRESS    Completed epoch 59 / 2000;    current loss: 415.14263916015625
INFO Gradient norm: 804.8706575433887
PROGRESS    Completed epoch 60 / 2000;    current loss: 414.7294616699219
INFO Gradient norm: 802.958306141546
PROGRESS    Completed epoch 61 / 2000;    current loss: 414.30474853515625
INFO Gradient norm: 803.5456825386601
PROGRESS    Completed epoch 62 / 2000;    current loss: 413.8840637207031
INFO Gradient norm: 804.1792547518087
PROGRESS    Completed epoch 63 / 2000;    current loss: 413.4497985839844
INFO Gradient norm: 807.2867772238561
PROGRESS    Completed epoch 64 / 2000;    current loss: 413.01983642578125
INFO Gradient norm: 807.8680698666464
PROGRESS    Completed epoch 65 / 2000;    current loss: 412.57586669921875
INFO Gradient norm: 808.4788552655966
PROGRESS    Completed epoch 66 / 2000;    current loss: 412.1197814941406
INFO Gradient norm: 809.1142727982218
PROGRESS    Completed epoch 67 / 2000;    current loss: 411.6495056152344
INFO Gradient norm: 807.1214408790621
PROGRESS    Completed epoch 68 / 2000;    current loss: 411.1850280761719
INFO Gradient norm: 807.6754814369386
PROGRESS    Completed epoch 69 / 2000;    current loss: 410.7110595703125
INFO Gradient norm: 808.2748724508925
PROGRESS    Completed epoch 70 / 2000;    current loss: 410.222412109375
INFO Gradient norm: 808.914566369939
PROGRESS    Completed epoch 71 / 2000;    current loss: 409.71917724609375
INFO Gradient norm: 811.9914307558437
PROGRESS    Completed epoch 72 / 2000;    current loss: 409.21966552734375
INFO Gradient norm: 812.519079550618
PROGRESS    Completed epoch 73 / 2000;    current loss: 408.7149963378906
INFO Gradient norm: 813.0693534324524
PROGRESS    Completed epoch 74 / 2000;    current loss: 408.1954345703125
INFO Gradient norm: 813.6370342056206
PROGRESS    Completed epoch 75 / 2000;    current loss: 407.6595764160156
INFO Gradient norm: 814.217641076043
PROGRESS    Completed epoch 76 / 2000;    current loss: 407.10882568359375
INFO Gradient norm: 812.2016283033055
PROGRESS    Completed epoch 77 / 2000;    current loss: 406.5706481933594
INFO Gradient norm: 812.6759573100467
PROGRESS    Completed epoch 78 / 2000;    current loss: 406.02081298828125
INFO Gradient norm: 813.1887295607261
PROGRESS    Completed epoch 79 / 2000;    current loss: 405.4547424316406
INFO Gradient norm: 813.7321004955938
PROGRESS    Completed epoch 80 / 2000;    current loss: 404.87103271484375
INFO Gradient norm: 814.2991857779235
PROGRESS    Completed epoch 81 / 2000;    current loss: 404.269775390625
INFO Gradient norm: 817.1186546951703
PROGRESS    Completed epoch 82 / 2000;    current loss: 403.697265625
INFO Gradient norm: 817.5295468010012
PROGRESS    Completed epoch 83 / 2000;    current loss: 403.1073303222656
INFO Gradient norm: 817.9523273764241
PROGRESS    Completed epoch 84 / 2000;    current loss: 402.4991760253906
INFO Gradient norm: 818.3812036849029
PROGRESS    Completed epoch 85 / 2000;    current loss: 401.8722839355469
INFO Gradient norm: 818.8096465100188
PROGRESS    Completed epoch 86 / 2000;    current loss: 401.22760009765625
INFO Gradient norm: 819.2303489316936
PROGRESS    Completed epoch 87 / 2000;    current loss: 400.56585693359375
INFO Gradient norm: 817.2298743191249
PROGRESS    Completed epoch 88 / 2000;    current loss: 399.917724609375
INFO Gradient norm: 817.51321873892
PROGRESS    Completed epoch 89 / 2000;    current loss: 399.2694091796875
INFO Gradient norm: 817.8309049060986
PROGRESS    Completed epoch 90 / 2000;    current loss: 398.60137939453125
INFO Gradient norm: 818.1738114153183
PROGRESS    Completed epoch 91 / 2000;    current loss: 397.91259765625
INFO Gradient norm: 818.5037831079491
PROGRESS    Completed epoch 92 / 2000;    current loss: 397.20306396484375
INFO Gradient norm: 821.0537501857717
PROGRESS    Completed epoch 93 / 2000;    current loss: 396.4870300292969
INFO Gradient norm: 821.2587436456229
PROGRESS    Completed epoch 94 / 2000;    current loss: 395.7853088378906
INFO Gradient norm: 821.4432401651167
PROGRESS    Completed epoch 95 / 2000;    current loss: 395.0620422363281
INFO Gradient norm: 821.5987615167229
PROGRESS    Completed epoch 96 / 2000;    current loss: 394.3177490234375
INFO Gradient norm: 819.5470179913927
PROGRESS    Completed epoch 97 / 2000;    current loss: 393.55615234375
INFO Gradient norm: 819.6497043573919
PROGRESS    Completed epoch 98 / 2000;    current loss: 392.80352783203125
INFO Gradient norm: 821.8600046939027
PROGRESS    Completed epoch 99 / 2000;    current loss: 392.0279541015625
INFO Gradient norm: 819.7746226162099
PROGRESS    Completed epoch 100 / 2000;    current loss: 391.25103759765625
INFO Gradient norm: 821.8685334812261
PROGRESS    Completed epoch 101 / 2000;    current loss: 390.4599609375
INFO Gradient norm: 821.8123650804082
PROGRESS    Completed epoch 102 / 2000;    current loss: 389.65386962890625
INFO Gradient norm: 819.6914086820908
PROGRESS    Completed epoch 103 / 2000;    current loss: 388.854248046875
INFO Gradient norm: 819.594757345182
PROGRESS    Completed epoch 104 / 2000;    current loss: 388.0320739746094
INFO Gradient norm: 819.4573538802538
PROGRESS    Completed epoch 105 / 2000;    current loss: 387.184326171875
INFO Gradient norm: 821.2779371440217
PROGRESS    Completed epoch 106 / 2000;    current loss: 386.35186767578125
INFO Gradient norm: 821.0601549002513
PROGRESS    Completed epoch 107 / 2000;    current loss: 385.5035705566406
INFO Gradient norm: 820.7731415599923
PROGRESS    Completed epoch 108 / 2000;    current loss: 384.63116455078125
INFO Gradient norm: 820.4119283047426
PROGRESS    Completed epoch 109 / 2000;    current loss: 383.7374267578125
INFO Gradient norm: 818.1859448510618
PROGRESS    Completed epoch 110 / 2000;    current loss: 382.8402404785156
INFO Gradient norm: 817.788947756438
PROGRESS    Completed epoch 111 / 2000;    current loss: 381.94525146484375
INFO Gradient norm: 817.3700121630793
PROGRESS    Completed epoch 112 / 2000;    current loss: 381.0243835449219
INFO Gradient norm: 818.6223725748202
PROGRESS    Completed epoch 113 / 2000;    current loss: 380.0872497558594
INFO Gradient norm: 818.0934794767256
PROGRESS    Completed epoch 114 / 2000;    current loss: 379.15283203125
INFO Gradient norm: 817.4821180756277
PROGRESS    Completed epoch 115 / 2000;    current loss: 378.1947937011719
INFO Gradient norm: 815.2222765330127
PROGRESS    Completed epoch 116 / 2000;    current loss: 377.2437744140625
INFO Gradient norm: 814.3924022415408
PROGRESS    Completed epoch 117 / 2000;    current loss: 376.2745666503906
INFO Gradient norm: 813.7108562168521
PROGRESS    Completed epoch 118 / 2000;    current loss: 375.285400390625
INFO Gradient norm: 814.5767659070884
PROGRESS    Completed epoch 119 / 2000;    current loss: 374.3011169433594
INFO Gradient norm: 813.8410458307619
PROGRESS    Completed epoch 120 / 2000;    current loss: 373.3078308105469
INFO Gradient norm: 812.9989682686023
PROGRESS    Completed epoch 121 / 2000;    current loss: 372.2889099121094
INFO Gradient norm: 812.0520717521761
PROGRESS    Completed epoch 122 / 2000;    current loss: 371.2464294433594
INFO Gradient norm: 809.7973516066068
PROGRESS    Completed epoch 123 / 2000;    current loss: 370.21484375
INFO Gradient norm: 808.905309646176
PROGRESS    Completed epoch 124 / 2000;    current loss: 369.1724853515625
INFO Gradient norm: 807.9165491402274
PROGRESS    Completed epoch 125 / 2000;    current loss: 368.10247802734375
INFO Gradient norm: 806.8395675413432
PROGRESS    Completed epoch 126 / 2000;    current loss: 367.00579833984375
INFO Gradient norm: 807.0766828032735
PROGRESS    Completed epoch 127 / 2000;    current loss: 365.92523193359375
INFO Gradient norm: 806.0232750244361
PROGRESS    Completed epoch 128 / 2000;    current loss: 364.83343505859375
INFO Gradient norm: 804.850048488612
PROGRESS    Completed epoch 129 / 2000;    current loss: 363.7173767089844
INFO Gradient norm: 803.5649932785435
PROGRESS    Completed epoch 130 / 2000;    current loss: 362.5782165527344
INFO Gradient norm: 801.1686790575801
PROGRESS    Completed epoch 131 / 2000;    current loss: 361.423095703125
INFO Gradient norm: 799.9663631511557
PROGRESS    Completed epoch 132 / 2000;    current loss: 360.2798767089844
INFO Gradient norm: 798.6739232887928
PROGRESS    Completed epoch 133 / 2000;    current loss: 359.1107482910156
INFO Gradient norm: 798.3488848570339
PROGRESS    Completed epoch 134 / 2000;    current loss: 357.9400634765625
INFO Gradient norm: 797.0148581315152
PROGRESS    Completed epoch 135 / 2000;    current loss: 356.7568359375
INFO Gradient norm: 795.6268954817697
PROGRESS    Completed epoch 136 / 2000;    current loss: 355.5506591796875
INFO Gradient norm: 793.3686806226905
PROGRESS    Completed epoch 137 / 2000;    current loss: 354.3297119140625
INFO Gradient norm: 791.9965282798336
PROGRESS    Completed epoch 138 / 2000;    current loss: 353.10699462890625
INFO Gradient norm: 791.4752830040225
PROGRESS    Completed epoch 139 / 2000;    current loss: 351.8726501464844
INFO Gradient norm: 790.413861945197
PROGRESS    Completed epoch 140 / 2000;    current loss: 350.6243591308594
INFO Gradient norm: 788.4833012783541
PROGRESS    Completed epoch 141 / 2000;    current loss: 349.3583068847656
INFO Gradient norm: 786.8508201380872
PROGRESS    Completed epoch 142 / 2000;    current loss: 348.0873107910156
INFO Gradient norm: 784.5044551468565
PROGRESS    Completed epoch 143 / 2000;    current loss: 346.8060302734375
INFO Gradient norm: 783.3527987263424
PROGRESS    Completed epoch 144 / 2000;    current loss: 345.51104736328125
INFO Gradient norm: 781.1038238676832
PROGRESS    Completed epoch 145 / 2000;    current loss: 344.2035827636719
INFO Gradient norm: 780.0070742522519
PROGRESS    Completed epoch 146 / 2000;    current loss: 342.89434814453125
INFO Gradient norm: 778.3134485925933
PROGRESS    Completed epoch 147 / 2000;    current loss: 341.5658874511719
INFO Gradient norm: 776.1612258470909
PROGRESS    Completed epoch 148 / 2000;    current loss: 340.2276306152344
INFO Gradient norm: 774.4704638426001
PROGRESS    Completed epoch 149 / 2000;    current loss: 338.8772277832031
INFO Gradient norm: 773.2395833552846
PROGRESS    Completed epoch 150 / 2000;    current loss: 337.5268249511719
INFO Gradient norm: 771.5452083018639
PROGRESS    Completed epoch 151 / 2000;    current loss: 336.16156005859375
INFO Gradient norm: 769.7713874475579
PROGRESS    Completed epoch 152 / 2000;    current loss: 334.77655029296875
INFO Gradient norm: 767.7273164059644
PROGRESS    Completed epoch 153 / 2000;    current loss: 333.388916015625
INFO Gradient norm: 766.0114761543701
PROGRESS    Completed epoch 154 / 2000;    current loss: 331.9936828613281
INFO Gradient norm: 764.2144214317871
PROGRESS    Completed epoch 155 / 2000;    current loss: 330.5745849609375
INFO Gradient norm: 762.8511020762737
PROGRESS    Completed epoch 156 / 2000;    current loss: 329.176025390625
INFO Gradient norm: 761.1527435806597
PROGRESS    Completed epoch 157 / 2000;    current loss: 327.7579345703125
INFO Gradient norm: 759.3682178759944
PROGRESS    Completed epoch 158 / 2000;    current loss: 326.31982421875
INFO Gradient norm: 757.612328518072
PROGRESS    Completed epoch 159 / 2000;    current loss: 324.8658447265625
INFO Gradient norm: 755.6870738983978
PROGRESS    Completed epoch 160 / 2000;    current loss: 323.3955078125
INFO Gradient norm: 753.8886233998459
PROGRESS    Completed epoch 161 / 2000;    current loss: 321.9588623046875
INFO Gradient norm: 752.1553288126439
PROGRESS    Completed epoch 162 / 2000;    current loss: 320.49749755859375
INFO Gradient norm: 750.3409296680013
PROGRESS    Completed epoch 163 / 2000;    current loss: 319.014892578125
INFO Gradient norm: 748.4510031323384
PROGRESS    Completed epoch 164 / 2000;    current loss: 317.5110168457031
INFO Gradient norm: 746.610828920484
PROGRESS    Completed epoch 165 / 2000;    current loss: 315.993408203125
INFO Gradient norm: 744.833612141197
PROGRESS    Completed epoch 166 / 2000;    current loss: 314.4952697753906
INFO Gradient norm: 742.9768901559538
PROGRESS    Completed epoch 167 / 2000;    current loss: 312.9801025390625
INFO Gradient norm: 740.9862654920333
PROGRESS    Completed epoch 168 / 2000;    current loss: 311.4488830566406
INFO Gradient norm: 739.0689713551715
PROGRESS    Completed epoch 169 / 2000;    current loss: 309.914794921875
INFO Gradient norm: 737.1942363209591
PROGRESS    Completed epoch 170 / 2000;    current loss: 308.37603759765625
INFO Gradient norm: 735.2529995678365
PROGRESS    Completed epoch 171 / 2000;    current loss: 306.8173522949219
INFO Gradient norm: 733.4295047860021
PROGRESS    Completed epoch 172 / 2000;    current loss: 305.2734680175781
INFO Gradient norm: 731.5396839041405
PROGRESS    Completed epoch 173 / 2000;    current loss: 303.7130126953125
INFO Gradient norm: 729.5941490199874
PROGRESS    Completed epoch 174 / 2000;    current loss: 302.13677978515625
INFO Gradient norm: 727.601369192391
PROGRESS    Completed epoch 175 / 2000;    current loss: 300.5458984375
INFO Gradient norm: 725.572799186538
PROGRESS    Completed epoch 176 / 2000;    current loss: 298.94158935546875
INFO Gradient norm: 723.6990300249972
PROGRESS    Completed epoch 177 / 2000;    current loss: 297.3523864746094
INFO Gradient norm: 721.7466368342197
PROGRESS    Completed epoch 178 / 2000;    current loss: 295.7508239746094
INFO Gradient norm: 719.7771895231799
PROGRESS    Completed epoch 179 / 2000;    current loss: 294.1312561035156
INFO Gradient norm: 717.7114479753303
PROGRESS    Completed epoch 180 / 2000;    current loss: 292.49383544921875
INFO Gradient norm: 715.6454540443219
PROGRESS    Completed epoch 181 / 2000;    current loss: 290.86907958984375
INFO Gradient norm: 713.6379460272959
PROGRESS    Completed epoch 182 / 2000;    current loss: 289.2377624511719
INFO Gradient norm: 711.5774251710185
PROGRESS    Completed epoch 183 / 2000;    current loss: 287.593994140625
INFO Gradient norm: 709.4266787554357
PROGRESS    Completed epoch 184 / 2000;    current loss: 285.9355773925781
INFO Gradient norm: 707.2940893514752
PROGRESS    Completed epoch 185 / 2000;    current loss: 284.2646789550781
INFO Gradient norm: 705.1232446403002
PROGRESS    Completed epoch 186 / 2000;    current loss: 282.5825500488281
INFO Gradient norm: 702.9152994576127
PROGRESS    Completed epoch 187 / 2000;    current loss: 280.8895263671875
INFO Gradient norm: 700.883931867975
PROGRESS    Completed epoch 188 / 2000;    current loss: 279.2148132324219
INFO Gradient norm: 698.7564768290124
PROGRESS    Completed epoch 189 / 2000;    current loss: 277.5249938964844
INFO Gradient norm: 696.5408837507696
PROGRESS    Completed epoch 190 / 2000;    current loss: 275.8180847167969
INFO Gradient norm: 694.2644697255099
PROGRESS    Completed epoch 191 / 2000;    current loss: 274.0987854003906
INFO Gradient norm: 691.8853161612772
PROGRESS    Completed epoch 192 / 2000;    current loss: 272.379638671875
INFO Gradient norm: 689.653865875785
PROGRESS    Completed epoch 193 / 2000;    current loss: 270.664306640625
INFO Gradient norm: 687.373042682814
PROGRESS    Completed epoch 194 / 2000;    current loss: 268.93701171875
INFO Gradient norm: 685.0490450544545
PROGRESS    Completed epoch 195 / 2000;    current loss: 267.1991271972656
INFO Gradient norm: 682.6773531028459
PROGRESS    Completed epoch 196 / 2000;    current loss: 265.4515686035156
INFO Gradient norm: 680.3116999542813
PROGRESS    Completed epoch 197 / 2000;    current loss: 263.6936950683594
INFO Gradient norm: 678.005085958106
PROGRESS    Completed epoch 198 / 2000;    current loss: 261.9306640625
INFO Gradient norm: 675.5949308766973
PROGRESS    Completed epoch 199 / 2000;    current loss: 260.17132568359375
INFO Gradient norm: 673.0103876934816
PROGRESS    Completed epoch 200 / 2000;    current loss: 258.4006652832031
INFO Gradient norm: 670.5624558340656
PROGRESS    Completed epoch 201 / 2000;    current loss: 256.62713623046875
INFO Gradient norm: 668.1984260178843
PROGRESS    Completed epoch 202 / 2000;    current loss: 254.849609375
INFO Gradient norm: 665.583708414636
PROGRESS    Completed epoch 203 / 2000;    current loss: 253.06593322753906
INFO Gradient norm: 663.0775256705821
PROGRESS    Completed epoch 204 / 2000;    current loss: 251.27667236328125
INFO Gradient norm: 660.6443385176469
PROGRESS    Completed epoch 205 / 2000;    current loss: 249.48394775390625
INFO Gradient norm: 657.9493374432382
PROGRESS    Completed epoch 206 / 2000;    current loss: 247.68463134765625
INFO Gradient norm: 655.36384248242
PROGRESS    Completed epoch 207 / 2000;    current loss: 245.880615234375
INFO Gradient norm: 652.8686640423941
PROGRESS    Completed epoch 208 / 2000;    current loss: 244.0760498046875
INFO Gradient norm: 650.223707562755
PROGRESS    Completed epoch 209 / 2000;    current loss: 242.262451171875
INFO Gradient norm: 647.4975144761688
PROGRESS    Completed epoch 210 / 2000;    current loss: 240.45486450195312
INFO Gradient norm: 644.8311873877102
PROGRESS    Completed epoch 211 / 2000;    current loss: 238.63983154296875
INFO Gradient norm: 642.1292708745084
PROGRESS    Completed epoch 212 / 2000;    current loss: 236.81765747070312
INFO Gradient norm: 639.4048114053144
PROGRESS    Completed epoch 213 / 2000;    current loss: 234.9886474609375
INFO Gradient norm: 636.6476403309032
PROGRESS    Completed epoch 214 / 2000;    current loss: 233.1539306640625
INFO Gradient norm: 633.9642162097381
PROGRESS    Completed epoch 215 / 2000;    current loss: 231.31556701660156
INFO Gradient norm: 631.1725588820677
PROGRESS    Completed epoch 216 / 2000;    current loss: 229.48045349121094
INFO Gradient norm: 628.2646420769173
PROGRESS    Completed epoch 217 / 2000;    current loss: 227.64553833007812
INFO Gradient norm: 625.4311460619331
PROGRESS    Completed epoch 218 / 2000;    current loss: 225.80699157714844
INFO Gradient norm: 622.5635277936678
PROGRESS    Completed epoch 219 / 2000;    current loss: 223.96295166015625
INFO Gradient norm: 619.6671199287148
PROGRESS    Completed epoch 220 / 2000;    current loss: 222.1146240234375
INFO Gradient norm: 616.8654008485634
PROGRESS    Completed epoch 221 / 2000;    current loss: 220.27053833007812
INFO Gradient norm: 613.9284461747156
PROGRESS    Completed epoch 222 / 2000;    current loss: 218.4217987060547
INFO Gradient norm: 610.8619044475059
PROGRESS    Completed epoch 223 / 2000;    current loss: 216.56939697265625
INFO Gradient norm: 607.8852173404362
PROGRESS    Completed epoch 224 / 2000;    current loss: 214.72068786621094
INFO Gradient norm: 604.8736286075107
PROGRESS    Completed epoch 225 / 2000;    current loss: 212.86788940429688
INFO Gradient norm: 601.9289755788641
PROGRESS    Completed epoch 226 / 2000;    current loss: 211.01353454589844
INFO Gradient norm: 598.7796448065368
PROGRESS    Completed epoch 227 / 2000;    current loss: 209.1614532470703
INFO Gradient norm: 595.6963673366414
PROGRESS    Completed epoch 228 / 2000;    current loss: 207.3080291748047
INFO Gradient norm: 592.680870939909
PROGRESS    Completed epoch 229 / 2000;    current loss: 205.45379638671875
INFO Gradient norm: 589.4594637614078
PROGRESS    Completed epoch 230 / 2000;    current loss: 203.60072326660156
INFO Gradient norm: 586.307742344443
PROGRESS    Completed epoch 231 / 2000;    current loss: 201.74649047851562
INFO Gradient norm: 583.2299178062269
PROGRESS    Completed epoch 232 / 2000;    current loss: 199.8938751220703
INFO Gradient norm: 579.9414360812603
PROGRESS    Completed epoch 233 / 2000;    current loss: 198.03976440429688
INFO Gradient norm: 576.7222280290395
PROGRESS    Completed epoch 234 / 2000;    current loss: 196.18743896484375
INFO Gradient norm: 573.572035233851
PROGRESS    Completed epoch 235 / 2000;    current loss: 194.33721923828125
INFO Gradient norm: 570.2175925278393
PROGRESS    Completed epoch 236 / 2000;    current loss: 192.48541259765625
INFO Gradient norm: 566.932954435913
PROGRESS    Completed epoch 237 / 2000;    current loss: 190.63613891601562
INFO Gradient norm: 563.71581339613
PROGRESS    Completed epoch 238 / 2000;    current loss: 188.79029846191406
INFO Gradient norm: 560.3017219688544
PROGRESS    Completed epoch 239 / 2000;    current loss: 186.94332885742188
INFO Gradient norm: 556.9550038125998
PROGRESS    Completed epoch 240 / 2000;    current loss: 185.099365234375
INFO Gradient norm: 553.6701516548754
PROGRESS    Completed epoch 241 / 2000;    current loss: 183.25790405273438
INFO Gradient norm: 550.2002754805453
PROGRESS    Completed epoch 242 / 2000;    current loss: 181.41714477539062
INFO Gradient norm: 546.7939179239809
PROGRESS    Completed epoch 243 / 2000;    current loss: 179.5794677734375
INFO Gradient norm: 543.4482244662427
PROGRESS    Completed epoch 244 / 2000;    current loss: 177.7446746826172
INFO Gradient norm: 539.9288053854077
PROGRESS    Completed epoch 245 / 2000;    current loss: 175.912109375
INFO Gradient norm: 536.4731218032906
PROGRESS    Completed epoch 246 / 2000;    current loss: 174.08309936523438
INFO Gradient norm: 533.0757647865507
PROGRESS    Completed epoch 247 / 2000;    current loss: 172.2562713623047
INFO Gradient norm: 529.5165061423697
PROGRESS    Completed epoch 248 / 2000;    current loss: 170.4323272705078
INFO Gradient norm: 526.0197381225863
PROGRESS    Completed epoch 249 / 2000;    current loss: 168.61256408691406
INFO Gradient norm: 522.5822738106959
PROGRESS    Completed epoch 250 / 2000;    current loss: 166.79534912109375
INFO Gradient norm: 518.991632602862
PROGRESS    Completed epoch 251 / 2000;    current loss: 164.9819793701172
INFO Gradient norm: 515.4597892346359
PROGRESS    Completed epoch 252 / 2000;    current loss: 163.17221069335938
INFO Gradient norm: 511.9835896749338
PROGRESS    Completed epoch 253 / 2000;    current loss: 161.36492919921875
INFO Gradient norm: 508.36406297001497
PROGRESS    Completed epoch 254 / 2000;    current loss: 159.56309509277344
INFO Gradient norm: 504.8007598193987
PROGRESS    Completed epoch 255 / 2000;    current loss: 157.76486206054688
INFO Gradient norm: 501.28809654350385
PROGRESS    Completed epoch 256 / 2000;    current loss: 155.96902465820312
INFO Gradient norm: 497.6385253060535
PROGRESS    Completed epoch 257 / 2000;    current loss: 154.18011474609375
INFO Gradient norm: 494.0395830578556
PROGRESS    Completed epoch 258 / 2000;    current loss: 152.39414978027344
INFO Gradient norm: 490.48956300319287
PROGRESS    Completed epoch 259 / 2000;    current loss: 150.61123657226562
INFO Gradient norm: 486.807442248584
PROGRESS    Completed epoch 260 / 2000;    current loss: 148.83642578125
INFO Gradient norm: 483.1705119779897
PROGRESS    Completed epoch 261 / 2000;    current loss: 147.06503295898438
INFO Gradient norm: 479.5176397585488
PROGRESS    Completed epoch 262 / 2000;    current loss: 145.29608154296875
INFO Gradient norm: 475.92914651567037
PROGRESS    Completed epoch 263 / 2000;    current loss: 143.53805541992188
INFO Gradient norm: 472.2548265782111
PROGRESS    Completed epoch 264 / 2000;    current loss: 141.7813262939453
INFO Gradient norm: 468.50275037136186
PROGRESS    Completed epoch 265 / 2000;    current loss: 140.03057861328125
INFO Gradient norm: 464.81008576772183
PROGRESS    Completed epoch 266 / 2000;    current loss: 138.2879638671875
INFO Gradient norm: 461.09720754558697
PROGRESS    Completed epoch 267 / 2000;    current loss: 136.5504150390625
INFO Gradient norm: 457.36743690321214
PROGRESS    Completed epoch 268 / 2000;    current loss: 134.8154296875
INFO Gradient norm: 453.69496881758596
PROGRESS    Completed epoch 269 / 2000;    current loss: 133.09054565429688
INFO Gradient norm: 449.94356283740564
PROGRESS    Completed epoch 270 / 2000;    current loss: 131.37086486816406
INFO Gradient norm: 446.12608888166596
PROGRESS    Completed epoch 271 / 2000;    current loss: 129.65966796875
INFO Gradient norm: 442.35944440893184
PROGRESS    Completed epoch 272 / 2000;    current loss: 127.95521545410156
INFO Gradient norm: 438.5773602313613
PROGRESS    Completed epoch 273 / 2000;    current loss: 126.25685119628906
INFO Gradient norm: 434.7781761985448
PROGRESS    Completed epoch 274 / 2000;    current loss: 124.56353759765625
INFO Gradient norm: 431.038227035937
PROGRESS    Completed epoch 275 / 2000;    current loss: 122.87992858886719
INFO Gradient norm: 427.2237784703468
PROGRESS    Completed epoch 276 / 2000;    current loss: 121.2034912109375
INFO Gradient norm: 423.3450899977144
PROGRESS    Completed epoch 277 / 2000;    current loss: 119.5354995727539
INFO Gradient norm: 419.51986196452015
PROGRESS    Completed epoch 278 / 2000;    current loss: 117.87584686279297
INFO Gradient norm: 415.68448328187003
PROGRESS    Completed epoch 279 / 2000;    current loss: 116.22270965576172
INFO Gradient norm: 411.8328351899342
PROGRESS    Completed epoch 280 / 2000;    current loss: 114.5759506225586
INFO Gradient norm: 408.06861438016387
PROGRESS    Completed epoch 281 / 2000;    current loss: 112.94239807128906
INFO Gradient norm: 404.2193091772975
PROGRESS    Completed epoch 282 / 2000;    current loss: 111.31438446044922
INFO Gradient norm: 400.33888591786973
PROGRESS    Completed epoch 283 / 2000;    current loss: 109.69129180908203
INFO Gradient norm: 396.437374280586
PROGRESS    Completed epoch 284 / 2000;    current loss: 108.08454132080078
INFO Gradient norm: 392.59049843012707
PROGRESS    Completed epoch 285 / 2000;    current loss: 106.48504638671875
INFO Gradient norm: 388.7349228351149
PROGRESS    Completed epoch 286 / 2000;    current loss: 104.89120483398438
INFO Gradient norm: 384.87354181936223
PROGRESS    Completed epoch 287 / 2000;    current loss: 103.30479431152344
INFO Gradient norm: 381.00609643745594
PROGRESS    Completed epoch 288 / 2000;    current loss: 101.72505187988281
INFO Gradient norm: 377.13829080777674
PROGRESS    Completed epoch 289 / 2000;    current loss: 100.15289306640625
INFO Gradient norm: 373.3856518232188
PROGRESS    Completed epoch 290 / 2000;    current loss: 98.59552001953125
INFO Gradient norm: 369.5771869129349
PROGRESS    Completed epoch 291 / 2000;    current loss: 97.04613494873047
INFO Gradient norm: 365.7586252661345
PROGRESS    Completed epoch 292 / 2000;    current loss: 95.50238037109375
INFO Gradient norm: 361.93539959974413
PROGRESS    Completed epoch 293 / 2000;    current loss: 93.96514892578125
INFO Gradient norm: 358.15430505274435
PROGRESS    Completed epoch 294 / 2000;    current loss: 92.44587707519531
INFO Gradient norm: 354.44525048485815
PROGRESS    Completed epoch 295 / 2000;    current loss: 90.93313598632812
INFO Gradient norm: 350.7483369065516
PROGRESS    Completed epoch 296 / 2000;    current loss: 89.42682647705078
INFO Gradient norm: 347.0648308805308
PROGRESS    Completed epoch 297 / 2000;    current loss: 87.92701721191406
INFO Gradient norm: 343.3985598327137
PROGRESS    Completed epoch 298 / 2000;    current loss: 86.43408966064453
INFO Gradient norm: 339.7526015110906
PROGRESS    Completed epoch 299 / 2000;    current loss: 84.94799041748047
INFO Gradient norm: 336.21016597461414
PROGRESS    Completed epoch 300 / 2000;    current loss: 83.46980285644531
INFO Gradient norm: 332.71307537678405
PROGRESS    Completed epoch 301 / 2000;    current loss: 82.00704193115234
INFO Gradient norm: 329.22716343416454
PROGRESS    Completed epoch 302 / 2000;    current loss: 80.54911041259766
INFO Gradient norm: 325.7724658966159
PROGRESS    Completed epoch 303 / 2000;    current loss: 79.10600280761719
INFO Gradient norm: 322.4253629833925
PROGRESS    Completed epoch 304 / 2000;    current loss: 77.67042541503906
INFO Gradient norm: 319.09339398464203
PROGRESS    Completed epoch 305 / 2000;    current loss: 76.24183654785156
INFO Gradient norm: 315.7658795427629
PROGRESS    Completed epoch 306 / 2000;    current loss: 74.82005310058594
INFO Gradient norm: 312.5746263282014
PROGRESS    Completed epoch 307 / 2000;    current loss: 73.4085693359375
INFO Gradient norm: 309.3521558104465
PROGRESS    Completed epoch 308 / 2000;    current loss: 72.01033782958984
INFO Gradient norm: 306.02717600207257
PROGRESS    Completed epoch 309 / 2000;    current loss: 70.6216049194336
INFO Gradient norm: 302.8336021039892
PROGRESS    Completed epoch 310 / 2000;    current loss: 69.24346923828125
INFO Gradient norm: 299.6124053955363
PROGRESS    Completed epoch 311 / 2000;    current loss: 67.87250518798828
INFO Gradient norm: 296.6611561835821
PROGRESS    Completed epoch 312 / 2000;    current loss: 66.52009582519531
INFO Gradient norm: 293.53248674829103
PROGRESS    Completed epoch 313 / 2000;    current loss: 65.17254638671875
INFO Gradient norm: 290.34086983398737
PROGRESS    Completed epoch 314 / 2000;    current loss: 63.82901382446289
INFO Gradient norm: 287.3176657514807
PROGRESS    Completed epoch 315 / 2000;    current loss: 62.51483154296875
INFO Gradient norm: 284.4039179103414
PROGRESS    Completed epoch 316 / 2000;    current loss: 61.20667266845703
INFO Gradient norm: 281.4569185837991
PROGRESS    Completed epoch 317 / 2000;    current loss: 59.90480422973633
INFO Gradient norm: 278.4696958960761
PROGRESS    Completed epoch 318 / 2000;    current loss: 58.6085319519043
INFO Gradient norm: 275.4366923202045
PROGRESS    Completed epoch 319 / 2000;    current loss: 57.31889724731445
INFO Gradient norm: 272.5997760652913
PROGRESS    Completed epoch 320 / 2000;    current loss: 56.04198455810547
INFO Gradient norm: 269.8669843312532
PROGRESS    Completed epoch 321 / 2000;    current loss: 54.78875732421875
INFO Gradient norm: 267.0121699787359
PROGRESS    Completed epoch 322 / 2000;    current loss: 53.538543701171875
INFO Gradient norm: 264.45506616417094
PROGRESS    Completed epoch 323 / 2000;    current loss: 52.32240295410156
INFO Gradient norm: 261.9033719033111
PROGRESS    Completed epoch 324 / 2000;    current loss: 51.11166763305664
INFO Gradient norm: 259.07975766649383
PROGRESS    Completed epoch 325 / 2000;    current loss: 49.90488815307617
INFO Gradient norm: 255.92575775879706
PROGRESS    Completed epoch 326 / 2000;    current loss: 48.702388763427734
INFO Gradient norm: 252.03700242680625
PROGRESS    Completed epoch 327 / 2000;    current loss: 47.56342697143555
INFO Gradient norm: 247.757746196358
PROGRESS    Completed epoch 328 / 2000;    current loss: 46.48503875732422
INFO Gradient norm: 243.225122127565
PROGRESS    Completed epoch 329 / 2000;    current loss: 45.401824951171875
INFO Gradient norm: 239.45491641236256
PROGRESS    Completed epoch 330 / 2000;    current loss: 44.35576629638672
INFO Gradient norm: 235.59363020329224
PROGRESS    Completed epoch 331 / 2000;    current loss: 43.30724334716797
INFO Gradient norm: 231.6231631780698
PROGRESS    Completed epoch 332 / 2000;    current loss: 42.25625991821289
INFO Gradient norm: 227.6156325921381
PROGRESS    Completed epoch 333 / 2000;    current loss: 41.20537185668945
INFO Gradient norm: 223.6404229976996
PROGRESS    Completed epoch 334 / 2000;    current loss: 40.15578842163086
INFO Gradient norm: 220.51410679831682
PROGRESS    Completed epoch 335 / 2000;    current loss: 39.14165496826172
INFO Gradient norm: 217.45637840592173
PROGRESS    Completed epoch 336 / 2000;    current loss: 38.131927490234375
INFO Gradient norm: 214.23643510050775
PROGRESS    Completed epoch 337 / 2000;    current loss: 37.120452880859375
INFO Gradient norm: 210.8901497348728
PROGRESS    Completed epoch 338 / 2000;    current loss: 36.110511779785156
INFO Gradient norm: 208.17956075194502
PROGRESS    Completed epoch 339 / 2000;    current loss: 35.133384704589844
INFO Gradient norm: 205.1425653718541
PROGRESS    Completed epoch 340 / 2000;    current loss: 34.1562385559082
INFO Gradient norm: 202.37577266476447
PROGRESS    Completed epoch 341 / 2000;    current loss: 33.203311920166016
INFO Gradient norm: 199.82663327067633
PROGRESS    Completed epoch 342 / 2000;    current loss: 32.25425720214844
INFO Gradient norm: 195.93163720333536
PROGRESS    Completed epoch 343 / 2000;    current loss: 31.35435676574707
INFO Gradient norm: 192.6529037118438
PROGRESS    Completed epoch 344 / 2000;    current loss: 30.467060089111328
INFO Gradient norm: 189.75185570800377
PROGRESS    Completed epoch 345 / 2000;    current loss: 29.5839786529541
INFO Gradient norm: 186.82912391207012
PROGRESS    Completed epoch 346 / 2000;    current loss: 28.697267532348633
INFO Gradient norm: 184.0993286217169
PROGRESS    Completed epoch 347 / 2000;    current loss: 27.863727569580078
INFO Gradient norm: 180.17672315656822
PROGRESS    Completed epoch 348 / 2000;    current loss: 27.038894653320312
INFO Gradient norm: 175.83564691255887
PROGRESS    Completed epoch 349 / 2000;    current loss: 26.210079193115234
INFO Gradient norm: 171.9337129117189
PROGRESS    Completed epoch 350 / 2000;    current loss: 25.393430709838867
INFO Gradient norm: 168.67946473464954
PROGRESS    Completed epoch 351 / 2000;    current loss: 24.58603286743164
INFO Gradient norm: 165.8232381890664
PROGRESS    Completed epoch 352 / 2000;    current loss: 23.78868865966797
INFO Gradient norm: 163.2488032161467
PROGRESS    Completed epoch 353 / 2000;    current loss: 23.03406524658203
INFO Gradient norm: 161.290510911907
PROGRESS    Completed epoch 354 / 2000;    current loss: 22.27604866027832
INFO Gradient norm: 157.48055114796693
PROGRESS    Completed epoch 355 / 2000;    current loss: 21.5447940826416
INFO Gradient norm: 153.25933195895823
PROGRESS    Completed epoch 356 / 2000;    current loss: 20.816024780273438
INFO Gradient norm: 150.34459752246053
PROGRESS    Completed epoch 357 / 2000;    current loss: 20.109909057617188
INFO Gradient norm: 147.90642133905294
PROGRESS    Completed epoch 358 / 2000;    current loss: 19.402387619018555
INFO Gradient norm: 145.40679852458487
PROGRESS    Completed epoch 359 / 2000;    current loss: 18.739044189453125
INFO Gradient norm: 142.5678648451858
PROGRESS    Completed epoch 360 / 2000;    current loss: 18.070186614990234
INFO Gradient norm: 139.4173294862173
PROGRESS    Completed epoch 361 / 2000;    current loss: 17.408390045166016
INFO Gradient norm: 136.30472287609138
PROGRESS    Completed epoch 362 / 2000;    current loss: 16.767154693603516
INFO Gradient norm: 132.70517668018528
PROGRESS    Completed epoch 363 / 2000;    current loss: 16.156049728393555
INFO Gradient norm: 129.7281646723451
PROGRESS    Completed epoch 364 / 2000;    current loss: 15.537869453430176
INFO Gradient norm: 127.95099965663465
PROGRESS    Completed epoch 365 / 2000;    current loss: 14.93526840209961
INFO Gradient norm: 127.715603053384
PROGRESS    Completed epoch 366 / 2000;    current loss: 14.360419273376465
INFO Gradient norm: 124.32187831169288
PROGRESS    Completed epoch 367 / 2000;    current loss: 13.815699577331543
INFO Gradient norm: 119.35862120935995
PROGRESS    Completed epoch 368 / 2000;    current loss: 13.268317222595215
INFO Gradient norm: 116.74538277791838
PROGRESS    Completed epoch 369 / 2000;    current loss: 12.72530746459961
INFO Gradient norm: 114.87239265525989
PROGRESS    Completed epoch 370 / 2000;    current loss: 12.213034629821777
INFO Gradient norm: 113.2099105031743
PROGRESS    Completed epoch 371 / 2000;    current loss: 11.713581085205078
INFO Gradient norm: 110.93698331399354
PROGRESS    Completed epoch 372 / 2000;    current loss: 11.209176063537598
INFO Gradient norm: 108.37310925146733
PROGRESS    Completed epoch 373 / 2000;    current loss: 10.739616394042969
INFO Gradient norm: 106.52426277245469
PROGRESS    Completed epoch 374 / 2000;    current loss: 10.309609413146973
INFO Gradient norm: 103.31563487581793
PROGRESS    Completed epoch 375 / 2000;    current loss: 9.86865520477295
INFO Gradient norm: 105.25903519997127
PROGRESS    Completed epoch 376 / 2000;    current loss: 9.427154541015625
INFO Gradient norm: 100.94318306381503
PROGRESS    Completed epoch 377 / 2000;    current loss: 9.051387786865234
INFO Gradient norm: 99.2652139919495
PROGRESS    Completed epoch 378 / 2000;    current loss: 8.71159839630127
INFO Gradient norm: 97.33746173794681
PROGRESS    Completed epoch 379 / 2000;    current loss: 8.361930847167969
INFO Gradient norm: 95.72856064540652
PROGRESS    Completed epoch 380 / 2000;    current loss: 8.016756057739258
INFO Gradient norm: 98.72907165989267
PROGRESS    Completed epoch 381 / 2000;    current loss: 7.710156440734863
INFO Gradient norm: 97.924524214602
PROGRESS    Completed epoch 382 / 2000;    current loss: 7.378172397613525
INFO Gradient norm: 92.93727438817469
PROGRESS    Completed epoch 383 / 2000;    current loss: 7.076581954956055
INFO Gradient norm: 101.48033099546002
PROGRESS    Completed epoch 384 / 2000;    current loss: 6.7848687171936035
INFO Gradient norm: 102.79932379751301
PROGRESS    Completed epoch 385 / 2000;    current loss: 6.4604172706604
INFO Gradient norm: 89.3676018340469
PROGRESS    Completed epoch 386 / 2000;    current loss: 6.2232890129089355
INFO Gradient norm: 101.44484031445742
PROGRESS    Completed epoch 387 / 2000;    current loss: 6.008569717407227
INFO Gradient norm: 104.6644432380961
PROGRESS    Completed epoch 388 / 2000;    current loss: 5.760289669036865
INFO Gradient norm: 89.20841026131588
PROGRESS    Completed epoch 389 / 2000;    current loss: 5.474656105041504
INFO Gradient norm: 96.2848109716112
PROGRESS    Completed epoch 390 / 2000;    current loss: 5.30095100402832
INFO Gradient norm: 97.19655398107456
PROGRESS    Completed epoch 391 / 2000;    current loss: 5.110915660858154
INFO Gradient norm: 87.75794443755068
PROGRESS    Completed epoch 392 / 2000;    current loss: 4.880929946899414
INFO Gradient norm: 88.56534320759462
PROGRESS    Completed epoch 393 / 2000;    current loss: 4.647147178649902
INFO Gradient norm: 87.93010202571226
PROGRESS    Completed epoch 394 / 2000;    current loss: 4.485015869140625
INFO Gradient norm: 89.19332997720785
PROGRESS    Completed epoch 395 / 2000;    current loss: 4.330834865570068
INFO Gradient norm: 92.2255591040603
PROGRESS    Completed epoch 396 / 2000;    current loss: 4.156330108642578
INFO Gradient norm: 86.77907854880901
PROGRESS    Completed epoch 397 / 2000;    current loss: 3.9464235305786133
INFO Gradient norm: 114.49924318543842
PROGRESS    Completed epoch 398 / 2000;    current loss: 3.8737499713897705
INFO Gradient norm: 114.68169752958956
PROGRESS    Completed epoch 399 / 2000;    current loss: 3.763453960418701
INFO Gradient norm: 87.55487836105448
PROGRESS    Completed epoch 400 / 2000;    current loss: 3.5951101779937744
INFO Gradient norm: 100.28438198968875
PROGRESS    Completed epoch 401 / 2000;    current loss: 3.416738510131836
INFO Gradient norm: 85.42831840863687
PROGRESS    Completed epoch 402 / 2000;    current loss: 3.281522750854492
INFO Gradient norm: 105.62554678836199
PROGRESS    Completed epoch 403 / 2000;    current loss: 3.1946756839752197
INFO Gradient norm: 104.66825913445196
PROGRESS    Completed epoch 404 / 2000;    current loss: 3.0614819526672363
INFO Gradient norm: 81.9547594168467
PROGRESS    Completed epoch 405 / 2000;    current loss: 2.89970064163208
INFO Gradient norm: 82.9115665132568
PROGRESS    Completed epoch 406 / 2000;    current loss: 2.8495724201202393
INFO Gradient norm: 83.97473966955086
PROGRESS    Completed epoch 407 / 2000;    current loss: 2.7583980560302734
INFO Gradient norm: 81.15229958352542
PROGRESS    Completed epoch 408 / 2000;    current loss: 2.6196584701538086
INFO Gradient norm: 76.02159800981161
PROGRESS    Completed epoch 409 / 2000;    current loss: 2.44742488861084
INFO Gradient norm: 78.67257973778638
PROGRESS    Completed epoch 410 / 2000;    current loss: 2.335890769958496
INFO Gradient norm: 72.38712813011554
PROGRESS    Completed epoch 411 / 2000;    current loss: 2.2456672191619873
INFO Gradient norm: 70.60969374296504
PROGRESS    Completed epoch 412 / 2000;    current loss: 2.1167805194854736
INFO Gradient norm: 68.63963071962068
PROGRESS    Completed epoch 413 / 2000;    current loss: 1.9668258428573608
INFO Gradient norm: 73.222558829558
PROGRESS    Completed epoch 414 / 2000;    current loss: 1.8918673992156982
INFO Gradient norm: 66.60743281993605
PROGRESS    Completed epoch 415 / 2000;    current loss: 1.8062045574188232
INFO Gradient norm: 75.16027895805807
PROGRESS    Completed epoch 416 / 2000;    current loss: 1.7067272663116455
INFO Gradient norm: 76.98414550980524
PROGRESS    Completed epoch 417 / 2000;    current loss: 1.5778013467788696
INFO Gradient norm: 57.587213756543214
PROGRESS    Completed epoch 418 / 2000;    current loss: 1.452623963356018
INFO Gradient norm: 73.45432216735713
PROGRESS    Completed epoch 419 / 2000;    current loss: 1.3739732503890991
INFO Gradient norm: 71.29046533175942
PROGRESS    Completed epoch 420 / 2000;    current loss: 1.2758195400238037
INFO Gradient norm: 52.503829362280456
PROGRESS    Completed epoch 421 / 2000;    current loss: 1.1863006353378296
INFO Gradient norm: 61.19912459205567
PROGRESS    Completed epoch 422 / 2000;    current loss: 1.115534782409668
INFO Gradient norm: 65.13902478277873
PROGRESS    Completed epoch 423 / 2000;    current loss: 1.020259976387024
INFO Gradient norm: 42.83431368628786
PROGRESS    Completed epoch 424 / 2000;    current loss: 0.9210039973258972
INFO Gradient norm: 66.01462652017808
PROGRESS    Completed epoch 425 / 2000;    current loss: 0.8530139923095703
INFO Gradient norm: 65.61111237266827
PROGRESS    Completed epoch 426 / 2000;    current loss: 0.769220232963562
INFO Gradient norm: 41.74815062086028
PROGRESS    Completed epoch 427 / 2000;    current loss: 0.6808011531829834
INFO Gradient norm: 42.73119760833125
PROGRESS    Completed epoch 428 / 2000;    current loss: 0.621910810470581
INFO Gradient norm: 52.62407834612655
PROGRESS    Completed epoch 429 / 2000;    current loss: 0.5613446831703186
INFO Gradient norm: 29.44593358685904
PROGRESS    Completed epoch 430 / 2000;    current loss: 0.4831044673919678
INFO Gradient norm: 27.763354300806963
PROGRESS    Completed epoch 431 / 2000;    current loss: 0.42581236362457275
INFO Gradient norm: 23.279892744267038
PROGRESS    Completed epoch 432 / 2000;    current loss: 0.3725784718990326
INFO Gradient norm: 14.267093504231273
PROGRESS    Completed epoch 433 / 2000;    current loss: 0.33249735832214355
INFO Gradient norm: 10.947376450303357
PROGRESS    Completed epoch 434 / 2000;    current loss: 0.29636937379837036
INFO Gradient norm: 8.999197473028728
PROGRESS    Completed epoch 435 / 2000;    current loss: 0.26713019609451294
INFO Gradient norm: 11.604699549890665
PROGRESS    Completed epoch 436 / 2000;    current loss: 0.25175032019615173
INFO Gradient norm: 13.140953678228732
PROGRESS    Completed epoch 437 / 2000;    current loss: 0.2430584728717804
INFO Gradient norm: 9.52988258304322
PROGRESS    Completed epoch 438 / 2000;    current loss: 0.23609216511249542
INFO Gradient norm: 17.119007677256764
PROGRESS    Completed epoch 439 / 2000;    current loss: 0.23378390073776245
INFO Gradient norm: 7.898542712105311
PROGRESS    Completed epoch 440 / 2000;    current loss: 0.2274484783411026
INFO Gradient norm: 25.204826520374613
PROGRESS    Completed epoch 441 / 2000;    current loss: 0.23332902789115906
INFO Gradient norm: 17.25144436161588
PROGRESS    Completed epoch 442 / 2000;    current loss: 0.22763966023921967
INFO Gradient norm: 25.05401956606956
PROGRESS    Completed epoch 443 / 2000;    current loss: 0.23174242675304413
INFO Gradient norm: 26.90758144479439
PROGRESS    Completed epoch 444 / 2000;    current loss: 0.23299580812454224
INFO Gradient norm: 7.429748895427554
PROGRESS    Completed epoch 445 / 2000;    current loss: 0.2245512753725052
INFO Gradient norm: 11.424282303101478
PROGRESS    Completed epoch 446 / 2000;    current loss: 0.22492466866970062
INFO Gradient norm: 18.175429837169855
PROGRESS    Completed epoch 447 / 2000;    current loss: 0.2271130532026291
INFO Gradient norm: 9.736628553437983
PROGRESS    Completed epoch 448 / 2000;    current loss: 0.2241378277540207
INFO Gradient norm: 26.131570361465663
PROGRESS    Completed epoch 449 / 2000;    current loss: 0.23215210437774658
INFO Gradient norm: 21.651530206326132
PROGRESS    Completed epoch 450 / 2000;    current loss: 0.2289690375328064
INFO Gradient norm: 17.776518986593665
PROGRESS    Completed epoch 451 / 2000;    current loss: 0.2264394462108612
INFO Gradient norm: 16.704439598495785
PROGRESS    Completed epoch 452 / 2000;    current loss: 0.22641275823116302
INFO Gradient norm: 19.08215881749877
PROGRESS    Completed epoch 453 / 2000;    current loss: 0.22846242785453796
INFO Gradient norm: 14.522656428758243
PROGRESS    Completed epoch 454 / 2000;    current loss: 0.2265036553144455
INFO Gradient norm: 24.063542455207468
PROGRESS    Completed epoch 455 / 2000;    current loss: 0.2305181324481964
INFO Gradient norm: 20.300498235989597
PROGRESS    Completed epoch 456 / 2000;    current loss: 0.22862359881401062
INFO Gradient norm: 18.424199672871353
PROGRESS    Completed epoch 457 / 2000;    current loss: 0.22817236185073853
INFO Gradient norm: 17.105941313891787
PROGRESS    Completed epoch 458 / 2000;    current loss: 0.2275090515613556
INFO Gradient norm: 17.466168115688593
PROGRESS    Completed epoch 459 / 2000;    current loss: 0.22728492319583893
INFO Gradient norm: 13.031029255420917
PROGRESS    Completed epoch 460 / 2000;    current loss: 0.22542360424995422
INFO Gradient norm: 22.028177789658187
PROGRESS    Completed epoch 461 / 2000;    current loss: 0.22964541614055634
INFO Gradient norm: 19.231731086567297
PROGRESS    Completed epoch 462 / 2000;    current loss: 0.22773900628089905
INFO Gradient norm: 16.27531454111105
PROGRESS    Completed epoch 463 / 2000;    current loss: 0.22627854347229004
INFO Gradient norm: 13.813844302865766
PROGRESS    Completed epoch 464 / 2000;    current loss: 0.22509698569774628
INFO Gradient norm: 19.89656720908934
PROGRESS    Completed epoch 465 / 2000;    current loss: 0.22767825424671173
INFO Gradient norm: 16.607856571228147
PROGRESS    Completed epoch 466 / 2000;    current loss: 0.2259107530117035
INFO Gradient norm: 18.453189168597422
PROGRESS    Completed epoch 467 / 2000;    current loss: 0.22660711407661438
INFO Gradient norm: 15.713250924283772
PROGRESS    Completed epoch 468 / 2000;    current loss: 0.2252885103225708
INFO Gradient norm: 18.788744415775977
PROGRESS    Completed epoch 469 / 2000;    current loss: 0.22641094028949738
INFO Gradient norm: 15.561653544484075
PROGRESS    Completed epoch 470 / 2000;    current loss: 0.22446297109127045
INFO Gradient norm: 18.583963966696793
PROGRESS    Completed epoch 471 / 2000;    current loss: 0.2259233593940735
INFO Gradient norm: 14.124581771560036
PROGRESS    Completed epoch 472 / 2000;    current loss: 0.22401933372020721
INFO Gradient norm: 21.35702572142814
PROGRESS    Completed epoch 473 / 2000;    current loss: 0.22751718759536743
INFO Gradient norm: 18.421829326455203
PROGRESS    Completed epoch 474 / 2000;    current loss: 0.22561630606651306
INFO Gradient norm: 17.35301219426402
PROGRESS    Completed epoch 475 / 2000;    current loss: 0.22489270567893982
INFO Gradient norm: 14.920758585415905
PROGRESS    Completed epoch 476 / 2000;    current loss: 0.22351600229740143
INFO Gradient norm: 19.503157384979215
PROGRESS    Completed epoch 477 / 2000;    current loss: 0.22541014850139618
INFO Gradient norm: 15.48576177631313
PROGRESS    Completed epoch 478 / 2000;    current loss: 0.22299179434776306
INFO Gradient norm: 21.190635657666384
PROGRESS    Completed epoch 479 / 2000;    current loss: 0.2253255993127823
INFO Gradient norm: 18.074460204402854
PROGRESS    Completed epoch 480 / 2000;    current loss: 0.22322668135166168
INFO Gradient norm: 18.2224049918823
PROGRESS    Completed epoch 481 / 2000;    current loss: 0.22350749373435974
INFO Gradient norm: 15.99288752170555
PROGRESS    Completed epoch 482 / 2000;    current loss: 0.2222786843776703
INFO Gradient norm: 19.26498781898721
PROGRESS    Completed epoch 483 / 2000;    current loss: 0.22351402044296265
INFO Gradient norm: 15.413972488405724
PROGRESS    Completed epoch 484 / 2000;    current loss: 0.2213151752948761
INFO Gradient norm: 19.885195650298034
PROGRESS    Completed epoch 485 / 2000;    current loss: 0.2236672043800354
INFO Gradient norm: 13.529893378116288
PROGRESS    Completed epoch 486 / 2000;    current loss: 0.22129063308238983
INFO Gradient norm: 24.277479534658198
PROGRESS    Completed epoch 487 / 2000;    current loss: 0.22725194692611694
INFO Gradient norm: 22.321631293209617
PROGRESS    Completed epoch 488 / 2000;    current loss: 0.22649866342544556
INFO Gradient norm: 13.103892196745266
PROGRESS    Completed epoch 489 / 2000;    current loss: 0.22243179380893707
INFO Gradient norm: 11.208828689784303
PROGRESS    Completed epoch 490 / 2000;    current loss: 0.2218279093503952
INFO Gradient norm: 21.828401393597634
PROGRESS    Completed epoch 491 / 2000;    current loss: 0.22642067074775696
INFO Gradient norm: 15.992768576505707
PROGRESS    Completed epoch 492 / 2000;    current loss: 0.22326527535915375
INFO Gradient norm: 18.2156225746867
PROGRESS    Completed epoch 493 / 2000;    current loss: 0.22471433877944946
INFO Gradient norm: 11.285976148157223
PROGRESS    Completed epoch 494 / 2000;    current loss: 0.22224938869476318
INFO Gradient norm: 23.7217920185982
PROGRESS    Completed epoch 495 / 2000;    current loss: 0.2290274053812027
INFO Gradient norm: 21.316543641606305
PROGRESS    Completed epoch 496 / 2000;    current loss: 0.22811582684516907
INFO Gradient norm: 12.775371755140666
PROGRESS    Completed epoch 497 / 2000;    current loss: 0.2246864140033722
INFO Gradient norm: 11.121916452260166
PROGRESS    Completed epoch 498 / 2000;    current loss: 0.2243562787771225
INFO Gradient norm: 20.30306946667217
PROGRESS    Completed epoch 499 / 2000;    current loss: 0.22836846113204956
INFO Gradient norm: 15.1372165938443
PROGRESS    Completed epoch 500 / 2000;    current loss: 0.22587744891643524
INFO Gradient norm: 19.145736019756058
PROGRESS    Completed epoch 501 / 2000;    current loss: 0.22819620370864868
INFO Gradient norm: 17.264551735323554
PROGRESS    Completed epoch 502 / 2000;    current loss: 0.22708016633987427
INFO Gradient norm: 15.004774182896906
PROGRESS    Completed epoch 503 / 2000;    current loss: 0.225709468126297
INFO Gradient norm: 12.451807036524864
PROGRESS    Completed epoch 504 / 2000;    current loss: 0.22457613050937653
INFO Gradient norm: 18.63748800487883
PROGRESS    Completed epoch 505 / 2000;    current loss: 0.22746378183364868
INFO Gradient norm: 14.733702858756011
PROGRESS    Completed epoch 506 / 2000;    current loss: 0.22524523735046387
INFO Gradient norm: 18.754375688622535
PROGRESS    Completed epoch 507 / 2000;    current loss: 0.2269270420074463
INFO Gradient norm: 16.80409827922546
PROGRESS    Completed epoch 508 / 2000;    current loss: 0.2257830649614334
INFO Gradient norm: 14.404418085803602
PROGRESS    Completed epoch 509 / 2000;    current loss: 0.22450917959213257
INFO Gradient norm: 12.272128508681044
PROGRESS    Completed epoch 510 / 2000;    current loss: 0.22364121675491333
INFO Gradient norm: 19.436957535678847
PROGRESS    Completed epoch 511 / 2000;    current loss: 0.2267564833164215
INFO Gradient norm: 15.951935491303574
PROGRESS    Completed epoch 512 / 2000;    current loss: 0.22481517493724823
INFO Gradient norm: 16.580969338374853
PROGRESS    Completed epoch 513 / 2000;    current loss: 0.22512158751487732
INFO Gradient norm: 14.294513266152796
PROGRESS    Completed epoch 514 / 2000;    current loss: 0.22387763857841492
INFO Gradient norm: 17.5837454728315
PROGRESS    Completed epoch 515 / 2000;    current loss: 0.22512876987457275
INFO Gradient norm: 14.637518686892552
PROGRESS    Completed epoch 516 / 2000;    current loss: 0.2235754281282425
INFO Gradient norm: 17.141109483201113
PROGRESS    Completed epoch 517 / 2000;    current loss: 0.22474656999111176
INFO Gradient norm: 14.280034056198252
PROGRESS    Completed epoch 518 / 2000;    current loss: 0.22317960858345032
INFO Gradient norm: 18.369622472214385
PROGRESS    Completed epoch 519 / 2000;    current loss: 0.22478006780147552
INFO Gradient norm: 15.81724654838172
PROGRESS    Completed epoch 520 / 2000;    current loss: 0.223263218998909
INFO Gradient norm: 16.73018839676052
PROGRESS    Completed epoch 521 / 2000;    current loss: 0.22384746372699738
INFO Gradient norm: 13.993346345438969
PROGRESS    Completed epoch 522 / 2000;    current loss: 0.222377747297287
INFO Gradient norm: 18.326852687573293
PROGRESS    Completed epoch 523 / 2000;    current loss: 0.22418829798698425
INFO Gradient norm: 15.514542497535535
PROGRESS    Completed epoch 524 / 2000;    current loss: 0.22268760204315186
INFO Gradient norm: 16.504808142350367
PROGRESS    Completed epoch 525 / 2000;    current loss: 0.22314772009849548
INFO Gradient norm: 13.04938502714479
PROGRESS    Completed epoch 526 / 2000;    current loss: 0.22124576568603516
INFO Gradient norm: 18.30028984489898
PROGRESS    Completed epoch 527 / 2000;    current loss: 0.22359418869018555
INFO Gradient norm: 15.0658123941052
PROGRESS    Completed epoch 528 / 2000;    current loss: 0.22186590731143951
INFO Gradient norm: 15.77124652935522
PROGRESS    Completed epoch 529 / 2000;    current loss: 0.22245217859745026
INFO Gradient norm: 8.780705722836235
PROGRESS    Completed epoch 530 / 2000;    current loss: 0.22038279473781586
INFO Gradient norm: 26.590560199330895
PROGRESS    Completed epoch 531 / 2000;    current loss: 0.22973348200321198
INFO Gradient norm: 23.2813501574561
PROGRESS    Completed epoch 532 / 2000;    current loss: 0.2277081459760666
INFO Gradient norm: 12.125489978412466
PROGRESS    Completed epoch 533 / 2000;    current loss: 0.22228115797042847
INFO Gradient norm: 11.600120799156409
PROGRESS    Completed epoch 534 / 2000;    current loss: 0.22222205996513367
INFO Gradient norm: 19.0072592345287
PROGRESS    Completed epoch 535 / 2000;    current loss: 0.22537678480148315
INFO Gradient norm: 13.062595022154225
PROGRESS    Completed epoch 536 / 2000;    current loss: 0.22261816263198853
INFO Gradient norm: 21.714174129865736
PROGRESS    Completed epoch 537 / 2000;    current loss: 0.22737735509872437
INFO Gradient norm: 19.67708846075618
PROGRESS    Completed epoch 538 / 2000;    current loss: 0.22596141695976257
INFO Gradient norm: 13.515841533835166
PROGRESS    Completed epoch 539 / 2000;    current loss: 0.2225712537765503
INFO Gradient norm: 11.624623112425635
PROGRESS    Completed epoch 540 / 2000;    current loss: 0.22172710299491882
INFO Gradient norm: 19.350856449957508
PROGRESS    Completed epoch 541 / 2000;    current loss: 0.2252870500087738
INFO Gradient norm: 14.610002620189869
PROGRESS    Completed epoch 542 / 2000;    current loss: 0.22260165214538574
INFO Gradient norm: 20.225457289047903
PROGRESS    Completed epoch 543 / 2000;    current loss: 0.22536194324493408
INFO Gradient norm: 17.87482145491093
PROGRESS    Completed epoch 544 / 2000;    current loss: 0.22391760349273682
INFO Gradient norm: 15.465405680319021
PROGRESS    Completed epoch 545 / 2000;    current loss: 0.22256694734096527
INFO Gradient norm: 13.114886114241834
PROGRESS    Completed epoch 546 / 2000;    current loss: 0.22141610085964203
INFO Gradient norm: 19.358162188740298
PROGRESS    Completed epoch 547 / 2000;    current loss: 0.22418588399887085
INFO Gradient norm: 15.324930156194883
PROGRESS    Completed epoch 548 / 2000;    current loss: 0.22198721766471863
INFO Gradient norm: 18.51648756325614
PROGRESS    Completed epoch 549 / 2000;    current loss: 0.22356818616390228
INFO Gradient norm: 16.139609256355612
PROGRESS    Completed epoch 550 / 2000;    current loss: 0.22212210297584534
INFO Gradient norm: 16.990111448235066
PROGRESS    Completed epoch 551 / 2000;    current loss: 0.2224123477935791
INFO Gradient norm: 13.881244954778177
PROGRESS    Completed epoch 552 / 2000;    current loss: 0.22087477147579193
INFO Gradient norm: 18.984272815590256
PROGRESS    Completed epoch 553 / 2000;    current loss: 0.22313398122787476
INFO Gradient norm: 15.945286766005095
PROGRESS    Completed epoch 554 / 2000;    current loss: 0.22133861482143402
INFO Gradient norm: 17.94216083179769
PROGRESS    Completed epoch 555 / 2000;    current loss: 0.22221191227436066
INFO Gradient norm: 15.278161522565668
PROGRESS    Completed epoch 556 / 2000;    current loss: 0.22074830532073975
INFO Gradient norm: 17.884508440408336
PROGRESS    Completed epoch 557 / 2000;    current loss: 0.2218068689107895
INFO Gradient norm: 14.779961885767909
PROGRESS    Completed epoch 558 / 2000;    current loss: 0.22011809051036835
INFO Gradient norm: 19.394143542208408
PROGRESS    Completed epoch 559 / 2000;    current loss: 0.22207112610340118
INFO Gradient norm: 15.680550990197363
PROGRESS    Completed epoch 560 / 2000;    current loss: 0.22026033699512482
INFO Gradient norm: 18.538599807044495
PROGRESS    Completed epoch 561 / 2000;    current loss: 0.22157162427902222
INFO Gradient norm: 15.963856427064366
PROGRESS    Completed epoch 562 / 2000;    current loss: 0.22010692954063416
INFO Gradient norm: 17.946968762557255
PROGRESS    Completed epoch 563 / 2000;    current loss: 0.22096428275108337
INFO Gradient norm: 14.872538935861254
PROGRESS    Completed epoch 564 / 2000;    current loss: 0.219392791390419
INFO Gradient norm: 18.79392903039549
PROGRESS    Completed epoch 565 / 2000;    current loss: 0.22115230560302734
INFO Gradient norm: 15.558883644067876
PROGRESS    Completed epoch 566 / 2000;    current loss: 0.21933618187904358
INFO Gradient norm: 19.01460607195068
PROGRESS    Completed epoch 567 / 2000;    current loss: 0.22089509665966034
INFO Gradient norm: 16.128881906759354
PROGRESS    Completed epoch 568 / 2000;    current loss: 0.21931256353855133
INFO Gradient norm: 17.825546421786758
PROGRESS    Completed epoch 569 / 2000;    current loss: 0.21996866166591644
INFO Gradient norm: 14.934626131292756
PROGRESS    Completed epoch 570 / 2000;    current loss: 0.21844372153282166
INFO Gradient norm: 19.64645798912824
PROGRESS    Completed epoch 571 / 2000;    current loss: 0.22058624029159546
INFO Gradient norm: 15.964819552146928
PROGRESS    Completed epoch 572 / 2000;    current loss: 0.21862511336803436
INFO Gradient norm: 18.99474650629008
PROGRESS    Completed epoch 573 / 2000;    current loss: 0.2200932651758194
INFO Gradient norm: 16.38081991811817
PROGRESS    Completed epoch 574 / 2000;    current loss: 0.21860569715499878
INFO Gradient norm: 18.28114404359706
PROGRESS    Completed epoch 575 / 2000;    current loss: 0.21936044096946716
INFO Gradient norm: 15.184112295850404
PROGRESS    Completed epoch 576 / 2000;    current loss: 0.2177639752626419
INFO Gradient norm: 15.840854716864408
PROGRESS    Completed epoch 577 / 2000;    current loss: 0.21821998059749603
INFO Gradient norm: 8.951569410003945
PROGRESS    Completed epoch 578 / 2000;    current loss: 0.21611757576465607
INFO Gradient norm: 25.73379106633831
PROGRESS    Completed epoch 579 / 2000;    current loss: 0.2246282398700714
INFO Gradient norm: 22.699811607069204
PROGRESS    Completed epoch 580 / 2000;    current loss: 0.22297903895378113
INFO Gradient norm: 11.2860349710582
PROGRESS    Completed epoch 581 / 2000;    current loss: 0.21781903505325317
INFO Gradient norm: 10.453700094768823
PROGRESS    Completed epoch 582 / 2000;    current loss: 0.2177802473306656
INFO Gradient norm: 19.561098733497275
PROGRESS    Completed epoch 583 / 2000;    current loss: 0.22168046236038208
INFO Gradient norm: 13.830859700347439
PROGRESS    Completed epoch 584 / 2000;    current loss: 0.2191401869058609
INFO Gradient norm: 20.452128789201335
PROGRESS    Completed epoch 585 / 2000;    current loss: 0.2226334512233734
INFO Gradient norm: 12.859301184705789
PROGRESS    Completed epoch 586 / 2000;    current loss: 0.21959923207759857
INFO Gradient norm: 24.841288888898177
PROGRESS    Completed epoch 587 / 2000;    current loss: 0.22662484645843506
INFO Gradient norm: 23.87480388644609
PROGRESS    Completed epoch 588 / 2000;    current loss: 0.22645282745361328
INFO Gradient norm: 9.775762716127613
PROGRESS    Completed epoch 589 / 2000;    current loss: 0.22000059485435486
INFO Gradient norm: 8.83137714391311
PROGRESS    Completed epoch 590 / 2000;    current loss: 0.2199534922838211
INFO Gradient norm: 20.708975136603996
PROGRESS    Completed epoch 591 / 2000;    current loss: 0.22510647773742676
INFO Gradient norm: 13.416461641391296
PROGRESS    Completed epoch 592 / 2000;    current loss: 0.2215365767478943
INFO Gradient norm: 22.57148607879966
PROGRESS    Completed epoch 593 / 2000;    current loss: 0.226523756980896
INFO Gradient norm: 21.55247848551222
PROGRESS    Completed epoch 594 / 2000;    current loss: 0.22586408257484436
INFO Gradient norm: 10.088856767314544
PROGRESS    Completed epoch 595 / 2000;    current loss: 0.22021570801734924
INFO Gradient norm: 7.885751906916984
PROGRESS    Completed epoch 596 / 2000;    current loss: 0.2195652574300766
INFO Gradient norm: 21.357695261632646
PROGRESS    Completed epoch 597 / 2000;    current loss: 0.2254568338394165
INFO Gradient norm: 15.05082873219785
PROGRESS    Completed epoch 598 / 2000;    current loss: 0.22174914181232452
INFO Gradient norm: 21.421176548120453
PROGRESS    Completed epoch 599 / 2000;    current loss: 0.2248205989599228
INFO Gradient norm: 20.530842296652143
PROGRESS    Completed epoch 600 / 2000;    current loss: 0.22408799827098846
INFO Gradient norm: 12.045984029609206
PROGRESS    Completed epoch 601 / 2000;    current loss: 0.21995243430137634
INFO Gradient norm: 9.773691714588544
PROGRESS    Completed epoch 602 / 2000;    current loss: 0.21898457407951355
INFO Gradient norm: 21.564217864471463
PROGRESS    Completed epoch 603 / 2000;    current loss: 0.22420887649059296
INFO Gradient norm: 15.895596626995191
PROGRESS    Completed epoch 604 / 2000;    current loss: 0.22090494632720947
INFO Gradient norm: 19.488619694179448
PROGRESS    Completed epoch 605 / 2000;    current loss: 0.2225576639175415
INFO Gradient norm: 18.24234918696303
PROGRESS    Completed epoch 606 / 2000;    current loss: 0.221577987074852
INFO Gradient norm: 14.127034817596936
PROGRESS    Completed epoch 607 / 2000;    current loss: 0.21936342120170593
INFO Gradient norm: 11.241851802737731
PROGRESS    Completed epoch 608 / 2000;    current loss: 0.21801860630512238
INFO Gradient norm: 20.614713512265695
PROGRESS    Completed epoch 609 / 2000;    current loss: 0.2221689522266388
INFO Gradient norm: 16.694093137615127
PROGRESS    Completed epoch 610 / 2000;    current loss: 0.2197287380695343
INFO Gradient norm: 17.795637065656305
PROGRESS    Completed epoch 611 / 2000;    current loss: 0.22003743052482605
INFO Gradient norm: 15.277733174663593
PROGRESS    Completed epoch 612 / 2000;    current loss: 0.21867160499095917
INFO Gradient norm: 12.789557891405138
PROGRESS    Completed epoch 613 / 2000;    current loss: 0.21812060475349426
INFO Gradient norm: 5.434387430638626
PROGRESS    Completed epoch 614 / 2000;    current loss: 0.2167631834745407
INFO Gradient norm: 24.408324997533654
PROGRESS    Completed epoch 615 / 2000;    current loss: 0.22470514476299286
INFO Gradient norm: 15.784403679357906
PROGRESS    Completed epoch 616 / 2000;    current loss: 0.21980181336402893
INFO Gradient norm: 22.698292857133545
PROGRESS    Completed epoch 617 / 2000;    current loss: 0.22379225492477417
INFO Gradient norm: 22.91154762672857
PROGRESS    Completed epoch 618 / 2000;    current loss: 0.22385373711585999
INFO Gradient norm: 9.276304212569496
PROGRESS    Completed epoch 619 / 2000;    current loss: 0.21724794805049896
INFO Gradient norm: 7.574667330836869
PROGRESS    Completed epoch 620 / 2000;    current loss: 0.2167312055826187
INFO Gradient norm: 21.808506638075457
PROGRESS    Completed epoch 621 / 2000;    current loss: 0.22272811830043793
INFO Gradient norm: 14.715179532222466
PROGRESS    Completed epoch 622 / 2000;    current loss: 0.21871384978294373
INFO Gradient norm: 24.16350693685912
PROGRESS    Completed epoch 623 / 2000;    current loss: 0.22386248409748077
INFO Gradient norm: 24.217014211418203
PROGRESS    Completed epoch 624 / 2000;    current loss: 0.22387143969535828
INFO Gradient norm: 8.92656264439395
PROGRESS    Completed epoch 625 / 2000;    current loss: 0.2165638655424118
INFO Gradient norm: 8.110769270468914
PROGRESS    Completed epoch 626 / 2000;    current loss: 0.2162323296070099
INFO Gradient norm: 20.69744203141341
PROGRESS    Completed epoch 627 / 2000;    current loss: 0.22134974598884583
INFO Gradient norm: 12.503669947341749
PROGRESS    Completed epoch 628 / 2000;    current loss: 0.21730607748031616
INFO Gradient norm: 20.539701320872613
PROGRESS    Completed epoch 629 / 2000;    current loss: 0.22138532996177673
INFO Gradient norm: 14.404379110306047
PROGRESS    Completed epoch 630 / 2000;    current loss: 0.21851815283298492
INFO Gradient norm: 22.208602046085577
PROGRESS    Completed epoch 631 / 2000;    current loss: 0.22296325862407684
INFO Gradient norm: 20.857876354682716
PROGRESS    Completed epoch 632 / 2000;    current loss: 0.22245462238788605
INFO Gradient norm: 12.385294147312795
PROGRESS    Completed epoch 633 / 2000;    current loss: 0.2185898721218109
INFO Gradient norm: 10.374061700511712
PROGRESS    Completed epoch 634 / 2000;    current loss: 0.21814028918743134
INFO Gradient norm: 20.98679960429794
PROGRESS    Completed epoch 635 / 2000;    current loss: 0.22318881750106812
INFO Gradient norm: 15.193638689587237
PROGRESS    Completed epoch 636 / 2000;    current loss: 0.22029337286949158
INFO Gradient norm: 20.420938272741502
PROGRESS    Completed epoch 637 / 2000;    current loss: 0.22331459820270538
INFO Gradient norm: 19.212691876889185
PROGRESS    Completed epoch 638 / 2000;    current loss: 0.22267742455005646
INFO Gradient norm: 13.232459146165397
PROGRESS    Completed epoch 639 / 2000;    current loss: 0.21980221569538116
INFO Gradient norm: 10.663752598873039
PROGRESS    Completed epoch 640 / 2000;    current loss: 0.21893049776554108
INFO Gradient norm: 20.576146457192557
PROGRESS    Completed epoch 641 / 2000;    current loss: 0.22359077632427216
INFO Gradient norm: 15.924254144059871
PROGRESS    Completed epoch 642 / 2000;    current loss: 0.22092653810977936
INFO Gradient norm: 19.267069349496936
PROGRESS    Completed epoch 643 / 2000;    current loss: 0.22259007394313812
INFO Gradient norm: 17.54673504622918
PROGRESS    Completed epoch 644 / 2000;    current loss: 0.22163107991218567
INFO Gradient norm: 13.323965760749516
PROGRESS    Completed epoch 645 / 2000;    current loss: 0.2198777049779892
INFO Gradient norm: 6.32420493747004
PROGRESS    Completed epoch 646 / 2000;    current loss: 0.21834537386894226
INFO Gradient norm: 23.300780432814946
PROGRESS    Completed epoch 647 / 2000;    current loss: 0.22599482536315918
INFO Gradient norm: 16.091441367728873
PROGRESS    Completed epoch 648 / 2000;    current loss: 0.22199679911136627
INFO Gradient norm: 20.286246920973735
PROGRESS    Completed epoch 649 / 2000;    current loss: 0.22441890835762024
INFO Gradient norm: 20.235230464403042
PROGRESS    Completed epoch 650 / 2000;    current loss: 0.22440168261528015
INFO Gradient norm: 10.761966673556307
PROGRESS    Completed epoch 651 / 2000;    current loss: 0.2199399173259735
INFO Gradient norm: 8.244865302389352
PROGRESS    Completed epoch 652 / 2000;    current loss: 0.21912315487861633
INFO Gradient norm: 21.343208025485897
PROGRESS    Completed epoch 653 / 2000;    current loss: 0.22481071949005127
INFO Gradient norm: 15.724132917890897
PROGRESS    Completed epoch 654 / 2000;    current loss: 0.22140511870384216
INFO Gradient norm: 19.721878696050887
PROGRESS    Completed epoch 655 / 2000;    current loss: 0.22315376996994019
INFO Gradient norm: 18.69760003801505
PROGRESS    Completed epoch 656 / 2000;    current loss: 0.22234348952770233
INFO Gradient norm: 13.184888529323866
PROGRESS    Completed epoch 657 / 2000;    current loss: 0.21962133049964905
INFO Gradient norm: 10.67097598892072
PROGRESS    Completed epoch 658 / 2000;    current loss: 0.218489408493042
INFO Gradient norm: 20.580340298825014
PROGRESS    Completed epoch 659 / 2000;    current loss: 0.22293314337730408
INFO Gradient norm: 15.179349963904064
PROGRESS    Completed epoch 660 / 2000;    current loss: 0.21991588175296783
INFO Gradient norm: 19.830934484422748
PROGRESS    Completed epoch 661 / 2000;    current loss: 0.22219876945018768
INFO Gradient norm: 18.540566805708316
PROGRESS    Completed epoch 662 / 2000;    current loss: 0.2212570309638977
INFO Gradient norm: 13.681585643449349
PROGRESS    Completed epoch 663 / 2000;    current loss: 0.21873639523983002
INFO Gradient norm: 11.092151258773214
PROGRESS    Completed epoch 664 / 2000;    current loss: 0.21757066249847412
INFO Gradient norm: 20.226167951360363
PROGRESS    Completed epoch 665 / 2000;    current loss: 0.2215781807899475
INFO Gradient norm: 15.789003819222284
PROGRESS    Completed epoch 666 / 2000;    current loss: 0.2188897728919983
INFO Gradient norm: 19.132102104740973
PROGRESS    Completed epoch 667 / 2000;    current loss: 0.22030960023403168
INFO Gradient norm: 17.346406395961946
PROGRESS    Completed epoch 668 / 2000;    current loss: 0.2191225290298462
INFO Gradient norm: 13.76277885664071
PROGRESS    Completed epoch 669 / 2000;    current loss: 0.21742761135101318
INFO Gradient norm: 5.838155845784816
PROGRESS    Completed epoch 670 / 2000;    current loss: 0.21555833518505096
INFO Gradient norm: 25.803528946687436
PROGRESS    Completed epoch 671 / 2000;    current loss: 0.2245400846004486
INFO Gradient norm: 19.04796828754096
PROGRESS    Completed epoch 672 / 2000;    current loss: 0.2203228771686554
INFO Gradient norm: 18.30275575552463
PROGRESS    Completed epoch 673 / 2000;    current loss: 0.22006486356258392
INFO Gradient norm: 18.347721535129253
PROGRESS    Completed epoch 674 / 2000;    current loss: 0.2200876623392105
INFO Gradient norm: 13.094097864857412
PROGRESS    Completed epoch 675 / 2000;    current loss: 0.21759766340255737
INFO Gradient norm: 9.643873883962359
PROGRESS    Completed epoch 676 / 2000;    current loss: 0.2162962406873703
INFO Gradient norm: 22.48808395505767
PROGRESS    Completed epoch 677 / 2000;    current loss: 0.2225707620382309
INFO Gradient norm: 18.35202858921365
PROGRESS    Completed epoch 678 / 2000;    current loss: 0.21996429562568665
INFO Gradient norm: 17.117787053111645
PROGRESS    Completed epoch 679 / 2000;    current loss: 0.21919967234134674
INFO Gradient norm: 15.722735295564396
PROGRESS    Completed epoch 680 / 2000;    current loss: 0.21852102875709534
INFO Gradient norm: 16.52636274579534
PROGRESS    Completed epoch 681 / 2000;    current loss: 0.21884068846702576
INFO Gradient norm: 12.882861849554644
PROGRESS    Completed epoch 682 / 2000;    current loss: 0.2172129601240158
INFO Gradient norm: 20.89246324664461
PROGRESS    Completed epoch 683 / 2000;    current loss: 0.221069797873497
INFO Gradient norm: 17.114401611460018
PROGRESS    Completed epoch 684 / 2000;    current loss: 0.21901549398899078
INFO Gradient norm: 15.082440599046198
PROGRESS    Completed epoch 685 / 2000;    current loss: 0.218330979347229
INFO Gradient norm: 8.596121130921023
PROGRESS    Completed epoch 686 / 2000;    current loss: 0.21669495105743408
INFO Gradient norm: 25.263027144350314
PROGRESS    Completed epoch 687 / 2000;    current loss: 0.22511190176010132
INFO Gradient norm: 21.001603264191655
PROGRESS    Completed epoch 688 / 2000;    current loss: 0.2226579785346985
INFO Gradient norm: 14.396011094864036
PROGRESS    Completed epoch 689 / 2000;    current loss: 0.21969282627105713
INFO Gradient norm: 13.899580435885179
PROGRESS    Completed epoch 690 / 2000;    current loss: 0.21963144838809967
INFO Gradient norm: 16.88426729739108
PROGRESS    Completed epoch 691 / 2000;    current loss: 0.22109612822532654
INFO Gradient norm: 11.869247245318226
PROGRESS    Completed epoch 692 / 2000;    current loss: 0.21901574730873108
INFO Gradient norm: 21.45221564586584
PROGRESS    Completed epoch 693 / 2000;    current loss: 0.22380787134170532
INFO Gradient norm: 18.597256373662734
PROGRESS    Completed epoch 694 / 2000;    current loss: 0.22196948528289795
INFO Gradient norm: 14.834861116353991
PROGRESS    Completed epoch 695 / 2000;    current loss: 0.2200341820716858
INFO Gradient norm: 13.170402736283021
PROGRESS    Completed epoch 696 / 2000;    current loss: 0.21923178434371948
INFO Gradient norm: 17.730936046349704
PROGRESS    Completed epoch 697 / 2000;    current loss: 0.2211698293685913
INFO Gradient norm: 13.568914691785237
PROGRESS    Completed epoch 698 / 2000;    current loss: 0.2190481424331665
INFO Gradient norm: 20.23231323743625
PROGRESS    Completed epoch 699 / 2000;    current loss: 0.2223222851753235
INFO Gradient norm: 16.797544976576877
PROGRESS    Completed epoch 700 / 2000;    current loss: 0.22047166526317596
INFO Gradient norm: 16.120605702437768
PROGRESS    Completed epoch 701 / 2000;    current loss: 0.21993733942508698
INFO Gradient norm: 13.988494696760839
PROGRESS    Completed epoch 702 / 2000;    current loss: 0.21884575486183167
INFO Gradient norm: 17.89415955051543
PROGRESS    Completed epoch 703 / 2000;    current loss: 0.22067880630493164
INFO Gradient norm: 14.19998659129838
PROGRESS    Completed epoch 704 / 2000;    current loss: 0.2188117504119873
INFO Gradient norm: 18.63255494613275
PROGRESS    Completed epoch 705 / 2000;    current loss: 0.2207915335893631
INFO Gradient norm: 16.029950791775686
PROGRESS    Completed epoch 706 / 2000;    current loss: 0.21927064657211304
INFO Gradient norm: 17.2985439202494
PROGRESS    Completed epoch 707 / 2000;    current loss: 0.2197338193655014
INFO Gradient norm: 13.677373577091428
PROGRESS    Completed epoch 708 / 2000;    current loss: 0.21801748871803284
INFO Gradient norm: 16.242460184842056
PROGRESS    Completed epoch 709 / 2000;    current loss: 0.2192666232585907
INFO Gradient norm: 9.48483544108488
PROGRESS    Completed epoch 710 / 2000;    current loss: 0.21705445647239685
INFO Gradient norm: 24.62439982485145
PROGRESS    Completed epoch 711 / 2000;    current loss: 0.22497029602527618
INFO Gradient norm: 22.796610353172323
PROGRESS    Completed epoch 712 / 2000;    current loss: 0.2241012006998062
INFO Gradient norm: 9.396038273827433
PROGRESS    Completed epoch 713 / 2000;    current loss: 0.21814382076263428
INFO Gradient norm: 9.069056855490897
PROGRESS    Completed epoch 714 / 2000;    current loss: 0.21827761828899384
INFO Gradient norm: 18.57005406581797
PROGRESS    Completed epoch 715 / 2000;    current loss: 0.2221495807170868
INFO Gradient norm: 12.137727342676333
PROGRESS    Completed epoch 716 / 2000;    current loss: 0.21937422454357147
INFO Gradient norm: 21.01160860835647
PROGRESS    Completed epoch 717 / 2000;    current loss: 0.22401726245880127
INFO Gradient norm: 19.515643830823944
PROGRESS    Completed epoch 718 / 2000;    current loss: 0.2230750471353531
INFO Gradient norm: 11.365161733269602
PROGRESS    Completed epoch 719 / 2000;    current loss: 0.21914158761501312
INFO Gradient norm: 10.077999312362953
PROGRESS    Completed epoch 720 / 2000;    current loss: 0.21864056587219238
INFO Gradient norm: 17.991454002555532
PROGRESS    Completed epoch 721 / 2000;    current loss: 0.22191576659679413
INFO Gradient norm: 12.728601669560893
PROGRESS    Completed epoch 722 / 2000;    current loss: 0.2192244529724121
INFO Gradient norm: 20.77038534353805
PROGRESS    Completed epoch 723 / 2000;    current loss: 0.22301402688026428
INFO Gradient norm: 19.394987393464298
PROGRESS    Completed epoch 724 / 2000;    current loss: 0.22208815813064575
INFO Gradient norm: 11.401468428532475
PROGRESS    Completed epoch 725 / 2000;    current loss: 0.21832498908042908
INFO Gradient norm: 9.335229794699883
PROGRESS    Completed epoch 726 / 2000;    current loss: 0.21772044897079468
INFO Gradient norm: 19.714317305035774
PROGRESS    Completed epoch 727 / 2000;    current loss: 0.22203552722930908
INFO Gradient norm: 14.340703493775564
PROGRESS    Completed epoch 728 / 2000;    current loss: 0.219390869140625
INFO Gradient norm: 18.598721174394
PROGRESS    Completed epoch 729 / 2000;    current loss: 0.22159969806671143
INFO Gradient norm: 17.250910688357326
PROGRESS    Completed epoch 730 / 2000;    current loss: 0.2207760065793991
INFO Gradient norm: 13.332760396981335
PROGRESS    Completed epoch 731 / 2000;    current loss: 0.21881577372550964
INFO Gradient norm: 11.131347623680783
PROGRESS    Completed epoch 732 / 2000;    current loss: 0.2178952395915985
INFO Gradient norm: 18.066261157827217
PROGRESS    Completed epoch 733 / 2000;    current loss: 0.22097261250019073
INFO Gradient norm: 13.792133950397815
PROGRESS    Completed epoch 734 / 2000;    current loss: 0.21868084371089935
INFO Gradient norm: 19.045225484011905
PROGRESS    Completed epoch 735 / 2000;    current loss: 0.22089427709579468
INFO Gradient norm: 17.451112986622586
PROGRESS    Completed epoch 736 / 2000;    current loss: 0.21991240978240967
INFO Gradient norm: 13.179188427810097
PROGRESS    Completed epoch 737 / 2000;    current loss: 0.21803200244903564
INFO Gradient norm: 10.521240477816606
PROGRESS    Completed epoch 738 / 2000;    current loss: 0.21695061028003693
INFO Gradient norm: 20.016373281213358
PROGRESS    Completed epoch 739 / 2000;    current loss: 0.2209717184305191
INFO Gradient norm: 16.105865623427565
PROGRESS    Completed epoch 740 / 2000;    current loss: 0.21884450316429138
INFO Gradient norm: 15.967691870618054
PROGRESS    Completed epoch 741 / 2000;    current loss: 0.2189321666955948
INFO Gradient norm: 14.18102588075
PROGRESS    Completed epoch 742 / 2000;    current loss: 0.21800513565540314
INFO Gradient norm: 16.3902077464201
PROGRESS    Completed epoch 743 / 2000;    current loss: 0.21885982155799866
INFO Gradient norm: 13.247549810454885
PROGRESS    Completed epoch 744 / 2000;    current loss: 0.2174212783575058
INFO Gradient norm: 17.476289028011674
PROGRESS    Completed epoch 745 / 2000;    current loss: 0.2193734347820282
INFO Gradient norm: 14.224683544377712
PROGRESS    Completed epoch 746 / 2000;    current loss: 0.21763087809085846
INFO Gradient norm: 16.371903189263694
PROGRESS    Completed epoch 747 / 2000;    current loss: 0.2185155749320984
INFO Gradient norm: 13.457809005727508
PROGRESS    Completed epoch 748 / 2000;    current loss: 0.21721325814723969
INFO Gradient norm: 17.224666555509437
PROGRESS    Completed epoch 749 / 2000;    current loss: 0.21897733211517334
INFO Gradient norm: 14.255505786032131
PROGRESS    Completed epoch 750 / 2000;    current loss: 0.21746137738227844
INFO Gradient norm: 17.390683815967392
PROGRESS    Completed epoch 751 / 2000;    current loss: 0.21878604590892792
INFO Gradient norm: 15.07440612536499
PROGRESS    Completed epoch 752 / 2000;    current loss: 0.21761879324913025
INFO Gradient norm: 15.573328756260413
PROGRESS    Completed epoch 753 / 2000;    current loss: 0.217838317155838
INFO Gradient norm: 12.675296266814607
PROGRESS    Completed epoch 754 / 2000;    current loss: 0.21648181974887848
INFO Gradient norm: 18.576749586460995
PROGRESS    Completed epoch 755 / 2000;    current loss: 0.21907155215740204
INFO Gradient norm: 15.633112373251713
PROGRESS    Completed epoch 756 / 2000;    current loss: 0.21753697097301483
INFO Gradient norm: 15.561705139254718
PROGRESS    Completed epoch 757 / 2000;    current loss: 0.21748380362987518
INFO Gradient norm: 13.158970248425112
PROGRESS    Completed epoch 758 / 2000;    current loss: 0.21633097529411316
INFO Gradient norm: 17.666801948859355
PROGRESS    Completed epoch 759 / 2000;    current loss: 0.21826386451721191
INFO Gradient norm: 14.643293997018496
PROGRESS    Completed epoch 760 / 2000;    current loss: 0.21675913035869598
INFO Gradient norm: 16.259152127218876
PROGRESS    Completed epoch 761 / 2000;    current loss: 0.217486172914505
INFO Gradient norm: 13.638121950743386
PROGRESS    Completed epoch 762 / 2000;    current loss: 0.21617236733436584
INFO Gradient norm: 17.400371557653912
PROGRESS    Completed epoch 763 / 2000;    current loss: 0.21776483952999115
INFO Gradient norm: 14.708667785223525
PROGRESS    Completed epoch 764 / 2000;    current loss: 0.21641375124454498
INFO Gradient norm: 15.925851520234664
PROGRESS    Completed epoch 765 / 2000;    current loss: 0.21694563329219818
INFO Gradient norm: 13.30903104092876
PROGRESS    Completed epoch 766 / 2000;    current loss: 0.21568375825881958
INFO Gradient norm: 18.093140376221587
PROGRESS    Completed epoch 767 / 2000;    current loss: 0.21774718165397644
INFO Gradient norm: 14.324581625819231
PROGRESS    Completed epoch 768 / 2000;    current loss: 0.21592064201831818
INFO Gradient norm: 17.04533847853642
PROGRESS    Completed epoch 769 / 2000;    current loss: 0.21726633608341217
INFO Gradient norm: 14.732227257825484
PROGRESS    Completed epoch 770 / 2000;    current loss: 0.21607735753059387
INFO Gradient norm: 16.34063598594706
PROGRESS    Completed epoch 771 / 2000;    current loss: 0.21668413281440735
INFO Gradient norm: 13.807890691614835
PROGRESS    Completed epoch 772 / 2000;    current loss: 0.21551088988780975
INFO Gradient norm: 16.64063335361578
PROGRESS    Completed epoch 773 / 2000;    current loss: 0.2168031483888626
INFO Gradient norm: 13.114075694771628
PROGRESS    Completed epoch 774 / 2000;    current loss: 0.21512733399868011
INFO Gradient norm: 19.975963027877985
PROGRESS    Completed epoch 775 / 2000;    current loss: 0.2183830291032791
INFO Gradient norm: 16.765805199834585
PROGRESS    Completed epoch 776 / 2000;    current loss: 0.21662172675132751
INFO Gradient norm: 14.818022394205064
PROGRESS    Completed epoch 777 / 2000;    current loss: 0.2158108800649643
INFO Gradient norm: 9.155820490984866
PROGRESS    Completed epoch 778 / 2000;    current loss: 0.21410013735294342
INFO Gradient norm: 23.440134547197605
PROGRESS    Completed epoch 779 / 2000;    current loss: 0.2211768478155136
INFO Gradient norm: 20.756972017430027
PROGRESS    Completed epoch 780 / 2000;    current loss: 0.21977989375591278
INFO Gradient norm: 11.25582370884198
PROGRESS    Completed epoch 781 / 2000;    current loss: 0.21562260389328003
INFO Gradient norm: 10.348460070538117
PROGRESS    Completed epoch 782 / 2000;    current loss: 0.2155318260192871
INFO Gradient norm: 18.03096656753436
PROGRESS    Completed epoch 783 / 2000;    current loss: 0.21877001225948334
INFO Gradient norm: 12.962223169424888
PROGRESS    Completed epoch 784 / 2000;    current loss: 0.21661776304244995
INFO Gradient norm: 18.743671789678945
PROGRESS    Completed epoch 785 / 2000;    current loss: 0.21972860395908356
INFO Gradient norm: 16.906012478305698
PROGRESS    Completed epoch 786 / 2000;    current loss: 0.21873149275779724
INFO Gradient norm: 13.345799780761041
PROGRESS    Completed epoch 787 / 2000;    current loss: 0.21695373952388763
INFO Gradient norm: 11.442318487765522
PROGRESS    Completed epoch 788 / 2000;    current loss: 0.21623115241527557
INFO Gradient norm: 17.224714126348005
PROGRESS    Completed epoch 789 / 2000;    current loss: 0.21873299777507782
INFO Gradient norm: 13.123081423941992
PROGRESS    Completed epoch 790 / 2000;    current loss: 0.21669206023216248
INFO Gradient norm: 18.70765815939749
PROGRESS    Completed epoch 791 / 2000;    current loss: 0.21925602853298187
INFO Gradient norm: 16.909415720124574
PROGRESS    Completed epoch 792 / 2000;    current loss: 0.21834497153759003
INFO Gradient norm: 12.366888366796319
PROGRESS    Completed epoch 793 / 2000;    current loss: 0.21635746955871582
INFO Gradient norm: 5.084109129333729
PROGRESS    Completed epoch 794 / 2000;    current loss: 0.21489951014518738
INFO Gradient norm: 23.578407138862957
PROGRESS    Completed epoch 795 / 2000;    current loss: 0.22295163571834564
INFO Gradient norm: 16.537747189373462
PROGRESS    Completed epoch 796 / 2000;    current loss: 0.2187323272228241
INFO Gradient norm: 18.67203417566055
PROGRESS    Completed epoch 797 / 2000;    current loss: 0.2200821191072464
INFO Gradient norm: 18.901469618164967
PROGRESS    Completed epoch 798 / 2000;    current loss: 0.22021473944187164
INFO Gradient norm: 10.561962916868955
PROGRESS    Completed epoch 799 / 2000;    current loss: 0.21623434126377106
INFO Gradient norm: 8.235546566213854
PROGRESS    Completed epoch 800 / 2000;    current loss: 0.21558351814746857
INFO Gradient norm: 20.18958452637402
PROGRESS    Completed epoch 801 / 2000;    current loss: 0.2206629365682602
INFO Gradient norm: 14.956284296620044
PROGRESS    Completed epoch 802 / 2000;    current loss: 0.21762661635875702
INFO Gradient norm: 18.76072329648828
PROGRESS    Completed epoch 803 / 2000;    current loss: 0.21938207745552063
INFO Gradient norm: 16.958484025856478
PROGRESS    Completed epoch 804 / 2000;    current loss: 0.2183137685060501
INFO Gradient norm: 14.63928841765923
PROGRESS    Completed epoch 805 / 2000;    current loss: 0.21709363162517548
INFO Gradient norm: 12.391173868435864
PROGRESS    Completed epoch 806 / 2000;    current loss: 0.21602918207645416
INFO Gradient norm: 18.438023147161854
PROGRESS    Completed epoch 807 / 2000;    current loss: 0.21874773502349854
INFO Gradient norm: 14.39881993878446
PROGRESS    Completed epoch 808 / 2000;    current loss: 0.2166154980659485
INFO Gradient norm: 18.082429582894324
PROGRESS    Completed epoch 809 / 2000;    current loss: 0.2182346135377884
INFO Gradient norm: 15.997794422218245
PROGRESS    Completed epoch 810 / 2000;    current loss: 0.21692915260791779
INFO Gradient norm: 15.407778679917817
PROGRESS    Completed epoch 811 / 2000;    current loss: 0.21650171279907227
INFO Gradient norm: 12.698659920323664
PROGRESS    Completed epoch 812 / 2000;    current loss: 0.21515092253684998
INFO Gradient norm: 12.924408550902404
PROGRESS    Completed epoch 813 / 2000;    current loss: 0.21555259823799133
INFO Gradient norm: 5.340494284800121
PROGRESS    Completed epoch 814 / 2000;    current loss: 0.21390827000141144
INFO Gradient norm: 23.545420693909687
PROGRESS    Completed epoch 815 / 2000;    current loss: 0.22162765264511108
INFO Gradient norm: 16.08903908620922
PROGRESS    Completed epoch 816 / 2000;    current loss: 0.21724973618984222
INFO Gradient norm: 19.884679406957925
PROGRESS    Completed epoch 817 / 2000;    current loss: 0.21934841573238373
INFO Gradient norm: 20.044650824385407
PROGRESS    Completed epoch 818 / 2000;    current loss: 0.21938802301883698
INFO Gradient norm: 10.163665984577806
PROGRESS    Completed epoch 819 / 2000;    current loss: 0.21474410593509674
INFO Gradient norm: 8.084924652823437
PROGRESS    Completed epoch 820 / 2000;    current loss: 0.21406947076320648
INFO Gradient norm: 15.908586993715618
PROGRESS    Completed epoch 821 / 2000;    current loss: 0.21728834509849548
INFO Gradient norm: 4.812798835164262
PROGRESS    Completed epoch 822 / 2000;    current loss: 0.21443192660808563
INFO Gradient norm: 25.565103428869776
PROGRESS    Completed epoch 823 / 2000;    current loss: 0.22373539209365845
INFO Gradient norm: 19.267197474992127
PROGRESS    Completed epoch 824 / 2000;    current loss: 0.219571053981781
INFO Gradient norm: 16.07571593809789
PROGRESS    Completed epoch 825 / 2000;    current loss: 0.21782812476158142
INFO Gradient norm: 16.17610454613588
PROGRESS    Completed epoch 826 / 2000;    current loss: 0.21773546934127808
INFO Gradient norm: 12.232904169114581
PROGRESS    Completed epoch 827 / 2000;    current loss: 0.21598803997039795
INFO Gradient norm: 7.518431847746662
PROGRESS    Completed epoch 828 / 2000;    current loss: 0.21453899145126343
INFO Gradient norm: 22.006629521495068
PROGRESS    Completed epoch 829 / 2000;    current loss: 0.22108374536037445
INFO Gradient norm: 17.433437896365792
PROGRESS    Completed epoch 830 / 2000;    current loss: 0.2180985063314438
INFO Gradient norm: 16.227323574079758
PROGRESS    Completed epoch 831 / 2000;    current loss: 0.21738369762897491
INFO Gradient norm: 15.707866890643611
PROGRESS    Completed epoch 832 / 2000;    current loss: 0.21702280640602112
INFO Gradient norm: 13.91541407252823
PROGRESS    Completed epoch 833 / 2000;    current loss: 0.2159799188375473
INFO Gradient norm: 10.50583514092325
PROGRESS    Completed epoch 834 / 2000;    current loss: 0.21455933153629303
INFO Gradient norm: 20.431689416572308
PROGRESS    Completed epoch 835 / 2000;    current loss: 0.21918483078479767
INFO Gradient norm: 16.466498682178344
PROGRESS    Completed epoch 836 / 2000;    current loss: 0.21686621010303497
INFO Gradient norm: 13.266554301229863
PROGRESS    Completed epoch 837 / 2000;    current loss: 0.21545790135860443
INFO Gradient norm: 7.818542381960141
PROGRESS    Completed epoch 838 / 2000;    current loss: 0.21406513452529907
INFO Gradient norm: 22.462308750192758
PROGRESS    Completed epoch 839 / 2000;    current loss: 0.22115558385849
INFO Gradient norm: 19.24006400391594
PROGRESS    Completed epoch 840 / 2000;    current loss: 0.21945974230766296
INFO Gradient norm: 11.820415801545552
PROGRESS    Completed epoch 841 / 2000;    current loss: 0.21621626615524292
INFO Gradient norm: 11.155812857020235
PROGRESS    Completed epoch 842 / 2000;    current loss: 0.21619905531406403
INFO Gradient norm: 16.27608911401833
PROGRESS    Completed epoch 843 / 2000;    current loss: 0.21840716898441315
INFO Gradient norm: 11.852461871856379
PROGRESS    Completed epoch 844 / 2000;    current loss: 0.21665549278259277
INFO Gradient norm: 18.25419614052504
PROGRESS    Completed epoch 845 / 2000;    current loss: 0.21980997920036316
INFO Gradient norm: 15.952659285042278
PROGRESS    Completed epoch 846 / 2000;    current loss: 0.21868745982646942
INFO Gradient norm: 13.631191334543123
PROGRESS    Completed epoch 847 / 2000;    current loss: 0.21744629740715027
INFO Gradient norm: 11.116575683583239
PROGRESS    Completed epoch 848 / 2000;    current loss: 0.21656844019889832
INFO Gradient norm: 17.326518117991533
PROGRESS    Completed epoch 849 / 2000;    current loss: 0.21940141916275024
INFO Gradient norm: 13.815309157372873
PROGRESS    Completed epoch 850 / 2000;    current loss: 0.2176051288843155
INFO Gradient norm: 16.964724378461025
PROGRESS    Completed epoch 851 / 2000;    current loss: 0.21900346875190735
INFO Gradient norm: 15.321476198568881
PROGRESS    Completed epoch 852 / 2000;    current loss: 0.21815946698188782
INFO Gradient norm: 13.57262921773567
PROGRESS    Completed epoch 853 / 2000;    current loss: 0.2173486351966858
INFO Gradient norm: 10.813036225723483
PROGRESS    Completed epoch 854 / 2000;    current loss: 0.21620194613933563
INFO Gradient norm: 18.576678776870704
PROGRESS    Completed epoch 855 / 2000;    current loss: 0.21961449086666107
INFO Gradient norm: 15.39085108248897
PROGRESS    Completed epoch 856 / 2000;    current loss: 0.2179277092218399
INFO Gradient norm: 14.658218348856934
PROGRESS    Completed epoch 857 / 2000;    current loss: 0.2175724059343338
INFO Gradient norm: 12.729116310495222
PROGRESS    Completed epoch 858 / 2000;    current loss: 0.2166416049003601
INFO Gradient norm: 16.29309132395468
PROGRESS    Completed epoch 859 / 2000;    current loss: 0.21814127266407013
INFO Gradient norm: 13.394067691562636
PROGRESS    Completed epoch 860 / 2000;    current loss: 0.2167506217956543
INFO Gradient norm: 15.833082837227812
PROGRESS    Completed epoch 861 / 2000;    current loss: 0.21781112253665924
INFO Gradient norm: 13.181709474929031
PROGRESS    Completed epoch 862 / 2000;    current loss: 0.21646198630332947
INFO Gradient norm: 16.491315056695978
PROGRESS    Completed epoch 863 / 2000;    current loss: 0.2177933305501938
INFO Gradient norm: 14.256681857630884
PROGRESS    Completed epoch 864 / 2000;    current loss: 0.21675768494606018
INFO Gradient norm: 14.662325412159417
PROGRESS    Completed epoch 865 / 2000;    current loss: 0.2169056534767151
INFO Gradient norm: 12.110199319948721
PROGRESS    Completed epoch 866 / 2000;    current loss: 0.21573086082935333
INFO Gradient norm: 16.841153730013765
PROGRESS    Completed epoch 867 / 2000;    current loss: 0.21770556271076202
INFO Gradient norm: 13.514768790812122
PROGRESS    Completed epoch 868 / 2000;    current loss: 0.21601438522338867
INFO Gradient norm: 15.920143610425814
PROGRESS    Completed epoch 869 / 2000;    current loss: 0.2172909677028656
INFO Gradient norm: 13.687031770435672
PROGRESS    Completed epoch 870 / 2000;    current loss: 0.2161657065153122
INFO Gradient norm: 15.63002902272847
PROGRESS    Completed epoch 871 / 2000;    current loss: 0.2169007807970047
INFO Gradient norm: 13.284831352711759
PROGRESS    Completed epoch 872 / 2000;    current loss: 0.2158031463623047
INFO Gradient norm: 15.403570638579557
PROGRESS    Completed epoch 873 / 2000;    current loss: 0.21672262251377106
INFO Gradient norm: 12.491624564032819
PROGRESS    Completed epoch 874 / 2000;    current loss: 0.21531563997268677
INFO Gradient norm: 17.190393713509863
PROGRESS    Completed epoch 875 / 2000;    current loss: 0.21729467809200287
INFO Gradient norm: 14.795445174243063
PROGRESS    Completed epoch 876 / 2000;    current loss: 0.21604299545288086
INFO Gradient norm: 14.265887574698755
PROGRESS    Completed epoch 877 / 2000;    current loss: 0.21576768159866333
INFO Gradient norm: 11.843989586377154
PROGRESS    Completed epoch 878 / 2000;    current loss: 0.2146511822938919
INFO Gradient norm: 17.160323023059693
PROGRESS    Completed epoch 879 / 2000;    current loss: 0.21687889099121094
INFO Gradient norm: 14.25697305640528
PROGRESS    Completed epoch 880 / 2000;    current loss: 0.21541480720043182
INFO Gradient norm: 14.959452014737645
PROGRESS    Completed epoch 881 / 2000;    current loss: 0.21569976210594177
INFO Gradient norm: 12.677661788256536
PROGRESS    Completed epoch 882 / 2000;    current loss: 0.2145862877368927
INFO Gradient norm: 16.21944983406191
PROGRESS    Completed epoch 883 / 2000;    current loss: 0.21603767573833466
INFO Gradient norm: 13.507834658269196
PROGRESS    Completed epoch 884 / 2000;    current loss: 0.21474796533584595
INFO Gradient norm: 15.338078637823433
PROGRESS    Completed epoch 885 / 2000;    current loss: 0.2155441790819168
INFO Gradient norm: 12.500541238454971
PROGRESS    Completed epoch 886 / 2000;    current loss: 0.21415197849273682
INFO Gradient norm: 15.921889163559719
PROGRESS    Completed epoch 887 / 2000;    current loss: 0.2155715823173523
INFO Gradient norm: 13.017481468487418
PROGRESS    Completed epoch 888 / 2000;    current loss: 0.2142103612422943
INFO Gradient norm: 16.19266993117992
PROGRESS    Completed epoch 889 / 2000;    current loss: 0.21567191183567047
INFO Gradient norm: 13.757900114893287
PROGRESS    Completed epoch 890 / 2000;    current loss: 0.2144315093755722
INFO Gradient norm: 15.693711351593386
PROGRESS    Completed epoch 891 / 2000;    current loss: 0.2151818722486496
INFO Gradient norm: 13.515851122438029
PROGRESS    Completed epoch 892 / 2000;    current loss: 0.21415351331233978
INFO Gradient norm: 15.069176061635893
PROGRESS    Completed epoch 893 / 2000;    current loss: 0.21481184661388397
INFO Gradient norm: 12.172819324564815
PROGRESS    Completed epoch 894 / 2000;    current loss: 0.21346145868301392
INFO Gradient norm: 17.38928658861223
PROGRESS    Completed epoch 895 / 2000;    current loss: 0.21568576991558075
INFO Gradient norm: 14.885503165154244
PROGRESS    Completed epoch 896 / 2000;    current loss: 0.21438772976398468
INFO Gradient norm: 14.295754398782066
PROGRESS    Completed epoch 897 / 2000;    current loss: 0.21410134434700012
INFO Gradient norm: 11.997619129631698
PROGRESS    Completed epoch 898 / 2000;    current loss: 0.21305054426193237
INFO Gradient norm: 16.92373984167411
PROGRESS    Completed epoch 899 / 2000;    current loss: 0.2151028960943222
INFO Gradient norm: 14.000092835674272
PROGRESS    Completed epoch 900 / 2000;    current loss: 0.21367177367210388
INFO Gradient norm: 14.250855505828948
PROGRESS    Completed epoch 901 / 2000;    current loss: 0.21382422745227814
INFO Gradient norm: 7.116431780277324
PROGRESS    Completed epoch 902 / 2000;    current loss: 0.21184474229812622
INFO Gradient norm: 24.545704666226637
PROGRESS    Completed epoch 903 / 2000;    current loss: 0.22045709192752838
INFO Gradient norm: 20.980458481079292
PROGRESS    Completed epoch 904 / 2000;    current loss: 0.2182616889476776
INFO Gradient norm: 11.431359607459049
PROGRESS    Completed epoch 905 / 2000;    current loss: 0.2137751281261444
INFO Gradient norm: 6.467847381535027
PROGRESS    Completed epoch 906 / 2000;    current loss: 0.2131616175174713
INFO Gradient norm: 21.70784841634622
PROGRESS    Completed epoch 907 / 2000;    current loss: 0.22006525099277496
INFO Gradient norm: 15.181355315146336
PROGRESS    Completed epoch 908 / 2000;    current loss: 0.21681950986385345
INFO Gradient norm: 18.821440313495355
PROGRESS    Completed epoch 909 / 2000;    current loss: 0.21914805471897125
INFO Gradient norm: 18.56834723994297
PROGRESS    Completed epoch 910 / 2000;    current loss: 0.21920809149742126
INFO Gradient norm: 10.72594960413151
PROGRESS    Completed epoch 911 / 2000;    current loss: 0.21569187939167023
INFO Gradient norm: 8.602076026944838
PROGRESS    Completed epoch 912 / 2000;    current loss: 0.21500040590763092
INFO Gradient norm: 18.749684861391504
PROGRESS    Completed epoch 913 / 2000;    current loss: 0.219560444355011
INFO Gradient norm: 13.490274908717947
PROGRESS    Completed epoch 914 / 2000;    current loss: 0.21681636571884155
INFO Gradient norm: 19.179971410292357
PROGRESS    Completed epoch 915 / 2000;    current loss: 0.21967622637748718
INFO Gradient norm: 17.7199279185614
PROGRESS    Completed epoch 916 / 2000;    current loss: 0.2189023196697235
INFO Gradient norm: 12.174130395844054
PROGRESS    Completed epoch 917 / 2000;    current loss: 0.21625420451164246
INFO Gradient norm: 10.53818791726784
PROGRESS    Completed epoch 918 / 2000;    current loss: 0.21564950048923492
INFO Gradient norm: 17.36368351663048
PROGRESS    Completed epoch 919 / 2000;    current loss: 0.21878235042095184
INFO Gradient norm: 12.561721619572712
PROGRESS    Completed epoch 920 / 2000;    current loss: 0.21654139459133148
INFO Gradient norm: 18.53209756495099
PROGRESS    Completed epoch 921 / 2000;    current loss: 0.21942609548568726
INFO Gradient norm: 16.768006442539566
PROGRESS    Completed epoch 922 / 2000;    current loss: 0.21840313076972961
INFO Gradient norm: 12.946753029746857
PROGRESS    Completed epoch 923 / 2000;    current loss: 0.21666716039180756
INFO Gradient norm: 11.072355187392397
PROGRESS    Completed epoch 924 / 2000;    current loss: 0.21591657400131226
INFO Gradient norm: 17.08248753459854
PROGRESS    Completed epoch 925 / 2000;    current loss: 0.21844744682312012
INFO Gradient norm: 12.786810866216063
PROGRESS    Completed epoch 926 / 2000;    current loss: 0.21617594361305237
INFO Gradient norm: 17.100361508520407
PROGRESS    Completed epoch 927 / 2000;    current loss: 0.21842601895332336
INFO Gradient norm: 14.216956320032468
PROGRESS    Completed epoch 928 / 2000;    current loss: 0.2169308364391327
INFO Gradient norm: 15.842476962669263
PROGRESS    Completed epoch 929 / 2000;    current loss: 0.21773996949195862
INFO Gradient norm: 13.653286893755947
PROGRESS    Completed epoch 930 / 2000;    current loss: 0.2167028933763504
INFO Gradient norm: 15.974472453700962
PROGRESS    Completed epoch 931 / 2000;    current loss: 0.21773546934127808
INFO Gradient norm: 13.198065014967156
PROGRESS    Completed epoch 932 / 2000;    current loss: 0.21657471358776093
INFO Gradient norm: 16.74486175955324
PROGRESS    Completed epoch 933 / 2000;    current loss: 0.2180856168270111
INFO Gradient norm: 14.155660032604041
PROGRESS    Completed epoch 934 / 2000;    current loss: 0.21674194931983948
INFO Gradient norm: 16.089453337650205
PROGRESS    Completed epoch 935 / 2000;    current loss: 0.21767184138298035
INFO Gradient norm: 13.570435082176731
PROGRESS    Completed epoch 936 / 2000;    current loss: 0.2164066582918167
INFO Gradient norm: 16.199751958875616
PROGRESS    Completed epoch 937 / 2000;    current loss: 0.2174656093120575
INFO Gradient norm: 13.525243186726103
PROGRESS    Completed epoch 938 / 2000;    current loss: 0.2160973697900772
INFO Gradient norm: 16.645408645339632
PROGRESS    Completed epoch 939 / 2000;    current loss: 0.21753491461277008
INFO Gradient norm: 13.904610413019515
PROGRESS    Completed epoch 940 / 2000;    current loss: 0.2161356508731842
INFO Gradient norm: 16.127382704736725
PROGRESS    Completed epoch 941 / 2000;    current loss: 0.21703262627124786
INFO Gradient norm: 13.856989416043056
PROGRESS    Completed epoch 942 / 2000;    current loss: 0.21586908400058746
INFO Gradient norm: 15.926489631805754
PROGRESS    Completed epoch 943 / 2000;    current loss: 0.21684347093105316
INFO Gradient norm: 12.282283339476004
PROGRESS    Completed epoch 944 / 2000;    current loss: 0.2152325063943863
INFO Gradient norm: 18.026585928941547
PROGRESS    Completed epoch 945 / 2000;    current loss: 0.21790830790996552
INFO Gradient norm: 15.601217302113955
PROGRESS    Completed epoch 946 / 2000;    current loss: 0.2165985405445099
INFO Gradient norm: 14.780712472022806
PROGRESS    Completed epoch 947 / 2000;    current loss: 0.21623912453651428
INFO Gradient norm: 12.7542833380351
PROGRESS    Completed epoch 948 / 2000;    current loss: 0.21535742282867432
INFO Gradient norm: 16.34418564794578
PROGRESS    Completed epoch 949 / 2000;    current loss: 0.21684516966342926
INFO Gradient norm: 13.059018580368571
PROGRESS    Completed epoch 950 / 2000;    current loss: 0.21525128185749054
INFO Gradient norm: 17.562248123800824
PROGRESS    Completed epoch 951 / 2000;    current loss: 0.21738487482070923
INFO Gradient norm: 14.99265483138643
PROGRESS    Completed epoch 952 / 2000;    current loss: 0.21602720022201538
INFO Gradient norm: 15.193784416597738
PROGRESS    Completed epoch 953 / 2000;    current loss: 0.21598945558071136
INFO Gradient norm: 12.99587471100903
PROGRESS    Completed epoch 954 / 2000;    current loss: 0.2149253785610199
INFO Gradient norm: 16.541350330824304
PROGRESS    Completed epoch 955 / 2000;    current loss: 0.21654349565505981
INFO Gradient norm: 13.302899950210495
PROGRESS    Completed epoch 956 / 2000;    current loss: 0.21498560905456543
INFO Gradient norm: 16.84915515210696
PROGRESS    Completed epoch 957 / 2000;    current loss: 0.21652013063430786
INFO Gradient norm: 14.534334062924833
PROGRESS    Completed epoch 958 / 2000;    current loss: 0.21530494093894958
INFO Gradient norm: 15.545408946271666
PROGRESS    Completed epoch 959 / 2000;    current loss: 0.21577638387680054
INFO Gradient norm: 13.02939659220954
PROGRESS    Completed epoch 960 / 2000;    current loss: 0.21458259224891663
INFO Gradient norm: 16.57587667173047
PROGRESS    Completed epoch 961 / 2000;    current loss: 0.21607208251953125
INFO Gradient norm: 14.022400730540856
PROGRESS    Completed epoch 962 / 2000;    current loss: 0.21477729082107544
INFO Gradient norm: 16.120831853017513
PROGRESS    Completed epoch 963 / 2000;    current loss: 0.21575051546096802
INFO Gradient norm: 13.639179266220467
PROGRESS    Completed epoch 964 / 2000;    current loss: 0.21457307040691376
INFO Gradient norm: 15.995744641278973
PROGRESS    Completed epoch 965 / 2000;    current loss: 0.21551963686943054
INFO Gradient norm: 13.581214704804344
PROGRESS    Completed epoch 966 / 2000;    current loss: 0.2143574059009552
INFO Gradient norm: 16.172647819325913
PROGRESS    Completed epoch 967 / 2000;    current loss: 0.21554875373840332
INFO Gradient norm: 12.464030057409172
PROGRESS    Completed epoch 968 / 2000;    current loss: 0.2139713168144226
INFO Gradient norm: 17.51159458103734
PROGRESS    Completed epoch 969 / 2000;    current loss: 0.21622464060783386
INFO Gradient norm: 14.930348834640744
PROGRESS    Completed epoch 970 / 2000;    current loss: 0.2148764431476593
INFO Gradient norm: 15.469163139494047
PROGRESS    Completed epoch 971 / 2000;    current loss: 0.21515950560569763
INFO Gradient norm: 13.246513012355646
PROGRESS    Completed epoch 972 / 2000;    current loss: 0.21414616703987122
INFO Gradient norm: 16.168680037222096
PROGRESS    Completed epoch 973 / 2000;    current loss: 0.21534517407417297
INFO Gradient norm: 13.194187317944978
PROGRESS    Completed epoch 974 / 2000;    current loss: 0.21391737461090088
INFO Gradient norm: 17.132411714022243
PROGRESS    Completed epoch 975 / 2000;    current loss: 0.21574996411800385
INFO Gradient norm: 14.409984905134968
PROGRESS    Completed epoch 976 / 2000;    current loss: 0.2143801897764206
INFO Gradient norm: 15.718539475276101
PROGRESS    Completed epoch 977 / 2000;    current loss: 0.2148554027080536
INFO Gradient norm: 13.475823987013383
PROGRESS    Completed epoch 978 / 2000;    current loss: 0.21377252042293549
INFO Gradient norm: 16.07545223071492
PROGRESS    Completed epoch 979 / 2000;    current loss: 0.21499547362327576
INFO Gradient norm: 13.60230811661492
PROGRESS    Completed epoch 980 / 2000;    current loss: 0.21372008323669434
INFO Gradient norm: 16.2597125075551
PROGRESS    Completed epoch 981 / 2000;    current loss: 0.2147960066795349
INFO Gradient norm: 13.772087748956736
PROGRESS    Completed epoch 982 / 2000;    current loss: 0.2135557234287262
INFO Gradient norm: 15.218374197479813
PROGRESS    Completed epoch 983 / 2000;    current loss: 0.21427024900913239
INFO Gradient norm: 11.473512749681412
PROGRESS    Completed epoch 984 / 2000;    current loss: 0.21281632781028748
INFO Gradient norm: 18.051585832516615
PROGRESS    Completed epoch 985 / 2000;    current loss: 0.21573282778263092
INFO Gradient norm: 11.561467928044856
PROGRESS    Completed epoch 986 / 2000;    current loss: 0.21317468583583832
INFO Gradient norm: 21.266424718768526
PROGRESS    Completed epoch 987 / 2000;    current loss: 0.21844972670078278
INFO Gradient norm: 20.145467177199517
PROGRESS    Completed epoch 988 / 2000;    current loss: 0.2180427461862564
INFO Gradient norm: 10.023481052769524
PROGRESS    Completed epoch 989 / 2000;    current loss: 0.2135428637266159
INFO Gradient norm: 9.629413985357361
PROGRESS    Completed epoch 990 / 2000;    current loss: 0.21351808309555054
INFO Gradient norm: 16.77330993098047
PROGRESS    Completed epoch 991 / 2000;    current loss: 0.2164604663848877
INFO Gradient norm: 10.745437040832574
PROGRESS    Completed epoch 992 / 2000;    current loss: 0.2138994187116623
INFO Gradient norm: 20.652600580145528
PROGRESS    Completed epoch 993 / 2000;    current loss: 0.2186153531074524
INFO Gradient norm: 19.00693437314567
PROGRESS    Completed epoch 994 / 2000;    current loss: 0.21748876571655273
INFO Gradient norm: 10.812719829883754
PROGRESS    Completed epoch 995 / 2000;    current loss: 0.21360516548156738
INFO Gradient norm: 9.952298078759306
PROGRESS    Completed epoch 996 / 2000;    current loss: 0.21318365633487701
INFO Gradient norm: 16.816458404051463
PROGRESS    Completed epoch 997 / 2000;    current loss: 0.21579107642173767
INFO Gradient norm: 11.963815513867079
PROGRESS    Completed epoch 998 / 2000;    current loss: 0.21340692043304443
INFO Gradient norm: 19.332498978819277
PROGRESS    Completed epoch 999 / 2000;    current loss: 0.2167392075061798
INFO Gradient norm: 17.27607233783081
PROGRESS    Completed epoch 1000 / 2000;    current loss: 0.21544717252254486
INFO Gradient norm: 11.10754101987009
PROGRESS    Completed epoch 1001 / 2000;    current loss: 0.21273799240589142
INFO Gradient norm: 4.187036988255945
PROGRESS    Completed epoch 1002 / 2000;    current loss: 0.21141737699508667
INFO Gradient norm: 20.154010041711846
PROGRESS    Completed epoch 1003 / 2000;    current loss: 0.21727634966373444
INFO Gradient norm: 13.395460461592405
PROGRESS    Completed epoch 1004 / 2000;    current loss: 0.21384824812412262
INFO Gradient norm: 18.155209415694575
PROGRESS    Completed epoch 1005 / 2000;    current loss: 0.21637870371341705
INFO Gradient norm: 17.707028420870657
PROGRESS    Completed epoch 1006 / 2000;    current loss: 0.2160191386938095
INFO Gradient norm: 7.793449035309608
PROGRESS    Completed epoch 1007 / 2000;    current loss: 0.21197915077209473
INFO Gradient norm: 8.552721041246574
PROGRESS    Completed epoch 1008 / 2000;    current loss: 0.21219108998775482
INFO Gradient norm: 15.054081844318699
PROGRESS    Completed epoch 1009 / 2000;    current loss: 0.21479885280132294
INFO Gradient norm: 7.602504858192071
PROGRESS    Completed epoch 1010 / 2000;    current loss: 0.2123173326253891
INFO Gradient norm: 22.65199547628712
PROGRESS    Completed epoch 1011 / 2000;    current loss: 0.21939624845981598
INFO Gradient norm: 21.008191903404416
PROGRESS    Completed epoch 1012 / 2000;    current loss: 0.21846891939640045
INFO Gradient norm: 7.530034169326019
PROGRESS    Completed epoch 1013 / 2000;    current loss: 0.21265912055969238
INFO Gradient norm: 8.595902275336446
PROGRESS    Completed epoch 1014 / 2000;    current loss: 0.2129608541727066
INFO Gradient norm: 14.523919107560646
PROGRESS    Completed epoch 1015 / 2000;    current loss: 0.21515831351280212
INFO Gradient norm: 8.508238589067135
PROGRESS    Completed epoch 1016 / 2000;    current loss: 0.21300403773784637
INFO Gradient norm: 19.73078263093712
PROGRESS    Completed epoch 1017 / 2000;    current loss: 0.2180817723274231
INFO Gradient norm: 17.702913248398122
PROGRESS    Completed epoch 1018 / 2000;    current loss: 0.21673814952373505
INFO Gradient norm: 10.180604780970562
PROGRESS    Completed epoch 1019 / 2000;    current loss: 0.2132340371608734
INFO Gradient norm: 9.996731022115958
PROGRESS    Completed epoch 1020 / 2000;    current loss: 0.2130190134048462
INFO Gradient norm: 14.29654829627114
PROGRESS    Completed epoch 1021 / 2000;    current loss: 0.21449589729309082
INFO Gradient norm: 9.259671103114202
PROGRESS    Completed epoch 1022 / 2000;    current loss: 0.21234436333179474
INFO Gradient norm: 19.34046066803214
PROGRESS    Completed epoch 1023 / 2000;    current loss: 0.21670421957969666
INFO Gradient norm: 17.795787963264587
PROGRESS    Completed epoch 1024 / 2000;    current loss: 0.21562747657299042
INFO Gradient norm: 10.482991915898662
PROGRESS    Completed epoch 1025 / 2000;    current loss: 0.21235248446464539
INFO Gradient norm: 9.751486538363007
PROGRESS    Completed epoch 1026 / 2000;    current loss: 0.21204571425914764
INFO Gradient norm: 15.684680948563045
PROGRESS    Completed epoch 1027 / 2000;    current loss: 0.21434129774570465
INFO Gradient norm: 11.52267188591714
PROGRESS    Completed epoch 1028 / 2000;    current loss: 0.21253420412540436
INFO Gradient norm: 16.986262080471082
PROGRESS    Completed epoch 1029 / 2000;    current loss: 0.21505288779735565
INFO Gradient norm: 10.348708432936197
PROGRESS    Completed epoch 1030 / 2000;    current loss: 0.21252655982971191
INFO Gradient norm: 22.195965302796484
PROGRESS    Completed epoch 1031 / 2000;    current loss: 0.21866972744464874
INFO Gradient norm: 20.86090034751865
PROGRESS    Completed epoch 1032 / 2000;    current loss: 0.21807487308979034
INFO Gradient norm: 9.2661444073292
PROGRESS    Completed epoch 1033 / 2000;    current loss: 0.2129373848438263
INFO Gradient norm: 9.365252833318689
PROGRESS    Completed epoch 1034 / 2000;    current loss: 0.213047057390213
INFO Gradient norm: 15.806897508326403
PROGRESS    Completed epoch 1035 / 2000;    current loss: 0.21562990546226501
INFO Gradient norm: 9.740585401726882
PROGRESS    Completed epoch 1036 / 2000;    current loss: 0.21320520341396332
INFO Gradient norm: 20.44519382252261
PROGRESS    Completed epoch 1037 / 2000;    current loss: 0.21824781596660614
INFO Gradient norm: 18.223436240972404
PROGRESS    Completed epoch 1038 / 2000;    current loss: 0.2167259305715561
INFO Gradient norm: 10.798680541711072
PROGRESS    Completed epoch 1039 / 2000;    current loss: 0.2131950855255127
INFO Gradient norm: 9.456620944272421
PROGRESS    Completed epoch 1040 / 2000;    current loss: 0.21276892721652985
INFO Gradient norm: 16.874891928624987
PROGRESS    Completed epoch 1041 / 2000;    current loss: 0.2157232016324997
INFO Gradient norm: 12.181476900343753
PROGRESS    Completed epoch 1042 / 2000;    current loss: 0.21342773735523224
INFO Gradient norm: 18.64518553658142
PROGRESS    Completed epoch 1043 / 2000;    current loss: 0.21631096303462982
INFO Gradient norm: 16.981678281966737
PROGRESS    Completed epoch 1044 / 2000;    current loss: 0.21527262032032013
INFO Gradient norm: 12.1566102500131
PROGRESS    Completed epoch 1045 / 2000;    current loss: 0.21304887533187866
INFO Gradient norm: 10.212776612118354
PROGRESS    Completed epoch 1046 / 2000;    current loss: 0.21213851869106293
INFO Gradient norm: 16.701989343398733
PROGRESS    Completed epoch 1047 / 2000;    current loss: 0.21483293175697327
INFO Gradient norm: 12.336674197361639
PROGRESS    Completed epoch 1048 / 2000;    current loss: 0.21272575855255127
INFO Gradient norm: 14.848754169914665
PROGRESS    Completed epoch 1049 / 2000;    current loss: 0.21373853087425232
INFO Gradient norm: 8.649946884581912
PROGRESS    Completed epoch 1050 / 2000;    current loss: 0.21183697879314423
INFO Gradient norm: 22.791411643590987
PROGRESS    Completed epoch 1051 / 2000;    current loss: 0.2188696712255478
INFO Gradient norm: 20.609140598417394
PROGRESS    Completed epoch 1052 / 2000;    current loss: 0.21768516302108765
INFO Gradient norm: 9.932963026219559
PROGRESS    Completed epoch 1053 / 2000;    current loss: 0.21301288902759552
INFO Gradient norm: 9.80454317800534
PROGRESS    Completed epoch 1054 / 2000;    current loss: 0.21308210492134094
INFO Gradient norm: 15.252560003996665
PROGRESS    Completed epoch 1055 / 2000;    current loss: 0.2154298722743988
INFO Gradient norm: 9.500955918895485
PROGRESS    Completed epoch 1056 / 2000;    current loss: 0.21331357955932617
INFO Gradient norm: 20.312778840007464
PROGRESS    Completed epoch 1057 / 2000;    current loss: 0.21847359836101532
INFO Gradient norm: 17.93126873716021
PROGRESS    Completed epoch 1058 / 2000;    current loss: 0.2169865071773529
INFO Gradient norm: 10.129157943215427
PROGRESS    Completed epoch 1059 / 2000;    current loss: 0.2136944830417633
INFO Gradient norm: 8.646863193127583
PROGRESS    Completed epoch 1060 / 2000;    current loss: 0.21341441571712494
INFO Gradient norm: 15.574831574331647
PROGRESS    Completed epoch 1061 / 2000;    current loss: 0.21620047092437744
INFO Gradient norm: 7.145387678681683
PROGRESS    Completed epoch 1062 / 2000;    current loss: 0.2137497514486313
INFO Gradient norm: 23.079118651506615
PROGRESS    Completed epoch 1063 / 2000;    current loss: 0.2215231955051422
INFO Gradient norm: 20.187337435282874
PROGRESS    Completed epoch 1064 / 2000;    current loss: 0.2197819948196411
INFO Gradient norm: 10.384270341826458
PROGRESS    Completed epoch 1065 / 2000;    current loss: 0.2151167094707489
INFO Gradient norm: 11.113823766541405
PROGRESS    Completed epoch 1066 / 2000;    current loss: 0.21535690128803253
INFO Gradient norm: 13.87530910619444
PROGRESS    Completed epoch 1067 / 2000;    current loss: 0.2164640575647354
INFO Gradient norm: 8.581803102910188
PROGRESS    Completed epoch 1068 / 2000;    current loss: 0.21448621153831482
INFO Gradient norm: 20.15645700124149
PROGRESS    Completed epoch 1069 / 2000;    current loss: 0.21957430243492126
INFO Gradient norm: 17.51714425531749
PROGRESS    Completed epoch 1070 / 2000;    current loss: 0.21780548989772797
INFO Gradient norm: 11.813878788211982
PROGRESS    Completed epoch 1071 / 2000;    current loss: 0.21503977477550507
INFO Gradient norm: 11.314880094563446
PROGRESS    Completed epoch 1072 / 2000;    current loss: 0.214646577835083
INFO Gradient norm: 14.683976082594597
PROGRESS    Completed epoch 1073 / 2000;    current loss: 0.21574945747852325
INFO Gradient norm: 10.835363871789898
PROGRESS    Completed epoch 1074 / 2000;    current loss: 0.21399803459644318
INFO Gradient norm: 18.36202150347169
PROGRESS    Completed epoch 1075 / 2000;    current loss: 0.21724210679531097
INFO Gradient norm: 16.288802942673875
PROGRESS    Completed epoch 1076 / 2000;    current loss: 0.21584442257881165
INFO Gradient norm: 12.636952205243267
PROGRESS    Completed epoch 1077 / 2000;    current loss: 0.21389974653720856
INFO Gradient norm: 12.385372861713867
PROGRESS    Completed epoch 1078 / 2000;    current loss: 0.21362707018852234
INFO Gradient norm: 13.738216317680315
PROGRESS    Completed epoch 1079 / 2000;    current loss: 0.21406690776348114
INFO Gradient norm: 10.281375624247074
PROGRESS    Completed epoch 1080 / 2000;    current loss: 0.21253232657909393
INFO Gradient norm: 17.752172710919524
PROGRESS    Completed epoch 1081 / 2000;    current loss: 0.21554595232009888
INFO Gradient norm: 15.04033828812921
PROGRESS    Completed epoch 1082 / 2000;    current loss: 0.21388939023017883
INFO Gradient norm: 13.913749983956896
PROGRESS    Completed epoch 1083 / 2000;    current loss: 0.21317483484745026
INFO Gradient norm: 12.554568603645613
PROGRESS    Completed epoch 1084 / 2000;    current loss: 0.21237251162528992
INFO Gradient norm: 10.453721257873251
PROGRESS    Completed epoch 1085 / 2000;    current loss: 0.21174538135528564
INFO Gradient norm: 4.441168963241393
PROGRESS    Completed epoch 1086 / 2000;    current loss: 0.21066027879714966
INFO Gradient norm: 19.68675064701025
PROGRESS    Completed epoch 1087 / 2000;    current loss: 0.21613405644893646
INFO Gradient norm: 11.66143738726605
PROGRESS    Completed epoch 1088 / 2000;    current loss: 0.21244598925113678
INFO Gradient norm: 20.20375356288467
PROGRESS    Completed epoch 1089 / 2000;    current loss: 0.2165394425392151
INFO Gradient norm: 20.164263138092764
PROGRESS    Completed epoch 1090 / 2000;    current loss: 0.21640907227993011
INFO Gradient norm: 7.202019264032156
PROGRESS    Completed epoch 1091 / 2000;    current loss: 0.21082688868045807
INFO Gradient norm: 7.687771336558715
PROGRESS    Completed epoch 1092 / 2000;    current loss: 0.21063748002052307
INFO Gradient norm: 9.97035879629831
PROGRESS    Completed epoch 1093 / 2000;    current loss: 0.2118503302335739
INFO Gradient norm: 2.160240809719635
PROGRESS    Completed epoch 1094 / 2000;    current loss: 0.21106208860874176
INFO Gradient norm: 8.60487133870946
PROGRESS    Completed epoch 1095 / 2000;    current loss: 0.2120501846075058
INFO Gradient norm: 8.090132311029048
PROGRESS    Completed epoch 1096 / 2000;    current loss: 0.21167252957820892
INFO Gradient norm: 1.901029729040063
PROGRESS    Completed epoch 1097 / 2000;    current loss: 0.21084249019622803
INFO Gradient norm: 1.6014071190324073
PROGRESS    Completed epoch 1098 / 2000;    current loss: 0.2104678452014923
INFO Gradient norm: 1.2086007987497822
PROGRESS    Completed epoch 1099 / 2000;    current loss: 0.209588885307312
INFO Gradient norm: 1.2817786888670826
PROGRESS    Completed epoch 1100 / 2000;    current loss: 0.20870618522167206
INFO Gradient norm: 8.207634701604213
PROGRESS    Completed epoch 1101 / 2000;    current loss: 0.20931661128997803
INFO Gradient norm: 4.937398447846945
PROGRESS    Completed epoch 1102 / 2000;    current loss: 0.21020415425300598
INFO Gradient norm: 12.67697076852578
PROGRESS    Completed epoch 1103 / 2000;    current loss: 0.21290133893489838
INFO Gradient norm: 3.5727014512863184
PROGRESS    Completed epoch 1104 / 2000;    current loss: 0.2109895795583725
INFO Gradient norm: 12.316471145281154
PROGRESS    Completed epoch 1105 / 2000;    current loss: 0.21252332627773285
INFO Gradient norm: 2.6594014098070553
PROGRESS    Completed epoch 1106 / 2000;    current loss: 0.2101033329963684
INFO Gradient norm: 1.38173462794898
PROGRESS    Completed epoch 1107 / 2000;    current loss: 0.20993807911872864
INFO Gradient norm: 3.2017056303311247
PROGRESS    Completed epoch 1108 / 2000;    current loss: 0.2098512351512909
INFO Gradient norm: 9.3587986105833
PROGRESS    Completed epoch 1109 / 2000;    current loss: 0.2107829451560974
INFO Gradient norm: 5.273305748520589
PROGRESS    Completed epoch 1110 / 2000;    current loss: 0.20970724523067474
INFO Gradient norm: 4.4142140669366325
PROGRESS    Completed epoch 1111 / 2000;    current loss: 0.20926576852798462
INFO Gradient norm: 7.026195030863514
PROGRESS    Completed epoch 1112 / 2000;    current loss: 0.2095049023628235
INFO Gradient norm: 2.650164393589781
PROGRESS    Completed epoch 1113 / 2000;    current loss: 0.20876559615135193
INFO Gradient norm: 4.482579401654088
PROGRESS    Completed epoch 1114 / 2000;    current loss: 0.20869269967079163
INFO Gradient norm: 7.073325904734132
PROGRESS    Completed epoch 1115 / 2000;    current loss: 0.20920364558696747
INFO Gradient norm: 6.1505160973933215
PROGRESS    Completed epoch 1116 / 2000;    current loss: 0.2092045247554779
INFO Gradient norm: 5.091485136247945
PROGRESS    Completed epoch 1117 / 2000;    current loss: 0.20905816555023193
INFO Gradient norm: 8.438851574711354
PROGRESS    Completed epoch 1118 / 2000;    current loss: 0.21003849804401398
INFO Gradient norm: 4.007251694977075
PROGRESS    Completed epoch 1119 / 2000;    current loss: 0.20925036072731018
INFO Gradient norm: 2.314561322362684
PROGRESS    Completed epoch 1120 / 2000;    current loss: 0.2085866928100586
INFO Gradient norm: 5.838986468910493
PROGRESS    Completed epoch 1121 / 2000;    current loss: 0.2085006684064865
INFO Gradient norm: 10.410667130801242
PROGRESS    Completed epoch 1122 / 2000;    current loss: 0.20946985483169556
INFO Gradient norm: 4.0549840031205315
PROGRESS    Completed epoch 1123 / 2000;    current loss: 0.2082238644361496
INFO Gradient norm: 16.677941784966027
PROGRESS    Completed epoch 1124 / 2000;    current loss: 0.212546244263649
INFO Gradient norm: 7.013392006720206
PROGRESS    Completed epoch 1125 / 2000;    current loss: 0.209217831492424
INFO Gradient norm: 24.30692445515775
PROGRESS    Completed epoch 1126 / 2000;    current loss: 0.2179616242647171
INFO Gradient norm: 22.83164202101007
PROGRESS    Completed epoch 1127 / 2000;    current loss: 0.21729497611522675
INFO Gradient norm: 6.73485779671547
PROGRESS    Completed epoch 1128 / 2000;    current loss: 0.21024973690509796
INFO Gradient norm: 9.308647037576959
PROGRESS    Completed epoch 1129 / 2000;    current loss: 0.21106499433517456
INFO Gradient norm: 12.767537657195602
PROGRESS    Completed epoch 1130 / 2000;    current loss: 0.21250209212303162
INFO Gradient norm: 5.819847003337454
PROGRESS    Completed epoch 1131 / 2000;    current loss: 0.2105608880519867
INFO Gradient norm: 22.073865670362867
PROGRESS    Completed epoch 1132 / 2000;    current loss: 0.21783050894737244
INFO Gradient norm: 18.983018978480747
PROGRESS    Completed epoch 1133 / 2000;    current loss: 0.21575641632080078
INFO Gradient norm: 10.672020073282276
PROGRESS    Completed epoch 1134 / 2000;    current loss: 0.21186795830726624
INFO Gradient norm: 11.391970227414227
PROGRESS    Completed epoch 1135 / 2000;    current loss: 0.21208152174949646
INFO Gradient norm: 13.237332748018481
PROGRESS    Completed epoch 1136 / 2000;    current loss: 0.2126433253288269
INFO Gradient norm: 8.794274929199599
PROGRESS    Completed epoch 1137 / 2000;    current loss: 0.21102428436279297
INFO Gradient norm: 19.325568594886718
PROGRESS    Completed epoch 1138 / 2000;    current loss: 0.21565788984298706
INFO Gradient norm: 16.06958197637217
PROGRESS    Completed epoch 1139 / 2000;    current loss: 0.21379730105400085
INFO Gradient norm: 13.185143057885341
PROGRESS    Completed epoch 1140 / 2000;    current loss: 0.21234911680221558
INFO Gradient norm: 12.597102482090204
PROGRESS    Completed epoch 1141 / 2000;    current loss: 0.21206453442573547
INFO Gradient norm: 14.148910524740783
PROGRESS    Completed epoch 1142 / 2000;    current loss: 0.2125978171825409
INFO Gradient norm: 10.29132341791376
PROGRESS    Completed epoch 1143 / 2000;    current loss: 0.21113164722919464
INFO Gradient norm: 16.746580837621767
PROGRESS    Completed epoch 1144 / 2000;    current loss: 0.2136867642402649
INFO Gradient norm: 13.728906486347464
PROGRESS    Completed epoch 1145 / 2000;    current loss: 0.21207866072654724
INFO Gradient norm: 13.097404836945493
PROGRESS    Completed epoch 1146 / 2000;    current loss: 0.21190540492534637
INFO Gradient norm: 10.777870244823866
PROGRESS    Completed epoch 1147 / 2000;    current loss: 0.21103714406490326
INFO Gradient norm: 16.346750238826775
PROGRESS    Completed epoch 1148 / 2000;    current loss: 0.21341627836227417
INFO Gradient norm: 13.1333664046849
PROGRESS    Completed epoch 1149 / 2000;    current loss: 0.2118566334247589
INFO Gradient norm: 15.50803331870429
PROGRESS    Completed epoch 1150 / 2000;    current loss: 0.21294915676116943
INFO Gradient norm: 13.785432405073434
PROGRESS    Completed epoch 1151 / 2000;    current loss: 0.21212635934352875
INFO Gradient norm: 13.01089557148164
PROGRESS    Completed epoch 1152 / 2000;    current loss: 0.21173958480358124
INFO Gradient norm: 7.531869612385844
PROGRESS    Completed epoch 1153 / 2000;    current loss: 0.21035873889923096
INFO Gradient norm: 20.30720339797159
PROGRESS    Completed epoch 1154 / 2000;    current loss: 0.21616770327091217
INFO Gradient norm: 16.784494412722637
PROGRESS    Completed epoch 1155 / 2000;    current loss: 0.21430158615112305
INFO Gradient norm: 12.809242810970943
PROGRESS    Completed epoch 1156 / 2000;    current loss: 0.2124675214290619
INFO Gradient norm: 12.816025346226924
PROGRESS    Completed epoch 1157 / 2000;    current loss: 0.2124941349029541
INFO Gradient norm: 12.582298797951516
PROGRESS    Completed epoch 1158 / 2000;    current loss: 0.2124394178390503
INFO Gradient norm: 8.916625091850445
PROGRESS    Completed epoch 1159 / 2000;    current loss: 0.21113716065883636
INFO Gradient norm: 18.061503829081918
PROGRESS    Completed epoch 1160 / 2000;    current loss: 0.21487468481063843
INFO Gradient norm: 15.038290862949106
PROGRESS    Completed epoch 1161 / 2000;    current loss: 0.2131441980600357
INFO Gradient norm: 13.396929139525042
PROGRESS    Completed epoch 1162 / 2000;    current loss: 0.21235361695289612
INFO Gradient norm: 12.976461978520847
PROGRESS    Completed epoch 1163 / 2000;    current loss: 0.21191154420375824
INFO Gradient norm: 13.317222368558676
PROGRESS    Completed epoch 1164 / 2000;    current loss: 0.21183688938617706
INFO Gradient norm: 10.162409381860162
PROGRESS    Completed epoch 1165 / 2000;    current loss: 0.21042665839195251
INFO Gradient norm: 15.813709714431482
PROGRESS    Completed epoch 1166 / 2000;    current loss: 0.2126789540052414
INFO Gradient norm: 11.75239346811996
PROGRESS    Completed epoch 1167 / 2000;    current loss: 0.21085064113140106
INFO Gradient norm: 16.80114385105748
PROGRESS    Completed epoch 1168 / 2000;    current loss: 0.21301747858524323
INFO Gradient norm: 15.032330501801091
PROGRESS    Completed epoch 1169 / 2000;    current loss: 0.2119399756193161
INFO Gradient norm: 12.174075793479803
PROGRESS    Completed epoch 1170 / 2000;    current loss: 0.21063020825386047
INFO Gradient norm: 10.603752775604928
PROGRESS    Completed epoch 1171 / 2000;    current loss: 0.20989163219928741
INFO Gradient norm: 13.094908167940737
PROGRESS    Completed epoch 1172 / 2000;    current loss: 0.21075522899627686
INFO Gradient norm: 5.59298012860858
PROGRESS    Completed epoch 1173 / 2000;    current loss: 0.20891571044921875
INFO Gradient norm: 20.458314089733015
PROGRESS    Completed epoch 1174 / 2000;    current loss: 0.21498702466487885
INFO Gradient norm: 17.112420890265977
PROGRESS    Completed epoch 1175 / 2000;    current loss: 0.21314245462417603
INFO Gradient norm: 6.998127702040023
PROGRESS    Completed epoch 1176 / 2000;    current loss: 0.2098884880542755
INFO Gradient norm: 4.717725412345874
PROGRESS    Completed epoch 1177 / 2000;    current loss: 0.21003533899784088
INFO Gradient norm: 14.773294663495774
PROGRESS    Completed epoch 1178 / 2000;    current loss: 0.21299557387828827
INFO Gradient norm: 5.177861054531825
PROGRESS    Completed epoch 1179 / 2000;    current loss: 0.20989476144313812
INFO Gradient norm: 23.276410082604134
PROGRESS    Completed epoch 1180 / 2000;    current loss: 0.21803736686706543
INFO Gradient norm: 21.15951380289099
PROGRESS    Completed epoch 1181 / 2000;    current loss: 0.21637915074825287
INFO Gradient norm: 7.651739154041614
PROGRESS    Completed epoch 1182 / 2000;    current loss: 0.2098942995071411
INFO Gradient norm: 9.51754007602941
PROGRESS    Completed epoch 1183 / 2000;    current loss: 0.21026065945625305
INFO Gradient norm: 12.095523253952233
PROGRESS    Completed epoch 1184 / 2000;    current loss: 0.21081827580928802
INFO Gradient norm: 6.617828652199394
PROGRESS    Completed epoch 1185 / 2000;    current loss: 0.2090836465358734
INFO Gradient norm: 19.39314257894028
PROGRESS    Completed epoch 1186 / 2000;    current loss: 0.21417029201984406
INFO Gradient norm: 15.568810067250817
PROGRESS    Completed epoch 1187 / 2000;    current loss: 0.21210086345672607
INFO Gradient norm: 11.33419469475139
PROGRESS    Completed epoch 1188 / 2000;    current loss: 0.21022917330265045
INFO Gradient norm: 6.5169411033580635
PROGRESS    Completed epoch 1189 / 2000;    current loss: 0.20931275188922882
INFO Gradient norm: 20.220776630706236
PROGRESS    Completed epoch 1190 / 2000;    current loss: 0.21536996960639954
INFO Gradient norm: 16.322121392966455
PROGRESS    Completed epoch 1191 / 2000;    current loss: 0.21341444551944733
INFO Gradient norm: 12.952857939765174
PROGRESS    Completed epoch 1192 / 2000;    current loss: 0.2119961977005005
INFO Gradient norm: 13.030459973265506
PROGRESS    Completed epoch 1193 / 2000;    current loss: 0.2122250646352768
INFO Gradient norm: 12.080041740637007
PROGRESS    Completed epoch 1194 / 2000;    current loss: 0.2120601087808609
INFO Gradient norm: 8.797947172772238
PROGRESS    Completed epoch 1195 / 2000;    current loss: 0.21108298003673553
INFO Gradient norm: 15.576909379962938
PROGRESS    Completed epoch 1196 / 2000;    current loss: 0.21394458413124084
INFO Gradient norm: 8.455525409360435
PROGRESS    Completed epoch 1197 / 2000;    current loss: 0.21189185976982117
INFO Gradient norm: 21.055110540135708
PROGRESS    Completed epoch 1198 / 2000;    current loss: 0.21823737025260925
INFO Gradient norm: 19.461351950731082
PROGRESS    Completed epoch 1199 / 2000;    current loss: 0.2175968587398529
INFO Gradient norm: 8.728808599456743
PROGRESS    Completed epoch 1200 / 2000;    current loss: 0.21300974488258362
INFO Gradient norm: 9.893450019205819
PROGRESS    Completed epoch 1201 / 2000;    current loss: 0.21338152885437012
INFO Gradient norm: 12.832047916360871
PROGRESS    Completed epoch 1202 / 2000;    current loss: 0.21445515751838684
INFO Gradient norm: 7.58733361309145
PROGRESS    Completed epoch 1203 / 2000;    current loss: 0.21246923506259918
INFO Gradient norm: 19.415840898620438
PROGRESS    Completed epoch 1204 / 2000;    current loss: 0.217417910695076
INFO Gradient norm: 16.85655233149358
PROGRESS    Completed epoch 1205 / 2000;    current loss: 0.21575291454792023
INFO Gradient norm: 10.519705163011524
PROGRESS    Completed epoch 1206 / 2000;    current loss: 0.21301598846912384
INFO Gradient norm: 9.0914830752028
PROGRESS    Completed epoch 1207 / 2000;    current loss: 0.2124418169260025
INFO Gradient norm: 15.236849107721659
PROGRESS    Completed epoch 1208 / 2000;    current loss: 0.21484030783176422
INFO Gradient norm: 11.161144411783534
PROGRESS    Completed epoch 1209 / 2000;    current loss: 0.2129717320203781
INFO Gradient norm: 16.440707580345652
PROGRESS    Completed epoch 1210 / 2000;    current loss: 0.21525117754936218
INFO Gradient norm: 14.752564533588249
PROGRESS    Completed epoch 1211 / 2000;    current loss: 0.21425749361515045
INFO Gradient norm: 11.671322534920268
PROGRESS    Completed epoch 1212 / 2000;    current loss: 0.21265245974063873
INFO Gradient norm: 10.43698464432949
PROGRESS    Completed epoch 1213 / 2000;    current loss: 0.21200896799564362
INFO Gradient norm: 14.328031134759776
PROGRESS    Completed epoch 1214 / 2000;    current loss: 0.21343716979026794
INFO Gradient norm: 10.757448283571337
PROGRESS    Completed epoch 1215 / 2000;    current loss: 0.2117834836244583
INFO Gradient norm: 16.01577242023209
PROGRESS    Completed epoch 1216 / 2000;    current loss: 0.21368905901908875
INFO Gradient norm: 14.228106083111935
PROGRESS    Completed epoch 1217 / 2000;    current loss: 0.21258318424224854
INFO Gradient norm: 12.694103194671397
PROGRESS    Completed epoch 1218 / 2000;    current loss: 0.21163409948349
INFO Gradient norm: 11.211609161236463
PROGRESS    Completed epoch 1219 / 2000;    current loss: 0.21079368889331818
INFO Gradient norm: 14.062458822342853
PROGRESS    Completed epoch 1220 / 2000;    current loss: 0.21158471703529358
INFO Gradient norm: 10.3641951488989
PROGRESS    Completed epoch 1221 / 2000;    current loss: 0.20986440777778625
INFO Gradient norm: 17.054481283335335
PROGRESS    Completed epoch 1222 / 2000;    current loss: 0.21274766325950623
INFO Gradient norm: 14.180881188830863
PROGRESS    Completed epoch 1223 / 2000;    current loss: 0.21141095459461212
INFO Gradient norm: 13.39175274978968
PROGRESS    Completed epoch 1224 / 2000;    current loss: 0.21105995774269104
INFO Gradient norm: 12.655070619559641
PROGRESS    Completed epoch 1225 / 2000;    current loss: 0.21084259450435638
INFO Gradient norm: 13.371194498402744
PROGRESS    Completed epoch 1226 / 2000;    current loss: 0.2111566960811615
INFO Gradient norm: 10.711677537380652
PROGRESS    Completed epoch 1227 / 2000;    current loss: 0.21012809872627258
INFO Gradient norm: 15.650319871544697
PROGRESS    Completed epoch 1228 / 2000;    current loss: 0.21204420924186707
INFO Gradient norm: 13.056780217496623
PROGRESS    Completed epoch 1229 / 2000;    current loss: 0.21080449223518372
INFO Gradient norm: 14.18463964823955
PROGRESS    Completed epoch 1230 / 2000;    current loss: 0.21128231287002563
INFO Gradient norm: 12.369955341306639
PROGRESS    Completed epoch 1231 / 2000;    current loss: 0.21047183871269226
INFO Gradient norm: 13.856555920064244
PROGRESS    Completed epoch 1232 / 2000;    current loss: 0.21092252433300018
INFO Gradient norm: 10.850618098184611
PROGRESS    Completed epoch 1233 / 2000;    current loss: 0.20954939723014832
INFO Gradient norm: 15.514599626404188
PROGRESS    Completed epoch 1234 / 2000;    current loss: 0.2114156186580658
INFO Gradient norm: 12.720693643987449
PROGRESS    Completed epoch 1235 / 2000;    current loss: 0.21009953320026398
INFO Gradient norm: 13.03241647342509
PROGRESS    Completed epoch 1236 / 2000;    current loss: 0.2102843075990677
INFO Gradient norm: 7.791237192640421
PROGRESS    Completed epoch 1237 / 2000;    current loss: 0.20883530378341675
INFO Gradient norm: 19.116356517956202
PROGRESS    Completed epoch 1238 / 2000;    current loss: 0.21390274167060852
INFO Gradient norm: 15.93296338961928
PROGRESS    Completed epoch 1239 / 2000;    current loss: 0.21235303580760956
INFO Gradient norm: 12.3729565880252
PROGRESS    Completed epoch 1240 / 2000;    current loss: 0.21075314283370972
INFO Gradient norm: 12.460852985414233
PROGRESS    Completed epoch 1241 / 2000;    current loss: 0.21085329353809357
INFO Gradient norm: 11.76855318106763
PROGRESS    Completed epoch 1242 / 2000;    current loss: 0.21073758602142334
INFO Gradient norm: 8.546624122991739
PROGRESS    Completed epoch 1243 / 2000;    current loss: 0.20967671275138855
INFO Gradient norm: 16.766587472314033
PROGRESS    Completed epoch 1244 / 2000;    current loss: 0.21280427277088165
INFO Gradient norm: 14.641172979680707
PROGRESS    Completed epoch 1245 / 2000;    current loss: 0.21166960895061493
INFO Gradient norm: 12.092127824061697
PROGRESS    Completed epoch 1246 / 2000;    current loss: 0.21061505377292633
INFO Gradient norm: 10.989079702327022
PROGRESS    Completed epoch 1247 / 2000;    current loss: 0.21009382605552673
INFO Gradient norm: 13.631389306867447
PROGRESS    Completed epoch 1248 / 2000;    current loss: 0.21091648936271667
INFO Gradient norm: 10.638232516170426
PROGRESS    Completed epoch 1249 / 2000;    current loss: 0.2095518410205841
INFO Gradient norm: 15.966859990303494
PROGRESS    Completed epoch 1250 / 2000;    current loss: 0.21179533004760742
INFO Gradient norm: 13.56281837957405
PROGRESS    Completed epoch 1251 / 2000;    current loss: 0.21051949262619019
INFO Gradient norm: 9.665619852234647
PROGRESS    Completed epoch 1252 / 2000;    current loss: 0.2091502845287323
INFO Gradient norm: 4.402454668504895
PROGRESS    Completed epoch 1253 / 2000;    current loss: 0.20840796828269958
INFO Gradient norm: 16.806281356802028
PROGRESS    Completed epoch 1254 / 2000;    current loss: 0.21254894137382507
INFO Gradient norm: 10.414316577047064
PROGRESS    Completed epoch 1255 / 2000;    current loss: 0.20977146923542023
INFO Gradient norm: 16.85959278938722
PROGRESS    Completed epoch 1256 / 2000;    current loss: 0.21268869936466217
INFO Gradient norm: 16.678392880937576
PROGRESS    Completed epoch 1257 / 2000;    current loss: 0.2125450223684311
INFO Gradient norm: 7.267408616361013
PROGRESS    Completed epoch 1258 / 2000;    current loss: 0.2087748497724533
INFO Gradient norm: 8.40819230908212
PROGRESS    Completed epoch 1259 / 2000;    current loss: 0.20891641080379486
INFO Gradient norm: 10.719675565044781
PROGRESS    Completed epoch 1260 / 2000;    current loss: 0.20976042747497559
INFO Gradient norm: 4.067572498811771
PROGRESS    Completed epoch 1261 / 2000;    current loss: 0.2083732783794403
INFO Gradient norm: 17.314778757663884
PROGRESS    Completed epoch 1262 / 2000;    current loss: 0.212660014629364
INFO Gradient norm: 11.388710356628529
PROGRESS    Completed epoch 1263 / 2000;    current loss: 0.20994436740875244
INFO Gradient norm: 15.449133083251406
PROGRESS    Completed epoch 1264 / 2000;    current loss: 0.2116318941116333
INFO Gradient norm: 15.35952714335905
PROGRESS    Completed epoch 1265 / 2000;    current loss: 0.21149645745754242
INFO Gradient norm: 8.031569585268723
PROGRESS    Completed epoch 1266 / 2000;    current loss: 0.20861782133579254
INFO Gradient norm: 7.550646879299624
PROGRESS    Completed epoch 1267 / 2000;    current loss: 0.20833401381969452
INFO Gradient norm: 13.356811027530185
PROGRESS    Completed epoch 1268 / 2000;    current loss: 0.21003535389900208
INFO Gradient norm: 8.558995303625753
PROGRESS    Completed epoch 1269 / 2000;    current loss: 0.20810580253601074
INFO Gradient norm: 17.327575786724612
PROGRESS    Completed epoch 1270 / 2000;    current loss: 0.2115255445241928
INFO Gradient norm: 16.302988783266294
PROGRESS    Completed epoch 1271 / 2000;    current loss: 0.21079477667808533
INFO Gradient norm: 7.32141235823006
PROGRESS    Completed epoch 1272 / 2000;    current loss: 0.20735421776771545
INFO Gradient norm: 3.960011074879822
PROGRESS    Completed epoch 1273 / 2000;    current loss: 0.2069513499736786
INFO Gradient norm: 15.801898845494145
PROGRESS    Completed epoch 1274 / 2000;    current loss: 0.21058183908462524
INFO Gradient norm: 7.716401405624063
PROGRESS    Completed epoch 1275 / 2000;    current loss: 0.20753908157348633
INFO Gradient norm: 14.17350845947611
PROGRESS    Completed epoch 1276 / 2000;    current loss: 0.21023471653461456
INFO Gradient norm: 7.742664080956704
PROGRESS    Completed epoch 1277 / 2000;    current loss: 0.20859578251838684
INFO Gradient norm: 20.5023396824691
PROGRESS    Completed epoch 1278 / 2000;    current loss: 0.214772030711174
INFO Gradient norm: 18.468724235750567
PROGRESS    Completed epoch 1279 / 2000;    current loss: 0.214033305644989
INFO Gradient norm: 9.301503503002882
PROGRESS    Completed epoch 1280 / 2000;    current loss: 0.210412859916687
INFO Gradient norm: 10.17339805543891
PROGRESS    Completed epoch 1281 / 2000;    current loss: 0.21091268956661224
INFO Gradient norm: 12.405717037566854
PROGRESS    Completed epoch 1282 / 2000;    current loss: 0.21195560693740845
INFO Gradient norm: 7.705169855483215
PROGRESS    Completed epoch 1283 / 2000;    current loss: 0.2105814516544342
INFO Gradient norm: 16.902537129374693
PROGRESS    Completed epoch 1284 / 2000;    current loss: 0.21435962617397308
INFO Gradient norm: 10.574739745266907
PROGRESS    Completed epoch 1285 / 2000;    current loss: 0.21221403777599335
INFO Gradient norm: 17.822825401508723
PROGRESS    Completed epoch 1286 / 2000;    current loss: 0.21617963910102844
INFO Gradient norm: 17.19076376640457
PROGRESS    Completed epoch 1287 / 2000;    current loss: 0.2162705957889557
INFO Gradient norm: 8.483738607905549
PROGRESS    Completed epoch 1288 / 2000;    current loss: 0.21294066309928894
INFO Gradient norm: 8.963838384787824
PROGRESS    Completed epoch 1289 / 2000;    current loss: 0.21322739124298096
INFO Gradient norm: 12.703115580580567
PROGRESS    Completed epoch 1290 / 2000;    current loss: 0.2146599441766739
INFO Gradient norm: 7.58119167051842
PROGRESS    Completed epoch 1291 / 2000;    current loss: 0.21295157074928284
INFO Gradient norm: 18.033310494505574
PROGRESS    Completed epoch 1292 / 2000;    current loss: 0.2171294093132019
INFO Gradient norm: 15.655157529163212
PROGRESS    Completed epoch 1293 / 2000;    current loss: 0.21567146480083466
INFO Gradient norm: 10.375609251078725
PROGRESS    Completed epoch 1294 / 2000;    current loss: 0.21342456340789795
INFO Gradient norm: 9.44533500431999
PROGRESS    Completed epoch 1295 / 2000;    current loss: 0.21303614974021912
INFO Gradient norm: 13.884190680129526
PROGRESS    Completed epoch 1296 / 2000;    current loss: 0.214407816529274
INFO Gradient norm: 10.49488474607391
PROGRESS    Completed epoch 1297 / 2000;    current loss: 0.21300865709781647
INFO Gradient norm: 15.01031250749056
PROGRESS    Completed epoch 1298 / 2000;    current loss: 0.21477840840816498
INFO Gradient norm: 13.244135052678796
PROGRESS    Completed epoch 1299 / 2000;    current loss: 0.21377719938755035
INFO Gradient norm: 11.624972041519129
PROGRESS    Completed epoch 1300 / 2000;    current loss: 0.21274340152740479
INFO Gradient norm: 10.191951556842183
PROGRESS    Completed epoch 1301 / 2000;    current loss: 0.21204520761966705
INFO Gradient norm: 13.539436707201915
PROGRESS    Completed epoch 1302 / 2000;    current loss: 0.21322420239448547
INFO Gradient norm: 10.197838545537575
PROGRESS    Completed epoch 1303 / 2000;    current loss: 0.21170063316822052
INFO Gradient norm: 15.215717539477474
PROGRESS    Completed epoch 1304 / 2000;    current loss: 0.2133929431438446
INFO Gradient norm: 13.385517555420686
PROGRESS    Completed epoch 1305 / 2000;    current loss: 0.2123122215270996
INFO Gradient norm: 11.466012326738317
PROGRESS    Completed epoch 1306 / 2000;    current loss: 0.21140407025814056
INFO Gradient norm: 9.240064831172303
PROGRESS    Completed epoch 1307 / 2000;    current loss: 0.21038031578063965
INFO Gradient norm: 14.590321270253765
PROGRESS    Completed epoch 1308 / 2000;    current loss: 0.21224230527877808
INFO Gradient norm: 11.72410566176073
PROGRESS    Completed epoch 1309 / 2000;    current loss: 0.21082758903503418
INFO Gradient norm: 14.048090699717367
PROGRESS    Completed epoch 1310 / 2000;    current loss: 0.21162347495555878
INFO Gradient norm: 12.624691930204804
PROGRESS    Completed epoch 1311 / 2000;    current loss: 0.21077966690063477
INFO Gradient norm: 7.379707211315712
PROGRESS    Completed epoch 1312 / 2000;    current loss: 0.20934011042118073
INFO Gradient norm: 3.669059441445084
PROGRESS    Completed epoch 1313 / 2000;    current loss: 0.20895487070083618
INFO Gradient norm: 14.567864403332356
PROGRESS    Completed epoch 1314 / 2000;    current loss: 0.21175165474414825
INFO Gradient norm: 5.562030189805983
PROGRESS    Completed epoch 1315 / 2000;    current loss: 0.208609476685524
INFO Gradient norm: 21.67997312721945
PROGRESS    Completed epoch 1316 / 2000;    current loss: 0.21533861756324768
INFO Gradient norm: 20.31163956486421
PROGRESS    Completed epoch 1317 / 2000;    current loss: 0.21414728462696075
INFO Gradient norm: 5.31583255191984
PROGRESS    Completed epoch 1318 / 2000;    current loss: 0.2078324556350708
INFO Gradient norm: 6.977660712010329
PROGRESS    Completed epoch 1319 / 2000;    current loss: 0.20797041058540344
INFO Gradient norm: 12.878790272325253
PROGRESS    Completed epoch 1320 / 2000;    current loss: 0.20965510606765747
INFO Gradient norm: 6.004715667357173
PROGRESS    Completed epoch 1321 / 2000;    current loss: 0.20742003619670868
INFO Gradient norm: 19.334397021039795
PROGRESS    Completed epoch 1322 / 2000;    current loss: 0.21253472566604614
INFO Gradient norm: 18.122131681846714
PROGRESS    Completed epoch 1323 / 2000;    current loss: 0.21186383068561554
INFO Gradient norm: 6.395731954674282
PROGRESS    Completed epoch 1324 / 2000;    current loss: 0.20733554661273956
INFO Gradient norm: 7.930622258488223
PROGRESS    Completed epoch 1325 / 2000;    current loss: 0.20762421190738678
INFO Gradient norm: 11.846839685544312
PROGRESS    Completed epoch 1326 / 2000;    current loss: 0.20886364579200745
INFO Gradient norm: 5.811046927775012
PROGRESS    Completed epoch 1327 / 2000;    current loss: 0.2070484459400177
INFO Gradient norm: 19.154338081799587
PROGRESS    Completed epoch 1328 / 2000;    current loss: 0.2121225744485855
INFO Gradient norm: 16.482244266057805
PROGRESS    Completed epoch 1329 / 2000;    current loss: 0.2104271501302719
INFO Gradient norm: 9.946572254020856
PROGRESS    Completed epoch 1330 / 2000;    current loss: 0.20758947730064392
INFO Gradient norm: 10.409945288899927
PROGRESS    Completed epoch 1331 / 2000;    current loss: 0.2075893133878708
INFO Gradient norm: 8.551446454425113
PROGRESS    Completed epoch 1332 / 2000;    current loss: 0.20696043968200684
INFO Gradient norm: 2.193690705365181
PROGRESS    Completed epoch 1333 / 2000;    current loss: 0.20604640245437622
INFO Gradient norm: 16.2491640437744
PROGRESS    Completed epoch 1334 / 2000;    current loss: 0.21005716919898987
INFO Gradient norm: 13.261791535703514
PROGRESS    Completed epoch 1335 / 2000;    current loss: 0.20895777642726898
INFO Gradient norm: 11.870774776882929
PROGRESS    Completed epoch 1336 / 2000;    current loss: 0.20876097679138184
INFO Gradient norm: 10.852275518894729
PROGRESS    Completed epoch 1337 / 2000;    current loss: 0.2087520956993103
INFO Gradient norm: 12.677520520121844
PROGRESS    Completed epoch 1338 / 2000;    current loss: 0.20971757173538208
INFO Gradient norm: 9.675479269772719
PROGRESS    Completed epoch 1339 / 2000;    current loss: 0.20889538526535034
INFO Gradient norm: 15.086895916573896
PROGRESS    Completed epoch 1340 / 2000;    current loss: 0.21108795702457428
INFO Gradient norm: 12.745995672832748
PROGRESS    Completed epoch 1341 / 2000;    current loss: 0.21009141206741333
INFO Gradient norm: 11.862742716857992
PROGRESS    Completed epoch 1342 / 2000;    current loss: 0.20980174839496613
INFO Gradient norm: 9.635125666248353
PROGRESS    Completed epoch 1343 / 2000;    current loss: 0.20896394550800323
INFO Gradient norm: 14.385332057473237
PROGRESS    Completed epoch 1344 / 2000;    current loss: 0.21080948412418365
INFO Gradient norm: 11.707734979199714
PROGRESS    Completed epoch 1345 / 2000;    current loss: 0.2096528857946396
INFO Gradient norm: 13.703275461698114
PROGRESS    Completed epoch 1346 / 2000;    current loss: 0.21041086316108704
INFO Gradient norm: 12.099137908801655
PROGRESS    Completed epoch 1347 / 2000;    current loss: 0.20966868102550507
INFO Gradient norm: 12.17744245032205
PROGRESS    Completed epoch 1348 / 2000;    current loss: 0.20948415994644165
INFO Gradient norm: 10.20809653474093
PROGRESS    Completed epoch 1349 / 2000;    current loss: 0.20859922468662262
INFO Gradient norm: 13.829894480457051
PROGRESS    Completed epoch 1350 / 2000;    current loss: 0.20986038446426392
INFO Gradient norm: 11.214684028110254
PROGRESS    Completed epoch 1351 / 2000;    current loss: 0.208627387881279
INFO Gradient norm: 13.440599555159508
PROGRESS    Completed epoch 1352 / 2000;    current loss: 0.2091958075761795
INFO Gradient norm: 7.418619250846806
PROGRESS    Completed epoch 1353 / 2000;    current loss: 0.20738008618354797
INFO Gradient norm: 19.2810304300192
PROGRESS    Completed epoch 1354 / 2000;    current loss: 0.21266011893749237
INFO Gradient norm: 17.620957624639157
PROGRESS    Completed epoch 1355 / 2000;    current loss: 0.2118941992521286
INFO Gradient norm: 8.219623662354065
PROGRESS    Completed epoch 1356 / 2000;    current loss: 0.20817221701145172
INFO Gradient norm: 9.150096609340217
PROGRESS    Completed epoch 1357 / 2000;    current loss: 0.20851245522499084
INFO Gradient norm: 11.111263413069139
PROGRESS    Completed epoch 1358 / 2000;    current loss: 0.20932985842227936
INFO Gradient norm: 5.8361092565069415
PROGRESS    Completed epoch 1359 / 2000;    current loss: 0.20795345306396484
INFO Gradient norm: 18.18244592208633
PROGRESS    Completed epoch 1360 / 2000;    current loss: 0.21265965700149536
INFO Gradient norm: 15.120414296647022
PROGRESS    Completed epoch 1361 / 2000;    current loss: 0.21089617908000946
INFO Gradient norm: 11.494672553657415
PROGRESS    Completed epoch 1362 / 2000;    current loss: 0.20950953662395477
INFO Gradient norm: 11.936020666012332
PROGRESS    Completed epoch 1363 / 2000;    current loss: 0.20966747403144836
INFO Gradient norm: 10.50545955961026
PROGRESS    Completed epoch 1364 / 2000;    current loss: 0.20901446044445038
INFO Gradient norm: 7.745561178678245
PROGRESS    Completed epoch 1365 / 2000;    current loss: 0.2081744223833084
INFO Gradient norm: 15.253635748829803
PROGRESS    Completed epoch 1366 / 2000;    current loss: 0.2109045684337616
INFO Gradient norm: 10.654833966148805
PROGRESS    Completed epoch 1367 / 2000;    current loss: 0.20901639759540558
INFO Gradient norm: 13.424545265751947
PROGRESS    Completed epoch 1368 / 2000;    current loss: 0.21017767488956451
INFO Gradient norm: 8.799292835008647
PROGRESS    Completed epoch 1369 / 2000;    current loss: 0.20905223488807678
INFO Gradient norm: 16.7004722718881
PROGRESS    Completed epoch 1370 / 2000;    current loss: 0.2127029150724411
INFO Gradient norm: 14.806622662852375
PROGRESS    Completed epoch 1371 / 2000;    current loss: 0.21205906569957733
INFO Gradient norm: 10.244340738271196
PROGRESS    Completed epoch 1372 / 2000;    current loss: 0.2103007584810257
INFO Gradient norm: 10.145762992979986
PROGRESS    Completed epoch 1373 / 2000;    current loss: 0.21032747626304626
INFO Gradient norm: 11.711574422726565
PROGRESS    Completed epoch 1374 / 2000;    current loss: 0.2109592854976654
INFO Gradient norm: 8.088413504802718
PROGRESS    Completed epoch 1375 / 2000;    current loss: 0.20973311364650726
INFO Gradient norm: 15.697017607614573
PROGRESS    Completed epoch 1376 / 2000;    current loss: 0.21239614486694336
INFO Gradient norm: 13.270149462418116
PROGRESS    Completed epoch 1377 / 2000;    current loss: 0.211073100566864
INFO Gradient norm: 11.634176230246338
PROGRESS    Completed epoch 1378 / 2000;    current loss: 0.2104555368423462
INFO Gradient norm: 10.387134488823813
PROGRESS    Completed epoch 1379 / 2000;    current loss: 0.20992644131183624
INFO Gradient norm: 12.829768304420385
PROGRESS    Completed epoch 1380 / 2000;    current loss: 0.2106103003025055
INFO Gradient norm: 10.331352738066107
PROGRESS    Completed epoch 1381 / 2000;    current loss: 0.2096155881881714
INFO Gradient norm: 13.465137858876371
PROGRESS    Completed epoch 1382 / 2000;    current loss: 0.21070151031017303
INFO Gradient norm: 11.562801825761687
PROGRESS    Completed epoch 1383 / 2000;    current loss: 0.20979517698287964
INFO Gradient norm: 11.920167640142944
PROGRESS    Completed epoch 1384 / 2000;    current loss: 0.20978643000125885
INFO Gradient norm: 10.198717275134847
PROGRESS    Completed epoch 1385 / 2000;    current loss: 0.20900291204452515
INFO Gradient norm: 13.006867337915345
PROGRESS    Completed epoch 1386 / 2000;    current loss: 0.20991845428943634
INFO Gradient norm: 10.738295375456685
PROGRESS    Completed epoch 1387 / 2000;    current loss: 0.2089044749736786
INFO Gradient norm: 11.415442322300011
PROGRESS    Completed epoch 1388 / 2000;    current loss: 0.20902347564697266
INFO Gradient norm: 6.056542858069333
PROGRESS    Completed epoch 1389 / 2000;    current loss: 0.20772449672222137
INFO Gradient norm: 17.048005552252604
PROGRESS    Completed epoch 1390 / 2000;    current loss: 0.2119147926568985
INFO Gradient norm: 14.13919220645107
PROGRESS    Completed epoch 1391 / 2000;    current loss: 0.2106660157442093
INFO Gradient norm: 10.049482904703494
PROGRESS    Completed epoch 1392 / 2000;    current loss: 0.20933887362480164
INFO Gradient norm: 10.136668780863953
PROGRESS    Completed epoch 1393 / 2000;    current loss: 0.20953363180160522
INFO Gradient norm: 10.81775825978272
PROGRESS    Completed epoch 1394 / 2000;    current loss: 0.20988455414772034
INFO Gradient norm: 8.158516463387107
PROGRESS    Completed epoch 1395 / 2000;    current loss: 0.20915183424949646
INFO Gradient norm: 13.71110511770508
PROGRESS    Completed epoch 1396 / 2000;    current loss: 0.21105706691741943
INFO Gradient norm: 11.049128513715084
PROGRESS    Completed epoch 1397 / 2000;    current loss: 0.20993301272392273
INFO Gradient norm: 12.512430294951004
PROGRESS    Completed epoch 1398 / 2000;    current loss: 0.2103842794895172
INFO Gradient norm: 11.667443472302162
PROGRESS    Completed epoch 1399 / 2000;    current loss: 0.20998436212539673
INFO Gradient norm: 9.945554623131555
PROGRESS    Completed epoch 1400 / 2000;    current loss: 0.2092861831188202
INFO Gradient norm: 7.967118117253208
PROGRESS    Completed epoch 1401 / 2000;    current loss: 0.20860949158668518
INFO Gradient norm: 13.792760443134586
PROGRESS    Completed epoch 1402 / 2000;    current loss: 0.21047911047935486
INFO Gradient norm: 11.1770613870872
PROGRESS    Completed epoch 1403 / 2000;    current loss: 0.2093963474035263
INFO Gradient norm: 11.709637631006146
PROGRESS    Completed epoch 1404 / 2000;    current loss: 0.2095179557800293
INFO Gradient norm: 10.379342539045501
PROGRESS    Completed epoch 1405 / 2000;    current loss: 0.20894315838813782
INFO Gradient norm: 10.944008974343463
PROGRESS    Completed epoch 1406 / 2000;    current loss: 0.20908068120479584
INFO Gradient norm: 8.302580736514585
PROGRESS    Completed epoch 1407 / 2000;    current loss: 0.20814411342144012
INFO Gradient norm: 13.084116800521704
PROGRESS    Completed epoch 1408 / 2000;    current loss: 0.20972326397895813
INFO Gradient norm: 10.548248579651727
PROGRESS    Completed epoch 1409 / 2000;    current loss: 0.20865169167518616
INFO Gradient norm: 12.584106821674569
PROGRESS    Completed epoch 1410 / 2000;    current loss: 0.20928898453712463
INFO Gradient norm: 11.699825493158258
PROGRESS    Completed epoch 1411 / 2000;    current loss: 0.20884233713150024
INFO Gradient norm: 9.750138519828822
PROGRESS    Completed epoch 1412 / 2000;    current loss: 0.208021342754364
INFO Gradient norm: 8.010160681820267
PROGRESS    Completed epoch 1413 / 2000;    current loss: 0.20740392804145813
INFO Gradient norm: 13.347936183507183
PROGRESS    Completed epoch 1414 / 2000;    current loss: 0.20908232033252716
INFO Gradient norm: 10.583659529357393
PROGRESS    Completed epoch 1415 / 2000;    current loss: 0.2079339325428009
INFO Gradient norm: 11.954748607736194
PROGRESS    Completed epoch 1416 / 2000;    current loss: 0.20827047526836395
INFO Gradient norm: 10.639843090417864
PROGRESS    Completed epoch 1417 / 2000;    current loss: 0.2076568305492401
INFO Gradient norm: 11.223855794523104
PROGRESS    Completed epoch 1418 / 2000;    current loss: 0.2076907753944397
INFO Gradient norm: 9.78097666721761
PROGRESS    Completed epoch 1419 / 2000;    current loss: 0.20713207125663757
INFO Gradient norm: 11.436714998848183
PROGRESS    Completed epoch 1420 / 2000;    current loss: 0.20754586160182953
INFO Gradient norm: 9.065443161075233
PROGRESS    Completed epoch 1421 / 2000;    current loss: 0.20659855008125305
INFO Gradient norm: 12.520186415316994
PROGRESS    Completed epoch 1422 / 2000;    current loss: 0.20769307017326355
INFO Gradient norm: 10.283551573035018
PROGRESS    Completed epoch 1423 / 2000;    current loss: 0.2068062126636505
INFO Gradient norm: 10.599167200731815
PROGRESS    Completed epoch 1424 / 2000;    current loss: 0.20684513449668884
INFO Gradient norm: 5.150843364297281
PROGRESS    Completed epoch 1425 / 2000;    current loss: 0.2057996392250061
INFO Gradient norm: 17.089491906327876
PROGRESS    Completed epoch 1426 / 2000;    current loss: 0.21003301441669464
INFO Gradient norm: 12.694921004097157
PROGRESS    Completed epoch 1427 / 2000;    current loss: 0.2079903781414032
INFO Gradient norm: 12.982608007718827
PROGRESS    Completed epoch 1428 / 2000;    current loss: 0.20810021460056305
INFO Gradient norm: 10.937620155935644
PROGRESS    Completed epoch 1429 / 2000;    current loss: 0.2075459212064743
INFO Gradient norm: 12.834883594074698
PROGRESS    Completed epoch 1430 / 2000;    current loss: 0.20840635895729065
INFO Gradient norm: 11.223938489992268
PROGRESS    Completed epoch 1431 / 2000;    current loss: 0.20800071954727173
INFO Gradient norm: 12.10269939388246
PROGRESS    Completed epoch 1432 / 2000;    current loss: 0.2083768993616104
INFO Gradient norm: 10.184390024739347
PROGRESS    Completed epoch 1433 / 2000;    current loss: 0.207808256149292
INFO Gradient norm: 13.097026460485365
PROGRESS    Completed epoch 1434 / 2000;    current loss: 0.20895695686340332
INFO Gradient norm: 10.392053518933482
PROGRESS    Completed epoch 1435 / 2000;    current loss: 0.20800253748893738
INFO Gradient norm: 13.528234016260068
PROGRESS    Completed epoch 1436 / 2000;    current loss: 0.20912876725196838
INFO Gradient norm: 11.880841155474878
PROGRESS    Completed epoch 1437 / 2000;    current loss: 0.20847053825855255
INFO Gradient norm: 11.514654264995722
PROGRESS    Completed epoch 1438 / 2000;    current loss: 0.20841582119464874
INFO Gradient norm: 10.081981761871436
PROGRESS    Completed epoch 1439 / 2000;    current loss: 0.20788636803627014
INFO Gradient norm: 12.530259886296317
PROGRESS    Completed epoch 1440 / 2000;    current loss: 0.20868471264839172
INFO Gradient norm: 10.240616737602727
PROGRESS    Completed epoch 1441 / 2000;    current loss: 0.20781902968883514
INFO Gradient norm: 12.406657326745638
PROGRESS    Completed epoch 1442 / 2000;    current loss: 0.2087049037218094
INFO Gradient norm: 9.874490737354717
PROGRESS    Completed epoch 1443 / 2000;    current loss: 0.20778389275074005
INFO Gradient norm: 13.169492814067691
PROGRESS    Completed epoch 1444 / 2000;    current loss: 0.20880544185638428
INFO Gradient norm: 11.022813795026794
PROGRESS    Completed epoch 1445 / 2000;    current loss: 0.2080218642950058
INFO Gradient norm: 11.962011830497966
PROGRESS    Completed epoch 1446 / 2000;    current loss: 0.2083526849746704
INFO Gradient norm: 10.43675058114882
PROGRESS    Completed epoch 1447 / 2000;    current loss: 0.20776911079883575
INFO Gradient norm: 12.05079548913388
PROGRESS    Completed epoch 1448 / 2000;    current loss: 0.2081463634967804
INFO Gradient norm: 9.98596595040435
PROGRESS    Completed epoch 1449 / 2000;    current loss: 0.2073657512664795
INFO Gradient norm: 12.907974198026341
PROGRESS    Completed epoch 1450 / 2000;    current loss: 0.20847837626934052
INFO Gradient norm: 10.84135018878954
PROGRESS    Completed epoch 1451 / 2000;    current loss: 0.207651287317276
INFO Gradient norm: 12.245351302467748
PROGRESS    Completed epoch 1452 / 2000;    current loss: 0.20796355605125427
INFO Gradient norm: 10.575584686964342
PROGRESS    Completed epoch 1453 / 2000;    current loss: 0.20726659893989563
INFO Gradient norm: 11.180991869546334
PROGRESS    Completed epoch 1454 / 2000;    current loss: 0.20754554867744446
INFO Gradient norm: 8.351193370687886
PROGRESS    Completed epoch 1455 / 2000;    current loss: 0.20659643411636353
INFO Gradient norm: 13.478587138729534
PROGRESS    Completed epoch 1456 / 2000;    current loss: 0.2083297073841095
INFO Gradient norm: 8.324689910176565
PROGRESS    Completed epoch 1457 / 2000;    current loss: 0.2068910449743271
INFO Gradient norm: 16.344929505790525
PROGRESS    Completed epoch 1458 / 2000;    current loss: 0.21019142866134644
INFO Gradient norm: 15.096061345927232
PROGRESS    Completed epoch 1459 / 2000;    current loss: 0.20974618196487427
INFO Gradient norm: 8.50393221569852
PROGRESS    Completed epoch 1460 / 2000;    current loss: 0.2074260264635086
INFO Gradient norm: 9.008854686630094
PROGRESS    Completed epoch 1461 / 2000;    current loss: 0.20755240321159363
INFO Gradient norm: 10.814163023116924
PROGRESS    Completed epoch 1462 / 2000;    current loss: 0.20803508162498474
INFO Gradient norm: 6.781912786365281
PROGRESS    Completed epoch 1463 / 2000;    current loss: 0.20683950185775757
INFO Gradient norm: 15.954776744716924
PROGRESS    Completed epoch 1464 / 2000;    current loss: 0.20989440381526947
INFO Gradient norm: 13.444627128150856
PROGRESS    Completed epoch 1465 / 2000;    current loss: 0.20861020684242249
INFO Gradient norm: 10.615243840403549
PROGRESS    Completed epoch 1466 / 2000;    current loss: 0.2075038105249405
INFO Gradient norm: 10.470835252497924
PROGRESS    Completed epoch 1467 / 2000;    current loss: 0.20729166269302368
INFO Gradient norm: 10.616643251411412
PROGRESS    Completed epoch 1468 / 2000;    current loss: 0.20710299909114838
INFO Gradient norm: 7.967623987090469
PROGRESS    Completed epoch 1469 / 2000;    current loss: 0.20615611970424652
INFO Gradient norm: 13.3928386926177
PROGRESS    Completed epoch 1470 / 2000;    current loss: 0.2078959196805954
INFO Gradient norm: 9.754743738561734
PROGRESS    Completed epoch 1471 / 2000;    current loss: 0.20642895996570587
INFO Gradient norm: 12.188896320097042
PROGRESS    Completed epoch 1472 / 2000;    current loss: 0.20716094970703125
INFO Gradient norm: 6.931011064617563
PROGRESS    Completed epoch 1473 / 2000;    current loss: 0.20590683817863464
INFO Gradient norm: 16.092470764300053
PROGRESS    Completed epoch 1474 / 2000;    current loss: 0.2094392031431198
INFO Gradient norm: 15.098051172085997
PROGRESS    Completed epoch 1475 / 2000;    current loss: 0.2093127816915512
INFO Gradient norm: 7.022844807636986
PROGRESS    Completed epoch 1476 / 2000;    current loss: 0.20674161612987518
INFO Gradient norm: 8.024724133190988
PROGRESS    Completed epoch 1477 / 2000;    current loss: 0.20703095197677612
INFO Gradient norm: 12.733722823913558
PROGRESS    Completed epoch 1478 / 2000;    current loss: 0.2088342159986496
INFO Gradient norm: 8.988133100685696
PROGRESS    Completed epoch 1479 / 2000;    current loss: 0.2076972872018814
INFO Gradient norm: 14.406682531162954
PROGRESS    Completed epoch 1480 / 2000;    current loss: 0.20966492593288422
INFO Gradient norm: 12.923623739553989
PROGRESS    Completed epoch 1481 / 2000;    current loss: 0.2090265452861786
INFO Gradient norm: 9.618650369585996
PROGRESS    Completed epoch 1482 / 2000;    current loss: 0.2077854871749878
INFO Gradient norm: 9.093542818192002
PROGRESS    Completed epoch 1483 / 2000;    current loss: 0.20760028064250946
INFO Gradient norm: 11.353423246356607
PROGRESS    Completed epoch 1484 / 2000;    current loss: 0.20820732414722443
INFO Gradient norm: 8.33369307106666
PROGRESS    Completed epoch 1485 / 2000;    current loss: 0.20718614757061005
INFO Gradient norm: 14.105028857744703
PROGRESS    Completed epoch 1486 / 2000;    current loss: 0.20921318233013153
INFO Gradient norm: 12.089496381057373
PROGRESS    Completed epoch 1487 / 2000;    current loss: 0.20829446613788605
INFO Gradient norm: 9.665444670893718
PROGRESS    Completed epoch 1488 / 2000;    current loss: 0.20734506845474243
INFO Gradient norm: 6.40279782639924
PROGRESS    Completed epoch 1489 / 2000;    current loss: 0.20672675967216492
INFO Gradient norm: 14.189303479268238
PROGRESS    Completed epoch 1490 / 2000;    current loss: 0.20950259268283844
INFO Gradient norm: 11.811313770756666
PROGRESS    Completed epoch 1491 / 2000;    current loss: 0.20868149399757385
INFO Gradient norm: 9.850836754323565
PROGRESS    Completed epoch 1492 / 2000;    current loss: 0.20811796188354492
INFO Gradient norm: 9.313170965272151
PROGRESS    Completed epoch 1493 / 2000;    current loss: 0.208061084151268
INFO Gradient norm: 10.400964003684887
PROGRESS    Completed epoch 1494 / 2000;    current loss: 0.20850521326065063
INFO Gradient norm: 8.277024103426037
PROGRESS    Completed epoch 1495 / 2000;    current loss: 0.2079068273305893
INFO Gradient norm: 11.922411385964333
PROGRESS    Completed epoch 1496 / 2000;    current loss: 0.20904429256916046
INFO Gradient norm: 9.66308260091781
PROGRESS    Completed epoch 1497 / 2000;    current loss: 0.20822200179100037
INFO Gradient norm: 11.785262042113523
PROGRESS    Completed epoch 1498 / 2000;    current loss: 0.20890891551971436
INFO Gradient norm: 10.781608438276942
PROGRESS    Completed epoch 1499 / 2000;    current loss: 0.20843975245952606
INFO Gradient norm: 9.559993648232304
PROGRESS    Completed epoch 1500 / 2000;    current loss: 0.20794449746608734
INFO Gradient norm: 8.469438722899673
PROGRESS    Completed epoch 1501 / 2000;    current loss: 0.2075822651386261
INFO Gradient norm: 11.33501415742439
PROGRESS    Completed epoch 1502 / 2000;    current loss: 0.2084198147058487
INFO Gradient norm: 9.036130104839076
PROGRESS    Completed epoch 1503 / 2000;    current loss: 0.20762251317501068
INFO Gradient norm: 11.530458968218595
PROGRESS    Completed epoch 1504 / 2000;    current loss: 0.2083316594362259
INFO Gradient norm: 9.699378652346764
PROGRESS    Completed epoch 1505 / 2000;    current loss: 0.2075720578432083
INFO Gradient norm: 10.645712967396038
PROGRESS    Completed epoch 1506 / 2000;    current loss: 0.2078479379415512
INFO Gradient norm: 8.959541011725547
PROGRESS    Completed epoch 1507 / 2000;    current loss: 0.20725613832473755
INFO Gradient norm: 10.864692284577268
PROGRESS    Completed epoch 1508 / 2000;    current loss: 0.2077297568321228
INFO Gradient norm: 8.78397849254509
PROGRESS    Completed epoch 1509 / 2000;    current loss: 0.2069539576768875
INFO Gradient norm: 11.941057959581242
PROGRESS    Completed epoch 1510 / 2000;    current loss: 0.20789885520935059
INFO Gradient norm: 10.501990898001875
PROGRESS    Completed epoch 1511 / 2000;    current loss: 0.20727567374706268
INFO Gradient norm: 9.79917059093992
PROGRESS    Completed epoch 1512 / 2000;    current loss: 0.20689965784549713
INFO Gradient norm: 8.390433209990196
PROGRESS    Completed epoch 1513 / 2000;    current loss: 0.20635783672332764
INFO Gradient norm: 11.494120409712755
PROGRESS    Completed epoch 1514 / 2000;    current loss: 0.20722441375255585
INFO Gradient norm: 9.491517160891812
PROGRESS    Completed epoch 1515 / 2000;    current loss: 0.20644839107990265
INFO Gradient norm: 10.89116185756974
PROGRESS    Completed epoch 1516 / 2000;    current loss: 0.20674075186252594
INFO Gradient norm: 9.266740923090067
PROGRESS    Completed epoch 1517 / 2000;    current loss: 0.20605842769145966
INFO Gradient norm: 11.217623939028233
PROGRESS    Completed epoch 1518 / 2000;    current loss: 0.20653095841407776
INFO Gradient norm: 9.173123200985067
PROGRESS    Completed epoch 1519 / 2000;    current loss: 0.20580925047397614
INFO Gradient norm: 11.123006381687148
PROGRESS    Completed epoch 1520 / 2000;    current loss: 0.2062966674566269
INFO Gradient norm: 9.302141593951838
PROGRESS    Completed epoch 1521 / 2000;    current loss: 0.20557160675525665
INFO Gradient norm: 11.322801981666169
PROGRESS    Completed epoch 1522 / 2000;    current loss: 0.2061297446489334
INFO Gradient norm: 9.971384400881728
PROGRESS    Completed epoch 1523 / 2000;    current loss: 0.2055511623620987
INFO Gradient norm: 10.053487820366238
PROGRESS    Completed epoch 1524 / 2000;    current loss: 0.20543402433395386
INFO Gradient norm: 8.363538257259828
PROGRESS    Completed epoch 1525 / 2000;    current loss: 0.20480601489543915
INFO Gradient norm: 11.831553405935203
PROGRESS    Completed epoch 1526 / 2000;    current loss: 0.20577295124530792
INFO Gradient norm: 9.78655549642072
PROGRESS    Completed epoch 1527 / 2000;    current loss: 0.20497553050518036
INFO Gradient norm: 9.890897545125878
PROGRESS    Completed epoch 1528 / 2000;    current loss: 0.20496398210525513
INFO Gradient norm: 4.97454409799029
PROGRESS    Completed epoch 1529 / 2000;    current loss: 0.2041056901216507
INFO Gradient norm: 15.443662311605776
PROGRESS    Completed epoch 1530 / 2000;    current loss: 0.20749887824058533
INFO Gradient norm: 13.284818552820491
PROGRESS    Completed epoch 1531 / 2000;    current loss: 0.20673270523548126
INFO Gradient norm: 8.697462132922837
PROGRESS    Completed epoch 1532 / 2000;    current loss: 0.2054135948419571
INFO Gradient norm: 8.253829856222278
PROGRESS    Completed epoch 1533 / 2000;    current loss: 0.20553122460842133
INFO Gradient norm: 11.55437353964382
PROGRESS    Completed epoch 1534 / 2000;    current loss: 0.2067417949438095
INFO Gradient norm: 7.537692790911507
PROGRESS    Completed epoch 1535 / 2000;    current loss: 0.20574051141738892
INFO Gradient norm: 14.85770615637628
PROGRESS    Completed epoch 1536 / 2000;    current loss: 0.2083318829536438
INFO Gradient norm: 13.031306037046885
PROGRESS    Completed epoch 1537 / 2000;    current loss: 0.2075810730457306
INFO Gradient norm: 9.566557952248454
PROGRESS    Completed epoch 1538 / 2000;    current loss: 0.20646898448467255
INFO Gradient norm: 9.416748830975338
PROGRESS    Completed epoch 1539 / 2000;    current loss: 0.2064121812582016
INFO Gradient norm: 10.447141175764026
PROGRESS    Completed epoch 1540 / 2000;    current loss: 0.2066173404455185
INFO Gradient norm: 7.955629208263343
PROGRESS    Completed epoch 1541 / 2000;    current loss: 0.20587800443172455
INFO Gradient norm: 12.758235162098208
PROGRESS    Completed epoch 1542 / 2000;    current loss: 0.20753513276576996
INFO Gradient norm: 9.979701147551046
PROGRESS    Completed epoch 1543 / 2000;    current loss: 0.2065487951040268
INFO Gradient norm: 12.162935367810816
PROGRESS    Completed epoch 1544 / 2000;    current loss: 0.20719683170318604
INFO Gradient norm: 11.032242953397184
PROGRESS    Completed epoch 1545 / 2000;    current loss: 0.20674344897270203
INFO Gradient norm: 10.099134086851587
PROGRESS    Completed epoch 1546 / 2000;    current loss: 0.20650258660316467
INFO Gradient norm: 8.781503195449478
PROGRESS    Completed epoch 1547 / 2000;    current loss: 0.20603257417678833
INFO Gradient norm: 11.551490959132757
PROGRESS    Completed epoch 1548 / 2000;    current loss: 0.20672476291656494
INFO Gradient norm: 9.630997356506558
PROGRESS    Completed epoch 1549 / 2000;    current loss: 0.20604510605335236
INFO Gradient norm: 11.48249471340687
PROGRESS    Completed epoch 1550 / 2000;    current loss: 0.20673292875289917
INFO Gradient norm: 9.762688201911084
PROGRESS    Completed epoch 1551 / 2000;    current loss: 0.20609956979751587
INFO Gradient norm: 11.349708316893258
PROGRESS    Completed epoch 1552 / 2000;    current loss: 0.20644347369670868
INFO Gradient norm: 9.70842599971841
PROGRESS    Completed epoch 1553 / 2000;    current loss: 0.20581677556037903
INFO Gradient norm: 11.36192586715517
PROGRESS    Completed epoch 1554 / 2000;    current loss: 0.20636826753616333
INFO Gradient norm: 9.604785405492809
PROGRESS    Completed epoch 1555 / 2000;    current loss: 0.20568278431892395
INFO Gradient norm: 11.481971236176522
PROGRESS    Completed epoch 1556 / 2000;    current loss: 0.20608150959014893
INFO Gradient norm: 10.432134485071364
PROGRESS    Completed epoch 1557 / 2000;    current loss: 0.20569975674152374
INFO Gradient norm: 10.416954837350948
PROGRESS    Completed epoch 1558 / 2000;    current loss: 0.20574405789375305
INFO Gradient norm: 8.739916494865788
PROGRESS    Completed epoch 1559 / 2000;    current loss: 0.20518150925636292
INFO Gradient norm: 9.859007539170841
PROGRESS    Completed epoch 1560 / 2000;    current loss: 0.205548495054245
INFO Gradient norm: 5.66272221811697
PROGRESS    Completed epoch 1561 / 2000;    current loss: 0.20481272041797638
INFO Gradient norm: 14.132576385410495
PROGRESS    Completed epoch 1562 / 2000;    current loss: 0.20749059319496155
INFO Gradient norm: 10.355931371010113
PROGRESS    Completed epoch 1563 / 2000;    current loss: 0.20599974691867828
INFO Gradient norm: 12.665614691304881
PROGRESS    Completed epoch 1564 / 2000;    current loss: 0.2066309154033661
INFO Gradient norm: 12.485235609690404
PROGRESS    Completed epoch 1565 / 2000;    current loss: 0.20644965767860413
INFO Gradient norm: 7.160974071339482
PROGRESS    Completed epoch 1566 / 2000;    current loss: 0.2048831731081009
INFO Gradient norm: 5.826388033950221
PROGRESS    Completed epoch 1567 / 2000;    current loss: 0.20454692840576172
INFO Gradient norm: 12.749192432346025
PROGRESS    Completed epoch 1568 / 2000;    current loss: 0.20637397468090057
INFO Gradient norm: 4.882738269979429
PROGRESS    Completed epoch 1569 / 2000;    current loss: 0.2045603096485138
INFO Gradient norm: 16.91842250155182
PROGRESS    Completed epoch 1570 / 2000;    current loss: 0.20876063406467438
INFO Gradient norm: 15.730993971054474
PROGRESS    Completed epoch 1571 / 2000;    current loss: 0.2082567662000656
INFO Gradient norm: 5.279847933748945
PROGRESS    Completed epoch 1572 / 2000;    current loss: 0.2048729658126831
INFO Gradient norm: 8.473272869706026
PROGRESS    Completed epoch 1573 / 2000;    current loss: 0.20540757477283478
INFO Gradient norm: 6.622610680089728
PROGRESS    Completed epoch 1574 / 2000;    current loss: 0.2048736959695816
INFO Gradient norm: 3.165113540059422
PROGRESS    Completed epoch 1575 / 2000;    current loss: 0.2041945904493332
INFO Gradient norm: 11.724763449407554
PROGRESS    Completed epoch 1576 / 2000;    current loss: 0.20618213713169098
INFO Gradient norm: 5.0296147066173
PROGRESS    Completed epoch 1577 / 2000;    current loss: 0.20446228981018066
INFO Gradient norm: 16.620107068281893
PROGRESS    Completed epoch 1578 / 2000;    current loss: 0.20828530192375183
INFO Gradient norm: 14.314038760961834
PROGRESS    Completed epoch 1579 / 2000;    current loss: 0.20707173645496368
INFO Gradient norm: 8.131298325088508
PROGRESS    Completed epoch 1580 / 2000;    current loss: 0.2047090232372284
INFO Gradient norm: 9.210682699202255
PROGRESS    Completed epoch 1581 / 2000;    current loss: 0.20488613843917847
INFO Gradient norm: 8.796702455576446
PROGRESS    Completed epoch 1582 / 2000;    current loss: 0.20468515157699585
INFO Gradient norm: 5.951588141476817
PROGRESS    Completed epoch 1583 / 2000;    current loss: 0.20385226607322693
INFO Gradient norm: 12.848309473201926
PROGRESS    Completed epoch 1584 / 2000;    current loss: 0.2056879997253418
INFO Gradient norm: 8.332450917623241
PROGRESS    Completed epoch 1585 / 2000;    current loss: 0.20425888895988464
INFO Gradient norm: 13.50999254443101
PROGRESS    Completed epoch 1586 / 2000;    current loss: 0.2061798870563507
INFO Gradient norm: 13.675687556645
PROGRESS    Completed epoch 1587 / 2000;    current loss: 0.20636776089668274
INFO Gradient norm: 3.1889181781375884
PROGRESS    Completed epoch 1588 / 2000;    current loss: 0.20392268896102905
INFO Gradient norm: 4.1121497978164525
PROGRESS    Completed epoch 1589 / 2000;    current loss: 0.20425792038440704
INFO Gradient norm: 8.582375132408016
PROGRESS    Completed epoch 1590 / 2000;    current loss: 0.20505371689796448
INFO Gradient norm: 1.3163632076528755
PROGRESS    Completed epoch 1591 / 2000;    current loss: 0.20375895500183105
INFO Gradient norm: 9.58605467314679
PROGRESS    Completed epoch 1592 / 2000;    current loss: 0.20475658774375916
INFO Gradient norm: 1.3585706570271052
PROGRESS    Completed epoch 1593 / 2000;    current loss: 0.20314045250415802
INFO Gradient norm: 7.598129143895658
PROGRESS    Completed epoch 1594 / 2000;    current loss: 0.20373231172561646
INFO Gradient norm: 2.2079775989654102
PROGRESS    Completed epoch 1595 / 2000;    current loss: 0.2027745246887207
INFO Gradient norm: 4.299372008103702
PROGRESS    Completed epoch 1596 / 2000;    current loss: 0.20300886034965515
INFO Gradient norm: 3.6251780133546787
PROGRESS    Completed epoch 1597 / 2000;    current loss: 0.20318914949893951
INFO Gradient norm: 4.415550147413002
PROGRESS    Completed epoch 1598 / 2000;    current loss: 0.20339031517505646
INFO Gradient norm: 5.672841373942513
PROGRESS    Completed epoch 1599 / 2000;    current loss: 0.20349954068660736
INFO Gradient norm: 2.1867366189978754
PROGRESS    Completed epoch 1600 / 2000;    current loss: 0.20281174778938293
INFO Gradient norm: 1.5588556104526916
PROGRESS    Completed epoch 1601 / 2000;    current loss: 0.2024652063846588
INFO Gradient norm: 3.2150900402399336
PROGRESS    Completed epoch 1602 / 2000;    current loss: 0.20265598595142365
INFO Gradient norm: 8.791969668591056
PROGRESS    Completed epoch 1603 / 2000;    current loss: 0.20397618412971497
INFO Gradient norm: 2.077132721721
PROGRESS    Completed epoch 1604 / 2000;    current loss: 0.2029951512813568
INFO Gradient norm: 11.009904679440659
PROGRESS    Completed epoch 1605 / 2000;    current loss: 0.20483049750328064
INFO Gradient norm: 2.255650215384223
PROGRESS    Completed epoch 1606 / 2000;    current loss: 0.20318388938903809
INFO Gradient norm: 16.552515092718142
PROGRESS    Completed epoch 1607 / 2000;    current loss: 0.20729762315750122
INFO Gradient norm: 11.998670935108374
PROGRESS    Completed epoch 1608 / 2000;    current loss: 0.2051476389169693
INFO Gradient norm: 10.16917163852456
PROGRESS    Completed epoch 1609 / 2000;    current loss: 0.20440056920051575
INFO Gradient norm: 6.083862067287619
PROGRESS    Completed epoch 1610 / 2000;    current loss: 0.20380832254886627
INFO Gradient norm: 14.222715536260324
PROGRESS    Completed epoch 1611 / 2000;    current loss: 0.20671913027763367
INFO Gradient norm: 11.51050363111209
PROGRESS    Completed epoch 1612 / 2000;    current loss: 0.20590223371982574
INFO Gradient norm: 10.640379766827701
PROGRESS    Completed epoch 1613 / 2000;    current loss: 0.20578789710998535
INFO Gradient norm: 10.88366523383996
PROGRESS    Completed epoch 1614 / 2000;    current loss: 0.20605750381946564
INFO Gradient norm: 8.282509444213202
PROGRESS    Completed epoch 1615 / 2000;    current loss: 0.20548021793365479
INFO Gradient norm: 6.661291305055805
PROGRESS    Completed epoch 1616 / 2000;    current loss: 0.20517116785049438
INFO Gradient norm: 10.147561512574775
PROGRESS    Completed epoch 1617 / 2000;    current loss: 0.20627200603485107
INFO Gradient norm: 4.552488729217197
PROGRESS    Completed epoch 1618 / 2000;    current loss: 0.20543749630451202
INFO Gradient norm: 13.890986758521555
PROGRESS    Completed epoch 1619 / 2000;    current loss: 0.20819227397441864
INFO Gradient norm: 9.482258064173365
PROGRESS    Completed epoch 1620 / 2000;    current loss: 0.20653821527957916
INFO Gradient norm: 12.972956874155276
PROGRESS    Completed epoch 1621 / 2000;    current loss: 0.20758593082427979
INFO Gradient norm: 13.023210594346487
PROGRESS    Completed epoch 1622 / 2000;    current loss: 0.20751352608203888
INFO Gradient norm: 6.364259594946676
PROGRESS    Completed epoch 1623 / 2000;    current loss: 0.20548583567142487
INFO Gradient norm: 5.992594142735146
PROGRESS    Completed epoch 1624 / 2000;    current loss: 0.20532028377056122
INFO Gradient norm: 11.411833962634631
PROGRESS    Completed epoch 1625 / 2000;    current loss: 0.2066330462694168
INFO Gradient norm: 7.8394387490187185
PROGRESS    Completed epoch 1626 / 2000;    current loss: 0.20543543994426727
INFO Gradient norm: 12.960869327559877
PROGRESS    Completed epoch 1627 / 2000;    current loss: 0.20711205899715424
INFO Gradient norm: 11.697580342188061
PROGRESS    Completed epoch 1628 / 2000;    current loss: 0.20644396543502808
INFO Gradient norm: 8.508684974353349
PROGRESS    Completed epoch 1629 / 2000;    current loss: 0.20508895814418793
INFO Gradient norm: 8.586267157598954
PROGRESS    Completed epoch 1630 / 2000;    current loss: 0.20491789281368256
INFO Gradient norm: 9.188578031052282
PROGRESS    Completed epoch 1631 / 2000;    current loss: 0.20499716699123383
INFO Gradient norm: 6.408315018502252
PROGRESS    Completed epoch 1632 / 2000;    current loss: 0.2040717452764511
INFO Gradient norm: 13.032758249245095
PROGRESS    Completed epoch 1633 / 2000;    current loss: 0.20575681328773499
INFO Gradient norm: 11.085109527421878
PROGRESS    Completed epoch 1634 / 2000;    current loss: 0.2048061490058899
INFO Gradient norm: 9.299075825662001
PROGRESS    Completed epoch 1635 / 2000;    current loss: 0.20415045320987701
INFO Gradient norm: 8.840524485182476
PROGRESS    Completed epoch 1636 / 2000;    current loss: 0.20380719006061554
INFO Gradient norm: 7.573591146027773
PROGRESS    Completed epoch 1637 / 2000;    current loss: 0.2033936232328415
INFO Gradient norm: 3.12785588939489
PROGRESS    Completed epoch 1638 / 2000;    current loss: 0.2028173804283142
INFO Gradient norm: 12.80459750710456
PROGRESS    Completed epoch 1639 / 2000;    current loss: 0.20505674183368683
INFO Gradient norm: 6.507777789820104
PROGRESS    Completed epoch 1640 / 2000;    current loss: 0.2030421644449234
INFO Gradient norm: 8.618339782443579
PROGRESS    Completed epoch 1641 / 2000;    current loss: 0.20423105359077454
INFO Gradient norm: 4.166471538121148
PROGRESS    Completed epoch 1642 / 2000;    current loss: 0.20415563881397247
INFO Gradient norm: 12.428532168120244
PROGRESS    Completed epoch 1643 / 2000;    current loss: 0.206404909491539
INFO Gradient norm: 6.77005238610709
PROGRESS    Completed epoch 1644 / 2000;    current loss: 0.20464013516902924
INFO Gradient norm: 15.283015923150266
PROGRESS    Completed epoch 1645 / 2000;    current loss: 0.20730943977832794
INFO Gradient norm: 14.59498737111241
PROGRESS    Completed epoch 1646 / 2000;    current loss: 0.20682552456855774
INFO Gradient norm: 5.608622678372837
PROGRESS    Completed epoch 1647 / 2000;    current loss: 0.20388127863407135
INFO Gradient norm: 6.819109843666361
PROGRESS    Completed epoch 1648 / 2000;    current loss: 0.20405763387680054
INFO Gradient norm: 6.706005646953682
PROGRESS    Completed epoch 1649 / 2000;    current loss: 0.2040918618440628
INFO Gradient norm: 2.846282370322512
PROGRESS    Completed epoch 1650 / 2000;    current loss: 0.20355243980884552
INFO Gradient norm: 11.991613889743157
PROGRESS    Completed epoch 1651 / 2000;    current loss: 0.2055245041847229
INFO Gradient norm: 7.638316643012934
PROGRESS    Completed epoch 1652 / 2000;    current loss: 0.2040702998638153
INFO Gradient norm: 11.408096202745748
PROGRESS    Completed epoch 1653 / 2000;    current loss: 0.20518437027931213
INFO Gradient norm: 9.880673072117695
PROGRESS    Completed epoch 1654 / 2000;    current loss: 0.20464569330215454
INFO Gradient norm: 8.913972998717426
PROGRESS    Completed epoch 1655 / 2000;    current loss: 0.20433849096298218
INFO Gradient norm: 8.68604211525444
PROGRESS    Completed epoch 1656 / 2000;    current loss: 0.204182967543602
INFO Gradient norm: 8.144873894521638
PROGRESS    Completed epoch 1657 / 2000;    current loss: 0.2038736343383789
INFO Gradient norm: 6.2247743811225025
PROGRESS    Completed epoch 1658 / 2000;    current loss: 0.20330142974853516
INFO Gradient norm: 11.22860741437471
PROGRESS    Completed epoch 1659 / 2000;    current loss: 0.20456868410110474
INFO Gradient norm: 8.298452376924567
PROGRESS    Completed epoch 1660 / 2000;    current loss: 0.20363321900367737
INFO Gradient norm: 10.721449155555222
PROGRESS    Completed epoch 1661 / 2000;    current loss: 0.2042677253484726
INFO Gradient norm: 9.81877548113881
PROGRESS    Completed epoch 1662 / 2000;    current loss: 0.20388227701187134
INFO Gradient norm: 8.437386457942242
PROGRESS    Completed epoch 1663 / 2000;    current loss: 0.20341016352176666
INFO Gradient norm: 7.893903423567286
PROGRESS    Completed epoch 1664 / 2000;    current loss: 0.20315508544445038
INFO Gradient norm: 6.613245124422961
PROGRESS    Completed epoch 1665 / 2000;    current loss: 0.202956423163414
INFO Gradient norm: 2.2605283096782642
PROGRESS    Completed epoch 1666 / 2000;    current loss: 0.2026260495185852
INFO Gradient norm: 11.492831968930386
PROGRESS    Completed epoch 1667 / 2000;    current loss: 0.2044108361005783
INFO Gradient norm: 4.178772000435625
PROGRESS    Completed epoch 1668 / 2000;    current loss: 0.202411949634552
INFO Gradient norm: 12.98724982665811
PROGRESS    Completed epoch 1669 / 2000;    current loss: 0.20485858619213104
INFO Gradient norm: 7.042301252957822
PROGRESS    Completed epoch 1670 / 2000;    current loss: 0.20336106419563293
INFO Gradient norm: 15.18615302110554
PROGRESS    Completed epoch 1671 / 2000;    current loss: 0.20640577375888824
INFO Gradient norm: 14.604395193447585
PROGRESS    Completed epoch 1672 / 2000;    current loss: 0.20631462335586548
INFO Gradient norm: 5.988258566358767
PROGRESS    Completed epoch 1673 / 2000;    current loss: 0.20365655422210693
INFO Gradient norm: 7.367632182347147
PROGRESS    Completed epoch 1674 / 2000;    current loss: 0.2040386199951172
INFO Gradient norm: 9.08885845748918
PROGRESS    Completed epoch 1675 / 2000;    current loss: 0.20470228791236877
INFO Gradient norm: 5.429630834767098
PROGRESS    Completed epoch 1676 / 2000;    current loss: 0.2039196789264679
INFO Gradient norm: 13.516187449274819
PROGRESS    Completed epoch 1677 / 2000;    current loss: 0.2062196433544159
INFO Gradient norm: 11.195443766178325
PROGRESS    Completed epoch 1678 / 2000;    current loss: 0.2052915096282959
INFO Gradient norm: 8.816903419260461
PROGRESS    Completed epoch 1679 / 2000;    current loss: 0.20464497804641724
INFO Gradient norm: 8.834009427646766
PROGRESS    Completed epoch 1680 / 2000;    current loss: 0.20463210344314575
INFO Gradient norm: 8.633664057507799
PROGRESS    Completed epoch 1681 / 2000;    current loss: 0.2044365108013153
INFO Gradient norm: 6.821465540597109
PROGRESS    Completed epoch 1682 / 2000;    current loss: 0.2039499282836914
INFO Gradient norm: 11.008770027393213
PROGRESS    Completed epoch 1683 / 2000;    current loss: 0.20515114068984985
INFO Gradient norm: 8.428541995427759
PROGRESS    Completed epoch 1684 / 2000;    current loss: 0.20430374145507812
INFO Gradient norm: 10.987468278959941
PROGRESS    Completed epoch 1685 / 2000;    current loss: 0.20492257177829742
INFO Gradient norm: 9.93234568167846
PROGRESS    Completed epoch 1686 / 2000;    current loss: 0.20444399118423462
INFO Gradient norm: 8.74920027514196
PROGRESS    Completed epoch 1687 / 2000;    current loss: 0.20401333272457123
INFO Gradient norm: 7.489510896635544
PROGRESS    Completed epoch 1688 / 2000;    current loss: 0.20358985662460327
INFO Gradient norm: 9.609783499665514
PROGRESS    Completed epoch 1689 / 2000;    current loss: 0.20398303866386414
INFO Gradient norm: 4.145110688589172
PROGRESS    Completed epoch 1690 / 2000;    current loss: 0.20296873152256012
INFO Gradient norm: 14.227942520814898
PROGRESS    Completed epoch 1691 / 2000;    current loss: 0.20588937401771545
INFO Gradient norm: 10.94454753947423
PROGRESS    Completed epoch 1692 / 2000;    current loss: 0.20462371408939362
INFO Gradient norm: 10.354750365891581
PROGRESS    Completed epoch 1693 / 2000;    current loss: 0.204340398311615
INFO Gradient norm: 10.897757973035906
PROGRESS    Completed epoch 1694 / 2000;    current loss: 0.20451074838638306
INFO Gradient norm: 7.052736627894517
PROGRESS    Completed epoch 1695 / 2000;    current loss: 0.20350372791290283
INFO Gradient norm: 5.9397086642130565
PROGRESS    Completed epoch 1696 / 2000;    current loss: 0.20322689414024353
INFO Gradient norm: 10.831366512519642
PROGRESS    Completed epoch 1697 / 2000;    current loss: 0.20438040792942047
INFO Gradient norm: 4.3633461706961105
PROGRESS    Completed epoch 1698 / 2000;    current loss: 0.20321907103061676
INFO Gradient norm: 14.016523904362383
PROGRESS    Completed epoch 1699 / 2000;    current loss: 0.20601683855056763
INFO Gradient norm: 10.178374078867048
PROGRESS    Completed epoch 1700 / 2000;    current loss: 0.20460818707942963
INFO Gradient norm: 11.37180327733279
PROGRESS    Completed epoch 1701 / 2000;    current loss: 0.20485560595989227
INFO Gradient norm: 11.942831873334212
PROGRESS    Completed epoch 1702 / 2000;    current loss: 0.20498871803283691
INFO Gradient norm: 5.965057611991465
PROGRESS    Completed epoch 1703 / 2000;    current loss: 0.20336349308490753
INFO Gradient norm: 5.51373342903507
PROGRESS    Completed epoch 1704 / 2000;    current loss: 0.2031499296426773
INFO Gradient norm: 10.747811208810889
PROGRESS    Completed epoch 1705 / 2000;    current loss: 0.20420050621032715
INFO Gradient norm: 7.104886434183717
PROGRESS    Completed epoch 1706 / 2000;    current loss: 0.20305876433849335
INFO Gradient norm: 12.582835009927466
PROGRESS    Completed epoch 1707 / 2000;    current loss: 0.2046361118555069
INFO Gradient norm: 11.19777111284226
PROGRESS    Completed epoch 1708 / 2000;    current loss: 0.20392413437366486
INFO Gradient norm: 7.324811679253056
PROGRESS    Completed epoch 1709 / 2000;    current loss: 0.20259131491184235
INFO Gradient norm: 3.4007291196550886
PROGRESS    Completed epoch 1710 / 2000;    current loss: 0.20216156542301178
INFO Gradient norm: 11.93489343784767
PROGRESS    Completed epoch 1711 / 2000;    current loss: 0.20420661568641663
INFO Gradient norm: 7.966309108796436
PROGRESS    Completed epoch 1712 / 2000;    current loss: 0.20297546684741974
INFO Gradient norm: 9.027787734119967
PROGRESS    Completed epoch 1713 / 2000;    current loss: 0.20344966650009155
INFO Gradient norm: 4.8443354856967975
PROGRESS    Completed epoch 1714 / 2000;    current loss: 0.20309586822986603
INFO Gradient norm: 12.125332683718842
PROGRESS    Completed epoch 1715 / 2000;    current loss: 0.20525860786437988
INFO Gradient norm: 8.298543239510677
PROGRESS    Completed epoch 1716 / 2000;    current loss: 0.2041768580675125
INFO Gradient norm: 12.176110795815656
PROGRESS    Completed epoch 1717 / 2000;    current loss: 0.2053382843732834
INFO Gradient norm: 11.841584094514833
PROGRESS    Completed epoch 1718 / 2000;    current loss: 0.20519350469112396
INFO Gradient norm: 6.572351705092783
PROGRESS    Completed epoch 1719 / 2000;    current loss: 0.2036871761083603
INFO Gradient norm: 6.73148831286168
PROGRESS    Completed epoch 1720 / 2000;    current loss: 0.20360170304775238
INFO Gradient norm: 9.379659609666792
PROGRESS    Completed epoch 1721 / 2000;    current loss: 0.20409776270389557
INFO Gradient norm: 6.418600364047197
PROGRESS    Completed epoch 1722 / 2000;    current loss: 0.20326648652553558
INFO Gradient norm: 11.540948387395005
PROGRESS    Completed epoch 1723 / 2000;    current loss: 0.20468394458293915
INFO Gradient norm: 9.285611315009772
PROGRESS    Completed epoch 1724 / 2000;    current loss: 0.20388948917388916
INFO Gradient norm: 9.800660547320485
PROGRESS    Completed epoch 1725 / 2000;    current loss: 0.20390817523002625
INFO Gradient norm: 9.269252246278018
PROGRESS    Completed epoch 1726 / 2000;    current loss: 0.20365899801254272
INFO Gradient norm: 8.419280281642441
PROGRESS    Completed epoch 1727 / 2000;    current loss: 0.2033693492412567
INFO Gradient norm: 7.408130151387284
PROGRESS    Completed epoch 1728 / 2000;    current loss: 0.20297296345233917
INFO Gradient norm: 7.122414887567041
PROGRESS    Completed epoch 1729 / 2000;    current loss: 0.2028695046901703
INFO Gradient norm: 3.814450559300203
PROGRESS    Completed epoch 1730 / 2000;    current loss: 0.20236137509346008
INFO Gradient norm: 11.534732852178267
PROGRESS    Completed epoch 1731 / 2000;    current loss: 0.20413731038570404
INFO Gradient norm: 6.988731249640141
PROGRESS    Completed epoch 1732 / 2000;    current loss: 0.20268705487251282
INFO Gradient norm: 13.104352224304602
PROGRESS    Completed epoch 1733 / 2000;    current loss: 0.20433062314987183
INFO Gradient norm: 12.636400267721733
PROGRESS    Completed epoch 1734 / 2000;    current loss: 0.20397347211837769
INFO Gradient norm: 5.087505792799418
PROGRESS    Completed epoch 1735 / 2000;    current loss: 0.20194192230701447
INFO Gradient norm: 5.633993704653896
PROGRESS    Completed epoch 1736 / 2000;    current loss: 0.20195551216602325
INFO Gradient norm: 8.738020164618314
PROGRESS    Completed epoch 1737 / 2000;    current loss: 0.20249967277050018
INFO Gradient norm: 2.357207231544778
PROGRESS    Completed epoch 1738 / 2000;    current loss: 0.20164932310581207
INFO Gradient norm: 13.221369349144965
PROGRESS    Completed epoch 1739 / 2000;    current loss: 0.20411768555641174
INFO Gradient norm: 10.083796763096434
PROGRESS    Completed epoch 1740 / 2000;    current loss: 0.20292189717292786
INFO Gradient norm: 7.1355992505311345
PROGRESS    Completed epoch 1741 / 2000;    current loss: 0.20234259963035583
INFO Gradient norm: 6.395884323033822
PROGRESS    Completed epoch 1742 / 2000;    current loss: 0.2023833990097046
INFO Gradient norm: 9.44225008107942
PROGRESS    Completed epoch 1743 / 2000;    current loss: 0.20323388278484344
INFO Gradient norm: 5.828310930477707
PROGRESS    Completed epoch 1744 / 2000;    current loss: 0.2023715376853943
INFO Gradient norm: 12.927488220180923
PROGRESS    Completed epoch 1745 / 2000;    current loss: 0.20425385236740112
INFO Gradient norm: 11.200148114005366
PROGRESS    Completed epoch 1746 / 2000;    current loss: 0.2035256326198578
INFO Gradient norm: 8.146126836994657
PROGRESS    Completed epoch 1747 / 2000;    current loss: 0.20258386433124542
INFO Gradient norm: 8.384756793555935
PROGRESS    Completed epoch 1748 / 2000;    current loss: 0.2024954855442047
INFO Gradient norm: 8.294609557023596
PROGRESS    Completed epoch 1749 / 2000;    current loss: 0.20223774015903473
INFO Gradient norm: 4.892236774765894
PROGRESS    Completed epoch 1750 / 2000;    current loss: 0.20152325928211212
INFO Gradient norm: 11.75607262240703
PROGRESS    Completed epoch 1751 / 2000;    current loss: 0.2031632512807846
INFO Gradient norm: 7.754186483652172
PROGRESS    Completed epoch 1752 / 2000;    current loss: 0.20193444192409515
INFO Gradient norm: 11.848530942908313
PROGRESS    Completed epoch 1753 / 2000;    current loss: 0.20305965840816498
INFO Gradient norm: 9.107695900428673
PROGRESS    Completed epoch 1754 / 2000;    current loss: 0.20234602689743042
INFO Gradient norm: 10.295311586339642
PROGRESS    Completed epoch 1755 / 2000;    current loss: 0.20291689038276672
INFO Gradient norm: 9.936559443239714
PROGRESS    Completed epoch 1756 / 2000;    current loss: 0.2028834968805313
INFO Gradient norm: 3.491725505934424
PROGRESS    Completed epoch 1757 / 2000;    current loss: 0.20201432704925537
INFO Gradient norm: 3.818559694060312
PROGRESS    Completed epoch 1758 / 2000;    current loss: 0.2022394984960556
INFO Gradient norm: 7.243268613123504
PROGRESS    Completed epoch 1759 / 2000;    current loss: 0.2026742398738861
INFO Gradient norm: 1.814857422328045
PROGRESS    Completed epoch 1760 / 2000;    current loss: 0.2017214149236679
INFO Gradient norm: 11.307404161558171
PROGRESS    Completed epoch 1761 / 2000;    current loss: 0.20334208011627197
INFO Gradient norm: 6.003903402712247
PROGRESS    Completed epoch 1762 / 2000;    current loss: 0.20172077417373657
INFO Gradient norm: 13.600346296478133
PROGRESS    Completed epoch 1763 / 2000;    current loss: 0.20383237302303314
INFO Gradient norm: 14.480255698871582
PROGRESS    Completed epoch 1764 / 2000;    current loss: 0.20408563315868378
INFO Gradient norm: 1.870554296623437
PROGRESS    Completed epoch 1765 / 2000;    current loss: 0.20102444291114807
INFO Gradient norm: 9.441622000778189
PROGRESS    Completed epoch 1766 / 2000;    current loss: 0.20212659239768982
INFO Gradient norm: 1.6163855169164398
PROGRESS    Completed epoch 1767 / 2000;    current loss: 0.20104508101940155
INFO Gradient norm: 3.91613540579259
PROGRESS    Completed epoch 1768 / 2000;    current loss: 0.20146113634109497
INFO Gradient norm: 7.953198403740521
PROGRESS    Completed epoch 1769 / 2000;    current loss: 0.2022576779127121
INFO Gradient norm: 2.973366868112957
PROGRESS    Completed epoch 1770 / 2000;    current loss: 0.20154504477977753
INFO Gradient norm: 12.027094572829295
PROGRESS    Completed epoch 1771 / 2000;    current loss: 0.20332306623458862
INFO Gradient norm: 8.243778852891555
PROGRESS    Completed epoch 1772 / 2000;    current loss: 0.201993927359581
INFO Gradient norm: 11.458477419620388
PROGRESS    Completed epoch 1773 / 2000;    current loss: 0.2026955634355545
INFO Gradient norm: 11.232224019365221
PROGRESS    Completed epoch 1774 / 2000;    current loss: 0.2024887651205063
INFO Gradient norm: 6.367377806469217
PROGRESS    Completed epoch 1775 / 2000;    current loss: 0.2011767029762268
INFO Gradient norm: 6.65644713685112
PROGRESS    Completed epoch 1776 / 2000;    current loss: 0.20131056010723114
INFO Gradient norm: 7.727791105446825
PROGRESS    Completed epoch 1777 / 2000;    current loss: 0.20156343281269073
INFO Gradient norm: 4.898089487651735
PROGRESS    Completed epoch 1778 / 2000;    current loss: 0.20108631253242493
INFO Gradient norm: 10.479337763285052
PROGRESS    Completed epoch 1779 / 2000;    current loss: 0.20235377550125122
INFO Gradient norm: 6.833946092782538
PROGRESS    Completed epoch 1780 / 2000;    current loss: 0.2012185901403427
INFO Gradient norm: 9.304140678233132
PROGRESS    Completed epoch 1781 / 2000;    current loss: 0.20182685554027557
INFO Gradient norm: 1.931590845386626
PROGRESS    Completed epoch 1782 / 2000;    current loss: 0.20113521814346313
INFO Gradient norm: 13.649761380920838
PROGRESS    Completed epoch 1783 / 2000;    current loss: 0.20416109263896942
INFO Gradient norm: 9.124006075468936
PROGRESS    Completed epoch 1784 / 2000;    current loss: 0.20273226499557495
INFO Gradient norm: 11.378992447389617
PROGRESS    Completed epoch 1785 / 2000;    current loss: 0.20346710085868835
INFO Gradient norm: 12.294318162885592
PROGRESS    Completed epoch 1786 / 2000;    current loss: 0.20387375354766846
INFO Gradient norm: 3.704783269990224
PROGRESS    Completed epoch 1787 / 2000;    current loss: 0.20193816721439362
INFO Gradient norm: 4.3803763237262325
PROGRESS    Completed epoch 1788 / 2000;    current loss: 0.20205305516719818
INFO Gradient norm: 8.947032781455524
PROGRESS    Completed epoch 1789 / 2000;    current loss: 0.20287679135799408
INFO Gradient norm: 4.399180707600526
PROGRESS    Completed epoch 1790 / 2000;    current loss: 0.20190110802650452
INFO Gradient norm: 12.240642121149863
PROGRESS    Completed epoch 1791 / 2000;    current loss: 0.20372337102890015
INFO Gradient norm: 9.313418830158382
PROGRESS    Completed epoch 1792 / 2000;    current loss: 0.20253266394138336
INFO Gradient norm: 9.793310365013504
PROGRESS    Completed epoch 1793 / 2000;    current loss: 0.20234200358390808
INFO Gradient norm: 10.066798692658761
PROGRESS    Completed epoch 1794 / 2000;    current loss: 0.2021975964307785
INFO Gradient norm: 6.344714990190276
PROGRESS    Completed epoch 1795 / 2000;    current loss: 0.20111294090747833
INFO Gradient norm: 5.604650219792403
PROGRESS    Completed epoch 1796 / 2000;    current loss: 0.20071931183338165
INFO Gradient norm: 3.7879219541513707
PROGRESS    Completed epoch 1797 / 2000;    current loss: 0.20063725113868713
INFO Gradient norm: 2.611832564662899
PROGRESS    Completed epoch 1798 / 2000;    current loss: 0.20091401040554047
INFO Gradient norm: 3.647548166303639
PROGRESS    Completed epoch 1799 / 2000;    current loss: 0.20120733976364136
INFO Gradient norm: 2.3031980496759106
PROGRESS    Completed epoch 1800 / 2000;    current loss: 0.20102646946907043
INFO Gradient norm: 2.526355512979745
PROGRESS    Completed epoch 1801 / 2000;    current loss: 0.20075686275959015
INFO Gradient norm: 3.781218687948992
PROGRESS    Completed epoch 1802 / 2000;    current loss: 0.20056302845478058
INFO Gradient norm: 1.8007581667485126
PROGRESS    Completed epoch 1803 / 2000;    current loss: 0.20033571124076843
INFO Gradient norm: 5.534013490133569
PROGRESS    Completed epoch 1804 / 2000;    current loss: 0.20090177655220032
INFO Gradient norm: 3.402824861362263
PROGRESS    Completed epoch 1805 / 2000;    current loss: 0.20072053372859955
INFO Gradient norm: 1.2141276159467158
PROGRESS    Completed epoch 1806 / 2000;    current loss: 0.2005692422389984
INFO Gradient norm: 3.226961208540852
PROGRESS    Completed epoch 1807 / 2000;    current loss: 0.20048043131828308
INFO Gradient norm: 6.242474950917549
PROGRESS    Completed epoch 1808 / 2000;    current loss: 0.20064590871334076
INFO Gradient norm: 2.8073283036816212
PROGRESS    Completed epoch 1809 / 2000;    current loss: 0.20016935467720032
INFO Gradient norm: 2.358496982718707
PROGRESS    Completed epoch 1810 / 2000;    current loss: 0.2004094123840332
INFO Gradient norm: 7.618552559991073
PROGRESS    Completed epoch 1811 / 2000;    current loss: 0.2013525813817978
INFO Gradient norm: 1.921878121635725
PROGRESS    Completed epoch 1812 / 2000;    current loss: 0.2006884515285492
INFO Gradient norm: 10.114085111110414
PROGRESS    Completed epoch 1813 / 2000;    current loss: 0.20202015340328217
INFO Gradient norm: 3.6423346776153536
PROGRESS    Completed epoch 1814 / 2000;    current loss: 0.20043961703777313
INFO Gradient norm: 13.420080820407088
PROGRESS    Completed epoch 1815 / 2000;    current loss: 0.2029341608285904
INFO Gradient norm: 4.067885665999456
PROGRESS    Completed epoch 1816 / 2000;    current loss: 0.20096953213214874
INFO Gradient norm: 16.298992169107535
PROGRESS    Completed epoch 1817 / 2000;    current loss: 0.20527693629264832
INFO Gradient norm: 16.306336320404164
PROGRESS    Completed epoch 1818 / 2000;    current loss: 0.20557458698749542
INFO Gradient norm: 2.05392057331773
PROGRESS    Completed epoch 1819 / 2000;    current loss: 0.20168247818946838
INFO Gradient norm: 9.625291662451717
PROGRESS    Completed epoch 1820 / 2000;    current loss: 0.2028811275959015
INFO Gradient norm: 1.38731858151984
PROGRESS    Completed epoch 1821 / 2000;    current loss: 0.201416477560997
INFO Gradient norm: 11.782790988589285
PROGRESS    Completed epoch 1822 / 2000;    current loss: 0.20327365398406982
INFO Gradient norm: 6.193268992887531
PROGRESS    Completed epoch 1823 / 2000;    current loss: 0.201526939868927
INFO Gradient norm: 13.194668917035836
PROGRESS    Completed epoch 1824 / 2000;    current loss: 0.2033987045288086
INFO Gradient norm: 12.33931217674049
PROGRESS    Completed epoch 1825 / 2000;    current loss: 0.2028888761997223
INFO Gradient norm: 6.635795533178915
PROGRESS    Completed epoch 1826 / 2000;    current loss: 0.2010534703731537
INFO Gradient norm: 9.790100210644251
PROGRESS    Completed epoch 1827 / 2000;    current loss: 0.20169079303741455
INFO Gradient norm: 2.355314473997715
PROGRESS    Completed epoch 1828 / 2000;    current loss: 0.20025022327899933
INFO Gradient norm: 1.1522303653943873
PROGRESS    Completed epoch 1829 / 2000;    current loss: 0.20018243789672852
INFO Gradient norm: 3.16982016459042
PROGRESS    Completed epoch 1830 / 2000;    current loss: 0.20008423924446106
INFO Gradient norm: 4.417734100754609
PROGRESS    Completed epoch 1831 / 2000;    current loss: 0.2001018524169922
INFO Gradient norm: 4.6150977869153476
PROGRESS    Completed epoch 1832 / 2000;    current loss: 0.20032362639904022
INFO Gradient norm: 2.2377322813412
PROGRESS    Completed epoch 1833 / 2000;    current loss: 0.2001548707485199
INFO Gradient norm: 4.097610645636485
PROGRESS    Completed epoch 1834 / 2000;    current loss: 0.20046155154705048
INFO Gradient norm: 4.987486407366312
PROGRESS    Completed epoch 1835 / 2000;    current loss: 0.20051734149456024
INFO Gradient norm: 1.514416881435023
PROGRESS    Completed epoch 1836 / 2000;    current loss: 0.2000085562467575
INFO Gradient norm: 7.054145019674508
PROGRESS    Completed epoch 1837 / 2000;    current loss: 0.20033185184001923
INFO Gradient norm: 5.6143454380974855
PROGRESS    Completed epoch 1838 / 2000;    current loss: 0.20030207931995392
INFO Gradient norm: 5.875008532946678
PROGRESS    Completed epoch 1839 / 2000;    current loss: 0.20077654719352722
INFO Gradient norm: 2.0806776468618797
PROGRESS    Completed epoch 1840 / 2000;    current loss: 0.20083299279212952
INFO Gradient norm: 9.749540542520192
PROGRESS    Completed epoch 1841 / 2000;    current loss: 0.20233473181724548
INFO Gradient norm: 3.618808077635432
PROGRESS    Completed epoch 1842 / 2000;    current loss: 0.2011204957962036
INFO Gradient norm: 14.478797439461852
PROGRESS    Completed epoch 1843 / 2000;    current loss: 0.20408004522323608
INFO Gradient norm: 13.575029447806221
PROGRESS    Completed epoch 1844 / 2000;    current loss: 0.20371122658252716
INFO Gradient norm: 4.003485089634941
PROGRESS    Completed epoch 1845 / 2000;    current loss: 0.2011769860982895
INFO Gradient norm: 6.698290860229846
PROGRESS    Completed epoch 1846 / 2000;    current loss: 0.20156700909137726
INFO Gradient norm: 5.6396639350848154
PROGRESS    Completed epoch 1847 / 2000;    current loss: 0.2012258619070053
INFO Gradient norm: 3.158640117520853
PROGRESS    Completed epoch 1848 / 2000;    current loss: 0.20080000162124634
INFO Gradient norm: 9.877602402514814
PROGRESS    Completed epoch 1849 / 2000;    current loss: 0.20193444192409515
INFO Gradient norm: 5.4454386096745635
PROGRESS    Completed epoch 1850 / 2000;    current loss: 0.20067782700061798
INFO Gradient norm: 11.54021676350523
PROGRESS    Completed epoch 1851 / 2000;    current loss: 0.20201881229877472
INFO Gradient norm: 5.755011446461737
PROGRESS    Completed epoch 1852 / 2000;    current loss: 0.20059055089950562
INFO Gradient norm: 13.406900685946747
PROGRESS    Completed epoch 1853 / 2000;    current loss: 0.2029847800731659
INFO Gradient norm: 13.261640597014026
PROGRESS    Completed epoch 1854 / 2000;    current loss: 0.20307594537734985
INFO Gradient norm: 1.6023380699195582
PROGRESS    Completed epoch 1855 / 2000;    current loss: 0.20103350281715393
INFO Gradient norm: 12.509013998025496
PROGRESS    Completed epoch 1856 / 2000;    current loss: 0.203573077917099
INFO Gradient norm: 7.669321282355014
PROGRESS    Completed epoch 1857 / 2000;    current loss: 0.20235896110534668
INFO Gradient norm: 11.579351577245678
PROGRESS    Completed epoch 1858 / 2000;    current loss: 0.2037481665611267
INFO Gradient norm: 11.976304131268948
PROGRESS    Completed epoch 1859 / 2000;    current loss: 0.20396138727664948
INFO Gradient norm: 4.443181593027908
PROGRESS    Completed epoch 1860 / 2000;    current loss: 0.20205099880695343
INFO Gradient norm: 7.055650527690633
PROGRESS    Completed epoch 1861 / 2000;    current loss: 0.20235073566436768
INFO Gradient norm: 5.0080465089472925
PROGRESS    Completed epoch 1862 / 2000;    current loss: 0.2019248902797699
INFO Gradient norm: 2.2472814154739766
PROGRESS    Completed epoch 1863 / 2000;    current loss: 0.20148725807666779
INFO Gradient norm: 10.369638629626113
PROGRESS    Completed epoch 1864 / 2000;    current loss: 0.20275545120239258
INFO Gradient norm: 5.866627697091512
PROGRESS    Completed epoch 1865 / 2000;    current loss: 0.20145347714424133
INFO Gradient norm: 12.28720780162461
PROGRESS    Completed epoch 1866 / 2000;    current loss: 0.20304174721240997
INFO Gradient norm: 11.787890295749307
PROGRESS    Completed epoch 1867 / 2000;    current loss: 0.20263458788394928
INFO Gradient norm: 5.160728797068528
PROGRESS    Completed epoch 1868 / 2000;    current loss: 0.2006550431251526
INFO Gradient norm: 6.816386636082102
PROGRESS    Completed epoch 1869 / 2000;    current loss: 0.2006777971982956
INFO Gradient norm: 6.348592101304509
PROGRESS    Completed epoch 1870 / 2000;    current loss: 0.20035706460475922
INFO Gradient norm: 3.576414181795332
PROGRESS    Completed epoch 1871 / 2000;    current loss: 0.19963397085666656
INFO Gradient norm: 7.170517582727919
PROGRESS    Completed epoch 1872 / 2000;    current loss: 0.20014764368534088
INFO Gradient norm: 1.587910166167286
PROGRESS    Completed epoch 1873 / 2000;    current loss: 0.1995687186717987
INFO Gradient norm: 11.765975782268844
PROGRESS    Completed epoch 1874 / 2000;    current loss: 0.20159995555877686
INFO Gradient norm: 9.317841552914727
PROGRESS    Completed epoch 1875 / 2000;    current loss: 0.20105186104774475
INFO Gradient norm: 8.642342551475432
PROGRESS    Completed epoch 1876 / 2000;    current loss: 0.2010185420513153
INFO Gradient norm: 9.180548709644428
PROGRESS    Completed epoch 1877 / 2000;    current loss: 0.20133870840072632
INFO Gradient norm: 6.13905074685445
PROGRESS    Completed epoch 1878 / 2000;    current loss: 0.20086801052093506
INFO Gradient norm: 4.991716795233515
PROGRESS    Completed epoch 1879 / 2000;    current loss: 0.20073749125003815
INFO Gradient norm: 10.002358293862983
PROGRESS    Completed epoch 1880 / 2000;    current loss: 0.20177631080150604
INFO Gradient norm: 7.310209551841181
PROGRESS    Completed epoch 1881 / 2000;    current loss: 0.20106559991836548
INFO Gradient norm: 9.332692188284165
PROGRESS    Completed epoch 1882 / 2000;    current loss: 0.20158976316452026
INFO Gradient norm: 7.959909823723
PROGRESS    Completed epoch 1883 / 2000;    current loss: 0.2011794149875641
INFO Gradient norm: 8.43364447843806
PROGRESS    Completed epoch 1884 / 2000;    current loss: 0.2011430412530899
INFO Gradient norm: 7.823980750999824
PROGRESS    Completed epoch 1885 / 2000;    current loss: 0.20096249878406525
INFO Gradient norm: 7.558745396743707
PROGRESS    Completed epoch 1886 / 2000;    current loss: 0.20092988014221191
INFO Gradient norm: 6.29950786534582
PROGRESS    Completed epoch 1887 / 2000;    current loss: 0.20061500370502472
INFO Gradient norm: 9.106454475512821
PROGRESS    Completed epoch 1888 / 2000;    current loss: 0.20112483203411102
INFO Gradient norm: 7.474718246273809
PROGRESS    Completed epoch 1889 / 2000;    current loss: 0.20064374804496765
INFO Gradient norm: 8.690289173961423
PROGRESS    Completed epoch 1890 / 2000;    current loss: 0.20091773569583893
INFO Gradient norm: 7.4091900071662735
PROGRESS    Completed epoch 1891 / 2000;    current loss: 0.20056557655334473
INFO Gradient norm: 7.331004052851539
PROGRESS    Completed epoch 1892 / 2000;    current loss: 0.20049802958965302
INFO Gradient norm: 4.323211144364032
PROGRESS    Completed epoch 1893 / 2000;    current loss: 0.2001049667596817
INFO Gradient norm: 10.1552897691142
PROGRESS    Completed epoch 1894 / 2000;    current loss: 0.20141951739788055
INFO Gradient norm: 7.185965480727888
PROGRESS    Completed epoch 1895 / 2000;    current loss: 0.20060944557189941
INFO Gradient norm: 10.06973879558872
PROGRESS    Completed epoch 1896 / 2000;    current loss: 0.20119501650333405
INFO Gradient norm: 9.884974043254031
PROGRESS    Completed epoch 1897 / 2000;    current loss: 0.20106241106987
INFO Gradient norm: 5.805227585898811
PROGRESS    Completed epoch 1898 / 2000;    current loss: 0.2000865489244461
INFO Gradient norm: 5.844170333163903
PROGRESS    Completed epoch 1899 / 2000;    current loss: 0.19997334480285645
INFO Gradient norm: 5.599764439043353
PROGRESS    Completed epoch 1900 / 2000;    current loss: 0.19999219477176666
INFO Gradient norm: 2.2444815207003574
PROGRESS    Completed epoch 1901 / 2000;    current loss: 0.1997843086719513
INFO Gradient norm: 8.460759347833214
PROGRESS    Completed epoch 1902 / 2000;    current loss: 0.20063841342926025
INFO Gradient norm: 3.3141713117238805
PROGRESS    Completed epoch 1903 / 2000;    current loss: 0.19955193996429443
INFO Gradient norm: 12.68248981143453
PROGRESS    Completed epoch 1904 / 2000;    current loss: 0.20157192647457123
INFO Gradient norm: 6.519427566082583
PROGRESS    Completed epoch 1905 / 2000;    current loss: 0.20006327331066132
INFO Gradient norm: 12.65524978592507
PROGRESS    Completed epoch 1906 / 2000;    current loss: 0.20204657316207886
INFO Gradient norm: 13.444378518917176
PROGRESS    Completed epoch 1907 / 2000;    current loss: 0.2024543136358261
INFO Gradient norm: 2.488687269654423
PROGRESS    Completed epoch 1908 / 2000;    current loss: 0.19983285665512085
INFO Gradient norm: 5.85652007680497
PROGRESS    Completed epoch 1909 / 2000;    current loss: 0.20018379390239716
INFO Gradient norm: 6.8101120445267025
PROGRESS    Completed epoch 1910 / 2000;    current loss: 0.20060686767101288
INFO Gradient norm: 3.7206743397952144
PROGRESS    Completed epoch 1911 / 2000;    current loss: 0.2002640813589096
INFO Gradient norm: 11.256519609120357
PROGRESS    Completed epoch 1912 / 2000;    current loss: 0.2019786834716797
INFO Gradient norm: 8.855368477554983
PROGRESS    Completed epoch 1913 / 2000;    current loss: 0.2013171762228012
INFO Gradient norm: 8.301459863520028
PROGRESS    Completed epoch 1914 / 2000;    current loss: 0.20127633213996887
INFO Gradient norm: 8.631430139009062
PROGRESS    Completed epoch 1915 / 2000;    current loss: 0.20138651132583618
INFO Gradient norm: 6.1921151430807315
PROGRESS    Completed epoch 1916 / 2000;    current loss: 0.2008027285337448
INFO Gradient norm: 6.012171242700606
PROGRESS    Completed epoch 1917 / 2000;    current loss: 0.2007395327091217
INFO Gradient norm: 7.34450830344791
PROGRESS    Completed epoch 1918 / 2000;    current loss: 0.200996533036232
INFO Gradient norm: 4.768392608240623
PROGRESS    Completed epoch 1919 / 2000;    current loss: 0.20041009783744812
INFO Gradient norm: 10.52710371374246
PROGRESS    Completed epoch 1920 / 2000;    current loss: 0.20153065025806427
INFO Gradient norm: 8.881275166355907
PROGRESS    Completed epoch 1921 / 2000;    current loss: 0.2009480595588684
INFO Gradient norm: 7.197648842158661
PROGRESS    Completed epoch 1922 / 2000;    current loss: 0.2005489021539688
INFO Gradient norm: 7.206488003673472
PROGRESS    Completed epoch 1923 / 2000;    current loss: 0.20045799016952515
INFO Gradient norm: 6.710900417675665
PROGRESS    Completed epoch 1924 / 2000;    current loss: 0.20020167529582977
INFO Gradient norm: 3.140751457752697
PROGRESS    Completed epoch 1925 / 2000;    current loss: 0.1998099684715271
INFO Gradient norm: 9.77636259056208
PROGRESS    Completed epoch 1926 / 2000;    current loss: 0.2010742425918579
INFO Gradient norm: 5.698800607460109
PROGRESS    Completed epoch 1927 / 2000;    current loss: 0.20001192390918732
INFO Gradient norm: 11.44017983835061
PROGRESS    Completed epoch 1928 / 2000;    current loss: 0.20125728845596313
INFO Gradient norm: 11.255155062053195
PROGRESS    Completed epoch 1929 / 2000;    current loss: 0.20106613636016846
INFO Gradient norm: 4.314242394084704
PROGRESS    Completed epoch 1930 / 2000;    current loss: 0.19940604269504547
INFO Gradient norm: 5.575564994295967
PROGRESS    Completed epoch 1931 / 2000;    current loss: 0.1994229555130005
INFO Gradient norm: 5.195210581138865
PROGRESS    Completed epoch 1932 / 2000;    current loss: 0.1993274986743927
INFO Gradient norm: 1.3968983651384925
PROGRESS    Completed epoch 1933 / 2000;    current loss: 0.19913582503795624
INFO Gradient norm: 6.2629408177707475
PROGRESS    Completed epoch 1934 / 2000;    current loss: 0.1995847523212433
INFO Gradient norm: 1.3662774819468921
PROGRESS    Completed epoch 1935 / 2000;    current loss: 0.19886301457881927
INFO Gradient norm: 2.3121910395331753
PROGRESS    Completed epoch 1936 / 2000;    current loss: 0.1989694982767105
INFO Gradient norm: 5.141189523498008
PROGRESS    Completed epoch 1937 / 2000;    current loss: 0.19922499358654022
INFO Gradient norm: 1.0700530013293366
PROGRESS    Completed epoch 1938 / 2000;    current loss: 0.19878749549388885
INFO Gradient norm: 7.421370239178016
PROGRESS    Completed epoch 1939 / 2000;    current loss: 0.19975975155830383
INFO Gradient norm: 1.2974194720165213
PROGRESS    Completed epoch 1940 / 2000;    current loss: 0.19909411668777466
INFO Gradient norm: 4.714717935826209
PROGRESS    Completed epoch 1941 / 2000;    current loss: 0.19925963878631592
INFO Gradient norm: 3.2640833417995796
PROGRESS    Completed epoch 1942 / 2000;    current loss: 0.1989212930202484
INFO Gradient norm: 1.7684242734975375
PROGRESS    Completed epoch 1943 / 2000;    current loss: 0.19857431948184967
INFO Gradient norm: 3.0168650406555724
PROGRESS    Completed epoch 1944 / 2000;    current loss: 0.19845890998840332
INFO Gradient norm: 1.0441481319430694
PROGRESS    Completed epoch 1945 / 2000;    current loss: 0.1983826607465744
INFO Gradient norm: 3.6906299594528202
PROGRESS    Completed epoch 1946 / 2000;    current loss: 0.19852668046951294
INFO Gradient norm: 4.412103380985261
PROGRESS    Completed epoch 1947 / 2000;    current loss: 0.1985943615436554
INFO Gradient norm: 1.479517475667599
PROGRESS    Completed epoch 1948 / 2000;    current loss: 0.1982562094926834
INFO Gradient norm: 3.7625784202225696
PROGRESS    Completed epoch 1949 / 2000;    current loss: 0.1985640972852707
INFO Gradient norm: 4.276447283385529
PROGRESS    Completed epoch 1950 / 2000;    current loss: 0.19865240156650543
INFO Gradient norm: 1.440164879794333
PROGRESS    Completed epoch 1951 / 2000;    current loss: 0.19838403165340424
INFO Gradient norm: 2.149377315675881
PROGRESS    Completed epoch 1952 / 2000;    current loss: 0.19821248948574066
INFO Gradient norm: 1.8836450094213135
PROGRESS    Completed epoch 1953 / 2000;    current loss: 0.19840013980865479
INFO Gradient norm: 4.154594505804217
PROGRESS    Completed epoch 1954 / 2000;    current loss: 0.19873560965061188
INFO Gradient norm: 3.313777710642656
PROGRESS    Completed epoch 1955 / 2000;    current loss: 0.19866971671581268
INFO Gradient norm: 1.0970233138727994
PROGRESS    Completed epoch 1956 / 2000;    current loss: 0.19847485423088074
INFO Gradient norm: 2.0150784983033923
PROGRESS    Completed epoch 1957 / 2000;    current loss: 0.1982947140932083
INFO Gradient norm: 3.930989656205907
PROGRESS    Completed epoch 1958 / 2000;    current loss: 0.19829294085502625
INFO Gradient norm: 5.205662417943957
PROGRESS    Completed epoch 1959 / 2000;    current loss: 0.19859585165977478
INFO Gradient norm: 1.6932680454894786
PROGRESS    Completed epoch 1960 / 2000;    current loss: 0.1983523964881897
INFO Gradient norm: 6.230043191502353
PROGRESS    Completed epoch 1961 / 2000;    current loss: 0.19884395599365234
INFO Gradient norm: 1.4231976791372902
PROGRESS    Completed epoch 1962 / 2000;    current loss: 0.19821879267692566
INFO Gradient norm: 8.161769036990037
PROGRESS    Completed epoch 1963 / 2000;    current loss: 0.19892115890979767
INFO Gradient norm: 7.0042763347063905
PROGRESS    Completed epoch 1964 / 2000;    current loss: 0.19875743985176086
INFO Gradient norm: 5.846744582427877
PROGRESS    Completed epoch 1965 / 2000;    current loss: 0.1987367570400238
INFO Gradient norm: 4.552437808963533
PROGRESS    Completed epoch 1966 / 2000;    current loss: 0.1987222284078598
INFO Gradient norm: 8.072974962953685
PROGRESS    Completed epoch 1967 / 2000;    current loss: 0.19949544966220856
INFO Gradient norm: 5.056588812305878
PROGRESS    Completed epoch 1968 / 2000;    current loss: 0.19897028803825378
INFO Gradient norm: 10.116994367225423
PROGRESS    Completed epoch 1969 / 2000;    current loss: 0.2001032680273056
INFO Gradient norm: 8.985131427371185
PROGRESS    Completed epoch 1970 / 2000;    current loss: 0.19978192448616028
INFO Gradient norm: 6.348135946160589
PROGRESS    Completed epoch 1971 / 2000;    current loss: 0.19921287894248962
INFO Gradient norm: 6.743421535814156
PROGRESS    Completed epoch 1972 / 2000;    current loss: 0.19926413893699646
INFO Gradient norm: 6.444498049455552
PROGRESS    Completed epoch 1973 / 2000;    current loss: 0.19910195469856262
INFO Gradient norm: 5.310249334428593
PROGRESS    Completed epoch 1974 / 2000;    current loss: 0.19884690642356873
INFO Gradient norm: 7.520253303911615
PROGRESS    Completed epoch 1975 / 2000;    current loss: 0.19923169910907745
INFO Gradient norm: 5.129400989021511
PROGRESS    Completed epoch 1976 / 2000;    current loss: 0.19865955412387848
INFO Gradient norm: 6.512107020253266
PROGRESS    Completed epoch 1977 / 2000;    current loss: 0.19896376132965088
INFO Gradient norm: 4.13130798338463
PROGRESS    Completed epoch 1978 / 2000;    current loss: 0.19869984686374664
INFO Gradient norm: 8.374872790738628
PROGRESS    Completed epoch 1979 / 2000;    current loss: 0.1994955837726593
INFO Gradient norm: 5.127704381862985
PROGRESS    Completed epoch 1980 / 2000;    current loss: 0.1987389177083969
INFO Gradient norm: 6.243703527939825
PROGRESS    Completed epoch 1981 / 2000;    current loss: 0.19917427003383636
INFO Gradient norm: 3.4527310514488443
PROGRESS    Completed epoch 1982 / 2000;    current loss: 0.19912347197532654
INFO Gradient norm: 8.366555624305606
PROGRESS    Completed epoch 1983 / 2000;    current loss: 0.20006991922855377
INFO Gradient norm: 5.489581327609657
PROGRESS    Completed epoch 1984 / 2000;    current loss: 0.19942936301231384
INFO Gradient norm: 9.00809334701644
PROGRESS    Completed epoch 1985 / 2000;    current loss: 0.20008817315101624
INFO Gradient norm: 8.527304505619894
PROGRESS    Completed epoch 1986 / 2000;    current loss: 0.1998790204524994
INFO Gradient norm: 4.937149148889435
PROGRESS    Completed epoch 1987 / 2000;    current loss: 0.19910532236099243
INFO Gradient norm: 5.754086657181281
PROGRESS    Completed epoch 1988 / 2000;    current loss: 0.19915442168712616
INFO Gradient norm: 4.548852745238503
PROGRESS    Completed epoch 1989 / 2000;    current loss: 0.1989610642194748
INFO Gradient norm: 2.855228935167062
PROGRESS    Completed epoch 1990 / 2000;    current loss: 0.19869984686374664
INFO Gradient norm: 7.5521403029975485
PROGRESS    Completed epoch 1991 / 2000;    current loss: 0.199290469288826
INFO Gradient norm: 4.195656882749935
PROGRESS    Completed epoch 1992 / 2000;    current loss: 0.19855128228664398
INFO Gradient norm: 7.280980205248717
PROGRESS    Completed epoch 1993 / 2000;    current loss: 0.1990731954574585
INFO Gradient norm: 4.358214215728628
PROGRESS    Completed epoch 1994 / 2000;    current loss: 0.19855917990207672
INFO Gradient norm: 9.267513416256698
PROGRESS    Completed epoch 1995 / 2000;    current loss: 0.1995248943567276
INFO Gradient norm: 8.053980679888385
PROGRESS    Completed epoch 1996 / 2000;    current loss: 0.19914498925209045
INFO Gradient norm: 4.0923917017627796
PROGRESS    Completed epoch 1997 / 2000;    current loss: 0.19852912425994873
INFO Gradient norm: 4.4130995253656975
PROGRESS    Completed epoch 1998 / 2000;    current loss: 0.19860287010669708
INFO Gradient norm: 6.0328382804924825
PROGRESS    Completed epoch 1999 / 2000;    current loss: 0.19884702563285828
INFO Gradient norm: 2.4072223327071516
PROGRESS    Completed epoch 2000 / 2000;    current loss: 0.19832737743854523
INFO    Saving model weights ...
INFO Model weights saved successfully to /home/hoang/utopya_output/Dengue/250605-150403/data/uni06/data_npc_checkpoint.pth
INFO    Simulation run finished.
INFO    Wrapping up ...
SUCCESS    All done.

---
end of log. exit code: 0

