Log of 'out' stream of WorkerTask 'uni05'
---

INFO    Using 'cpu' as training device. Number of threads: 10
INFO    Loading training data ...
INFO    Initializing the neural net ...
INFO    Initialized model 'Dengue'.
INFO    Now commencing training for 2000 epochs ...
INFO Gradient norm: 1074.4562590284875
PROGRESS    Completed epoch 1 / 2000;    current loss: 867.8573608398438
INFO Gradient norm: 1074.5778897576865
PROGRESS    Completed epoch 2 / 2000;    current loss: 867.539306640625
INFO Gradient norm: 1074.707737576319
PROGRESS    Completed epoch 3 / 2000;    current loss: 867.2178955078125
INFO Gradient norm: 1074.8293423642524
PROGRESS    Completed epoch 4 / 2000;    current loss: 866.8995971679688
INFO Gradient norm: 1074.9883015780858
PROGRESS    Completed epoch 5 / 2000;    current loss: 866.5698852539062
INFO Gradient norm: 1075.0950898278948
PROGRESS    Completed epoch 6 / 2000;    current loss: 866.2542724609375
INFO Gradient norm: 1075.2469617407696
PROGRESS    Completed epoch 7 / 2000;    current loss: 865.9253540039062
INFO Gradient norm: 1075.3754868992507
PROGRESS    Completed epoch 8 / 2000;    current loss: 865.6024169921875
INFO Gradient norm: 1075.51127098645
PROGRESS    Completed epoch 9 / 2000;    current loss: 865.2762451171875
INFO Gradient norm: 1075.6538909637964
PROGRESS    Completed epoch 10 / 2000;    current loss: 864.9467163085938
INFO Gradient norm: 1075.7782921137018
PROGRESS    Completed epoch 11 / 2000;    current loss: 864.6217651367188
INFO Gradient norm: 1075.914494798079
PROGRESS    Completed epoch 12 / 2000;    current loss: 864.2914428710938
INFO Gradient norm: 1076.0704152990818
PROGRESS    Completed epoch 13 / 2000;    current loss: 863.9539184570312
INFO Gradient norm: 1076.2143100060823
PROGRESS    Completed epoch 14 / 2000;    current loss: 863.6171875
INFO Gradient norm: 1076.3547757407725
PROGRESS    Completed epoch 15 / 2000;    current loss: 863.2805786132812
INFO Gradient norm: 1076.5051923877295
PROGRESS    Completed epoch 16 / 2000;    current loss: 862.938232421875
INFO Gradient norm: 1076.6589841870098
PROGRESS    Completed epoch 17 / 2000;    current loss: 862.59326171875
INFO Gradient norm: 1076.802848864324
PROGRESS    Completed epoch 18 / 2000;    current loss: 862.2484130859375
INFO Gradient norm: 1076.9598648233741
PROGRESS    Completed epoch 19 / 2000;    current loss: 861.8964233398438
INFO Gradient norm: 1077.1155426973967
PROGRESS    Completed epoch 20 / 2000;    current loss: 861.5429077148438
INFO Gradient norm: 1077.277087854
PROGRESS    Completed epoch 21 / 2000;    current loss: 861.1848754882812
INFO Gradient norm: 1077.4491581408959
PROGRESS    Completed epoch 22 / 2000;    current loss: 860.8197021484375
INFO Gradient norm: 1077.6021823276906
PROGRESS    Completed epoch 23 / 2000;    current loss: 860.458251953125
INFO Gradient norm: 1077.7737156744063
PROGRESS    Completed epoch 24 / 2000;    current loss: 860.0869750976562
INFO Gradient norm: 1077.9440358419229
PROGRESS    Completed epoch 25 / 2000;    current loss: 859.7125854492188
INFO Gradient norm: 1078.1109710210808
PROGRESS    Completed epoch 26 / 2000;    current loss: 859.3362426757812
INFO Gradient norm: 1078.2848499683166
PROGRESS    Completed epoch 27 / 2000;    current loss: 858.9532470703125
INFO Gradient norm: 1078.4748165339508
PROGRESS    Completed epoch 28 / 2000;    current loss: 858.5610961914062
INFO Gradient norm: 1078.6578360336287
PROGRESS    Completed epoch 29 / 2000;    current loss: 858.1668090820312
INFO Gradient norm: 1078.8413351950314
PROGRESS    Completed epoch 30 / 2000;    current loss: 857.7686767578125
INFO Gradient norm: 1079.030862463037
PROGRESS    Completed epoch 31 / 2000;    current loss: 857.3642578125
INFO Gradient norm: 1079.2298346687064
PROGRESS    Completed epoch 32 / 2000;    current loss: 856.9517211914062
INFO Gradient norm: 1079.4273756455004
PROGRESS    Completed epoch 33 / 2000;    current loss: 856.5357666015625
INFO Gradient norm: 1079.6310647415012
PROGRESS    Completed epoch 34 / 2000;    current loss: 856.111328125
INFO Gradient norm: 1079.8322508821134
PROGRESS    Completed epoch 35 / 2000;    current loss: 855.6842041015625
INFO Gradient norm: 1080.0511441872895
PROGRESS    Completed epoch 36 / 2000;    current loss: 855.2463989257812
INFO Gradient norm: 1080.2644165415759
PROGRESS    Completed epoch 37 / 2000;    current loss: 854.803955078125
INFO Gradient norm: 1080.482249704176
PROGRESS    Completed epoch 38 / 2000;    current loss: 854.3554077148438
INFO Gradient norm: 1080.7111236564067
PROGRESS    Completed epoch 39 / 2000;    current loss: 853.8971557617188
INFO Gradient norm: 1080.94214769261
PROGRESS    Completed epoch 40 / 2000;    current loss: 853.4329223632812
INFO Gradient norm: 1081.1842184176205
PROGRESS    Completed epoch 41 / 2000;    current loss: 852.9580688476562
INFO Gradient norm: 1081.4294089881787
PROGRESS    Completed epoch 42 / 2000;    current loss: 852.4771118164062
INFO Gradient norm: 1081.676234707222
PROGRESS    Completed epoch 43 / 2000;    current loss: 851.9904174804688
INFO Gradient norm: 1081.9358985282963
PROGRESS    Completed epoch 44 / 2000;    current loss: 851.4910278320312
INFO Gradient norm: 1082.195432517472
PROGRESS    Completed epoch 45 / 2000;    current loss: 850.9863891601562
INFO Gradient norm: 1082.4662783330884
PROGRESS    Completed epoch 46 / 2000;    current loss: 850.4713745117188
INFO Gradient norm: 1082.7420896119818
PROGRESS    Completed epoch 47 / 2000;    current loss: 849.9476318359375
INFO Gradient norm: 1083.023965771442
PROGRESS    Completed epoch 48 / 2000;    current loss: 849.416259765625
INFO Gradient norm: 1083.3149395900166
PROGRESS    Completed epoch 49 / 2000;    current loss: 848.8739013671875
INFO Gradient norm: 1083.610032323214
PROGRESS    Completed epoch 50 / 2000;    current loss: 848.322998046875
INFO Gradient norm: 1083.9149170623418
PROGRESS    Completed epoch 51 / 2000;    current loss: 847.761474609375
INFO Gradient norm: 1084.230294036207
PROGRESS    Completed epoch 52 / 2000;    current loss: 847.1893310546875
INFO Gradient norm: 1084.5537469119233
PROGRESS    Completed epoch 53 / 2000;    current loss: 846.6072998046875
INFO Gradient norm: 1084.886196742367
PROGRESS    Completed epoch 54 / 2000;    current loss: 846.0136108398438
INFO Gradient norm: 1085.2236829658061
PROGRESS    Completed epoch 55 / 2000;    current loss: 845.4119873046875
INFO Gradient norm: 1085.5713049223664
PROGRESS    Completed epoch 56 / 2000;    current loss: 844.79833984375
INFO Gradient norm: 1085.9307229137748
PROGRESS    Completed epoch 57 / 2000;    current loss: 844.172119140625
INFO Gradient norm: 1086.3002957831327
PROGRESS    Completed epoch 58 / 2000;    current loss: 843.5346069335938
INFO Gradient norm: 1086.684402989561
PROGRESS    Completed epoch 59 / 2000;    current loss: 842.883056640625
INFO Gradient norm: 1087.0649419791603
PROGRESS    Completed epoch 60 / 2000;    current loss: 842.2265014648438
INFO Gradient norm: 1087.465789855225
PROGRESS    Completed epoch 61 / 2000;    current loss: 841.5524291992188
INFO Gradient norm: 1087.87522104823
PROGRESS    Completed epoch 62 / 2000;    current loss: 840.8687744140625
INFO Gradient norm: 1088.2993666640555
PROGRESS    Completed epoch 63 / 2000;    current loss: 840.1697998046875
INFO Gradient norm: 1088.7346964253538
PROGRESS    Completed epoch 64 / 2000;    current loss: 839.458251953125
INFO Gradient norm: 1089.1813814197906
PROGRESS    Completed epoch 65 / 2000;    current loss: 838.73388671875
INFO Gradient norm: 1089.6361677177254
PROGRESS    Completed epoch 66 / 2000;    current loss: 837.997802734375
INFO Gradient norm: 1090.1041768149869
PROGRESS    Completed epoch 67 / 2000;    current loss: 837.2490844726562
INFO Gradient norm: 1090.588739458143
PROGRESS    Completed epoch 68 / 2000;    current loss: 836.4839477539062
INFO Gradient norm: 1091.0884555559262
PROGRESS    Completed epoch 69 / 2000;    current loss: 835.7037353515625
INFO Gradient norm: 1091.5976572416603
PROGRESS    Completed epoch 70 / 2000;    current loss: 834.9127807617188
INFO Gradient norm: 1092.1252378739412
PROGRESS    Completed epoch 71 / 2000;    current loss: 834.103759765625
INFO Gradient norm: 1092.6626421074727
PROGRESS    Completed epoch 72 / 2000;    current loss: 833.2833251953125
INFO Gradient norm: 1093.2188745264716
PROGRESS    Completed epoch 73 / 2000;    current loss: 832.4456787109375
INFO Gradient norm: 1093.7897170433152
PROGRESS    Completed epoch 74 / 2000;    current loss: 831.59375
INFO Gradient norm: 1094.376583391601
PROGRESS    Completed epoch 75 / 2000;    current loss: 830.726806640625
INFO Gradient norm: 1094.9816258026644
PROGRESS    Completed epoch 76 / 2000;    current loss: 829.8411254882812
INFO Gradient norm: 1095.602734945865
PROGRESS    Completed epoch 77 / 2000;    current loss: 828.941650390625
INFO Gradient norm: 1096.2414749485008
PROGRESS    Completed epoch 78 / 2000;    current loss: 828.0250854492188
INFO Gradient norm: 1096.8986639459667
PROGRESS    Completed epoch 79 / 2000;    current loss: 827.0922241210938
INFO Gradient norm: 1097.574776331627
PROGRESS    Completed epoch 80 / 2000;    current loss: 826.14208984375
INFO Gradient norm: 1098.2701340285453
PROGRESS    Completed epoch 81 / 2000;    current loss: 825.17578125
INFO Gradient norm: 1098.9861457618633
PROGRESS    Completed epoch 82 / 2000;    current loss: 824.189453125
INFO Gradient norm: 1099.7227979855295
PROGRESS    Completed epoch 83 / 2000;    current loss: 823.1883544921875
INFO Gradient norm: 1100.4799435014045
PROGRESS    Completed epoch 84 / 2000;    current loss: 822.1688232421875
INFO Gradient norm: 1101.259633611965
PROGRESS    Completed epoch 85 / 2000;    current loss: 821.1310424804688
INFO Gradient norm: 1102.0623199286542
PROGRESS    Completed epoch 86 / 2000;    current loss: 820.0745849609375
INFO Gradient norm: 1102.8870985354013
PROGRESS    Completed epoch 87 / 2000;    current loss: 818.9977416992188
INFO Gradient norm: 1103.7383683185785
PROGRESS    Completed epoch 88 / 2000;    current loss: 817.9049072265625
INFO Gradient norm: 1104.6118894244303
PROGRESS    Completed epoch 89 / 2000;    current loss: 816.7902221679688
INFO Gradient norm: 1105.512545775758
PROGRESS    Completed epoch 90 / 2000;    current loss: 815.6574096679688
INFO Gradient norm: 1106.4390227193853
PROGRESS    Completed epoch 91 / 2000;    current loss: 814.503662109375
INFO Gradient norm: 1107.3943386238902
PROGRESS    Completed epoch 92 / 2000;    current loss: 813.3311767578125
INFO Gradient norm: 1108.3763161991774
PROGRESS    Completed epoch 93 / 2000;    current loss: 812.1373901367188
INFO Gradient norm: 1109.3877342755723
PROGRESS    Completed epoch 94 / 2000;    current loss: 810.9226684570312
INFO Gradient norm: 1110.4288810281946
PROGRESS    Completed epoch 95 / 2000;    current loss: 809.6864013671875
INFO Gradient norm: 1111.5030351708824
PROGRESS    Completed epoch 96 / 2000;    current loss: 808.4306030273438
INFO Gradient norm: 1112.6080084965872
PROGRESS    Completed epoch 97 / 2000;    current loss: 807.1517944335938
INFO Gradient norm: 1113.743746545488
PROGRESS    Completed epoch 98 / 2000;    current loss: 805.8502807617188
INFO Gradient norm: 1114.9171920263955
PROGRESS    Completed epoch 99 / 2000;    current loss: 804.5282592773438
INFO Gradient norm: 1116.1242063856114
PROGRESS    Completed epoch 100 / 2000;    current loss: 803.1829223632812
INFO Gradient norm: 1117.3671692991672
PROGRESS    Completed epoch 101 / 2000;    current loss: 801.8145751953125
INFO Gradient norm: 1118.6492513516048
PROGRESS    Completed epoch 102 / 2000;    current loss: 800.4234008789062
INFO Gradient norm: 1119.9689593399107
PROGRESS    Completed epoch 103 / 2000;    current loss: 799.0087280273438
INFO Gradient norm: 1121.3276416288015
PROGRESS    Completed epoch 104 / 2000;    current loss: 797.5704345703125
INFO Gradient norm: 1122.7294987479388
PROGRESS    Completed epoch 105 / 2000;    current loss: 796.1084594726562
INFO Gradient norm: 1124.1696391353191
PROGRESS    Completed epoch 106 / 2000;    current loss: 794.62060546875
INFO Gradient norm: 1125.657219190181
PROGRESS    Completed epoch 107 / 2000;    current loss: 793.1087646484375
INFO Gradient norm: 1127.1851255845409
PROGRESS    Completed epoch 108 / 2000;    current loss: 791.5713500976562
INFO Gradient norm: 1128.7643547663517
PROGRESS    Completed epoch 109 / 2000;    current loss: 790.0093383789062
INFO Gradient norm: 1130.386359390207
PROGRESS    Completed epoch 110 / 2000;    current loss: 788.4215087890625
INFO Gradient norm: 1132.0574281669149
PROGRESS    Completed epoch 111 / 2000;    current loss: 786.8070068359375
INFO Gradient norm: 1133.777583265965
PROGRESS    Completed epoch 112 / 2000;    current loss: 785.166748046875
INFO Gradient norm: 1135.5499331255996
PROGRESS    Completed epoch 113 / 2000;    current loss: 783.4998779296875
INFO Gradient norm: 1137.3730320729633
PROGRESS    Completed epoch 114 / 2000;    current loss: 781.80517578125
INFO Gradient norm: 1139.2535472158934
PROGRESS    Completed epoch 115 / 2000;    current loss: 780.083984375
INFO Gradient norm: 1141.186365347126
PROGRESS    Completed epoch 116 / 2000;    current loss: 778.3352661132812
INFO Gradient norm: 1143.1758717158637
PROGRESS    Completed epoch 117 / 2000;    current loss: 776.5574951171875
INFO Gradient norm: 1145.2206262571947
PROGRESS    Completed epoch 118 / 2000;    current loss: 774.7520751953125
INFO Gradient norm: 1147.3296729824801
PROGRESS    Completed epoch 119 / 2000;    current loss: 772.91796875
INFO Gradient norm: 1149.4963230414078
PROGRESS    Completed epoch 120 / 2000;    current loss: 771.0548095703125
INFO Gradient norm: 1151.722745863569
PROGRESS    Completed epoch 121 / 2000;    current loss: 769.1627197265625
INFO Gradient norm: 1154.0197086811688
PROGRESS    Completed epoch 122 / 2000;    current loss: 767.2401123046875
INFO Gradient norm: 1156.3912617317799
PROGRESS    Completed epoch 123 / 2000;    current loss: 765.2879028320312
INFO Gradient norm: 1158.8541956302117
PROGRESS    Completed epoch 124 / 2000;    current loss: 763.30517578125
INFO Gradient norm: 1161.413088103042
PROGRESS    Completed epoch 125 / 2000;    current loss: 761.2920532226562
INFO Gradient norm: 1164.066240676974
PROGRESS    Completed epoch 126 / 2000;    current loss: 759.2463989257812
INFO Gradient norm: 1166.8114561218351
PROGRESS    Completed epoch 127 / 2000;    current loss: 757.1690063476562
INFO Gradient norm: 1169.657122388367
PROGRESS    Completed epoch 128 / 2000;    current loss: 755.058837890625
INFO Gradient norm: 1172.6084762635062
PROGRESS    Completed epoch 129 / 2000;    current loss: 752.9152221679688
INFO Gradient norm: 1175.6729218986293
PROGRESS    Completed epoch 130 / 2000;    current loss: 750.7382202148438
INFO Gradient norm: 1178.8501287533381
PROGRESS    Completed epoch 131 / 2000;    current loss: 748.5274047851562
INFO Gradient norm: 1182.1394469678514
PROGRESS    Completed epoch 132 / 2000;    current loss: 746.2817993164062
INFO Gradient norm: 1185.5449463894881
PROGRESS    Completed epoch 133 / 2000;    current loss: 744.0001220703125
INFO Gradient norm: 1189.060377912896
PROGRESS    Completed epoch 134 / 2000;    current loss: 741.682861328125
INFO Gradient norm: 1192.6818839643415
PROGRESS    Completed epoch 135 / 2000;    current loss: 739.3296508789062
INFO Gradient norm: 1196.4072096877708
PROGRESS    Completed epoch 136 / 2000;    current loss: 736.938720703125
INFO Gradient norm: 1200.2321113648386
PROGRESS    Completed epoch 137 / 2000;    current loss: 734.511962890625
INFO Gradient norm: 1204.1476122417798
PROGRESS    Completed epoch 138 / 2000;    current loss: 732.0465698242188
INFO Gradient norm: 1208.1467844430067
PROGRESS    Completed epoch 139 / 2000;    current loss: 729.5428466796875
INFO Gradient norm: 1212.2224728562956
PROGRESS    Completed epoch 140 / 2000;    current loss: 727.0010375976562
INFO Gradient norm: 1216.3566905467972
PROGRESS    Completed epoch 141 / 2000;    current loss: 724.4215087890625
INFO Gradient norm: 1220.5417716429931
PROGRESS    Completed epoch 142 / 2000;    current loss: 721.80322265625
INFO Gradient norm: 1224.7573670381444
PROGRESS    Completed epoch 143 / 2000;    current loss: 719.144287109375
INFO Gradient norm: 1228.9879035683898
PROGRESS    Completed epoch 144 / 2000;    current loss: 716.4482421875
INFO Gradient norm: 1233.2109077318644
PROGRESS    Completed epoch 145 / 2000;    current loss: 713.7124633789062
INFO Gradient norm: 1237.403429360552
PROGRESS    Completed epoch 146 / 2000;    current loss: 710.93798828125
INFO Gradient norm: 1241.5394300219596
PROGRESS    Completed epoch 147 / 2000;    current loss: 708.1243896484375
INFO Gradient norm: 1245.5909450471206
PROGRESS    Completed epoch 148 / 2000;    current loss: 705.273193359375
INFO Gradient norm: 1249.522388293021
PROGRESS    Completed epoch 149 / 2000;    current loss: 702.3831176757812
INFO Gradient norm: 1253.3038353077209
PROGRESS    Completed epoch 150 / 2000;    current loss: 699.45654296875
INFO Gradient norm: 1256.8953103139395
PROGRESS    Completed epoch 151 / 2000;    current loss: 696.4925537109375
INFO Gradient norm: 1260.2524790855582
PROGRESS    Completed epoch 152 / 2000;    current loss: 693.4925537109375
INFO Gradient norm: 1263.3363288734363
PROGRESS    Completed epoch 153 / 2000;    current loss: 690.4567260742188
INFO Gradient norm: 1266.1016153627295
PROGRESS    Completed epoch 154 / 2000;    current loss: 687.3880004882812
INFO Gradient norm: 1268.502498568085
PROGRESS    Completed epoch 155 / 2000;    current loss: 684.2860717773438
INFO Gradient norm: 1270.4909905992934
PROGRESS    Completed epoch 156 / 2000;    current loss: 681.1531982421875
INFO Gradient norm: 1272.008174625891
PROGRESS    Completed epoch 157 / 2000;    current loss: 677.98828125
INFO Gradient norm: 1273.0244073162642
PROGRESS    Completed epoch 158 / 2000;    current loss: 674.797119140625
INFO Gradient norm: 1273.4767393421116
PROGRESS    Completed epoch 159 / 2000;    current loss: 671.5775756835938
INFO Gradient norm: 1273.3383107504599
PROGRESS    Completed epoch 160 / 2000;    current loss: 668.3340454101562
INFO Gradient norm: 1272.5651988281616
PROGRESS    Completed epoch 161 / 2000;    current loss: 665.0682983398438
INFO Gradient norm: 1271.1338934254693
PROGRESS    Completed epoch 162 / 2000;    current loss: 661.7823486328125
INFO Gradient norm: 1269.019435074195
PROGRESS    Completed epoch 163 / 2000;    current loss: 658.4786987304688
INFO Gradient norm: 1266.2202363878712
PROGRESS    Completed epoch 164 / 2000;    current loss: 655.1585693359375
INFO Gradient norm: 1262.772793924641
PROGRESS    Completed epoch 165 / 2000;    current loss: 651.8255004882812
INFO Gradient norm: 1258.6783414088563
PROGRESS    Completed epoch 166 / 2000;    current loss: 648.4794921875
INFO Gradient norm: 1253.9729727732338
PROGRESS    Completed epoch 167 / 2000;    current loss: 645.1246948242188
INFO Gradient norm: 1248.6888497287714
PROGRESS    Completed epoch 168 / 2000;    current loss: 641.7611694335938
INFO Gradient norm: 1242.8821513107
PROGRESS    Completed epoch 169 / 2000;    current loss: 638.392333984375
INFO Gradient norm: 1236.6230064894085
PROGRESS    Completed epoch 170 / 2000;    current loss: 635.0208129882812
INFO Gradient norm: 1229.954193735852
PROGRESS    Completed epoch 171 / 2000;    current loss: 631.6463012695312
INFO Gradient norm: 1222.963788275526
PROGRESS    Completed epoch 172 / 2000;    current loss: 628.2713623046875
INFO Gradient norm: 1215.7098310801864
PROGRESS    Completed epoch 173 / 2000;    current loss: 624.8980712890625
INFO Gradient norm: 1208.2540511597344
PROGRESS    Completed epoch 174 / 2000;    current loss: 621.5282592773438
INFO Gradient norm: 1201.138130129819
PROGRESS    Completed epoch 175 / 2000;    current loss: 618.1620483398438
INFO Gradient norm: 1193.3606687689248
PROGRESS    Completed epoch 176 / 2000;    current loss: 614.8005981445312
INFO Gradient norm: 1186.0008483272493
PROGRESS    Completed epoch 177 / 2000;    current loss: 611.4454956054688
INFO Gradient norm: 1178.766960167333
PROGRESS    Completed epoch 178 / 2000;    current loss: 608.09716796875
INFO Gradient norm: 1171.7221882158751
PROGRESS    Completed epoch 179 / 2000;    current loss: 604.7559814453125
INFO Gradient norm: 1164.9255576722433
PROGRESS    Completed epoch 180 / 2000;    current loss: 601.422607421875
INFO Gradient norm: 1158.4114968477536
PROGRESS    Completed epoch 181 / 2000;    current loss: 598.0965576171875
INFO Gradient norm: 1152.2347035740283
PROGRESS    Completed epoch 182 / 2000;    current loss: 594.7777709960938
INFO Gradient norm: 1146.4464726938209
PROGRESS    Completed epoch 183 / 2000;    current loss: 591.465576171875
INFO Gradient norm: 1145.5606460318286
PROGRESS    Completed epoch 184 / 2000;    current loss: 588.5255126953125
INFO Gradient norm: 1143.3589679915906
PROGRESS    Completed epoch 185 / 2000;    current loss: 585.5869750976562
INFO Gradient norm: 1140.7554481142672
PROGRESS    Completed epoch 186 / 2000;    current loss: 582.5862426757812
INFO Gradient norm: 1137.7572029339747
PROGRESS    Completed epoch 187 / 2000;    current loss: 579.5252685546875
INFO Gradient norm: 1134.4087058574364
PROGRESS    Completed epoch 188 / 2000;    current loss: 576.411865234375
INFO Gradient norm: 1130.7631174577657
PROGRESS    Completed epoch 189 / 2000;    current loss: 573.2485961914062
INFO Gradient norm: 1126.8697912904115
PROGRESS    Completed epoch 190 / 2000;    current loss: 570.0408935546875
INFO Gradient norm: 1122.7798355494624
PROGRESS    Completed epoch 191 / 2000;    current loss: 566.794677734375
INFO Gradient norm: 1118.5433184144094
PROGRESS    Completed epoch 192 / 2000;    current loss: 563.5140991210938
INFO Gradient norm: 1114.212156273478
PROGRESS    Completed epoch 193 / 2000;    current loss: 560.2039794921875
INFO Gradient norm: 1109.823650776913
PROGRESS    Completed epoch 194 / 2000;    current loss: 556.867919921875
INFO Gradient norm: 1105.419879020884
PROGRESS    Completed epoch 195 / 2000;    current loss: 553.5096435546875
INFO Gradient norm: 1101.0333669914212
PROGRESS    Completed epoch 196 / 2000;    current loss: 550.1336059570312
INFO Gradient norm: 1096.708361682653
PROGRESS    Completed epoch 197 / 2000;    current loss: 546.74267578125
INFO Gradient norm: 1092.6383094857854
PROGRESS    Completed epoch 198 / 2000;    current loss: 543.4952392578125
INFO Gradient norm: 1089.6360595486644
PROGRESS    Completed epoch 199 / 2000;    current loss: 540.265380859375
INFO Gradient norm: 1086.4651301362633
PROGRESS    Completed epoch 200 / 2000;    current loss: 537.000244140625
INFO Gradient norm: 1083.1402692351535
PROGRESS    Completed epoch 201 / 2000;    current loss: 533.7025146484375
INFO Gradient norm: 1079.6782424640946
PROGRESS    Completed epoch 202 / 2000;    current loss: 530.374267578125
INFO Gradient norm: 1076.102213590994
PROGRESS    Completed epoch 203 / 2000;    current loss: 527.0187377929688
INFO Gradient norm: 1072.4296696053823
PROGRESS    Completed epoch 204 / 2000;    current loss: 523.6392822265625
INFO Gradient norm: 1068.6774552101165
PROGRESS    Completed epoch 205 / 2000;    current loss: 520.2371215820312
INFO Gradient norm: 1064.864791963554
PROGRESS    Completed epoch 206 / 2000;    current loss: 516.815673828125
INFO Gradient norm: 1061.0027966793582
PROGRESS    Completed epoch 207 / 2000;    current loss: 513.3775024414062
INFO Gradient norm: 1057.1066593157038
PROGRESS    Completed epoch 208 / 2000;    current loss: 509.92340087890625
INFO Gradient norm: 1053.1867214157949
PROGRESS    Completed epoch 209 / 2000;    current loss: 506.4571228027344
INFO Gradient norm: 1049.2515277343343
PROGRESS    Completed epoch 210 / 2000;    current loss: 502.9787292480469
INFO Gradient norm: 1046.0100553097927
PROGRESS    Completed epoch 211 / 2000;    current loss: 499.53924560546875
INFO Gradient norm: 1042.4423794884601
PROGRESS    Completed epoch 212 / 2000;    current loss: 496.12506103515625
INFO Gradient norm: 1038.7509928608117
PROGRESS    Completed epoch 213 / 2000;    current loss: 492.68402099609375
INFO Gradient norm: 1034.952180414681
PROGRESS    Completed epoch 214 / 2000;    current loss: 489.21875
INFO Gradient norm: 1031.0638242117998
PROGRESS    Completed epoch 215 / 2000;    current loss: 485.73272705078125
INFO Gradient norm: 1027.1050362447113
PROGRESS    Completed epoch 216 / 2000;    current loss: 482.22900390625
INFO Gradient norm: 1022.9346845506225
PROGRESS    Completed epoch 217 / 2000;    current loss: 478.751708984375
INFO Gradient norm: 1019.1839206549671
PROGRESS    Completed epoch 218 / 2000;    current loss: 475.2860107421875
INFO Gradient norm: 1015.3523219155517
PROGRESS    Completed epoch 219 / 2000;    current loss: 471.8019714355469
INFO Gradient norm: 1011.4479084855293
PROGRESS    Completed epoch 220 / 2000;    current loss: 468.3017578125
INFO Gradient norm: 1007.4808599028188
PROGRESS    Completed epoch 221 / 2000;    current loss: 464.78790283203125
INFO Gradient norm: 1003.4592693183047
PROGRESS    Completed epoch 222 / 2000;    current loss: 461.2609558105469
INFO Gradient norm: 999.3895031906799
PROGRESS    Completed epoch 223 / 2000;    current loss: 457.7230224609375
INFO Gradient norm: 995.6408161642706
PROGRESS    Completed epoch 224 / 2000;    current loss: 454.2038269042969
INFO Gradient norm: 991.6311265744793
PROGRESS    Completed epoch 225 / 2000;    current loss: 450.68798828125
INFO Gradient norm: 987.53893023185
PROGRESS    Completed epoch 226 / 2000;    current loss: 447.1553649902344
INFO Gradient norm: 983.3753934868664
PROGRESS    Completed epoch 227 / 2000;    current loss: 443.608642578125
INFO Gradient norm: 979.0453046688771
PROGRESS    Completed epoch 228 / 2000;    current loss: 440.07696533203125
INFO Gradient norm: 974.9291730785743
PROGRESS    Completed epoch 229 / 2000;    current loss: 436.547607421875
INFO Gradient norm: 970.7497629994909
PROGRESS    Completed epoch 230 / 2000;    current loss: 433.00653076171875
INFO Gradient norm: 966.5145114026728
PROGRESS    Completed epoch 231 / 2000;    current loss: 429.45526123046875
INFO Gradient norm: 962.2286583692814
PROGRESS    Completed epoch 232 / 2000;    current loss: 425.8955383300781
INFO Gradient norm: 958.0913429346732
PROGRESS    Completed epoch 233 / 2000;    current loss: 422.3363037109375
INFO Gradient norm: 953.7905546533842
PROGRESS    Completed epoch 234 / 2000;    current loss: 418.7872314453125
INFO Gradient norm: 949.4207460029053
PROGRESS    Completed epoch 235 / 2000;    current loss: 415.22674560546875
INFO Gradient norm: 944.9373342838247
PROGRESS    Completed epoch 236 / 2000;    current loss: 411.6827392578125
INFO Gradient norm: 940.5598915671866
PROGRESS    Completed epoch 237 / 2000;    current loss: 408.13232421875
INFO Gradient norm: 936.124798151342
PROGRESS    Completed epoch 238 / 2000;    current loss: 404.57391357421875
INFO Gradient norm: 931.6419603110741
PROGRESS    Completed epoch 239 / 2000;    current loss: 401.0089111328125
INFO Gradient norm: 927.2394625249299
PROGRESS    Completed epoch 240 / 2000;    current loss: 397.4397277832031
INFO Gradient norm: 922.7179077484885
PROGRESS    Completed epoch 241 / 2000;    current loss: 393.8825988769531
INFO Gradient norm: 918.0583732321014
PROGRESS    Completed epoch 242 / 2000;    current loss: 390.328125
INFO Gradient norm: 913.4783676675816
PROGRESS    Completed epoch 243 / 2000;    current loss: 386.7715148925781
INFO Gradient norm: 908.8490132724621
PROGRESS    Completed epoch 244 / 2000;    current loss: 383.2098083496094
INFO Gradient norm: 904.3362055610911
PROGRESS    Completed epoch 245 / 2000;    current loss: 379.6645202636719
INFO Gradient norm: 899.6565685149118
PROGRESS    Completed epoch 246 / 2000;    current loss: 376.110595703125
INFO Gradient norm: 894.9219291806133
PROGRESS    Completed epoch 247 / 2000;    current loss: 372.55096435546875
INFO Gradient norm: 890.1168386012695
PROGRESS    Completed epoch 248 / 2000;    current loss: 369.0091552734375
INFO Gradient norm: 885.3549449524886
PROGRESS    Completed epoch 249 / 2000;    current loss: 365.46759033203125
INFO Gradient norm: 880.5673525675344
PROGRESS    Completed epoch 250 / 2000;    current loss: 361.92144775390625
INFO Gradient norm: 875.7153482160876
PROGRESS    Completed epoch 251 / 2000;    current loss: 358.3722229003906
INFO Gradient norm: 870.8139050390993
PROGRESS    Completed epoch 252 / 2000;    current loss: 354.81903076171875
INFO Gradient norm: 866.2631616391141
PROGRESS    Completed epoch 253 / 2000;    current loss: 351.2740173339844
INFO Gradient norm: 861.5187146859923
PROGRESS    Completed epoch 254 / 2000;    current loss: 347.7613525390625
INFO Gradient norm: 856.4350692304099
PROGRESS    Completed epoch 255 / 2000;    current loss: 344.2562561035156
INFO Gradient norm: 851.4702954212876
PROGRESS    Completed epoch 256 / 2000;    current loss: 340.74200439453125
INFO Gradient norm: 846.5456679598817
PROGRESS    Completed epoch 257 / 2000;    current loss: 337.2388610839844
INFO Gradient norm: 841.5668541175861
PROGRESS    Completed epoch 258 / 2000;    current loss: 333.7322082519531
INFO Gradient norm: 836.5787174505681
PROGRESS    Completed epoch 259 / 2000;    current loss: 330.2281799316406
INFO Gradient norm: 831.5191111320099
PROGRESS    Completed epoch 260 / 2000;    current loss: 326.7292785644531
INFO Gradient norm: 826.4187385816755
PROGRESS    Completed epoch 261 / 2000;    current loss: 323.24456787109375
INFO Gradient norm: 821.2982418722185
PROGRESS    Completed epoch 262 / 2000;    current loss: 319.7602233886719
INFO Gradient norm: 816.1274527422854
PROGRESS    Completed epoch 263 / 2000;    current loss: 316.2763366699219
INFO Gradient norm: 810.9149079694295
PROGRESS    Completed epoch 264 / 2000;    current loss: 312.79443359375
INFO Gradient norm: 805.7571875958056
PROGRESS    Completed epoch 265 / 2000;    current loss: 309.3360595703125
INFO Gradient norm: 800.5829379313195
PROGRESS    Completed epoch 266 / 2000;    current loss: 305.87469482421875
INFO Gradient norm: 805.8051423823263
PROGRESS    Completed epoch 267 / 2000;    current loss: 302.3917541503906
INFO Gradient norm: 789.8492221427186
PROGRESS    Completed epoch 268 / 2000;    current loss: 298.9737548828125
INFO Gradient norm: 784.5889550990827
PROGRESS    Completed epoch 269 / 2000;    current loss: 295.5548095703125
INFO Gradient norm: 779.2954201971613
PROGRESS    Completed epoch 270 / 2000;    current loss: 292.13470458984375
INFO Gradient norm: 773.9859728589363
PROGRESS    Completed epoch 271 / 2000;    current loss: 288.72125244140625
INFO Gradient norm: 768.6018304680445
PROGRESS    Completed epoch 272 / 2000;    current loss: 285.31597900390625
INFO Gradient norm: 763.1605196957776
PROGRESS    Completed epoch 273 / 2000;    current loss: 281.9258117675781
INFO Gradient norm: 757.700660445725
PROGRESS    Completed epoch 274 / 2000;    current loss: 278.5407409667969
INFO Gradient norm: 752.2927763758528
PROGRESS    Completed epoch 275 / 2000;    current loss: 275.156005859375
INFO Gradient norm: 751.544850942546
PROGRESS    Completed epoch 276 / 2000;    current loss: 271.7733154296875
INFO Gradient norm: 741.4531975648536
PROGRESS    Completed epoch 277 / 2000;    current loss: 268.4388122558594
INFO Gradient norm: 735.7962728587615
PROGRESS    Completed epoch 278 / 2000;    current loss: 265.10504150390625
INFO Gradient norm: 730.2121268681404
PROGRESS    Completed epoch 279 / 2000;    current loss: 261.77783203125
INFO Gradient norm: 724.7066660340844
PROGRESS    Completed epoch 280 / 2000;    current loss: 258.45477294921875
INFO Gradient norm: 721.7894838886926
PROGRESS    Completed epoch 281 / 2000;    current loss: 255.14404296875
INFO Gradient norm: 713.7784300064875
PROGRESS    Completed epoch 282 / 2000;    current loss: 251.8612518310547
INFO Gradient norm: 707.4558599640437
PROGRESS    Completed epoch 283 / 2000;    current loss: 248.58697509765625
INFO Gradient norm: 701.6972093376808
PROGRESS    Completed epoch 284 / 2000;    current loss: 245.33322143554688
INFO Gradient norm: 696.4322568635787
PROGRESS    Completed epoch 285 / 2000;    current loss: 242.0849609375
INFO Gradient norm: 714.9719392212448
PROGRESS    Completed epoch 286 / 2000;    current loss: 238.83297729492188
INFO Gradient norm: 690.5628527223605
PROGRESS    Completed epoch 287 / 2000;    current loss: 235.63070678710938
INFO Gradient norm: 1035.168151101393
PROGRESS    Completed epoch 288 / 2000;    current loss: 232.40118408203125
INFO Gradient norm: 675.0216320679892
PROGRESS    Completed epoch 289 / 2000;    current loss: 229.36868286132812
INFO Gradient norm: 668.9495493466562
PROGRESS    Completed epoch 290 / 2000;    current loss: 226.30142211914062
INFO Gradient norm: 752.9562041858459
PROGRESS    Completed epoch 291 / 2000;    current loss: 223.2062530517578
INFO Gradient norm: 655.4735433103039
PROGRESS    Completed epoch 292 / 2000;    current loss: 220.19798278808594
INFO Gradient norm: 649.4576121850184
PROGRESS    Completed epoch 293 / 2000;    current loss: 217.16162109375
INFO Gradient norm: 643.543467249105
PROGRESS    Completed epoch 294 / 2000;    current loss: 214.12307739257812
INFO Gradient norm: 638.1882310214093
PROGRESS    Completed epoch 295 / 2000;    current loss: 211.0868682861328
INFO Gradient norm: 638.548315752768
PROGRESS    Completed epoch 296 / 2000;    current loss: 208.06044006347656
INFO Gradient norm: 626.770927857795
PROGRESS    Completed epoch 297 / 2000;    current loss: 205.0714569091797
INFO Gradient norm: 622.3796783696703
PROGRESS    Completed epoch 298 / 2000;    current loss: 202.07872009277344
INFO Gradient norm: 637.2287019533654
PROGRESS    Completed epoch 299 / 2000;    current loss: 199.08734130859375
INFO Gradient norm: 624.5159142351309
PROGRESS    Completed epoch 300 / 2000;    current loss: 196.1374969482422
INFO Gradient norm: 610.5085698317057
PROGRESS    Completed epoch 301 / 2000;    current loss: 193.2029266357422
INFO Gradient norm: 624.234518696611
PROGRESS    Completed epoch 302 / 2000;    current loss: 190.27011108398438
INFO Gradient norm: 589.7955833019082
PROGRESS    Completed epoch 303 / 2000;    current loss: 187.4008026123047
INFO Gradient norm: 582.9388398879648
PROGRESS    Completed epoch 304 / 2000;    current loss: 184.53057861328125
INFO Gradient norm: 581.9399073153952
PROGRESS    Completed epoch 305 / 2000;    current loss: 181.66030883789062
INFO Gradient norm: 572.5109035020324
PROGRESS    Completed epoch 306 / 2000;    current loss: 178.82125854492188
INFO Gradient norm: 564.4548457985502
PROGRESS    Completed epoch 307 / 2000;    current loss: 175.99981689453125
INFO Gradient norm: 562.4151038443289
PROGRESS    Completed epoch 308 / 2000;    current loss: 173.19400024414062
INFO Gradient norm: 553.6541778892678
PROGRESS    Completed epoch 309 / 2000;    current loss: 170.41806030273438
INFO Gradient norm: 545.1680431708903
PROGRESS    Completed epoch 310 / 2000;    current loss: 167.6664581298828
INFO Gradient norm: 549.0105115631767
PROGRESS    Completed epoch 311 / 2000;    current loss: 164.92369079589844
INFO Gradient norm: 533.3598986531139
PROGRESS    Completed epoch 312 / 2000;    current loss: 162.22244262695312
INFO Gradient norm: 525.7874784024183
PROGRESS    Completed epoch 313 / 2000;    current loss: 159.541259765625
INFO Gradient norm: 523.9181340505378
PROGRESS    Completed epoch 314 / 2000;    current loss: 156.87167358398438
INFO Gradient norm: 514.9540197457952
PROGRESS    Completed epoch 315 / 2000;    current loss: 154.23318481445312
INFO Gradient norm: 506.1364850372917
PROGRESS    Completed epoch 316 / 2000;    current loss: 151.62461853027344
INFO Gradient norm: 508.23001203078616
PROGRESS    Completed epoch 317 / 2000;    current loss: 149.0247039794922
INFO Gradient norm: 494.9525443622465
PROGRESS    Completed epoch 318 / 2000;    current loss: 146.46755981445312
INFO Gradient norm: 486.74309829484827
PROGRESS    Completed epoch 319 / 2000;    current loss: 143.9347381591797
INFO Gradient norm: 495.61913024884336
PROGRESS    Completed epoch 320 / 2000;    current loss: 141.40870666503906
INFO Gradient norm: 472.71642722797725
PROGRESS    Completed epoch 321 / 2000;    current loss: 138.94393920898438
INFO Gradient norm: 465.45357326753015
PROGRESS    Completed epoch 322 / 2000;    current loss: 136.49542236328125
INFO Gradient norm: 459.0311127971068
PROGRESS    Completed epoch 323 / 2000;    current loss: 134.06454467773438
INFO Gradient norm: 548.0188643551612
PROGRESS    Completed epoch 324 / 2000;    current loss: 131.62921142578125
INFO Gradient norm: 445.5234048876279
PROGRESS    Completed epoch 325 / 2000;    current loss: 129.30245971679688
INFO Gradient norm: 438.5479586224907
PROGRESS    Completed epoch 326 / 2000;    current loss: 126.9647216796875
INFO Gradient norm: 431.77214379848056
PROGRESS    Completed epoch 327 / 2000;    current loss: 124.64729309082031
INFO Gradient norm: 425.1865294574252
PROGRESS    Completed epoch 328 / 2000;    current loss: 122.3622817993164
INFO Gradient norm: 467.5006282394525
PROGRESS    Completed epoch 329 / 2000;    current loss: 120.0728530883789
INFO Gradient norm: 411.4083354002336
PROGRESS    Completed epoch 330 / 2000;    current loss: 117.87236785888672
INFO Gradient norm: 404.7112422982789
PROGRESS    Completed epoch 331 / 2000;    current loss: 115.67184448242188
INFO Gradient norm: 398.1494691766643
PROGRESS    Completed epoch 332 / 2000;    current loss: 113.49600982666016
INFO Gradient norm: 391.56074146677247
PROGRESS    Completed epoch 333 / 2000;    current loss: 111.33894348144531
INFO Gradient norm: 384.9344576505614
PROGRESS    Completed epoch 334 / 2000;    current loss: 109.20217895507812
INFO Gradient norm: 378.2990938366877
PROGRESS    Completed epoch 335 / 2000;    current loss: 107.09868621826172
INFO Gradient norm: 371.69585000840516
PROGRESS    Completed epoch 336 / 2000;    current loss: 105.015625
INFO Gradient norm: 365.08583610368254
PROGRESS    Completed epoch 337 / 2000;    current loss: 102.9529037475586
INFO Gradient norm: 358.53316787915264
PROGRESS    Completed epoch 338 / 2000;    current loss: 100.91385650634766
INFO Gradient norm: 351.9818419190276
PROGRESS    Completed epoch 339 / 2000;    current loss: 98.90603637695312
INFO Gradient norm: 345.4369838343724
PROGRESS    Completed epoch 340 / 2000;    current loss: 96.92169952392578
INFO Gradient norm: 338.87618756800583
PROGRESS    Completed epoch 341 / 2000;    current loss: 94.96581268310547
INFO Gradient norm: 332.3907450267914
PROGRESS    Completed epoch 342 / 2000;    current loss: 93.03450775146484
INFO Gradient norm: 325.9899502566551
PROGRESS    Completed epoch 343 / 2000;    current loss: 91.12913513183594
INFO Gradient norm: 319.5801416399951
PROGRESS    Completed epoch 344 / 2000;    current loss: 89.25015258789062
INFO Gradient norm: 313.14892540494367
PROGRESS    Completed epoch 345 / 2000;    current loss: 87.3955078125
INFO Gradient norm: 306.8959621952919
PROGRESS    Completed epoch 346 / 2000;    current loss: 85.56952667236328
INFO Gradient norm: 300.58445108040263
PROGRESS    Completed epoch 347 / 2000;    current loss: 83.76808166503906
INFO Gradient norm: 294.48292987373003
PROGRESS    Completed epoch 348 / 2000;    current loss: 81.99296569824219
INFO Gradient norm: 288.39677865745176
PROGRESS    Completed epoch 349 / 2000;    current loss: 80.24007415771484
INFO Gradient norm: 282.355417801396
PROGRESS    Completed epoch 350 / 2000;    current loss: 78.5123062133789
INFO Gradient norm: 276.4735061546358
PROGRESS    Completed epoch 351 / 2000;    current loss: 76.80574798583984
INFO Gradient norm: 270.7782158836034
PROGRESS    Completed epoch 352 / 2000;    current loss: 75.12313079833984
INFO Gradient norm: 265.14404050707043
PROGRESS    Completed epoch 353 / 2000;    current loss: 73.46222686767578
INFO Gradient norm: 259.63024223015753
PROGRESS    Completed epoch 354 / 2000;    current loss: 71.81798553466797
INFO Gradient norm: 254.22831813208154
PROGRESS    Completed epoch 355 / 2000;    current loss: 70.19938659667969
INFO Gradient norm: 249.04557839306895
PROGRESS    Completed epoch 356 / 2000;    current loss: 68.5958480834961
INFO Gradient norm: 244.0082641993047
PROGRESS    Completed epoch 357 / 2000;    current loss: 67.00942993164062
INFO Gradient norm: 239.3100383559718
PROGRESS    Completed epoch 358 / 2000;    current loss: 65.44560241699219
INFO Gradient norm: 234.7599527183955
PROGRESS    Completed epoch 359 / 2000;    current loss: 63.896202087402344
INFO Gradient norm: 230.44980274642847
PROGRESS    Completed epoch 360 / 2000;    current loss: 62.35845184326172
INFO Gradient norm: 226.40694886458184
PROGRESS    Completed epoch 361 / 2000;    current loss: 60.829856872558594
INFO Gradient norm: 222.6280613456173
PROGRESS    Completed epoch 362 / 2000;    current loss: 59.32018280029297
INFO Gradient norm: 219.24888377670715
PROGRESS    Completed epoch 363 / 2000;    current loss: 57.8193359375
INFO Gradient norm: 216.14111708502355
PROGRESS    Completed epoch 364 / 2000;    current loss: 56.320953369140625
INFO Gradient norm: 213.30593127506617
PROGRESS    Completed epoch 365 / 2000;    current loss: 54.828670501708984
INFO Gradient norm: 210.95031145174596
PROGRESS    Completed epoch 366 / 2000;    current loss: 53.34397888183594
INFO Gradient norm: 208.76561720984046
PROGRESS    Completed epoch 367 / 2000;    current loss: 51.86252212524414
INFO Gradient norm: 206.7800842765699
PROGRESS    Completed epoch 368 / 2000;    current loss: 50.38197708129883
INFO Gradient norm: 204.8296992867269
PROGRESS    Completed epoch 369 / 2000;    current loss: 48.90823745727539
INFO Gradient norm: 203.21737999296104
PROGRESS    Completed epoch 370 / 2000;    current loss: 47.440128326416016
INFO Gradient norm: 201.67391274896036
PROGRESS    Completed epoch 371 / 2000;    current loss: 45.971839904785156
INFO Gradient norm: 200.45348840987336
PROGRESS    Completed epoch 372 / 2000;    current loss: 44.51274490356445
INFO Gradient norm: 199.0146295513816
PROGRESS    Completed epoch 373 / 2000;    current loss: 43.06425857543945
INFO Gradient norm: 197.2254645229465
PROGRESS    Completed epoch 374 / 2000;    current loss: 41.63450622558594
INFO Gradient norm: 195.73106847447403
PROGRESS    Completed epoch 375 / 2000;    current loss: 40.2218017578125
INFO Gradient norm: 194.1774274816862
PROGRESS    Completed epoch 376 / 2000;    current loss: 38.820213317871094
INFO Gradient norm: 193.6993445893436
PROGRESS    Completed epoch 377 / 2000;    current loss: 37.48173522949219
INFO Gradient norm: 193.09869416857765
PROGRESS    Completed epoch 378 / 2000;    current loss: 36.168701171875
INFO Gradient norm: 192.882284689518
PROGRESS    Completed epoch 379 / 2000;    current loss: 34.88181686401367
INFO Gradient norm: 194.18063353326343
PROGRESS    Completed epoch 380 / 2000;    current loss: 33.68219757080078
INFO Gradient norm: 197.83975841409773
PROGRESS    Completed epoch 381 / 2000;    current loss: 32.551570892333984
INFO Gradient norm: 201.53820868875468
PROGRESS    Completed epoch 382 / 2000;    current loss: 31.44321632385254
INFO Gradient norm: 205.62763983243593
PROGRESS    Completed epoch 383 / 2000;    current loss: 30.363725662231445
INFO Gradient norm: 211.11614146129097
PROGRESS    Completed epoch 384 / 2000;    current loss: 29.356801986694336
INFO Gradient norm: 213.68519274785467
PROGRESS    Completed epoch 385 / 2000;    current loss: 28.339000701904297
INFO Gradient norm: 214.5812028930656
PROGRESS    Completed epoch 386 / 2000;    current loss: 27.332056045532227
INFO Gradient norm: 214.29778660528675
PROGRESS    Completed epoch 387 / 2000;    current loss: 26.33931541442871
INFO Gradient norm: 209.77520303305525
PROGRESS    Completed epoch 388 / 2000;    current loss: 25.298648834228516
INFO Gradient norm: 206.1831291562834
PROGRESS    Completed epoch 389 / 2000;    current loss: 24.311325073242188
INFO Gradient norm: 199.91895749663985
PROGRESS    Completed epoch 390 / 2000;    current loss: 23.28965950012207
INFO Gradient norm: 191.53310833362042
PROGRESS    Completed epoch 391 / 2000;    current loss: 22.23826026916504
INFO Gradient norm: 186.31882343634328
PROGRESS    Completed epoch 392 / 2000;    current loss: 21.26609992980957
INFO Gradient norm: 180.73705159755627
PROGRESS    Completed epoch 393 / 2000;    current loss: 20.292858123779297
INFO Gradient norm: 174.88914075306886
PROGRESS    Completed epoch 394 / 2000;    current loss: 19.30837059020996
INFO Gradient norm: 171.29182583611572
PROGRESS    Completed epoch 395 / 2000;    current loss: 18.342164993286133
INFO Gradient norm: 169.35193961850075
PROGRESS    Completed epoch 396 / 2000;    current loss: 17.41263771057129
INFO Gradient norm: 166.84369533232584
PROGRESS    Completed epoch 397 / 2000;    current loss: 16.465972900390625
INFO Gradient norm: 165.015511035544
PROGRESS    Completed epoch 398 / 2000;    current loss: 15.54587173461914
INFO Gradient norm: 161.98944060151115
PROGRESS    Completed epoch 399 / 2000;    current loss: 14.633406639099121
INFO Gradient norm: 158.05878050479805
PROGRESS    Completed epoch 400 / 2000;    current loss: 13.729833602905273
INFO Gradient norm: 154.04661502882996
PROGRESS    Completed epoch 401 / 2000;    current loss: 12.885379791259766
INFO Gradient norm: 148.5131124470682
PROGRESS    Completed epoch 402 / 2000;    current loss: 12.050419807434082
INFO Gradient norm: 141.3661845438882
PROGRESS    Completed epoch 403 / 2000;    current loss: 11.229901313781738
INFO Gradient norm: 134.9582753205193
PROGRESS    Completed epoch 404 / 2000;    current loss: 10.487382888793945
INFO Gradient norm: 128.40257101001046
PROGRESS    Completed epoch 405 / 2000;    current loss: 9.78281307220459
INFO Gradient norm: 123.30533902745226
PROGRESS    Completed epoch 406 / 2000;    current loss: 9.116747856140137
INFO Gradient norm: 124.63159115662589
PROGRESS    Completed epoch 407 / 2000;    current loss: 8.530646324157715
INFO Gradient norm: 128.53878075142745
PROGRESS    Completed epoch 408 / 2000;    current loss: 8.019611358642578
INFO Gradient norm: 125.752046056507
PROGRESS    Completed epoch 409 / 2000;    current loss: 7.508485794067383
INFO Gradient norm: 114.92077199524627
PROGRESS    Completed epoch 410 / 2000;    current loss: 7.022617340087891
INFO Gradient norm: 96.2535734957934
PROGRESS    Completed epoch 411 / 2000;    current loss: 6.550994396209717
INFO Gradient norm: 79.62341816047517
PROGRESS    Completed epoch 412 / 2000;    current loss: 6.126184940338135
INFO Gradient norm: 75.90135191300486
PROGRESS    Completed epoch 413 / 2000;    current loss: 5.759067058563232
INFO Gradient norm: 75.70107767174376
PROGRESS    Completed epoch 414 / 2000;    current loss: 5.415605068206787
INFO Gradient norm: 69.74067466001222
PROGRESS    Completed epoch 415 / 2000;    current loss: 5.081479549407959
INFO Gradient norm: 60.80777414443009
PROGRESS    Completed epoch 416 / 2000;    current loss: 4.766925811767578
INFO Gradient norm: 69.28593875334556
PROGRESS    Completed epoch 417 / 2000;    current loss: 4.492759704589844
INFO Gradient norm: 78.9538859919604
PROGRESS    Completed epoch 418 / 2000;    current loss: 4.244717597961426
INFO Gradient norm: 69.04580286423977
PROGRESS    Completed epoch 419 / 2000;    current loss: 3.9946892261505127
INFO Gradient norm: 47.711086615698996
PROGRESS    Completed epoch 420 / 2000;    current loss: 3.7579474449157715
INFO Gradient norm: 56.286700913724445
PROGRESS    Completed epoch 421 / 2000;    current loss: 3.5667378902435303
INFO Gradient norm: 61.79892784411196
PROGRESS    Completed epoch 422 / 2000;    current loss: 3.383845329284668
INFO Gradient norm: 46.55947524980031
PROGRESS    Completed epoch 423 / 2000;    current loss: 3.1877126693725586
INFO Gradient norm: 41.868401034380085
PROGRESS    Completed epoch 424 / 2000;    current loss: 3.0111639499664307
INFO Gradient norm: 61.83135531473139
PROGRESS    Completed epoch 425 / 2000;    current loss: 2.866702079772949
INFO Gradient norm: 51.34764082077338
PROGRESS    Completed epoch 426 / 2000;    current loss: 2.7164111137390137
INFO Gradient norm: 28.06109282651911
PROGRESS    Completed epoch 427 / 2000;    current loss: 2.5732264518737793
INFO Gradient norm: 36.16865797565193
PROGRESS    Completed epoch 428 / 2000;    current loss: 2.453892707824707
INFO Gradient norm: 26.439506042126364
PROGRESS    Completed epoch 429 / 2000;    current loss: 2.333289861679077
INFO Gradient norm: 40.39789537368659
PROGRESS    Completed epoch 430 / 2000;    current loss: 2.2300620079040527
INFO Gradient norm: 49.316185967381436
PROGRESS    Completed epoch 431 / 2000;    current loss: 2.135155200958252
INFO Gradient norm: 28.604359076414035
PROGRESS    Completed epoch 432 / 2000;    current loss: 2.037372350692749
INFO Gradient norm: 26.813897076026773
PROGRESS    Completed epoch 433 / 2000;    current loss: 1.955488920211792
INFO Gradient norm: 24.693629325338755
PROGRESS    Completed epoch 434 / 2000;    current loss: 1.8780667781829834
INFO Gradient norm: 24.16294803610432
PROGRESS    Completed epoch 435 / 2000;    current loss: 1.8060799837112427
INFO Gradient norm: 31.54151005196571
PROGRESS    Completed epoch 436 / 2000;    current loss: 1.7424635887145996
INFO Gradient norm: 14.604117911812912
PROGRESS    Completed epoch 437 / 2000;    current loss: 1.675953984260559
INFO Gradient norm: 22.082629484638897
PROGRESS    Completed epoch 438 / 2000;    current loss: 1.6222606897354126
INFO Gradient norm: 10.42145054514813
PROGRESS    Completed epoch 439 / 2000;    current loss: 1.5686601400375366
INFO Gradient norm: 42.54787901629582
PROGRESS    Completed epoch 440 / 2000;    current loss: 1.5355894565582275
INFO Gradient norm: 37.06069756152921
PROGRESS    Completed epoch 441 / 2000;    current loss: 1.4963101148605347
INFO Gradient norm: 12.876056002516583
PROGRESS    Completed epoch 442 / 2000;    current loss: 1.4584739208221436
INFO Gradient norm: 18.586262052573616
PROGRESS    Completed epoch 443 / 2000;    current loss: 1.432390809059143
INFO Gradient norm: 17.816488570702443
PROGRESS    Completed epoch 444 / 2000;    current loss: 1.4077017307281494
INFO Gradient norm: 25.02775145241574
PROGRESS    Completed epoch 445 / 2000;    current loss: 1.3886337280273438
INFO Gradient norm: 10.480339711322689
PROGRESS    Completed epoch 446 / 2000;    current loss: 1.3679757118225098
INFO Gradient norm: 7.770158409284408
PROGRESS    Completed epoch 447 / 2000;    current loss: 1.3511658906936646
INFO Gradient norm: 38.5290803269993
PROGRESS    Completed epoch 448 / 2000;    current loss: 1.3506605625152588
INFO Gradient norm: 32.30620157910103
PROGRESS    Completed epoch 449 / 2000;    current loss: 1.3386119604110718
INFO Gradient norm: 16.02009383932271
PROGRESS    Completed epoch 450 / 2000;    current loss: 1.3262381553649902
INFO Gradient norm: 17.039418815956296
PROGRESS    Completed epoch 451 / 2000;    current loss: 1.320300817489624
INFO Gradient norm: 22.434140867252367
PROGRESS    Completed epoch 452 / 2000;    current loss: 1.31562077999115
INFO Gradient norm: 14.483790096332191
PROGRESS    Completed epoch 453 / 2000;    current loss: 1.3082823753356934
INFO Gradient norm: 25.996065779987564
PROGRESS    Completed epoch 454 / 2000;    current loss: 1.310305118560791
INFO Gradient norm: 12.90963646414102
PROGRESS    Completed epoch 455 / 2000;    current loss: 1.304137945175171
INFO Gradient norm: 34.220636355937216
PROGRESS    Completed epoch 456 / 2000;    current loss: 1.3108042478561401
INFO Gradient norm: 31.957689885636032
PROGRESS    Completed epoch 457 / 2000;    current loss: 1.3074167966842651
INFO Gradient norm: 11.78102717947987
PROGRESS    Completed epoch 458 / 2000;    current loss: 1.296932578086853
INFO Gradient norm: 14.559848767438057
PROGRESS    Completed epoch 459 / 2000;    current loss: 1.293737769126892
INFO Gradient norm: 22.531826098910425
PROGRESS    Completed epoch 460 / 2000;    current loss: 1.2927942276000977
INFO Gradient norm: 21.289798773537218
PROGRESS    Completed epoch 461 / 2000;    current loss: 1.2919855117797852
INFO Gradient norm: 19.85484110385826
PROGRESS    Completed epoch 462 / 2000;    current loss: 1.2904810905456543
INFO Gradient norm: 16.777250507686485
PROGRESS    Completed epoch 463 / 2000;    current loss: 1.2876231670379639
INFO Gradient norm: 21.49076455741783
PROGRESS    Completed epoch 464 / 2000;    current loss: 1.2861806154251099
INFO Gradient norm: 20.22758894382895
PROGRESS    Completed epoch 465 / 2000;    current loss: 1.284881591796875
INFO Gradient norm: 16.52834533643463
PROGRESS    Completed epoch 466 / 2000;    current loss: 1.2832809686660767
INFO Gradient norm: 13.394165904062342
PROGRESS    Completed epoch 467 / 2000;    current loss: 1.2802320718765259
INFO Gradient norm: 25.175472002235107
PROGRESS    Completed epoch 468 / 2000;    current loss: 1.281724214553833
INFO Gradient norm: 22.502484309994788
PROGRESS    Completed epoch 469 / 2000;    current loss: 1.2793468236923218
INFO Gradient norm: 16.6802402412195
PROGRESS    Completed epoch 470 / 2000;    current loss: 1.2764899730682373
INFO Gradient norm: 12.777176860979763
PROGRESS    Completed epoch 471 / 2000;    current loss: 1.2741848230361938
INFO Gradient norm: 24.25922697752907
PROGRESS    Completed epoch 472 / 2000;    current loss: 1.2756247520446777
INFO Gradient norm: 20.880239932882468
PROGRESS    Completed epoch 473 / 2000;    current loss: 1.273191213607788
INFO Gradient norm: 17.518834627596778
PROGRESS    Completed epoch 474 / 2000;    current loss: 1.2713600397109985
INFO Gradient norm: 13.236434090017054
PROGRESS    Completed epoch 475 / 2000;    current loss: 1.2689476013183594
INFO Gradient norm: 23.58922778548261
PROGRESS    Completed epoch 476 / 2000;    current loss: 1.2699757814407349
INFO Gradient norm: 24.61938451543001
PROGRESS    Completed epoch 477 / 2000;    current loss: 1.2712020874023438
INFO Gradient norm: 13.205898591742589
PROGRESS    Completed epoch 478 / 2000;    current loss: 1.266528606414795
INFO Gradient norm: 12.983909130965742
PROGRESS    Completed epoch 479 / 2000;    current loss: 1.2643154859542847
INFO Gradient norm: 21.129212693089244
PROGRESS    Completed epoch 480 / 2000;    current loss: 1.2640268802642822
INFO Gradient norm: 17.612164194843807
PROGRESS    Completed epoch 481 / 2000;    current loss: 1.2616949081420898
INFO Gradient norm: 20.51804160061417
PROGRESS    Completed epoch 482 / 2000;    current loss: 1.2621870040893555
INFO Gradient norm: 13.060601972037105
PROGRESS    Completed epoch 483 / 2000;    current loss: 1.2596262693405151
INFO Gradient norm: 25.627931764616733
PROGRESS    Completed epoch 484 / 2000;    current loss: 1.2628647089004517
INFO Gradient norm: 20.0080043549852
PROGRESS    Completed epoch 485 / 2000;    current loss: 1.2579350471496582
INFO Gradient norm: 17.692249456629746
PROGRESS    Completed epoch 486 / 2000;    current loss: 1.2560017108917236
INFO Gradient norm: 9.171645383201872
PROGRESS    Completed epoch 487 / 2000;    current loss: 1.2539777755737305
INFO Gradient norm: 27.484870990293587
PROGRESS    Completed epoch 488 / 2000;    current loss: 1.2594224214553833
INFO Gradient norm: 18.954157129881782
PROGRESS    Completed epoch 489 / 2000;    current loss: 1.2531567811965942
INFO Gradient norm: 25.2070945813996
PROGRESS    Completed epoch 490 / 2000;    current loss: 1.2540007829666138
INFO Gradient norm: 23.734047475919198
PROGRESS    Completed epoch 491 / 2000;    current loss: 1.2515790462493896
INFO Gradient norm: 17.481704869534255
PROGRESS    Completed epoch 492 / 2000;    current loss: 1.2474461793899536
INFO Gradient norm: 16.698478600197046
PROGRESS    Completed epoch 493 / 2000;    current loss: 1.2457730770111084
INFO Gradient norm: 19.581032949705612
PROGRESS    Completed epoch 494 / 2000;    current loss: 1.2455811500549316
INFO Gradient norm: 13.302385131735129
PROGRESS    Completed epoch 495 / 2000;    current loss: 1.2416815757751465
INFO Gradient norm: 26.532942999616054
PROGRESS    Completed epoch 496 / 2000;    current loss: 1.2445350885391235
INFO Gradient norm: 25.412743262892423
PROGRESS    Completed epoch 497 / 2000;    current loss: 1.242492914199829
INFO Gradient norm: 11.325292875885927
PROGRESS    Completed epoch 498 / 2000;    current loss: 1.2365758419036865
INFO Gradient norm: 7.955253212431711
PROGRESS    Completed epoch 499 / 2000;    current loss: 1.2346289157867432
INFO Gradient norm: 24.81115361952928
PROGRESS    Completed epoch 500 / 2000;    current loss: 1.237854242324829
INFO Gradient norm: 19.25939647947727
PROGRESS    Completed epoch 501 / 2000;    current loss: 1.234418272972107
INFO Gradient norm: 19.503278938213512
PROGRESS    Completed epoch 502 / 2000;    current loss: 1.2339422702789307
INFO Gradient norm: 13.552362329447007
PROGRESS    Completed epoch 503 / 2000;    current loss: 1.2315757274627686
INFO Gradient norm: 23.4073715335158
PROGRESS    Completed epoch 504 / 2000;    current loss: 1.2341585159301758
INFO Gradient norm: 17.779701761759533
PROGRESS    Completed epoch 505 / 2000;    current loss: 1.229830026626587
INFO Gradient norm: 22.232421019591158
PROGRESS    Completed epoch 506 / 2000;    current loss: 1.229836106300354
INFO Gradient norm: 12.41732468794445
PROGRESS    Completed epoch 507 / 2000;    current loss: 1.2267889976501465
INFO Gradient norm: 26.205670899855583
PROGRESS    Completed epoch 508 / 2000;    current loss: 1.2318487167358398
INFO Gradient norm: 22.584316398838464
PROGRESS    Completed epoch 509 / 2000;    current loss: 1.228413462638855
INFO Gradient norm: 15.986793689649891
PROGRESS    Completed epoch 510 / 2000;    current loss: 1.2235466241836548
INFO Gradient norm: 16.09855523479055
PROGRESS    Completed epoch 511 / 2000;    current loss: 1.2210105657577515
INFO Gradient norm: 18.822168529129907
PROGRESS    Completed epoch 512 / 2000;    current loss: 1.2195796966552734
INFO Gradient norm: 16.868392801886582
PROGRESS    Completed epoch 513 / 2000;    current loss: 1.2174873352050781
INFO Gradient norm: 14.643788992730343
PROGRESS    Completed epoch 514 / 2000;    current loss: 1.2164716720581055
INFO Gradient norm: 8.49222042171727
PROGRESS    Completed epoch 515 / 2000;    current loss: 1.2139365673065186
INFO Gradient norm: 23.750416227555693
PROGRESS    Completed epoch 516 / 2000;    current loss: 1.216759443283081
INFO Gradient norm: 19.153156075416085
PROGRESS    Completed epoch 517 / 2000;    current loss: 1.2133429050445557
INFO Gradient norm: 15.306877436190703
PROGRESS    Completed epoch 518 / 2000;    current loss: 1.2115343809127808
INFO Gradient norm: 12.106531791724375
PROGRESS    Completed epoch 519 / 2000;    current loss: 1.2093868255615234
INFO Gradient norm: 19.899153052702665
PROGRESS    Completed epoch 520 / 2000;    current loss: 1.20952570438385
INFO Gradient norm: 16.199523136948844
PROGRESS    Completed epoch 521 / 2000;    current loss: 1.2063727378845215
INFO Gradient norm: 16.521173855045134
PROGRESS    Completed epoch 522 / 2000;    current loss: 1.206108808517456
INFO Gradient norm: 10.402695422227286
PROGRESS    Completed epoch 523 / 2000;    current loss: 1.2034201622009277
INFO Gradient norm: 22.958632697710453
PROGRESS    Completed epoch 524 / 2000;    current loss: 1.2058615684509277
INFO Gradient norm: 15.956259744616041
PROGRESS    Completed epoch 525 / 2000;    current loss: 1.2002365589141846
INFO Gradient norm: 11.8353565212294
PROGRESS    Completed epoch 526 / 2000;    current loss: 1.2002323865890503
INFO Gradient norm: 7.180852701770717
PROGRESS    Completed epoch 527 / 2000;    current loss: 1.198718547821045
INFO Gradient norm: 20.90229612837678
PROGRESS    Completed epoch 528 / 2000;    current loss: 1.200706124305725
INFO Gradient norm: 10.517560006836618
PROGRESS    Completed epoch 529 / 2000;    current loss: 1.194169282913208
INFO Gradient norm: 24.656871916711175
PROGRESS    Completed epoch 530 / 2000;    current loss: 1.1986514329910278
INFO Gradient norm: 12.272141034083875
PROGRESS    Completed epoch 531 / 2000;    current loss: 1.1936222314834595
INFO Gradient norm: 27.779372030068448
PROGRESS    Completed epoch 532 / 2000;    current loss: 1.2005035877227783
INFO Gradient norm: 26.515312796789893
PROGRESS    Completed epoch 533 / 2000;    current loss: 1.1987025737762451
INFO Gradient norm: 9.917640981737698
PROGRESS    Completed epoch 534 / 2000;    current loss: 1.189849853515625
INFO Gradient norm: 14.22167268700195
PROGRESS    Completed epoch 535 / 2000;    current loss: 1.1881194114685059
INFO Gradient norm: 13.38601748280262
PROGRESS    Completed epoch 536 / 2000;    current loss: 1.1845622062683105
INFO Gradient norm: 5.76127978384642
PROGRESS    Completed epoch 537 / 2000;    current loss: 1.1799427270889282
INFO Gradient norm: 8.677430586345032
PROGRESS    Completed epoch 538 / 2000;    current loss: 1.1803088188171387
INFO Gradient norm: 8.427447261248306
PROGRESS    Completed epoch 539 / 2000;    current loss: 1.179153323173523
INFO Gradient norm: 7.27369557508494
PROGRESS    Completed epoch 540 / 2000;    current loss: 1.17717707157135
INFO Gradient norm: 4.9175798659473875
PROGRESS    Completed epoch 541 / 2000;    current loss: 1.172985315322876
INFO Gradient norm: 10.361357446816317
PROGRESS    Completed epoch 542 / 2000;    current loss: 1.1694607734680176
INFO Gradient norm: 16.581143304274374
PROGRESS    Completed epoch 543 / 2000;    current loss: 1.1700339317321777
INFO Gradient norm: 10.607879098076872
PROGRESS    Completed epoch 544 / 2000;    current loss: 1.1671311855316162
INFO Gradient norm: 24.229156274001387
PROGRESS    Completed epoch 545 / 2000;    current loss: 1.1713123321533203
INFO Gradient norm: 20.389083039140697
PROGRESS    Completed epoch 546 / 2000;    current loss: 1.167670488357544
INFO Gradient norm: 16.0135734865651
PROGRESS    Completed epoch 547 / 2000;    current loss: 1.1648584604263306
INFO Gradient norm: 15.69992741217146
PROGRESS    Completed epoch 548 / 2000;    current loss: 1.1627229452133179
INFO Gradient norm: 15.7759746298362
PROGRESS    Completed epoch 549 / 2000;    current loss: 1.1598100662231445
INFO Gradient norm: 13.28249141425586
PROGRESS    Completed epoch 550 / 2000;    current loss: 1.1557016372680664
INFO Gradient norm: 16.657149593632482
PROGRESS    Completed epoch 551 / 2000;    current loss: 1.1530799865722656
INFO Gradient norm: 11.355442421397699
PROGRESS    Completed epoch 552 / 2000;    current loss: 1.1475913524627686
INFO Gradient norm: 8.350827972635265
PROGRESS    Completed epoch 553 / 2000;    current loss: 1.1477999687194824
INFO Gradient norm: 3.8155154868821133
PROGRESS    Completed epoch 554 / 2000;    current loss: 1.1475180387496948
INFO Gradient norm: 19.38359493907101
PROGRESS    Completed epoch 555 / 2000;    current loss: 1.1503328084945679
INFO Gradient norm: 7.11393661020801
PROGRESS    Completed epoch 556 / 2000;    current loss: 1.1441773176193237
INFO Gradient norm: 26.631889130003252
PROGRESS    Completed epoch 557 / 2000;    current loss: 1.1510987281799316
INFO Gradient norm: 23.4145358078734
PROGRESS    Completed epoch 558 / 2000;    current loss: 1.1464177370071411
INFO Gradient norm: 10.96230478747779
PROGRESS    Completed epoch 559 / 2000;    current loss: 1.137325406074524
INFO Gradient norm: 13.078484616551092
PROGRESS    Completed epoch 560 / 2000;    current loss: 1.1352646350860596
INFO Gradient norm: 7.734085069891534
PROGRESS    Completed epoch 561 / 2000;    current loss: 1.133642554283142
INFO Gradient norm: 3.6770865518683906
PROGRESS    Completed epoch 562 / 2000;    current loss: 1.1317102909088135
INFO Gradient norm: 3.6353357921977265
PROGRESS    Completed epoch 563 / 2000;    current loss: 1.1290652751922607
INFO Gradient norm: 10.225771756268466
PROGRESS    Completed epoch 564 / 2000;    current loss: 1.1260981559753418
INFO Gradient norm: 4.972169160775054
PROGRESS    Completed epoch 565 / 2000;    current loss: 1.123371958732605
INFO Gradient norm: 7.2877551180137505
PROGRESS    Completed epoch 566 / 2000;    current loss: 1.1214416027069092
INFO Gradient norm: 9.824109099759685
PROGRESS    Completed epoch 567 / 2000;    current loss: 1.1187410354614258
INFO Gradient norm: 3.7810028694084354
PROGRESS    Completed epoch 568 / 2000;    current loss: 1.1135543584823608
INFO Gradient norm: 30.683432744830025
PROGRESS    Completed epoch 569 / 2000;    current loss: 1.1241602897644043
INFO Gradient norm: 27.37342589163123
PROGRESS    Completed epoch 570 / 2000;    current loss: 1.1197367906570435
INFO Gradient norm: 7.059538992781372
PROGRESS    Completed epoch 571 / 2000;    current loss: 1.1084519624710083
INFO Gradient norm: 14.288078655463664
PROGRESS    Completed epoch 572 / 2000;    current loss: 1.1076215505599976
INFO Gradient norm: 9.244371936764976
PROGRESS    Completed epoch 573 / 2000;    current loss: 1.102681040763855
INFO Gradient norm: 6.437191722722151
PROGRESS    Completed epoch 574 / 2000;    current loss: 1.0991318225860596
INFO Gradient norm: 10.902578795086598
PROGRESS    Completed epoch 575 / 2000;    current loss: 1.0973503589630127
INFO Gradient norm: 4.562604857153306
PROGRESS    Completed epoch 576 / 2000;    current loss: 1.092451572418213
INFO Gradient norm: 3.2892778947504655
PROGRESS    Completed epoch 577 / 2000;    current loss: 1.0887287855148315
INFO Gradient norm: 8.783605773286077
PROGRESS    Completed epoch 578 / 2000;    current loss: 1.0871284008026123
INFO Gradient norm: 10.547004229585408
PROGRESS    Completed epoch 579 / 2000;    current loss: 1.0848641395568848
INFO Gradient norm: 7.06669634982109
PROGRESS    Completed epoch 580 / 2000;    current loss: 1.0793397426605225
INFO Gradient norm: 18.460858443883993
PROGRESS    Completed epoch 581 / 2000;    current loss: 1.0794577598571777
INFO Gradient norm: 13.829675408058558
PROGRESS    Completed epoch 582 / 2000;    current loss: 1.0735963582992554
INFO Gradient norm: 17.164547876869797
PROGRESS    Completed epoch 583 / 2000;    current loss: 1.0708749294281006
INFO Gradient norm: 15.13638156042386
PROGRESS    Completed epoch 584 / 2000;    current loss: 1.066423773765564
INFO Gradient norm: 13.59524503274674
PROGRESS    Completed epoch 585 / 2000;    current loss: 1.0627789497375488
INFO Gradient norm: 11.112646292567232
PROGRESS    Completed epoch 586 / 2000;    current loss: 1.0584673881530762
INFO Gradient norm: 13.645015780269127
PROGRESS    Completed epoch 587 / 2000;    current loss: 1.0570216178894043
INFO Gradient norm: 5.805244634144028
PROGRESS    Completed epoch 588 / 2000;    current loss: 1.053863763809204
INFO Gradient norm: 18.84515302793712
PROGRESS    Completed epoch 589 / 2000;    current loss: 1.055444359779358
INFO Gradient norm: 10.72769996155174
PROGRESS    Completed epoch 590 / 2000;    current loss: 1.0486165285110474
INFO Gradient norm: 21.754694162755015
PROGRESS    Completed epoch 591 / 2000;    current loss: 1.0514822006225586
INFO Gradient norm: 21.264412149787656
PROGRESS    Completed epoch 592 / 2000;    current loss: 1.0488483905792236
INFO Gradient norm: 8.228325723738228
PROGRESS    Completed epoch 593 / 2000;    current loss: 1.0400739908218384
INFO Gradient norm: 11.837796357153305
PROGRESS    Completed epoch 594 / 2000;    current loss: 1.0380477905273438
INFO Gradient norm: 10.910243297075034
PROGRESS    Completed epoch 595 / 2000;    current loss: 1.035163402557373
INFO Gradient norm: 4.661418762029821
PROGRESS    Completed epoch 596 / 2000;    current loss: 1.0308846235275269
INFO Gradient norm: 20.12428383171417
PROGRESS    Completed epoch 597 / 2000;    current loss: 1.0325289964675903
INFO Gradient norm: 16.59784064088449
PROGRESS    Completed epoch 598 / 2000;    current loss: 1.0282666683197021
INFO Gradient norm: 11.199031838295909
PROGRESS    Completed epoch 599 / 2000;    current loss: 1.0245683193206787
INFO Gradient norm: 8.230966443936863
PROGRESS    Completed epoch 600 / 2000;    current loss: 1.0214124917984009
INFO Gradient norm: 17.894595110373153
PROGRESS    Completed epoch 601 / 2000;    current loss: 1.022186517715454
INFO Gradient norm: 12.240405056365214
PROGRESS    Completed epoch 602 / 2000;    current loss: 1.0173712968826294
INFO Gradient norm: 17.930259318992345
PROGRESS    Completed epoch 603 / 2000;    current loss: 1.0181212425231934
INFO Gradient norm: 16.126142587562434
PROGRESS    Completed epoch 604 / 2000;    current loss: 1.0146318674087524
INFO Gradient norm: 12.72686659676494
PROGRESS    Completed epoch 605 / 2000;    current loss: 1.0101988315582275
INFO Gradient norm: 10.77700878382415
PROGRESS    Completed epoch 606 / 2000;    current loss: 1.007442831993103
INFO Gradient norm: 15.261734773595204
PROGRESS    Completed epoch 607 / 2000;    current loss: 1.0071533918380737
INFO Gradient norm: 10.735224282978036
PROGRESS    Completed epoch 608 / 2000;    current loss: 1.002743124961853
INFO Gradient norm: 18.692603586068476
PROGRESS    Completed epoch 609 / 2000;    current loss: 1.0035805702209473
INFO Gradient norm: 16.74968138656852
PROGRESS    Completed epoch 610 / 2000;    current loss: 1.0002150535583496
INFO Gradient norm: 9.970100057885592
PROGRESS    Completed epoch 611 / 2000;    current loss: 0.9955978393554688
INFO Gradient norm: 4.674115850162678
PROGRESS    Completed epoch 612 / 2000;    current loss: 0.9930475354194641
INFO Gradient norm: 16.47520240693612
PROGRESS    Completed epoch 613 / 2000;    current loss: 0.9935930967330933
INFO Gradient norm: 6.724242302228208
PROGRESS    Completed epoch 614 / 2000;    current loss: 0.9871930480003357
INFO Gradient norm: 20.767726828299253
PROGRESS    Completed epoch 615 / 2000;    current loss: 0.9904060363769531
INFO Gradient norm: 16.669721087317363
PROGRESS    Completed epoch 616 / 2000;    current loss: 0.9843448996543884
INFO Gradient norm: 12.427803474581752
PROGRESS    Completed epoch 617 / 2000;    current loss: 0.9791555404663086
INFO Gradient norm: 12.164235985684053
PROGRESS    Completed epoch 618 / 2000;    current loss: 0.976434051990509
INFO Gradient norm: 12.750921882452564
PROGRESS    Completed epoch 619 / 2000;    current loss: 0.9743669033050537
INFO Gradient norm: 8.060280270545588
PROGRESS    Completed epoch 620 / 2000;    current loss: 0.9699711203575134
INFO Gradient norm: 18.372962367959843
PROGRESS    Completed epoch 621 / 2000;    current loss: 0.9707417488098145
INFO Gradient norm: 14.560655272540581
PROGRESS    Completed epoch 622 / 2000;    current loss: 0.965632438659668
INFO Gradient norm: 8.420416428380026
PROGRESS    Completed epoch 623 / 2000;    current loss: 0.9618924260139465
INFO Gradient norm: 5.34327605479259
PROGRESS    Completed epoch 624 / 2000;    current loss: 0.9590706825256348
INFO Gradient norm: 13.513753838027904
PROGRESS    Completed epoch 625 / 2000;    current loss: 0.9580550789833069
INFO Gradient norm: 5.340659902580629
PROGRESS    Completed epoch 626 / 2000;    current loss: 0.9522170424461365
INFO Gradient norm: 17.338155126755645
PROGRESS    Completed epoch 627 / 2000;    current loss: 0.9525845646858215
INFO Gradient norm: 11.616366859580959
PROGRESS    Completed epoch 628 / 2000;    current loss: 0.9454457759857178
INFO Gradient norm: 17.95798782316638
PROGRESS    Completed epoch 629 / 2000;    current loss: 0.9443206191062927
INFO Gradient norm: 18.150828481425076
PROGRESS    Completed epoch 630 / 2000;    current loss: 0.9409177899360657
INFO Gradient norm: 6.911041417217283
PROGRESS    Completed epoch 631 / 2000;    current loss: 0.9330427646636963
INFO Gradient norm: 8.62210725874265
PROGRESS    Completed epoch 632 / 2000;    current loss: 0.9292382001876831
INFO Gradient norm: 12.346622966561512
PROGRESS    Completed epoch 633 / 2000;    current loss: 0.9256390333175659
INFO Gradient norm: 6.715393353439661
PROGRESS    Completed epoch 634 / 2000;    current loss: 0.9197272062301636
INFO Gradient norm: 13.054462480690814
PROGRESS    Completed epoch 635 / 2000;    current loss: 0.917570173740387
INFO Gradient norm: 3.3257336718514257
PROGRESS    Completed epoch 636 / 2000;    current loss: 0.9104878306388855
INFO Gradient norm: 9.09840734226219
PROGRESS    Completed epoch 637 / 2000;    current loss: 0.9070907831192017
INFO Gradient norm: 6.71693484691254
PROGRESS    Completed epoch 638 / 2000;    current loss: 0.9019951224327087
INFO Gradient norm: 5.291791019126858
PROGRESS    Completed epoch 639 / 2000;    current loss: 0.8951810002326965
INFO Gradient norm: 11.35612124239061
PROGRESS    Completed epoch 640 / 2000;    current loss: 0.8886405825614929
INFO Gradient norm: 3.496056874433671
PROGRESS    Completed epoch 641 / 2000;    current loss: 0.8796838521957397
INFO Gradient norm: 6.801708856504002
PROGRESS    Completed epoch 642 / 2000;    current loss: 0.8738613724708557
INFO Gradient norm: 5.042486943132181
PROGRESS    Completed epoch 643 / 2000;    current loss: 0.8666506409645081
INFO Gradient norm: 4.402133045444963
PROGRESS    Completed epoch 644 / 2000;    current loss: 0.8586900234222412
INFO Gradient norm: 3.70977153438117
PROGRESS    Completed epoch 645 / 2000;    current loss: 0.850360095500946
INFO Gradient norm: 3.554447863864193
PROGRESS    Completed epoch 646 / 2000;    current loss: 0.8410618305206299
INFO Gradient norm: 4.595024982960798
PROGRESS    Completed epoch 647 / 2000;    current loss: 0.8314969539642334
INFO Gradient norm: 8.256836516715198
PROGRESS    Completed epoch 648 / 2000;    current loss: 0.8221549391746521
INFO Gradient norm: 4.360786779965275
PROGRESS    Completed epoch 649 / 2000;    current loss: 0.8126910924911499
INFO Gradient norm: 4.705909908088135
PROGRESS    Completed epoch 650 / 2000;    current loss: 0.8030340671539307
INFO Gradient norm: 8.630746104991825
PROGRESS    Completed epoch 651 / 2000;    current loss: 0.7936500310897827
INFO Gradient norm: 3.811427586739361
PROGRESS    Completed epoch 652 / 2000;    current loss: 0.7834559679031372
INFO Gradient norm: 12.83221879305936
PROGRESS    Completed epoch 653 / 2000;    current loss: 0.777495265007019
INFO Gradient norm: 4.608611650874004
PROGRESS    Completed epoch 654 / 2000;    current loss: 0.7659838199615479
INFO Gradient norm: 19.099837474194988
PROGRESS    Completed epoch 655 / 2000;    current loss: 0.7637636661529541
INFO Gradient norm: 16.172342245026318
PROGRESS    Completed epoch 656 / 2000;    current loss: 0.7540403008460999
INFO Gradient norm: 8.264953498841061
PROGRESS    Completed epoch 657 / 2000;    current loss: 0.7439490556716919
INFO Gradient norm: 9.42624429862388
PROGRESS    Completed epoch 658 / 2000;    current loss: 0.7378341555595398
INFO Gradient norm: 10.556017804031596
PROGRESS    Completed epoch 659 / 2000;    current loss: 0.7314929962158203
INFO Gradient norm: 7.404975619153573
PROGRESS    Completed epoch 660 / 2000;    current loss: 0.724740207195282
INFO Gradient norm: 9.871475834020426
PROGRESS    Completed epoch 661 / 2000;    current loss: 0.7196075916290283
INFO Gradient norm: 4.4437799850967545
PROGRESS    Completed epoch 662 / 2000;    current loss: 0.7116002440452576
INFO Gradient norm: 11.208581279159956
PROGRESS    Completed epoch 663 / 2000;    current loss: 0.7067091464996338
INFO Gradient norm: 4.094372149683137
PROGRESS    Completed epoch 664 / 2000;    current loss: 0.698645293712616
INFO Gradient norm: 12.466430918989316
PROGRESS    Completed epoch 665 / 2000;    current loss: 0.6951042413711548
INFO Gradient norm: 5.947083974201199
PROGRESS    Completed epoch 666 / 2000;    current loss: 0.6862894296646118
INFO Gradient norm: 15.906596695742568
PROGRESS    Completed epoch 667 / 2000;    current loss: 0.6844003200531006
INFO Gradient norm: 13.292664162329705
PROGRESS    Completed epoch 668 / 2000;    current loss: 0.6767132878303528
INFO Gradient norm: 9.298955128774171
PROGRESS    Completed epoch 669 / 2000;    current loss: 0.6692181825637817
INFO Gradient norm: 11.248822300819663
PROGRESS    Completed epoch 670 / 2000;    current loss: 0.6643393039703369
INFO Gradient norm: 5.936623751301588
PROGRESS    Completed epoch 671 / 2000;    current loss: 0.656799852848053
INFO Gradient norm: 4.834206479704183
PROGRESS    Completed epoch 672 / 2000;    current loss: 0.6512574553489685
INFO Gradient norm: 9.330034964137374
PROGRESS    Completed epoch 673 / 2000;    current loss: 0.6473075151443481
INFO Gradient norm: 4.122638913001426
PROGRESS    Completed epoch 674 / 2000;    current loss: 0.640336811542511
INFO Gradient norm: 13.077154201655024
PROGRESS    Completed epoch 675 / 2000;    current loss: 0.6379390954971313
INFO Gradient norm: 8.159268475136667
PROGRESS    Completed epoch 676 / 2000;    current loss: 0.6309188604354858
INFO Gradient norm: 3.3250928989718944
PROGRESS    Completed epoch 677 / 2000;    current loss: 0.6303430795669556
INFO Gradient norm: 4.352800314121098
PROGRESS    Completed epoch 678 / 2000;    current loss: 0.6295143961906433
INFO Gradient norm: 7.2088251107104915
PROGRESS    Completed epoch 679 / 2000;    current loss: 0.6279190182685852
INFO Gradient norm: 2.9527537205356746
PROGRESS    Completed epoch 680 / 2000;    current loss: 0.6245667338371277
INFO Gradient norm: 5.183035144948008
PROGRESS    Completed epoch 681 / 2000;    current loss: 0.6213784217834473
INFO Gradient norm: 5.67540391310967
PROGRESS    Completed epoch 682 / 2000;    current loss: 0.6175204515457153
INFO Gradient norm: 3.643964236448187
PROGRESS    Completed epoch 683 / 2000;    current loss: 0.6152257919311523
INFO Gradient norm: 4.656186868399894
PROGRESS    Completed epoch 684 / 2000;    current loss: 0.6140012145042419
INFO Gradient norm: 4.945839136436449
PROGRESS    Completed epoch 685 / 2000;    current loss: 0.6118149757385254
INFO Gradient norm: 5.799259653208784
PROGRESS    Completed epoch 686 / 2000;    current loss: 0.6095253229141235
INFO Gradient norm: 3.5923263286370952
PROGRESS    Completed epoch 687 / 2000;    current loss: 0.6057615280151367
INFO Gradient norm: 6.8028093746931395
PROGRESS    Completed epoch 688 / 2000;    current loss: 0.6047289371490479
INFO Gradient norm: 6.146690294194354
PROGRESS    Completed epoch 689 / 2000;    current loss: 0.603686511516571
INFO Gradient norm: 3.0721843583940305
PROGRESS    Completed epoch 690 / 2000;    current loss: 0.601182758808136
INFO Gradient norm: 8.959529893716837
PROGRESS    Completed epoch 691 / 2000;    current loss: 0.5995281934738159
INFO Gradient norm: 2.8209503342027054
PROGRESS    Completed epoch 692 / 2000;    current loss: 0.5957730412483215
INFO Gradient norm: 3.5277942207913493
PROGRESS    Completed epoch 693 / 2000;    current loss: 0.594286322593689
INFO Gradient norm: 6.702084204578409
PROGRESS    Completed epoch 694 / 2000;    current loss: 0.5927891731262207
INFO Gradient norm: 4.771654046087839
PROGRESS    Completed epoch 695 / 2000;    current loss: 0.5900947451591492
INFO Gradient norm: 2.8201227821350487
PROGRESS    Completed epoch 696 / 2000;    current loss: 0.5881140232086182
INFO Gradient norm: 5.590947284195873
PROGRESS    Completed epoch 697 / 2000;    current loss: 0.5871642231941223
INFO Gradient norm: 7.669150206557287
PROGRESS    Completed epoch 698 / 2000;    current loss: 0.5861285924911499
INFO Gradient norm: 2.540334665763054
PROGRESS    Completed epoch 699 / 2000;    current loss: 0.583101212978363
INFO Gradient norm: 13.568411909319412
PROGRESS    Completed epoch 700 / 2000;    current loss: 0.585313081741333
INFO Gradient norm: 4.270429427642968
PROGRESS    Completed epoch 701 / 2000;    current loss: 0.5809086561203003
INFO Gradient norm: 21.99598721537803
PROGRESS    Completed epoch 702 / 2000;    current loss: 0.5883636474609375
INFO Gradient norm: 19.896549837012657
PROGRESS    Completed epoch 703 / 2000;    current loss: 0.5854176878929138
INFO Gradient norm: 6.8867744734795
PROGRESS    Completed epoch 704 / 2000;    current loss: 0.5780737400054932
INFO Gradient norm: 9.250784673462478
PROGRESS    Completed epoch 705 / 2000;    current loss: 0.5776901245117188
INFO Gradient norm: 11.219891944545887
PROGRESS    Completed epoch 706 / 2000;    current loss: 0.5770050287246704
INFO Gradient norm: 6.770916857463301
PROGRESS    Completed epoch 707 / 2000;    current loss: 0.5740874409675598
INFO Gradient norm: 20.711439892925313
PROGRESS    Completed epoch 708 / 2000;    current loss: 0.5803132653236389
INFO Gradient norm: 19.20107871293893
PROGRESS    Completed epoch 709 / 2000;    current loss: 0.5788034200668335
INFO Gradient norm: 8.201098616506346
PROGRESS    Completed epoch 710 / 2000;    current loss: 0.5727435946464539
INFO Gradient norm: 7.648736355619308
PROGRESS    Completed epoch 711 / 2000;    current loss: 0.5725083351135254
INFO Gradient norm: 13.79011488758223
PROGRESS    Completed epoch 712 / 2000;    current loss: 0.5744207501411438
INFO Gradient norm: 7.534465091428156
PROGRESS    Completed epoch 713 / 2000;    current loss: 0.571333110332489
INFO Gradient norm: 16.718316483428108
PROGRESS    Completed epoch 714 / 2000;    current loss: 0.5752646327018738
INFO Gradient norm: 9.770233990145917
PROGRESS    Completed epoch 715 / 2000;    current loss: 0.5730626583099365
INFO Gradient norm: 18.335817506110782
PROGRESS    Completed epoch 716 / 2000;    current loss: 0.5777336359024048
INFO Gradient norm: 16.2650843151167
PROGRESS    Completed epoch 717 / 2000;    current loss: 0.5764651298522949
INFO Gradient norm: 11.073588861492437
PROGRESS    Completed epoch 718 / 2000;    current loss: 0.5735129117965698
INFO Gradient norm: 11.601575047477311
PROGRESS    Completed epoch 719 / 2000;    current loss: 0.5730264186859131
INFO Gradient norm: 11.095382394330633
PROGRESS    Completed epoch 720 / 2000;    current loss: 0.5720938444137573
INFO Gradient norm: 6.504780814656658
PROGRESS    Completed epoch 721 / 2000;    current loss: 0.5695926547050476
INFO Gradient norm: 18.953919202011363
PROGRESS    Completed epoch 722 / 2000;    current loss: 0.5738271474838257
INFO Gradient norm: 13.693248043227351
PROGRESS    Completed epoch 723 / 2000;    current loss: 0.5702270865440369
INFO Gradient norm: 16.936367288233736
PROGRESS    Completed epoch 724 / 2000;    current loss: 0.5721741318702698
INFO Gradient norm: 18.271986526968295
PROGRESS    Completed epoch 725 / 2000;    current loss: 0.5728054642677307
INFO Gradient norm: 5.934795212060167
PROGRESS    Completed epoch 726 / 2000;    current loss: 0.5670474171638489
INFO Gradient norm: 5.901892012970862
PROGRESS    Completed epoch 727 / 2000;    current loss: 0.5660102367401123
INFO Gradient norm: 16.815079970262204
PROGRESS    Completed epoch 728 / 2000;    current loss: 0.5701344609260559
INFO Gradient norm: 9.84877033177575
PROGRESS    Completed epoch 729 / 2000;    current loss: 0.5663872957229614
INFO Gradient norm: 16.150525188466602
PROGRESS    Completed epoch 730 / 2000;    current loss: 0.5695329308509827
INFO Gradient norm: 12.145949319107146
PROGRESS    Completed epoch 731 / 2000;    current loss: 0.5681147575378418
INFO Gradient norm: 15.86042877505812
PROGRESS    Completed epoch 732 / 2000;    current loss: 0.5704171061515808
INFO Gradient norm: 13.590908208887797
PROGRESS    Completed epoch 733 / 2000;    current loss: 0.5692058801651001
INFO Gradient norm: 13.969137053445012
PROGRESS    Completed epoch 734 / 2000;    current loss: 0.5688858032226562
INFO Gradient norm: 12.028168260530586
PROGRESS    Completed epoch 735 / 2000;    current loss: 0.5677603483200073
INFO Gradient norm: 13.7537242367548
PROGRESS    Completed epoch 736 / 2000;    current loss: 0.5681887865066528
INFO Gradient norm: 10.092378210463947
PROGRESS    Completed epoch 737 / 2000;    current loss: 0.5659075379371643
INFO Gradient norm: 17.07985575618342
PROGRESS    Completed epoch 738 / 2000;    current loss: 0.5681929588317871
INFO Gradient norm: 14.140227005497962
PROGRESS    Completed epoch 739 / 2000;    current loss: 0.565823495388031
INFO Gradient norm: 14.042668513885912
PROGRESS    Completed epoch 740 / 2000;    current loss: 0.5653805732727051
INFO Gradient norm: 12.631835728161983
PROGRESS    Completed epoch 741 / 2000;    current loss: 0.5639586448669434
INFO Gradient norm: 8.322409717191087
PROGRESS    Completed epoch 742 / 2000;    current loss: 0.5630936622619629
INFO Gradient norm: 5.232209461329007
PROGRESS    Completed epoch 743 / 2000;    current loss: 0.562617301940918
INFO Gradient norm: 13.883948614632553
PROGRESS    Completed epoch 744 / 2000;    current loss: 0.5647086501121521
INFO Gradient norm: 4.942987795611037
PROGRESS    Completed epoch 745 / 2000;    current loss: 0.560640811920166
INFO Gradient norm: 18.764797746404525
PROGRESS    Completed epoch 746 / 2000;    current loss: 0.5664300918579102
INFO Gradient norm: 9.64913173395718
PROGRESS    Completed epoch 747 / 2000;    current loss: 0.5629986524581909
INFO Gradient norm: 20.732060127677762
PROGRESS    Completed epoch 748 / 2000;    current loss: 0.5696108937263489
INFO Gradient norm: 19.725383897583345
PROGRESS    Completed epoch 749 / 2000;    current loss: 0.5691045522689819
INFO Gradient norm: 8.020460110896366
PROGRESS    Completed epoch 750 / 2000;    current loss: 0.5631021857261658
INFO Gradient norm: 11.445183447152731
PROGRESS    Completed epoch 751 / 2000;    current loss: 0.5632163286209106
INFO Gradient norm: 8.980113073940963
PROGRESS    Completed epoch 752 / 2000;    current loss: 0.5614423751831055
INFO Gradient norm: 3.496591817502579
PROGRESS    Completed epoch 753 / 2000;    current loss: 0.5589153170585632
INFO Gradient norm: 19.785161582147076
PROGRESS    Completed epoch 754 / 2000;    current loss: 0.5641521215438843
INFO Gradient norm: 11.48145896544697
PROGRESS    Completed epoch 755 / 2000;    current loss: 0.5588482022285461
INFO Gradient norm: 21.689245904133895
PROGRESS    Completed epoch 756 / 2000;    current loss: 0.5649954080581665
INFO Gradient norm: 23.831564133556743
PROGRESS    Completed epoch 757 / 2000;    current loss: 0.5664705634117126
INFO Gradient norm: 2.498182941897905
PROGRESS    Completed epoch 758 / 2000;    current loss: 0.5560809969902039
INFO Gradient norm: 13.51157667076613
PROGRESS    Completed epoch 759 / 2000;    current loss: 0.5580738186836243
INFO Gradient norm: 5.813338615554385
PROGRESS    Completed epoch 760 / 2000;    current loss: 0.5561433434486389
INFO Gradient norm: 2.342509639442109
PROGRESS    Completed epoch 761 / 2000;    current loss: 0.5556657910346985
INFO Gradient norm: 5.866903321853099
PROGRESS    Completed epoch 762 / 2000;    current loss: 0.5551872253417969
INFO Gradient norm: 7.412839340990198
PROGRESS    Completed epoch 763 / 2000;    current loss: 0.5539860129356384
INFO Gradient norm: 5.188755864267371
PROGRESS    Completed epoch 764 / 2000;    current loss: 0.5515956282615662
INFO Gradient norm: 10.17613063272682
PROGRESS    Completed epoch 765 / 2000;    current loss: 0.5528298020362854
INFO Gradient norm: 2.4151674724802152
PROGRESS    Completed epoch 766 / 2000;    current loss: 0.5513675808906555
INFO Gradient norm: 10.264150190475256
PROGRESS    Completed epoch 767 / 2000;    current loss: 0.5523709058761597
INFO Gradient norm: 4.005186813520458
PROGRESS    Completed epoch 768 / 2000;    current loss: 0.5499492883682251
INFO Gradient norm: 4.5886701124561435
PROGRESS    Completed epoch 769 / 2000;    current loss: 0.5487666726112366
INFO Gradient norm: 5.394228447456153
PROGRESS    Completed epoch 770 / 2000;    current loss: 0.547087550163269
INFO Gradient norm: 2.359550568450527
PROGRESS    Completed epoch 771 / 2000;    current loss: 0.5469512343406677
INFO Gradient norm: 4.031653268191312
PROGRESS    Completed epoch 772 / 2000;    current loss: 0.5468038320541382
INFO Gradient norm: 13.130205738197255
PROGRESS    Completed epoch 773 / 2000;    current loss: 0.5484995245933533
INFO Gradient norm: 2.665441931615106
PROGRESS    Completed epoch 774 / 2000;    current loss: 0.5452422499656677
INFO Gradient norm: 19.00489950543614
PROGRESS    Completed epoch 775 / 2000;    current loss: 0.5492784976959229
INFO Gradient norm: 8.338133129790076
PROGRESS    Completed epoch 776 / 2000;    current loss: 0.5430720448493958
INFO Gradient norm: 20.96669375943024
PROGRESS    Completed epoch 777 / 2000;    current loss: 0.5472911596298218
INFO Gradient norm: 8.529308358320622
PROGRESS    Completed epoch 778 / 2000;    current loss: 0.5422790050506592
INFO Gradient norm: 26.771026977263553
PROGRESS    Completed epoch 779 / 2000;    current loss: 0.5522312521934509
INFO Gradient norm: 26.31705148577308
PROGRESS    Completed epoch 780 / 2000;    current loss: 0.5518734455108643
INFO Gradient norm: 5.353432787637402
PROGRESS    Completed epoch 781 / 2000;    current loss: 0.54206383228302
INFO Gradient norm: 12.982572448897777
PROGRESS    Completed epoch 782 / 2000;    current loss: 0.5431506633758545
INFO Gradient norm: 7.785158270107662
PROGRESS    Completed epoch 783 / 2000;    current loss: 0.5405650734901428
INFO Gradient norm: 2.2335828336757415
PROGRESS    Completed epoch 784 / 2000;    current loss: 0.5384991765022278
INFO Gradient norm: 6.0901220199232915
PROGRESS    Completed epoch 785 / 2000;    current loss: 0.5370529294013977
INFO Gradient norm: 18.809613216434826
PROGRESS    Completed epoch 786 / 2000;    current loss: 0.541738748550415
INFO Gradient norm: 11.660487506373943
PROGRESS    Completed epoch 787 / 2000;    current loss: 0.5388920903205872
INFO Gradient norm: 22.430529717967048
PROGRESS    Completed epoch 788 / 2000;    current loss: 0.5442778468132019
INFO Gradient norm: 20.636199520970994
PROGRESS    Completed epoch 789 / 2000;    current loss: 0.5432191491127014
INFO Gradient norm: 12.33377692198062
PROGRESS    Completed epoch 790 / 2000;    current loss: 0.5395725965499878
INFO Gradient norm: 11.759755542910879
PROGRESS    Completed epoch 791 / 2000;    current loss: 0.5391720533370972
INFO Gradient norm: 17.713046657498463
PROGRESS    Completed epoch 792 / 2000;    current loss: 0.5413092374801636
INFO Gradient norm: 12.224384526325608
PROGRESS    Completed epoch 793 / 2000;    current loss: 0.5386021137237549
INFO Gradient norm: 20.51071923415751
PROGRESS    Completed epoch 794 / 2000;    current loss: 0.5416986346244812
INFO Gradient norm: 16.316024600943415
PROGRESS    Completed epoch 795 / 2000;    current loss: 0.5385474562644958
INFO Gradient norm: 17.884937870361185
PROGRESS    Completed epoch 796 / 2000;    current loss: 0.538232147693634
INFO Gradient norm: 15.93027152899253
PROGRESS    Completed epoch 797 / 2000;    current loss: 0.5363866090774536
INFO Gradient norm: 16.551106334532133
PROGRESS    Completed epoch 798 / 2000;    current loss: 0.5360246896743774
INFO Gradient norm: 13.473579178497912
PROGRESS    Completed epoch 799 / 2000;    current loss: 0.5338521003723145
INFO Gradient norm: 18.630624184988886
PROGRESS    Completed epoch 800 / 2000;    current loss: 0.5352343916893005
INFO Gradient norm: 14.997939325621829
PROGRESS    Completed epoch 801 / 2000;    current loss: 0.5326393842697144
INFO Gradient norm: 18.635156606076123
PROGRESS    Completed epoch 802 / 2000;    current loss: 0.5338214635848999
INFO Gradient norm: 16.163236334725546
PROGRESS    Completed epoch 803 / 2000;    current loss: 0.5318161845207214
INFO Gradient norm: 12.498854738844305
PROGRESS    Completed epoch 804 / 2000;    current loss: 0.530482828617096
INFO Gradient norm: 6.302425869432266
PROGRESS    Completed epoch 805 / 2000;    current loss: 0.5296122431755066
INFO Gradient norm: 20.33769173903317
PROGRESS    Completed epoch 806 / 2000;    current loss: 0.5347164869308472
INFO Gradient norm: 11.784946888633463
PROGRESS    Completed epoch 807 / 2000;    current loss: 0.5302825570106506
INFO Gradient norm: 22.799053577051616
PROGRESS    Completed epoch 808 / 2000;    current loss: 0.5352986454963684
INFO Gradient norm: 21.659668219780112
PROGRESS    Completed epoch 809 / 2000;    current loss: 0.5340514183044434
INFO Gradient norm: 9.852494166131944
PROGRESS    Completed epoch 810 / 2000;    current loss: 0.5279925465583801
INFO Gradient norm: 10.290840306033422
PROGRESS    Completed epoch 811 / 2000;    current loss: 0.5274267792701721
INFO Gradient norm: 16.300119544449032
PROGRESS    Completed epoch 812 / 2000;    current loss: 0.5289527177810669
INFO Gradient norm: 8.452071495359053
PROGRESS    Completed epoch 813 / 2000;    current loss: 0.5256361961364746
INFO Gradient norm: 23.58634027706604
PROGRESS    Completed epoch 814 / 2000;    current loss: 0.5316761136054993
INFO Gradient norm: 22.769589968696472
PROGRESS    Completed epoch 815 / 2000;    current loss: 0.5313292741775513
INFO Gradient norm: 8.225675237624776
PROGRESS    Completed epoch 816 / 2000;    current loss: 0.5250936150550842
INFO Gradient norm: 10.414265882781184
PROGRESS    Completed epoch 817 / 2000;    current loss: 0.5252557992935181
INFO Gradient norm: 13.831199020899978
PROGRESS    Completed epoch 818 / 2000;    current loss: 0.5258627533912659
INFO Gradient norm: 9.475314218593882
PROGRESS    Completed epoch 819 / 2000;    current loss: 0.5244870781898499
INFO Gradient norm: 19.529599502300115
PROGRESS    Completed epoch 820 / 2000;    current loss: 0.5291357040405273
INFO Gradient norm: 14.05946026257472
PROGRESS    Completed epoch 821 / 2000;    current loss: 0.5264954566955566
INFO Gradient norm: 20.26599541606717
PROGRESS    Completed epoch 822 / 2000;    current loss: 0.5296016335487366
INFO Gradient norm: 18.855198441731975
PROGRESS    Completed epoch 823 / 2000;    current loss: 0.5288124084472656
INFO Gradient norm: 12.68585747269483
PROGRESS    Completed epoch 824 / 2000;    current loss: 0.5259013175964355
INFO Gradient norm: 11.467731843563927
PROGRESS    Completed epoch 825 / 2000;    current loss: 0.5251544117927551
INFO Gradient norm: 16.554465540304058
PROGRESS    Completed epoch 826 / 2000;    current loss: 0.5265682935714722
INFO Gradient norm: 10.722976627228775
PROGRESS    Completed epoch 827 / 2000;    current loss: 0.5238453149795532
INFO Gradient norm: 21.049323268977272
PROGRESS    Completed epoch 828 / 2000;    current loss: 0.5278736352920532
INFO Gradient norm: 18.053669228529163
PROGRESS    Completed epoch 829 / 2000;    current loss: 0.5253458023071289
INFO Gradient norm: 14.533704326669833
PROGRESS    Completed epoch 830 / 2000;    current loss: 0.5232073664665222
INFO Gradient norm: 13.74437477000029
PROGRESS    Completed epoch 831 / 2000;    current loss: 0.5221402049064636
INFO Gradient norm: 9.631350745719965
PROGRESS    Completed epoch 832 / 2000;    current loss: 0.5213224291801453
INFO Gradient norm: 4.563974848540929
PROGRESS    Completed epoch 833 / 2000;    current loss: 0.5206620097160339
INFO Gradient norm: 17.22578539779414
PROGRESS    Completed epoch 834 / 2000;    current loss: 0.5241826176643372
INFO Gradient norm: 6.878538502495907
PROGRESS    Completed epoch 835 / 2000;    current loss: 0.5196961760520935
INFO Gradient norm: 23.311917671776794
PROGRESS    Completed epoch 836 / 2000;    current loss: 0.526353657245636
INFO Gradient norm: 19.196845971914165
PROGRESS    Completed epoch 837 / 2000;    current loss: 0.5230981111526489
INFO Gradient norm: 14.783857639132112
PROGRESS    Completed epoch 838 / 2000;    current loss: 0.5207768082618713
INFO Gradient norm: 16.206704114805568
PROGRESS    Completed epoch 839 / 2000;    current loss: 0.5211262702941895
INFO Gradient norm: 11.184532067273667
PROGRESS    Completed epoch 840 / 2000;    current loss: 0.5185139775276184
INFO Gradient norm: 8.789142985015438
PROGRESS    Completed epoch 841 / 2000;    current loss: 0.517093300819397
INFO Gradient norm: 17.33653869082333
PROGRESS    Completed epoch 842 / 2000;    current loss: 0.5192267298698425
INFO Gradient norm: 15.024351448877539
PROGRESS    Completed epoch 843 / 2000;    current loss: 0.5180988311767578
INFO Gradient norm: 13.086769328965742
PROGRESS    Completed epoch 844 / 2000;    current loss: 0.5174603462219238
INFO Gradient norm: 8.770791395953077
PROGRESS    Completed epoch 845 / 2000;    current loss: 0.5165397524833679
INFO Gradient norm: 18.391945951789253
PROGRESS    Completed epoch 846 / 2000;    current loss: 0.5203723311424255
INFO Gradient norm: 13.28582551178996
PROGRESS    Completed epoch 847 / 2000;    current loss: 0.5176665782928467
INFO Gradient norm: 17.28734604382481
PROGRESS    Completed epoch 848 / 2000;    current loss: 0.519093930721283
INFO Gradient norm: 15.639625225833774
PROGRESS    Completed epoch 849 / 2000;    current loss: 0.5178365111351013
INFO Gradient norm: 13.20407877203097
PROGRESS    Completed epoch 850 / 2000;    current loss: 0.5164758563041687
INFO Gradient norm: 11.558770761251253
PROGRESS    Completed epoch 851 / 2000;    current loss: 0.5153944492340088
INFO Gradient norm: 15.475774946994054
PROGRESS    Completed epoch 852 / 2000;    current loss: 0.5163423418998718
INFO Gradient norm: 11.08192891488885
PROGRESS    Completed epoch 853 / 2000;    current loss: 0.5140811204910278
INFO Gradient norm: 18.91647437371398
PROGRESS    Completed epoch 854 / 2000;    current loss: 0.5173616409301758
INFO Gradient norm: 15.998556081640265
PROGRESS    Completed epoch 855 / 2000;    current loss: 0.5152694582939148
INFO Gradient norm: 8.556409426761068
PROGRESS    Completed epoch 856 / 2000;    current loss: 0.5131778717041016
INFO Gradient norm: 6.001024922446078
PROGRESS    Completed epoch 857 / 2000;    current loss: 0.5129987001419067
INFO Gradient norm: 15.533142399398358
PROGRESS    Completed epoch 858 / 2000;    current loss: 0.5157585144042969
INFO Gradient norm: 7.028625250773909
PROGRESS    Completed epoch 859 / 2000;    current loss: 0.5120941996574402
INFO Gradient norm: 22.190461595870264
PROGRESS    Completed epoch 860 / 2000;    current loss: 0.5184297561645508
INFO Gradient norm: 13.382205495515993
PROGRESS    Completed epoch 861 / 2000;    current loss: 0.5143390893936157
INFO Gradient norm: 21.33638743739667
PROGRESS    Completed epoch 862 / 2000;    current loss: 0.5197409987449646
INFO Gradient norm: 22.52053216109807
PROGRESS    Completed epoch 863 / 2000;    current loss: 0.5212621688842773
INFO Gradient norm: 5.867861705446952
PROGRESS    Completed epoch 864 / 2000;    current loss: 0.5142092108726501
INFO Gradient norm: 11.188184278103215
PROGRESS    Completed epoch 865 / 2000;    current loss: 0.514923095703125
INFO Gradient norm: 8.529016218273874
PROGRESS    Completed epoch 866 / 2000;    current loss: 0.5133941769599915
INFO Gradient norm: 2.2729717509077716
PROGRESS    Completed epoch 867 / 2000;    current loss: 0.5112882256507874
INFO Gradient norm: 11.245107058707317
PROGRESS    Completed epoch 868 / 2000;    current loss: 0.5117438435554504
INFO Gradient norm: 5.431408376642142
PROGRESS    Completed epoch 869 / 2000;    current loss: 0.5090944766998291
INFO Gradient norm: 3.1606120725435023
PROGRESS    Completed epoch 870 / 2000;    current loss: 0.5073857307434082
INFO Gradient norm: 10.35499426174321
PROGRESS    Completed epoch 871 / 2000;    current loss: 0.5087090730667114
INFO Gradient norm: 4.54870216083102
PROGRESS    Completed epoch 872 / 2000;    current loss: 0.5066433548927307
INFO Gradient norm: 3.0925799890926013
PROGRESS    Completed epoch 873 / 2000;    current loss: 0.5058850049972534
INFO Gradient norm: 8.84898828191514
PROGRESS    Completed epoch 874 / 2000;    current loss: 0.5064213871955872
INFO Gradient norm: 5.391760164032892
PROGRESS    Completed epoch 875 / 2000;    current loss: 0.5049332976341248
INFO Gradient norm: 4.446282235268147
PROGRESS    Completed epoch 876 / 2000;    current loss: 0.5040596723556519
INFO Gradient norm: 6.655539583697685
PROGRESS    Completed epoch 877 / 2000;    current loss: 0.5036572217941284
INFO Gradient norm: 5.614219390194708
PROGRESS    Completed epoch 878 / 2000;    current loss: 0.5030571222305298
INFO Gradient norm: 4.756094136946726
PROGRESS    Completed epoch 879 / 2000;    current loss: 0.502155601978302
INFO Gradient norm: 6.991832696369049
PROGRESS    Completed epoch 880 / 2000;    current loss: 0.5017802715301514
INFO Gradient norm: 9.87655151188104
PROGRESS    Completed epoch 881 / 2000;    current loss: 0.5021381974220276
INFO Gradient norm: 2.25830096784753
PROGRESS    Completed epoch 882 / 2000;    current loss: 0.5001662373542786
INFO Gradient norm: 2.7847508160364325
PROGRESS    Completed epoch 883 / 2000;    current loss: 0.49946126341819763
INFO Gradient norm: 11.769050762227684
PROGRESS    Completed epoch 884 / 2000;    current loss: 0.5008118152618408
INFO Gradient norm: 3.044928464656319
PROGRESS    Completed epoch 885 / 2000;    current loss: 0.49800825119018555
INFO Gradient norm: 4.499608024523872
PROGRESS    Completed epoch 886 / 2000;    current loss: 0.49806419014930725
INFO Gradient norm: 10.378192153867703
PROGRESS    Completed epoch 887 / 2000;    current loss: 0.4987892508506775
INFO Gradient norm: 7.556802053138392
PROGRESS    Completed epoch 888 / 2000;    current loss: 0.49763235449790955
INFO Gradient norm: 2.532167500032717
PROGRESS    Completed epoch 889 / 2000;    current loss: 0.4961067736148834
INFO Gradient norm: 2.9171266058709646
PROGRESS    Completed epoch 890 / 2000;    current loss: 0.4946509301662445
INFO Gradient norm: 5.536843414479148
PROGRESS    Completed epoch 891 / 2000;    current loss: 0.49515557289123535
INFO Gradient norm: 8.94920336075139
PROGRESS    Completed epoch 892 / 2000;    current loss: 0.49562305212020874
INFO Gradient norm: 5.741265705911365
PROGRESS    Completed epoch 893 / 2000;    current loss: 0.4942031800746918
INFO Gradient norm: 2.6400240960679446
PROGRESS    Completed epoch 894 / 2000;    current loss: 0.49230724573135376
INFO Gradient norm: 5.72819719993188
PROGRESS    Completed epoch 895 / 2000;    current loss: 0.49150988459587097
INFO Gradient norm: 12.920557372628274
PROGRESS    Completed epoch 896 / 2000;    current loss: 0.49320945143699646
INFO Gradient norm: 2.235703030274759
PROGRESS    Completed epoch 897 / 2000;    current loss: 0.49012884497642517
INFO Gradient norm: 11.832716814214509
PROGRESS    Completed epoch 898 / 2000;    current loss: 0.49103474617004395
INFO Gradient norm: 10.957176922760931
PROGRESS    Completed epoch 899 / 2000;    current loss: 0.4912033975124359
INFO Gradient norm: 4.480002388797217
PROGRESS    Completed epoch 900 / 2000;    current loss: 0.48994043469429016
INFO Gradient norm: 18.954085779749118
PROGRESS    Completed epoch 901 / 2000;    current loss: 0.4945138692855835
INFO Gradient norm: 9.345929682151775
PROGRESS    Completed epoch 902 / 2000;    current loss: 0.489993155002594
INFO Gradient norm: 23.885753080291924
PROGRESS    Completed epoch 903 / 2000;    current loss: 0.4959546625614166
INFO Gradient norm: 20.707852131704346
PROGRESS    Completed epoch 904 / 2000;    current loss: 0.4929376244544983
INFO Gradient norm: 9.250035737361573
PROGRESS    Completed epoch 905 / 2000;    current loss: 0.487758994102478
INFO Gradient norm: 5.840738078071
PROGRESS    Completed epoch 906 / 2000;    current loss: 0.4876195192337036
INFO Gradient norm: 16.63062518057034
PROGRESS    Completed epoch 907 / 2000;    current loss: 0.49089905619621277
INFO Gradient norm: 7.34588176050126
PROGRESS    Completed epoch 908 / 2000;    current loss: 0.48709025979042053
INFO Gradient norm: 23.859322265673004
PROGRESS    Completed epoch 909 / 2000;    current loss: 0.4943753480911255
INFO Gradient norm: 21.703269153796665
PROGRESS    Completed epoch 910 / 2000;    current loss: 0.49220171570777893
INFO Gradient norm: 8.925377761636957
PROGRESS    Completed epoch 911 / 2000;    current loss: 0.4856419861316681
INFO Gradient norm: 10.721296525939987
PROGRESS    Completed epoch 912 / 2000;    current loss: 0.48540401458740234
INFO Gradient norm: 8.835008666281572
PROGRESS    Completed epoch 913 / 2000;    current loss: 0.48498761653900146
INFO Gradient norm: 2.0736400915190627
PROGRESS    Completed epoch 914 / 2000;    current loss: 0.48410528898239136
INFO Gradient norm: 12.033713675903952
PROGRESS    Completed epoch 915 / 2000;    current loss: 0.48554328083992004
INFO Gradient norm: 5.099740473999731
PROGRESS    Completed epoch 916 / 2000;    current loss: 0.48276981711387634
INFO Gradient norm: 2.03847733318431
PROGRESS    Completed epoch 917 / 2000;    current loss: 0.48094937205314636
INFO Gradient norm: 19.28162470026878
PROGRESS    Completed epoch 918 / 2000;    current loss: 0.4865444302558899
INFO Gradient norm: 9.694330803855218
PROGRESS    Completed epoch 919 / 2000;    current loss: 0.4829169809818268
INFO Gradient norm: 21.92311801973112
PROGRESS    Completed epoch 920 / 2000;    current loss: 0.4891626834869385
INFO Gradient norm: 18.07575918456547
PROGRESS    Completed epoch 921 / 2000;    current loss: 0.48747968673706055
INFO Gradient norm: 16.205336155180483
PROGRESS    Completed epoch 922 / 2000;    current loss: 0.4871846139431
INFO Gradient norm: 15.411896766121039
PROGRESS    Completed epoch 923 / 2000;    current loss: 0.4873473048210144
INFO Gradient norm: 15.971073701833653
PROGRESS    Completed epoch 924 / 2000;    current loss: 0.4881006181240082
INFO Gradient norm: 12.791623778973086
PROGRESS    Completed epoch 925 / 2000;    current loss: 0.48685145378112793
INFO Gradient norm: 18.0329633370703
PROGRESS    Completed epoch 926 / 2000;    current loss: 0.4883457124233246
INFO Gradient norm: 12.861355468865215
PROGRESS    Completed epoch 927 / 2000;    current loss: 0.4852728843688965
INFO Gradient norm: 20.443766987555115
PROGRESS    Completed epoch 928 / 2000;    current loss: 0.4882461428642273
INFO Gradient norm: 17.791064883738116
PROGRESS    Completed epoch 929 / 2000;    current loss: 0.4859766662120819
INFO Gradient norm: 14.690522816914983
PROGRESS    Completed epoch 930 / 2000;    current loss: 0.4837011694908142
INFO Gradient norm: 12.636906270888376
PROGRESS    Completed epoch 931 / 2000;    current loss: 0.4820956587791443
INFO Gradient norm: 17.26144061847147
PROGRESS    Completed epoch 932 / 2000;    current loss: 0.4835018217563629
INFO Gradient norm: 12.554322057844363
PROGRESS    Completed epoch 933 / 2000;    current loss: 0.48084557056427
INFO Gradient norm: 21.375653435415284
PROGRESS    Completed epoch 934 / 2000;    current loss: 0.48498398065567017
INFO Gradient norm: 18.87699599865174
PROGRESS    Completed epoch 935 / 2000;    current loss: 0.4832724928855896
INFO Gradient norm: 12.672410661172895
PROGRESS    Completed epoch 936 / 2000;    current loss: 0.48030686378479004
INFO Gradient norm: 7.9092973345141875
PROGRESS    Completed epoch 937 / 2000;    current loss: 0.47963348031044006
INFO Gradient norm: 19.325424400133297
PROGRESS    Completed epoch 938 / 2000;    current loss: 0.48430657386779785
INFO Gradient norm: 12.67094007149018
PROGRESS    Completed epoch 939 / 2000;    current loss: 0.4810665249824524
INFO Gradient norm: 19.658674549984106
PROGRESS    Completed epoch 940 / 2000;    current loss: 0.48438000679016113
INFO Gradient norm: 18.040629207318634
PROGRESS    Completed epoch 941 / 2000;    current loss: 0.483299195766449
INFO Gradient norm: 12.121917761494984
PROGRESS    Completed epoch 942 / 2000;    current loss: 0.4804013967514038
INFO Gradient norm: 10.980240515318794
PROGRESS    Completed epoch 943 / 2000;    current loss: 0.4796540141105652
INFO Gradient norm: 16.046736771977816
PROGRESS    Completed epoch 944 / 2000;    current loss: 0.4811091423034668
INFO Gradient norm: 10.835548172798942
PROGRESS    Completed epoch 945 / 2000;    current loss: 0.4784679412841797
INFO Gradient norm: 20.209014844674538
PROGRESS    Completed epoch 946 / 2000;    current loss: 0.48235875368118286
INFO Gradient norm: 17.376791171843436
PROGRESS    Completed epoch 947 / 2000;    current loss: 0.4802205562591553
INFO Gradient norm: 13.546111629257043
PROGRESS    Completed epoch 948 / 2000;    current loss: 0.4778153598308563
INFO Gradient norm: 10.962505426920746
PROGRESS    Completed epoch 949 / 2000;    current loss: 0.47661730647087097
INFO Gradient norm: 18.612877373168914
PROGRESS    Completed epoch 950 / 2000;    current loss: 0.4799479842185974
INFO Gradient norm: 14.325727610293283
PROGRESS    Completed epoch 951 / 2000;    current loss: 0.4776703417301178
INFO Gradient norm: 16.283666967717593
PROGRESS    Completed epoch 952 / 2000;    current loss: 0.47838157415390015
INFO Gradient norm: 10.42150140999634
PROGRESS    Completed epoch 953 / 2000;    current loss: 0.4767233431339264
INFO Gradient norm: 20.52362193994488
PROGRESS    Completed epoch 954 / 2000;    current loss: 0.4820609390735626
INFO Gradient norm: 17.512256984418315
PROGRESS    Completed epoch 955 / 2000;    current loss: 0.48068201541900635
INFO Gradient norm: 13.540256307610509
PROGRESS    Completed epoch 956 / 2000;    current loss: 0.4788767695426941
INFO Gradient norm: 12.516464141015282
PROGRESS    Completed epoch 957 / 2000;    current loss: 0.47860878705978394
INFO Gradient norm: 15.436804451072483
PROGRESS    Completed epoch 958 / 2000;    current loss: 0.4800545573234558
INFO Gradient norm: 11.541826944414407
PROGRESS    Completed epoch 959 / 2000;    current loss: 0.47835731506347656
INFO Gradient norm: 17.716684908352725
PROGRESS    Completed epoch 960 / 2000;    current loss: 0.480792373418808
INFO Gradient norm: 14.757088357048705
PROGRESS    Completed epoch 961 / 2000;    current loss: 0.4790109694004059
INFO Gradient norm: 15.749342679316177
PROGRESS    Completed epoch 962 / 2000;    current loss: 0.4793665111064911
INFO Gradient norm: 14.086476979742425
PROGRESS    Completed epoch 963 / 2000;    current loss: 0.4782916009426117
INFO Gradient norm: 14.51217142373649
PROGRESS    Completed epoch 964 / 2000;    current loss: 0.477949857711792
INFO Gradient norm: 11.362438168404502
PROGRESS    Completed epoch 965 / 2000;    current loss: 0.4763074815273285
INFO Gradient norm: 17.64917996748469
PROGRESS    Completed epoch 966 / 2000;    current loss: 0.4787643849849701
INFO Gradient norm: 13.851046806082186
PROGRESS    Completed epoch 967 / 2000;    current loss: 0.47643235325813293
INFO Gradient norm: 16.258079347851275
PROGRESS    Completed epoch 968 / 2000;    current loss: 0.47695767879486084
INFO Gradient norm: 14.035926516394477
PROGRESS    Completed epoch 969 / 2000;    current loss: 0.47541216015815735
INFO Gradient norm: 15.555998553765045
PROGRESS    Completed epoch 970 / 2000;    current loss: 0.47578224539756775
INFO Gradient norm: 13.022859291753438
PROGRESS    Completed epoch 971 / 2000;    current loss: 0.4741976261138916
INFO Gradient norm: 14.609308665786882
PROGRESS    Completed epoch 972 / 2000;    current loss: 0.474378764629364
INFO Gradient norm: 8.286982858506281
PROGRESS    Completed epoch 973 / 2000;    current loss: 0.47198405861854553
INFO Gradient norm: 20.245448127392198
PROGRESS    Completed epoch 974 / 2000;    current loss: 0.4767378866672516
INFO Gradient norm: 19.108779791174534
PROGRESS    Completed epoch 975 / 2000;    current loss: 0.47608479857444763
INFO Gradient norm: 7.339609410308149
PROGRESS    Completed epoch 976 / 2000;    current loss: 0.47187429666519165
INFO Gradient norm: 8.684175186584877
PROGRESS    Completed epoch 977 / 2000;    current loss: 0.47207701206207275
INFO Gradient norm: 13.73884527430398
PROGRESS    Completed epoch 978 / 2000;    current loss: 0.4736153185367584
INFO Gradient norm: 9.459663417835646
PROGRESS    Completed epoch 979 / 2000;    current loss: 0.4722698926925659
INFO Gradient norm: 17.294187439582647
PROGRESS    Completed epoch 980 / 2000;    current loss: 0.47575169801712036
INFO Gradient norm: 13.48149967123314
PROGRESS    Completed epoch 981 / 2000;    current loss: 0.4740043878555298
INFO Gradient norm: 15.871243517655481
PROGRESS    Completed epoch 982 / 2000;    current loss: 0.4753335118293762
INFO Gradient norm: 14.347210177867618
PROGRESS    Completed epoch 983 / 2000;    current loss: 0.4745957851409912
INFO Gradient norm: 13.063933552872287
PROGRESS    Completed epoch 984 / 2000;    current loss: 0.47378015518188477
INFO Gradient norm: 10.760596873985794
PROGRESS    Completed epoch 985 / 2000;    current loss: 0.47273504734039307
INFO Gradient norm: 15.52782802176945
PROGRESS    Completed epoch 986 / 2000;    current loss: 0.474479615688324
INFO Gradient norm: 11.551741719967564
PROGRESS    Completed epoch 987 / 2000;    current loss: 0.4723154604434967
INFO Gradient norm: 14.529374350618411
PROGRESS    Completed epoch 988 / 2000;    current loss: 0.4733448028564453
INFO Gradient norm: 7.714337399652321
PROGRESS    Completed epoch 989 / 2000;    current loss: 0.4719902276992798
INFO Gradient norm: 19.0065974063652
PROGRESS    Completed epoch 990 / 2000;    current loss: 0.4771268665790558
INFO Gradient norm: 15.265774856426145
PROGRESS    Completed epoch 991 / 2000;    current loss: 0.47513604164123535
INFO Gradient norm: 13.265528621615442
PROGRESS    Completed epoch 992 / 2000;    current loss: 0.47405409812927246
INFO Gradient norm: 12.416941100041377
PROGRESS    Completed epoch 993 / 2000;    current loss: 0.47360485792160034
INFO Gradient norm: 13.255998613322374
PROGRESS    Completed epoch 994 / 2000;    current loss: 0.4739453196525574
INFO Gradient norm: 10.492742675737158
PROGRESS    Completed epoch 995 / 2000;    current loss: 0.47263213992118835
INFO Gradient norm: 15.43579929580495
PROGRESS    Completed epoch 996 / 2000;    current loss: 0.4741550087928772
INFO Gradient norm: 12.369221380629165
PROGRESS    Completed epoch 997 / 2000;    current loss: 0.47246044874191284
INFO Gradient norm: 15.164715106018118
PROGRESS    Completed epoch 998 / 2000;    current loss: 0.47337931394577026
INFO Gradient norm: 13.581100037527099
PROGRESS    Completed epoch 999 / 2000;    current loss: 0.472332626581192
INFO Gradient norm: 12.535915206949555
PROGRESS    Completed epoch 1000 / 2000;    current loss: 0.47134771943092346
INFO Gradient norm: 10.051761183292827
PROGRESS    Completed epoch 1001 / 2000;    current loss: 0.4700168967247009
INFO Gradient norm: 15.702925404576595
PROGRESS    Completed epoch 1002 / 2000;    current loss: 0.4719294309616089
INFO Gradient norm: 12.386857264623231
PROGRESS    Completed epoch 1003 / 2000;    current loss: 0.4698618948459625
INFO Gradient norm: 14.60595666770685
PROGRESS    Completed epoch 1004 / 2000;    current loss: 0.47019100189208984
INFO Gradient norm: 12.245920455614733
PROGRESS    Completed epoch 1005 / 2000;    current loss: 0.46859025955200195
INFO Gradient norm: 16.4280495971534
PROGRESS    Completed epoch 1006 / 2000;    current loss: 0.4706529676914215
INFO Gradient norm: 14.807444730566313
PROGRESS    Completed epoch 1007 / 2000;    current loss: 0.46970778703689575
INFO Gradient norm: 12.153821871527299
PROGRESS    Completed epoch 1008 / 2000;    current loss: 0.46823620796203613
INFO Gradient norm: 10.414855963133778
PROGRESS    Completed epoch 1009 / 2000;    current loss: 0.46732035279273987
INFO Gradient norm: 15.206857690925721
PROGRESS    Completed epoch 1010 / 2000;    current loss: 0.469069242477417
INFO Gradient norm: 11.341692154028532
PROGRESS    Completed epoch 1011 / 2000;    current loss: 0.46704429388046265
INFO Gradient norm: 12.396599364735627
PROGRESS    Completed epoch 1012 / 2000;    current loss: 0.46779167652130127
INFO Gradient norm: 6.317298784386969
PROGRESS    Completed epoch 1013 / 2000;    current loss: 0.4668044149875641
INFO Gradient norm: 17.907983437459933
PROGRESS    Completed epoch 1014 / 2000;    current loss: 0.47136861085891724
INFO Gradient norm: 12.685325881496937
PROGRESS    Completed epoch 1015 / 2000;    current loss: 0.46874067187309265
INFO Gradient norm: 15.083649018618594
PROGRESS    Completed epoch 1016 / 2000;    current loss: 0.46960848569869995
INFO Gradient norm: 8.866392478493243
PROGRESS    Completed epoch 1017 / 2000;    current loss: 0.46745234727859497
INFO Gradient norm: 19.14488417338846
PROGRESS    Completed epoch 1018 / 2000;    current loss: 0.4721541106700897
INFO Gradient norm: 15.676428483207271
PROGRESS    Completed epoch 1019 / 2000;    current loss: 0.46992528438568115
INFO Gradient norm: 13.41225118286048
PROGRESS    Completed epoch 1020 / 2000;    current loss: 0.46855565905570984
INFO Gradient norm: 12.803957872944
PROGRESS    Completed epoch 1021 / 2000;    current loss: 0.4680720269680023
INFO Gradient norm: 12.953231997699525
PROGRESS    Completed epoch 1022 / 2000;    current loss: 0.4680454730987549
INFO Gradient norm: 11.114198761081441
PROGRESS    Completed epoch 1023 / 2000;    current loss: 0.4673188328742981
INFO Gradient norm: 13.143288959507954
PROGRESS    Completed epoch 1024 / 2000;    current loss: 0.4683205783367157
INFO Gradient norm: 8.198714500329283
PROGRESS    Completed epoch 1025 / 2000;    current loss: 0.46719592809677124
INFO Gradient norm: 17.177956630376865
PROGRESS    Completed epoch 1026 / 2000;    current loss: 0.471043199300766
INFO Gradient norm: 12.446270206797355
PROGRESS    Completed epoch 1027 / 2000;    current loss: 0.4685114026069641
INFO Gradient norm: 15.990155127623138
PROGRESS    Completed epoch 1028 / 2000;    current loss: 0.46982765197753906
INFO Gradient norm: 14.652404633653028
PROGRESS    Completed epoch 1029 / 2000;    current loss: 0.46887829899787903
INFO Gradient norm: 11.881817281660172
PROGRESS    Completed epoch 1030 / 2000;    current loss: 0.46754854917526245
INFO Gradient norm: 10.467519195407952
PROGRESS    Completed epoch 1031 / 2000;    current loss: 0.4666522145271301
INFO Gradient norm: 12.752437612566016
PROGRESS    Completed epoch 1032 / 2000;    current loss: 0.467436820268631
INFO Gradient norm: 5.2418086062127935
PROGRESS    Completed epoch 1033 / 2000;    current loss: 0.46597033739089966
INFO Gradient norm: 17.879782173706825
PROGRESS    Completed epoch 1034 / 2000;    current loss: 0.4705968499183655
INFO Gradient norm: 10.819502146007677
PROGRESS    Completed epoch 1035 / 2000;    current loss: 0.4668281078338623
INFO Gradient norm: 18.868391178545
PROGRESS    Completed epoch 1036 / 2000;    current loss: 0.47037386894226074
INFO Gradient norm: 18.407176105215708
PROGRESS    Completed epoch 1037 / 2000;    current loss: 0.46963948011398315
INFO Gradient norm: 8.201133367539466
PROGRESS    Completed epoch 1038 / 2000;    current loss: 0.46472445130348206
INFO Gradient norm: 8.871147839645156
PROGRESS    Completed epoch 1039 / 2000;    current loss: 0.46429967880249023
INFO Gradient norm: 13.25772343361387
PROGRESS    Completed epoch 1040 / 2000;    current loss: 0.46518704295158386
INFO Gradient norm: 7.644374902218079
PROGRESS    Completed epoch 1041 / 2000;    current loss: 0.4625604748725891
INFO Gradient norm: 18.380409666613424
PROGRESS    Completed epoch 1042 / 2000;    current loss: 0.4664417505264282
INFO Gradient norm: 16.331602600939416
PROGRESS    Completed epoch 1043 / 2000;    current loss: 0.4650335907936096
INFO Gradient norm: 8.979591822719689
PROGRESS    Completed epoch 1044 / 2000;    current loss: 0.46195584535598755
INFO Gradient norm: 8.63376406733855
PROGRESS    Completed epoch 1045 / 2000;    current loss: 0.46173185110092163
INFO Gradient norm: 13.344189102161279
PROGRESS    Completed epoch 1046 / 2000;    current loss: 0.46318319439888
INFO Gradient norm: 7.476840850635452
PROGRESS    Completed epoch 1047 / 2000;    current loss: 0.4606042504310608
INFO Gradient norm: 15.909144619498848
PROGRESS    Completed epoch 1048 / 2000;    current loss: 0.4639468789100647
INFO Gradient norm: 8.134391008464892
PROGRESS    Completed epoch 1049 / 2000;    current loss: 0.4615432620048523
INFO Gradient norm: 19.954920327429495
PROGRESS    Completed epoch 1050 / 2000;    current loss: 0.4675498604774475
INFO Gradient norm: 16.804485854623007
PROGRESS    Completed epoch 1051 / 2000;    current loss: 0.4657607674598694
INFO Gradient norm: 11.942815202776524
PROGRESS    Completed epoch 1052 / 2000;    current loss: 0.463204950094223
INFO Gradient norm: 10.85809957819392
PROGRESS    Completed epoch 1053 / 2000;    current loss: 0.46292224526405334
INFO Gradient norm: 12.935044092433884
PROGRESS    Completed epoch 1054 / 2000;    current loss: 0.46389931440353394
INFO Gradient norm: 9.576431123392874
PROGRESS    Completed epoch 1055 / 2000;    current loss: 0.4623973071575165
INFO Gradient norm: 15.398821835857264
PROGRESS    Completed epoch 1056 / 2000;    current loss: 0.4643864929676056
INFO Gradient norm: 12.567946286478158
PROGRESS    Completed epoch 1057 / 2000;    current loss: 0.46265658736228943
INFO Gradient norm: 13.67306262483675
PROGRESS    Completed epoch 1058 / 2000;    current loss: 0.46300339698791504
INFO Gradient norm: 12.287162907201552
PROGRESS    Completed epoch 1059 / 2000;    current loss: 0.4619438350200653
INFO Gradient norm: 12.036546524066685
PROGRESS    Completed epoch 1060 / 2000;    current loss: 0.4612652361392975
INFO Gradient norm: 10.100278059947577
PROGRESS    Completed epoch 1061 / 2000;    current loss: 0.46003276109695435
INFO Gradient norm: 13.912124940306466
PROGRESS    Completed epoch 1062 / 2000;    current loss: 0.4612787961959839
INFO Gradient norm: 10.548820762211129
PROGRESS    Completed epoch 1063 / 2000;    current loss: 0.45928314328193665
INFO Gradient norm: 14.388895418952927
PROGRESS    Completed epoch 1064 / 2000;    current loss: 0.46015727519989014
INFO Gradient norm: 7.807697380799964
PROGRESS    Completed epoch 1065 / 2000;    current loss: 0.4574894905090332
INFO Gradient norm: 19.692718898461596
PROGRESS    Completed epoch 1066 / 2000;    current loss: 0.4629044234752655
INFO Gradient norm: 19.32280469846196
PROGRESS    Completed epoch 1067 / 2000;    current loss: 0.46284839510917664
INFO Gradient norm: 5.408165048779132
PROGRESS    Completed epoch 1068 / 2000;    current loss: 0.4575226902961731
INFO Gradient norm: 9.3433626096673
PROGRESS    Completed epoch 1069 / 2000;    current loss: 0.45830222964286804
INFO Gradient norm: 8.584141067647725
PROGRESS    Completed epoch 1070 / 2000;    current loss: 0.45768389105796814
INFO Gradient norm: 5.36572400666304
PROGRESS    Completed epoch 1071 / 2000;    current loss: 0.45718157291412354
INFO Gradient norm: 16.51302282730874
PROGRESS    Completed epoch 1072 / 2000;    current loss: 0.46140894293785095
INFO Gradient norm: 10.518552996227328
PROGRESS    Completed epoch 1073 / 2000;    current loss: 0.4586130976676941
INFO Gradient norm: 17.617389047008324
PROGRESS    Completed epoch 1074 / 2000;    current loss: 0.46216440200805664
INFO Gradient norm: 16.126231237466403
PROGRESS    Completed epoch 1075 / 2000;    current loss: 0.46103915572166443
INFO Gradient norm: 10.340438117742469
PROGRESS    Completed epoch 1076 / 2000;    current loss: 0.4578731954097748
INFO Gradient norm: 10.452822087740229
PROGRESS    Completed epoch 1077 / 2000;    current loss: 0.45752009749412537
INFO Gradient norm: 12.057779682301305
PROGRESS    Completed epoch 1078 / 2000;    current loss: 0.45793893933296204
INFO Gradient norm: 7.637979449853072
PROGRESS    Completed epoch 1079 / 2000;    current loss: 0.455892950296402
INFO Gradient norm: 15.01678559029256
PROGRESS    Completed epoch 1080 / 2000;    current loss: 0.4585874676704407
INFO Gradient norm: 7.256316686687286
PROGRESS    Completed epoch 1081 / 2000;    current loss: 0.4563651978969574
INFO Gradient norm: 18.277568053303348
PROGRESS    Completed epoch 1082 / 2000;    current loss: 0.46152007579803467
INFO Gradient norm: 15.207085181337192
PROGRESS    Completed epoch 1083 / 2000;    current loss: 0.45975956320762634
INFO Gradient norm: 11.525212008930373
PROGRESS    Completed epoch 1084 / 2000;    current loss: 0.45775556564331055
INFO Gradient norm: 11.408225178782056
PROGRESS    Completed epoch 1085 / 2000;    current loss: 0.45762336254119873
INFO Gradient norm: 11.68769123177136
PROGRESS    Completed epoch 1086 / 2000;    current loss: 0.4577656090259552
INFO Gradient norm: 8.654671556835611
PROGRESS    Completed epoch 1087 / 2000;    current loss: 0.4563775658607483
INFO Gradient norm: 13.06799623250144
PROGRESS    Completed epoch 1088 / 2000;    current loss: 0.4577719271183014
INFO Gradient norm: 6.313229586433639
PROGRESS    Completed epoch 1089 / 2000;    current loss: 0.45559293031692505
INFO Gradient norm: 17.026092439927215
PROGRESS    Completed epoch 1090 / 2000;    current loss: 0.4597150981426239
INFO Gradient norm: 13.204544526333065
PROGRESS    Completed epoch 1091 / 2000;    current loss: 0.45704397559165955
INFO Gradient norm: 12.4276581575014
PROGRESS    Completed epoch 1092 / 2000;    current loss: 0.45597511529922485
INFO Gradient norm: 9.777038198451782
PROGRESS    Completed epoch 1093 / 2000;    current loss: 0.45502370595932007
INFO Gradient norm: 15.476575616572864
PROGRESS    Completed epoch 1094 / 2000;    current loss: 0.45807716250419617
INFO Gradient norm: 13.746625463256448
PROGRESS    Completed epoch 1095 / 2000;    current loss: 0.45741963386535645
INFO Gradient norm: 10.651075442056008
PROGRESS    Completed epoch 1096 / 2000;    current loss: 0.4559786021709442
INFO Gradient norm: 10.162581411225975
PROGRESS    Completed epoch 1097 / 2000;    current loss: 0.4556049406528473
INFO Gradient norm: 11.606434626164573
PROGRESS    Completed epoch 1098 / 2000;    current loss: 0.4560145139694214
INFO Gradient norm: 8.20286686581215
PROGRESS    Completed epoch 1099 / 2000;    current loss: 0.45441049337387085
INFO Gradient norm: 13.157941491367247
PROGRESS    Completed epoch 1100 / 2000;    current loss: 0.4562188982963562
INFO Gradient norm: 6.059434212092793
PROGRESS    Completed epoch 1101 / 2000;    current loss: 0.45470941066741943
INFO Gradient norm: 16.156814814800644
PROGRESS    Completed epoch 1102 / 2000;    current loss: 0.45859628915786743
INFO Gradient norm: 12.236892125654537
PROGRESS    Completed epoch 1103 / 2000;    current loss: 0.45640039443969727
INFO Gradient norm: 12.870324978997234
PROGRESS    Completed epoch 1104 / 2000;    current loss: 0.4563238024711609
INFO Gradient norm: 12.25741325785532
PROGRESS    Completed epoch 1105 / 2000;    current loss: 0.4557693600654602
INFO Gradient norm: 10.289240823024029
PROGRESS    Completed epoch 1106 / 2000;    current loss: 0.4547734558582306
INFO Gradient norm: 8.56025022769625
PROGRESS    Completed epoch 1107 / 2000;    current loss: 0.45431265234947205
INFO Gradient norm: 12.730708814494262
PROGRESS    Completed epoch 1108 / 2000;    current loss: 0.45474618673324585
INFO Gradient norm: 9.077531969761226
PROGRESS    Completed epoch 1109 / 2000;    current loss: 0.4528871178627014
INFO Gradient norm: 13.950986109521534
PROGRESS    Completed epoch 1110 / 2000;    current loss: 0.4543793499469757
INFO Gradient norm: 11.447829389805184
PROGRESS    Completed epoch 1111 / 2000;    current loss: 0.45261281728744507
INFO Gradient norm: 11.994059967230633
PROGRESS    Completed epoch 1112 / 2000;    current loss: 0.45217305421829224
INFO Gradient norm: 10.278799647010693
PROGRESS    Completed epoch 1113 / 2000;    current loss: 0.4509319067001343
INFO Gradient norm: 12.676784174261524
PROGRESS    Completed epoch 1114 / 2000;    current loss: 0.4514835774898529
INFO Gradient norm: 11.928548308062393
PROGRESS    Completed epoch 1115 / 2000;    current loss: 0.4509103298187256
INFO Gradient norm: 7.244814187253314
PROGRESS    Completed epoch 1116 / 2000;    current loss: 0.44943538308143616
INFO Gradient norm: 2.3046250189258077
PROGRESS    Completed epoch 1117 / 2000;    current loss: 0.44904235005378723
INFO Gradient norm: 12.092307684449079
PROGRESS    Completed epoch 1118 / 2000;    current loss: 0.4510312080383301
INFO Gradient norm: 3.941660886184318
PROGRESS    Completed epoch 1119 / 2000;    current loss: 0.4488323926925659
INFO Gradient norm: 19.47375571554414
PROGRESS    Completed epoch 1120 / 2000;    current loss: 0.4552680552005768
INFO Gradient norm: 15.664299234705062
PROGRESS    Completed epoch 1121 / 2000;    current loss: 0.45324045419692993
INFO Gradient norm: 11.792787146432252
PROGRESS    Completed epoch 1122 / 2000;    current loss: 0.45077937841415405
INFO Gradient norm: 12.538359321268299
PROGRESS    Completed epoch 1123 / 2000;    current loss: 0.45093151926994324
INFO Gradient norm: 10.220274399048828
PROGRESS    Completed epoch 1124 / 2000;    current loss: 0.44946807622909546
INFO Gradient norm: 8.36145029744577
PROGRESS    Completed epoch 1125 / 2000;    current loss: 0.44842728972435
INFO Gradient norm: 12.652931468101979
PROGRESS    Completed epoch 1126 / 2000;    current loss: 0.45014488697052
INFO Gradient norm: 10.868077519567436
PROGRESS    Completed epoch 1127 / 2000;    current loss: 0.4485827684402466
INFO Gradient norm: 12.005266379967862
PROGRESS    Completed epoch 1128 / 2000;    current loss: 0.449044406414032
INFO Gradient norm: 9.146844917475965
PROGRESS    Completed epoch 1129 / 2000;    current loss: 0.44875389337539673
INFO Gradient norm: 14.506561944145488
PROGRESS    Completed epoch 1130 / 2000;    current loss: 0.4504060745239258
INFO Gradient norm: 10.852154874541492
PROGRESS    Completed epoch 1131 / 2000;    current loss: 0.44852152466773987
INFO Gradient norm: 10.37945507155331
PROGRESS    Completed epoch 1132 / 2000;    current loss: 0.44837504625320435
INFO Gradient norm: 6.570900603698246
PROGRESS    Completed epoch 1133 / 2000;    current loss: 0.4475136399269104
INFO Gradient norm: 13.378278288161845
PROGRESS    Completed epoch 1134 / 2000;    current loss: 0.4496583342552185
INFO Gradient norm: 12.137828073280348
PROGRESS    Completed epoch 1135 / 2000;    current loss: 0.4495827257633209
INFO Gradient norm: 9.19270791492372
PROGRESS    Completed epoch 1136 / 2000;    current loss: 0.44990384578704834
INFO Gradient norm: 7.776308286899911
PROGRESS    Completed epoch 1137 / 2000;    current loss: 0.4490777850151062
INFO Gradient norm: 11.126030220656723
PROGRESS    Completed epoch 1138 / 2000;    current loss: 0.4500245451927185
INFO Gradient norm: 6.195554206176834
PROGRESS    Completed epoch 1139 / 2000;    current loss: 0.4480208456516266
INFO Gradient norm: 15.947250602420858
PROGRESS    Completed epoch 1140 / 2000;    current loss: 0.45146897435188293
INFO Gradient norm: 8.112444089614185
PROGRESS    Completed epoch 1141 / 2000;    current loss: 0.44950732588768005
INFO Gradient norm: 18.02478965749973
PROGRESS    Completed epoch 1142 / 2000;    current loss: 0.4539993405342102
INFO Gradient norm: 17.25005008510579
PROGRESS    Completed epoch 1143 / 2000;    current loss: 0.4537333846092224
INFO Gradient norm: 6.499500293949879
PROGRESS    Completed epoch 1144 / 2000;    current loss: 0.44894587993621826
INFO Gradient norm: 10.261153006266792
PROGRESS    Completed epoch 1145 / 2000;    current loss: 0.4494853615760803
INFO Gradient norm: 6.4723005331904835
PROGRESS    Completed epoch 1146 / 2000;    current loss: 0.4476010799407959
INFO Gradient norm: 2.740273424949688
PROGRESS    Completed epoch 1147 / 2000;    current loss: 0.44608569145202637
INFO Gradient norm: 14.568500788147722
PROGRESS    Completed epoch 1148 / 2000;    current loss: 0.4493817090988159
INFO Gradient norm: 7.253756178997164
PROGRESS    Completed epoch 1149 / 2000;    current loss: 0.44537585973739624
INFO Gradient norm: 17.9147712249906
PROGRESS    Completed epoch 1150 / 2000;    current loss: 0.4488929212093353
INFO Gradient norm: 21.655026298073874
PROGRESS    Completed epoch 1151 / 2000;    current loss: 0.4517423212528229
INFO Gradient norm: 3.2331238132209443
PROGRESS    Completed epoch 1152 / 2000;    current loss: 0.44328412413597107
INFO Gradient norm: 21.455401465682478
PROGRESS    Completed epoch 1153 / 2000;    current loss: 0.452293336391449
INFO Gradient norm: 17.99857107228895
PROGRESS    Completed epoch 1154 / 2000;    current loss: 0.4506482779979706
INFO Gradient norm: 8.019729504839047
PROGRESS    Completed epoch 1155 / 2000;    current loss: 0.447013258934021
INFO Gradient norm: 10.141848094010067
PROGRESS    Completed epoch 1156 / 2000;    current loss: 0.44959697127342224
INFO Gradient norm: 10.160964145033732
PROGRESS    Completed epoch 1157 / 2000;    current loss: 0.4496677815914154
INFO Gradient norm: 8.503751993879371
PROGRESS    Completed epoch 1158 / 2000;    current loss: 0.4490545392036438
INFO Gradient norm: 12.587334649962278
PROGRESS    Completed epoch 1159 / 2000;    current loss: 0.450406014919281
INFO Gradient norm: 8.099229138286779
PROGRESS    Completed epoch 1160 / 2000;    current loss: 0.4481301009654999
INFO Gradient norm: 14.339604458635636
PROGRESS    Completed epoch 1161 / 2000;    current loss: 0.45048457384109497
INFO Gradient norm: 10.236149164873549
PROGRESS    Completed epoch 1162 / 2000;    current loss: 0.44875746965408325
INFO Gradient norm: 13.411692956971095
PROGRESS    Completed epoch 1163 / 2000;    current loss: 0.45012038946151733
INFO Gradient norm: 10.734636061161908
PROGRESS    Completed epoch 1164 / 2000;    current loss: 0.44841447472572327
INFO Gradient norm: 13.212976741583757
PROGRESS    Completed epoch 1165 / 2000;    current loss: 0.44896453619003296
INFO Gradient norm: 11.578976211533657
PROGRESS    Completed epoch 1166 / 2000;    current loss: 0.4471486806869507
INFO Gradient norm: 10.76514065398701
PROGRESS    Completed epoch 1167 / 2000;    current loss: 0.44679588079452515
INFO Gradient norm: 8.071473592843937
PROGRESS    Completed epoch 1168 / 2000;    current loss: 0.4459490478038788
INFO Gradient norm: 13.608660223287439
PROGRESS    Completed epoch 1169 / 2000;    current loss: 0.44767117500305176
INFO Gradient norm: 10.513083386147413
PROGRESS    Completed epoch 1170 / 2000;    current loss: 0.445894330739975
INFO Gradient norm: 13.080704980427097
PROGRESS    Completed epoch 1171 / 2000;    current loss: 0.4468538463115692
INFO Gradient norm: 11.672671473641463
PROGRESS    Completed epoch 1172 / 2000;    current loss: 0.44578322768211365
INFO Gradient norm: 8.912815380721405
PROGRESS    Completed epoch 1173 / 2000;    current loss: 0.44455355405807495
INFO Gradient norm: 4.74878663798242
PROGRESS    Completed epoch 1174 / 2000;    current loss: 0.4438854455947876
INFO Gradient norm: 13.007132637425894
PROGRESS    Completed epoch 1175 / 2000;    current loss: 0.44645005464553833
INFO Gradient norm: 6.938219862603854
PROGRESS    Completed epoch 1176 / 2000;    current loss: 0.4436517655849457
INFO Gradient norm: 16.357940627941325
PROGRESS    Completed epoch 1177 / 2000;    current loss: 0.4472958445549011
INFO Gradient norm: 14.63736452989757
PROGRESS    Completed epoch 1178 / 2000;    current loss: 0.44571951031684875
INFO Gradient norm: 8.708131370252836
PROGRESS    Completed epoch 1179 / 2000;    current loss: 0.44213297963142395
INFO Gradient norm: 9.361452646738973
PROGRESS    Completed epoch 1180 / 2000;    current loss: 0.4418407082557678
INFO Gradient norm: 10.101563927341592
PROGRESS    Completed epoch 1181 / 2000;    current loss: 0.4412504732608795
INFO Gradient norm: 6.726847702395478
PROGRESS    Completed epoch 1182 / 2000;    current loss: 0.4395991563796997
INFO Gradient norm: 13.859765278176726
PROGRESS    Completed epoch 1183 / 2000;    current loss: 0.4417223632335663
INFO Gradient norm: 11.15109236985187
PROGRESS    Completed epoch 1184 / 2000;    current loss: 0.4398714601993561
INFO Gradient norm: 6.232907243049166
PROGRESS    Completed epoch 1185 / 2000;    current loss: 0.43908196687698364
INFO Gradient norm: 3.1242564091789533
PROGRESS    Completed epoch 1186 / 2000;    current loss: 0.438309907913208
INFO Gradient norm: 12.840499644343245
PROGRESS    Completed epoch 1187 / 2000;    current loss: 0.4412533640861511
INFO Gradient norm: 5.723356361535072
PROGRESS    Completed epoch 1188 / 2000;    current loss: 0.438500314950943
INFO Gradient norm: 13.060176903122109
PROGRESS    Completed epoch 1189 / 2000;    current loss: 0.44194296002388
INFO Gradient norm: 8.701026043601948
PROGRESS    Completed epoch 1190 / 2000;    current loss: 0.44106924533843994
INFO Gradient norm: 12.75777383290134
PROGRESS    Completed epoch 1191 / 2000;    current loss: 0.4430544972419739
INFO Gradient norm: 10.614837042417228
PROGRESS    Completed epoch 1192 / 2000;    current loss: 0.4421630799770355
INFO Gradient norm: 11.423661588284547
PROGRESS    Completed epoch 1193 / 2000;    current loss: 0.44300326704978943
INFO Gradient norm: 10.291630573433231
PROGRESS    Completed epoch 1194 / 2000;    current loss: 0.4424167275428772
INFO Gradient norm: 10.139926351613626
PROGRESS    Completed epoch 1195 / 2000;    current loss: 0.4420476257801056
INFO Gradient norm: 7.994835897452836
PROGRESS    Completed epoch 1196 / 2000;    current loss: 0.4406876266002655
INFO Gradient norm: 12.37826890899743
PROGRESS    Completed epoch 1197 / 2000;    current loss: 0.4411405324935913
INFO Gradient norm: 9.577271459192097
PROGRESS    Completed epoch 1198 / 2000;    current loss: 0.43943431973457336
INFO Gradient norm: 13.713089700982762
PROGRESS    Completed epoch 1199 / 2000;    current loss: 0.4411903917789459
INFO Gradient norm: 12.0382226310711
PROGRESS    Completed epoch 1200 / 2000;    current loss: 0.4399013817310333
INFO Gradient norm: 10.316144654727088
PROGRESS    Completed epoch 1201 / 2000;    current loss: 0.43849384784698486
INFO Gradient norm: 9.384894126721695
PROGRESS    Completed epoch 1202 / 2000;    current loss: 0.43772873282432556
INFO Gradient norm: 11.12299299812194
PROGRESS    Completed epoch 1203 / 2000;    current loss: 0.4381314218044281
INFO Gradient norm: 8.45100960584316
PROGRESS    Completed epoch 1204 / 2000;    current loss: 0.43666642904281616
INFO Gradient norm: 9.682372835470748
PROGRESS    Completed epoch 1205 / 2000;    current loss: 0.4370046854019165
INFO Gradient norm: 2.224588394259753
PROGRESS    Completed epoch 1206 / 2000;    current loss: 0.43665802478790283
INFO Gradient norm: 8.196492242434607
PROGRESS    Completed epoch 1207 / 2000;    current loss: 0.4382111132144928
INFO Gradient norm: 4.623506450336933
PROGRESS    Completed epoch 1208 / 2000;    current loss: 0.4371638894081116
INFO Gradient norm: 3.0266455701313673
PROGRESS    Completed epoch 1209 / 2000;    current loss: 0.43606069684028625
INFO Gradient norm: 8.880616890397244
PROGRESS    Completed epoch 1210 / 2000;    current loss: 0.4359886050224304
INFO Gradient norm: 5.242667971746164
PROGRESS    Completed epoch 1211 / 2000;    current loss: 0.4347255825996399
INFO Gradient norm: 4.529310880172019
PROGRESS    Completed epoch 1212 / 2000;    current loss: 0.43539464473724365
INFO Gradient norm: 3.0273071329148493
PROGRESS    Completed epoch 1213 / 2000;    current loss: 0.43564096093177795
INFO Gradient norm: 5.56578182959519
PROGRESS    Completed epoch 1214 / 2000;    current loss: 0.43604767322540283
INFO Gradient norm: 2.8422334290158435
PROGRESS    Completed epoch 1215 / 2000;    current loss: 0.434793084859848
INFO Gradient norm: 3.3142574710070494
PROGRESS    Completed epoch 1216 / 2000;    current loss: 0.433752179145813
INFO Gradient norm: 8.315495182772576
PROGRESS    Completed epoch 1217 / 2000;    current loss: 0.4343176484107971
INFO Gradient norm: 2.4238802702741444
PROGRESS    Completed epoch 1218 / 2000;    current loss: 0.43228524923324585
INFO Gradient norm: 2.102030799581492
PROGRESS    Completed epoch 1219 / 2000;    current loss: 0.4315323829650879
INFO Gradient norm: 1.9022702942686402
PROGRESS    Completed epoch 1220 / 2000;    current loss: 0.4305512011051178
INFO Gradient norm: 5.06156209905623
PROGRESS    Completed epoch 1221 / 2000;    current loss: 0.43050357699394226
INFO Gradient norm: 4.824953873704155
PROGRESS    Completed epoch 1222 / 2000;    current loss: 0.43117445707321167
INFO Gradient norm: 3.7307575493338136
PROGRESS    Completed epoch 1223 / 2000;    current loss: 0.4308621287345886
INFO Gradient norm: 3.138247421127607
PROGRESS    Completed epoch 1224 / 2000;    current loss: 0.4290095865726471
INFO Gradient norm: 2.839523286210335
PROGRESS    Completed epoch 1225 / 2000;    current loss: 0.4277087152004242
INFO Gradient norm: 4.8861251203756435
PROGRESS    Completed epoch 1226 / 2000;    current loss: 0.4279668927192688
INFO Gradient norm: 5.478783971370303
PROGRESS    Completed epoch 1227 / 2000;    current loss: 0.4280785024166107
INFO Gradient norm: 2.5629933201296455
PROGRESS    Completed epoch 1228 / 2000;    current loss: 0.42769938707351685
INFO Gradient norm: 5.397653404017702
PROGRESS    Completed epoch 1229 / 2000;    current loss: 0.42722317576408386
INFO Gradient norm: 6.70062407999139
PROGRESS    Completed epoch 1230 / 2000;    current loss: 0.4264482259750366
INFO Gradient norm: 2.156896507143707
PROGRESS    Completed epoch 1231 / 2000;    current loss: 0.42476561665534973
INFO Gradient norm: 6.628647541933114
PROGRESS    Completed epoch 1232 / 2000;    current loss: 0.4249880909919739
INFO Gradient norm: 4.038015796503097
PROGRESS    Completed epoch 1233 / 2000;    current loss: 0.4240795075893402
INFO Gradient norm: 4.750540071624222
PROGRESS    Completed epoch 1234 / 2000;    current loss: 0.42445841431617737
INFO Gradient norm: 6.910733923734583
PROGRESS    Completed epoch 1235 / 2000;    current loss: 0.4243432283401489
INFO Gradient norm: 3.212076966125423
PROGRESS    Completed epoch 1236 / 2000;    current loss: 0.4229101240634918
INFO Gradient norm: 6.183795150682018
PROGRESS    Completed epoch 1237 / 2000;    current loss: 0.4225221872329712
INFO Gradient norm: 2.928800653322344
PROGRESS    Completed epoch 1238 / 2000;    current loss: 0.4221529960632324
INFO Gradient norm: 2.7185383880681306
PROGRESS    Completed epoch 1239 / 2000;    current loss: 0.4219362735748291
INFO Gradient norm: 3.3915305690356217
PROGRESS    Completed epoch 1240 / 2000;    current loss: 0.42155060172080994
INFO Gradient norm: 6.327787921158267
PROGRESS    Completed epoch 1241 / 2000;    current loss: 0.42151644825935364
INFO Gradient norm: 2.3719146961758324
PROGRESS    Completed epoch 1242 / 2000;    current loss: 0.42037126421928406
INFO Gradient norm: 2.266160018445422
PROGRESS    Completed epoch 1243 / 2000;    current loss: 0.41965651512145996
INFO Gradient norm: 2.1294022866460804
PROGRESS    Completed epoch 1244 / 2000;    current loss: 0.41894468665122986
INFO Gradient norm: 8.326779321191255
PROGRESS    Completed epoch 1245 / 2000;    current loss: 0.4198737144470215
INFO Gradient norm: 3.401280928909471
PROGRESS    Completed epoch 1246 / 2000;    current loss: 0.41870588064193726
INFO Gradient norm: 3.3136642012211155
PROGRESS    Completed epoch 1247 / 2000;    current loss: 0.4181539714336395
INFO Gradient norm: 3.5888792115214185
PROGRESS    Completed epoch 1248 / 2000;    current loss: 0.4171577990055084
INFO Gradient norm: 2.3575045072519916
PROGRESS    Completed epoch 1249 / 2000;    current loss: 0.4174211025238037
INFO Gradient norm: 3.5561258293760827
PROGRESS    Completed epoch 1250 / 2000;    current loss: 0.417184978723526
INFO Gradient norm: 6.3467560815535125
PROGRESS    Completed epoch 1251 / 2000;    current loss: 0.41738682985305786
INFO Gradient norm: 4.966795714802783
PROGRESS    Completed epoch 1252 / 2000;    current loss: 0.417012095451355
INFO Gradient norm: 2.3192855685263396
PROGRESS    Completed epoch 1253 / 2000;    current loss: 0.4163009226322174
INFO Gradient norm: 3.0695369344033256
PROGRESS    Completed epoch 1254 / 2000;    current loss: 0.41534358263015747
INFO Gradient norm: 7.689585778470977
PROGRESS    Completed epoch 1255 / 2000;    current loss: 0.41505831480026245
INFO Gradient norm: 4.815555633477703
PROGRESS    Completed epoch 1256 / 2000;    current loss: 0.41487178206443787
INFO Gradient norm: 12.663274440272998
PROGRESS    Completed epoch 1257 / 2000;    current loss: 0.4177963435649872
INFO Gradient norm: 6.583107320418286
PROGRESS    Completed epoch 1258 / 2000;    current loss: 0.4159959852695465
INFO Gradient norm: 12.7298066605087
PROGRESS    Completed epoch 1259 / 2000;    current loss: 0.41865259408950806
INFO Gradient norm: 8.463908661778467
PROGRESS    Completed epoch 1260 / 2000;    current loss: 0.41630321741104126
INFO Gradient norm: 14.547735487915432
PROGRESS    Completed epoch 1261 / 2000;    current loss: 0.4182446300983429
INFO Gradient norm: 8.133239352944177
PROGRESS    Completed epoch 1262 / 2000;    current loss: 0.41638436913490295
INFO Gradient norm: 14.399847814780415
PROGRESS    Completed epoch 1263 / 2000;    current loss: 0.41916778683662415
INFO Gradient norm: 13.050898411454783
PROGRESS    Completed epoch 1264 / 2000;    current loss: 0.4183815121650696
INFO Gradient norm: 8.509929630108445
PROGRESS    Completed epoch 1265 / 2000;    current loss: 0.4166370630264282
INFO Gradient norm: 10.41451938670812
PROGRESS    Completed epoch 1266 / 2000;    current loss: 0.4165882468223572
INFO Gradient norm: 6.669297306812347
PROGRESS    Completed epoch 1267 / 2000;    current loss: 0.4145157039165497
INFO Gradient norm: 3.2134999051003548
PROGRESS    Completed epoch 1268 / 2000;    current loss: 0.4128529727458954
INFO Gradient norm: 4.855586150189045
PROGRESS    Completed epoch 1269 / 2000;    current loss: 0.41243264079093933
INFO Gradient norm: 10.778062714013833
PROGRESS    Completed epoch 1270 / 2000;    current loss: 0.4146985709667206
INFO Gradient norm: 5.247150859932367
PROGRESS    Completed epoch 1271 / 2000;    current loss: 0.4132147431373596
INFO Gradient norm: 14.291256634787409
PROGRESS    Completed epoch 1272 / 2000;    current loss: 0.4171074628829956
INFO Gradient norm: 8.735487146907825
PROGRESS    Completed epoch 1273 / 2000;    current loss: 0.4148646593093872
INFO Gradient norm: 14.297017499195377
PROGRESS    Completed epoch 1274 / 2000;    current loss: 0.4173623323440552
INFO Gradient norm: 14.493276292203614
PROGRESS    Completed epoch 1275 / 2000;    current loss: 0.4185175597667694
INFO Gradient norm: 4.890271883650395
PROGRESS    Completed epoch 1276 / 2000;    current loss: 0.4151225686073303
INFO Gradient norm: 7.74131064629203
PROGRESS    Completed epoch 1277 / 2000;    current loss: 0.41557735204696655
INFO Gradient norm: 7.301799346533692
PROGRESS    Completed epoch 1278 / 2000;    current loss: 0.41496893763542175
INFO Gradient norm: 3.661545546376652
PROGRESS    Completed epoch 1279 / 2000;    current loss: 0.4135018587112427
INFO Gradient norm: 6.900110166067553
PROGRESS    Completed epoch 1280 / 2000;    current loss: 0.41394561529159546
INFO Gradient norm: 3.2662709983431073
PROGRESS    Completed epoch 1281 / 2000;    current loss: 0.41303035616874695
INFO Gradient norm: 3.1267241157423054
PROGRESS    Completed epoch 1282 / 2000;    current loss: 0.41255471110343933
INFO Gradient norm: 4.380944863819325
PROGRESS    Completed epoch 1283 / 2000;    current loss: 0.41153931617736816
INFO Gradient norm: 2.780018789811059
PROGRESS    Completed epoch 1284 / 2000;    current loss: 0.4112548232078552
INFO Gradient norm: 2.369514559042346
PROGRESS    Completed epoch 1285 / 2000;    current loss: 0.4100918173789978
INFO Gradient norm: 2.8460639582983895
PROGRESS    Completed epoch 1286 / 2000;    current loss: 0.4087483584880829
INFO Gradient norm: 3.2653345002892578
PROGRESS    Completed epoch 1287 / 2000;    current loss: 0.4091971814632416
INFO Gradient norm: 8.243330133162182
PROGRESS    Completed epoch 1288 / 2000;    current loss: 0.4106987416744232
INFO Gradient norm: 2.758412096276231
PROGRESS    Completed epoch 1289 / 2000;    current loss: 0.4096471965312958
INFO Gradient norm: 9.646852094784089
PROGRESS    Completed epoch 1290 / 2000;    current loss: 0.4104982316493988
INFO Gradient norm: 2.058213175902654
PROGRESS    Completed epoch 1291 / 2000;    current loss: 0.40769681334495544
INFO Gradient norm: 2.093674028107247
PROGRESS    Completed epoch 1292 / 2000;    current loss: 0.40739643573760986
INFO Gradient norm: 5.103142740373002
PROGRESS    Completed epoch 1293 / 2000;    current loss: 0.40804606676101685
INFO Gradient norm: 8.211158919136937
PROGRESS    Completed epoch 1294 / 2000;    current loss: 0.4087456166744232
INFO Gradient norm: 2.7490604718537943
PROGRESS    Completed epoch 1295 / 2000;    current loss: 0.40734314918518066
INFO Gradient norm: 11.866162461526475
PROGRESS    Completed epoch 1296 / 2000;    current loss: 0.40875327587127686
INFO Gradient norm: 7.407325371383973
PROGRESS    Completed epoch 1297 / 2000;    current loss: 0.4066215753555298
INFO Gradient norm: 7.082985335889484
PROGRESS    Completed epoch 1298 / 2000;    current loss: 0.4075772166252136
INFO Gradient norm: 3.2912084118441656
PROGRESS    Completed epoch 1299 / 2000;    current loss: 0.4078257381916046
INFO Gradient norm: 10.674399660422717
PROGRESS    Completed epoch 1300 / 2000;    current loss: 0.40957215428352356
INFO Gradient norm: 3.6015312006369578
PROGRESS    Completed epoch 1301 / 2000;    current loss: 0.4069366455078125
INFO Gradient norm: 11.347063055525979
PROGRESS    Completed epoch 1302 / 2000;    current loss: 0.4095678925514221
INFO Gradient norm: 4.106538473614647
PROGRESS    Completed epoch 1303 / 2000;    current loss: 0.4079245924949646
INFO Gradient norm: 13.62114894524295
PROGRESS    Completed epoch 1304 / 2000;    current loss: 0.41069263219833374
INFO Gradient norm: 8.750008304932823
PROGRESS    Completed epoch 1305 / 2000;    current loss: 0.4077335000038147
INFO Gradient norm: 8.619863977373841
PROGRESS    Completed epoch 1306 / 2000;    current loss: 0.4079262316226959
INFO Gradient norm: 2.6433136735576412
PROGRESS    Completed epoch 1307 / 2000;    current loss: 0.40761950612068176
INFO Gradient norm: 12.228119010578105
PROGRESS    Completed epoch 1308 / 2000;    current loss: 0.41031962633132935
INFO Gradient norm: 3.547983736996444
PROGRESS    Completed epoch 1309 / 2000;    current loss: 0.4071773588657379
INFO Gradient norm: 17.821873625694824
PROGRESS    Completed epoch 1310 / 2000;    current loss: 0.4128677248954773
INFO Gradient norm: 11.843222933812855
PROGRESS    Completed epoch 1311 / 2000;    current loss: 0.40919268131256104
INFO Gradient norm: 13.1445161831589
PROGRESS    Completed epoch 1312 / 2000;    current loss: 0.41031238436698914
INFO Gradient norm: 14.608652041214732
PROGRESS    Completed epoch 1313 / 2000;    current loss: 0.4115036129951477
INFO Gradient norm: 5.074910831374668
PROGRESS    Completed epoch 1314 / 2000;    current loss: 0.4077022671699524
INFO Gradient norm: 9.011043804072484
PROGRESS    Completed epoch 1315 / 2000;    current loss: 0.4080201983451843
INFO Gradient norm: 6.1302607741465085
PROGRESS    Completed epoch 1316 / 2000;    current loss: 0.40641626715660095
INFO Gradient norm: 2.614392375143177
PROGRESS    Completed epoch 1317 / 2000;    current loss: 0.40497663617134094
INFO Gradient norm: 9.22930147192694
PROGRESS    Completed epoch 1318 / 2000;    current loss: 0.4053298532962799
INFO Gradient norm: 4.832617735041495
PROGRESS    Completed epoch 1319 / 2000;    current loss: 0.40377432107925415
INFO Gradient norm: 2.518954384805409
PROGRESS    Completed epoch 1320 / 2000;    current loss: 0.40314793586730957
INFO Gradient norm: 2.9307532401678547
PROGRESS    Completed epoch 1321 / 2000;    current loss: 0.40325379371643066
INFO Gradient norm: 4.281664092243542
PROGRESS    Completed epoch 1322 / 2000;    current loss: 0.4023267924785614
INFO Gradient norm: 3.3832081862340297
PROGRESS    Completed epoch 1323 / 2000;    current loss: 0.4019487202167511
INFO Gradient norm: 5.553129781029022
PROGRESS    Completed epoch 1324 / 2000;    current loss: 0.40214893221855164
INFO Gradient norm: 3.4537779334744396
PROGRESS    Completed epoch 1325 / 2000;    current loss: 0.4019456207752228
INFO Gradient norm: 3.422604650638181
PROGRESS    Completed epoch 1326 / 2000;    current loss: 0.40145960450172424
INFO Gradient norm: 2.7508281154869336
PROGRESS    Completed epoch 1327 / 2000;    current loss: 0.401045560836792
INFO Gradient norm: 3.7015805408461104
PROGRESS    Completed epoch 1328 / 2000;    current loss: 0.39999428391456604
INFO Gradient norm: 2.573012669926871
PROGRESS    Completed epoch 1329 / 2000;    current loss: 0.40002015233039856
INFO Gradient norm: 7.4736355075261995
PROGRESS    Completed epoch 1330 / 2000;    current loss: 0.40091773867607117
INFO Gradient norm: 2.7536184508398462
PROGRESS    Completed epoch 1331 / 2000;    current loss: 0.3998351991176605
INFO Gradient norm: 4.786347850354893
PROGRESS    Completed epoch 1332 / 2000;    current loss: 0.40014785528182983
INFO Gradient norm: 9.466747885394444
PROGRESS    Completed epoch 1333 / 2000;    current loss: 0.40114372968673706
INFO Gradient norm: 3.7623618142224933
PROGRESS    Completed epoch 1334 / 2000;    current loss: 0.3994538187980652
INFO Gradient norm: 11.883297033819087
PROGRESS    Completed epoch 1335 / 2000;    current loss: 0.40093982219696045
INFO Gradient norm: 9.807291618327271
PROGRESS    Completed epoch 1336 / 2000;    current loss: 0.3995150625705719
INFO Gradient norm: 3.228732330062528
PROGRESS    Completed epoch 1337 / 2000;    current loss: 0.39886143803596497
INFO Gradient norm: 3.7178682252721984
PROGRESS    Completed epoch 1338 / 2000;    current loss: 0.39900779724121094
INFO Gradient norm: 7.391176577435634
PROGRESS    Completed epoch 1339 / 2000;    current loss: 0.3990941345691681
INFO Gradient norm: 1.9847324065126937
PROGRESS    Completed epoch 1340 / 2000;    current loss: 0.39771905541419983
INFO Gradient norm: 3.211459934757845
PROGRESS    Completed epoch 1341 / 2000;    current loss: 0.39733755588531494
INFO Gradient norm: 11.522730671425515
PROGRESS    Completed epoch 1342 / 2000;    current loss: 0.399685263633728
INFO Gradient norm: 7.542143144400862
PROGRESS    Completed epoch 1343 / 2000;    current loss: 0.3985935151576996
INFO Gradient norm: 11.625265217759958
PROGRESS    Completed epoch 1344 / 2000;    current loss: 0.40076085925102234
INFO Gradient norm: 9.344921510581443
PROGRESS    Completed epoch 1345 / 2000;    current loss: 0.40028882026672363
INFO Gradient norm: 10.248360983468602
PROGRESS    Completed epoch 1346 / 2000;    current loss: 0.401187926530838
INFO Gradient norm: 8.522744401577413
PROGRESS    Completed epoch 1347 / 2000;    current loss: 0.40076881647109985
INFO Gradient norm: 11.392595041133301
PROGRESS    Completed epoch 1348 / 2000;    current loss: 0.4017162621021271
INFO Gradient norm: 9.478828375804193
PROGRESS    Completed epoch 1349 / 2000;    current loss: 0.40070390701293945
INFO Gradient norm: 9.949579614807933
PROGRESS    Completed epoch 1350 / 2000;    current loss: 0.40038856863975525
INFO Gradient norm: 8.078719354528038
PROGRESS    Completed epoch 1351 / 2000;    current loss: 0.39894941449165344
INFO Gradient norm: 11.266112798331767
PROGRESS    Completed epoch 1352 / 2000;    current loss: 0.39930975437164307
INFO Gradient norm: 9.306444647523925
PROGRESS    Completed epoch 1353 / 2000;    current loss: 0.3978355824947357
INFO Gradient norm: 10.239153545493545
PROGRESS    Completed epoch 1354 / 2000;    current loss: 0.3977248966693878
INFO Gradient norm: 10.703571085883446
PROGRESS    Completed epoch 1355 / 2000;    current loss: 0.3977345824241638
INFO Gradient norm: 6.424149126565231
PROGRESS    Completed epoch 1356 / 2000;    current loss: 0.39636722207069397
INFO Gradient norm: 2.3957474256902436
PROGRESS    Completed epoch 1357 / 2000;    current loss: 0.39624133706092834
INFO Gradient norm: 10.171930405120442
PROGRESS    Completed epoch 1358 / 2000;    current loss: 0.3976660370826721
INFO Gradient norm: 5.63928906962773
PROGRESS    Completed epoch 1359 / 2000;    current loss: 0.3964559733867645
INFO Gradient norm: 14.556044494120345
PROGRESS    Completed epoch 1360 / 2000;    current loss: 0.4001881182193756
INFO Gradient norm: 7.722011011732067
PROGRESS    Completed epoch 1361 / 2000;    current loss: 0.3980780839920044
INFO Gradient norm: 14.033603466125738
PROGRESS    Completed epoch 1362 / 2000;    current loss: 0.4018046259880066
INFO Gradient norm: 12.235077311092516
PROGRESS    Completed epoch 1363 / 2000;    current loss: 0.40143126249313354
INFO Gradient norm: 9.678286315953095
PROGRESS    Completed epoch 1364 / 2000;    current loss: 0.4003966748714447
INFO Gradient norm: 10.116036595303928
PROGRESS    Completed epoch 1365 / 2000;    current loss: 0.40059712529182434
INFO Gradient norm: 8.665187240788812
PROGRESS    Completed epoch 1366 / 2000;    current loss: 0.4001310467720032
INFO Gradient norm: 6.13884912589213
PROGRESS    Completed epoch 1367 / 2000;    current loss: 0.399055540561676
INFO Gradient norm: 13.56814785865627
PROGRESS    Completed epoch 1368 / 2000;    current loss: 0.4014257490634918
INFO Gradient norm: 10.33024797941346
PROGRESS    Completed epoch 1369 / 2000;    current loss: 0.3994395434856415
INFO Gradient norm: 11.814010395379734
PROGRESS    Completed epoch 1370 / 2000;    current loss: 0.3997253179550171
INFO Gradient norm: 11.410572144916697
PROGRESS    Completed epoch 1371 / 2000;    current loss: 0.399007111787796
INFO Gradient norm: 4.394411133271731
PROGRESS    Completed epoch 1372 / 2000;    current loss: 0.39710533618927
INFO Gradient norm: 5.330881456036408
PROGRESS    Completed epoch 1373 / 2000;    current loss: 0.39718174934387207
INFO Gradient norm: 7.309492229099391
PROGRESS    Completed epoch 1374 / 2000;    current loss: 0.3969936668872833
INFO Gradient norm: 2.1574532684009693
PROGRESS    Completed epoch 1375 / 2000;    current loss: 0.39530688524246216
INFO Gradient norm: 2.127817337966833
PROGRESS    Completed epoch 1376 / 2000;    current loss: 0.3953959345817566
INFO Gradient norm: 9.129858772650492
PROGRESS    Completed epoch 1377 / 2000;    current loss: 0.3974965810775757
INFO Gradient norm: 3.348080722104178
PROGRESS    Completed epoch 1378 / 2000;    current loss: 0.3969949781894684
INFO Gradient norm: 7.754687668377065
PROGRESS    Completed epoch 1379 / 2000;    current loss: 0.3973665237426758
INFO Gradient norm: 2.950575232394259
PROGRESS    Completed epoch 1380 / 2000;    current loss: 0.39536023139953613
INFO Gradient norm: 2.841536692366005
PROGRESS    Completed epoch 1381 / 2000;    current loss: 0.39409345388412476
INFO Gradient norm: 2.6927481836218568
PROGRESS    Completed epoch 1382 / 2000;    current loss: 0.3941197991371155
INFO Gradient norm: 11.774048032785643
PROGRESS    Completed epoch 1383 / 2000;    current loss: 0.39742952585220337
INFO Gradient norm: 5.617351917108739
PROGRESS    Completed epoch 1384 / 2000;    current loss: 0.39575254917144775
INFO Gradient norm: 15.817630644896203
PROGRESS    Completed epoch 1385 / 2000;    current loss: 0.4003739356994629
INFO Gradient norm: 14.957636671955095
PROGRESS    Completed epoch 1386 / 2000;    current loss: 0.3998234272003174
INFO Gradient norm: 5.0033496870492185
PROGRESS    Completed epoch 1387 / 2000;    current loss: 0.39582130312919617
INFO Gradient norm: 5.941212180998188
PROGRESS    Completed epoch 1388 / 2000;    current loss: 0.3960142433643341
INFO Gradient norm: 9.654597470218262
PROGRESS    Completed epoch 1389 / 2000;    current loss: 0.3968891501426697
INFO Gradient norm: 2.739302968054489
PROGRESS    Completed epoch 1390 / 2000;    current loss: 0.3960183560848236
INFO Gradient norm: 11.027237185831389
PROGRESS    Completed epoch 1391 / 2000;    current loss: 0.3979109525680542
INFO Gradient norm: 2.4354138535705654
PROGRESS    Completed epoch 1392 / 2000;    current loss: 0.39503416419029236
INFO Gradient norm: 12.146793720427906
PROGRESS    Completed epoch 1393 / 2000;    current loss: 0.3969496488571167
INFO Gradient norm: 4.69624937893263
PROGRESS    Completed epoch 1394 / 2000;    current loss: 0.3936045169830322
INFO Gradient norm: 16.378752402102656
PROGRESS    Completed epoch 1395 / 2000;    current loss: 0.39730313420295715
INFO Gradient norm: 16.57153195778861
PROGRESS    Completed epoch 1396 / 2000;    current loss: 0.3969244956970215
INFO Gradient norm: 6.170326928513538
PROGRESS    Completed epoch 1397 / 2000;    current loss: 0.39344078302383423
INFO Gradient norm: 18.471008850952472
PROGRESS    Completed epoch 1398 / 2000;    current loss: 0.4006121754646301
INFO Gradient norm: 19.694700400917863
PROGRESS    Completed epoch 1399 / 2000;    current loss: 0.40235215425491333
INFO Gradient norm: 2.938957363115516
PROGRESS    Completed epoch 1400 / 2000;    current loss: 0.3954836130142212
INFO Gradient norm: 21.209721002437693
PROGRESS    Completed epoch 1401 / 2000;    current loss: 0.4038483798503876
INFO Gradient norm: 19.571023663119046
PROGRESS    Completed epoch 1402 / 2000;    current loss: 0.40204551815986633
INFO Gradient norm: 3.0302242822168806
PROGRESS    Completed epoch 1403 / 2000;    current loss: 0.3941040635108948
INFO Gradient norm: 5.704265768139506
PROGRESS    Completed epoch 1404 / 2000;    current loss: 0.394454687833786
INFO Gradient norm: 6.1930687338756
PROGRESS    Completed epoch 1405 / 2000;    current loss: 0.39423471689224243
INFO Gradient norm: 2.013254929385732
PROGRESS    Completed epoch 1406 / 2000;    current loss: 0.39316198229789734
INFO Gradient norm: 1.9638081585763376
PROGRESS    Completed epoch 1407 / 2000;    current loss: 0.3926678001880646
INFO Gradient norm: 7.005374933529322
PROGRESS    Completed epoch 1408 / 2000;    current loss: 0.3934406340122223
INFO Gradient norm: 5.525333988802918
PROGRESS    Completed epoch 1409 / 2000;    current loss: 0.39291295409202576
INFO Gradient norm: 4.373621032145472
PROGRESS    Completed epoch 1410 / 2000;    current loss: 0.39163875579833984
INFO Gradient norm: 13.931794069137366
PROGRESS    Completed epoch 1411 / 2000;    current loss: 0.39433422684669495
INFO Gradient norm: 11.165134219919327
PROGRESS    Completed epoch 1412 / 2000;    current loss: 0.39302733540534973
INFO Gradient norm: 6.046092142178196
PROGRESS    Completed epoch 1413 / 2000;    current loss: 0.3924552798271179
INFO Gradient norm: 8.53577293272277
PROGRESS    Completed epoch 1414 / 2000;    current loss: 0.3927648365497589
INFO Gradient norm: 5.193713271983232
PROGRESS    Completed epoch 1415 / 2000;    current loss: 0.3908001482486725
INFO Gradient norm: 3.066940334357646
PROGRESS    Completed epoch 1416 / 2000;    current loss: 0.38929787278175354
INFO Gradient norm: 4.914838412470408
PROGRESS    Completed epoch 1417 / 2000;    current loss: 0.3900220990180969
INFO Gradient norm: 7.15192069812222
PROGRESS    Completed epoch 1418 / 2000;    current loss: 0.39106446504592896
INFO Gradient norm: 2.188754476166932
PROGRESS    Completed epoch 1419 / 2000;    current loss: 0.39059314131736755
INFO Gradient norm: 7.702802129820915
PROGRESS    Completed epoch 1420 / 2000;    current loss: 0.3913097381591797
INFO Gradient norm: 4.044535255711746
PROGRESS    Completed epoch 1421 / 2000;    current loss: 0.3902857005596161
INFO Gradient norm: 3.418577422176563
PROGRESS    Completed epoch 1422 / 2000;    current loss: 0.39010897278785706
INFO Gradient norm: 2.2536812663207257
PROGRESS    Completed epoch 1423 / 2000;    current loss: 0.3893176317214966
INFO Gradient norm: 2.856864564755385
PROGRESS    Completed epoch 1424 / 2000;    current loss: 0.38842248916625977
INFO Gradient norm: 3.7584307578006926
PROGRESS    Completed epoch 1425 / 2000;    current loss: 0.3891986608505249
INFO Gradient norm: 8.039311561877906
PROGRESS    Completed epoch 1426 / 2000;    current loss: 0.3909488618373871
INFO Gradient norm: 5.128631303194496
PROGRESS    Completed epoch 1427 / 2000;    current loss: 0.3903479278087616
INFO Gradient norm: 8.892821368154975
PROGRESS    Completed epoch 1428 / 2000;    current loss: 0.3898973762989044
INFO Gradient norm: 8.346244653053953
PROGRESS    Completed epoch 1429 / 2000;    current loss: 0.3901028037071228
INFO Gradient norm: 8.226494386030039
PROGRESS    Completed epoch 1430 / 2000;    current loss: 0.3911742568016052
INFO Gradient norm: 8.236663930078457
PROGRESS    Completed epoch 1431 / 2000;    current loss: 0.39081263542175293
INFO Gradient norm: 6.583699170218732
PROGRESS    Completed epoch 1432 / 2000;    current loss: 0.3888421654701233
INFO Gradient norm: 6.144228714635841
PROGRESS    Completed epoch 1433 / 2000;    current loss: 0.3885597586631775
INFO Gradient norm: 6.239752632887286
PROGRESS    Completed epoch 1434 / 2000;    current loss: 0.3893389403820038
INFO Gradient norm: 3.78504805360534
PROGRESS    Completed epoch 1435 / 2000;    current loss: 0.3887666165828705
INFO Gradient norm: 8.005187554230476
PROGRESS    Completed epoch 1436 / 2000;    current loss: 0.3885233998298645
INFO Gradient norm: 4.9845752546828
PROGRESS    Completed epoch 1437 / 2000;    current loss: 0.3879510462284088
INFO Gradient norm: 12.372369736308608
PROGRESS    Completed epoch 1438 / 2000;    current loss: 0.39075279235839844
INFO Gradient norm: 6.317919026055826
PROGRESS    Completed epoch 1439 / 2000;    current loss: 0.38902226090431213
INFO Gradient norm: 14.770808370612306
PROGRESS    Completed epoch 1440 / 2000;    current loss: 0.3926060199737549
INFO Gradient norm: 12.828795331286
PROGRESS    Completed epoch 1441 / 2000;    current loss: 0.3915313482284546
INFO Gradient norm: 6.820557411224293
PROGRESS    Completed epoch 1442 / 2000;    current loss: 0.3893927335739136
INFO Gradient norm: 5.785906768337565
PROGRESS    Completed epoch 1443 / 2000;    current loss: 0.3894706666469574
INFO Gradient norm: 10.092608040587326
PROGRESS    Completed epoch 1444 / 2000;    current loss: 0.39080244302749634
INFO Gradient norm: 4.7670159238402166
PROGRESS    Completed epoch 1445 / 2000;    current loss: 0.3890761435031891
INFO Gradient norm: 15.331344428903948
PROGRESS    Completed epoch 1446 / 2000;    current loss: 0.39296427369117737
INFO Gradient norm: 12.156032862943038
PROGRESS    Completed epoch 1447 / 2000;    current loss: 0.39082223176956177
INFO Gradient norm: 9.649762811037368
PROGRESS    Completed epoch 1448 / 2000;    current loss: 0.38955625891685486
INFO Gradient norm: 9.92160216679937
PROGRESS    Completed epoch 1449 / 2000;    current loss: 0.3894359767436981
INFO Gradient norm: 4.815756823204658
PROGRESS    Completed epoch 1450 / 2000;    current loss: 0.3883149027824402
INFO Gradient norm: 3.2325883649555402
PROGRESS    Completed epoch 1451 / 2000;    current loss: 0.3881477415561676
INFO Gradient norm: 8.477734371873126
PROGRESS    Completed epoch 1452 / 2000;    current loss: 0.388484388589859
INFO Gradient norm: 1.9666575411278346
PROGRESS    Completed epoch 1453 / 2000;    current loss: 0.3862212002277374
INFO Gradient norm: 2.0623671164108024
PROGRESS    Completed epoch 1454 / 2000;    current loss: 0.385834664106369
INFO Gradient norm: 13.002798326983612
PROGRESS    Completed epoch 1455 / 2000;    current loss: 0.38997989892959595
INFO Gradient norm: 6.001669224660573
PROGRESS    Completed epoch 1456 / 2000;    current loss: 0.3884151577949524
INFO Gradient norm: 17.83838171463385
PROGRESS    Completed epoch 1457 / 2000;    current loss: 0.3943346440792084
INFO Gradient norm: 17.169105824070463
PROGRESS    Completed epoch 1458 / 2000;    current loss: 0.3945522606372833
INFO Gradient norm: 6.439911208926635
PROGRESS    Completed epoch 1459 / 2000;    current loss: 0.39075541496276855
INFO Gradient norm: 13.824718812572668
PROGRESS    Completed epoch 1460 / 2000;    current loss: 0.392789363861084
INFO Gradient norm: 3.4985318931478955
PROGRESS    Completed epoch 1461 / 2000;    current loss: 0.3883795142173767
INFO Gradient norm: 11.523712598998905
PROGRESS    Completed epoch 1462 / 2000;    current loss: 0.3894236087799072
INFO Gradient norm: 3.767363077865343
PROGRESS    Completed epoch 1463 / 2000;    current loss: 0.3871002197265625
INFO Gradient norm: 16.65907292257887
PROGRESS    Completed epoch 1464 / 2000;    current loss: 0.39204949140548706
INFO Gradient norm: 14.42934367418434
PROGRESS    Completed epoch 1465 / 2000;    current loss: 0.3914816081523895
INFO Gradient norm: 6.052293066854336
PROGRESS    Completed epoch 1466 / 2000;    current loss: 0.3894638419151306
INFO Gradient norm: 9.344356565065926
PROGRESS    Completed epoch 1467 / 2000;    current loss: 0.3900673985481262
INFO Gradient norm: 2.934834050500827
PROGRESS    Completed epoch 1468 / 2000;    current loss: 0.3880547285079956
INFO Gradient norm: 10.155958170628645
PROGRESS    Completed epoch 1469 / 2000;    current loss: 0.3893134295940399
INFO Gradient norm: 3.7691359734515384
PROGRESS    Completed epoch 1470 / 2000;    current loss: 0.38749468326568604
INFO Gradient norm: 15.245011037413535
PROGRESS    Completed epoch 1471 / 2000;    current loss: 0.3913285434246063
INFO Gradient norm: 12.15179050919238
PROGRESS    Completed epoch 1472 / 2000;    current loss: 0.3894875645637512
INFO Gradient norm: 9.317864410559196
PROGRESS    Completed epoch 1473 / 2000;    current loss: 0.3887184262275696
INFO Gradient norm: 9.109099939518188
PROGRESS    Completed epoch 1474 / 2000;    current loss: 0.388611763715744
INFO Gradient norm: 10.455189331780428
PROGRESS    Completed epoch 1475 / 2000;    current loss: 0.38841551542282104
INFO Gradient norm: 9.052813648842898
PROGRESS    Completed epoch 1476 / 2000;    current loss: 0.38717201352119446
INFO Gradient norm: 9.367788074965542
PROGRESS    Completed epoch 1477 / 2000;    current loss: 0.38626348972320557
INFO Gradient norm: 7.640207867133801
PROGRESS    Completed epoch 1478 / 2000;    current loss: 0.3847979009151459
INFO Gradient norm: 6.767011341873218
PROGRESS    Completed epoch 1479 / 2000;    current loss: 0.3851565718650818
INFO Gradient norm: 4.032155842688885
PROGRESS    Completed epoch 1480 / 2000;    current loss: 0.38475728034973145
INFO Gradient norm: 8.63238378608562
PROGRESS    Completed epoch 1481 / 2000;    current loss: 0.38470786809921265
INFO Gradient norm: 5.091066705907531
PROGRESS    Completed epoch 1482 / 2000;    current loss: 0.38383787870407104
INFO Gradient norm: 9.91093575800712
PROGRESS    Completed epoch 1483 / 2000;    current loss: 0.38581129908561707
INFO Gradient norm: 4.772381993158309
PROGRESS    Completed epoch 1484 / 2000;    current loss: 0.38491231203079224
INFO Gradient norm: 11.850833675423704
PROGRESS    Completed epoch 1485 / 2000;    current loss: 0.3866901397705078
INFO Gradient norm: 7.056217953593382
PROGRESS    Completed epoch 1486 / 2000;    current loss: 0.38438349962234497
INFO Gradient norm: 10.732099981521634
PROGRESS    Completed epoch 1487 / 2000;    current loss: 0.38557887077331543
INFO Gradient norm: 6.432183311875068
PROGRESS    Completed epoch 1488 / 2000;    current loss: 0.384299099445343
INFO Gradient norm: 12.673022698699969
PROGRESS    Completed epoch 1489 / 2000;    current loss: 0.38644590973854065
INFO Gradient norm: 13.281615665666635
PROGRESS    Completed epoch 1490 / 2000;    current loss: 0.38705599308013916
INFO Gradient norm: 5.173992760918792
PROGRESS    Completed epoch 1491 / 2000;    current loss: 0.3847329318523407
INFO Gradient norm: 7.79112817651533
PROGRESS    Completed epoch 1492 / 2000;    current loss: 0.3853248357772827
INFO Gradient norm: 7.100344400618151
PROGRESS    Completed epoch 1493 / 2000;    current loss: 0.3849976658821106
INFO Gradient norm: 3.0844391705412297
PROGRESS    Completed epoch 1494 / 2000;    current loss: 0.3839242160320282
INFO Gradient norm: 7.88318522971445
PROGRESS    Completed epoch 1495 / 2000;    current loss: 0.3852022886276245
INFO Gradient norm: 2.3331912991207506
PROGRESS    Completed epoch 1496 / 2000;    current loss: 0.3843752443790436
INFO Gradient norm: 9.08570125890968
PROGRESS    Completed epoch 1497 / 2000;    current loss: 0.3852725028991699
INFO Gradient norm: 2.112574892637965
PROGRESS    Completed epoch 1498 / 2000;    current loss: 0.3830699026584625
INFO Gradient norm: 1.9372065198315667
PROGRESS    Completed epoch 1499 / 2000;    current loss: 0.3824191093444824
INFO Gradient norm: 6.616946842579417
PROGRESS    Completed epoch 1500 / 2000;    current loss: 0.3824641704559326
INFO Gradient norm: 4.731348816173607
PROGRESS    Completed epoch 1501 / 2000;    current loss: 0.382885217666626
INFO Gradient norm: 12.076384649962085
PROGRESS    Completed epoch 1502 / 2000;    current loss: 0.3861239552497864
INFO Gradient norm: 7.7121315831110815
PROGRESS    Completed epoch 1503 / 2000;    current loss: 0.3856675922870636
INFO Gradient norm: 11.265956739565466
PROGRESS    Completed epoch 1504 / 2000;    current loss: 0.38741737604141235
INFO Gradient norm: 7.451597839838687
PROGRESS    Completed epoch 1505 / 2000;    current loss: 0.385946661233902
INFO Gradient norm: 14.944752991403979
PROGRESS    Completed epoch 1506 / 2000;    current loss: 0.388433039188385
INFO Gradient norm: 13.054643898808006
PROGRESS    Completed epoch 1507 / 2000;    current loss: 0.38720494508743286
INFO Gradient norm: 9.533287803053769
PROGRESS    Completed epoch 1508 / 2000;    current loss: 0.38609960675239563
INFO Gradient norm: 9.47861183336538
PROGRESS    Completed epoch 1509 / 2000;    current loss: 0.38595861196517944
INFO Gradient norm: 9.868137985241722
PROGRESS    Completed epoch 1510 / 2000;    current loss: 0.385529100894928
INFO Gradient norm: 8.904670851451064
PROGRESS    Completed epoch 1511 / 2000;    current loss: 0.38459789752960205
INFO Gradient norm: 8.769777400371922
PROGRESS    Completed epoch 1512 / 2000;    current loss: 0.38382065296173096
INFO Gradient norm: 6.4093524022241
PROGRESS    Completed epoch 1513 / 2000;    current loss: 0.3823726773262024
INFO Gradient norm: 10.995198088268248
PROGRESS    Completed epoch 1514 / 2000;    current loss: 0.3833997845649719
INFO Gradient norm: 6.770438174177195
PROGRESS    Completed epoch 1515 / 2000;    current loss: 0.38164639472961426
INFO Gradient norm: 12.410083778519779
PROGRESS    Completed epoch 1516 / 2000;    current loss: 0.38325878977775574
INFO Gradient norm: 14.403080366689377
PROGRESS    Completed epoch 1517 / 2000;    current loss: 0.384943425655365
INFO Gradient norm: 2.708187556618763
PROGRESS    Completed epoch 1518 / 2000;    current loss: 0.38177961111068726
INFO Gradient norm: 7.408168049224973
PROGRESS    Completed epoch 1519 / 2000;    current loss: 0.38227975368499756
INFO Gradient norm: 4.450252716548507
PROGRESS    Completed epoch 1520 / 2000;    current loss: 0.38105690479278564
INFO Gradient norm: 3.9289794801158098
PROGRESS    Completed epoch 1521 / 2000;    current loss: 0.38069120049476624
INFO Gradient norm: 4.429343878125162
PROGRESS    Completed epoch 1522 / 2000;    current loss: 0.3813168406486511
INFO Gradient norm: 3.203507373744946
PROGRESS    Completed epoch 1523 / 2000;    current loss: 0.38124948740005493
INFO Gradient norm: 4.153302988589884
PROGRESS    Completed epoch 1524 / 2000;    current loss: 0.3810766041278839
INFO Gradient norm: 4.484522123848112
PROGRESS    Completed epoch 1525 / 2000;    current loss: 0.38038966059684753
INFO Gradient norm: 3.7516919103711768
PROGRESS    Completed epoch 1526 / 2000;    current loss: 0.37959444522857666
INFO Gradient norm: 5.8038111074779115
PROGRESS    Completed epoch 1527 / 2000;    current loss: 0.37971752882003784
INFO Gradient norm: 2.4265373516323847
PROGRESS    Completed epoch 1528 / 2000;    current loss: 0.3792651891708374
INFO Gradient norm: 5.392537684482995
PROGRESS    Completed epoch 1529 / 2000;    current loss: 0.37990695238113403
INFO Gradient norm: 5.608683465914816
PROGRESS    Completed epoch 1530 / 2000;    current loss: 0.37996843457221985
INFO Gradient norm: 2.155989505512891
PROGRESS    Completed epoch 1531 / 2000;    current loss: 0.3791212737560272
INFO Gradient norm: 9.363814567117716
PROGRESS    Completed epoch 1532 / 2000;    current loss: 0.37986934185028076
INFO Gradient norm: 7.1776330178552
PROGRESS    Completed epoch 1533 / 2000;    current loss: 0.37946832180023193
INFO Gradient norm: 8.249514365820477
PROGRESS    Completed epoch 1534 / 2000;    current loss: 0.3804589807987213
INFO Gradient norm: 4.358687697835012
PROGRESS    Completed epoch 1535 / 2000;    current loss: 0.38020434975624084
INFO Gradient norm: 10.97739508258937
PROGRESS    Completed epoch 1536 / 2000;    current loss: 0.3818882405757904
INFO Gradient norm: 4.752030104682684
PROGRESS    Completed epoch 1537 / 2000;    current loss: 0.37966859340667725
INFO Gradient norm: 16.18328278228447
PROGRESS    Completed epoch 1538 / 2000;    current loss: 0.3837834894657135
INFO Gradient norm: 10.572985046696127
PROGRESS    Completed epoch 1539 / 2000;    current loss: 0.38118594884872437
INFO Gradient norm: 12.99854917769441
PROGRESS    Completed epoch 1540 / 2000;    current loss: 0.3827025890350342
INFO Gradient norm: 13.860436504193881
PROGRESS    Completed epoch 1541 / 2000;    current loss: 0.38340699672698975
INFO Gradient norm: 5.253764317258511
PROGRESS    Completed epoch 1542 / 2000;    current loss: 0.38029611110687256
INFO Gradient norm: 4.952266713921356
PROGRESS    Completed epoch 1543 / 2000;    current loss: 0.3805786669254303
INFO Gradient norm: 6.994610235952249
PROGRESS    Completed epoch 1544 / 2000;    current loss: 0.38043612241744995
INFO Gradient norm: 2.289622861643451
PROGRESS    Completed epoch 1545 / 2000;    current loss: 0.37902167439460754
INFO Gradient norm: 5.957864311095338
PROGRESS    Completed epoch 1546 / 2000;    current loss: 0.379042387008667
INFO Gradient norm: 3.1764938697583607
PROGRESS    Completed epoch 1547 / 2000;    current loss: 0.37775087356567383
INFO Gradient norm: 2.5164958162956346
PROGRESS    Completed epoch 1548 / 2000;    current loss: 0.37725141644477844
INFO Gradient norm: 3.176303364718977
PROGRESS    Completed epoch 1549 / 2000;    current loss: 0.37749066948890686
INFO Gradient norm: 4.857564134977474
PROGRESS    Completed epoch 1550 / 2000;    current loss: 0.37764719128608704
INFO Gradient norm: 5.062543260435538
PROGRESS    Completed epoch 1551 / 2000;    current loss: 0.37765395641326904
INFO Gradient norm: 3.3140702371378468
PROGRESS    Completed epoch 1552 / 2000;    current loss: 0.3770940601825714
INFO Gradient norm: 5.479962732471179
PROGRESS    Completed epoch 1553 / 2000;    current loss: 0.37705034017562866
INFO Gradient norm: 3.8515849583760287
PROGRESS    Completed epoch 1554 / 2000;    current loss: 0.37704992294311523
INFO Gradient norm: 2.6008111411991597
PROGRESS    Completed epoch 1555 / 2000;    current loss: 0.3767067492008209
INFO Gradient norm: 2.0841427682599543
PROGRESS    Completed epoch 1556 / 2000;    current loss: 0.37620267271995544
INFO Gradient norm: 8.703221939593753
PROGRESS    Completed epoch 1557 / 2000;    current loss: 0.3774799704551697
INFO Gradient norm: 4.340078281195359
PROGRESS    Completed epoch 1558 / 2000;    current loss: 0.37679189443588257
INFO Gradient norm: 13.675681799602854
PROGRESS    Completed epoch 1559 / 2000;    current loss: 0.3802174925804138
INFO Gradient norm: 10.863470286168058
PROGRESS    Completed epoch 1560 / 2000;    current loss: 0.37903180718421936
INFO Gradient norm: 9.216646128813942
PROGRESS    Completed epoch 1561 / 2000;    current loss: 0.3786126971244812
INFO Gradient norm: 9.529552124812417
PROGRESS    Completed epoch 1562 / 2000;    current loss: 0.3788124918937683
INFO Gradient norm: 7.6905891042632035
PROGRESS    Completed epoch 1563 / 2000;    current loss: 0.37809279561042786
INFO Gradient norm: 6.908143481555749
PROGRESS    Completed epoch 1564 / 2000;    current loss: 0.3775324523448944
INFO Gradient norm: 8.827791462201011
PROGRESS    Completed epoch 1565 / 2000;    current loss: 0.3774782121181488
INFO Gradient norm: 9.47340530100379
PROGRESS    Completed epoch 1566 / 2000;    current loss: 0.37777718901634216
INFO Gradient norm: 7.8620000585030665
PROGRESS    Completed epoch 1567 / 2000;    current loss: 0.3772403299808502
INFO Gradient norm: 6.639727811284961
PROGRESS    Completed epoch 1568 / 2000;    current loss: 0.37677067518234253
INFO Gradient norm: 9.021218090753523
PROGRESS    Completed epoch 1569 / 2000;    current loss: 0.37705275416374207
INFO Gradient norm: 4.615596954440384
PROGRESS    Completed epoch 1570 / 2000;    current loss: 0.375517338514328
INFO Gradient norm: 11.556356011439828
PROGRESS    Completed epoch 1571 / 2000;    current loss: 0.3775305449962616
INFO Gradient norm: 6.332055120960417
PROGRESS    Completed epoch 1572 / 2000;    current loss: 0.3758857548236847
INFO Gradient norm: 12.555621497036357
PROGRESS    Completed epoch 1573 / 2000;    current loss: 0.3778574466705322
INFO Gradient norm: 12.459901180209352
PROGRESS    Completed epoch 1574 / 2000;    current loss: 0.37765002250671387
INFO Gradient norm: 4.754344534207239
PROGRESS    Completed epoch 1575 / 2000;    current loss: 0.3752274513244629
INFO Gradient norm: 6.900935130316995
PROGRESS    Completed epoch 1576 / 2000;    current loss: 0.375287264585495
INFO Gradient norm: 6.934123906405368
PROGRESS    Completed epoch 1577 / 2000;    current loss: 0.3749251067638397
INFO Gradient norm: 4.361020868071368
PROGRESS    Completed epoch 1578 / 2000;    current loss: 0.37438854575157166
INFO Gradient norm: 9.418554858056044
PROGRESS    Completed epoch 1579 / 2000;    current loss: 0.37599262595176697
INFO Gradient norm: 2.9758910822597135
PROGRESS    Completed epoch 1580 / 2000;    current loss: 0.3751393258571625
INFO Gradient norm: 12.688031966074908
PROGRESS    Completed epoch 1581 / 2000;    current loss: 0.3776393234729767
INFO Gradient norm: 6.275161839106919
PROGRESS    Completed epoch 1582 / 2000;    current loss: 0.37482160329818726
INFO Gradient norm: 10.078820316620659
PROGRESS    Completed epoch 1583 / 2000;    current loss: 0.37651845812797546
INFO Gradient norm: 3.5226869964759775
PROGRESS    Completed epoch 1584 / 2000;    current loss: 0.37633129954338074
INFO Gradient norm: 12.408266051355442
PROGRESS    Completed epoch 1585 / 2000;    current loss: 0.379402756690979
INFO Gradient norm: 7.407828078038768
PROGRESS    Completed epoch 1586 / 2000;    current loss: 0.3776301145553589
INFO Gradient norm: 13.24252258867936
PROGRESS    Completed epoch 1587 / 2000;    current loss: 0.3798205554485321
INFO Gradient norm: 13.011987784987559
PROGRESS    Completed epoch 1588 / 2000;    current loss: 0.379621297121048
INFO Gradient norm: 5.474466034490719
PROGRESS    Completed epoch 1589 / 2000;    current loss: 0.37683671712875366
INFO Gradient norm: 6.755490842489068
PROGRESS    Completed epoch 1590 / 2000;    current loss: 0.37676307559013367
INFO Gradient norm: 7.703830727851779
PROGRESS    Completed epoch 1591 / 2000;    current loss: 0.3764990270137787
INFO Gradient norm: 4.869182516257838
PROGRESS    Completed epoch 1592 / 2000;    current loss: 0.37523213028907776
INFO Gradient norm: 9.255165821283352
PROGRESS    Completed epoch 1593 / 2000;    current loss: 0.3754722774028778
INFO Gradient norm: 6.081131018603659
PROGRESS    Completed epoch 1594 / 2000;    current loss: 0.37396857142448425
INFO Gradient norm: 3.5935581147710787
PROGRESS    Completed epoch 1595 / 2000;    current loss: 0.37430575489997864
INFO Gradient norm: 1.9880175249507355
PROGRESS    Completed epoch 1596 / 2000;    current loss: 0.374361515045166
INFO Gradient norm: 4.443269383664598
PROGRESS    Completed epoch 1597 / 2000;    current loss: 0.37430331110954285
INFO Gradient norm: 4.638065310500002
PROGRESS    Completed epoch 1598 / 2000;    current loss: 0.374254435300827
INFO Gradient norm: 2.964072756944965
PROGRESS    Completed epoch 1599 / 2000;    current loss: 0.3737679123878479
INFO Gradient norm: 3.138927326949339
PROGRESS    Completed epoch 1600 / 2000;    current loss: 0.37316662073135376
INFO Gradient norm: 8.871981134538592
PROGRESS    Completed epoch 1601 / 2000;    current loss: 0.37430399656295776
INFO Gradient norm: 5.448864698882172
PROGRESS    Completed epoch 1602 / 2000;    current loss: 0.3735692501068115
INFO Gradient norm: 12.426018525860288
PROGRESS    Completed epoch 1603 / 2000;    current loss: 0.37590891122817993
INFO Gradient norm: 7.720872300074456
PROGRESS    Completed epoch 1604 / 2000;    current loss: 0.37495478987693787
INFO Gradient norm: 11.157928352380814
PROGRESS    Completed epoch 1605 / 2000;    current loss: 0.37673497200012207
INFO Gradient norm: 9.065258474258608
PROGRESS    Completed epoch 1606 / 2000;    current loss: 0.3760586082935333
INFO Gradient norm: 10.742637435749671
PROGRESS    Completed epoch 1607 / 2000;    current loss: 0.3763951361179352
INFO Gradient norm: 10.04560575145344
PROGRESS    Completed epoch 1608 / 2000;    current loss: 0.37602075934410095
INFO Gradient norm: 8.280881546459197
PROGRESS    Completed epoch 1609 / 2000;    current loss: 0.3754103183746338
INFO Gradient norm: 6.981673520698068
PROGRESS    Completed epoch 1610 / 2000;    current loss: 0.3746926188468933
INFO Gradient norm: 10.683842458119392
PROGRESS    Completed epoch 1611 / 2000;    current loss: 0.3753613531589508
INFO Gradient norm: 8.303253829760386
PROGRESS    Completed epoch 1612 / 2000;    current loss: 0.37416988611221313
INFO Gradient norm: 9.43671798578707
PROGRESS    Completed epoch 1613 / 2000;    current loss: 0.3743463158607483
INFO Gradient norm: 7.2854426244248645
PROGRESS    Completed epoch 1614 / 2000;    current loss: 0.3733902871608734
INFO Gradient norm: 7.297307704871837
PROGRESS    Completed epoch 1615 / 2000;    current loss: 0.37356871366500854
INFO Gradient norm: 3.3779098656468216
PROGRESS    Completed epoch 1616 / 2000;    current loss: 0.37308967113494873
INFO Gradient norm: 12.231530799470635
PROGRESS    Completed epoch 1617 / 2000;    current loss: 0.3755123019218445
INFO Gradient norm: 10.304343053362649
PROGRESS    Completed epoch 1618 / 2000;    current loss: 0.37484627962112427
INFO Gradient norm: 8.724506589978269
PROGRESS    Completed epoch 1619 / 2000;    current loss: 0.3744274973869324
INFO Gradient norm: 8.104522526782013
PROGRESS    Completed epoch 1620 / 2000;    current loss: 0.3743697702884674
INFO Gradient norm: 9.225914242708036
PROGRESS    Completed epoch 1621 / 2000;    current loss: 0.3748302161693573
INFO Gradient norm: 6.719807492922995
PROGRESS    Completed epoch 1622 / 2000;    current loss: 0.37396496534347534
INFO Gradient norm: 11.981911230946011
PROGRESS    Completed epoch 1623 / 2000;    current loss: 0.3754519820213318
INFO Gradient norm: 9.762763079604342
PROGRESS    Completed epoch 1624 / 2000;    current loss: 0.37430503964424133
INFO Gradient norm: 9.999603450070492
PROGRESS    Completed epoch 1625 / 2000;    current loss: 0.37431326508522034
INFO Gradient norm: 8.938252942017611
PROGRESS    Completed epoch 1626 / 2000;    current loss: 0.3737415075302124
INFO Gradient norm: 9.913803057531542
PROGRESS    Completed epoch 1627 / 2000;    current loss: 0.37371668219566345
INFO Gradient norm: 8.906911069248496
PROGRESS    Completed epoch 1628 / 2000;    current loss: 0.3731425106525421
INFO Gradient norm: 9.13112120637558
PROGRESS    Completed epoch 1629 / 2000;    current loss: 0.37310701608657837
INFO Gradient norm: 7.518493854920535
PROGRESS    Completed epoch 1630 / 2000;    current loss: 0.3722596764564514
INFO Gradient norm: 8.165426683245947
PROGRESS    Completed epoch 1631 / 2000;    current loss: 0.3724055886268616
INFO Gradient norm: 3.402375720286531
PROGRESS    Completed epoch 1632 / 2000;    current loss: 0.37204208970069885
INFO Gradient norm: 10.401368131695389
PROGRESS    Completed epoch 1633 / 2000;    current loss: 0.3736152648925781
INFO Gradient norm: 8.432272790626476
PROGRESS    Completed epoch 1634 / 2000;    current loss: 0.3731498420238495
INFO Gradient norm: 9.733704583976705
PROGRESS    Completed epoch 1635 / 2000;    current loss: 0.3735921084880829
INFO Gradient norm: 8.74204940751506
PROGRESS    Completed epoch 1636 / 2000;    current loss: 0.3732776343822479
INFO Gradient norm: 8.475767932596497
PROGRESS    Completed epoch 1637 / 2000;    current loss: 0.3731233775615692
INFO Gradient norm: 7.176855254209234
PROGRESS    Completed epoch 1638 / 2000;    current loss: 0.37245678901672363
INFO Gradient norm: 5.8831757702997
PROGRESS    Completed epoch 1639 / 2000;    current loss: 0.37260687351226807
INFO Gradient norm: 3.5785148904916775
PROGRESS    Completed epoch 1640 / 2000;    current loss: 0.3724552392959595
INFO Gradient norm: 8.328790152396387
PROGRESS    Completed epoch 1641 / 2000;    current loss: 0.3728436827659607
INFO Gradient norm: 2.0190379280958046
PROGRESS    Completed epoch 1642 / 2000;    current loss: 0.37093663215637207
INFO Gradient norm: 1.9932815880427381
PROGRESS    Completed epoch 1643 / 2000;    current loss: 0.3708299994468689
INFO Gradient norm: 10.150864129484477
PROGRESS    Completed epoch 1644 / 2000;    current loss: 0.3734171688556671
INFO Gradient norm: 4.363262963345079
PROGRESS    Completed epoch 1645 / 2000;    current loss: 0.37262874841690063
INFO Gradient norm: 14.58074071387566
PROGRESS    Completed epoch 1646 / 2000;    current loss: 0.37659287452697754
INFO Gradient norm: 13.050191977019738
PROGRESS    Completed epoch 1647 / 2000;    current loss: 0.37609103322029114
INFO Gradient norm: 6.455453562223161
PROGRESS    Completed epoch 1648 / 2000;    current loss: 0.3741006851196289
INFO Gradient norm: 7.503496137120917
PROGRESS    Completed epoch 1649 / 2000;    current loss: 0.3744485080242157
INFO Gradient norm: 8.12032354291677
PROGRESS    Completed epoch 1650 / 2000;    current loss: 0.3743201494216919
INFO Gradient norm: 7.527603993325644
PROGRESS    Completed epoch 1651 / 2000;    current loss: 0.37338197231292725
INFO Gradient norm: 6.754955034114984
PROGRESS    Completed epoch 1652 / 2000;    current loss: 0.37207794189453125
INFO Gradient norm: 3.883807467602459
PROGRESS    Completed epoch 1653 / 2000;    current loss: 0.3704072833061218
INFO Gradient norm: 7.137464313544901
PROGRESS    Completed epoch 1654 / 2000;    current loss: 0.37086212635040283
INFO Gradient norm: 7.171467057706512
PROGRESS    Completed epoch 1655 / 2000;    current loss: 0.3721630871295929
INFO Gradient norm: 3.697062009583825
PROGRESS    Completed epoch 1656 / 2000;    current loss: 0.3725365400314331
INFO Gradient norm: 11.040281036053704
PROGRESS    Completed epoch 1657 / 2000;    current loss: 0.3749406933784485
INFO Gradient norm: 5.95098244715674
PROGRESS    Completed epoch 1658 / 2000;    current loss: 0.3738475739955902
INFO Gradient norm: 10.864209286709704
PROGRESS    Completed epoch 1659 / 2000;    current loss: 0.3751177489757538
INFO Gradient norm: 7.324925166008963
PROGRESS    Completed epoch 1660 / 2000;    current loss: 0.37341615557670593
INFO Gradient norm: 12.105482818056425
PROGRESS    Completed epoch 1661 / 2000;    current loss: 0.374586820602417
INFO Gradient norm: 11.743013248032954
PROGRESS    Completed epoch 1662 / 2000;    current loss: 0.37411412596702576
INFO Gradient norm: 6.5059972542639795
PROGRESS    Completed epoch 1663 / 2000;    current loss: 0.3721879720687866
INFO Gradient norm: 6.871344122061671
PROGRESS    Completed epoch 1664 / 2000;    current loss: 0.37197309732437134
INFO Gradient norm: 8.67517394275765
PROGRESS    Completed epoch 1665 / 2000;    current loss: 0.3720792829990387
INFO Gradient norm: 5.627517601573444
PROGRESS    Completed epoch 1666 / 2000;    current loss: 0.3708959221839905
INFO Gradient norm: 11.10807950218859
PROGRESS    Completed epoch 1667 / 2000;    current loss: 0.37208905816078186
INFO Gradient norm: 8.11847550933091
PROGRESS    Completed epoch 1668 / 2000;    current loss: 0.37047216296195984
INFO Gradient norm: 6.482149733166067
PROGRESS    Completed epoch 1669 / 2000;    current loss: 0.37010812759399414
INFO Gradient norm: 2.405212203919691
PROGRESS    Completed epoch 1670 / 2000;    current loss: 0.37039899826049805
INFO Gradient norm: 3.1618301825040755
PROGRESS    Completed epoch 1671 / 2000;    current loss: 0.3710750341415405
INFO Gradient norm: 6.552223387030267
PROGRESS    Completed epoch 1672 / 2000;    current loss: 0.37185269594192505
INFO Gradient norm: 2.8718040673661966
PROGRESS    Completed epoch 1673 / 2000;    current loss: 0.37089458107948303
INFO Gradient norm: 9.214811946659541
PROGRESS    Completed epoch 1674 / 2000;    current loss: 0.3712092936038971
INFO Gradient norm: 3.341831758028172
PROGRESS    Completed epoch 1675 / 2000;    current loss: 0.3688611388206482
INFO Gradient norm: 5.443289553747557
PROGRESS    Completed epoch 1676 / 2000;    current loss: 0.36949673295021057
INFO Gradient norm: 6.264002024782853
PROGRESS    Completed epoch 1677 / 2000;    current loss: 0.37075528502464294
INFO Gradient norm: 2.6509867783793237
PROGRESS    Completed epoch 1678 / 2000;    current loss: 0.3710259795188904
INFO Gradient norm: 5.301874366283195
PROGRESS    Completed epoch 1679 / 2000;    current loss: 0.37133127450942993
INFO Gradient norm: 2.521352272177366
PROGRESS    Completed epoch 1680 / 2000;    current loss: 0.3704441785812378
INFO Gradient norm: 1.8617746147615093
PROGRESS    Completed epoch 1681 / 2000;    current loss: 0.3696664273738861
INFO Gradient norm: 1.951818131875006
PROGRESS    Completed epoch 1682 / 2000;    current loss: 0.3685447573661804
INFO Gradient norm: 7.347049701784335
PROGRESS    Completed epoch 1683 / 2000;    current loss: 0.3688555359840393
INFO Gradient norm: 6.636282586280679
PROGRESS    Completed epoch 1684 / 2000;    current loss: 0.3692765235900879
INFO Gradient norm: 9.29801619731716
PROGRESS    Completed epoch 1685 / 2000;    current loss: 0.3706732392311096
INFO Gradient norm: 8.495803622426601
PROGRESS    Completed epoch 1686 / 2000;    current loss: 0.37085413932800293
INFO Gradient norm: 6.7754693365695
PROGRESS    Completed epoch 1687 / 2000;    current loss: 0.3705016076564789
INFO Gradient norm: 5.034775102741661
PROGRESS    Completed epoch 1688 / 2000;    current loss: 0.3697468042373657
INFO Gradient norm: 8.128788258529505
PROGRESS    Completed epoch 1689 / 2000;    current loss: 0.36935752630233765
INFO Gradient norm: 4.989114437765498
PROGRESS    Completed epoch 1690 / 2000;    current loss: 0.36737725138664246
INFO Gradient norm: 16.035274982276533
PROGRESS    Completed epoch 1691 / 2000;    current loss: 0.371603786945343
INFO Gradient norm: 16.88101150683905
PROGRESS    Completed epoch 1692 / 2000;    current loss: 0.37211430072784424
INFO Gradient norm: 2.790703416249422
PROGRESS    Completed epoch 1693 / 2000;    current loss: 0.36757150292396545
INFO Gradient norm: 19.251203951501754
PROGRESS    Completed epoch 1694 / 2000;    current loss: 0.3745909631252289
INFO Gradient norm: 19.3747956913936
PROGRESS    Completed epoch 1695 / 2000;    current loss: 0.3748423755168915
INFO Gradient norm: 2.3854351409870493
PROGRESS    Completed epoch 1696 / 2000;    current loss: 0.3680124282836914
INFO Gradient norm: 21.905558735099053
PROGRESS    Completed epoch 1697 / 2000;    current loss: 0.37601539492607117
INFO Gradient norm: 23.154507289470303
PROGRESS    Completed epoch 1698 / 2000;    current loss: 0.3764140009880066
INFO Gradient norm: 12.22969507294609
PROGRESS    Completed epoch 1699 / 2000;    current loss: 0.37021762132644653
INFO Gradient norm: 12.462757129732237
PROGRESS    Completed epoch 1700 / 2000;    current loss: 0.37108004093170166
INFO Gradient norm: 17.50137252781747
PROGRESS    Completed epoch 1701 / 2000;    current loss: 0.3745001256465912
INFO Gradient norm: 5.6278163220925
PROGRESS    Completed epoch 1702 / 2000;    current loss: 0.369627445936203
INFO Gradient norm: 17.05762023808989
PROGRESS    Completed epoch 1703 / 2000;    current loss: 0.37441378831863403
INFO Gradient norm: 19.138623726766653
PROGRESS    Completed epoch 1704 / 2000;    current loss: 0.3756316602230072
INFO Gradient norm: 7.1546479802362
PROGRESS    Completed epoch 1705 / 2000;    current loss: 0.370357871055603
INFO Gradient norm: 17.120573344500464
PROGRESS    Completed epoch 1706 / 2000;    current loss: 0.3754236102104187
INFO Gradient norm: 20.533444966175725
PROGRESS    Completed epoch 1707 / 2000;    current loss: 0.37821486592292786
INFO Gradient norm: 6.115529289498266
PROGRESS    Completed epoch 1708 / 2000;    current loss: 0.37110117077827454
INFO Gradient norm: 19.751406272180994
PROGRESS    Completed epoch 1709 / 2000;    current loss: 0.3772672712802887
INFO Gradient norm: 24.10053038844013
PROGRESS    Completed epoch 1710 / 2000;    current loss: 0.3803271949291229
INFO Gradient norm: 9.223123484854
PROGRESS    Completed epoch 1711 / 2000;    current loss: 0.3709673583507538
INFO Gradient norm: 18.874272130226718
PROGRESS    Completed epoch 1712 / 2000;    current loss: 0.3758026659488678
INFO Gradient norm: 25.324828036364725
PROGRESS    Completed epoch 1713 / 2000;    current loss: 0.3809187710285187
INFO Gradient norm: 13.005011275790295
PROGRESS    Completed epoch 1714 / 2000;    current loss: 0.3712897002696991
INFO Gradient norm: 15.199726030791783
PROGRESS    Completed epoch 1715 / 2000;    current loss: 0.37181925773620605
INFO Gradient norm: 23.22530589376231
PROGRESS    Completed epoch 1716 / 2000;    current loss: 0.37690263986587524
INFO Gradient norm: 15.369632549148628
PROGRESS    Completed epoch 1717 / 2000;    current loss: 0.37166696786880493
INFO Gradient norm: 8.90420010314549
PROGRESS    Completed epoch 1718 / 2000;    current loss: 0.36906546354293823
INFO Gradient norm: 14.12078540258759
PROGRESS    Completed epoch 1719 / 2000;    current loss: 0.3715369999408722
INFO Gradient norm: 2.9521648157663347
PROGRESS    Completed epoch 1720 / 2000;    current loss: 0.36835676431655884
INFO Gradient norm: 15.511672518026725
PROGRESS    Completed epoch 1721 / 2000;    current loss: 0.3721493184566498
INFO Gradient norm: 11.745309722036442
PROGRESS    Completed epoch 1722 / 2000;    current loss: 0.3697357475757599
INFO Gradient norm: 8.883788657506498
PROGRESS    Completed epoch 1723 / 2000;    current loss: 0.36813977360725403
INFO Gradient norm: 10.71822373953621
PROGRESS    Completed epoch 1724 / 2000;    current loss: 0.3684721887111664
INFO Gradient norm: 4.713337858267068
PROGRESS    Completed epoch 1725 / 2000;    current loss: 0.36643919348716736
INFO Gradient norm: 4.802200294220672
PROGRESS    Completed epoch 1726 / 2000;    current loss: 0.366009384393692
INFO Gradient norm: 5.73759073385751
PROGRESS    Completed epoch 1727 / 2000;    current loss: 0.3660200238227844
INFO Gradient norm: 2.9991720643998585
PROGRESS    Completed epoch 1728 / 2000;    current loss: 0.3658386766910553
INFO Gradient norm: 2.1718909493822482
PROGRESS    Completed epoch 1729 / 2000;    current loss: 0.3658722937107086
INFO Gradient norm: 2.2674397894543
PROGRESS    Completed epoch 1730 / 2000;    current loss: 0.36549681425094604
INFO Gradient norm: 2.607974990734492
PROGRESS    Completed epoch 1731 / 2000;    current loss: 0.3650612235069275
INFO Gradient norm: 2.970154353149295
PROGRESS    Completed epoch 1732 / 2000;    current loss: 0.36486029624938965
INFO Gradient norm: 5.2509551244603845
PROGRESS    Completed epoch 1733 / 2000;    current loss: 0.3649129867553711
INFO Gradient norm: 2.104422996053655
PROGRESS    Completed epoch 1734 / 2000;    current loss: 0.3644833266735077
INFO Gradient norm: 4.3554870763380045
PROGRESS    Completed epoch 1735 / 2000;    current loss: 0.3648030757904053
INFO Gradient norm: 4.058759902497552
PROGRESS    Completed epoch 1736 / 2000;    current loss: 0.3645859658718109
INFO Gradient norm: 2.6878165740329933
PROGRESS    Completed epoch 1737 / 2000;    current loss: 0.36405467987060547
INFO Gradient norm: 7.33359528232828
PROGRESS    Completed epoch 1738 / 2000;    current loss: 0.36500486731529236
INFO Gradient norm: 2.8161749948892467
PROGRESS    Completed epoch 1739 / 2000;    current loss: 0.36432549357414246
INFO Gradient norm: 10.74889073985927
PROGRESS    Completed epoch 1740 / 2000;    current loss: 0.36606720089912415
INFO Gradient norm: 6.112994325430018
PROGRESS    Completed epoch 1741 / 2000;    current loss: 0.3645394742488861
INFO Gradient norm: 10.287775233182728
PROGRESS    Completed epoch 1742 / 2000;    current loss: 0.3654688000679016
INFO Gradient norm: 10.459138362478901
PROGRESS    Completed epoch 1743 / 2000;    current loss: 0.36551252007484436
INFO Gradient norm: 4.1898364533179295
PROGRESS    Completed epoch 1744 / 2000;    current loss: 0.36392417550086975
INFO Gradient norm: 4.3642477522694785
PROGRESS    Completed epoch 1745 / 2000;    current loss: 0.36386004090309143
INFO Gradient norm: 9.865416265271454
PROGRESS    Completed epoch 1746 / 2000;    current loss: 0.365372896194458
INFO Gradient norm: 6.320295344568558
PROGRESS    Completed epoch 1747 / 2000;    current loss: 0.3643139898777008
INFO Gradient norm: 10.318359612176614
PROGRESS    Completed epoch 1748 / 2000;    current loss: 0.3656168580055237
INFO Gradient norm: 7.129870540020926
PROGRESS    Completed epoch 1749 / 2000;    current loss: 0.365005224943161
INFO Gradient norm: 9.56415923046756
PROGRESS    Completed epoch 1750 / 2000;    current loss: 0.3659408390522003
INFO Gradient norm: 8.871889493556447
PROGRESS    Completed epoch 1751 / 2000;    current loss: 0.36569464206695557
INFO Gradient norm: 6.90850820643402
PROGRESS    Completed epoch 1752 / 2000;    current loss: 0.36494356393814087
INFO Gradient norm: 5.041448401984821
PROGRESS    Completed epoch 1753 / 2000;    current loss: 0.36460304260253906
INFO Gradient norm: 7.7130007484494465
PROGRESS    Completed epoch 1754 / 2000;    current loss: 0.3645942211151123
INFO Gradient norm: 3.4956848778583565
PROGRESS    Completed epoch 1755 / 2000;    current loss: 0.3633192777633667
INFO Gradient norm: 6.291706615164264
PROGRESS    Completed epoch 1756 / 2000;    current loss: 0.36435097455978394
INFO Gradient norm: 2.354720864700147
PROGRESS    Completed epoch 1757 / 2000;    current loss: 0.36428889632225037
INFO Gradient norm: 7.564831084096859
PROGRESS    Completed epoch 1758 / 2000;    current loss: 0.3650527894496918
INFO Gradient norm: 2.567252853144546
PROGRESS    Completed epoch 1759 / 2000;    current loss: 0.3641411066055298
INFO Gradient norm: 8.075776781099249
PROGRESS    Completed epoch 1760 / 2000;    current loss: 0.3652091920375824
INFO Gradient norm: 2.6364750647990496
PROGRESS    Completed epoch 1761 / 2000;    current loss: 0.364075630903244
INFO Gradient norm: 10.982849712252849
PROGRESS    Completed epoch 1762 / 2000;    current loss: 0.3655010163784027
INFO Gradient norm: 6.348541428356462
PROGRESS    Completed epoch 1763 / 2000;    current loss: 0.36319005489349365
INFO Gradient norm: 5.75088179627042
PROGRESS    Completed epoch 1764 / 2000;    current loss: 0.3639014661312103
INFO Gradient norm: 2.9709209559988086
PROGRESS    Completed epoch 1765 / 2000;    current loss: 0.3639584481716156
INFO Gradient norm: 8.608626701326822
PROGRESS    Completed epoch 1766 / 2000;    current loss: 0.36505240201950073
INFO Gradient norm: 7.921671257831637
PROGRESS    Completed epoch 1767 / 2000;    current loss: 0.3652029037475586
INFO Gradient norm: 6.366480240738435
PROGRESS    Completed epoch 1768 / 2000;    current loss: 0.3650776743888855
INFO Gradient norm: 6.833980629453163
PROGRESS    Completed epoch 1769 / 2000;    current loss: 0.3652177155017853
INFO Gradient norm: 5.605600684291972
PROGRESS    Completed epoch 1770 / 2000;    current loss: 0.3645537495613098
INFO Gradient norm: 3.3274029246112247
PROGRESS    Completed epoch 1771 / 2000;    current loss: 0.3636445701122284
INFO Gradient norm: 10.108060188538941
PROGRESS    Completed epoch 1772 / 2000;    current loss: 0.36475270986557007
INFO Gradient norm: 6.549768277287528
PROGRESS    Completed epoch 1773 / 2000;    current loss: 0.3630727529525757
INFO Gradient norm: 11.878010546928584
PROGRESS    Completed epoch 1774 / 2000;    current loss: 0.3645441234111786
INFO Gradient norm: 12.303248046046345
PROGRESS    Completed epoch 1775 / 2000;    current loss: 0.36446186900138855
INFO Gradient norm: 2.2431369795527494
PROGRESS    Completed epoch 1776 / 2000;    current loss: 0.3622566759586334
INFO Gradient norm: 10.947063644719568
PROGRESS    Completed epoch 1777 / 2000;    current loss: 0.36414363980293274
INFO Gradient norm: 7.875988029898235
PROGRESS    Completed epoch 1778 / 2000;    current loss: 0.36343449354171753
INFO Gradient norm: 8.913912934379935
PROGRESS    Completed epoch 1779 / 2000;    current loss: 0.36369019746780396
INFO Gradient norm: 9.089764378876065
PROGRESS    Completed epoch 1780 / 2000;    current loss: 0.3634563088417053
INFO Gradient norm: 2.4985093609890336
PROGRESS    Completed epoch 1781 / 2000;    current loss: 0.36231106519699097
INFO Gradient norm: 5.003990083445146
PROGRESS    Completed epoch 1782 / 2000;    current loss: 0.3622528910636902
INFO Gradient norm: 2.8486253870839957
PROGRESS    Completed epoch 1783 / 2000;    current loss: 0.36124610900878906
INFO Gradient norm: 7.117291977658514
PROGRESS    Completed epoch 1784 / 2000;    current loss: 0.3623051941394806
INFO Gradient norm: 3.9306762389597374
PROGRESS    Completed epoch 1785 / 2000;    current loss: 0.36200329661369324
INFO Gradient norm: 4.341932592051612
PROGRESS    Completed epoch 1786 / 2000;    current loss: 0.3618046045303345
INFO Gradient norm: 7.72096100254492
PROGRESS    Completed epoch 1787 / 2000;    current loss: 0.3622349500656128
INFO Gradient norm: 3.926258159191258
PROGRESS    Completed epoch 1788 / 2000;    current loss: 0.36138325929641724
INFO Gradient norm: 11.381138500444289
PROGRESS    Completed epoch 1789 / 2000;    current loss: 0.36297309398651123
INFO Gradient norm: 6.9123217046352945
PROGRESS    Completed epoch 1790 / 2000;    current loss: 0.3610592782497406
INFO Gradient norm: 10.576303404193878
PROGRESS    Completed epoch 1791 / 2000;    current loss: 0.36220693588256836
INFO Gradient norm: 10.472604478230148
PROGRESS    Completed epoch 1792 / 2000;    current loss: 0.3623092472553253
INFO Gradient norm: 4.293835862422253
PROGRESS    Completed epoch 1793 / 2000;    current loss: 0.3603678345680237
INFO Gradient norm: 3.610112681947247
PROGRESS    Completed epoch 1794 / 2000;    current loss: 0.36031508445739746
INFO Gradient norm: 9.214736188618694
PROGRESS    Completed epoch 1795 / 2000;    current loss: 0.36156222224235535
INFO Gradient norm: 4.766184654472712
PROGRESS    Completed epoch 1796 / 2000;    current loss: 0.36018046736717224
INFO Gradient norm: 8.647252876991772
PROGRESS    Completed epoch 1797 / 2000;    current loss: 0.36136096715927124
INFO Gradient norm: 3.2501091603694188
PROGRESS    Completed epoch 1798 / 2000;    current loss: 0.3610767424106598
INFO Gradient norm: 10.787117592251866
PROGRESS    Completed epoch 1799 / 2000;    current loss: 0.36318346858024597
INFO Gradient norm: 7.493891660647505
PROGRESS    Completed epoch 1800 / 2000;    current loss: 0.3620249330997467
INFO Gradient norm: 9.04425891783885
PROGRESS    Completed epoch 1801 / 2000;    current loss: 0.3619251251220703
INFO Gradient norm: 9.6104699471567
PROGRESS    Completed epoch 1802 / 2000;    current loss: 0.3618485629558563
INFO Gradient norm: 4.3139203858484345
PROGRESS    Completed epoch 1803 / 2000;    current loss: 0.3603307902812958
INFO Gradient norm: 4.397351109151727
PROGRESS    Completed epoch 1804 / 2000;    current loss: 0.3599618375301361
INFO Gradient norm: 6.860375633885257
PROGRESS    Completed epoch 1805 / 2000;    current loss: 0.3601158857345581
INFO Gradient norm: 2.076534545983148
PROGRESS    Completed epoch 1806 / 2000;    current loss: 0.3595675528049469
INFO Gradient norm: 7.951603010859222
PROGRESS    Completed epoch 1807 / 2000;    current loss: 0.360333651304245
INFO Gradient norm: 4.895193337970116
PROGRESS    Completed epoch 1808 / 2000;    current loss: 0.35973045229911804
INFO Gradient norm: 10.385071014613066
PROGRESS    Completed epoch 1809 / 2000;    current loss: 0.3612820506095886
INFO Gradient norm: 8.176893835553848
PROGRESS    Completed epoch 1810 / 2000;    current loss: 0.36061328649520874
INFO Gradient norm: 7.661395594139986
PROGRESS    Completed epoch 1811 / 2000;    current loss: 0.3607129454612732
INFO Gradient norm: 6.958454893356287
PROGRESS    Completed epoch 1812 / 2000;    current loss: 0.3609418272972107
INFO Gradient norm: 6.044825090321761
PROGRESS    Completed epoch 1813 / 2000;    current loss: 0.3608848750591278
INFO Gradient norm: 4.786974917309714
PROGRESS    Completed epoch 1814 / 2000;    current loss: 0.3607623279094696
INFO Gradient norm: 6.732296533727664
PROGRESS    Completed epoch 1815 / 2000;    current loss: 0.36074063181877136
INFO Gradient norm: 4.434128999200292
PROGRESS    Completed epoch 1816 / 2000;    current loss: 0.36016857624053955
INFO Gradient norm: 9.318060181584162
PROGRESS    Completed epoch 1817 / 2000;    current loss: 0.3613068461418152
INFO Gradient norm: 6.730440543044126
PROGRESS    Completed epoch 1818 / 2000;    current loss: 0.3605237305164337
INFO Gradient norm: 8.940646676120057
PROGRESS    Completed epoch 1819 / 2000;    current loss: 0.3604568839073181
INFO Gradient norm: 6.919085301618076
PROGRESS    Completed epoch 1820 / 2000;    current loss: 0.3595512807369232
INFO Gradient norm: 9.168459302088511
PROGRESS    Completed epoch 1821 / 2000;    current loss: 0.36015555262565613
INFO Gradient norm: 8.182314936006055
PROGRESS    Completed epoch 1822 / 2000;    current loss: 0.35946279764175415
INFO Gradient norm: 7.046458750316382
PROGRESS    Completed epoch 1823 / 2000;    current loss: 0.3587910830974579
INFO Gradient norm: 9.561207533213349
PROGRESS    Completed epoch 1824 / 2000;    current loss: 0.35899707674980164
INFO Gradient norm: 2.009882587917986
PROGRESS    Completed epoch 1825 / 2000;    current loss: 0.3576319217681885
INFO Gradient norm: 4.243320903287205
PROGRESS    Completed epoch 1826 / 2000;    current loss: 0.3577001392841339
INFO Gradient norm: 6.696159558217156
PROGRESS    Completed epoch 1827 / 2000;    current loss: 0.3582184314727783
INFO Gradient norm: 2.294590387237602
PROGRESS    Completed epoch 1828 / 2000;    current loss: 0.35746893286705017
INFO Gradient norm: 5.202548556371052
PROGRESS    Completed epoch 1829 / 2000;    current loss: 0.35790714621543884
INFO Gradient norm: 3.806894950564572
PROGRESS    Completed epoch 1830 / 2000;    current loss: 0.35780879855155945
INFO Gradient norm: 2.2698318842472074
PROGRESS    Completed epoch 1831 / 2000;    current loss: 0.35751011967658997
INFO Gradient norm: 3.2161396740971004
PROGRESS    Completed epoch 1832 / 2000;    current loss: 0.3572554886341095
INFO Gradient norm: 2.4675525845054245
PROGRESS    Completed epoch 1833 / 2000;    current loss: 0.35721462965011597
INFO Gradient norm: 3.2312210791587503
PROGRESS    Completed epoch 1834 / 2000;    current loss: 0.35710692405700684
INFO Gradient norm: 2.150864450576075
PROGRESS    Completed epoch 1835 / 2000;    current loss: 0.3573022484779358
INFO Gradient norm: 2.8496428666366125
PROGRESS    Completed epoch 1836 / 2000;    current loss: 0.35715991258621216
INFO Gradient norm: 2.017833958850556
PROGRESS    Completed epoch 1837 / 2000;    current loss: 0.3571697175502777
INFO Gradient norm: 2.0654611595317207
PROGRESS    Completed epoch 1838 / 2000;    current loss: 0.3568320572376251
INFO Gradient norm: 3.078487871255849
PROGRESS    Completed epoch 1839 / 2000;    current loss: 0.3567814230918884
INFO Gradient norm: 5.78217535612491
PROGRESS    Completed epoch 1840 / 2000;    current loss: 0.357083797454834
INFO Gradient norm: 2.180613554912387
PROGRESS    Completed epoch 1841 / 2000;    current loss: 0.3563138246536255
INFO Gradient norm: 11.028625315430482
PROGRESS    Completed epoch 1842 / 2000;    current loss: 0.3579525947570801
INFO Gradient norm: 11.81129197557543
PROGRESS    Completed epoch 1843 / 2000;    current loss: 0.358655720949173
INFO Gradient norm: 3.9961155255113976
PROGRESS    Completed epoch 1844 / 2000;    current loss: 0.35665130615234375
INFO Gradient norm: 6.953657908582446
PROGRESS    Completed epoch 1845 / 2000;    current loss: 0.3570476174354553
INFO Gradient norm: 3.8790092831698515
PROGRESS    Completed epoch 1846 / 2000;    current loss: 0.35645750164985657
INFO Gradient norm: 3.483638487776106
PROGRESS    Completed epoch 1847 / 2000;    current loss: 0.3561735451221466
INFO Gradient norm: 6.76381549063103
PROGRESS    Completed epoch 1848 / 2000;    current loss: 0.35689327120780945
INFO Gradient norm: 3.699262294910222
PROGRESS    Completed epoch 1849 / 2000;    current loss: 0.3561369776725769
INFO Gradient norm: 7.719988795206372
PROGRESS    Completed epoch 1850 / 2000;    current loss: 0.3565383553504944
INFO Gradient norm: 9.457437931182227
PROGRESS    Completed epoch 1851 / 2000;    current loss: 0.35699671506881714
INFO Gradient norm: 3.044029330610311
PROGRESS    Completed epoch 1852 / 2000;    current loss: 0.35592925548553467
INFO Gradient norm: 5.438985215081831
PROGRESS    Completed epoch 1853 / 2000;    current loss: 0.3560216426849365
INFO Gradient norm: 3.661087643672894
PROGRESS    Completed epoch 1854 / 2000;    current loss: 0.35516834259033203
INFO Gradient norm: 5.181385925530783
PROGRESS    Completed epoch 1855 / 2000;    current loss: 0.35566768050193787
INFO Gradient norm: 5.27945017357399
PROGRESS    Completed epoch 1856 / 2000;    current loss: 0.35589948296546936
INFO Gradient norm: 4.421559758266457
PROGRESS    Completed epoch 1857 / 2000;    current loss: 0.3556129038333893
INFO Gradient norm: 6.3690221494615304
PROGRESS    Completed epoch 1858 / 2000;    current loss: 0.3554679751396179
INFO Gradient norm: 5.713669829731991
PROGRESS    Completed epoch 1859 / 2000;    current loss: 0.35518190264701843
INFO Gradient norm: 5.661568420370003
PROGRESS    Completed epoch 1860 / 2000;    current loss: 0.35541027784347534
INFO Gradient norm: 4.295891098983842
PROGRESS    Completed epoch 1861 / 2000;    current loss: 0.35508376359939575
INFO Gradient norm: 6.970784383737768
PROGRESS    Completed epoch 1862 / 2000;    current loss: 0.3550419211387634
INFO Gradient norm: 6.835904787465039
PROGRESS    Completed epoch 1863 / 2000;    current loss: 0.35517096519470215
INFO Gradient norm: 5.217474911460456
PROGRESS    Completed epoch 1864 / 2000;    current loss: 0.35518139600753784
INFO Gradient norm: 5.410256729650613
PROGRESS    Completed epoch 1865 / 2000;    current loss: 0.3550700545310974
INFO Gradient norm: 5.2410152396246925
PROGRESS    Completed epoch 1866 / 2000;    current loss: 0.3544772267341614
INFO Gradient norm: 5.328283587075522
PROGRESS    Completed epoch 1867 / 2000;    current loss: 0.3545270264148712
INFO Gradient norm: 5.693432063601316
PROGRESS    Completed epoch 1868 / 2000;    current loss: 0.3550710678100586
INFO Gradient norm: 3.977596130029596
PROGRESS    Completed epoch 1869 / 2000;    current loss: 0.35469090938568115
INFO Gradient norm: 7.129011203947592
PROGRESS    Completed epoch 1870 / 2000;    current loss: 0.3545821011066437
INFO Gradient norm: 6.654961843998589
PROGRESS    Completed epoch 1871 / 2000;    current loss: 0.3545021414756775
INFO Gradient norm: 5.091915658811975
PROGRESS    Completed epoch 1872 / 2000;    current loss: 0.35455265641212463
INFO Gradient norm: 5.119142375703151
PROGRESS    Completed epoch 1873 / 2000;    current loss: 0.3544159531593323
INFO Gradient norm: 5.259241985478761
PROGRESS    Completed epoch 1874 / 2000;    current loss: 0.35396817326545715
INFO Gradient norm: 4.045192453173636
PROGRESS    Completed epoch 1875 / 2000;    current loss: 0.3538839817047119
INFO Gradient norm: 5.518706480404082
PROGRESS    Completed epoch 1876 / 2000;    current loss: 0.35410091280937195
INFO Gradient norm: 3.6086488554359253
PROGRESS    Completed epoch 1877 / 2000;    current loss: 0.3536711633205414
INFO Gradient norm: 6.912161891755291
PROGRESS    Completed epoch 1878 / 2000;    current loss: 0.3538180887699127
INFO Gradient norm: 6.884210051868627
PROGRESS    Completed epoch 1879 / 2000;    current loss: 0.3536686897277832
INFO Gradient norm: 5.304273571808157
PROGRESS    Completed epoch 1880 / 2000;    current loss: 0.35387352108955383
INFO Gradient norm: 4.384264757970255
PROGRESS    Completed epoch 1881 / 2000;    current loss: 0.35368290543556213
INFO Gradient norm: 6.6422950988705916
PROGRESS    Completed epoch 1882 / 2000;    current loss: 0.35342222452163696
INFO Gradient norm: 4.539866655520117
PROGRESS    Completed epoch 1883 / 2000;    current loss: 0.35317057371139526
INFO Gradient norm: 6.833661088208009
PROGRESS    Completed epoch 1884 / 2000;    current loss: 0.35396501421928406
INFO Gradient norm: 4.280498718208754
PROGRESS    Completed epoch 1885 / 2000;    current loss: 0.35332268476486206
INFO Gradient norm: 7.386431457875192
PROGRESS    Completed epoch 1886 / 2000;    current loss: 0.35346347093582153
INFO Gradient norm: 5.2477732645625315
PROGRESS    Completed epoch 1887 / 2000;    current loss: 0.35275715589523315
INFO Gradient norm: 4.010118282726829
PROGRESS    Completed epoch 1888 / 2000;    current loss: 0.35311609506607056
INFO Gradient norm: 3.1874070772861063
PROGRESS    Completed epoch 1889 / 2000;    current loss: 0.3529544770717621
INFO Gradient norm: 8.118680368037246
PROGRESS    Completed epoch 1890 / 2000;    current loss: 0.35409238934516907
INFO Gradient norm: 4.96350775072038
PROGRESS    Completed epoch 1891 / 2000;    current loss: 0.35317710041999817
INFO Gradient norm: 10.558746986847913
PROGRESS    Completed epoch 1892 / 2000;    current loss: 0.3543429970741272
INFO Gradient norm: 9.42875132147441
PROGRESS    Completed epoch 1893 / 2000;    current loss: 0.3537730276584625
INFO Gradient norm: 5.723069757200868
PROGRESS    Completed epoch 1894 / 2000;    current loss: 0.35286957025527954
INFO Gradient norm: 6.195281669201752
PROGRESS    Completed epoch 1895 / 2000;    current loss: 0.3528064489364624
INFO Gradient norm: 5.79652559203365
PROGRESS    Completed epoch 1896 / 2000;    current loss: 0.35243168473243713
INFO Gradient norm: 2.120850900231381
PROGRESS    Completed epoch 1897 / 2000;    current loss: 0.35204991698265076
INFO Gradient norm: 5.975983107657642
PROGRESS    Completed epoch 1898 / 2000;    current loss: 0.3526412546634674
INFO Gradient norm: 1.927495804814621
PROGRESS    Completed epoch 1899 / 2000;    current loss: 0.3520805537700653
INFO Gradient norm: 2.1460445528873713
PROGRESS    Completed epoch 1900 / 2000;    current loss: 0.3518868386745453
INFO Gradient norm: 7.7785498828844775
PROGRESS    Completed epoch 1901 / 2000;    current loss: 0.3526291847229004
INFO Gradient norm: 4.875370398870862
PROGRESS    Completed epoch 1902 / 2000;    current loss: 0.35193532705307007
INFO Gradient norm: 6.701082712596194
PROGRESS    Completed epoch 1903 / 2000;    current loss: 0.3527056872844696
INFO Gradient norm: 4.327899568920263
PROGRESS    Completed epoch 1904 / 2000;    current loss: 0.35232192277908325
INFO Gradient norm: 6.816225883526849
PROGRESS    Completed epoch 1905 / 2000;    current loss: 0.3527236580848694
INFO Gradient norm: 3.285510135926239
PROGRESS    Completed epoch 1906 / 2000;    current loss: 0.35180869698524475
INFO Gradient norm: 8.87804526479789
PROGRESS    Completed epoch 1907 / 2000;    current loss: 0.35270872712135315
INFO Gradient norm: 4.346218931555715
PROGRESS    Completed epoch 1908 / 2000;    current loss: 0.35171160101890564
INFO Gradient norm: 10.61534147979512
PROGRESS    Completed epoch 1909 / 2000;    current loss: 0.3534027934074402
INFO Gradient norm: 11.071574729131251
PROGRESS    Completed epoch 1910 / 2000;    current loss: 0.35371068120002747
INFO Gradient norm: 2.602704920778071
PROGRESS    Completed epoch 1911 / 2000;    current loss: 0.3518410623073578
INFO Gradient norm: 5.609402373759162
PROGRESS    Completed epoch 1912 / 2000;    current loss: 0.35200265049934387
INFO Gradient norm: 2.3622869608844335
PROGRESS    Completed epoch 1913 / 2000;    current loss: 0.3509126603603363
INFO Gradient norm: 4.08686736488744
PROGRESS    Completed epoch 1914 / 2000;    current loss: 0.3509768545627594
INFO Gradient norm: 4.219930828521756
PROGRESS    Completed epoch 1915 / 2000;    current loss: 0.35103240609169006
INFO Gradient norm: 3.089731090495092
PROGRESS    Completed epoch 1916 / 2000;    current loss: 0.35090845823287964
INFO Gradient norm: 1.9882491599225927
PROGRESS    Completed epoch 1917 / 2000;    current loss: 0.35085970163345337
INFO Gradient norm: 2.044330911668769
PROGRESS    Completed epoch 1918 / 2000;    current loss: 0.35075071454048157
INFO Gradient norm: 1.9215524232499779
PROGRESS    Completed epoch 1919 / 2000;    current loss: 0.35024839639663696
INFO Gradient norm: 3.3498105736149064
PROGRESS    Completed epoch 1920 / 2000;    current loss: 0.3503822684288025
INFO Gradient norm: 2.591307407132786
PROGRESS    Completed epoch 1921 / 2000;    current loss: 0.3505435287952423
INFO Gradient norm: 3.5122313593236045
PROGRESS    Completed epoch 1922 / 2000;    current loss: 0.3505060076713562
INFO Gradient norm: 3.212448919978328
PROGRESS    Completed epoch 1923 / 2000;    current loss: 0.3501904010772705
INFO Gradient norm: 3.0196789990593405
PROGRESS    Completed epoch 1924 / 2000;    current loss: 0.3501184582710266
INFO Gradient norm: 3.502176463156212
PROGRESS    Completed epoch 1925 / 2000;    current loss: 0.3499390780925751
INFO Gradient norm: 3.5873725639192373
PROGRESS    Completed epoch 1926 / 2000;    current loss: 0.3497859239578247
INFO Gradient norm: 2.332616796860358
PROGRESS    Completed epoch 1927 / 2000;    current loss: 0.3496975004673004
INFO Gradient norm: 4.113691956101547
PROGRESS    Completed epoch 1928 / 2000;    current loss: 0.3497940003871918
INFO Gradient norm: 3.321792107666771
PROGRESS    Completed epoch 1929 / 2000;    current loss: 0.34971827268600464
INFO Gradient norm: 2.52631230978478
PROGRESS    Completed epoch 1930 / 2000;    current loss: 0.3497379422187805
INFO Gradient norm: 2.061841055823617
PROGRESS    Completed epoch 1931 / 2000;    current loss: 0.3491944968700409
INFO Gradient norm: 4.253708800354899
PROGRESS    Completed epoch 1932 / 2000;    current loss: 0.349223256111145
INFO Gradient norm: 1.989388784010678
PROGRESS    Completed epoch 1933 / 2000;    current loss: 0.34918299317359924
INFO Gradient norm: 2.15848049295614
PROGRESS    Completed epoch 1934 / 2000;    current loss: 0.3486502170562744
INFO Gradient norm: 6.0416670573131865
PROGRESS    Completed epoch 1935 / 2000;    current loss: 0.3492353558540344
INFO Gradient norm: 3.408772607045338
PROGRESS    Completed epoch 1936 / 2000;    current loss: 0.3490317761898041
INFO Gradient norm: 8.70840062239425
PROGRESS    Completed epoch 1937 / 2000;    current loss: 0.3502662479877472
INFO Gradient norm: 5.440178625838083
PROGRESS    Completed epoch 1938 / 2000;    current loss: 0.3494771122932434
INFO Gradient norm: 8.3888100480213
PROGRESS    Completed epoch 1939 / 2000;    current loss: 0.3497001528739929
INFO Gradient norm: 7.864169999469048
PROGRESS    Completed epoch 1940 / 2000;    current loss: 0.34959110617637634
INFO Gradient norm: 4.951297701071907
PROGRESS    Completed epoch 1941 / 2000;    current loss: 0.3493107855319977
INFO Gradient norm: 6.407430643927146
PROGRESS    Completed epoch 1942 / 2000;    current loss: 0.34929540753364563
INFO Gradient norm: 5.0698016684812
PROGRESS    Completed epoch 1943 / 2000;    current loss: 0.34873372316360474
INFO Gradient norm: 3.220645126362332
PROGRESS    Completed epoch 1944 / 2000;    current loss: 0.34788328409194946
INFO Gradient norm: 5.989141607888474
PROGRESS    Completed epoch 1945 / 2000;    current loss: 0.34855917096138
INFO Gradient norm: 2.471171183283822
PROGRESS    Completed epoch 1946 / 2000;    current loss: 0.34823769330978394
INFO Gradient norm: 9.01838696130598
PROGRESS    Completed epoch 1947 / 2000;    current loss: 0.3493083715438843
INFO Gradient norm: 5.203924319266185
PROGRESS    Completed epoch 1948 / 2000;    current loss: 0.3478676974773407
INFO Gradient norm: 6.609061854648598
PROGRESS    Completed epoch 1949 / 2000;    current loss: 0.34820228815078735
INFO Gradient norm: 2.3365651533652056
PROGRESS    Completed epoch 1950 / 2000;    current loss: 0.34831762313842773
INFO Gradient norm: 8.078385517218743
PROGRESS    Completed epoch 1951 / 2000;    current loss: 0.3493746519088745
INFO Gradient norm: 3.0364994779913874
PROGRESS    Completed epoch 1952 / 2000;    current loss: 0.3485112190246582
INFO Gradient norm: 11.777987037434086
PROGRESS    Completed epoch 1953 / 2000;    current loss: 0.3505362570285797
INFO Gradient norm: 9.71851576829946
PROGRESS    Completed epoch 1954 / 2000;    current loss: 0.3495030701160431
INFO Gradient norm: 6.228733042342353
PROGRESS    Completed epoch 1955 / 2000;    current loss: 0.3482559621334076
INFO Gradient norm: 7.092506481742442
PROGRESS    Completed epoch 1956 / 2000;    current loss: 0.34837523102760315
INFO Gradient norm: 4.96021862002023
PROGRESS    Completed epoch 1957 / 2000;    current loss: 0.34779825806617737
INFO Gradient norm: 2.966295576749528
PROGRESS    Completed epoch 1958 / 2000;    current loss: 0.3475600481033325
INFO Gradient norm: 7.248721810465839
PROGRESS    Completed epoch 1959 / 2000;    current loss: 0.3478682041168213
INFO Gradient norm: 6.791496993011954
PROGRESS    Completed epoch 1960 / 2000;    current loss: 0.3476434648036957
INFO Gradient norm: 2.491346525383229
PROGRESS    Completed epoch 1961 / 2000;    current loss: 0.34742826223373413
INFO Gradient norm: 2.7003483426975037
PROGRESS    Completed epoch 1962 / 2000;    current loss: 0.3475314676761627
INFO Gradient norm: 4.720337472696201
PROGRESS    Completed epoch 1963 / 2000;    current loss: 0.34721410274505615
INFO Gradient norm: 2.066238389638477
PROGRESS    Completed epoch 1964 / 2000;    current loss: 0.3464735150337219
INFO Gradient norm: 4.663290431038294
PROGRESS    Completed epoch 1965 / 2000;    current loss: 0.3467804789543152
INFO Gradient norm: 2.1837543560248944
PROGRESS    Completed epoch 1966 / 2000;    current loss: 0.34678414463996887
INFO Gradient norm: 6.017353576318597
PROGRESS    Completed epoch 1967 / 2000;    current loss: 0.347301185131073
INFO Gradient norm: 2.384026525073473
PROGRESS    Completed epoch 1968 / 2000;    current loss: 0.34648504853248596
INFO Gradient norm: 8.075007943416663
PROGRESS    Completed epoch 1969 / 2000;    current loss: 0.34675249457359314
INFO Gradient norm: 6.3675542281675135
PROGRESS    Completed epoch 1970 / 2000;    current loss: 0.34631454944610596
INFO Gradient norm: 3.430693192463333
PROGRESS    Completed epoch 1971 / 2000;    current loss: 0.3463498055934906
INFO Gradient norm: 3.5747155809794293
PROGRESS    Completed epoch 1972 / 2000;    current loss: 0.34634479880332947
INFO Gradient norm: 4.899679124824057
PROGRESS    Completed epoch 1973 / 2000;    current loss: 0.3459888696670532
INFO Gradient norm: 5.534620436038729
PROGRESS    Completed epoch 1974 / 2000;    current loss: 0.3462800681591034
INFO Gradient norm: 5.030351920490448
PROGRESS    Completed epoch 1975 / 2000;    current loss: 0.3462699055671692
INFO Gradient norm: 4.275093345554432
PROGRESS    Completed epoch 1976 / 2000;    current loss: 0.3460945785045624
INFO Gradient norm: 5.55533019252509
PROGRESS    Completed epoch 1977 / 2000;    current loss: 0.34584078192710876
INFO Gradient norm: 2.7586407977998273
PROGRESS    Completed epoch 1978 / 2000;    current loss: 0.345122367143631
INFO Gradient norm: 4.883759291479694
PROGRESS    Completed epoch 1979 / 2000;    current loss: 0.3456222116947174
INFO Gradient norm: 2.272493138142201
PROGRESS    Completed epoch 1980 / 2000;    current loss: 0.345132976770401
INFO Gradient norm: 8.44228164209141
PROGRESS    Completed epoch 1981 / 2000;    current loss: 0.3457719087600708
INFO Gradient norm: 8.991132208995378
PROGRESS    Completed epoch 1982 / 2000;    current loss: 0.346224308013916
INFO Gradient norm: 2.485359775440165
PROGRESS    Completed epoch 1983 / 2000;    current loss: 0.3454490303993225
INFO Gradient norm: 5.200168067171139
PROGRESS    Completed epoch 1984 / 2000;    current loss: 0.34573251008987427
INFO Gradient norm: 2.3469259539210707
PROGRESS    Completed epoch 1985 / 2000;    current loss: 0.34496405720710754
INFO Gradient norm: 3.2070673030312133
PROGRESS    Completed epoch 1986 / 2000;    current loss: 0.3448886275291443
INFO Gradient norm: 4.116607759360347
PROGRESS    Completed epoch 1987 / 2000;    current loss: 0.34499257802963257
INFO Gradient norm: 2.4688417232723485
PROGRESS    Completed epoch 1988 / 2000;    current loss: 0.3447130620479584
INFO Gradient norm: 1.8618526937538398
PROGRESS    Completed epoch 1989 / 2000;    current loss: 0.3443441689014435
INFO Gradient norm: 3.303734945354957
PROGRESS    Completed epoch 1990 / 2000;    current loss: 0.34456631541252136
INFO Gradient norm: 3.6574637181117597
PROGRESS    Completed epoch 1991 / 2000;    current loss: 0.344902366399765
INFO Gradient norm: 2.3310512144368496
PROGRESS    Completed epoch 1992 / 2000;    current loss: 0.3447357714176178
INFO Gradient norm: 2.928577082094857
PROGRESS    Completed epoch 1993 / 2000;    current loss: 0.34430214762687683
INFO Gradient norm: 3.6671233933242435
PROGRESS    Completed epoch 1994 / 2000;    current loss: 0.34431785345077515
INFO Gradient norm: 2.909212786780735
PROGRESS    Completed epoch 1995 / 2000;    current loss: 0.3442389667034149
INFO Gradient norm: 1.8095510853151027
PROGRESS    Completed epoch 1996 / 2000;    current loss: 0.3440821170806885
INFO Gradient norm: 1.7485727990317612
PROGRESS    Completed epoch 1997 / 2000;    current loss: 0.3437786400318146
INFO Gradient norm: 3.9113152911995797
PROGRESS    Completed epoch 1998 / 2000;    current loss: 0.343779057264328
INFO Gradient norm: 1.9746079264994718
PROGRESS    Completed epoch 1999 / 2000;    current loss: 0.3437424898147583
INFO Gradient norm: 1.8710263947172687
PROGRESS    Completed epoch 2000 / 2000;    current loss: 0.34354138374328613
INFO    Saving model weights ...
INFO Model weights saved successfully to /home/hoang/utopya_output/Dengue/250605-191737/data/uni05/data_npc_checkpoint.pth
INFO    Simulation run finished.
INFO    Wrapping up ...
SUCCESS    All done.

---
end of log. exit code: 0

