Log of 'out' stream of WorkerTask 'uni01'
---

INFO    Using 'cpu' as training device. Number of threads: 10
INFO    Loading training data ...
INFO    Initializing the neural net ...
INFO    Initialized model 'Dengue'.
INFO    Now commencing training for 2000 epochs ...
INFO Gradient norm: 787.4841952646495
PROGRESS    Completed epoch 1 / 2000;    current loss: 496.86895751953125
INFO Gradient norm: 787.910998739152
PROGRESS    Completed epoch 2 / 2000;    current loss: 496.5857238769531
INFO Gradient norm: 788.3408440740726
PROGRESS    Completed epoch 3 / 2000;    current loss: 496.30511474609375
INFO Gradient norm: 788.7687479046399
PROGRESS    Completed epoch 4 / 2000;    current loss: 496.020751953125
INFO Gradient norm: 789.1994961822744
PROGRESS    Completed epoch 5 / 2000;    current loss: 495.73760986328125
INFO Gradient norm: 789.6302164552536
PROGRESS    Completed epoch 6 / 2000;    current loss: 495.45220947265625
INFO Gradient norm: 790.0633886940985
PROGRESS    Completed epoch 7 / 2000;    current loss: 495.1671447753906
INFO Gradient norm: 790.4975586144332
PROGRESS    Completed epoch 8 / 2000;    current loss: 494.88018798828125
INFO Gradient norm: 790.934308260122
PROGRESS    Completed epoch 9 / 2000;    current loss: 494.5924072265625
INFO Gradient norm: 791.3733191427953
PROGRESS    Completed epoch 10 / 2000;    current loss: 494.30279541015625
INFO Gradient norm: 791.8142060528884
PROGRESS    Completed epoch 11 / 2000;    current loss: 494.0108947753906
INFO Gradient norm: 792.2581811886206
PROGRESS    Completed epoch 12 / 2000;    current loss: 493.7181396484375
INFO Gradient norm: 792.7035266821753
PROGRESS    Completed epoch 13 / 2000;    current loss: 493.42205810546875
INFO Gradient norm: 793.1532810921844
PROGRESS    Completed epoch 14 / 2000;    current loss: 493.12469482421875
INFO Gradient norm: 793.6068827307901
PROGRESS    Completed epoch 15 / 2000;    current loss: 492.8258972167969
INFO Gradient norm: 794.0629774744261
PROGRESS    Completed epoch 16 / 2000;    current loss: 492.5228576660156
INFO Gradient norm: 794.5234210290279
PROGRESS    Completed epoch 17 / 2000;    current loss: 492.2178039550781
INFO Gradient norm: 794.9877574173131
PROGRESS    Completed epoch 18 / 2000;    current loss: 491.9100341796875
INFO Gradient norm: 795.4559363901475
PROGRESS    Completed epoch 19 / 2000;    current loss: 491.5989990234375
INFO Gradient norm: 795.928447855876
PROGRESS    Completed epoch 20 / 2000;    current loss: 491.2843017578125
INFO Gradient norm: 796.4061782008384
PROGRESS    Completed epoch 21 / 2000;    current loss: 490.9667053222656
INFO Gradient norm: 796.8890695410552
PROGRESS    Completed epoch 22 / 2000;    current loss: 490.64642333984375
INFO Gradient norm: 797.3763436808238
PROGRESS    Completed epoch 23 / 2000;    current loss: 490.3205261230469
INFO Gradient norm: 797.869454492859
PROGRESS    Completed epoch 24 / 2000;    current loss: 489.9921875
INFO Gradient norm: 798.3674620957851
PROGRESS    Completed epoch 25 / 2000;    current loss: 489.658447265625
INFO Gradient norm: 798.8720777643915
PROGRESS    Completed epoch 26 / 2000;    current loss: 489.32147216796875
INFO Gradient norm: 799.3825089287697
PROGRESS    Completed epoch 27 / 2000;    current loss: 488.979736328125
INFO Gradient norm: 799.8985735836319
PROGRESS    Completed epoch 28 / 2000;    current loss: 488.6327819824219
INFO Gradient norm: 800.4217319911336
PROGRESS    Completed epoch 29 / 2000;    current loss: 488.281494140625
INFO Gradient norm: 800.9517877599679
PROGRESS    Completed epoch 30 / 2000;    current loss: 487.92559814453125
INFO Gradient norm: 801.4882742808376
PROGRESS    Completed epoch 31 / 2000;    current loss: 487.5641174316406
INFO Gradient norm: 802.0319004084424
PROGRESS    Completed epoch 32 / 2000;    current loss: 487.1976318359375
INFO Gradient norm: 802.5829112098597
PROGRESS    Completed epoch 33 / 2000;    current loss: 486.8251037597656
INFO Gradient norm: 803.141418297684
PROGRESS    Completed epoch 34 / 2000;    current loss: 486.4463806152344
INFO Gradient norm: 803.707605543272
PROGRESS    Completed epoch 35 / 2000;    current loss: 486.06219482421875
INFO Gradient norm: 804.2825552572434
PROGRESS    Completed epoch 36 / 2000;    current loss: 485.67193603515625
INFO Gradient norm: 804.865486654117
PROGRESS    Completed epoch 37 / 2000;    current loss: 485.2755126953125
INFO Gradient norm: 805.457214195557
PROGRESS    Completed epoch 38 / 2000;    current loss: 484.87255859375
INFO Gradient norm: 806.057277971327
PROGRESS    Completed epoch 39 / 2000;    current loss: 484.4627685546875
INFO Gradient norm: 806.6663213167437
PROGRESS    Completed epoch 40 / 2000;    current loss: 484.0450744628906
INFO Gradient norm: 807.2856004960859
PROGRESS    Completed epoch 41 / 2000;    current loss: 483.62115478515625
INFO Gradient norm: 807.9154783084641
PROGRESS    Completed epoch 42 / 2000;    current loss: 483.190673828125
INFO Gradient norm: 808.5548693583875
PROGRESS    Completed epoch 43 / 2000;    current loss: 482.75213623046875
INFO Gradient norm: 809.2058821498222
PROGRESS    Completed epoch 44 / 2000;    current loss: 482.3058166503906
INFO Gradient norm: 809.8673999609721
PROGRESS    Completed epoch 45 / 2000;    current loss: 481.8507385253906
INFO Gradient norm: 810.5422172149138
PROGRESS    Completed epoch 46 / 2000;    current loss: 481.3888244628906
INFO Gradient norm: 811.2293176636957
PROGRESS    Completed epoch 47 / 2000;    current loss: 480.9178161621094
INFO Gradient norm: 811.930016868157
PROGRESS    Completed epoch 48 / 2000;    current loss: 480.43896484375
INFO Gradient norm: 812.6451418008892
PROGRESS    Completed epoch 49 / 2000;    current loss: 479.95098876953125
INFO Gradient norm: 813.3743005529287
PROGRESS    Completed epoch 50 / 2000;    current loss: 479.4543762207031
INFO Gradient norm: 814.11759597822
PROGRESS    Completed epoch 51 / 2000;    current loss: 478.9477233886719
INFO Gradient norm: 814.875852883052
PROGRESS    Completed epoch 52 / 2000;    current loss: 478.43218994140625
INFO Gradient norm: 815.6489134108549
PROGRESS    Completed epoch 53 / 2000;    current loss: 477.9072265625
INFO Gradient norm: 816.4370800401787
PROGRESS    Completed epoch 54 / 2000;    current loss: 477.3724365234375
INFO Gradient norm: 817.2383889123554
PROGRESS    Completed epoch 55 / 2000;    current loss: 476.826904296875
INFO Gradient norm: 818.0549735002928
PROGRESS    Completed epoch 56 / 2000;    current loss: 476.27227783203125
INFO Gradient norm: 818.8845263265548
PROGRESS    Completed epoch 57 / 2000;    current loss: 475.70635986328125
INFO Gradient norm: 819.7278592400339
PROGRESS    Completed epoch 58 / 2000;    current loss: 475.13006591796875
INFO Gradient norm: 820.5851532534319
PROGRESS    Completed epoch 59 / 2000;    current loss: 474.543212890625
INFO Gradient norm: 821.4546772642495
PROGRESS    Completed epoch 60 / 2000;    current loss: 473.9445495605469
INFO Gradient norm: 822.3372919533227
PROGRESS    Completed epoch 61 / 2000;    current loss: 473.33477783203125
INFO Gradient norm: 823.2316691155065
PROGRESS    Completed epoch 62 / 2000;    current loss: 472.713134765625
INFO Gradient norm: 824.1385421969842
PROGRESS    Completed epoch 63 / 2000;    current loss: 472.0804443359375
INFO Gradient norm: 825.0566677620958
PROGRESS    Completed epoch 64 / 2000;    current loss: 471.4354248046875
INFO Gradient norm: 825.9861257294446
PROGRESS    Completed epoch 65 / 2000;    current loss: 470.77813720703125
INFO Gradient norm: 826.9249138356847
PROGRESS    Completed epoch 66 / 2000;    current loss: 470.10833740234375
INFO Gradient norm: 827.8748494844814
PROGRESS    Completed epoch 67 / 2000;    current loss: 469.4260559082031
INFO Gradient norm: 828.8331235387232
PROGRESS    Completed epoch 68 / 2000;    current loss: 468.7303466796875
INFO Gradient norm: 829.8003595791685
PROGRESS    Completed epoch 69 / 2000;    current loss: 468.0222473144531
INFO Gradient norm: 830.7753781783589
PROGRESS    Completed epoch 70 / 2000;    current loss: 467.301025390625
INFO Gradient norm: 831.756340491552
PROGRESS    Completed epoch 71 / 2000;    current loss: 466.5652160644531
INFO Gradient norm: 832.7426749057377
PROGRESS    Completed epoch 72 / 2000;    current loss: 465.81512451171875
INFO Gradient norm: 833.7357459902645
PROGRESS    Completed epoch 73 / 2000;    current loss: 465.0527648925781
INFO Gradient norm: 834.7321831070209
PROGRESS    Completed epoch 74 / 2000;    current loss: 464.27587890625
INFO Gradient norm: 835.7303411921192
PROGRESS    Completed epoch 75 / 2000;    current loss: 463.4836730957031
INFO Gradient norm: 836.7310004124731
PROGRESS    Completed epoch 76 / 2000;    current loss: 462.67755126953125
INFO Gradient norm: 837.7319894685857
PROGRESS    Completed epoch 77 / 2000;    current loss: 461.8563232421875
INFO Gradient norm: 838.7321857376684
PROGRESS    Completed epoch 78 / 2000;    current loss: 461.02056884765625
INFO Gradient norm: 839.7294636127752
PROGRESS    Completed epoch 79 / 2000;    current loss: 460.1695556640625
INFO Gradient norm: 840.7224770510417
PROGRESS    Completed epoch 80 / 2000;    current loss: 459.3033752441406
INFO Gradient norm: 841.7090350882658
PROGRESS    Completed epoch 81 / 2000;    current loss: 458.4208984375
INFO Gradient norm: 842.6882171414726
PROGRESS    Completed epoch 82 / 2000;    current loss: 457.5236511230469
INFO Gradient norm: 843.6586613966531
PROGRESS    Completed epoch 83 / 2000;    current loss: 456.61029052734375
INFO Gradient norm: 844.6164634990978
PROGRESS    Completed epoch 84 / 2000;    current loss: 455.6800842285156
INFO Gradient norm: 845.5607061033031
PROGRESS    Completed epoch 85 / 2000;    current loss: 454.73455810546875
INFO Gradient norm: 846.4893365789377
PROGRESS    Completed epoch 86 / 2000;    current loss: 453.7724304199219
INFO Gradient norm: 847.4009148690001
PROGRESS    Completed epoch 87 / 2000;    current loss: 452.79449462890625
INFO Gradient norm: 848.2911001779271
PROGRESS    Completed epoch 88 / 2000;    current loss: 451.7994384765625
INFO Gradient norm: 849.1587988328649
PROGRESS    Completed epoch 89 / 2000;    current loss: 450.788330078125
INFO Gradient norm: 849.9996461311156
PROGRESS    Completed epoch 90 / 2000;    current loss: 449.7587890625
INFO Gradient norm: 850.8130475231029
PROGRESS    Completed epoch 91 / 2000;    current loss: 448.7135009765625
INFO Gradient norm: 851.5951018829045
PROGRESS    Completed epoch 92 / 2000;    current loss: 447.6514892578125
INFO Gradient norm: 852.3433112662833
PROGRESS    Completed epoch 93 / 2000;    current loss: 446.5720520019531
INFO Gradient norm: 853.0531274742337
PROGRESS    Completed epoch 94 / 2000;    current loss: 445.4745178222656
INFO Gradient norm: 853.7233433179048
PROGRESS    Completed epoch 95 / 2000;    current loss: 444.36077880859375
INFO Gradient norm: 854.3500105917205
PROGRESS    Completed epoch 96 / 2000;    current loss: 443.2294006347656
INFO Gradient norm: 854.929538845626
PROGRESS    Completed epoch 97 / 2000;    current loss: 442.0802001953125
INFO Gradient norm: 855.4597112091964
PROGRESS    Completed epoch 98 / 2000;    current loss: 440.91473388671875
INFO Gradient norm: 855.93574712361
PROGRESS    Completed epoch 99 / 2000;    current loss: 439.7315673828125
INFO Gradient norm: 856.3545140872291
PROGRESS    Completed epoch 100 / 2000;    current loss: 438.53131103515625
INFO Gradient norm: 856.7125417844875
PROGRESS    Completed epoch 101 / 2000;    current loss: 437.3131408691406
INFO Gradient norm: 857.0068636479988
PROGRESS    Completed epoch 102 / 2000;    current loss: 436.07904052734375
INFO Gradient norm: 857.232387961992
PROGRESS    Completed epoch 103 / 2000;    current loss: 434.82666015625
INFO Gradient norm: 857.3865340949126
PROGRESS    Completed epoch 104 / 2000;    current loss: 433.55755615234375
INFO Gradient norm: 857.4688284660011
PROGRESS    Completed epoch 105 / 2000;    current loss: 432.2718200683594
INFO Gradient norm: 857.4684991477245
PROGRESS    Completed epoch 106 / 2000;    current loss: 430.97021484375
INFO Gradient norm: 857.3868155157232
PROGRESS    Completed epoch 107 / 2000;    current loss: 429.6504211425781
INFO Gradient norm: 857.2209343037725
PROGRESS    Completed epoch 108 / 2000;    current loss: 428.31378173828125
INFO Gradient norm: 856.9677969985989
PROGRESS    Completed epoch 109 / 2000;    current loss: 426.9635925292969
INFO Gradient norm: 856.6198619759782
PROGRESS    Completed epoch 110 / 2000;    current loss: 425.5958251953125
INFO Gradient norm: 856.1794472062868
PROGRESS    Completed epoch 111 / 2000;    current loss: 424.2115478515625
INFO Gradient norm: 855.6400281525606
PROGRESS    Completed epoch 112 / 2000;    current loss: 422.8138427734375
INFO Gradient norm: 855.0020612373
PROGRESS    Completed epoch 113 / 2000;    current loss: 421.3990478515625
INFO Gradient norm: 854.2630686938174
PROGRESS    Completed epoch 114 / 2000;    current loss: 419.97021484375
INFO Gradient norm: 853.4199250014699
PROGRESS    Completed epoch 115 / 2000;    current loss: 418.5264587402344
INFO Gradient norm: 852.4698959318421
PROGRESS    Completed epoch 116 / 2000;    current loss: 417.0693664550781
INFO Gradient norm: 851.4152576494558
PROGRESS    Completed epoch 117 / 2000;    current loss: 415.5981750488281
INFO Gradient norm: 850.2522613474724
PROGRESS    Completed epoch 118 / 2000;    current loss: 414.1136474609375
INFO Gradient norm: 848.9822331667915
PROGRESS    Completed epoch 119 / 2000;    current loss: 412.6162414550781
INFO Gradient norm: 847.6038792033619
PROGRESS    Completed epoch 120 / 2000;    current loss: 411.1059875488281
INFO Gradient norm: 846.1179348303173
PROGRESS    Completed epoch 121 / 2000;    current loss: 409.5835876464844
INFO Gradient norm: 844.5255804090978
PROGRESS    Completed epoch 122 / 2000;    current loss: 408.050048828125
INFO Gradient norm: 842.8304261477824
PROGRESS    Completed epoch 123 / 2000;    current loss: 406.505859375
INFO Gradient norm: 841.0303594879015
PROGRESS    Completed epoch 124 / 2000;    current loss: 404.9502868652344
INFO Gradient norm: 839.1293172224792
PROGRESS    Completed epoch 125 / 2000;    current loss: 403.38525390625
INFO Gradient norm: 837.1284444063766
PROGRESS    Completed epoch 126 / 2000;    current loss: 401.8105773925781
INFO Gradient norm: 835.0324451848072
PROGRESS    Completed epoch 127 / 2000;    current loss: 400.22637939453125
INFO Gradient norm: 832.8414117701213
PROGRESS    Completed epoch 128 / 2000;    current loss: 398.63482666015625
INFO Gradient norm: 830.561953749218
PROGRESS    Completed epoch 129 / 2000;    current loss: 397.035400390625
INFO Gradient norm: 828.1971889181632
PROGRESS    Completed epoch 130 / 2000;    current loss: 395.42822265625
INFO Gradient norm: 825.7538273779038
PROGRESS    Completed epoch 131 / 2000;    current loss: 393.8146057128906
INFO Gradient norm: 823.2397274375985
PROGRESS    Completed epoch 132 / 2000;    current loss: 392.1959228515625
INFO Gradient norm: 820.6599463149439
PROGRESS    Completed epoch 133 / 2000;    current loss: 390.5711669921875
INFO Gradient norm: 818.0220362629989
PROGRESS    Completed epoch 134 / 2000;    current loss: 388.9412841796875
INFO Gradient norm: 815.3321412277984
PROGRESS    Completed epoch 135 / 2000;    current loss: 387.3063049316406
INFO Gradient norm: 812.5963353170746
PROGRESS    Completed epoch 136 / 2000;    current loss: 385.66796875
INFO Gradient norm: 809.8238084492841
PROGRESS    Completed epoch 137 / 2000;    current loss: 384.02642822265625
INFO Gradient norm: 807.0205303799492
PROGRESS    Completed epoch 138 / 2000;    current loss: 382.38177490234375
INFO Gradient norm: 804.1927277813762
PROGRESS    Completed epoch 139 / 2000;    current loss: 380.73419189453125
INFO Gradient norm: 801.3496247394171
PROGRESS    Completed epoch 140 / 2000;    current loss: 379.08453369140625
INFO Gradient norm: 798.4985049560007
PROGRESS    Completed epoch 141 / 2000;    current loss: 377.433349609375
INFO Gradient norm: 795.6456536040663
PROGRESS    Completed epoch 142 / 2000;    current loss: 375.7806396484375
INFO Gradient norm: 792.7987929032496
PROGRESS    Completed epoch 143 / 2000;    current loss: 374.12750244140625
INFO Gradient norm: 789.9643177688271
PROGRESS    Completed epoch 144 / 2000;    current loss: 372.4736328125
INFO Gradient norm: 787.1496768637763
PROGRESS    Completed epoch 145 / 2000;    current loss: 370.8196105957031
INFO Gradient norm: 784.3607121831544
PROGRESS    Completed epoch 146 / 2000;    current loss: 369.16583251953125
INFO Gradient norm: 781.6030673710069
PROGRESS    Completed epoch 147 / 2000;    current loss: 367.5130310058594
INFO Gradient norm: 778.8841358209062
PROGRESS    Completed epoch 148 / 2000;    current loss: 365.86114501953125
INFO Gradient norm: 776.2143448360691
PROGRESS    Completed epoch 149 / 2000;    current loss: 364.2102355957031
INFO Gradient norm: 773.6010425295473
PROGRESS    Completed epoch 150 / 2000;    current loss: 362.56060791015625
INFO Gradient norm: 771.0439988121359
PROGRESS    Completed epoch 151 / 2000;    current loss: 360.91107177734375
INFO Gradient norm: 768.5458935344469
PROGRESS    Completed epoch 152 / 2000;    current loss: 359.2630615234375
INFO Gradient norm: 766.1043723872666
PROGRESS    Completed epoch 153 / 2000;    current loss: 357.615478515625
INFO Gradient norm: 763.7208491897235
PROGRESS    Completed epoch 154 / 2000;    current loss: 355.9685974121094
INFO Gradient norm: 761.3955319793049
PROGRESS    Completed epoch 155 / 2000;    current loss: 354.32244873046875
INFO Gradient norm: 759.1255458613828
PROGRESS    Completed epoch 156 / 2000;    current loss: 352.6759033203125
INFO Gradient norm: 756.9111329165202
PROGRESS    Completed epoch 157 / 2000;    current loss: 351.0294494628906
INFO Gradient norm: 754.7497071055143
PROGRESS    Completed epoch 158 / 2000;    current loss: 349.3833312988281
INFO Gradient norm: 752.6388597763142
PROGRESS    Completed epoch 159 / 2000;    current loss: 347.737548828125
INFO Gradient norm: 750.5733708828093
PROGRESS    Completed epoch 160 / 2000;    current loss: 346.0884094238281
INFO Gradient norm: 748.5554518287174
PROGRESS    Completed epoch 161 / 2000;    current loss: 344.4398193359375
INFO Gradient norm: 746.5793838217838
PROGRESS    Completed epoch 162 / 2000;    current loss: 342.7887878417969
INFO Gradient norm: 744.6429641142078
PROGRESS    Completed epoch 163 / 2000;    current loss: 341.1356201171875
INFO Gradient norm: 742.7409504572748
PROGRESS    Completed epoch 164 / 2000;    current loss: 339.479736328125
INFO Gradient norm: 740.8683375814387
PROGRESS    Completed epoch 165 / 2000;    current loss: 337.8206787109375
INFO Gradient norm: 739.0224210446842
PROGRESS    Completed epoch 166 / 2000;    current loss: 336.1595764160156
INFO Gradient norm: 737.1962786034837
PROGRESS    Completed epoch 167 / 2000;    current loss: 334.4932861328125
INFO Gradient norm: 735.3883334836099
PROGRESS    Completed epoch 168 / 2000;    current loss: 332.8237609863281
INFO Gradient norm: 733.5915822438067
PROGRESS    Completed epoch 169 / 2000;    current loss: 331.1481018066406
INFO Gradient norm: 731.8051777466544
PROGRESS    Completed epoch 170 / 2000;    current loss: 329.4688415527344
INFO Gradient norm: 730.0252371927598
PROGRESS    Completed epoch 171 / 2000;    current loss: 327.784423828125
INFO Gradient norm: 728.2480872258978
PROGRESS    Completed epoch 172 / 2000;    current loss: 326.0944519042969
INFO Gradient norm: 726.4709771429648
PROGRESS    Completed epoch 173 / 2000;    current loss: 324.3994140625
INFO Gradient norm: 724.6929481645072
PROGRESS    Completed epoch 174 / 2000;    current loss: 322.6993408203125
INFO Gradient norm: 722.909437833715
PROGRESS    Completed epoch 175 / 2000;    current loss: 320.99359130859375
INFO Gradient norm: 721.1177591803589
PROGRESS    Completed epoch 176 / 2000;    current loss: 319.2803039550781
INFO Gradient norm: 719.318215140353
PROGRESS    Completed epoch 177 / 2000;    current loss: 317.5622253417969
INFO Gradient norm: 717.5064274626454
PROGRESS    Completed epoch 178 / 2000;    current loss: 315.8382263183594
INFO Gradient norm: 715.6794990576605
PROGRESS    Completed epoch 179 / 2000;    current loss: 314.1078186035156
INFO Gradient norm: 713.8365138720199
PROGRESS    Completed epoch 180 / 2000;    current loss: 312.3722229003906
INFO Gradient norm: 711.972395602081
PROGRESS    Completed epoch 181 / 2000;    current loss: 310.6287536621094
INFO Gradient norm: 710.0875817567738
PROGRESS    Completed epoch 182 / 2000;    current loss: 308.87939453125
INFO Gradient norm: 708.0445948982571
PROGRESS    Completed epoch 183 / 2000;    current loss: 307.151123046875
INFO Gradient norm: 706.153920057393
PROGRESS    Completed epoch 184 / 2000;    current loss: 305.4210205078125
INFO Gradient norm: 704.2333072832629
PROGRESS    Completed epoch 185 / 2000;    current loss: 303.677978515625
INFO Gradient norm: 702.2848921097822
PROGRESS    Completed epoch 186 / 2000;    current loss: 301.9237060546875
INFO Gradient norm: 700.307459786392
PROGRESS    Completed epoch 187 / 2000;    current loss: 300.1568908691406
INFO Gradient norm: 698.3039210775217
PROGRESS    Completed epoch 188 / 2000;    current loss: 298.3807067871094
INFO Gradient norm: 696.2734419897496
PROGRESS    Completed epoch 189 / 2000;    current loss: 296.5943603515625
INFO Gradient norm: 694.2157174284362
PROGRESS    Completed epoch 190 / 2000;    current loss: 294.7978515625
INFO Gradient norm: 692.1315596252513
PROGRESS    Completed epoch 191 / 2000;    current loss: 292.9913330078125
INFO Gradient norm: 690.023338486003
PROGRESS    Completed epoch 192 / 2000;    current loss: 291.1780090332031
INFO Gradient norm: 687.8881017768391
PROGRESS    Completed epoch 193 / 2000;    current loss: 289.35498046875
INFO Gradient norm: 685.7288295731514
PROGRESS    Completed epoch 194 / 2000;    current loss: 287.5249328613281
INFO Gradient norm: 683.5440789256478
PROGRESS    Completed epoch 195 / 2000;    current loss: 285.6874694824219
INFO Gradient norm: 681.3354515204487
PROGRESS    Completed epoch 196 / 2000;    current loss: 283.8433532714844
INFO Gradient norm: 679.1014303289993
PROGRESS    Completed epoch 197 / 2000;    current loss: 281.991943359375
INFO Gradient norm: 676.9419698051515
PROGRESS    Completed epoch 198 / 2000;    current loss: 280.14642333984375
INFO Gradient norm: 674.6737824382386
PROGRESS    Completed epoch 199 / 2000;    current loss: 278.295166015625
INFO Gradient norm: 672.3807570403271
PROGRESS    Completed epoch 200 / 2000;    current loss: 276.4360046386719
INFO Gradient norm: 670.0619844373344
PROGRESS    Completed epoch 201 / 2000;    current loss: 274.5692138671875
INFO Gradient norm: 667.718214259998
PROGRESS    Completed epoch 202 / 2000;    current loss: 272.6956481933594
INFO Gradient norm: 665.3488137404639
PROGRESS    Completed epoch 203 / 2000;    current loss: 270.8143615722656
INFO Gradient norm: 662.9553786210207
PROGRESS    Completed epoch 204 / 2000;    current loss: 268.9275817871094
INFO Gradient norm: 660.5374302771328
PROGRESS    Completed epoch 205 / 2000;    current loss: 267.034423828125
INFO Gradient norm: 658.0945375340272
PROGRESS    Completed epoch 206 / 2000;    current loss: 265.1353759765625
INFO Gradient norm: 655.6282284104573
PROGRESS    Completed epoch 207 / 2000;    current loss: 263.2319030761719
INFO Gradient norm: 653.1393022944927
PROGRESS    Completed epoch 208 / 2000;    current loss: 261.3236083984375
INFO Gradient norm: 650.6261359214901
PROGRESS    Completed epoch 209 / 2000;    current loss: 259.41046142578125
INFO Gradient norm: 648.0824050999996
PROGRESS    Completed epoch 210 / 2000;    current loss: 257.49407958984375
INFO Gradient norm: 645.5570592710736
PROGRESS    Completed epoch 211 / 2000;    current loss: 255.5738983154297
INFO Gradient norm: 642.9974874557057
PROGRESS    Completed epoch 212 / 2000;    current loss: 253.64895629882812
INFO Gradient norm: 640.0616053909255
PROGRESS    Completed epoch 213 / 2000;    current loss: 251.75955200195312
INFO Gradient norm: 637.4722372066776
PROGRESS    Completed epoch 214 / 2000;    current loss: 249.88153076171875
INFO Gradient norm: 634.8382445674234
PROGRESS    Completed epoch 215 / 2000;    current loss: 247.9939727783203
INFO Gradient norm: 632.1940241181854
PROGRESS    Completed epoch 216 / 2000;    current loss: 246.09815979003906
INFO Gradient norm: 629.54435688241
PROGRESS    Completed epoch 217 / 2000;    current loss: 244.19583129882812
INFO Gradient norm: 626.863934720921
PROGRESS    Completed epoch 218 / 2000;    current loss: 242.28884887695312
INFO Gradient norm: 624.159089157156
PROGRESS    Completed epoch 219 / 2000;    current loss: 240.37509155273438
INFO Gradient norm: 621.4293145786688
PROGRESS    Completed epoch 220 / 2000;    current loss: 238.45584106445312
INFO Gradient norm: 618.6749444934782
PROGRESS    Completed epoch 221 / 2000;    current loss: 236.53099060058594
INFO Gradient norm: 615.8973810832924
PROGRESS    Completed epoch 222 / 2000;    current loss: 234.60255432128906
INFO Gradient norm: 613.0952444897989
PROGRESS    Completed epoch 223 / 2000;    current loss: 232.66961669921875
INFO Gradient norm: 610.2626296898432
PROGRESS    Completed epoch 224 / 2000;    current loss: 230.73587036132812
INFO Gradient norm: 607.4192965803784
PROGRESS    Completed epoch 225 / 2000;    current loss: 228.79803466796875
INFO Gradient norm: 604.552753772193
PROGRESS    Completed epoch 226 / 2000;    current loss: 226.85671997070312
INFO Gradient norm: 601.6623973587925
PROGRESS    Completed epoch 227 / 2000;    current loss: 224.91311645507812
INFO Gradient norm: 598.7480337861298
PROGRESS    Completed epoch 228 / 2000;    current loss: 222.9664764404297
INFO Gradient norm: 595.8285356070303
PROGRESS    Completed epoch 229 / 2000;    current loss: 221.0206756591797
INFO Gradient norm: 592.8762659277336
PROGRESS    Completed epoch 230 / 2000;    current loss: 219.07272338867188
INFO Gradient norm: 589.9012633499622
PROGRESS    Completed epoch 231 / 2000;    current loss: 217.12283325195312
INFO Gradient norm: 586.9049537683183
PROGRESS    Completed epoch 232 / 2000;    current loss: 215.17202758789062
INFO Gradient norm: 583.8837925646012
PROGRESS    Completed epoch 233 / 2000;    current loss: 213.22021484375
INFO Gradient norm: 580.8431228437801
PROGRESS    Completed epoch 234 / 2000;    current loss: 211.26776123046875
INFO Gradient norm: 578.0606324622975
PROGRESS    Completed epoch 235 / 2000;    current loss: 209.3275909423828
INFO Gradient norm: 574.9954441239703
PROGRESS    Completed epoch 236 / 2000;    current loss: 207.39593505859375
INFO Gradient norm: 571.9065108615292
PROGRESS    Completed epoch 237 / 2000;    current loss: 205.46018981933594
INFO Gradient norm: 568.7980136418186
PROGRESS    Completed epoch 238 / 2000;    current loss: 203.5225830078125
INFO Gradient norm: 565.6616331065087
PROGRESS    Completed epoch 239 / 2000;    current loss: 201.5821075439453
INFO Gradient norm: 562.4993392247488
PROGRESS    Completed epoch 240 / 2000;    current loss: 199.64051818847656
INFO Gradient norm: 559.321924924234
PROGRESS    Completed epoch 241 / 2000;    current loss: 197.69778442382812
INFO Gradient norm: 555.8973582859154
PROGRESS    Completed epoch 242 / 2000;    current loss: 195.7724151611328
INFO Gradient norm: 552.7033648567952
PROGRESS    Completed epoch 243 / 2000;    current loss: 193.84754943847656
INFO Gradient norm: 549.4907312855493
PROGRESS    Completed epoch 244 / 2000;    current loss: 191.92247009277344
INFO Gradient norm: 546.257461322826
PROGRESS    Completed epoch 245 / 2000;    current loss: 189.99676513671875
INFO Gradient norm: 543.0030578040197
PROGRESS    Completed epoch 246 / 2000;    current loss: 188.07040405273438
INFO Gradient norm: 539.7305111331204
PROGRESS    Completed epoch 247 / 2000;    current loss: 186.14572143554688
INFO Gradient norm: 536.4383865023705
PROGRESS    Completed epoch 248 / 2000;    current loss: 184.2213134765625
INFO Gradient norm: 533.1359452380847
PROGRESS    Completed epoch 249 / 2000;    current loss: 182.29930114746094
INFO Gradient norm: 529.8168170779187
PROGRESS    Completed epoch 250 / 2000;    current loss: 180.37875366210938
INFO Gradient norm: 526.7175996523426
PROGRESS    Completed epoch 251 / 2000;    current loss: 178.47093200683594
INFO Gradient norm: 523.3754649000658
PROGRESS    Completed epoch 252 / 2000;    current loss: 176.56640625
INFO Gradient norm: 520.0106695958881
PROGRESS    Completed epoch 253 / 2000;    current loss: 174.66250610351562
INFO Gradient norm: 516.6314332815266
PROGRESS    Completed epoch 254 / 2000;    current loss: 172.75860595703125
INFO Gradient norm: 513.2284088280232
PROGRESS    Completed epoch 255 / 2000;    current loss: 170.85635375976562
INFO Gradient norm: 509.62541414686245
PROGRESS    Completed epoch 256 / 2000;    current loss: 168.9702911376953
INFO Gradient norm: 506.21980092410115
PROGRESS    Completed epoch 257 / 2000;    current loss: 167.08627319335938
INFO Gradient norm: 502.7974129633056
PROGRESS    Completed epoch 258 / 2000;    current loss: 165.20367431640625
INFO Gradient norm: 499.3579994437919
PROGRESS    Completed epoch 259 / 2000;    current loss: 163.32325744628906
INFO Gradient norm: 495.9007062858428
PROGRESS    Completed epoch 260 / 2000;    current loss: 161.44461059570312
INFO Gradient norm: 492.4275873520948
PROGRESS    Completed epoch 261 / 2000;    current loss: 159.569580078125
INFO Gradient norm: 488.93549830056446
PROGRESS    Completed epoch 262 / 2000;    current loss: 157.69688415527344
INFO Gradient norm: 485.6386481250258
PROGRESS    Completed epoch 263 / 2000;    current loss: 155.83367919921875
INFO Gradient norm: 482.14193332105873
PROGRESS    Completed epoch 264 / 2000;    current loss: 153.97930908203125
INFO Gradient norm: 478.6214651750261
PROGRESS    Completed epoch 265 / 2000;    current loss: 152.12757873535156
INFO Gradient norm: 475.0787520146579
PROGRESS    Completed epoch 266 / 2000;    current loss: 150.27781677246094
INFO Gradient norm: 471.3574872943511
PROGRESS    Completed epoch 267 / 2000;    current loss: 148.44378662109375
INFO Gradient norm: 467.80445757370524
PROGRESS    Completed epoch 268 / 2000;    current loss: 146.61329650878906
INFO Gradient norm: 464.2315105964139
PROGRESS    Completed epoch 269 / 2000;    current loss: 144.78639221191406
INFO Gradient norm: 460.63541969492036
PROGRESS    Completed epoch 270 / 2000;    current loss: 142.9637451171875
INFO Gradient norm: 457.01409769892007
PROGRESS    Completed epoch 271 / 2000;    current loss: 141.1455078125
INFO Gradient norm: 453.3701512958998
PROGRESS    Completed epoch 272 / 2000;    current loss: 139.33251953125
INFO Gradient norm: 449.9104564681766
PROGRESS    Completed epoch 273 / 2000;    current loss: 137.53253173828125
INFO Gradient norm: 446.25559977234985
PROGRESS    Completed epoch 274 / 2000;    current loss: 135.74041748046875
INFO Gradient norm: 442.57345697143074
PROGRESS    Completed epoch 275 / 2000;    current loss: 133.95228576660156
INFO Gradient norm: 438.86330809034513
PROGRESS    Completed epoch 276 / 2000;    current loss: 132.16839599609375
INFO Gradient norm: 435.0084818523767
PROGRESS    Completed epoch 277 / 2000;    current loss: 130.40237426757812
INFO Gradient norm: 431.3006043140844
PROGRESS    Completed epoch 278 / 2000;    current loss: 128.6423797607422
INFO Gradient norm: 427.56778962760325
PROGRESS    Completed epoch 279 / 2000;    current loss: 126.88851928710938
INFO Gradient norm: 423.80394361560934
PROGRESS    Completed epoch 280 / 2000;    current loss: 125.14024353027344
INFO Gradient norm: 420.01129072823
PROGRESS    Completed epoch 281 / 2000;    current loss: 123.3992919921875
INFO Gradient norm: 416.1978667338915
PROGRESS    Completed epoch 282 / 2000;    current loss: 121.66498565673828
INFO Gradient norm: 412.53346663285475
PROGRESS    Completed epoch 283 / 2000;    current loss: 119.94149017333984
INFO Gradient norm: 408.71387601553215
PROGRESS    Completed epoch 284 / 2000;    current loss: 118.23124694824219
INFO Gradient norm: 404.8627050894669
PROGRESS    Completed epoch 285 / 2000;    current loss: 116.52766418457031
INFO Gradient norm: 400.849122427449
PROGRESS    Completed epoch 286 / 2000;    current loss: 114.83534240722656
INFO Gradient norm: 396.98008812950974
PROGRESS    Completed epoch 287 / 2000;    current loss: 113.15398406982422
INFO Gradient norm: 393.08110813538707
PROGRESS    Completed epoch 288 / 2000;    current loss: 111.48066711425781
INFO Gradient norm: 389.15170215027314
PROGRESS    Completed epoch 289 / 2000;    current loss: 109.81529998779297
INFO Gradient norm: 385.3604699944019
PROGRESS    Completed epoch 290 / 2000;    current loss: 108.16199493408203
INFO Gradient norm: 381.40921291960024
PROGRESS    Completed epoch 291 / 2000;    current loss: 106.52009582519531
INFO Gradient norm: 377.2950964311796
PROGRESS    Completed epoch 292 / 2000;    current loss: 104.88788604736328
INFO Gradient norm: 373.31662701734507
PROGRESS    Completed epoch 293 / 2000;    current loss: 103.26782989501953
INFO Gradient norm: 369.3054722470473
PROGRESS    Completed epoch 294 / 2000;    current loss: 101.6566162109375
INFO Gradient norm: 365.4357271298338
PROGRESS    Completed epoch 295 / 2000;    current loss: 100.0604248046875
INFO Gradient norm: 361.3963197734189
PROGRESS    Completed epoch 296 / 2000;    current loss: 98.47288513183594
INFO Gradient norm: 357.21403593354614
PROGRESS    Completed epoch 297 / 2000;    current loss: 96.89627075195312
INFO Gradient norm: 353.16000285674266
PROGRESS    Completed epoch 298 / 2000;    current loss: 95.33297729492188
INFO Gradient norm: 349.0736443331532
PROGRESS    Completed epoch 299 / 2000;    current loss: 93.78031158447266
INFO Gradient norm: 345.0871406566103
PROGRESS    Completed epoch 300 / 2000;    current loss: 92.24011993408203
INFO Gradient norm: 340.9667420119607
PROGRESS    Completed epoch 301 / 2000;    current loss: 90.71061706542969
INFO Gradient norm: 336.769156058279
PROGRESS    Completed epoch 302 / 2000;    current loss: 89.19722747802734
INFO Gradient norm: 332.6489095860763
PROGRESS    Completed epoch 303 / 2000;    current loss: 87.69425964355469
INFO Gradient norm: 328.4984744312846
PROGRESS    Completed epoch 304 / 2000;    current loss: 86.2025146484375
INFO Gradient norm: 324.3150478699139
PROGRESS    Completed epoch 305 / 2000;    current loss: 84.72169494628906
INFO Gradient norm: 320.23849613266475
PROGRESS    Completed epoch 306 / 2000;    current loss: 83.25543975830078
INFO Gradient norm: 316.0590680471753
PROGRESS    Completed epoch 307 / 2000;    current loss: 81.8021011352539
INFO Gradient norm: 311.7607850237734
PROGRESS    Completed epoch 308 / 2000;    current loss: 80.35953521728516
INFO Gradient norm: 307.5728532730937
PROGRESS    Completed epoch 309 / 2000;    current loss: 78.9314193725586
INFO Gradient norm: 303.4381572458768
PROGRESS    Completed epoch 310 / 2000;    current loss: 77.51606750488281
INFO Gradient norm: 299.1696485301449
PROGRESS    Completed epoch 311 / 2000;    current loss: 76.11298370361328
INFO Gradient norm: 294.9556789741786
PROGRESS    Completed epoch 312 / 2000;    current loss: 74.72320556640625
INFO Gradient norm: 290.80335122646784
PROGRESS    Completed epoch 313 / 2000;    current loss: 73.34627532958984
INFO Gradient norm: 286.51618513515905
PROGRESS    Completed epoch 314 / 2000;    current loss: 71.98120880126953
INFO Gradient norm: 282.36181420318104
PROGRESS    Completed epoch 315 / 2000;    current loss: 70.63005828857422
INFO Gradient norm: 278.1238163812656
PROGRESS    Completed epoch 316 / 2000;    current loss: 69.29121398925781
INFO Gradient norm: 273.92694447956956
PROGRESS    Completed epoch 317 / 2000;    current loss: 67.96524047851562
INFO Gradient norm: 269.7312315778088
PROGRESS    Completed epoch 318 / 2000;    current loss: 66.65084838867188
INFO Gradient norm: 265.55344464956806
PROGRESS    Completed epoch 319 / 2000;    current loss: 65.34980010986328
INFO Gradient norm: 261.3793044527759
PROGRESS    Completed epoch 320 / 2000;    current loss: 64.06039428710938
INFO Gradient norm: 257.248655353549
PROGRESS    Completed epoch 321 / 2000;    current loss: 62.783714294433594
INFO Gradient norm: 253.10963319187059
PROGRESS    Completed epoch 322 / 2000;    current loss: 61.51864242553711
INFO Gradient norm: 249.01622862919817
PROGRESS    Completed epoch 323 / 2000;    current loss: 60.2651252746582
INFO Gradient norm: 245.03914635709606
PROGRESS    Completed epoch 324 / 2000;    current loss: 59.02250289916992
INFO Gradient norm: 241.18127904630435
PROGRESS    Completed epoch 325 / 2000;    current loss: 57.78950500488281
INFO Gradient norm: 237.4350999439614
PROGRESS    Completed epoch 326 / 2000;    current loss: 56.56597137451172
INFO Gradient norm: 233.85771265697534
PROGRESS    Completed epoch 327 / 2000;    current loss: 55.350257873535156
INFO Gradient norm: 230.4019331544062
PROGRESS    Completed epoch 328 / 2000;    current loss: 54.142311096191406
INFO Gradient norm: 227.131641437207
PROGRESS    Completed epoch 329 / 2000;    current loss: 52.940582275390625
INFO Gradient norm: 223.98407905215416
PROGRESS    Completed epoch 330 / 2000;    current loss: 51.74723815917969
INFO Gradient norm: 221.06201859546943
PROGRESS    Completed epoch 331 / 2000;    current loss: 50.56049346923828
INFO Gradient norm: 218.26446474676595
PROGRESS    Completed epoch 332 / 2000;    current loss: 49.3848876953125
INFO Gradient norm: 215.75102594496465
PROGRESS    Completed epoch 333 / 2000;    current loss: 48.21954345703125
INFO Gradient norm: 213.44458158045617
PROGRESS    Completed epoch 334 / 2000;    current loss: 47.0749397277832
INFO Gradient norm: 211.30301691261315
PROGRESS    Completed epoch 335 / 2000;    current loss: 45.94590759277344
INFO Gradient norm: 209.33001733698148
PROGRESS    Completed epoch 336 / 2000;    current loss: 44.83995056152344
INFO Gradient norm: 207.5712805902349
PROGRESS    Completed epoch 337 / 2000;    current loss: 43.75255584716797
INFO Gradient norm: 205.92164085575712
PROGRESS    Completed epoch 338 / 2000;    current loss: 42.675907135009766
INFO Gradient norm: 204.7278175600059
PROGRESS    Completed epoch 339 / 2000;    current loss: 41.62104415893555
INFO Gradient norm: 203.31933411916265
PROGRESS    Completed epoch 340 / 2000;    current loss: 40.562713623046875
INFO Gradient norm: 201.84965797271042
PROGRESS    Completed epoch 341 / 2000;    current loss: 39.51398849487305
INFO Gradient norm: 200.35919803471768
PROGRESS    Completed epoch 342 / 2000;    current loss: 38.467098236083984
INFO Gradient norm: 196.09867618531214
PROGRESS    Completed epoch 343 / 2000;    current loss: 37.456233978271484
INFO Gradient norm: 190.86107295677283
PROGRESS    Completed epoch 344 / 2000;    current loss: 36.51908493041992
INFO Gradient norm: 185.08070344093287
PROGRESS    Completed epoch 345 / 2000;    current loss: 35.57188034057617
INFO Gradient norm: 179.30270004508918
PROGRESS    Completed epoch 346 / 2000;    current loss: 34.61449432373047
INFO Gradient norm: 174.28499564817807
PROGRESS    Completed epoch 347 / 2000;    current loss: 33.68394088745117
INFO Gradient norm: 170.17254575091343
PROGRESS    Completed epoch 348 / 2000;    current loss: 32.745887756347656
INFO Gradient norm: 166.6079509562325
PROGRESS    Completed epoch 349 / 2000;    current loss: 31.79663848876953
INFO Gradient norm: 163.682074251762
PROGRESS    Completed epoch 350 / 2000;    current loss: 30.836177825927734
INFO Gradient norm: 161.54904689349843
PROGRESS    Completed epoch 351 / 2000;    current loss: 29.86400032043457
INFO Gradient norm: 160.1444647968975
PROGRESS    Completed epoch 352 / 2000;    current loss: 28.879005432128906
INFO Gradient norm: 161.08767782500112
PROGRESS    Completed epoch 353 / 2000;    current loss: 28.015365600585938
INFO Gradient norm: 163.75891285840183
PROGRESS    Completed epoch 354 / 2000;    current loss: 27.26468849182129
INFO Gradient norm: 169.4899728933998
PROGRESS    Completed epoch 355 / 2000;    current loss: 26.511089324951172
INFO Gradient norm: 178.22430273583453
PROGRESS    Completed epoch 356 / 2000;    current loss: 25.74506187438965
INFO Gradient norm: 187.13542980487327
PROGRESS    Completed epoch 357 / 2000;    current loss: 24.945220947265625
INFO Gradient norm: 191.22737272139332
PROGRESS    Completed epoch 358 / 2000;    current loss: 24.087421417236328
INFO Gradient norm: 185.4396383655866
PROGRESS    Completed epoch 359 / 2000;    current loss: 23.24201774597168
INFO Gradient norm: 195.7405908447015
PROGRESS    Completed epoch 360 / 2000;    current loss: 22.590953826904297
INFO Gradient norm: 218.48228546705775
PROGRESS    Completed epoch 361 / 2000;    current loss: 22.073219299316406
INFO Gradient norm: 233.09989342893303
PROGRESS    Completed epoch 362 / 2000;    current loss: 21.46608543395996
INFO Gradient norm: 220.9904080312602
PROGRESS    Completed epoch 363 / 2000;    current loss: 20.770166397094727
INFO Gradient norm: 196.89595317581032
PROGRESS    Completed epoch 364 / 2000;    current loss: 20.017303466796875
INFO Gradient norm: 184.4122409890419
PROGRESS    Completed epoch 365 / 2000;    current loss: 19.377248764038086
INFO Gradient norm: 184.73746116730513
PROGRESS    Completed epoch 366 / 2000;    current loss: 18.836084365844727
INFO Gradient norm: 179.71847973607353
PROGRESS    Completed epoch 367 / 2000;    current loss: 18.193002700805664
INFO Gradient norm: 165.73955856289027
PROGRESS    Completed epoch 368 / 2000;    current loss: 17.513273239135742
INFO Gradient norm: 162.3466981065029
PROGRESS    Completed epoch 369 / 2000;    current loss: 17.000808715820312
INFO Gradient norm: 157.97993697486044
PROGRESS    Completed epoch 370 / 2000;    current loss: 16.463973999023438
INFO Gradient norm: 152.13928729623467
PROGRESS    Completed epoch 371 / 2000;    current loss: 15.848892211914062
INFO Gradient norm: 143.55281619522444
PROGRESS    Completed epoch 372 / 2000;    current loss: 15.226662635803223
INFO Gradient norm: 144.54798587000533
PROGRESS    Completed epoch 373 / 2000;    current loss: 14.77168083190918
INFO Gradient norm: 145.26413178052528
PROGRESS    Completed epoch 374 / 2000;    current loss: 14.244762420654297
INFO Gradient norm: 145.35374154073784
PROGRESS    Completed epoch 375 / 2000;    current loss: 13.651422500610352
INFO Gradient norm: 141.56188230553647
PROGRESS    Completed epoch 376 / 2000;    current loss: 13.075155258178711
INFO Gradient norm: 141.97354370682316
PROGRESS    Completed epoch 377 / 2000;    current loss: 12.499396324157715
INFO Gradient norm: 148.49153963195883
PROGRESS    Completed epoch 378 / 2000;    current loss: 12.001945495605469
INFO Gradient norm: 144.57613537888443
PROGRESS    Completed epoch 379 / 2000;    current loss: 11.469324111938477
INFO Gradient norm: 148.3606296730417
PROGRESS    Completed epoch 380 / 2000;    current loss: 11.00788688659668
INFO Gradient norm: 142.87431115294982
PROGRESS    Completed epoch 381 / 2000;    current loss: 10.517561912536621
INFO Gradient norm: 133.66881850021304
PROGRESS    Completed epoch 382 / 2000;    current loss: 10.001137733459473
INFO Gradient norm: 132.09250696227235
PROGRESS    Completed epoch 383 / 2000;    current loss: 9.529631614685059
INFO Gradient norm: 122.62843660201447
PROGRESS    Completed epoch 384 / 2000;    current loss: 9.12259578704834
INFO Gradient norm: 121.45343598853759
PROGRESS    Completed epoch 385 / 2000;    current loss: 8.7609281539917
INFO Gradient norm: 128.6890359407538
PROGRESS    Completed epoch 386 / 2000;    current loss: 8.514415740966797
INFO Gradient norm: 128.84967096106385
PROGRESS    Completed epoch 387 / 2000;    current loss: 8.224246978759766
INFO Gradient norm: 130.3190196937249
PROGRESS    Completed epoch 388 / 2000;    current loss: 7.967929363250732
INFO Gradient norm: 127.02605777377383
PROGRESS    Completed epoch 389 / 2000;    current loss: 7.624236106872559
INFO Gradient norm: 123.0435079898554
PROGRESS    Completed epoch 390 / 2000;    current loss: 7.3834614753723145
INFO Gradient norm: 117.16902672196366
PROGRESS    Completed epoch 391 / 2000;    current loss: 7.067757606506348
INFO Gradient norm: 114.96590485384394
PROGRESS    Completed epoch 392 / 2000;    current loss: 6.691839218139648
INFO Gradient norm: 136.9695334711932
PROGRESS    Completed epoch 393 / 2000;    current loss: 6.426358222961426
INFO Gradient norm: 157.98747608718182
PROGRESS    Completed epoch 394 / 2000;    current loss: 6.25596284866333
INFO Gradient norm: 168.5702232993749
PROGRESS    Completed epoch 395 / 2000;    current loss: 5.994752407073975
INFO Gradient norm: 154.28961478719378
PROGRESS    Completed epoch 396 / 2000;    current loss: 5.673044204711914
INFO Gradient norm: 119.78064796895721
PROGRESS    Completed epoch 397 / 2000;    current loss: 5.400412082672119
INFO Gradient norm: 106.1754173350979
PROGRESS    Completed epoch 398 / 2000;    current loss: 5.2036309242248535
INFO Gradient norm: 105.83860933218813
PROGRESS    Completed epoch 399 / 2000;    current loss: 4.9607110023498535
INFO Gradient norm: 108.46168412931986
PROGRESS    Completed epoch 400 / 2000;    current loss: 4.736785411834717
INFO Gradient norm: 113.0089673706605
PROGRESS    Completed epoch 401 / 2000;    current loss: 4.572423934936523
INFO Gradient norm: 112.01318399130385
PROGRESS    Completed epoch 402 / 2000;    current loss: 4.360589027404785
INFO Gradient norm: 101.68305482163345
PROGRESS    Completed epoch 403 / 2000;    current loss: 4.1291069984436035
INFO Gradient norm: 96.03139950627238
PROGRESS    Completed epoch 404 / 2000;    current loss: 3.955742359161377
INFO Gradient norm: 90.38073889980696
PROGRESS    Completed epoch 405 / 2000;    current loss: 3.7650954723358154
INFO Gradient norm: 91.90328308420385
PROGRESS    Completed epoch 406 / 2000;    current loss: 3.605393648147583
INFO Gradient norm: 86.61864688528621
PROGRESS    Completed epoch 407 / 2000;    current loss: 3.4667952060699463
INFO Gradient norm: 82.44119426088481
PROGRESS    Completed epoch 408 / 2000;    current loss: 3.2843751907348633
INFO Gradient norm: 92.16819093056846
PROGRESS    Completed epoch 409 / 2000;    current loss: 3.1584746837615967
INFO Gradient norm: 105.78666156266986
PROGRESS    Completed epoch 410 / 2000;    current loss: 3.0347306728363037
INFO Gradient norm: 87.43147703375489
PROGRESS    Completed epoch 411 / 2000;    current loss: 2.841085195541382
INFO Gradient norm: 75.33691626005344
PROGRESS    Completed epoch 412 / 2000;    current loss: 2.744985342025757
INFO Gradient norm: 72.45882182407819
PROGRESS    Completed epoch 413 / 2000;    current loss: 2.621178150177002
INFO Gradient norm: 71.83178820528882
PROGRESS    Completed epoch 414 / 2000;    current loss: 2.476133346557617
INFO Gradient norm: 69.30991954671583
PROGRESS    Completed epoch 415 / 2000;    current loss: 2.328324556350708
INFO Gradient norm: 61.380853758795965
PROGRESS    Completed epoch 416 / 2000;    current loss: 2.226322650909424
INFO Gradient norm: 56.16248904503354
PROGRESS    Completed epoch 417 / 2000;    current loss: 2.1050448417663574
INFO Gradient norm: 54.75456757697383
PROGRESS    Completed epoch 418 / 2000;    current loss: 1.9810001850128174
INFO Gradient norm: 62.93145856849119
PROGRESS    Completed epoch 419 / 2000;    current loss: 1.9066541194915771
INFO Gradient norm: 52.0752339050012
PROGRESS    Completed epoch 420 / 2000;    current loss: 1.8119114637374878
INFO Gradient norm: 45.569750799012034
PROGRESS    Completed epoch 421 / 2000;    current loss: 1.7237272262573242
INFO Gradient norm: 78.50709351085847
PROGRESS    Completed epoch 422 / 2000;    current loss: 1.7075252532958984
INFO Gradient norm: 98.68226415797999
PROGRESS    Completed epoch 423 / 2000;    current loss: 1.6806577444076538
INFO Gradient norm: 84.08071251072137
PROGRESS    Completed epoch 424 / 2000;    current loss: 1.6214559078216553
INFO Gradient norm: 43.72175454816968
PROGRESS    Completed epoch 425 / 2000;    current loss: 1.5241541862487793
INFO Gradient norm: 70.18495972401125
PROGRESS    Completed epoch 426 / 2000;    current loss: 1.4739717245101929
INFO Gradient norm: 59.22768519186235
PROGRESS    Completed epoch 427 / 2000;    current loss: 1.3910232782363892
INFO Gradient norm: 41.07527491600041
PROGRESS    Completed epoch 428 / 2000;    current loss: 1.3282991647720337
INFO Gradient norm: 37.37821842906707
PROGRESS    Completed epoch 429 / 2000;    current loss: 1.2803651094436646
INFO Gradient norm: 35.08541535108547
PROGRESS    Completed epoch 430 / 2000;    current loss: 1.2104425430297852
INFO Gradient norm: 32.9629268083743
PROGRESS    Completed epoch 431 / 2000;    current loss: 1.1272996664047241
INFO Gradient norm: 72.97126202276834
PROGRESS    Completed epoch 432 / 2000;    current loss: 1.121281623840332
INFO Gradient norm: 75.14277484527892
PROGRESS    Completed epoch 433 / 2000;    current loss: 1.0672094821929932
INFO Gradient norm: 38.37135399052608
PROGRESS    Completed epoch 434 / 2000;    current loss: 0.9560210704803467
INFO Gradient norm: 41.5771837716348
PROGRESS    Completed epoch 435 / 2000;    current loss: 0.9123141765594482
INFO Gradient norm: 26.112998727430348
PROGRESS    Completed epoch 436 / 2000;    current loss: 0.8675352334976196
INFO Gradient norm: 39.9565356661871
PROGRESS    Completed epoch 437 / 2000;    current loss: 0.8270558714866638
INFO Gradient norm: 26.438656951961136
PROGRESS    Completed epoch 438 / 2000;    current loss: 0.7662342190742493
INFO Gradient norm: 37.49065852404481
PROGRESS    Completed epoch 439 / 2000;    current loss: 0.718026876449585
INFO Gradient norm: 53.37541811749865
PROGRESS    Completed epoch 440 / 2000;    current loss: 0.6888778805732727
INFO Gradient norm: 24.158858636065734
PROGRESS    Completed epoch 441 / 2000;    current loss: 0.6190257668495178
INFO Gradient norm: 49.24949173970727
PROGRESS    Completed epoch 442 / 2000;    current loss: 0.5959603786468506
INFO Gradient norm: 57.28335081687532
PROGRESS    Completed epoch 443 / 2000;    current loss: 0.5669055581092834
INFO Gradient norm: 23.881444899377914
PROGRESS    Completed epoch 444 / 2000;    current loss: 0.49758899211883545
INFO Gradient norm: 53.86353127505564
PROGRESS    Completed epoch 445 / 2000;    current loss: 0.4933641254901886
INFO Gradient norm: 74.06857061498935
PROGRESS    Completed epoch 446 / 2000;    current loss: 0.4940260350704193
INFO Gradient norm: 46.064591338017216
PROGRESS    Completed epoch 447 / 2000;    current loss: 0.4315585196018219
INFO Gradient norm: 20.30839755929219
PROGRESS    Completed epoch 448 / 2000;    current loss: 0.3897220492362976
INFO Gradient norm: 29.128844751772842
PROGRESS    Completed epoch 449 / 2000;    current loss: 0.3762591481208801
INFO Gradient norm: 12.827963412375915
PROGRESS    Completed epoch 450 / 2000;    current loss: 0.34774136543273926
INFO Gradient norm: 30.377712998461185
PROGRESS    Completed epoch 451 / 2000;    current loss: 0.33361610770225525
INFO Gradient norm: 16.017547853807233
PROGRESS    Completed epoch 452 / 2000;    current loss: 0.30462339520454407
INFO Gradient norm: 28.24124912902486
PROGRESS    Completed epoch 453 / 2000;    current loss: 0.2957412600517273
INFO Gradient norm: 25.197468793542882
PROGRESS    Completed epoch 454 / 2000;    current loss: 0.2786364257335663
INFO Gradient norm: 14.038870603988622
PROGRESS    Completed epoch 455 / 2000;    current loss: 0.2598721385002136
INFO Gradient norm: 13.566627699444794
PROGRESS    Completed epoch 456 / 2000;    current loss: 0.25138741731643677
INFO Gradient norm: 19.044681246566974
PROGRESS    Completed epoch 457 / 2000;    current loss: 0.24853499233722687
INFO Gradient norm: 12.62255615938999
PROGRESS    Completed epoch 458 / 2000;    current loss: 0.24050132930278778
INFO Gradient norm: 24.371907062781595
PROGRESS    Completed epoch 459 / 2000;    current loss: 0.24373532831668854
INFO Gradient norm: 21.19439948653433
PROGRESS    Completed epoch 460 / 2000;    current loss: 0.23869839310646057
INFO Gradient norm: 14.545514899248058
PROGRESS    Completed epoch 461 / 2000;    current loss: 0.23265394568443298
INFO Gradient norm: 13.158715255454682
PROGRESS    Completed epoch 462 / 2000;    current loss: 0.23040606081485748
INFO Gradient norm: 19.136883902119866
PROGRESS    Completed epoch 463 / 2000;    current loss: 0.23261770606040955
INFO Gradient norm: 13.624257184023914
PROGRESS    Completed epoch 464 / 2000;    current loss: 0.22866912186145782
INFO Gradient norm: 21.556526444383557
PROGRESS    Completed epoch 465 / 2000;    current loss: 0.23294387757778168
INFO Gradient norm: 17.847276082805394
PROGRESS    Completed epoch 466 / 2000;    current loss: 0.23022185266017914
INFO Gradient norm: 18.154354536522135
PROGRESS    Completed epoch 467 / 2000;    current loss: 0.23063470423221588
INFO Gradient norm: 16.378670624994385
PROGRESS    Completed epoch 468 / 2000;    current loss: 0.22970105707645416
INFO Gradient norm: 17.792352423339715
PROGRESS    Completed epoch 469 / 2000;    current loss: 0.23042362928390503
INFO Gradient norm: 14.258198109944871
PROGRESS    Completed epoch 470 / 2000;    current loss: 0.22852814197540283
INFO Gradient norm: 21.671065715558658
PROGRESS    Completed epoch 471 / 2000;    current loss: 0.23309381306171417
INFO Gradient norm: 18.31666101694235
PROGRESS    Completed epoch 472 / 2000;    current loss: 0.23080405592918396
INFO Gradient norm: 17.796830594038504
PROGRESS    Completed epoch 473 / 2000;    current loss: 0.23040461540222168
INFO Gradient norm: 15.345702794963898
PROGRESS    Completed epoch 474 / 2000;    current loss: 0.22897647321224213
INFO Gradient norm: 20.02645740170673
PROGRESS    Completed epoch 475 / 2000;    current loss: 0.23160314559936523
INFO Gradient norm: 16.2618542311186
PROGRESS    Completed epoch 476 / 2000;    current loss: 0.22934335470199585
INFO Gradient norm: 19.87280928198498
PROGRESS    Completed epoch 477 / 2000;    current loss: 0.2317090928554535
INFO Gradient norm: 17.085907893464846
PROGRESS    Completed epoch 478 / 2000;    current loss: 0.22993262112140656
INFO Gradient norm: 18.980070440793725
PROGRESS    Completed epoch 479 / 2000;    current loss: 0.23075996339321136
INFO Gradient norm: 15.937043144581944
PROGRESS    Completed epoch 480 / 2000;    current loss: 0.22903263568878174
INFO Gradient norm: 19.63789182493678
PROGRESS    Completed epoch 481 / 2000;    current loss: 0.231501966714859
INFO Gradient norm: 16.25718768167407
PROGRESS    Completed epoch 482 / 2000;    current loss: 0.22934117913246155
INFO Gradient norm: 20.43600058046308
PROGRESS    Completed epoch 483 / 2000;    current loss: 0.23141275346279144
INFO Gradient norm: 17.535897018564615
PROGRESS    Completed epoch 484 / 2000;    current loss: 0.2296135574579239
INFO Gradient norm: 18.350874347710672
PROGRESS    Completed epoch 485 / 2000;    current loss: 0.2303871512413025
INFO Gradient norm: 15.181208947543118
PROGRESS    Completed epoch 486 / 2000;    current loss: 0.22848331928253174
INFO Gradient norm: 21.27388606639048
PROGRESS    Completed epoch 487 / 2000;    current loss: 0.23167532682418823
INFO Gradient norm: 17.886430844089197
PROGRESS    Completed epoch 488 / 2000;    current loss: 0.22954174876213074
INFO Gradient norm: 18.50755571206092
PROGRESS    Completed epoch 489 / 2000;    current loss: 0.23022201657295227
INFO Gradient norm: 15.699950477571324
PROGRESS    Completed epoch 490 / 2000;    current loss: 0.22851954400539398
INFO Gradient norm: 20.464978592307677
PROGRESS    Completed epoch 491 / 2000;    current loss: 0.23092465102672577
INFO Gradient norm: 16.924580463364407
PROGRESS    Completed epoch 492 / 2000;    current loss: 0.22879593074321747
INFO Gradient norm: 19.403276159934386
PROGRESS    Completed epoch 493 / 2000;    current loss: 0.23059198260307312
INFO Gradient norm: 16.49278493827457
PROGRESS    Completed epoch 494 / 2000;    current loss: 0.2287570685148239
INFO Gradient norm: 19.793864291435813
PROGRESS    Completed epoch 495 / 2000;    current loss: 0.23031002283096313
INFO Gradient norm: 16.50564011911433
PROGRESS    Completed epoch 496 / 2000;    current loss: 0.22837331891059875
INFO Gradient norm: 19.474651905939684
PROGRESS    Completed epoch 497 / 2000;    current loss: 0.23043981194496155
INFO Gradient norm: 16.335902334424645
PROGRESS    Completed epoch 498 / 2000;    current loss: 0.22846657037734985
INFO Gradient norm: 20.05955321732989
PROGRESS    Completed epoch 499 / 2000;    current loss: 0.2302616983652115
INFO Gradient norm: 16.895676681359657
PROGRESS    Completed epoch 500 / 2000;    current loss: 0.22838665544986725
INFO Gradient norm: 18.986604416188406
PROGRESS    Completed epoch 501 / 2000;    current loss: 0.22993871569633484
INFO Gradient norm: 15.879333477877758
PROGRESS    Completed epoch 502 / 2000;    current loss: 0.2280295342206955
INFO Gradient norm: 20.35875448195684
PROGRESS    Completed epoch 503 / 2000;    current loss: 0.23028084635734558
INFO Gradient norm: 17.082904044330007
PROGRESS    Completed epoch 504 / 2000;    current loss: 0.22831124067306519
INFO Gradient norm: 18.838465102280608
PROGRESS    Completed epoch 505 / 2000;    current loss: 0.22968465089797974
INFO Gradient norm: 15.86524273615179
PROGRESS    Completed epoch 506 / 2000;    current loss: 0.2278682440519333
INFO Gradient norm: 20.153980235098324
PROGRESS    Completed epoch 507 / 2000;    current loss: 0.23000499606132507
INFO Gradient norm: 16.814827353302285
PROGRESS    Completed epoch 508 / 2000;    current loss: 0.22802747786045074
INFO Gradient norm: 19.018017199306325
PROGRESS    Completed epoch 509 / 2000;    current loss: 0.22964513301849365
INFO Gradient norm: 16.053034986429196
PROGRESS    Completed epoch 510 / 2000;    current loss: 0.22782999277114868
INFO Gradient norm: 19.88214752053183
PROGRESS    Completed epoch 511 / 2000;    current loss: 0.22971069812774658
INFO Gradient norm: 16.601094624319202
PROGRESS    Completed epoch 512 / 2000;    current loss: 0.2277824431657791
INFO Gradient norm: 18.328759674725962
PROGRESS    Completed epoch 513 / 2000;    current loss: 0.22912262380123138
INFO Gradient norm: 10.392733349148486
PROGRESS    Completed epoch 514 / 2000;    current loss: 0.22549280524253845
INFO Gradient norm: 29.664749645155293
PROGRESS    Completed epoch 515 / 2000;    current loss: 0.23798054456710815
INFO Gradient norm: 27.604090364186504
PROGRESS    Completed epoch 516 / 2000;    current loss: 0.2363913506269455
INFO Gradient norm: 10.10134761871286
PROGRESS    Completed epoch 517 / 2000;    current loss: 0.22600699961185455
INFO Gradient norm: 9.730485617002286
PROGRESS    Completed epoch 518 / 2000;    current loss: 0.22588947415351868
INFO Gradient norm: 22.602537702183035
PROGRESS    Completed epoch 519 / 2000;    current loss: 0.23247964680194855
INFO Gradient norm: 14.704029650308062
PROGRESS    Completed epoch 520 / 2000;    current loss: 0.22770725190639496
INFO Gradient norm: 24.48355969345206
PROGRESS    Completed epoch 521 / 2000;    current loss: 0.23444807529449463
INFO Gradient norm: 23.57374462265082
PROGRESS    Completed epoch 522 / 2000;    current loss: 0.23373067378997803
INFO Gradient norm: 11.098928259490338
PROGRESS    Completed epoch 523 / 2000;    current loss: 0.2261778712272644
INFO Gradient norm: 8.95444723660112
PROGRESS    Completed epoch 524 / 2000;    current loss: 0.22546444833278656
INFO Gradient norm: 23.208143913354775
PROGRESS    Completed epoch 525 / 2000;    current loss: 0.23345167934894562
INFO Gradient norm: 17.023076252859028
PROGRESS    Completed epoch 526 / 2000;    current loss: 0.2290346771478653
INFO Gradient norm: 22.144607653470494
PROGRESS    Completed epoch 527 / 2000;    current loss: 0.23187652230262756
INFO Gradient norm: 21.147230788007146
PROGRESS    Completed epoch 528 / 2000;    current loss: 0.23115593194961548
INFO Gradient norm: 13.847992825134861
PROGRESS    Completed epoch 529 / 2000;    current loss: 0.22717125713825226
INFO Gradient norm: 10.669311569476694
PROGRESS    Completed epoch 530 / 2000;    current loss: 0.22578749060630798
INFO Gradient norm: 24.442796464786294
PROGRESS    Completed epoch 531 / 2000;    current loss: 0.23342162370681763
INFO Gradient norm: 19.393749316996633
PROGRESS    Completed epoch 532 / 2000;    current loss: 0.22985589504241943
INFO Gradient norm: 17.12502587202829
PROGRESS    Completed epoch 533 / 2000;    current loss: 0.22879168391227722
INFO Gradient norm: 14.354257994804813
PROGRESS    Completed epoch 534 / 2000;    current loss: 0.227311372756958
INFO Gradient norm: 21.733596764086318
PROGRESS    Completed epoch 535 / 2000;    current loss: 0.23146291077136993
INFO Gradient norm: 17.71989611100035
PROGRESS    Completed epoch 536 / 2000;    current loss: 0.22899585962295532
INFO Gradient norm: 19.63879319384116
PROGRESS    Completed epoch 537 / 2000;    current loss: 0.2304019033908844
INFO Gradient norm: 17.263062691533367
PROGRESS    Completed epoch 538 / 2000;    current loss: 0.22889697551727295
INFO Gradient norm: 19.165283085194485
PROGRESS    Completed epoch 539 / 2000;    current loss: 0.22983723878860474
INFO Gradient norm: 15.497899280734844
PROGRESS    Completed epoch 540 / 2000;    current loss: 0.22780480980873108
INFO Gradient norm: 21.3376121559942
PROGRESS    Completed epoch 541 / 2000;    current loss: 0.23147860169410706
INFO Gradient norm: 18.183881217067075
PROGRESS    Completed epoch 542 / 2000;    current loss: 0.2293495535850525
INFO Gradient norm: 19.232204394833946
PROGRESS    Completed epoch 543 / 2000;    current loss: 0.2297057807445526
INFO Gradient norm: 16.232547640920078
PROGRESS    Completed epoch 544 / 2000;    current loss: 0.22800391912460327
INFO Gradient norm: 20.359119053363287
PROGRESS    Completed epoch 545 / 2000;    current loss: 0.23063065111637115
INFO Gradient norm: 16.903680840155527
PROGRESS    Completed epoch 546 / 2000;    current loss: 0.2284216582775116
INFO Gradient norm: 20.747310337115294
PROGRESS    Completed epoch 547 / 2000;    current loss: 0.23041559755802155
INFO Gradient norm: 17.560219791802005
PROGRESS    Completed epoch 548 / 2000;    current loss: 0.2284879833459854
INFO Gradient norm: 19.482961809316024
PROGRESS    Completed epoch 549 / 2000;    current loss: 0.22986894845962524
INFO Gradient norm: 16.387611963043632
PROGRESS    Completed epoch 550 / 2000;    current loss: 0.22796708345413208
INFO Gradient norm: 20.84639411535456
PROGRESS    Completed epoch 551 / 2000;    current loss: 0.23028253018856049
INFO Gradient norm: 17.274107308082137
PROGRESS    Completed epoch 552 / 2000;    current loss: 0.22813960909843445
INFO Gradient norm: 19.951276742930723
PROGRESS    Completed epoch 553 / 2000;    current loss: 0.23000459372997284
INFO Gradient norm: 17.01117471703052
PROGRESS    Completed epoch 554 / 2000;    current loss: 0.22814103960990906
INFO Gradient norm: 20.04274539300207
PROGRESS    Completed epoch 555 / 2000;    current loss: 0.22958196699619293
INFO Gradient norm: 16.545470614046124
PROGRESS    Completed epoch 556 / 2000;    current loss: 0.2275516539812088
INFO Gradient norm: 20.346153755573077
PROGRESS    Completed epoch 557 / 2000;    current loss: 0.23010796308517456
INFO Gradient norm: 17.23791089316733
PROGRESS    Completed epoch 558 / 2000;    current loss: 0.22809851169586182
INFO Gradient norm: 19.88312428898701
PROGRESS    Completed epoch 559 / 2000;    current loss: 0.22930370271205902
INFO Gradient norm: 16.588944542405024
PROGRESS    Completed epoch 560 / 2000;    current loss: 0.2274056375026703
INFO Gradient norm: 20.03923033143354
PROGRESS    Completed epoch 561 / 2000;    current loss: 0.2297348827123642
INFO Gradient norm: 16.851022975857326
PROGRESS    Completed epoch 562 / 2000;    current loss: 0.22771035134792328
INFO Gradient norm: 20.159922889470398
PROGRESS    Completed epoch 563 / 2000;    current loss: 0.2293069213628769
INFO Gradient norm: 16.838033803166738
PROGRESS    Completed epoch 564 / 2000;    current loss: 0.22735628485679626
INFO Gradient norm: 19.743092062243274
PROGRESS    Completed epoch 565 / 2000;    current loss: 0.22937436401844025
INFO Gradient norm: 16.656624014950317
PROGRESS    Completed epoch 566 / 2000;    current loss: 0.22742898762226105
INFO Gradient norm: 20.075945319828584
PROGRESS    Completed epoch 567 / 2000;    current loss: 0.22910933196544647
INFO Gradient norm: 16.672806651774856
PROGRESS    Completed epoch 568 / 2000;    current loss: 0.22711968421936035
INFO Gradient norm: 19.777786931174038
PROGRESS    Completed epoch 569 / 2000;    current loss: 0.229259192943573
INFO Gradient norm: 16.753594855028595
PROGRESS    Completed epoch 570 / 2000;    current loss: 0.2273435741662979
INFO Gradient norm: 19.770815649002525
PROGRESS    Completed epoch 571 / 2000;    current loss: 0.22876808047294617
INFO Gradient norm: 16.418484347532143
PROGRESS    Completed epoch 572 / 2000;    current loss: 0.22681960463523865
INFO Gradient norm: 19.783879598544484
PROGRESS    Completed epoch 573 / 2000;    current loss: 0.22912482917308807
INFO Gradient norm: 16.719575063199432
PROGRESS    Completed epoch 574 / 2000;    current loss: 0.22716917097568512
INFO Gradient norm: 19.655875310963122
PROGRESS    Completed epoch 575 / 2000;    current loss: 0.2285373955965042
INFO Gradient norm: 16.361362971097265
PROGRESS    Completed epoch 576 / 2000;    current loss: 0.2266385853290558
INFO Gradient norm: 19.60419343193201
PROGRESS    Completed epoch 577 / 2000;    current loss: 0.22886145114898682
INFO Gradient norm: 16.529902617693413
PROGRESS    Completed epoch 578 / 2000;    current loss: 0.22690841555595398
INFO Gradient norm: 19.651680791345353
PROGRESS    Completed epoch 579 / 2000;    current loss: 0.22839350998401642
INFO Gradient norm: 16.361671570962713
PROGRESS    Completed epoch 580 / 2000;    current loss: 0.22648410499095917
INFO Gradient norm: 19.435641368061063
PROGRESS    Completed epoch 581 / 2000;    current loss: 0.22859883308410645
INFO Gradient norm: 16.410527226356457
PROGRESS    Completed epoch 582 / 2000;    current loss: 0.22669461369514465
INFO Gradient norm: 19.53615057293051
PROGRESS    Completed epoch 583 / 2000;    current loss: 0.228180930018425
INFO Gradient norm: 16.236346522957117
PROGRESS    Completed epoch 584 / 2000;    current loss: 0.22628282010555267
INFO Gradient norm: 19.36808415915133
PROGRESS    Completed epoch 585 / 2000;    current loss: 0.2284151166677475
INFO Gradient norm: 16.369277579815414
PROGRESS    Completed epoch 586 / 2000;    current loss: 0.2265184074640274
INFO Gradient norm: 19.36134301599903
PROGRESS    Completed epoch 587 / 2000;    current loss: 0.2279384583234787
INFO Gradient norm: 16.086949201328
PROGRESS    Completed epoch 588 / 2000;    current loss: 0.22604000568389893
INFO Gradient norm: 19.29147248874482
PROGRESS    Completed epoch 589 / 2000;    current loss: 0.22822141647338867
INFO Gradient norm: 16.2851508890566
PROGRESS    Completed epoch 590 / 2000;    current loss: 0.226334348320961
INFO Gradient norm: 19.245134198366074
PROGRESS    Completed epoch 591 / 2000;    current loss: 0.22772720456123352
INFO Gradient norm: 16.002530488696035
PROGRESS    Completed epoch 592 / 2000;    current loss: 0.22585847973823547
INFO Gradient norm: 19.161786470571148
PROGRESS    Completed epoch 593 / 2000;    current loss: 0.22799885272979736
INFO Gradient norm: 16.17400147429648
PROGRESS    Completed epoch 594 / 2000;    current loss: 0.22611534595489502
INFO Gradient norm: 19.15413949590133
PROGRESS    Completed epoch 595 / 2000;    current loss: 0.2275378257036209
INFO Gradient norm: 15.932052242627291
PROGRESS    Completed epoch 596 / 2000;    current loss: 0.22566771507263184
INFO Gradient norm: 19.039618463933074
PROGRESS    Completed epoch 597 / 2000;    current loss: 0.22778649628162384
INFO Gradient norm: 16.069915955794695
PROGRESS    Completed epoch 598 / 2000;    current loss: 0.22591660916805267
INFO Gradient norm: 19.04383046242737
PROGRESS    Completed epoch 599 / 2000;    current loss: 0.22732898592948914
INFO Gradient norm: 15.828914561528126
PROGRESS    Completed epoch 600 / 2000;    current loss: 0.22548705339431763
INFO Gradient norm: 18.071594158657383
PROGRESS    Completed epoch 601 / 2000;    current loss: 0.22701433300971985
INFO Gradient norm: 10.998318182536398
PROGRESS    Completed epoch 602 / 2000;    current loss: 0.2235962599515915
INFO Gradient norm: 26.891296420236735
PROGRESS    Completed epoch 603 / 2000;    current loss: 0.23340372741222382
INFO Gradient norm: 25.210312614766355
PROGRESS    Completed epoch 604 / 2000;    current loss: 0.2322056144475937
INFO Gradient norm: 9.974742229575982
PROGRESS    Completed epoch 605 / 2000;    current loss: 0.22373735904693604
INFO Gradient norm: 8.855366883237703
PROGRESS    Completed epoch 606 / 2000;    current loss: 0.22348183393478394
INFO Gradient norm: 22.732838764234447
PROGRESS    Completed epoch 607 / 2000;    current loss: 0.230677530169487
INFO Gradient norm: 15.98543123830177
PROGRESS    Completed epoch 608 / 2000;    current loss: 0.22651316225528717
INFO Gradient norm: 21.20398006733432
PROGRESS    Completed epoch 609 / 2000;    current loss: 0.23008958995342255
INFO Gradient norm: 20.30162497592444
PROGRESS    Completed epoch 610 / 2000;    current loss: 0.22945636510849
INFO Gradient norm: 12.795652385975048
PROGRESS    Completed epoch 611 / 2000;    current loss: 0.2250409722328186
INFO Gradient norm: 9.854627754401498
PROGRESS    Completed epoch 612 / 2000;    current loss: 0.22393260896205902
INFO Gradient norm: 21.91889854103118
PROGRESS    Completed epoch 613 / 2000;    current loss: 0.2306900918483734
INFO Gradient norm: 16.250138692839165
PROGRESS    Completed epoch 614 / 2000;    current loss: 0.22694197297096252
INFO Gradient norm: 21.229508134847634
PROGRESS    Completed epoch 615 / 2000;    current loss: 0.22979220747947693
INFO Gradient norm: 20.24897633013629
PROGRESS    Completed epoch 616 / 2000;    current loss: 0.22915811836719513
INFO Gradient norm: 13.787345309604037
PROGRESS    Completed epoch 617 / 2000;    current loss: 0.22575369477272034
INFO Gradient norm: 10.780450579555552
PROGRESS    Completed epoch 618 / 2000;    current loss: 0.2245233952999115
INFO Gradient norm: 23.615276137123203
PROGRESS    Completed epoch 619 / 2000;    current loss: 0.2314300537109375
INFO Gradient norm: 18.820957341887585
PROGRESS    Completed epoch 620 / 2000;    current loss: 0.22822993993759155
INFO Gradient norm: 18.079354839532822
PROGRESS    Completed epoch 621 / 2000;    current loss: 0.22808364033699036
INFO Gradient norm: 16.613703516338628
PROGRESS    Completed epoch 622 / 2000;    current loss: 0.22722990810871124
INFO Gradient norm: 17.466822760881954
PROGRESS    Completed epoch 623 / 2000;    current loss: 0.227433443069458
INFO Gradient norm: 13.57054635365956
PROGRESS    Completed epoch 624 / 2000;    current loss: 0.22553816437721252
INFO Gradient norm: 21.42173270240826
PROGRESS    Completed epoch 625 / 2000;    current loss: 0.23032191395759583
INFO Gradient norm: 18.149505890084146
PROGRESS    Completed epoch 626 / 2000;    current loss: 0.22808240354061127
INFO Gradient norm: 17.769037376213713
PROGRESS    Completed epoch 627 / 2000;    current loss: 0.22749103605747223
INFO Gradient norm: 15.42026901274504
PROGRESS    Completed epoch 628 / 2000;    current loss: 0.22624477744102478
INFO Gradient norm: 18.856827197602957
PROGRESS    Completed epoch 629 / 2000;    current loss: 0.2284092903137207
INFO Gradient norm: 15.163099765413962
PROGRESS    Completed epoch 630 / 2000;    current loss: 0.226244255900383
INFO Gradient norm: 20.831867120277124
PROGRESS    Completed epoch 631 / 2000;    current loss: 0.22919687628746033
INFO Gradient norm: 17.87256132215076
PROGRESS    Completed epoch 632 / 2000;    current loss: 0.2273845225572586
INFO Gradient norm: 17.43432170514982
PROGRESS    Completed epoch 633 / 2000;    current loss: 0.22740653157234192
INFO Gradient norm: 14.681297378066475
PROGRESS    Completed epoch 634 / 2000;    current loss: 0.22589217126369476
INFO Gradient norm: 20.292600436063076
PROGRESS    Completed epoch 635 / 2000;    current loss: 0.22875791788101196
INFO Gradient norm: 16.558053085540454
PROGRESS    Completed epoch 636 / 2000;    current loss: 0.2265755981206894
INFO Gradient norm: 18.969094015110077
PROGRESS    Completed epoch 637 / 2000;    current loss: 0.22826455533504486
INFO Gradient norm: 16.363131257969272
PROGRESS    Completed epoch 638 / 2000;    current loss: 0.2266799360513687
INFO Gradient norm: 18.57432226772913
PROGRESS    Completed epoch 639 / 2000;    current loss: 0.22760745882987976
INFO Gradient norm: 15.283697194991591
PROGRESS    Completed epoch 640 / 2000;    current loss: 0.2258455604314804
INFO Gradient norm: 19.477759016985022
PROGRESS    Completed epoch 641 / 2000;    current loss: 0.2285061627626419
INFO Gradient norm: 16.34440609726931
PROGRESS    Completed epoch 642 / 2000;    current loss: 0.2265758514404297
INFO Gradient norm: 18.96364475807505
PROGRESS    Completed epoch 643 / 2000;    current loss: 0.2277437299489975
INFO Gradient norm: 16.04566697961972
PROGRESS    Completed epoch 644 / 2000;    current loss: 0.22611546516418457
INFO Gradient norm: 18.497695214112714
PROGRESS    Completed epoch 645 / 2000;    current loss: 0.2277763932943344
INFO Gradient norm: 15.373718689012556
PROGRESS    Completed epoch 646 / 2000;    current loss: 0.22594213485717773
INFO Gradient norm: 19.67988955698387
PROGRESS    Completed epoch 647 / 2000;    current loss: 0.22807437181472778
INFO Gradient norm: 16.503861505132527
PROGRESS    Completed epoch 648 / 2000;    current loss: 0.22624294459819794
INFO Gradient norm: 18.22483077392525
PROGRESS    Completed epoch 649 / 2000;    current loss: 0.2275145947933197
INFO Gradient norm: 15.389220045864029
PROGRESS    Completed epoch 650 / 2000;    current loss: 0.22585651278495789
INFO Gradient norm: 19.233385673932283
PROGRESS    Completed epoch 651 / 2000;    current loss: 0.22771315276622772
INFO Gradient norm: 15.917518255876375
PROGRESS    Completed epoch 652 / 2000;    current loss: 0.2258439064025879
INFO Gradient norm: 18.64173808654368
PROGRESS    Completed epoch 653 / 2000;    current loss: 0.2276817262172699
INFO Gradient norm: 15.789132010363254
PROGRESS    Completed epoch 654 / 2000;    current loss: 0.22596344351768494
INFO Gradient norm: 18.754502196689018
PROGRESS    Completed epoch 655 / 2000;    current loss: 0.22731994092464447
INFO Gradient norm: 15.60897011446366
PROGRESS    Completed epoch 656 / 2000;    current loss: 0.22558732330799103
INFO Gradient norm: 18.59444404629978
PROGRESS    Completed epoch 657 / 2000;    current loss: 0.22755111753940582
INFO Gradient norm: 15.612384191991639
PROGRESS    Completed epoch 658 / 2000;    current loss: 0.22576533257961273
INFO Gradient norm: 18.870362799480084
PROGRESS    Completed epoch 659 / 2000;    current loss: 0.2273004949092865
INFO Gradient norm: 15.7992987494765
PROGRESS    Completed epoch 660 / 2000;    current loss: 0.22558598220348358
INFO Gradient norm: 17.77734541154084
PROGRESS    Completed epoch 661 / 2000;    current loss: 0.22694960236549377
INFO Gradient norm: 13.894439264504923
PROGRESS    Completed epoch 662 / 2000;    current loss: 0.22484996914863586
INFO Gradient norm: 21.75294076403901
PROGRESS    Completed epoch 663 / 2000;    current loss: 0.22911685705184937
INFO Gradient norm: 18.76278272623344
PROGRESS    Completed epoch 664 / 2000;    current loss: 0.22723565995693207
INFO Gradient norm: 16.657941790710797
PROGRESS    Completed epoch 665 / 2000;    current loss: 0.2263164073228836
INFO Gradient norm: 14.303925178955895
PROGRESS    Completed epoch 666 / 2000;    current loss: 0.22508317232131958
INFO Gradient norm: 20.262712330635555
PROGRESS    Completed epoch 667 / 2000;    current loss: 0.22811037302017212
INFO Gradient norm: 16.192005292502984
PROGRESS    Completed epoch 668 / 2000;    current loss: 0.22581847012043
INFO Gradient norm: 19.675432655454376
PROGRESS    Completed epoch 669 / 2000;    current loss: 0.22810812294483185
INFO Gradient norm: 17.212900917584474
PROGRESS    Completed epoch 670 / 2000;    current loss: 0.22657765448093414
INFO Gradient norm: 17.90385127858302
PROGRESS    Completed epoch 671 / 2000;    current loss: 0.2266661673784256
INFO Gradient norm: 14.73595091569025
PROGRESS    Completed epoch 672 / 2000;    current loss: 0.22503934800624847
INFO Gradient norm: 20.090550891462577
PROGRESS    Completed epoch 673 / 2000;    current loss: 0.2283334732055664
INFO Gradient norm: 16.72564650977047
PROGRESS    Completed epoch 674 / 2000;    current loss: 0.22619208693504333
INFO Gradient norm: 19.17099683675504
PROGRESS    Completed epoch 675 / 2000;    current loss: 0.22727899253368378
INFO Gradient norm: 16.415498434956888
PROGRESS    Completed epoch 676 / 2000;    current loss: 0.22574511170387268
INFO Gradient norm: 18.44590123993192
PROGRESS    Completed epoch 677 / 2000;    current loss: 0.227139413356781
INFO Gradient norm: 15.248954659411579
PROGRESS    Completed epoch 678 / 2000;    current loss: 0.22532738745212555
INFO Gradient norm: 20.230825382222317
PROGRESS    Completed epoch 679 / 2000;    current loss: 0.2278137505054474
INFO Gradient norm: 16.92292041317373
PROGRESS    Completed epoch 680 / 2000;    current loss: 0.22589349746704102
INFO Gradient norm: 18.37332077638425
PROGRESS    Completed epoch 681 / 2000;    current loss: 0.22700423002243042
INFO Gradient norm: 15.63077765689933
PROGRESS    Completed epoch 682 / 2000;    current loss: 0.2254229336977005
INFO Gradient norm: 19.334372480761143
PROGRESS    Completed epoch 683 / 2000;    current loss: 0.227186918258667
INFO Gradient norm: 15.886127922776234
PROGRESS    Completed epoch 684 / 2000;    current loss: 0.22528406977653503
INFO Gradient norm: 19.129481816437924
PROGRESS    Completed epoch 685 / 2000;    current loss: 0.22744984924793243
INFO Gradient norm: 16.25041023243462
PROGRESS    Completed epoch 686 / 2000;    current loss: 0.22569924592971802
INFO Gradient norm: 18.758962502234944
PROGRESS    Completed epoch 687 / 2000;    current loss: 0.22674217820167542
INFO Gradient norm: 15.632543737770941
PROGRESS    Completed epoch 688 / 2000;    current loss: 0.2250628024339676
INFO Gradient norm: 18.905604419961012
PROGRESS    Completed epoch 689 / 2000;    current loss: 0.22721587121486664
INFO Gradient norm: 15.824275558563595
PROGRESS    Completed epoch 690 / 2000;    current loss: 0.22537708282470703
INFO Gradient norm: 19.14121447249346
PROGRESS    Completed epoch 691 / 2000;    current loss: 0.22688539326190948
INFO Gradient norm: 16.068450375253512
PROGRESS    Completed epoch 692 / 2000;    current loss: 0.22518843412399292
INFO Gradient norm: 18.370602776242997
PROGRESS    Completed epoch 693 / 2000;    current loss: 0.22678616642951965
INFO Gradient norm: 15.413023621127367
PROGRESS    Completed epoch 694 / 2000;    current loss: 0.2250797003507614
INFO Gradient norm: 19.180957806313437
PROGRESS    Completed epoch 695 / 2000;    current loss: 0.2268371433019638
INFO Gradient norm: 15.95277892213119
PROGRESS    Completed epoch 696 / 2000;    current loss: 0.22506707906723022
INFO Gradient norm: 18.39337054895763
PROGRESS    Completed epoch 697 / 2000;    current loss: 0.22672139108181
INFO Gradient norm: 15.552295582802913
PROGRESS    Completed epoch 698 / 2000;    current loss: 0.22505991160869598
INFO Gradient norm: 18.75639642681745
PROGRESS    Completed epoch 699 / 2000;    current loss: 0.2265310138463974
INFO Gradient norm: 15.563682251596141
PROGRESS    Completed epoch 700 / 2000;    current loss: 0.22479477524757385
INFO Gradient norm: 17.892118706859993
PROGRESS    Completed epoch 701 / 2000;    current loss: 0.22634808719158173
INFO Gradient norm: 14.112147217538945
PROGRESS    Completed epoch 702 / 2000;    current loss: 0.22429081797599792
INFO Gradient norm: 21.0804261434438
PROGRESS    Completed epoch 703 / 2000;    current loss: 0.22799170017242432
INFO Gradient norm: 18.182552763706298
PROGRESS    Completed epoch 704 / 2000;    current loss: 0.22621940076351166
INFO Gradient norm: 16.734201336236342
PROGRESS    Completed epoch 705 / 2000;    current loss: 0.22565822303295135
INFO Gradient norm: 14.343606426571425
PROGRESS    Completed epoch 706 / 2000;    current loss: 0.22439828515052795
INFO Gradient norm: 19.821458379409922
PROGRESS    Completed epoch 707 / 2000;    current loss: 0.22714315354824066
INFO Gradient norm: 15.85572440798526
PROGRESS    Completed epoch 708 / 2000;    current loss: 0.2249263972043991
INFO Gradient norm: 19.425863389948216
PROGRESS    Completed epoch 709 / 2000;    current loss: 0.22723671793937683
INFO Gradient norm: 16.932669660658913
PROGRESS    Completed epoch 710 / 2000;    current loss: 0.22568263113498688
INFO Gradient norm: 17.700854151169406
PROGRESS    Completed epoch 711 / 2000;    current loss: 0.2258339524269104
INFO Gradient norm: 14.63083798390333
PROGRESS    Completed epoch 712 / 2000;    current loss: 0.22427299618721008
INFO Gradient norm: 19.60959392796243
PROGRESS    Completed epoch 713 / 2000;    current loss: 0.22730597853660583
INFO Gradient norm: 16.25828674016684
PROGRESS    Completed epoch 714 / 2000;    current loss: 0.2252601981163025
INFO Gradient norm: 19.060792786998405
PROGRESS    Completed epoch 715 / 2000;    current loss: 0.2265269011259079
INFO Gradient norm: 16.340572150052562
PROGRESS    Completed epoch 716 / 2000;    current loss: 0.22500990331172943
INFO Gradient norm: 17.98935827297373
PROGRESS    Completed epoch 717 / 2000;    current loss: 0.22619988024234772
INFO Gradient norm: 14.894218953461728
PROGRESS    Completed epoch 718 / 2000;    current loss: 0.22445814311504364
INFO Gradient norm: 19.929497347156797
PROGRESS    Completed epoch 719 / 2000;    current loss: 0.22693371772766113
INFO Gradient norm: 16.618373532731948
PROGRESS    Completed epoch 720 / 2000;    current loss: 0.22504238784313202
INFO Gradient norm: 18.123854409849546
PROGRESS    Completed epoch 721 / 2000;    current loss: 0.22617454826831818
INFO Gradient norm: 15.453632548518591
PROGRESS    Completed epoch 722 / 2000;    current loss: 0.22464294731616974
INFO Gradient norm: 18.891300862671248
PROGRESS    Completed epoch 723 / 2000;    current loss: 0.22624367475509644
INFO Gradient norm: 15.519654389142056
PROGRESS    Completed epoch 724 / 2000;    current loss: 0.22441193461418152
INFO Gradient norm: 18.869933815108777
PROGRESS    Completed epoch 725 / 2000;    current loss: 0.22654184699058533
INFO Gradient norm: 16.00234665717273
PROGRESS    Completed epoch 726 / 2000;    current loss: 0.224843367934227
INFO Gradient norm: 18.442364629552053
PROGRESS    Completed epoch 727 / 2000;    current loss: 0.22589024901390076
INFO Gradient norm: 15.406051983274567
PROGRESS    Completed epoch 728 / 2000;    current loss: 0.22425606846809387
INFO Gradient norm: 18.52840816785191
PROGRESS    Completed epoch 729 / 2000;    current loss: 0.2262473702430725
INFO Gradient norm: 15.482680650977072
PROGRESS    Completed epoch 730 / 2000;    current loss: 0.22447215020656586
INFO Gradient norm: 18.862802104591314
PROGRESS    Completed epoch 731 / 2000;    current loss: 0.22603672742843628
INFO Gradient norm: 15.832422690455992
PROGRESS    Completed epoch 732 / 2000;    current loss: 0.22436952590942383
INFO Gradient norm: 18.024690116527736
PROGRESS    Completed epoch 733 / 2000;    current loss: 0.225861594080925
INFO Gradient norm: 15.14543650680643
PROGRESS    Completed epoch 734 / 2000;    current loss: 0.2242063730955124
INFO Gradient norm: 18.811743246783355
PROGRESS    Completed epoch 735 / 2000;    current loss: 0.22592589259147644
INFO Gradient norm: 15.632221744987337
PROGRESS    Completed epoch 736 / 2000;    current loss: 0.22416600584983826
INFO Gradient norm: 17.37444403933255
PROGRESS    Completed epoch 737 / 2000;    current loss: 0.22536960244178772
INFO Gradient norm: 13.746405171433766
PROGRESS    Completed epoch 738 / 2000;    current loss: 0.22347290813922882
INFO Gradient norm: 21.27877432152002
PROGRESS    Completed epoch 739 / 2000;    current loss: 0.22741210460662842
INFO Gradient norm: 18.142950212013336
PROGRESS    Completed epoch 740 / 2000;    current loss: 0.22551636397838593
INFO Gradient norm: 16.942228721860545
PROGRESS    Completed epoch 741 / 2000;    current loss: 0.22510966658592224
INFO Gradient norm: 14.661121358042777
PROGRESS    Completed epoch 742 / 2000;    current loss: 0.22391733527183533
INFO Gradient norm: 19.489391619981326
PROGRESS    Completed epoch 743 / 2000;    current loss: 0.22628703713417053
INFO Gradient norm: 15.582477153745982
PROGRESS    Completed epoch 744 / 2000;    current loss: 0.2241673618555069
INFO Gradient norm: 19.61639808496556
PROGRESS    Completed epoch 745 / 2000;    current loss: 0.22671011090278625
INFO Gradient norm: 17.013695073440687
PROGRESS    Completed epoch 746 / 2000;    current loss: 0.22509150207042694
INFO Gradient norm: 17.755185198973912
PROGRESS    Completed epoch 747 / 2000;    current loss: 0.22522422671318054
INFO Gradient norm: 14.766938332882823
PROGRESS    Completed epoch 748 / 2000;    current loss: 0.22369763255119324
INFO Gradient norm: 19.490570001844002
PROGRESS    Completed epoch 749 / 2000;    current loss: 0.22653436660766602
INFO Gradient norm: 16.15323989306016
PROGRESS    Completed epoch 750 / 2000;    current loss: 0.2245437502861023
INFO Gradient norm: 19.156454655208545
PROGRESS    Completed epoch 751 / 2000;    current loss: 0.22591236233711243
INFO Gradient norm: 16.351611155233172
PROGRESS    Completed epoch 752 / 2000;    current loss: 0.2243717759847641
INFO Gradient norm: 18.049067407516308
PROGRESS    Completed epoch 753 / 2000;    current loss: 0.2255585789680481
INFO Gradient norm: 15.012544864842566
PROGRESS    Completed epoch 754 / 2000;    current loss: 0.22388535737991333
INFO Gradient norm: 19.697306863231407
PROGRESS    Completed epoch 755 / 2000;    current loss: 0.22614401578903198
INFO Gradient norm: 16.356425284496666
PROGRESS    Completed epoch 756 / 2000;    current loss: 0.22427727282047272
INFO Gradient norm: 18.28879184800202
PROGRESS    Completed epoch 757 / 2000;    current loss: 0.22562934458255768
INFO Gradient norm: 15.599517027686755
PROGRESS    Completed epoch 758 / 2000;    current loss: 0.22408269345760345
INFO Gradient norm: 18.67515496743736
PROGRESS    Completed epoch 759 / 2000;    current loss: 0.22546471655368805
INFO Gradient norm: 15.366979416406723
PROGRESS    Completed epoch 760 / 2000;    current loss: 0.22370824217796326
INFO Gradient norm: 18.797006283743066
PROGRESS    Completed epoch 761 / 2000;    current loss: 0.22588929533958435
INFO Gradient norm: 15.888360325509575
PROGRESS    Completed epoch 762 / 2000;    current loss: 0.22416576743125916
INFO Gradient norm: 18.402203750499133
PROGRESS    Completed epoch 763 / 2000;    current loss: 0.22523678839206696
INFO Gradient norm: 15.390715391604905
PROGRESS    Completed epoch 764 / 2000;    current loss: 0.2236366719007492
INFO Gradient norm: 18.34513057738262
PROGRESS    Completed epoch 765 / 2000;    current loss: 0.22551436722278595
INFO Gradient norm: 15.331386480158079
PROGRESS    Completed epoch 766 / 2000;    current loss: 0.22378090023994446
INFO Gradient norm: 18.744196586548792
PROGRESS    Completed epoch 767 / 2000;    current loss: 0.22535361349582672
INFO Gradient norm: 15.68888528581147
PROGRESS    Completed epoch 768 / 2000;    current loss: 0.22369880974292755
INFO Gradient norm: 17.112063539752736
PROGRESS    Completed epoch 769 / 2000;    current loss: 0.22471843659877777
INFO Gradient norm: 13.540700035606346
PROGRESS    Completed epoch 770 / 2000;    current loss: 0.22288848459720612
INFO Gradient norm: 21.07887852671089
PROGRESS    Completed epoch 771 / 2000;    current loss: 0.22680509090423584
INFO Gradient norm: 17.918498946826368
PROGRESS    Completed epoch 772 / 2000;    current loss: 0.22490659356117249
INFO Gradient norm: 16.837607936510313
PROGRESS    Completed epoch 773 / 2000;    current loss: 0.22455433011054993
INFO Gradient norm: 14.655447344256709
PROGRESS    Completed epoch 774 / 2000;    current loss: 0.22340381145477295
INFO Gradient norm: 19.00975197647088
PROGRESS    Completed epoch 775 / 2000;    current loss: 0.22548708319664001
INFO Gradient norm: 15.141236769563681
PROGRESS    Completed epoch 776 / 2000;    current loss: 0.2234378606081009
INFO Gradient norm: 19.53360628763331
PROGRESS    Completed epoch 777 / 2000;    current loss: 0.22612683475017548
INFO Gradient norm: 16.913100587513142
PROGRESS    Completed epoch 778 / 2000;    current loss: 0.22453249990940094
INFO Gradient norm: 17.419486007183952
PROGRESS    Completed epoch 779 / 2000;    current loss: 0.2245233654975891
INFO Gradient norm: 14.569466163365155
PROGRESS    Completed epoch 780 / 2000;    current loss: 0.2231019288301468
INFO Gradient norm: 19.048733770073273
PROGRESS    Completed epoch 781 / 2000;    current loss: 0.22577735781669617
INFO Gradient norm: 15.680093655236195
PROGRESS    Completed epoch 782 / 2000;    current loss: 0.22379940748214722
INFO Gradient norm: 19.118254119252036
PROGRESS    Completed epoch 783 / 2000;    current loss: 0.22538888454437256
INFO Gradient norm: 16.356286532269472
PROGRESS    Completed epoch 784 / 2000;    current loss: 0.2238500565290451
INFO Gradient norm: 17.54540073590637
PROGRESS    Completed epoch 785 / 2000;    current loss: 0.22476068139076233
INFO Gradient norm: 14.625312277306165
PROGRESS    Completed epoch 786 / 2000;    current loss: 0.22317007184028625
INFO Gradient norm: 19.45467331993363
PROGRESS    Completed epoch 787 / 2000;    current loss: 0.22549773752689362
INFO Gradient norm: 16.09936805146228
PROGRESS    Completed epoch 788 / 2000;    current loss: 0.22364188730716705
INFO Gradient norm: 18.046362028409636
PROGRESS    Completed epoch 789 / 2000;    current loss: 0.2249862551689148
INFO Gradient norm: 15.439393440268182
PROGRESS    Completed epoch 790 / 2000;    current loss: 0.2235022485256195
INFO Gradient norm: 18.260958827518056
PROGRESS    Completed epoch 791 / 2000;    current loss: 0.22473877668380737
INFO Gradient norm: 15.022437244561992
PROGRESS    Completed epoch 792 / 2000;    current loss: 0.2230377197265625
INFO Gradient norm: 18.560190098691216
PROGRESS    Completed epoch 793 / 2000;    current loss: 0.22520777583122253
INFO Gradient norm: 15.663008071979649
PROGRESS    Completed epoch 794 / 2000;    current loss: 0.22354082763195038
INFO Gradient norm: 18.121753778000514
PROGRESS    Completed epoch 795 / 2000;    current loss: 0.22455069422721863
INFO Gradient norm: 15.204505482562503
PROGRESS    Completed epoch 796 / 2000;    current loss: 0.22304007411003113
INFO Gradient norm: 17.707601065027216
PROGRESS    Completed epoch 797 / 2000;    current loss: 0.2246198058128357
INFO Gradient norm: 13.971114954605772
PROGRESS    Completed epoch 798 / 2000;    current loss: 0.22262465953826904
INFO Gradient norm: 20.771745728121378
PROGRESS    Completed epoch 799 / 2000;    current loss: 0.2261044681072235
INFO Gradient norm: 17.88792915587498
PROGRESS    Completed epoch 800 / 2000;    current loss: 0.2243843376636505
INFO Gradient norm: 16.55465921224211
PROGRESS    Completed epoch 801 / 2000;    current loss: 0.22391138970851898
INFO Gradient norm: 14.229891412732577
PROGRESS    Completed epoch 802 / 2000;    current loss: 0.2227228581905365
INFO Gradient norm: 19.440645479630714
PROGRESS    Completed epoch 803 / 2000;    current loss: 0.22524994611740112
INFO Gradient norm: 15.568049507077788
PROGRESS    Completed epoch 804 / 2000;    current loss: 0.22315749526023865
INFO Gradient norm: 19.130336220155712
PROGRESS    Completed epoch 805 / 2000;    current loss: 0.22539204359054565
INFO Gradient norm: 16.65886573463107
PROGRESS    Completed epoch 806 / 2000;    current loss: 0.22391605377197266
INFO Gradient norm: 17.436668453048405
PROGRESS    Completed epoch 807 / 2000;    current loss: 0.2240450382232666
INFO Gradient norm: 14.428216106646373
PROGRESS    Completed epoch 808 / 2000;    current loss: 0.22257600724697113
INFO Gradient norm: 19.204625292463966
PROGRESS    Completed epoch 809 / 2000;    current loss: 0.22538024187088013
INFO Gradient norm: 15.938228141561218
PROGRESS    Completed epoch 810 / 2000;    current loss: 0.22347164154052734
INFO Gradient norm: 18.68639292523181
PROGRESS    Completed epoch 811 / 2000;    current loss: 0.2246585488319397
INFO Gradient norm: 15.9599695195981
PROGRESS    Completed epoch 812 / 2000;    current loss: 0.22320911288261414
INFO Gradient norm: 17.708239489707605
PROGRESS    Completed epoch 813 / 2000;    current loss: 0.22440285980701447
INFO Gradient norm: 14.729278358633676
PROGRESS    Completed epoch 814 / 2000;    current loss: 0.22275884449481964
INFO Gradient norm: 19.26923595440745
PROGRESS    Completed epoch 815 / 2000;    current loss: 0.22491274774074554
INFO Gradient norm: 16.0186247321909
PROGRESS    Completed epoch 816 / 2000;    current loss: 0.22316060960292816
INFO Gradient norm: 17.88255345610147
PROGRESS    Completed epoch 817 / 2000;    current loss: 0.2244306355714798
INFO Gradient norm: 15.254009167182671
PROGRESS    Completed epoch 818 / 2000;    current loss: 0.22293968498706818
INFO Gradient norm: 18.23365894251966
PROGRESS    Completed epoch 819 / 2000;    current loss: 0.2242612987756729
INFO Gradient norm: 14.995026001002515
PROGRESS    Completed epoch 820 / 2000;    current loss: 0.22257374227046967
INFO Gradient norm: 18.05930821298923
PROGRESS    Completed epoch 821 / 2000;    current loss: 0.22446362674236298
INFO Gradient norm: 14.513677739595517
PROGRESS    Completed epoch 822 / 2000;    current loss: 0.22253526747226715
INFO Gradient norm: 19.866253581029863
PROGRESS    Completed epoch 823 / 2000;    current loss: 0.2251940220594406
INFO Gradient norm: 17.127235458917433
PROGRESS    Completed epoch 824 / 2000;    current loss: 0.22365957498550415
INFO Gradient norm: 16.795328402272144
PROGRESS    Completed epoch 825 / 2000;    current loss: 0.22371214628219604
INFO Gradient norm: 14.289145904021272
PROGRESS    Completed epoch 826 / 2000;    current loss: 0.22240713238716125
INFO Gradient norm: 19.250945952875686
PROGRESS    Completed epoch 827 / 2000;    current loss: 0.2247917205095291
INFO Gradient norm: 15.585319774381079
PROGRESS    Completed epoch 828 / 2000;    current loss: 0.22283153235912323
INFO Gradient norm: 18.67779601848185
PROGRESS    Completed epoch 829 / 2000;    current loss: 0.2247578501701355
INFO Gradient norm: 16.17935150541711
PROGRESS    Completed epoch 830 / 2000;    current loss: 0.223291277885437
INFO Gradient norm: 17.558581035040614
PROGRESS    Completed epoch 831 / 2000;    current loss: 0.22376157343387604
INFO Gradient norm: 14.537304513567669
PROGRESS    Completed epoch 832 / 2000;    current loss: 0.2222667634487152
INFO Gradient norm: 18.805331830770676
PROGRESS    Completed epoch 833 / 2000;    current loss: 0.22478586435317993
INFO Gradient norm: 15.655994733224492
PROGRESS    Completed epoch 834 / 2000;    current loss: 0.2229764461517334
INFO Gradient norm: 18.49809811364612
PROGRESS    Completed epoch 835 / 2000;    current loss: 0.22421425580978394
INFO Gradient norm: 15.743691342416504
PROGRESS    Completed epoch 836 / 2000;    current loss: 0.2227499932050705
INFO Gradient norm: 17.49817958884778
PROGRESS    Completed epoch 837 / 2000;    current loss: 0.22393196821212769
INFO Gradient norm: 9.995982389414545
PROGRESS    Completed epoch 838 / 2000;    current loss: 0.22069396078586578
INFO Gradient norm: 27.651098611055705
PROGRESS    Completed epoch 839 / 2000;    current loss: 0.2310229390859604
INFO Gradient norm: 25.16288130059082
PROGRESS    Completed epoch 840 / 2000;    current loss: 0.2292068898677826
INFO Gradient norm: 10.9892337253392
PROGRESS    Completed epoch 841 / 2000;    current loss: 0.22141873836517334
INFO Gradient norm: 10.491930312195988
PROGRESS    Completed epoch 842 / 2000;    current loss: 0.22125869989395142
INFO Gradient norm: 21.097228074618847
PROGRESS    Completed epoch 843 / 2000;    current loss: 0.22641140222549438
INFO Gradient norm: 14.392392907201236
PROGRESS    Completed epoch 844 / 2000;    current loss: 0.22272980213165283
INFO Gradient norm: 22.726724318685932
PROGRESS    Completed epoch 845 / 2000;    current loss: 0.22792202234268188
INFO Gradient norm: 21.518088446955318
PROGRESS    Completed epoch 846 / 2000;    current loss: 0.22703257203102112
INFO Gradient norm: 12.435274794798119
PROGRESS    Completed epoch 847 / 2000;    current loss: 0.22188889980316162
INFO Gradient norm: 10.334989497678174
PROGRESS    Completed epoch 848 / 2000;    current loss: 0.22115620970726013
INFO Gradient norm: 21.72535241013788
PROGRESS    Completed epoch 849 / 2000;    current loss: 0.2271500527858734
INFO Gradient norm: 16.37405479471185
PROGRESS    Completed epoch 850 / 2000;    current loss: 0.2238086462020874
INFO Gradient norm: 21.21494491975147
PROGRESS    Completed epoch 851 / 2000;    current loss: 0.22624646127223969
INFO Gradient norm: 19.67813677138951
PROGRESS    Completed epoch 852 / 2000;    current loss: 0.2252998650074005
INFO Gradient norm: 14.935543275298224
PROGRESS    Completed epoch 853 / 2000;    current loss: 0.22299635410308838
INFO Gradient norm: 12.146394932048274
PROGRESS    Completed epoch 854 / 2000;    current loss: 0.22173622250556946
INFO Gradient norm: 22.105531187316174
PROGRESS    Completed epoch 855 / 2000;    current loss: 0.2267160713672638
INFO Gradient norm: 17.382482882308725
PROGRESS    Completed epoch 856 / 2000;    current loss: 0.22391782701015472
INFO Gradient norm: 18.851158542142905
PROGRESS    Completed epoch 857 / 2000;    current loss: 0.22504834830760956
INFO Gradient norm: 17.15895898945454
PROGRESS    Completed epoch 858 / 2000;    current loss: 0.22402578592300415
INFO Gradient norm: 16.532786851612485
PROGRESS    Completed epoch 859 / 2000;    current loss: 0.2233973741531372
INFO Gradient norm: 13.05072531084539
PROGRESS    Completed epoch 860 / 2000;    current loss: 0.22177346050739288
INFO Gradient norm: 20.262670856142652
PROGRESS    Completed epoch 861 / 2000;    current loss: 0.22582438588142395
INFO Gradient norm: 16.40531455914457
PROGRESS    Completed epoch 862 / 2000;    current loss: 0.22345903515815735
INFO Gradient norm: 19.469622783283185
PROGRESS    Completed epoch 863 / 2000;    current loss: 0.22489401698112488
INFO Gradient norm: 17.1285252136487
PROGRESS    Completed epoch 864 / 2000;    current loss: 0.2235649973154068
INFO Gradient norm: 17.39237997886112
PROGRESS    Completed epoch 865 / 2000;    current loss: 0.22389359772205353
INFO Gradient norm: 14.472876570521166
PROGRESS    Completed epoch 866 / 2000;    current loss: 0.22235235571861267
INFO Gradient norm: 20.274693677232094
PROGRESS    Completed epoch 867 / 2000;    current loss: 0.2252018302679062
INFO Gradient norm: 16.500516475738188
PROGRESS    Completed epoch 868 / 2000;    current loss: 0.22306951880455017
INFO Gradient norm: 18.853386384160874
PROGRESS    Completed epoch 869 / 2000;    current loss: 0.22462674975395203
INFO Gradient norm: 16.458386590496403
PROGRESS    Completed epoch 870 / 2000;    current loss: 0.2232109159231186
INFO Gradient norm: 17.91954250110262
PROGRESS    Completed epoch 871 / 2000;    current loss: 0.22370241582393646
INFO Gradient norm: 14.602554845662242
PROGRESS    Completed epoch 872 / 2000;    current loss: 0.2220398336648941
INFO Gradient norm: 19.606310014058
PROGRESS    Completed epoch 873 / 2000;    current loss: 0.22499674558639526
INFO Gradient norm: 16.443997703309062
PROGRESS    Completed epoch 874 / 2000;    current loss: 0.22309139370918274
INFO Gradient norm: 18.433676402334928
PROGRESS    Completed epoch 875 / 2000;    current loss: 0.2238399088382721
INFO Gradient norm: 15.661925357159651
PROGRESS    Completed epoch 876 / 2000;    current loss: 0.22238171100616455
INFO Gradient norm: 18.216043919131106
PROGRESS    Completed epoch 877 / 2000;    current loss: 0.22399765253067017
INFO Gradient norm: 15.121479247361453
PROGRESS    Completed epoch 878 / 2000;    current loss: 0.22227391600608826
INFO Gradient norm: 19.243686218697157
PROGRESS    Completed epoch 879 / 2000;    current loss: 0.22418327629566193
INFO Gradient norm: 16.041490583673845
PROGRESS    Completed epoch 880 / 2000;    current loss: 0.22243541479110718
INFO Gradient norm: 18.041382101331713
PROGRESS    Completed epoch 881 / 2000;    current loss: 0.2237779051065445
INFO Gradient norm: 15.37242438693746
PROGRESS    Completed epoch 882 / 2000;    current loss: 0.22227072715759277
INFO Gradient norm: 18.320138875518353
PROGRESS    Completed epoch 883 / 2000;    current loss: 0.22355519235134125
INFO Gradient norm: 15.27291734908509
PROGRESS    Completed epoch 884 / 2000;    current loss: 0.22195594012737274
INFO Gradient norm: 18.326851565011438
PROGRESS    Completed epoch 885 / 2000;    current loss: 0.22383294999599457
INFO Gradient norm: 15.436888297765066
PROGRESS    Completed epoch 886 / 2000;    current loss: 0.2221839725971222
INFO Gradient norm: 18.557203587583906
PROGRESS    Completed epoch 887 / 2000;    current loss: 0.22356632351875305
INFO Gradient norm: 15.467147325334192
PROGRESS    Completed epoch 888 / 2000;    current loss: 0.22193145751953125
INFO Gradient norm: 18.263193734846688
PROGRESS    Completed epoch 889 / 2000;    current loss: 0.2236538678407669
INFO Gradient norm: 15.4797060946118
PROGRESS    Completed epoch 890 / 2000;    current loss: 0.22206802666187286
INFO Gradient norm: 18.260475400861868
PROGRESS    Completed epoch 891 / 2000;    current loss: 0.22329500317573547
INFO Gradient norm: 15.131780530588523
PROGRESS    Completed epoch 892 / 2000;    current loss: 0.22163109481334686
INFO Gradient norm: 18.333915124653767
PROGRESS    Completed epoch 893 / 2000;    current loss: 0.22360055148601532
INFO Gradient norm: 15.476052515916988
PROGRESS    Completed epoch 894 / 2000;    current loss: 0.22194987535476685
INFO Gradient norm: 18.16114912364891
PROGRESS    Completed epoch 895 / 2000;    current loss: 0.22312170267105103
INFO Gradient norm: 15.214668963612905
PROGRESS    Completed epoch 896 / 2000;    current loss: 0.22156433761119843
INFO Gradient norm: 17.931961554558587
PROGRESS    Completed epoch 897 / 2000;    current loss: 0.22322358191013336
INFO Gradient norm: 14.90681527914818
PROGRESS    Completed epoch 898 / 2000;    current loss: 0.22153989970684052
INFO Gradient norm: 18.87551882467244
PROGRESS    Completed epoch 899 / 2000;    current loss: 0.22339898347854614
INFO Gradient norm: 15.847936013670271
PROGRESS    Completed epoch 900 / 2000;    current loss: 0.22174187004566193
INFO Gradient norm: 17.74953925513456
PROGRESS    Completed epoch 901 / 2000;    current loss: 0.22298797965049744
INFO Gradient norm: 15.132630920958322
PROGRESS    Completed epoch 902 / 2000;    current loss: 0.2215222269296646
INFO Gradient norm: 18.27840265080562
PROGRESS    Completed epoch 903 / 2000;    current loss: 0.2229280024766922
INFO Gradient norm: 15.01655138264395
PROGRESS    Completed epoch 904 / 2000;    current loss: 0.22122380137443542
INFO Gradient norm: 18.40873373276324
PROGRESS    Completed epoch 905 / 2000;    current loss: 0.22328880429267883
INFO Gradient norm: 15.670787992802738
PROGRESS    Completed epoch 906 / 2000;    current loss: 0.22169773280620575
INFO Gradient norm: 17.745078523019274
PROGRESS    Completed epoch 907 / 2000;    current loss: 0.22251136600971222
INFO Gradient norm: 14.775345655300361
PROGRESS    Completed epoch 908 / 2000;    current loss: 0.22100752592086792
INFO Gradient norm: 18.16359037704939
PROGRESS    Completed epoch 909 / 2000;    current loss: 0.22303728759288788
INFO Gradient norm: 15.242951257592312
PROGRESS    Completed epoch 910 / 2000;    current loss: 0.22137154638767242
INFO Gradient norm: 18.04073431467916
PROGRESS    Completed epoch 911 / 2000;    current loss: 0.22259609401226044
INFO Gradient norm: 15.1100758724333
PROGRESS    Completed epoch 912 / 2000;    current loss: 0.22105051577091217
INFO Gradient norm: 17.590673826982705
PROGRESS    Completed epoch 913 / 2000;    current loss: 0.22256378829479218
INFO Gradient norm: 14.579986061980643
PROGRESS    Completed epoch 914 / 2000;    current loss: 0.22090736031532288
INFO Gradient norm: 18.718693436735567
PROGRESS    Completed epoch 915 / 2000;    current loss: 0.2228746861219406
INFO Gradient norm: 15.717965695056721
PROGRESS    Completed epoch 916 / 2000;    current loss: 0.22123940289020538
INFO Gradient norm: 17.483589124436484
PROGRESS    Completed epoch 917 / 2000;    current loss: 0.22238504886627197
INFO Gradient norm: 14.919262935973165
PROGRESS    Completed epoch 918 / 2000;    current loss: 0.22095556557178497
INFO Gradient norm: 17.563214650981003
PROGRESS    Completed epoch 919 / 2000;    current loss: 0.22206862270832062
INFO Gradient norm: 14.823795671760218
PROGRESS    Completed epoch 920 / 2000;    current loss: 0.22068096697330475
INFO Gradient norm: 16.48195521378142
PROGRESS    Completed epoch 921 / 2000;    current loss: 0.22174417972564697
INFO Gradient norm: 9.57259035872454
PROGRESS    Completed epoch 922 / 2000;    current loss: 0.21892008185386658
INFO Gradient norm: 26.24060438669754
PROGRESS    Completed epoch 923 / 2000;    current loss: 0.22828717529773712
INFO Gradient norm: 23.643777448605015
PROGRESS    Completed epoch 924 / 2000;    current loss: 0.22644884884357452
INFO Gradient norm: 11.170388251088458
PROGRESS    Completed epoch 925 / 2000;    current loss: 0.21981695294380188
INFO Gradient norm: 10.966097724585504
PROGRESS    Completed epoch 926 / 2000;    current loss: 0.21973593533039093
INFO Gradient norm: 19.04655856866728
PROGRESS    Completed epoch 927 / 2000;    current loss: 0.22344271838665009
INFO Gradient norm: 12.987554557925922
PROGRESS    Completed epoch 928 / 2000;    current loss: 0.22039082646369934
INFO Gradient norm: 21.944460696763574
PROGRESS    Completed epoch 929 / 2000;    current loss: 0.22565340995788574
INFO Gradient norm: 20.380945023833803
PROGRESS    Completed epoch 930 / 2000;    current loss: 0.22453702986240387
INFO Gradient norm: 12.435938481058153
PROGRESS    Completed epoch 931 / 2000;    current loss: 0.22015313804149628
INFO Gradient norm: 10.702708413536307
PROGRESS    Completed epoch 932 / 2000;    current loss: 0.21953125298023224
INFO Gradient norm: 19.954901862789978
PROGRESS    Completed epoch 933 / 2000;    current loss: 0.2242596298456192
INFO Gradient norm: 14.954480084713552
PROGRESS    Completed epoch 934 / 2000;    current loss: 0.2213558405637741
INFO Gradient norm: 20.54996348446166
PROGRESS    Completed epoch 935 / 2000;    current loss: 0.2241603434085846
INFO Gradient norm: 18.89606123302968
PROGRESS    Completed epoch 936 / 2000;    current loss: 0.22315122187137604
INFO Gradient norm: 14.113012166541393
PROGRESS    Completed epoch 937 / 2000;    current loss: 0.22088024020195007
INFO Gradient norm: 11.662904019997177
PROGRESS    Completed epoch 938 / 2000;    current loss: 0.21982188522815704
INFO Gradient norm: 20.636783538610313
PROGRESS    Completed epoch 939 / 2000;    current loss: 0.22414998710155487
INFO Gradient norm: 16.30648199249723
PROGRESS    Completed epoch 940 / 2000;    current loss: 0.22167836129665375
INFO Gradient norm: 18.071599101032955
PROGRESS    Completed epoch 941 / 2000;    current loss: 0.2228768765926361
INFO Gradient norm: 16.378397530445444
PROGRESS    Completed epoch 942 / 2000;    current loss: 0.22187623381614685
INFO Gradient norm: 16.10470754412648
PROGRESS    Completed epoch 943 / 2000;    current loss: 0.2215057909488678
INFO Gradient norm: 12.911757044446263
PROGRESS    Completed epoch 944 / 2000;    current loss: 0.2200537919998169
INFO Gradient norm: 19.665668582512094
PROGRESS    Completed epoch 945 / 2000;    current loss: 0.2237362414598465
INFO Gradient norm: 16.3504017370444
PROGRESS    Completed epoch 946 / 2000;    current loss: 0.22174830734729767
INFO Gradient norm: 17.57579762189608
PROGRESS    Completed epoch 947 / 2000;    current loss: 0.22214728593826294
INFO Gradient norm: 15.32265059296072
PROGRESS    Completed epoch 948 / 2000;    current loss: 0.22099125385284424
INFO Gradient norm: 17.143471939715884
PROGRESS    Completed epoch 949 / 2000;    current loss: 0.22210034728050232
INFO Gradient norm: 14.038329753219152
PROGRESS    Completed epoch 950 / 2000;    current loss: 0.22048266232013702
INFO Gradient norm: 17.260260656086537
PROGRESS    Completed epoch 951 / 2000;    current loss: 0.2219739556312561
INFO Gradient norm: 9.485235471307586
PROGRESS    Completed epoch 952 / 2000;    current loss: 0.21897710859775543
INFO Gradient norm: 25.16757634497374
PROGRESS    Completed epoch 953 / 2000;    current loss: 0.22818659245967865
INFO Gradient norm: 23.25763124334792
PROGRESS    Completed epoch 954 / 2000;    current loss: 0.2267913520336151
INFO Gradient norm: 9.934757736809486
PROGRESS    Completed epoch 955 / 2000;    current loss: 0.21966074407100677
INFO Gradient norm: 9.522719874080984
PROGRESS    Completed epoch 956 / 2000;    current loss: 0.21971328556537628
INFO Gradient norm: 19.69739755434396
PROGRESS    Completed epoch 957 / 2000;    current loss: 0.22461241483688354
INFO Gradient norm: 13.780483032280019
PROGRESS    Completed epoch 958 / 2000;    current loss: 0.22148248553276062
INFO Gradient norm: 21.866496145533162
PROGRESS    Completed epoch 959 / 2000;    current loss: 0.22607308626174927
INFO Gradient norm: 20.28358620714756
PROGRESS    Completed epoch 960 / 2000;    current loss: 0.22505834698677063
INFO Gradient norm: 12.738360848731459
PROGRESS    Completed epoch 961 / 2000;    current loss: 0.2211097925901413
INFO Gradient norm: 11.075318012523761
PROGRESS    Completed epoch 962 / 2000;    current loss: 0.22044816613197327
INFO Gradient norm: 19.701434006667427
PROGRESS    Completed epoch 963 / 2000;    current loss: 0.22461441159248352
INFO Gradient norm: 14.431688378480853
PROGRESS    Completed epoch 964 / 2000;    current loss: 0.22178086638450623
INFO Gradient norm: 19.79329117487926
PROGRESS    Completed epoch 965 / 2000;    current loss: 0.22488214075565338
INFO Gradient norm: 18.220492703273898
PROGRESS    Completed epoch 966 / 2000;    current loss: 0.22390057146549225
INFO Gradient norm: 13.852156123422802
PROGRESS    Completed epoch 967 / 2000;    current loss: 0.22148938477039337
INFO Gradient norm: 11.571999147681717
PROGRESS    Completed epoch 968 / 2000;    current loss: 0.2205539494752884
INFO Gradient norm: 19.321642355313397
PROGRESS    Completed epoch 969 / 2000;    current loss: 0.2245345264673233
INFO Gradient norm: 15.134230263516757
PROGRESS    Completed epoch 970 / 2000;    current loss: 0.22208184003829956
INFO Gradient norm: 18.99859659196962
PROGRESS    Completed epoch 971 / 2000;    current loss: 0.22396235167980194
INFO Gradient norm: 17.145317238647483
PROGRESS    Completed epoch 972 / 2000;    current loss: 0.22286184132099152
INFO Gradient norm: 15.040818995378828
PROGRESS    Completed epoch 973 / 2000;    current loss: 0.2219107449054718
INFO Gradient norm: 12.402578957324224
PROGRESS    Completed epoch 974 / 2000;    current loss: 0.22068020701408386
INFO Gradient norm: 19.63164444915072
PROGRESS    Completed epoch 975 / 2000;    current loss: 0.22421413660049438
INFO Gradient norm: 15.794922609457675
PROGRESS    Completed epoch 976 / 2000;    current loss: 0.22204744815826416
INFO Gradient norm: 17.484659514177086
PROGRESS    Completed epoch 977 / 2000;    current loss: 0.2230970412492752
INFO Gradient norm: 15.53497780823152
PROGRESS    Completed epoch 978 / 2000;    current loss: 0.22200433909893036
INFO Gradient norm: 16.499903362832214
PROGRESS    Completed epoch 979 / 2000;    current loss: 0.22231386601924896
INFO Gradient norm: 13.41228578766551
PROGRESS    Completed epoch 980 / 2000;    current loss: 0.2208295315504074
INFO Gradient norm: 18.79646353534981
PROGRESS    Completed epoch 981 / 2000;    current loss: 0.22374597191810608
INFO Gradient norm: 15.768039521628982
PROGRESS    Completed epoch 982 / 2000;    current loss: 0.2219693958759308
INFO Gradient norm: 17.282985129918984
PROGRESS    Completed epoch 983 / 2000;    current loss: 0.22257372736930847
INFO Gradient norm: 14.884982114568746
PROGRESS    Completed epoch 984 / 2000;    current loss: 0.22134657204151154
INFO Gradient norm: 17.097361313089955
PROGRESS    Completed epoch 985 / 2000;    current loss: 0.2226085364818573
INFO Gradient norm: 14.131034257719067
PROGRESS    Completed epoch 986 / 2000;    current loss: 0.22103776037693024
INFO Gradient norm: 18.38866208036964
PROGRESS    Completed epoch 987 / 2000;    current loss: 0.22306446731090546
INFO Gradient norm: 15.408659328920255
PROGRESS    Completed epoch 988 / 2000;    current loss: 0.22147797048091888
INFO Gradient norm: 16.929379848574726
PROGRESS    Completed epoch 989 / 2000;    current loss: 0.2224123328924179
INFO Gradient norm: 14.476038542937456
PROGRESS    Completed epoch 990 / 2000;    current loss: 0.22109439969062805
INFO Gradient norm: 17.604360206431185
PROGRESS    Completed epoch 991 / 2000;    current loss: 0.2224857211112976
INFO Gradient norm: 14.537695230236567
PROGRESS    Completed epoch 992 / 2000;    current loss: 0.22091259062290192
INFO Gradient norm: 17.73638914352074
PROGRESS    Completed epoch 993 / 2000;    current loss: 0.22274769842624664
INFO Gradient norm: 15.095638091637827
PROGRESS    Completed epoch 994 / 2000;    current loss: 0.22128820419311523
INFO Gradient norm: 17.195982943821054
PROGRESS    Completed epoch 995 / 2000;    current loss: 0.22215816378593445
INFO Gradient norm: 14.436928011252627
PROGRESS    Completed epoch 996 / 2000;    current loss: 0.2207755446434021
INFO Gradient norm: 17.40304977407971
PROGRESS    Completed epoch 997 / 2000;    current loss: 0.22244416177272797
INFO Gradient norm: 14.565597222410183
PROGRESS    Completed epoch 998 / 2000;    current loss: 0.22089116275310516
INFO Gradient norm: 17.633628087602293
PROGRESS    Completed epoch 999 / 2000;    current loss: 0.22229164838790894
INFO Gradient norm: 14.860981990136759
PROGRESS    Completed epoch 1000 / 2000;    current loss: 0.220836341381073
INFO Gradient norm: 16.879219334542352
PROGRESS    Completed epoch 1001 / 2000;    current loss: 0.22202619910240173
INFO Gradient norm: 14.224314494079962
PROGRESS    Completed epoch 1002 / 2000;    current loss: 0.22061511874198914
INFO Gradient norm: 17.734783563042658
PROGRESS    Completed epoch 1003 / 2000;    current loss: 0.22220604121685028
INFO Gradient norm: 14.805111715948058
PROGRESS    Completed epoch 1004 / 2000;    current loss: 0.2206868678331375
INFO Gradient norm: 17.132365068922876
PROGRESS    Completed epoch 1005 / 2000;    current loss: 0.2220430076122284
INFO Gradient norm: 14.578341662321503
PROGRESS    Completed epoch 1006 / 2000;    current loss: 0.22067677974700928
INFO Gradient norm: 17.235638910116812
PROGRESS    Completed epoch 1007 / 2000;    current loss: 0.2218228280544281
INFO Gradient norm: 14.352089836434699
PROGRESS    Completed epoch 1008 / 2000;    current loss: 0.22037310898303986
INFO Gradient norm: 17.262680618989734
PROGRESS    Completed epoch 1009 / 2000;    current loss: 0.222002312541008
INFO Gradient norm: 14.580369733980005
PROGRESS    Completed epoch 1010 / 2000;    current loss: 0.22054995596408844
INFO Gradient norm: 17.120398617547064
PROGRESS    Completed epoch 1011 / 2000;    current loss: 0.22166912257671356
INFO Gradient norm: 14.43952322139019
PROGRESS    Completed epoch 1012 / 2000;    current loss: 0.22031329572200775
INFO Gradient norm: 16.96176328093291
PROGRESS    Completed epoch 1013 / 2000;    current loss: 0.22171486914157867
INFO Gradient norm: 14.285762133216124
PROGRESS    Completed epoch 1014 / 2000;    current loss: 0.2202988564968109
INFO Gradient norm: 17.36958363006293
PROGRESS    Completed epoch 1015 / 2000;    current loss: 0.22167761623859406
INFO Gradient norm: 14.54432221088624
PROGRESS    Completed epoch 1016 / 2000;    current loss: 0.22023434937000275
INFO Gradient norm: 16.908210773836995
PROGRESS    Completed epoch 1017 / 2000;    current loss: 0.2215731292963028
INFO Gradient norm: 14.334480417907896
PROGRESS    Completed epoch 1018 / 2000;    current loss: 0.2202075719833374
INFO Gradient norm: 17.077095517962434
PROGRESS    Completed epoch 1019 / 2000;    current loss: 0.2214253842830658
INFO Gradient norm: 14.240474591874142
PROGRESS    Completed epoch 1020 / 2000;    current loss: 0.21998707950115204
INFO Gradient norm: 16.953256150593432
PROGRESS    Completed epoch 1021 / 2000;    current loss: 0.22150520980358124
INFO Gradient norm: 14.331883237733763
PROGRESS    Completed epoch 1022 / 2000;    current loss: 0.22008413076400757
INFO Gradient norm: 17.126864697644077
PROGRESS    Completed epoch 1023 / 2000;    current loss: 0.2213369458913803
INFO Gradient norm: 14.384216299145942
PROGRESS    Completed epoch 1024 / 2000;    current loss: 0.21992219984531403
INFO Gradient norm: 16.834448845833965
PROGRESS    Completed epoch 1025 / 2000;    current loss: 0.2213197648525238
INFO Gradient norm: 14.210612618636931
PROGRESS    Completed epoch 1026 / 2000;    current loss: 0.21992719173431396
INFO Gradient norm: 17.11082282024642
PROGRESS    Completed epoch 1027 / 2000;    current loss: 0.22124060988426208
INFO Gradient norm: 14.315505719091831
PROGRESS    Completed epoch 1028 / 2000;    current loss: 0.21980217099189758
INFO Gradient norm: 16.34725744756065
PROGRESS    Completed epoch 1029 / 2000;    current loss: 0.22097264230251312
INFO Gradient norm: 1.9394109125546488
PROGRESS    Completed epoch 1030 / 2000;    current loss: 0.21664521098136902
INFO Gradient norm: 27.421331884304863
PROGRESS    Completed epoch 1031 / 2000;    current loss: 0.22892427444458008
INFO Gradient norm: 23.73668367383442
PROGRESS    Completed epoch 1032 / 2000;    current loss: 0.226087287068367
INFO Gradient norm: 11.865411294740108
PROGRESS    Completed epoch 1033 / 2000;    current loss: 0.21972432732582092
INFO Gradient norm: 12.779366799137998
PROGRESS    Completed epoch 1034 / 2000;    current loss: 0.22058972716331482
INFO Gradient norm: 16.519869310755066
PROGRESS    Completed epoch 1035 / 2000;    current loss: 0.2225978672504425
INFO Gradient norm: 10.728985692954785
PROGRESS    Completed epoch 1036 / 2000;    current loss: 0.22035925090312958
INFO Gradient norm: 22.407346781331135
PROGRESS    Completed epoch 1037 / 2000;    current loss: 0.22746814787387848
INFO Gradient norm: 18.722938084223298
PROGRESS    Completed epoch 1038 / 2000;    current loss: 0.22485734522342682
INFO Gradient norm: 15.83141960473457
PROGRESS    Completed epoch 1039 / 2000;    current loss: 0.2227533459663391
INFO Gradient norm: 15.22029032152078
PROGRESS    Completed epoch 1040 / 2000;    current loss: 0.2223256528377533
INFO Gradient norm: 14.123896446726684
PROGRESS    Completed epoch 1041 / 2000;    current loss: 0.22191771864891052
INFO Gradient norm: 9.164199043691239
PROGRESS    Completed epoch 1042 / 2000;    current loss: 0.21978487074375153
INFO Gradient norm: 23.582164428895315
PROGRESS    Completed epoch 1043 / 2000;    current loss: 0.22737641632556915
INFO Gradient norm: 18.57941221459953
PROGRESS    Completed epoch 1044 / 2000;    current loss: 0.22381272912025452
INFO Gradient norm: 17.08159329918173
PROGRESS    Completed epoch 1045 / 2000;    current loss: 0.2230873703956604
INFO Gradient norm: 16.37382444166565
PROGRESS    Completed epoch 1046 / 2000;    current loss: 0.22255739569664001
INFO Gradient norm: 15.181972666165514
PROGRESS    Completed epoch 1047 / 2000;    current loss: 0.22158661484718323
INFO Gradient norm: 11.689526184731271
PROGRESS    Completed epoch 1048 / 2000;    current loss: 0.2199227660894394
INFO Gradient norm: 19.866109195932612
PROGRESS    Completed epoch 1049 / 2000;    current loss: 0.22448869049549103
INFO Gradient norm: 15.671049948788907
PROGRESS    Completed epoch 1050 / 2000;    current loss: 0.22175505757331848
INFO Gradient norm: 18.376949557660424
PROGRESS    Completed epoch 1051 / 2000;    current loss: 0.22309406101703644
INFO Gradient norm: 16.366046049497584
PROGRESS    Completed epoch 1052 / 2000;    current loss: 0.22189216315746307
INFO Gradient norm: 15.613995993559444
PROGRESS    Completed epoch 1053 / 2000;    current loss: 0.22159312665462494
INFO Gradient norm: 13.083178210612354
PROGRESS    Completed epoch 1054 / 2000;    current loss: 0.22027595341205597
INFO Gradient norm: 16.86147629656252
PROGRESS    Completed epoch 1055 / 2000;    current loss: 0.22215674817562103
INFO Gradient norm: 9.008584743210537
PROGRESS    Completed epoch 1056 / 2000;    current loss: 0.21892499923706055
INFO Gradient norm: 24.526295048589322
PROGRESS    Completed epoch 1057 / 2000;    current loss: 0.22852200269699097
INFO Gradient norm: 21.905872473518876
PROGRESS    Completed epoch 1058 / 2000;    current loss: 0.22651423513889313
INFO Gradient norm: 11.359789083902047
PROGRESS    Completed epoch 1059 / 2000;    current loss: 0.2204286754131317
INFO Gradient norm: 11.421325460578382
PROGRESS    Completed epoch 1060 / 2000;    current loss: 0.2206697016954422
INFO Gradient norm: 16.988437848495987
PROGRESS    Completed epoch 1061 / 2000;    current loss: 0.22360791265964508
INFO Gradient norm: 11.559322037657287
PROGRESS    Completed epoch 1062 / 2000;    current loss: 0.22097112238407135
INFO Gradient norm: 21.612954705631676
PROGRESS    Completed epoch 1063 / 2000;    current loss: 0.22697901725769043
INFO Gradient norm: 18.597507836578043
PROGRESS    Completed epoch 1064 / 2000;    current loss: 0.22489914298057556
INFO Gradient norm: 14.438263753182923
PROGRESS    Completed epoch 1065 / 2000;    current loss: 0.22238683700561523
INFO Gradient norm: 13.66935143712399
PROGRESS    Completed epoch 1066 / 2000;    current loss: 0.2219533920288086
INFO Gradient norm: 15.692490319581303
PROGRESS    Completed epoch 1067 / 2000;    current loss: 0.22302566468715668
INFO Gradient norm: 11.078176384358368
PROGRESS    Completed epoch 1068 / 2000;    current loss: 0.2207552194595337
INFO Gradient norm: 19.46171706169647
PROGRESS    Completed epoch 1069 / 2000;    current loss: 0.22536233067512512
INFO Gradient norm: 15.9565360629026
PROGRESS    Completed epoch 1070 / 2000;    current loss: 0.22309206426143646
INFO Gradient norm: 16.47206430364897
PROGRESS    Completed epoch 1071 / 2000;    current loss: 0.22335945069789886
INFO Gradient norm: 14.812657131894893
PROGRESS    Completed epoch 1072 / 2000;    current loss: 0.2224404215812683
INFO Gradient norm: 15.98668148784198
PROGRESS    Completed epoch 1073 / 2000;    current loss: 0.22305142879486084
INFO Gradient norm: 13.116657312399289
PROGRESS    Completed epoch 1074 / 2000;    current loss: 0.2215251475572586
INFO Gradient norm: 18.371753236673463
PROGRESS    Completed epoch 1075 / 2000;    current loss: 0.22429195046424866
INFO Gradient norm: 14.82076176450307
PROGRESS    Completed epoch 1076 / 2000;    current loss: 0.2222183346748352
INFO Gradient norm: 17.689350708046714
PROGRESS    Completed epoch 1077 / 2000;    current loss: 0.22384701669216156
INFO Gradient norm: 15.56456523646614
PROGRESS    Completed epoch 1078 / 2000;    current loss: 0.2225363701581955
INFO Gradient norm: 16.0098992153395
PROGRESS    Completed epoch 1079 / 2000;    current loss: 0.22262999415397644
INFO Gradient norm: 13.11289259965737
PROGRESS    Completed epoch 1080 / 2000;    current loss: 0.22113828361034393
INFO Gradient norm: 18.16878224083901
PROGRESS    Completed epoch 1081 / 2000;    current loss: 0.2239476591348648
INFO Gradient norm: 14.944133781012514
PROGRESS    Completed epoch 1082 / 2000;    current loss: 0.22201429307460785
INFO Gradient norm: 17.328381144918325
PROGRESS    Completed epoch 1083 / 2000;    current loss: 0.22317007184028625
INFO Gradient norm: 14.79549447092852
PROGRESS    Completed epoch 1084 / 2000;    current loss: 0.22174593806266785
INFO Gradient norm: 16.605993741965484
PROGRESS    Completed epoch 1085 / 2000;    current loss: 0.22285299003124237
INFO Gradient norm: 13.927171380390579
PROGRESS    Completed epoch 1086 / 2000;    current loss: 0.22137370705604553
INFO Gradient norm: 17.37024392220952
PROGRESS    Completed epoch 1087 / 2000;    current loss: 0.22303509712219238
INFO Gradient norm: 14.181208362587153
PROGRESS    Completed epoch 1088 / 2000;    current loss: 0.2213013470172882
INFO Gradient norm: 17.3431020161437
PROGRESS    Completed epoch 1089 / 2000;    current loss: 0.22319023311138153
INFO Gradient norm: 14.812486400130997
PROGRESS    Completed epoch 1090 / 2000;    current loss: 0.22169312834739685
INFO Gradient norm: 16.417407010577218
PROGRESS    Completed epoch 1091 / 2000;    current loss: 0.22238074243068695
INFO Gradient norm: 13.64727206737145
PROGRESS    Completed epoch 1092 / 2000;    current loss: 0.2209181785583496
INFO Gradient norm: 16.176597563503343
PROGRESS    Completed epoch 1093 / 2000;    current loss: 0.22245903313159943
INFO Gradient norm: 10.300636167023292
PROGRESS    Completed epoch 1094 / 2000;    current loss: 0.21973200142383575
INFO Gradient norm: 21.545411396529374
PROGRESS    Completed epoch 1095 / 2000;    current loss: 0.22587217390537262
INFO Gradient norm: 19.233926094190018
PROGRESS    Completed epoch 1096 / 2000;    current loss: 0.22441504895687103
INFO Gradient norm: 12.014373750238493
PROGRESS    Completed epoch 1097 / 2000;    current loss: 0.22084681689739227
INFO Gradient norm: 11.520307664902543
PROGRESS    Completed epoch 1098 / 2000;    current loss: 0.2207280695438385
INFO Gradient norm: 16.974755662028986
PROGRESS    Completed epoch 1099 / 2000;    current loss: 0.2233262062072754
INFO Gradient norm: 11.940937769763934
PROGRESS    Completed epoch 1100 / 2000;    current loss: 0.2209044098854065
INFO Gradient norm: 19.6926993431309
PROGRESS    Completed epoch 1101 / 2000;    current loss: 0.22540289163589478
INFO Gradient norm: 17.37316387972266
PROGRESS    Completed epoch 1102 / 2000;    current loss: 0.22381040453910828
INFO Gradient norm: 13.85611968143017
PROGRESS    Completed epoch 1103 / 2000;    current loss: 0.22164598107337952
INFO Gradient norm: 12.400850986088026
PROGRESS    Completed epoch 1104 / 2000;    current loss: 0.22092986106872559
INFO Gradient norm: 16.2703932471465
PROGRESS    Completed epoch 1105 / 2000;    current loss: 0.22299228608608246
INFO Gradient norm: 12.266976671965658
PROGRESS    Completed epoch 1106 / 2000;    current loss: 0.22087447345256805
INFO Gradient norm: 18.795708519350384
PROGRESS    Completed epoch 1107 / 2000;    current loss: 0.22418834269046783
INFO Gradient norm: 15.872671781920815
PROGRESS    Completed epoch 1108 / 2000;    current loss: 0.22246402502059937
INFO Gradient norm: 14.230012679419218
PROGRESS    Completed epoch 1109 / 2000;    current loss: 0.22176192700862885
INFO Gradient norm: 12.322120587876936
PROGRESS    Completed epoch 1110 / 2000;    current loss: 0.22084595263004303
INFO Gradient norm: 16.569704434453268
PROGRESS    Completed epoch 1111 / 2000;    current loss: 0.22280652821063995
INFO Gradient norm: 12.847750991408647
PROGRESS    Completed epoch 1112 / 2000;    current loss: 0.22094762325286865
INFO Gradient norm: 17.580213832295172
PROGRESS    Completed epoch 1113 / 2000;    current loss: 0.2236025184392929
INFO Gradient norm: 15.232451139091495
PROGRESS    Completed epoch 1114 / 2000;    current loss: 0.22219271957874298
INFO Gradient norm: 15.040057688963122
PROGRESS    Completed epoch 1115 / 2000;    current loss: 0.22194604575634003
INFO Gradient norm: 12.830717565433174
PROGRESS    Completed epoch 1116 / 2000;    current loss: 0.22088633477687836
INFO Gradient norm: 16.415210425786466
PROGRESS    Completed epoch 1117 / 2000;    current loss: 0.22280940413475037
INFO Gradient norm: 13.220349792851396
PROGRESS    Completed epoch 1118 / 2000;    current loss: 0.22109711170196533
INFO Gradient norm: 17.24922093625002
PROGRESS    Completed epoch 1119 / 2000;    current loss: 0.22303548455238342
INFO Gradient norm: 14.502685138652206
PROGRESS    Completed epoch 1120 / 2000;    current loss: 0.22157686948776245
INFO Gradient norm: 15.728084266918561
PROGRESS    Completed epoch 1121 / 2000;    current loss: 0.22230161726474762
INFO Gradient norm: 13.546583207669357
PROGRESS    Completed epoch 1122 / 2000;    current loss: 0.22115275263786316
INFO Gradient norm: 15.967427311743673
PROGRESS    Completed epoch 1123 / 2000;    current loss: 0.22220124304294586
INFO Gradient norm: 12.871791186653198
PROGRESS    Completed epoch 1124 / 2000;    current loss: 0.22068661451339722
INFO Gradient norm: 16.879142314959527
PROGRESS    Completed epoch 1125 / 2000;    current loss: 0.22284287214279175
INFO Gradient norm: 14.204592490210702
PROGRESS    Completed epoch 1126 / 2000;    current loss: 0.22134274244308472
INFO Gradient norm: 15.74464643736943
PROGRESS    Completed epoch 1127 / 2000;    current loss: 0.2219725400209427
INFO Gradient norm: 13.308510665287343
PROGRESS    Completed epoch 1128 / 2000;    current loss: 0.2207384556531906
INFO Gradient norm: 15.855060880945375
PROGRESS    Completed epoch 1129 / 2000;    current loss: 0.22214017808437347
INFO Gradient norm: 13.114159385893863
PROGRESS    Completed epoch 1130 / 2000;    current loss: 0.22069258987903595
INFO Gradient norm: 16.36902481818745
PROGRESS    Completed epoch 1131 / 2000;    current loss: 0.22221888601779938
INFO Gradient norm: 13.551382527211144
PROGRESS    Completed epoch 1132 / 2000;    current loss: 0.2207455337047577
INFO Gradient norm: 15.775697590297645
PROGRESS    Completed epoch 1133 / 2000;    current loss: 0.22199878096580505
INFO Gradient norm: 13.420154878420522
PROGRESS    Completed epoch 1134 / 2000;    current loss: 0.22072575986385345
INFO Gradient norm: 15.564338234780172
PROGRESS    Completed epoch 1135 / 2000;    current loss: 0.22165080904960632
INFO Gradient norm: 12.816983424974106
PROGRESS    Completed epoch 1136 / 2000;    current loss: 0.22028416395187378
INFO Gradient norm: 15.937715028033224
PROGRESS    Completed epoch 1137 / 2000;    current loss: 0.22200170159339905
INFO Gradient norm: 13.322740625044652
PROGRESS    Completed epoch 1138 / 2000;    current loss: 0.22056511044502258
INFO Gradient norm: 15.797849426832379
PROGRESS    Completed epoch 1139 / 2000;    current loss: 0.22166503965854645
INFO Gradient norm: 13.276300441111607
PROGRESS    Completed epoch 1140 / 2000;    current loss: 0.22038473188877106
INFO Gradient norm: 15.28594856736945
PROGRESS    Completed epoch 1141 / 2000;    current loss: 0.2215367555618286
INFO Gradient norm: 12.77644040245701
PROGRESS    Completed epoch 1142 / 2000;    current loss: 0.22021380066871643
INFO Gradient norm: 16.026058112367558
PROGRESS    Completed epoch 1143 / 2000;    current loss: 0.22168804705142975
INFO Gradient norm: 13.18598533945853
PROGRESS    Completed epoch 1144 / 2000;    current loss: 0.2202502191066742
INFO Gradient norm: 15.764061198507612
PROGRESS    Completed epoch 1145 / 2000;    current loss: 0.22167010605335236
INFO Gradient norm: 13.421005542618616
PROGRESS    Completed epoch 1146 / 2000;    current loss: 0.22041404247283936
INFO Gradient norm: 15.328321215049483
PROGRESS    Completed epoch 1147 / 2000;    current loss: 0.2212185561656952
INFO Gradient norm: 12.729775094857857
PROGRESS    Completed epoch 1148 / 2000;    current loss: 0.21994847059249878
INFO Gradient norm: 15.713658051779857
PROGRESS    Completed epoch 1149 / 2000;    current loss: 0.22155095636844635
INFO Gradient norm: 13.08307416670482
PROGRESS    Completed epoch 1150 / 2000;    current loss: 0.22015461325645447
INFO Gradient norm: 15.63152832686631
PROGRESS    Completed epoch 1151 / 2000;    current loss: 0.22129495441913605
INFO Gradient norm: 13.078957177515681
PROGRESS    Completed epoch 1152 / 2000;    current loss: 0.22000229358673096
INFO Gradient norm: 15.11371132225717
PROGRESS    Completed epoch 1153 / 2000;    current loss: 0.22111906111240387
INFO Gradient norm: 12.319954898200168
PROGRESS    Completed epoch 1154 / 2000;    current loss: 0.21970468759536743
INFO Gradient norm: 16.80142878206159
PROGRESS    Completed epoch 1155 / 2000;    current loss: 0.22182977199554443
INFO Gradient norm: 13.788407590647891
PROGRESS    Completed epoch 1156 / 2000;    current loss: 0.22023023664951324
INFO Gradient norm: 15.797359663277824
PROGRESS    Completed epoch 1157 / 2000;    current loss: 0.2213946133852005
INFO Gradient norm: 13.754607059951766
PROGRESS    Completed epoch 1158 / 2000;    current loss: 0.22027677297592163
INFO Gradient norm: 15.135673971645206
PROGRESS    Completed epoch 1159 / 2000;    current loss: 0.22082658112049103
INFO Gradient norm: 12.36892554200399
PROGRESS    Completed epoch 1160 / 2000;    current loss: 0.21950829029083252
INFO Gradient norm: 16.42914844189109
PROGRESS    Completed epoch 1161 / 2000;    current loss: 0.2216578871011734
INFO Gradient norm: 13.614122353287684
PROGRESS    Completed epoch 1162 / 2000;    current loss: 0.22012296319007874
INFO Gradient norm: 15.835068300422826
PROGRESS    Completed epoch 1163 / 2000;    current loss: 0.2211066037416458
INFO Gradient norm: 13.419603876625846
PROGRESS    Completed epoch 1164 / 2000;    current loss: 0.21988505125045776
INFO Gradient norm: 15.355656480060853
PROGRESS    Completed epoch 1165 / 2000;    current loss: 0.22095678746700287
INFO Gradient norm: 12.890018533987222
PROGRESS    Completed epoch 1166 / 2000;    current loss: 0.21968761086463928
INFO Gradient norm: 15.845642457287363
PROGRESS    Completed epoch 1167 / 2000;    current loss: 0.22103261947631836
INFO Gradient norm: 12.971082556079523
PROGRESS    Completed epoch 1168 / 2000;    current loss: 0.21959663927555084
INFO Gradient norm: 15.788675506597883
PROGRESS    Completed epoch 1169 / 2000;    current loss: 0.2211289405822754
INFO Gradient norm: 13.418684252040565
PROGRESS    Completed epoch 1170 / 2000;    current loss: 0.21983899176120758
INFO Gradient norm: 14.465828852917051
PROGRESS    Completed epoch 1171 / 2000;    current loss: 0.2202794998884201
INFO Gradient norm: 8.869715025925537
PROGRESS    Completed epoch 1172 / 2000;    current loss: 0.21816560626029968
INFO Gradient norm: 19.14601248604587
PROGRESS    Completed epoch 1173 / 2000;    current loss: 0.2236088514328003
INFO Gradient norm: 16.533674616204234
PROGRESS    Completed epoch 1174 / 2000;    current loss: 0.2220277339220047
INFO Gradient norm: 11.796969785040329
PROGRESS    Completed epoch 1175 / 2000;    current loss: 0.2196778953075409
INFO Gradient norm: 11.523911864646912
PROGRESS    Completed epoch 1176 / 2000;    current loss: 0.21966922283172607
INFO Gradient norm: 13.283966344186064
PROGRESS    Completed epoch 1177 / 2000;    current loss: 0.2205849140882492
INFO Gradient norm: 9.62082284439142
PROGRESS    Completed epoch 1178 / 2000;    current loss: 0.21911557018756866
INFO Gradient norm: 17.3525459405772
PROGRESS    Completed epoch 1179 / 2000;    current loss: 0.2228744924068451
INFO Gradient norm: 14.087348809956655
PROGRESS    Completed epoch 1180 / 2000;    current loss: 0.22108259797096252
INFO Gradient norm: 13.993782785234794
PROGRESS    Completed epoch 1181 / 2000;    current loss: 0.22107204794883728
INFO Gradient norm: 12.982251710031674
PROGRESS    Completed epoch 1182 / 2000;    current loss: 0.2205793708562851
INFO Gradient norm: 12.71863246147236
PROGRESS    Completed epoch 1183 / 2000;    current loss: 0.2204616665840149
INFO Gradient norm: 9.941522920546026
PROGRESS    Completed epoch 1184 / 2000;    current loss: 0.21930575370788574
INFO Gradient norm: 15.89446642908446
PROGRESS    Completed epoch 1185 / 2000;    current loss: 0.22213253378868103
INFO Gradient norm: 12.779316593428584
PROGRESS    Completed epoch 1186 / 2000;    current loss: 0.2204565554857254
INFO Gradient norm: 14.551094719214735
PROGRESS    Completed epoch 1187 / 2000;    current loss: 0.22128045558929443
INFO Gradient norm: 12.79658383186115
PROGRESS    Completed epoch 1188 / 2000;    current loss: 0.22041106224060059
INFO Gradient norm: 13.068843357510037
PROGRESS    Completed epoch 1189 / 2000;    current loss: 0.22054581344127655
INFO Gradient norm: 10.592813355413455
PROGRESS    Completed epoch 1190 / 2000;    current loss: 0.21943208575248718
INFO Gradient norm: 15.85905738895086
PROGRESS    Completed epoch 1191 / 2000;    current loss: 0.22185970842838287
INFO Gradient norm: 12.461127540171029
PROGRESS    Completed epoch 1192 / 2000;    current loss: 0.22014524042606354
INFO Gradient norm: 15.388102496291834
PROGRESS    Completed epoch 1193 / 2000;    current loss: 0.22162961959838867
INFO Gradient norm: 13.703163896242891
PROGRESS    Completed epoch 1194 / 2000;    current loss: 0.22071100771427155
INFO Gradient norm: 13.131426169993004
PROGRESS    Completed epoch 1195 / 2000;    current loss: 0.22034023702144623
INFO Gradient norm: 10.925471329389412
PROGRESS    Completed epoch 1196 / 2000;    current loss: 0.21936550736427307
INFO Gradient norm: 15.258979453867072
PROGRESS    Completed epoch 1197 / 2000;    current loss: 0.22143816947937012
INFO Gradient norm: 12.200552145463702
PROGRESS    Completed epoch 1198 / 2000;    current loss: 0.21988067030906677
INFO Gradient norm: 15.3686212108894
PROGRESS    Completed epoch 1199 / 2000;    current loss: 0.22132562100887299
INFO Gradient norm: 13.08988786877981
PROGRESS    Completed epoch 1200 / 2000;    current loss: 0.22014206647872925
INFO Gradient norm: 13.94091260960473
PROGRESS    Completed epoch 1201 / 2000;    current loss: 0.2206016331911087
INFO Gradient norm: 11.99838331859578
PROGRESS    Completed epoch 1202 / 2000;    current loss: 0.2196432650089264
INFO Gradient norm: 14.333322867909974
PROGRESS    Completed epoch 1203 / 2000;    current loss: 0.22064059972763062
INFO Gradient norm: 11.455845214947544
PROGRESS    Completed epoch 1204 / 2000;    current loss: 0.219292551279068
INFO Gradient norm: 15.186158986544623
PROGRESS    Completed epoch 1205 / 2000;    current loss: 0.22115442156791687
INFO Gradient norm: 12.754865799688886
PROGRESS    Completed epoch 1206 / 2000;    current loss: 0.21986450254917145
INFO Gradient norm: 13.922112530959584
PROGRESS    Completed epoch 1207 / 2000;    current loss: 0.22029416263103485
INFO Gradient norm: 12.005389699849621
PROGRESS    Completed epoch 1208 / 2000;    current loss: 0.21937398612499237
INFO Gradient norm: 13.829704990799636
PROGRESS    Completed epoch 1209 / 2000;    current loss: 0.2202792465686798
INFO Gradient norm: 11.400067902364958
PROGRESS    Completed epoch 1210 / 2000;    current loss: 0.21912965178489685
INFO Gradient norm: 14.79530682781338
PROGRESS    Completed epoch 1211 / 2000;    current loss: 0.22060014307498932
INFO Gradient norm: 12.15396130854548
PROGRESS    Completed epoch 1212 / 2000;    current loss: 0.21932381391525269
INFO Gradient norm: 14.252614791905753
PROGRESS    Completed epoch 1213 / 2000;    current loss: 0.22036561369895935
INFO Gradient norm: 12.244849401675348
PROGRESS    Completed epoch 1214 / 2000;    current loss: 0.21935193240642548
INFO Gradient norm: 13.802056940125
PROGRESS    Completed epoch 1215 / 2000;    current loss: 0.2199852019548416
INFO Gradient norm: 11.3861698290123
PROGRESS    Completed epoch 1216 / 2000;    current loss: 0.21885499358177185
INFO Gradient norm: 14.46169229226694
PROGRESS    Completed epoch 1217 / 2000;    current loss: 0.22035907208919525
INFO Gradient norm: 11.989317520166088
PROGRESS    Completed epoch 1218 / 2000;    current loss: 0.21911686658859253
INFO Gradient norm: 14.396596502468203
PROGRESS    Completed epoch 1219 / 2000;    current loss: 0.22013401985168457
INFO Gradient norm: 12.133484549609337
PROGRESS    Completed epoch 1220 / 2000;    current loss: 0.2190275639295578
INFO Gradient norm: 13.772077743283411
PROGRESS    Completed epoch 1221 / 2000;    current loss: 0.21982957422733307
INFO Gradient norm: 8.139643781977822
PROGRESS    Completed epoch 1222 / 2000;    current loss: 0.21772629022598267
INFO Gradient norm: 20.732724172772663
PROGRESS    Completed epoch 1223 / 2000;    current loss: 0.22414427995681763
INFO Gradient norm: 17.429333759648056
PROGRESS    Completed epoch 1224 / 2000;    current loss: 0.22205041348934174
INFO Gradient norm: 12.85030758268604
PROGRESS    Completed epoch 1225 / 2000;    current loss: 0.2197989970445633
INFO Gradient norm: 12.914755568031692
PROGRESS    Completed epoch 1226 / 2000;    current loss: 0.21990196406841278
INFO Gradient norm: 13.453822538838232
PROGRESS    Completed epoch 1227 / 2000;    current loss: 0.22015248239040375
INFO Gradient norm: 9.650674521826668
PROGRESS    Completed epoch 1228 / 2000;    current loss: 0.21868321299552917
INFO Gradient norm: 18.381472233380922
PROGRESS    Completed epoch 1229 / 2000;    current loss: 0.2230672687292099
INFO Gradient norm: 14.806839906491165
PROGRESS    Completed epoch 1230 / 2000;    current loss: 0.22096970677375793
INFO Gradient norm: 15.410474569912596
PROGRESS    Completed epoch 1231 / 2000;    current loss: 0.22114279866218567
INFO Gradient norm: 14.424280885547041
PROGRESS    Completed epoch 1232 / 2000;    current loss: 0.22059032320976257
INFO Gradient norm: 13.149620366581736
PROGRESS    Completed epoch 1233 / 2000;    current loss: 0.22001060843467712
INFO Gradient norm: 10.6019786832927
PROGRESS    Completed epoch 1234 / 2000;    current loss: 0.21890808641910553
INFO Gradient norm: 17.071220745960527
PROGRESS    Completed epoch 1235 / 2000;    current loss: 0.22189068794250488
INFO Gradient norm: 13.270145919617516
PROGRESS    Completed epoch 1236 / 2000;    current loss: 0.2198847532272339
INFO Gradient norm: 16.200374682785274
PROGRESS    Completed epoch 1237 / 2000;    current loss: 0.22141677141189575
INFO Gradient norm: 14.414305718462703
PROGRESS    Completed epoch 1238 / 2000;    current loss: 0.22042232751846313
INFO Gradient norm: 13.932886936894809
PROGRESS    Completed epoch 1239 / 2000;    current loss: 0.22006584703922272
INFO Gradient norm: 11.777137064477534
PROGRESS    Completed epoch 1240 / 2000;    current loss: 0.21908622980117798
INFO Gradient norm: 15.695894866306165
PROGRESS    Completed epoch 1241 / 2000;    current loss: 0.22098462283611298
INFO Gradient norm: 12.451418374845689
PROGRESS    Completed epoch 1242 / 2000;    current loss: 0.21934640407562256
INFO Gradient norm: 16.357054182722965
PROGRESS    Completed epoch 1243 / 2000;    current loss: 0.22119563817977905
INFO Gradient norm: 13.900977639144292
PROGRESS    Completed epoch 1244 / 2000;    current loss: 0.2199096381664276
INFO Gradient norm: 14.60231146027064
PROGRESS    Completed epoch 1245 / 2000;    current loss: 0.22028540074825287
INFO Gradient norm: 12.670377050507279
PROGRESS    Completed epoch 1246 / 2000;    current loss: 0.21933458745479584
INFO Gradient norm: 15.021660197596978
PROGRESS    Completed epoch 1247 / 2000;    current loss: 0.22037537395954132
INFO Gradient norm: 12.020692587708423
PROGRESS    Completed epoch 1248 / 2000;    current loss: 0.2189633697271347
INFO Gradient norm: 16.196279778485493
PROGRESS    Completed epoch 1249 / 2000;    current loss: 0.22103822231292725
INFO Gradient norm: 13.61251393247006
PROGRESS    Completed epoch 1250 / 2000;    current loss: 0.2196401059627533
INFO Gradient norm: 14.872975213139327
PROGRESS    Completed epoch 1251 / 2000;    current loss: 0.2201957404613495
INFO Gradient norm: 12.726638932588052
PROGRESS    Completed epoch 1252 / 2000;    current loss: 0.21914787590503693
INFO Gradient norm: 15.031944321738948
PROGRESS    Completed epoch 1253 / 2000;    current loss: 0.2202780544757843
INFO Gradient norm: 12.469519684041229
PROGRESS    Completed epoch 1254 / 2000;    current loss: 0.2190086394548416
INFO Gradient norm: 15.55608638118703
PROGRESS    Completed epoch 1255 / 2000;    current loss: 0.22042769193649292
INFO Gradient norm: 12.83164712614451
PROGRESS    Completed epoch 1256 / 2000;    current loss: 0.21906757354736328
INFO Gradient norm: 15.412667136498122
PROGRESS    Completed epoch 1257 / 2000;    current loss: 0.22036004066467285
INFO Gradient norm: 13.19595410621429
PROGRESS    Completed epoch 1258 / 2000;    current loss: 0.21920999884605408
INFO Gradient norm: 14.288723233262324
PROGRESS    Completed epoch 1259 / 2000;    current loss: 0.21964934468269348
INFO Gradient norm: 8.56361110075635
PROGRESS    Completed epoch 1260 / 2000;    current loss: 0.21761761605739594
INFO Gradient norm: 20.484867048433365
PROGRESS    Completed epoch 1261 / 2000;    current loss: 0.22385942935943604
INFO Gradient norm: 17.66615636476979
PROGRESS    Completed epoch 1262 / 2000;    current loss: 0.2221454679965973
INFO Gradient norm: 12.150026656791526
PROGRESS    Completed epoch 1263 / 2000;    current loss: 0.2193889617919922
INFO Gradient norm: 11.881619916860034
PROGRESS    Completed epoch 1264 / 2000;    current loss: 0.21941453218460083
INFO Gradient norm: 14.084105360035691
PROGRESS    Completed epoch 1265 / 2000;    current loss: 0.22051914036273956
INFO Gradient norm: 10.30018137834121
PROGRESS    Completed epoch 1266 / 2000;    current loss: 0.2189764529466629
INFO Gradient norm: 18.080258290583366
PROGRESS    Completed epoch 1267 / 2000;    current loss: 0.2228686362504959
INFO Gradient norm: 14.970452553302865
PROGRESS    Completed epoch 1268 / 2000;    current loss: 0.2211228311061859
INFO Gradient norm: 14.347402584438745
PROGRESS    Completed epoch 1269 / 2000;    current loss: 0.220790833234787
INFO Gradient norm: 13.386278192403793
PROGRESS    Completed epoch 1270 / 2000;    current loss: 0.2203199863433838
INFO Gradient norm: 13.46145161769487
PROGRESS    Completed epoch 1271 / 2000;    current loss: 0.22032667696475983
INFO Gradient norm: 10.43040564812311
PROGRESS    Completed epoch 1272 / 2000;    current loss: 0.21903736889362335
INFO Gradient norm: 17.020292263233696
PROGRESS    Completed epoch 1273 / 2000;    current loss: 0.22220584750175476
INFO Gradient norm: 13.968935779528545
PROGRESS    Completed epoch 1274 / 2000;    current loss: 0.22049787640571594
INFO Gradient norm: 15.025713698652428
PROGRESS    Completed epoch 1275 / 2000;    current loss: 0.22095516324043274
INFO Gradient norm: 13.318978711103084
PROGRESS    Completed epoch 1276 / 2000;    current loss: 0.2200937569141388
INFO Gradient norm: 14.276743471532455
PROGRESS    Completed epoch 1277 / 2000;    current loss: 0.22056610882282257
INFO Gradient norm: 11.897612315565043
PROGRESS    Completed epoch 1278 / 2000;    current loss: 0.21943120658397675
INFO Gradient norm: 15.822532454190714
PROGRESS    Completed epoch 1279 / 2000;    current loss: 0.2212246060371399
INFO Gradient norm: 12.780459347787732
PROGRESS    Completed epoch 1280 / 2000;    current loss: 0.219705730676651
INFO Gradient norm: 15.567106494995839
PROGRESS    Completed epoch 1281 / 2000;    current loss: 0.22111211717128754
INFO Gradient norm: 13.578223189885602
PROGRESS    Completed epoch 1282 / 2000;    current loss: 0.22005823254585266
INFO Gradient norm: 14.3749420825776
PROGRESS    Completed epoch 1283 / 2000;    current loss: 0.22031942009925842
INFO Gradient norm: 12.061616886050677
PROGRESS    Completed epoch 1284 / 2000;    current loss: 0.21927489340305328
INFO Gradient norm: 15.577940042552099
PROGRESS    Completed epoch 1285 / 2000;    current loss: 0.22100453078746796
INFO Gradient norm: 12.836691208256724
PROGRESS    Completed epoch 1286 / 2000;    current loss: 0.21961352229118347
INFO Gradient norm: 15.624933171868056
PROGRESS    Completed epoch 1287 / 2000;    current loss: 0.22083815932273865
INFO Gradient norm: 13.320746983822572
PROGRESS    Completed epoch 1288 / 2000;    current loss: 0.2197083830833435
INFO Gradient norm: 14.734026283054314
PROGRESS    Completed epoch 1289 / 2000;    current loss: 0.22046931087970734
INFO Gradient norm: 12.523346036742831
PROGRESS    Completed epoch 1290 / 2000;    current loss: 0.2193819284439087
INFO Gradient norm: 15.286078141048034
PROGRESS    Completed epoch 1291 / 2000;    current loss: 0.2205810248851776
INFO Gradient norm: 12.57470062288744
PROGRESS    Completed epoch 1292 / 2000;    current loss: 0.2192806899547577
INFO Gradient norm: 15.42945945747686
PROGRESS    Completed epoch 1293 / 2000;    current loss: 0.22075587511062622
INFO Gradient norm: 13.110506678054408
PROGRESS    Completed epoch 1294 / 2000;    current loss: 0.21956689655780792
INFO Gradient norm: 14.848894219364249
PROGRESS    Completed epoch 1295 / 2000;    current loss: 0.22027957439422607
INFO Gradient norm: 12.58687405921587
PROGRESS    Completed epoch 1296 / 2000;    current loss: 0.21919533610343933
INFO Gradient norm: 15.01118612997853
PROGRESS    Completed epoch 1297 / 2000;    current loss: 0.22046515345573425
INFO Gradient norm: 12.552695789690324
PROGRESS    Completed epoch 1298 / 2000;    current loss: 0.2192220836877823
INFO Gradient norm: 15.416183182763405
PROGRESS    Completed epoch 1299 / 2000;    current loss: 0.22046877443790436
INFO Gradient norm: 12.879028584124812
PROGRESS    Completed epoch 1300 / 2000;    current loss: 0.21923087537288666
INFO Gradient norm: 15.031957767752248
PROGRESS    Completed epoch 1301 / 2000;    current loss: 0.22036664187908173
INFO Gradient norm: 12.834892176950618
PROGRESS    Completed epoch 1302 / 2000;    current loss: 0.21928483247756958
INFO Gradient norm: 14.88451499619467
PROGRESS    Completed epoch 1303 / 2000;    current loss: 0.22011613845825195
INFO Gradient norm: 12.381242033756612
PROGRESS    Completed epoch 1304 / 2000;    current loss: 0.21895721554756165
INFO Gradient norm: 15.234511005844494
PROGRESS    Completed epoch 1305 / 2000;    current loss: 0.22039315104484558
INFO Gradient norm: 12.830663577800046
PROGRESS    Completed epoch 1306 / 2000;    current loss: 0.2191973179578781
INFO Gradient norm: 15.069911985458129
PROGRESS    Completed epoch 1307 / 2000;    current loss: 0.22014127671718597
INFO Gradient norm: 12.73304729801918
PROGRESS    Completed epoch 1308 / 2000;    current loss: 0.21903201937675476
INFO Gradient norm: 14.274545532892812
PROGRESS    Completed epoch 1309 / 2000;    current loss: 0.2198583334684372
INFO Gradient norm: 4.783525553161078
PROGRESS    Completed epoch 1310 / 2000;    current loss: 0.2169477790594101
INFO Gradient norm: 23.37763924577023
PROGRESS    Completed epoch 1311 / 2000;    current loss: 0.22613640129566193
INFO Gradient norm: 22.301004199419154
PROGRESS    Completed epoch 1312 / 2000;    current loss: 0.2256060242652893
INFO Gradient norm: 3.6954760542819693
PROGRESS    Completed epoch 1313 / 2000;    current loss: 0.21739228069782257
INFO Gradient norm: 8.18678444526589
PROGRESS    Completed epoch 1314 / 2000;    current loss: 0.21819232404232025
INFO Gradient norm: 9.223879460887613
PROGRESS    Completed epoch 1315 / 2000;    current loss: 0.21830028295516968
INFO Gradient norm: 4.666402938905413
PROGRESS    Completed epoch 1316 / 2000;    current loss: 0.2172643095254898
INFO Gradient norm: 17.072984261233135
PROGRESS    Completed epoch 1317 / 2000;    current loss: 0.222207710146904
INFO Gradient norm: 12.342622525248695
PROGRESS    Completed epoch 1318 / 2000;    current loss: 0.21969817578792572
INFO Gradient norm: 15.040804034048898
PROGRESS    Completed epoch 1319 / 2000;    current loss: 0.22083981335163116
INFO Gradient norm: 14.92002551291694
PROGRESS    Completed epoch 1320 / 2000;    current loss: 0.22076569497585297
INFO Gradient norm: 9.001312763688194
PROGRESS    Completed epoch 1321 / 2000;    current loss: 0.21836459636688232
INFO Gradient norm: 7.499637735798645
PROGRESS    Completed epoch 1322 / 2000;    current loss: 0.2179165631532669
INFO Gradient norm: 15.45692706598192
PROGRESS    Completed epoch 1323 / 2000;    current loss: 0.2210250049829483
INFO Gradient norm: 11.445375685510093
PROGRESS    Completed epoch 1324 / 2000;    current loss: 0.2192246913909912
INFO Gradient norm: 14.349024690846873
PROGRESS    Completed epoch 1325 / 2000;    current loss: 0.22080782055854797
INFO Gradient norm: 13.379094349380225
PROGRESS    Completed epoch 1326 / 2000;    current loss: 0.2203526794910431
INFO Gradient norm: 10.516899419761357
PROGRESS    Completed epoch 1327 / 2000;    current loss: 0.21896633505821228
INFO Gradient norm: 9.175824000311671
PROGRESS    Completed epoch 1328 / 2000;    current loss: 0.2184477150440216
INFO Gradient norm: 13.348271097045396
PROGRESS    Completed epoch 1329 / 2000;    current loss: 0.2202254682779312
INFO Gradient norm: 10.013299849573956
PROGRESS    Completed epoch 1330 / 2000;    current loss: 0.21871258318424225
INFO Gradient norm: 15.125820513054235
PROGRESS    Completed epoch 1331 / 2000;    current loss: 0.2208131104707718
INFO Gradient norm: 13.550151068140481
PROGRESS    Completed epoch 1332 / 2000;    current loss: 0.21999767422676086
INFO Gradient norm: 10.557653329768758
PROGRESS    Completed epoch 1333 / 2000;    current loss: 0.21878157556056976
INFO Gradient norm: 9.35619062982178
PROGRESS    Completed epoch 1334 / 2000;    current loss: 0.2183072715997696
INFO Gradient norm: 13.295692714931
PROGRESS    Completed epoch 1335 / 2000;    current loss: 0.21982482075691223
INFO Gradient norm: 10.147394378917967
PROGRESS    Completed epoch 1336 / 2000;    current loss: 0.21852488815784454
INFO Gradient norm: 13.856160896912114
PROGRESS    Completed epoch 1337 / 2000;    current loss: 0.22017738223075867
INFO Gradient norm: 12.007141026333464
PROGRESS    Completed epoch 1338 / 2000;    current loss: 0.21927805244922638
INFO Gradient norm: 11.931104174068926
PROGRESS    Completed epoch 1339 / 2000;    current loss: 0.21917857229709625
INFO Gradient norm: 10.35518652976901
PROGRESS    Completed epoch 1340 / 2000;    current loss: 0.21849817037582397
INFO Gradient norm: 12.92452820328743
PROGRESS    Completed epoch 1341 / 2000;    current loss: 0.21960152685642242
INFO Gradient norm: 10.697594459540056
PROGRESS    Completed epoch 1342 / 2000;    current loss: 0.21858355402946472
INFO Gradient norm: 13.366749160537108
PROGRESS    Completed epoch 1343 / 2000;    current loss: 0.21965990960597992
INFO Gradient norm: 11.379761022623049
PROGRESS    Completed epoch 1344 / 2000;    current loss: 0.21875262260437012
INFO Gradient norm: 12.518783159360058
PROGRESS    Completed epoch 1345 / 2000;    current loss: 0.21928559243679047
INFO Gradient norm: 10.801625263812769
PROGRESS    Completed epoch 1346 / 2000;    current loss: 0.21851813793182373
INFO Gradient norm: 12.813592372236034
PROGRESS    Completed epoch 1347 / 2000;    current loss: 0.2192462980747223
INFO Gradient norm: 10.674305128126836
PROGRESS    Completed epoch 1348 / 2000;    current loss: 0.21833428740501404
INFO Gradient norm: 12.954003959883273
PROGRESS    Completed epoch 1349 / 2000;    current loss: 0.21938970685005188
INFO Gradient norm: 11.014448361874408
PROGRESS    Completed epoch 1350 / 2000;    current loss: 0.2185027301311493
INFO Gradient norm: 12.780453347513117
PROGRESS    Completed epoch 1351 / 2000;    current loss: 0.2191079705953598
INFO Gradient norm: 10.95414862113275
PROGRESS    Completed epoch 1352 / 2000;    current loss: 0.21831725537776947
INFO Gradient norm: 12.371050887470224
PROGRESS    Completed epoch 1353 / 2000;    current loss: 0.2190013974905014
INFO Gradient norm: 10.386909283963334
PROGRESS    Completed epoch 1354 / 2000;    current loss: 0.21812371909618378
INFO Gradient norm: 13.152344322123687
PROGRESS    Completed epoch 1355 / 2000;    current loss: 0.21915173530578613
INFO Gradient norm: 11.118866968913967
PROGRESS    Completed epoch 1356 / 2000;    current loss: 0.2182638794183731
INFO Gradient norm: 12.301111610193091
PROGRESS    Completed epoch 1357 / 2000;    current loss: 0.21884112060070038
INFO Gradient norm: 10.562750342168114
PROGRESS    Completed epoch 1358 / 2000;    current loss: 0.21807441115379333
INFO Gradient norm: 12.598770956692052
PROGRESS    Completed epoch 1359 / 2000;    current loss: 0.21879349648952484
INFO Gradient norm: 10.52912463841643
PROGRESS    Completed epoch 1360 / 2000;    current loss: 0.21792738139629364
INFO Gradient norm: 12.577506399370254
PROGRESS    Completed epoch 1361 / 2000;    current loss: 0.2188599705696106
INFO Gradient norm: 10.726592819323656
PROGRESS    Completed epoch 1362 / 2000;    current loss: 0.2180217057466507
INFO Gradient norm: 12.382628168116035
PROGRESS    Completed epoch 1363 / 2000;    current loss: 0.21859660744667053
INFO Gradient norm: 10.504142992023707
PROGRESS    Completed epoch 1364 / 2000;    current loss: 0.21781247854232788
INFO Gradient norm: 12.18850219147635
PROGRESS    Completed epoch 1365 / 2000;    current loss: 0.21856583654880524
INFO Gradient norm: 9.943020765724896
PROGRESS    Completed epoch 1366 / 2000;    current loss: 0.21760137379169464
INFO Gradient norm: 13.049859977737098
PROGRESS    Completed epoch 1367 / 2000;    current loss: 0.21881069242954254
INFO Gradient norm: 8.643983777471055
PROGRESS    Completed epoch 1368 / 2000;    current loss: 0.21725217998027802
INFO Gradient norm: 15.397375844667017
PROGRESS    Completed epoch 1369 / 2000;    current loss: 0.2204045206308365
INFO Gradient norm: 14.517667025147722
PROGRESS    Completed epoch 1370 / 2000;    current loss: 0.22003960609436035
INFO Gradient norm: 7.898627657460046
PROGRESS    Completed epoch 1371 / 2000;    current loss: 0.2174520492553711
INFO Gradient norm: 7.154216740209001
PROGRESS    Completed epoch 1372 / 2000;    current loss: 0.21732212603092194
INFO Gradient norm: 13.468611499104219
PROGRESS    Completed epoch 1373 / 2000;    current loss: 0.21976402401924133
INFO Gradient norm: 10.01915604482126
PROGRESS    Completed epoch 1374 / 2000;    current loss: 0.21835049986839294
INFO Gradient norm: 13.878012670322269
PROGRESS    Completed epoch 1375 / 2000;    current loss: 0.2200695425271988
INFO Gradient norm: 12.718205572293174
PROGRESS    Completed epoch 1376 / 2000;    current loss: 0.21950377523899078
INFO Gradient norm: 9.557539280832167
PROGRESS    Completed epoch 1377 / 2000;    current loss: 0.21823439002037048
INFO Gradient norm: 5.688245498723103
PROGRESS    Completed epoch 1378 / 2000;    current loss: 0.21731054782867432
INFO Gradient norm: 16.748167469397174
PROGRESS    Completed epoch 1379 / 2000;    current loss: 0.22182492911815643
INFO Gradient norm: 12.938227230071991
PROGRESS    Completed epoch 1380 / 2000;    current loss: 0.2197876125574112
INFO Gradient norm: 12.467075400666221
PROGRESS    Completed epoch 1381 / 2000;    current loss: 0.21961024403572083
INFO Gradient norm: 12.583601932663596
PROGRESS    Completed epoch 1382 / 2000;    current loss: 0.21966427564620972
INFO Gradient norm: 9.11354715705982
PROGRESS    Completed epoch 1383 / 2000;    current loss: 0.21830134093761444
INFO Gradient norm: 7.034248921287142
PROGRESS    Completed epoch 1384 / 2000;    current loss: 0.21769994497299194
INFO Gradient norm: 14.382882466492973
PROGRESS    Completed epoch 1385 / 2000;    current loss: 0.22065387666225433
INFO Gradient norm: 10.862333558339552
PROGRESS    Completed epoch 1386 / 2000;    current loss: 0.21899990737438202
INFO Gradient norm: 13.99372318293843
PROGRESS    Completed epoch 1387 / 2000;    current loss: 0.2203199863433838
INFO Gradient norm: 13.143498259241419
PROGRESS    Completed epoch 1388 / 2000;    current loss: 0.21991583704948425
INFO Gradient norm: 9.927291602412314
PROGRESS    Completed epoch 1389 / 2000;    current loss: 0.21864299476146698
INFO Gradient norm: 8.53490703665001
PROGRESS    Completed epoch 1390 / 2000;    current loss: 0.21817727386951447
INFO Gradient norm: 13.74702665830773
PROGRESS    Completed epoch 1391 / 2000;    current loss: 0.22013725340366364
INFO Gradient norm: 10.554192114793977
PROGRESS    Completed epoch 1392 / 2000;    current loss: 0.21877825260162354
INFO Gradient norm: 13.574899668821061
PROGRESS    Completed epoch 1393 / 2000;    current loss: 0.2201894372701645
INFO Gradient norm: 12.26886565082938
PROGRESS    Completed epoch 1394 / 2000;    current loss: 0.21954530477523804
INFO Gradient norm: 10.915526811901703
PROGRESS    Completed epoch 1395 / 2000;    current loss: 0.21885666251182556
INFO Gradient norm: 9.49550184415207
PROGRESS    Completed epoch 1396 / 2000;    current loss: 0.21831893920898438
INFO Gradient norm: 12.687617876346785
PROGRESS    Completed epoch 1397 / 2000;    current loss: 0.21964997053146362
INFO Gradient norm: 9.992579381780763
PROGRESS    Completed epoch 1398 / 2000;    current loss: 0.21846607327461243
INFO Gradient norm: 13.7730127806007
PROGRESS    Completed epoch 1399 / 2000;    current loss: 0.21997271478176117
INFO Gradient norm: 12.066811554201703
PROGRESS    Completed epoch 1400 / 2000;    current loss: 0.2191823422908783
INFO Gradient norm: 11.140748034603753
PROGRESS    Completed epoch 1401 / 2000;    current loss: 0.218827486038208
INFO Gradient norm: 9.771332256133212
PROGRESS    Completed epoch 1402 / 2000;    current loss: 0.2182805836200714
INFO Gradient norm: 12.514240984228023
PROGRESS    Completed epoch 1403 / 2000;    current loss: 0.21927820146083832
INFO Gradient norm: 9.972010703211414
PROGRESS    Completed epoch 1404 / 2000;    current loss: 0.21823516488075256
INFO Gradient norm: 13.05723192788415
PROGRESS    Completed epoch 1405 / 2000;    current loss: 0.21956878900527954
INFO Gradient norm: 11.335234740120816
PROGRESS    Completed epoch 1406 / 2000;    current loss: 0.2187560647726059
INFO Gradient norm: 11.582422271268006
PROGRESS    Completed epoch 1407 / 2000;    current loss: 0.21876217424869537
INFO Gradient norm: 10.077579914976472
PROGRESS    Completed epoch 1408 / 2000;    current loss: 0.21816805005073547
INFO Gradient norm: 12.12282635805411
PROGRESS    Completed epoch 1409 / 2000;    current loss: 0.2189905047416687
INFO Gradient norm: 9.976552053485
PROGRESS    Completed epoch 1410 / 2000;    current loss: 0.21809172630310059
INFO Gradient norm: 12.855832988549603
PROGRESS    Completed epoch 1411 / 2000;    current loss: 0.21917089819908142
INFO Gradient norm: 10.93798875526875
PROGRESS    Completed epoch 1412 / 2000;    current loss: 0.21834076941013336
INFO Gradient norm: 11.770124144435417
PROGRESS    Completed epoch 1413 / 2000;    current loss: 0.21872715651988983
INFO Gradient norm: 10.234660727923096
PROGRESS    Completed epoch 1414 / 2000;    current loss: 0.2180674523115158
INFO Gradient norm: 12.06991012516953
PROGRESS    Completed epoch 1415 / 2000;    current loss: 0.21869194507598877
INFO Gradient norm: 10.014540037262272
PROGRESS    Completed epoch 1416 / 2000;    current loss: 0.2178705334663391
INFO Gradient norm: 12.437053556417542
PROGRESS    Completed epoch 1417 / 2000;    current loss: 0.2189210057258606
INFO Gradient norm: 10.62034762094405
PROGRESS    Completed epoch 1418 / 2000;    current loss: 0.2180856168270111
INFO Gradient norm: 11.93302050777442
PROGRESS    Completed epoch 1419 / 2000;    current loss: 0.21855361759662628
INFO Gradient norm: 10.225894378265528
PROGRESS    Completed epoch 1420 / 2000;    current loss: 0.21784526109695435
INFO Gradient norm: 11.845470588407718
PROGRESS    Completed epoch 1421 / 2000;    current loss: 0.2184821367263794
INFO Gradient norm: 9.91880779738713
PROGRESS    Completed epoch 1422 / 2000;    current loss: 0.21770624816417694
INFO Gradient norm: 12.56112362719518
PROGRESS    Completed epoch 1423 / 2000;    current loss: 0.21865889430046082
INFO Gradient norm: 10.63504125622828
PROGRESS    Completed epoch 1424 / 2000;    current loss: 0.21784980595111847
INFO Gradient norm: 11.869658332048315
PROGRESS    Completed epoch 1425 / 2000;    current loss: 0.21838369965553284
INFO Gradient norm: 10.265292933363181
PROGRESS    Completed epoch 1426 / 2000;    current loss: 0.21768230199813843
INFO Gradient norm: 11.981316907540236
PROGRESS    Completed epoch 1427 / 2000;    current loss: 0.21828317642211914
INFO Gradient norm: 10.031028531418176
PROGRESS    Completed epoch 1428 / 2000;    current loss: 0.21750006079673767
INFO Gradient norm: 12.202327849666503
PROGRESS    Completed epoch 1429 / 2000;    current loss: 0.218401700258255
INFO Gradient norm: 10.375098338488257
PROGRESS    Completed epoch 1430 / 2000;    current loss: 0.21761390566825867
INFO Gradient norm: 11.983958608627574
PROGRESS    Completed epoch 1431 / 2000;    current loss: 0.21816866099834442
INFO Gradient norm: 10.230453986507674
PROGRESS    Completed epoch 1432 / 2000;    current loss: 0.21744492650032043
INFO Gradient norm: 11.780447674450702
PROGRESS    Completed epoch 1433 / 2000;    current loss: 0.21809592843055725
INFO Gradient norm: 9.986296221682796
PROGRESS    Completed epoch 1434 / 2000;    current loss: 0.2173425555229187
INFO Gradient norm: 12.100016341717167
PROGRESS    Completed epoch 1435 / 2000;    current loss: 0.21810093522071838
INFO Gradient norm: 10.234300176909091
PROGRESS    Completed epoch 1436 / 2000;    current loss: 0.217335045337677
INFO Gradient norm: 11.766658264848877
PROGRESS    Completed epoch 1437 / 2000;    current loss: 0.21796946227550507
INFO Gradient norm: 10.071101542916042
PROGRESS    Completed epoch 1438 / 2000;    current loss: 0.21725431084632874
INFO Gradient norm: 11.906265001454823
PROGRESS    Completed epoch 1439 / 2000;    current loss: 0.21790221333503723
INFO Gradient norm: 10.034572865318239
PROGRESS    Completed epoch 1440 / 2000;    current loss: 0.21714648604393005
INFO Gradient norm: 11.894855316977624
PROGRESS    Completed epoch 1441 / 2000;    current loss: 0.21790280938148499
INFO Gradient norm: 10.149928263625812
PROGRESS    Completed epoch 1442 / 2000;    current loss: 0.21717281639575958
INFO Gradient norm: 11.824787684381171
PROGRESS    Completed epoch 1443 / 2000;    current loss: 0.21776318550109863
INFO Gradient norm: 10.048189764492243
PROGRESS    Completed epoch 1444 / 2000;    current loss: 0.21704623103141785
INFO Gradient norm: 11.693143474375885
PROGRESS    Completed epoch 1445 / 2000;    current loss: 0.2177114188671112
INFO Gradient norm: 9.905205402070566
PROGRESS    Completed epoch 1446 / 2000;    current loss: 0.21696974337100983
INFO Gradient norm: 10.572759170125376
PROGRESS    Completed epoch 1447 / 2000;    current loss: 0.2172294408082962
INFO Gradient norm: 6.303912309653976
PROGRESS    Completed epoch 1448 / 2000;    current loss: 0.2160891592502594
INFO Gradient norm: 15.802979604531759
PROGRESS    Completed epoch 1449 / 2000;    current loss: 0.22008740901947021
INFO Gradient norm: 13.995694299632122
PROGRESS    Completed epoch 1450 / 2000;    current loss: 0.21918092668056488
INFO Gradient norm: 8.451551908161138
PROGRESS    Completed epoch 1451 / 2000;    current loss: 0.21709024906158447
INFO Gradient norm: 8.333125748077668
PROGRESS    Completed epoch 1452 / 2000;    current loss: 0.2171468287706375
INFO Gradient norm: 11.442928294594191
PROGRESS    Completed epoch 1453 / 2000;    current loss: 0.21823829412460327
INFO Gradient norm: 8.47140971523129
PROGRESS    Completed epoch 1454 / 2000;    current loss: 0.21718083322048187
INFO Gradient norm: 13.55659796085469
PROGRESS    Completed epoch 1455 / 2000;    current loss: 0.21921147406101227
INFO Gradient norm: 11.66356879425216
PROGRESS    Completed epoch 1456 / 2000;    current loss: 0.2182941734790802
INFO Gradient norm: 10.416818520175198
PROGRESS    Completed epoch 1457 / 2000;    current loss: 0.2177223563194275
INFO Gradient norm: 9.585982016688215
PROGRESS    Completed epoch 1458 / 2000;    current loss: 0.21739016473293304
INFO Gradient norm: 10.970131985068223
PROGRESS    Completed epoch 1459 / 2000;    current loss: 0.21787704527378082
INFO Gradient norm: 8.638317119168345
PROGRESS    Completed epoch 1460 / 2000;    current loss: 0.21703018248081207
INFO Gradient norm: 12.635892166228091
PROGRESS    Completed epoch 1461 / 2000;    current loss: 0.21861335635185242
INFO Gradient norm: 10.68401033790069
PROGRESS    Completed epoch 1462 / 2000;    current loss: 0.21775560081005096
INFO Gradient norm: 11.292840599117945
PROGRESS    Completed epoch 1463 / 2000;    current loss: 0.21789084374904633
INFO Gradient norm: 10.212861248345712
PROGRESS    Completed epoch 1464 / 2000;    current loss: 0.21745088696479797
INFO Gradient norm: 10.638506563646603
PROGRESS    Completed epoch 1465 / 2000;    current loss: 0.2176450788974762
INFO Gradient norm: 8.623123570297633
PROGRESS    Completed epoch 1466 / 2000;    current loss: 0.21690310537815094
INFO Gradient norm: 12.875300890013003
PROGRESS    Completed epoch 1467 / 2000;    current loss: 0.2184150218963623
INFO Gradient norm: 10.861329072872389
PROGRESS    Completed epoch 1468 / 2000;    current loss: 0.21756289899349213
INFO Gradient norm: 10.899191438266682
PROGRESS    Completed epoch 1469 / 2000;    current loss: 0.21761494874954224
INFO Gradient norm: 7.16820701878952
PROGRESS    Completed epoch 1470 / 2000;    current loss: 0.21644741296768188
INFO Gradient norm: 15.381746238797119
PROGRESS    Completed epoch 1471 / 2000;    current loss: 0.2196974903345108
INFO Gradient norm: 13.989927410868972
PROGRESS    Completed epoch 1472 / 2000;    current loss: 0.21906481683254242
INFO Gradient norm: 8.027402403600659
PROGRESS    Completed epoch 1473 / 2000;    current loss: 0.21687878668308258
INFO Gradient norm: 7.738775609536827
PROGRESS    Completed epoch 1474 / 2000;    current loss: 0.21684175729751587
INFO Gradient norm: 11.906699699667984
PROGRESS    Completed epoch 1475 / 2000;    current loss: 0.21824806928634644
INFO Gradient norm: 8.562620660734517
PROGRESS    Completed epoch 1476 / 2000;    current loss: 0.21709945797920227
INFO Gradient norm: 11.138122439971381
PROGRESS    Completed epoch 1477 / 2000;    current loss: 0.21811702847480774
INFO Gradient norm: 0.9267156185678889
PROGRESS    Completed epoch 1478 / 2000;    current loss: 0.2161363959312439
INFO Gradient norm: 12.553076403353488
PROGRESS    Completed epoch 1479 / 2000;    current loss: 0.21894092857837677
INFO Gradient norm: 1.2642117263633725
PROGRESS    Completed epoch 1480 / 2000;    current loss: 0.2162460833787918
INFO Gradient norm: 15.932017278851736
PROGRESS    Completed epoch 1481 / 2000;    current loss: 0.22084349393844604
INFO Gradient norm: 7.877509200820648
PROGRESS    Completed epoch 1482 / 2000;    current loss: 0.21727226674556732
INFO Gradient norm: 19.722456270552875
PROGRESS    Completed epoch 1483 / 2000;    current loss: 0.2230825424194336
INFO Gradient norm: 19.62357569797158
PROGRESS    Completed epoch 1484 / 2000;    current loss: 0.2230539619922638
INFO Gradient norm: 4.401856891949972
PROGRESS    Completed epoch 1485 / 2000;    current loss: 0.21656423807144165
INFO Gradient norm: 7.241244052015342
PROGRESS    Completed epoch 1486 / 2000;    current loss: 0.21716244518756866
INFO Gradient norm: 9.940598491038353
PROGRESS    Completed epoch 1487 / 2000;    current loss: 0.21791736781597137
INFO Gradient norm: 3.952973192499682
PROGRESS    Completed epoch 1488 / 2000;    current loss: 0.2163805365562439
INFO Gradient norm: 17.616023174134856
PROGRESS    Completed epoch 1489 / 2000;    current loss: 0.22175902128219604
INFO Gradient norm: 13.50981074547444
PROGRESS    Completed epoch 1490 / 2000;    current loss: 0.21928757429122925
INFO Gradient norm: 12.407637502625764
PROGRESS    Completed epoch 1491 / 2000;    current loss: 0.21863220632076263
INFO Gradient norm: 13.045874466386662
PROGRESS    Completed epoch 1492 / 2000;    current loss: 0.21886681020259857
INFO Gradient norm: 8.69650231460331
PROGRESS    Completed epoch 1493 / 2000;    current loss: 0.21714900434017181
INFO Gradient norm: 7.12367820283269
PROGRESS    Completed epoch 1494 / 2000;    current loss: 0.21664780378341675
INFO Gradient norm: 14.059281825324621
PROGRESS    Completed epoch 1495 / 2000;    current loss: 0.21919074654579163
INFO Gradient norm: 9.813208279838696
PROGRESS    Completed epoch 1496 / 2000;    current loss: 0.21734145283699036
INFO Gradient norm: 14.861990670676368
PROGRESS    Completed epoch 1497 / 2000;    current loss: 0.21959851682186127
INFO Gradient norm: 13.823058238421398
PROGRESS    Completed epoch 1498 / 2000;    current loss: 0.21901072561740875
INFO Gradient norm: 9.42563362414942
PROGRESS    Completed epoch 1499 / 2000;    current loss: 0.21711251139640808
INFO Gradient norm: 8.80121136069284
PROGRESS    Completed epoch 1500 / 2000;    current loss: 0.21688467264175415
INFO Gradient norm: 12.289153839694249
PROGRESS    Completed epoch 1501 / 2000;    current loss: 0.21821263432502747
INFO Gradient norm: 8.914621664924988
PROGRESS    Completed epoch 1502 / 2000;    current loss: 0.2169002890586853
INFO Gradient norm: 14.688303304351898
PROGRESS    Completed epoch 1503 / 2000;    current loss: 0.21928523480892181
INFO Gradient norm: 12.535554760978354
PROGRESS    Completed epoch 1504 / 2000;    current loss: 0.21822232007980347
INFO Gradient norm: 11.23400487711681
PROGRESS    Completed epoch 1505 / 2000;    current loss: 0.21766744554042816
INFO Gradient norm: 10.54068912227896
PROGRESS    Completed epoch 1506 / 2000;    current loss: 0.21736139059066772
INFO Gradient norm: 10.776598400936876
PROGRESS    Completed epoch 1507 / 2000;    current loss: 0.21742545068264008
INFO Gradient norm: 5.931935176878822
PROGRESS    Completed epoch 1508 / 2000;    current loss: 0.21609097719192505
INFO Gradient norm: 16.157517398622183
PROGRESS    Completed epoch 1509 / 2000;    current loss: 0.22037722170352936
INFO Gradient norm: 13.415620479251563
PROGRESS    Completed epoch 1510 / 2000;    current loss: 0.21898022294044495
INFO Gradient norm: 10.199773914045897
PROGRESS    Completed epoch 1511 / 2000;    current loss: 0.2176721841096878
INFO Gradient norm: 10.519547908700762
PROGRESS    Completed epoch 1512 / 2000;    current loss: 0.217869371175766
INFO Gradient norm: 9.45978737695532
PROGRESS    Completed epoch 1513 / 2000;    current loss: 0.21751433610916138
INFO Gradient norm: 7.275348139984823
PROGRESS    Completed epoch 1514 / 2000;    current loss: 0.21685928106307983
INFO Gradient norm: 13.079896781518915
PROGRESS    Completed epoch 1515 / 2000;    current loss: 0.21908271312713623
INFO Gradient norm: 9.692059888435384
PROGRESS    Completed epoch 1516 / 2000;    current loss: 0.21767273545265198
INFO Gradient norm: 12.886647747189537
PROGRESS    Completed epoch 1517 / 2000;    current loss: 0.2189876139163971
INFO Gradient norm: 11.666024705476712
PROGRESS    Completed epoch 1518 / 2000;    current loss: 0.2184162735939026
INFO Gradient norm: 9.988171689543494
PROGRESS    Completed epoch 1519 / 2000;    current loss: 0.21775151789188385
INFO Gradient norm: 8.782697545992772
PROGRESS    Completed epoch 1520 / 2000;    current loss: 0.21734684705734253
INFO Gradient norm: 11.907527274281728
PROGRESS    Completed epoch 1521 / 2000;    current loss: 0.21850548684597015
INFO Gradient norm: 9.336797751151849
PROGRESS    Completed epoch 1522 / 2000;    current loss: 0.21747970581054688
INFO Gradient norm: 12.785000859440814
PROGRESS    Completed epoch 1523 / 2000;    current loss: 0.2188592255115509
INFO Gradient norm: 10.740561941243177
PROGRESS    Completed epoch 1524 / 2000;    current loss: 0.21795609593391418
INFO Gradient norm: 11.543994705346408
PROGRESS    Completed epoch 1525 / 2000;    current loss: 0.21827638149261475
INFO Gradient norm: 10.377585161235444
PROGRESS    Completed epoch 1526 / 2000;    current loss: 0.21776337921619415
INFO Gradient norm: 10.910441279885424
PROGRESS    Completed epoch 1527 / 2000;    current loss: 0.2179282158613205
INFO Gradient norm: 8.863697749474076
PROGRESS    Completed epoch 1528 / 2000;    current loss: 0.21717099845409393
INFO Gradient norm: 12.495983099894996
PROGRESS    Completed epoch 1529 / 2000;    current loss: 0.21855854988098145
INFO Gradient norm: 10.289743038001081
PROGRESS    Completed epoch 1530 / 2000;    current loss: 0.2176014482975006
INFO Gradient norm: 11.835706304755828
PROGRESS    Completed epoch 1531 / 2000;    current loss: 0.21818365156650543
INFO Gradient norm: 10.262415651361499
PROGRESS    Completed epoch 1532 / 2000;    current loss: 0.21749237179756165
INFO Gradient norm: 11.241615815981142
PROGRESS    Completed epoch 1533 / 2000;    current loss: 0.21789370477199554
INFO Gradient norm: 9.620487453082761
PROGRESS    Completed epoch 1534 / 2000;    current loss: 0.2172272652387619
INFO Gradient norm: 11.602404132389275
PROGRESS    Completed epoch 1535 / 2000;    current loss: 0.21792609989643097
INFO Gradient norm: 9.436746330413671
PROGRESS    Completed epoch 1536 / 2000;    current loss: 0.21706905961036682
INFO Gradient norm: 12.052102257712015
PROGRESS    Completed epoch 1537 / 2000;    current loss: 0.21807539463043213
INFO Gradient norm: 10.300636323476704
PROGRESS    Completed epoch 1538 / 2000;    current loss: 0.21731512248516083
INFO Gradient norm: 11.174676781022994
PROGRESS    Completed epoch 1539 / 2000;    current loss: 0.2176162302494049
INFO Predicted parameters contain zero-value: tensor([1.3102e+00, 4.8702e-03, 1.3703e+00, 2.3103e+00, 1.9603e+00, 1.1838e+00,
        4.3844e-02, 4.3767e-01, 8.5394e-02, 1.6029e-03, 3.7878e-03, 0.0000e+00,
        2.3649e-01, 9.5907e-02], grad_fn=<AbsBackward0>)
INFO Gradient norm: 962.9230494682224
PROGRESS    Completed epoch 1540 / 2000;    current loss: 24.078594207763672
INFO Gradient norm: 34.68700363581952
PROGRESS    Completed epoch 1541 / 2000;    current loss: 0.23649898171424866
INFO Gradient norm: 31.957442622864356
PROGRESS    Completed epoch 1542 / 2000;    current loss: 0.23329812288284302
INFO Gradient norm: 5.2773668450564735
PROGRESS    Completed epoch 1543 / 2000;    current loss: 0.21570985019207
INFO Gradient norm: 31.35304503546439
PROGRESS    Completed epoch 1544 / 2000;    current loss: 0.23403459787368774
INFO Gradient norm: 37.93885286168827
PROGRESS    Completed epoch 1545 / 2000;    current loss: 0.24313068389892578
INFO Gradient norm: 22.124411064835034
PROGRESS    Completed epoch 1546 / 2000;    current loss: 0.22484999895095825
INFO Gradient norm: 13.894526143568026
PROGRESS    Completed epoch 1547 / 2000;    current loss: 0.21931596100330353
INFO Gradient norm: 26.05613090748843
PROGRESS    Completed epoch 1548 / 2000;    current loss: 0.22804585099220276
INFO Gradient norm: 14.037826941507628
PROGRESS    Completed epoch 1549 / 2000;    current loss: 0.21972647309303284
INFO Gradient norm: 16.15775252747185
PROGRESS    Completed epoch 1550 / 2000;    current loss: 0.2211630642414093
INFO Gradient norm: 21.654194405212227
PROGRESS    Completed epoch 1551 / 2000;    current loss: 0.22516247630119324
INFO Gradient norm: 5.694762080255692
PROGRESS    Completed epoch 1552 / 2000;    current loss: 0.21696737408638
INFO Gradient norm: 25.599998680591707
PROGRESS    Completed epoch 1553 / 2000;    current loss: 0.22793664038181305
INFO Gradient norm: 30.718790003164838
PROGRESS    Completed epoch 1554 / 2000;    current loss: 0.23285800218582153
INFO Gradient norm: 12.307606701262712
PROGRESS    Completed epoch 1555 / 2000;    current loss: 0.2188740372657776
INFO Gradient norm: 22.44986660150945
PROGRESS    Completed epoch 1556 / 2000;    current loss: 0.22556032240390778
INFO Gradient norm: 31.05092302243621
PROGRESS    Completed epoch 1557 / 2000;    current loss: 0.23431554436683655
INFO Gradient norm: 17.236178896045267
PROGRESS    Completed epoch 1558 / 2000;    current loss: 0.2214907556772232
INFO Gradient norm: 15.778702115589347
PROGRESS    Completed epoch 1559 / 2000;    current loss: 0.2203720510005951
INFO Gradient norm: 24.601276619019846
PROGRESS    Completed epoch 1560 / 2000;    current loss: 0.22671088576316833
INFO Gradient norm: 10.24891545425175
PROGRESS    Completed epoch 1561 / 2000;    current loss: 0.21774597465991974
INFO Gradient norm: 20.021649672633817
PROGRESS    Completed epoch 1562 / 2000;    current loss: 0.22345329821109772
INFO Gradient norm: 25.612602922123592
PROGRESS    Completed epoch 1563 / 2000;    current loss: 0.22842909395694733
INFO Gradient norm: 9.918275797907997
PROGRESS    Completed epoch 1564 / 2000;    current loss: 0.21769171953201294
INFO Gradient norm: 22.89070663406478
PROGRESS    Completed epoch 1565 / 2000;    current loss: 0.2253807634115219
INFO Gradient norm: 30.40927344733353
PROGRESS    Completed epoch 1566 / 2000;    current loss: 0.23254066705703735
INFO Gradient norm: 14.450841828505075
PROGRESS    Completed epoch 1567 / 2000;    current loss: 0.219697967171669
INFO Gradient norm: 18.088591860493878
PROGRESS    Completed epoch 1568 / 2000;    current loss: 0.22204609215259552
INFO Gradient norm: 26.242053490269758
PROGRESS    Completed epoch 1569 / 2000;    current loss: 0.22900983691215515
INFO Gradient norm: 12.851031753771862
PROGRESS    Completed epoch 1570 / 2000;    current loss: 0.21890990436077118
INFO Gradient norm: 18.559884290276074
PROGRESS    Completed epoch 1571 / 2000;    current loss: 0.22206847369670868
INFO Gradient norm: 25.792879312976105
PROGRESS    Completed epoch 1572 / 2000;    current loss: 0.22776013612747192
INFO Gradient norm: 10.167140625927507
PROGRESS    Completed epoch 1573 / 2000;    current loss: 0.21762707829475403
INFO Gradient norm: 21.170520662298394
PROGRESS    Completed epoch 1574 / 2000;    current loss: 0.22416675090789795
INFO Gradient norm: 27.733486154102053
PROGRESS    Completed epoch 1575 / 2000;    current loss: 0.2303408980369568
INFO Gradient norm: 12.84130839421227
PROGRESS    Completed epoch 1576 / 2000;    current loss: 0.2187471091747284
INFO Gradient norm: 19.802356356952252
PROGRESS    Completed epoch 1577 / 2000;    current loss: 0.22277043759822845
INFO Gradient norm: 27.958097753878025
PROGRESS    Completed epoch 1578 / 2000;    current loss: 0.22970867156982422
INFO Gradient norm: 13.05937761598391
PROGRESS    Completed epoch 1579 / 2000;    current loss: 0.21871893107891083
INFO Gradient norm: 18.403491838043465
PROGRESS    Completed epoch 1580 / 2000;    current loss: 0.22197051346302032
INFO Gradient norm: 25.59629455039364
PROGRESS    Completed epoch 1581 / 2000;    current loss: 0.2280847728252411
INFO Gradient norm: 11.649313893348625
PROGRESS    Completed epoch 1582 / 2000;    current loss: 0.21805797517299652
INFO Gradient norm: 19.51537693227558
PROGRESS    Completed epoch 1583 / 2000;    current loss: 0.22247672080993652
INFO Gradient norm: 26.766043663022103
PROGRESS    Completed epoch 1584 / 2000;    current loss: 0.22849653661251068
INFO Gradient norm: 11.489744481280718
PROGRESS    Completed epoch 1585 / 2000;    current loss: 0.21788130700588226
INFO Gradient norm: 19.599263281240233
PROGRESS    Completed epoch 1586 / 2000;    current loss: 0.22272956371307373
INFO Gradient norm: 26.60313367100682
PROGRESS    Completed epoch 1587 / 2000;    current loss: 0.22901099920272827
INFO Gradient norm: 12.564430945778726
PROGRESS    Completed epoch 1588 / 2000;    current loss: 0.2183506041765213
INFO Gradient norm: 18.86448584736557
PROGRESS    Completed epoch 1589 / 2000;    current loss: 0.22190861403942108
INFO Gradient norm: 25.66400885589603
PROGRESS    Completed epoch 1590 / 2000;    current loss: 0.2273498773574829
INFO Gradient norm: 9.67942633808715
PROGRESS    Completed epoch 1591 / 2000;    current loss: 0.21719242632389069
INFO Gradient norm: 21.635341780286176
PROGRESS    Completed epoch 1592 / 2000;    current loss: 0.2244374006986618
INFO Gradient norm: 28.322372828488746
PROGRESS    Completed epoch 1593 / 2000;    current loss: 0.23101665079593658
INFO Gradient norm: 13.82234158852351
PROGRESS    Completed epoch 1594 / 2000;    current loss: 0.21916848421096802
INFO Gradient norm: 18.83741725036725
PROGRESS    Completed epoch 1595 / 2000;    current loss: 0.22209304571151733
INFO Gradient norm: 27.258137029124587
PROGRESS    Completed epoch 1596 / 2000;    current loss: 0.22907869517803192
INFO Gradient norm: 12.65934026826126
PROGRESS    Completed epoch 1597 / 2000;    current loss: 0.21858316659927368
INFO Gradient norm: 18.268534574829285
PROGRESS    Completed epoch 1598 / 2000;    current loss: 0.2219827026128769
INFO Gradient norm: 25.15116803856569
PROGRESS    Completed epoch 1599 / 2000;    current loss: 0.2278226613998413
INFO Gradient norm: 11.118410089957843
PROGRESS    Completed epoch 1600 / 2000;    current loss: 0.21795479953289032
INFO Gradient norm: 20.165706663429386
PROGRESS    Completed epoch 1601 / 2000;    current loss: 0.22310562431812286
INFO Gradient norm: 27.387568331272288
PROGRESS    Completed epoch 1602 / 2000;    current loss: 0.22925810515880585
INFO Gradient norm: 12.056808105481128
PROGRESS    Completed epoch 1603 / 2000;    current loss: 0.21830949187278748
INFO Gradient norm: 19.360137447966324
PROGRESS    Completed epoch 1604 / 2000;    current loss: 0.22270987927913666
INFO Gradient norm: 26.61999326593418
PROGRESS    Completed epoch 1605 / 2000;    current loss: 0.22921541333198547
INFO Gradient norm: 12.930224524048525
PROGRESS    Completed epoch 1606 / 2000;    current loss: 0.21870826184749603
INFO Gradient norm: 18.246599423452057
PROGRESS    Completed epoch 1607 / 2000;    current loss: 0.2217012494802475
INFO Gradient norm: 25.8240635971907
PROGRESS    Completed epoch 1608 / 2000;    current loss: 0.22773627936840057
INFO Gradient norm: 11.229136836568713
PROGRESS    Completed epoch 1609 / 2000;    current loss: 0.2178684026002884
INFO Gradient norm: 19.0201608878376
PROGRESS    Completed epoch 1610 / 2000;    current loss: 0.2224627137184143
INFO Gradient norm: 25.5943265948209
PROGRESS    Completed epoch 1611 / 2000;    current loss: 0.22819973528385162
INFO Gradient norm: 11.590380238410178
PROGRESS    Completed epoch 1612 / 2000;    current loss: 0.21804304420948029
INFO Gradient norm: 19.687845292452636
PROGRESS    Completed epoch 1613 / 2000;    current loss: 0.22258135676383972
INFO Gradient norm: 27.212798640012988
PROGRESS    Completed epoch 1614 / 2000;    current loss: 0.22889605164527893
INFO Gradient norm: 12.28082372143419
PROGRESS    Completed epoch 1615 / 2000;    current loss: 0.21822580695152283
INFO Gradient norm: 18.564399175452536
PROGRESS    Completed epoch 1616 / 2000;    current loss: 0.22198322415351868
INFO Gradient norm: 25.67508870218443
PROGRESS    Completed epoch 1617 / 2000;    current loss: 0.22818656265735626
INFO Gradient norm: 12.261805707407483
PROGRESS    Completed epoch 1618 / 2000;    current loss: 0.21822890639305115
INFO Gradient norm: 18.3696362344072
PROGRESS    Completed epoch 1619 / 2000;    current loss: 0.2215793877840042
INFO Gradient norm: 25.69008637409208
PROGRESS    Completed epoch 1620 / 2000;    current loss: 0.2273956537246704
INFO Gradient norm: 11.046084660342164
PROGRESS    Completed epoch 1621 / 2000;    current loss: 0.2175886183977127
INFO Gradient norm: 18.85655090882662
PROGRESS    Completed epoch 1622 / 2000;    current loss: 0.2221251279115677
INFO Gradient norm: 25.4978735653426
PROGRESS    Completed epoch 1623 / 2000;    current loss: 0.22786802053451538
INFO Gradient norm: 11.726242137099124
PROGRESS    Completed epoch 1624 / 2000;    current loss: 0.21788877248764038
INFO Gradient norm: 19.0025755352942
PROGRESS    Completed epoch 1625 / 2000;    current loss: 0.22189627587795258
INFO Gradient norm: 26.474663465572682
PROGRESS    Completed epoch 1626 / 2000;    current loss: 0.22800396382808685
INFO Gradient norm: 12.015979714009148
PROGRESS    Completed epoch 1627 / 2000;    current loss: 0.21790914237499237
INFO Gradient norm: 18.20758883114233
PROGRESS    Completed epoch 1628 / 2000;    current loss: 0.2215600460767746
INFO Gradient norm: 25.127642603450724
PROGRESS    Completed epoch 1629 / 2000;    current loss: 0.22740349173545837
INFO Gradient norm: 11.719936326646073
PROGRESS    Completed epoch 1630 / 2000;    current loss: 0.21780014038085938
INFO Gradient norm: 18.422821472763598
PROGRESS    Completed epoch 1631 / 2000;    current loss: 0.2214360237121582
INFO Gradient norm: 25.596662268270947
PROGRESS    Completed epoch 1632 / 2000;    current loss: 0.22715747356414795
INFO Gradient norm: 11.218280096974217
PROGRESS    Completed epoch 1633 / 2000;    current loss: 0.21748028695583344
INFO Gradient norm: 18.403795055949317
PROGRESS    Completed epoch 1634 / 2000;    current loss: 0.2216631919145584
INFO Gradient norm: 25.042119106565544
PROGRESS    Completed epoch 1635 / 2000;    current loss: 0.22735080122947693
INFO Gradient norm: 11.63872453756358
PROGRESS    Completed epoch 1636 / 2000;    current loss: 0.21768836677074432
INFO Gradient norm: 18.575850545786068
PROGRESS    Completed epoch 1637 / 2000;    current loss: 0.22145569324493408
INFO Gradient norm: 25.911825433605845
PROGRESS    Completed epoch 1638 / 2000;    current loss: 0.2273295819759369
INFO Gradient norm: 11.55385168729827
PROGRESS    Completed epoch 1639 / 2000;    current loss: 0.21753832697868347
INFO Gradient norm: 18.15381102029684
PROGRESS    Completed epoch 1640 / 2000;    current loss: 0.22139856219291687
INFO Gradient norm: 24.898009485513164
PROGRESS    Completed epoch 1641 / 2000;    current loss: 0.227105975151062
INFO Gradient norm: 11.728411341897301
PROGRESS    Completed epoch 1642 / 2000;    current loss: 0.2176538109779358
INFO Gradient norm: 18.06273151237226
PROGRESS    Completed epoch 1643 / 2000;    current loss: 0.22105182707309723
INFO Gradient norm: 25.23375038747794
PROGRESS    Completed epoch 1644 / 2000;    current loss: 0.2266770750284195
INFO Gradient norm: 11.050357532319325
PROGRESS    Completed epoch 1645 / 2000;    current loss: 0.21725594997406006
INFO Gradient norm: 18.051188126950745
PROGRESS    Completed epoch 1646 / 2000;    current loss: 0.2212466150522232
INFO Gradient norm: 24.65467754699212
PROGRESS    Completed epoch 1647 / 2000;    current loss: 0.2267567217350006
INFO Gradient norm: 11.412186340181623
PROGRESS    Completed epoch 1648 / 2000;    current loss: 0.2174253761768341
INFO Gradient norm: 18.27507022951662
PROGRESS    Completed epoch 1649 / 2000;    current loss: 0.22110103070735931
INFO Gradient norm: 25.488074491143085
PROGRESS    Completed epoch 1650 / 2000;    current loss: 0.22681522369384766
INFO Gradient norm: 11.460150207817366
PROGRESS    Completed epoch 1651 / 2000;    current loss: 0.21734634041786194
INFO Gradient norm: 17.849886738608042
PROGRESS    Completed epoch 1652 / 2000;    current loss: 0.22099894285202026
INFO Gradient norm: 24.546477575938262
PROGRESS    Completed epoch 1653 / 2000;    current loss: 0.22653616964817047
INFO Gradient norm: 11.466251334533526
PROGRESS    Completed epoch 1654 / 2000;    current loss: 0.2173740714788437
INFO Gradient norm: 17.89872364874117
PROGRESS    Completed epoch 1655 / 2000;    current loss: 0.22078850865364075
INFO Gradient norm: 24.670887108159953
PROGRESS    Completed epoch 1656 / 2000;    current loss: 0.2261076718568802
INFO Gradient norm: 10.167399322424835
PROGRESS    Completed epoch 1657 / 2000;    current loss: 0.2168283462524414
INFO Gradient norm: 18.46931376470392
PROGRESS    Completed epoch 1658 / 2000;    current loss: 0.2215237319469452
INFO Gradient norm: 25.10653411425296
PROGRESS    Completed epoch 1659 / 2000;    current loss: 0.22730204463005066
INFO Gradient norm: 12.546833173468164
PROGRESS    Completed epoch 1660 / 2000;    current loss: 0.2179759442806244
INFO Gradient norm: 15.819533655523719
PROGRESS    Completed epoch 1661 / 2000;    current loss: 0.21969178318977356
INFO Gradient norm: 23.163515234456323
PROGRESS    Completed epoch 1662 / 2000;    current loss: 0.22502411901950836
INFO Gradient norm: 10.352697762373557
PROGRESS    Completed epoch 1663 / 2000;    current loss: 0.21701101958751678
INFO Gradient norm: 16.75610564880129
PROGRESS    Completed epoch 1664 / 2000;    current loss: 0.22044014930725098
INFO Gradient norm: 22.690503763080134
PROGRESS    Completed epoch 1665 / 2000;    current loss: 0.22508464753627777
INFO Gradient norm: 9.859680007602597
PROGRESS    Completed epoch 1666 / 2000;    current loss: 0.21683965623378754
INFO Gradient norm: 18.014754911382052
PROGRESS    Completed epoch 1667 / 2000;    current loss: 0.22111603617668152
INFO Gradient norm: 24.581352563986567
PROGRESS    Completed epoch 1668 / 2000;    current loss: 0.22630532085895538
INFO Gradient norm: 11.071362072668284
PROGRESS    Completed epoch 1669 / 2000;    current loss: 0.2172902673482895
INFO Gradient norm: 16.77321034982925
PROGRESS    Completed epoch 1670 / 2000;    current loss: 0.2204192578792572
INFO Gradient norm: 23.396401027136246
PROGRESS    Completed epoch 1671 / 2000;    current loss: 0.2257051318883896
INFO Gradient norm: 11.287882901456744
PROGRESS    Completed epoch 1672 / 2000;    current loss: 0.21737582981586456
INFO Gradient norm: 16.204225697456632
PROGRESS    Completed epoch 1673 / 2000;    current loss: 0.21988925337791443
INFO Gradient norm: 22.899883370796324
PROGRESS    Completed epoch 1674 / 2000;    current loss: 0.22475427389144897
INFO Gradient norm: 9.83955345443237
PROGRESS    Completed epoch 1675 / 2000;    current loss: 0.21671664714813232
INFO Gradient norm: 17.136921030968924
PROGRESS    Completed epoch 1676 / 2000;    current loss: 0.2205757051706314
INFO Gradient norm: 23.146355012299136
PROGRESS    Completed epoch 1677 / 2000;    current loss: 0.2253667116165161
INFO Gradient norm: 10.545161042245342
PROGRESS    Completed epoch 1678 / 2000;    current loss: 0.21695639193058014
INFO Gradient norm: 17.16888600220707
PROGRESS    Completed epoch 1679 / 2000;    current loss: 0.22036981582641602
INFO Gradient norm: 23.96712629805995
PROGRESS    Completed epoch 1680 / 2000;    current loss: 0.22556239366531372
INFO Gradient norm: 10.927470089520602
PROGRESS    Completed epoch 1681 / 2000;    current loss: 0.21704192459583282
INFO Gradient norm: 16.352684672155085
PROGRESS    Completed epoch 1682 / 2000;    current loss: 0.21994556486606598
INFO Gradient norm: 22.74079817517699
PROGRESS    Completed epoch 1683 / 2000;    current loss: 0.2249017357826233
INFO Gradient norm: 10.61891096255569
PROGRESS    Completed epoch 1684 / 2000;    current loss: 0.21687950193881989
INFO Gradient norm: 16.496211397748763
PROGRESS    Completed epoch 1685 / 2000;    current loss: 0.21985438466072083
INFO Gradient norm: 23.055489174995454
PROGRESS    Completed epoch 1686 / 2000;    current loss: 0.22466596961021423
INFO Gradient norm: 10.054945185430856
PROGRESS    Completed epoch 1687 / 2000;    current loss: 0.21657827496528625
INFO Gradient norm: 16.765799059814064
PROGRESS    Completed epoch 1688 / 2000;    current loss: 0.22011783719062805
INFO Gradient norm: 22.874127820794254
PROGRESS    Completed epoch 1689 / 2000;    current loss: 0.22493308782577515
INFO Gradient norm: 10.625682502910575
PROGRESS    Completed epoch 1690 / 2000;    current loss: 0.2167712152004242
INFO Gradient norm: 16.5544621270946
PROGRESS    Completed epoch 1691 / 2000;    current loss: 0.21977996826171875
INFO Gradient norm: 23.200494685764784
PROGRESS    Completed epoch 1692 / 2000;    current loss: 0.2246926873922348
INFO Gradient norm: 10.442895891957486
PROGRESS    Completed epoch 1693 / 2000;    current loss: 0.21662463247776031
INFO Gradient norm: 16.2635369264045
PROGRESS    Completed epoch 1694 / 2000;    current loss: 0.21968547999858856
INFO Gradient norm: 22.422598108519946
PROGRESS    Completed epoch 1695 / 2000;    current loss: 0.22441531717777252
INFO Gradient norm: 10.361550542046777
PROGRESS    Completed epoch 1696 / 2000;    current loss: 0.21655961871147156
INFO Gradient norm: 16.519126818263228
PROGRESS    Completed epoch 1697 / 2000;    current loss: 0.21964576840400696
INFO Gradient norm: 23.00164075482533
PROGRESS    Completed epoch 1698 / 2000;    current loss: 0.22439420223236084
INFO Gradient norm: 10.136682664366214
PROGRESS    Completed epoch 1699 / 2000;    current loss: 0.2163950353860855
INFO Gradient norm: 16.44790933385012
PROGRESS    Completed epoch 1700 / 2000;    current loss: 0.21969056129455566
INFO Gradient norm: 22.381603191703153
PROGRESS    Completed epoch 1701 / 2000;    current loss: 0.22413456439971924
INFO Gradient norm: 8.297338362996657
PROGRESS    Completed epoch 1702 / 2000;    current loss: 0.21576561033725739
INFO Gradient norm: 18.324173568077352
PROGRESS    Completed epoch 1703 / 2000;    current loss: 0.2209874987602234
INFO Gradient norm: 22.79161482916127
PROGRESS    Completed epoch 1704 / 2000;    current loss: 0.2247055470943451
INFO Gradient norm: 8.73386176819109
PROGRESS    Completed epoch 1705 / 2000;    current loss: 0.21663276851177216
INFO Gradient norm: 18.512447725964865
PROGRESS    Completed epoch 1706 / 2000;    current loss: 0.22192418575286865
INFO Gradient norm: 25.35806791599975
PROGRESS    Completed epoch 1707 / 2000;    current loss: 0.2281142622232437
INFO Gradient norm: 14.786398315260895
PROGRESS    Completed epoch 1708 / 2000;    current loss: 0.21972960233688354
INFO Gradient norm: 11.167674167911898
PROGRESS    Completed epoch 1709 / 2000;    current loss: 0.2180764228105545
INFO Gradient norm: 18.237998438230814
PROGRESS    Completed epoch 1710 / 2000;    current loss: 0.22206391394138336
INFO Gradient norm: 7.3314969161142685
PROGRESS    Completed epoch 1711 / 2000;    current loss: 0.2167043834924698
INFO Gradient norm: 16.748535269613697
PROGRESS    Completed epoch 1712 / 2000;    current loss: 0.22102972865104675
INFO Gradient norm: 21.39848474780809
PROGRESS    Completed epoch 1713 / 2000;    current loss: 0.22460053861141205
INFO Gradient norm: 9.258256727003014
PROGRESS    Completed epoch 1714 / 2000;    current loss: 0.21717889606952667
INFO Gradient norm: 17.09754500670279
PROGRESS    Completed epoch 1715 / 2000;    current loss: 0.2211480587720871
INFO Gradient norm: 23.82486878816651
PROGRESS    Completed epoch 1716 / 2000;    current loss: 0.2262570858001709
INFO Gradient norm: 12.085356082766996
PROGRESS    Completed epoch 1717 / 2000;    current loss: 0.21825198829174042
INFO Gradient norm: 13.506948083442715
PROGRESS    Completed epoch 1718 / 2000;    current loss: 0.21901214122772217
INFO Gradient norm: 19.81215379093749
PROGRESS    Completed epoch 1719 / 2000;    current loss: 0.2232675999403
INFO Gradient norm: 9.326553500661754
PROGRESS    Completed epoch 1720 / 2000;    current loss: 0.2170972377061844
INFO Gradient norm: 15.63987370954719
PROGRESS    Completed epoch 1721 / 2000;    current loss: 0.22002850472927094
INFO Gradient norm: 21.514473106327692
PROGRESS    Completed epoch 1722 / 2000;    current loss: 0.22409328818321228
INFO Gradient norm: 9.392388145237215
PROGRESS    Completed epoch 1723 / 2000;    current loss: 0.2170371562242508
INFO Gradient norm: 15.861744323762547
PROGRESS    Completed epoch 1724 / 2000;    current loss: 0.2203398048877716
INFO Gradient norm: 21.69893884233248
PROGRESS    Completed epoch 1725 / 2000;    current loss: 0.22477774322032928
INFO Gradient norm: 10.67479729189381
PROGRESS    Completed epoch 1726 / 2000;    current loss: 0.21750295162200928
INFO Gradient norm: 15.019725784868657
PROGRESS    Completed epoch 1727 / 2000;    current loss: 0.21946395933628082
INFO Gradient norm: 21.68398176601674
PROGRESS    Completed epoch 1728 / 2000;    current loss: 0.22399941086769104
INFO Gradient norm: 10.248653569646722
PROGRESS    Completed epoch 1729 / 2000;    current loss: 0.21713469922542572
INFO Gradient norm: 14.588562800404274
PROGRESS    Completed epoch 1730 / 2000;    current loss: 0.21934691071510315
INFO Gradient norm: 20.297131913813175
PROGRESS    Completed epoch 1731 / 2000;    current loss: 0.22334064543247223
INFO Gradient norm: 9.351403736332465
PROGRESS    Completed epoch 1732 / 2000;    current loss: 0.2167702317237854
INFO Gradient norm: 15.74716912527076
PROGRESS    Completed epoch 1733 / 2000;    current loss: 0.2197604477405548
INFO Gradient norm: 21.85622421794135
PROGRESS    Completed epoch 1734 / 2000;    current loss: 0.22405679523944855
INFO Gradient norm: 10.169996834919592
PROGRESS    Completed epoch 1735 / 2000;    current loss: 0.2169651985168457
INFO Gradient norm: 14.7416558129327
PROGRESS    Completed epoch 1736 / 2000;    current loss: 0.2193065732717514
INFO Gradient norm: 20.077611660725072
PROGRESS    Completed epoch 1737 / 2000;    current loss: 0.22298860549926758
INFO Gradient norm: 8.492026822375498
PROGRESS    Completed epoch 1738 / 2000;    current loss: 0.21642382442951202
INFO Gradient norm: 17.154585610307848
PROGRESS    Completed epoch 1739 / 2000;    current loss: 0.22052882611751556
INFO Gradient norm: 23.649237673652923
PROGRESS    Completed epoch 1740 / 2000;    current loss: 0.22542493045330048
INFO Gradient norm: 11.915293179142035
PROGRESS    Completed epoch 1741 / 2000;    current loss: 0.2177487015724182
INFO Gradient norm: 13.526097022370736
PROGRESS    Completed epoch 1742 / 2000;    current loss: 0.21865394711494446
INFO Gradient norm: 19.99079263123101
PROGRESS    Completed epoch 1743 / 2000;    current loss: 0.22295276820659637
INFO Gradient norm: 9.745630886917027
PROGRESS    Completed epoch 1744 / 2000;    current loss: 0.21692898869514465
INFO Gradient norm: 14.774946231979664
PROGRESS    Completed epoch 1745 / 2000;    current loss: 0.21915368735790253
INFO Gradient norm: 20.603949496326102
PROGRESS    Completed epoch 1746 / 2000;    current loss: 0.22296755015850067
INFO Gradient norm: 8.77114245295875
PROGRESS    Completed epoch 1747 / 2000;    current loss: 0.21653346717357635
INFO Gradient norm: 15.898883894757093
PROGRESS    Completed epoch 1748 / 2000;    current loss: 0.22003504633903503
INFO Gradient norm: 21.585232028349225
PROGRESS    Completed epoch 1749 / 2000;    current loss: 0.22430847585201263
INFO Gradient norm: 10.706818210407976
PROGRESS    Completed epoch 1750 / 2000;    current loss: 0.21729309856891632
INFO Gradient norm: 14.362086757290873
PROGRESS    Completed epoch 1751 / 2000;    current loss: 0.2189192920923233
INFO Gradient norm: 20.99382358720626
PROGRESS    Completed epoch 1752 / 2000;    current loss: 0.22328265011310577
INFO Gradient norm: 10.027103126936122
PROGRESS    Completed epoch 1753 / 2000;    current loss: 0.21692024171352386
INFO Gradient norm: 14.148020068246318
PROGRESS    Completed epoch 1754 / 2000;    current loss: 0.21896611154079437
INFO Gradient norm: 19.75285986562454
PROGRESS    Completed epoch 1755 / 2000;    current loss: 0.22272905707359314
INFO Gradient norm: 9.025383664460309
PROGRESS    Completed epoch 1756 / 2000;    current loss: 0.2166014015674591
INFO Gradient norm: 15.548635826880918
PROGRESS    Completed epoch 1757 / 2000;    current loss: 0.21953213214874268
INFO Gradient norm: 21.60540473010676
PROGRESS    Completed epoch 1758 / 2000;    current loss: 0.22370131313800812
INFO Gradient norm: 10.179545303103362
PROGRESS    Completed epoch 1759 / 2000;    current loss: 0.21693450212478638
INFO Gradient norm: 14.318542642451817
PROGRESS    Completed epoch 1760 / 2000;    current loss: 0.21900087594985962
INFO Gradient norm: 20.279987888444886
PROGRESS    Completed epoch 1761 / 2000;    current loss: 0.2231023758649826
INFO Gradient norm: 9.91299357713063
PROGRESS    Completed epoch 1762 / 2000;    current loss: 0.2168724536895752
INFO Gradient norm: 14.425369880952054
PROGRESS    Completed epoch 1763 / 2000;    current loss: 0.21886414289474487
INFO Gradient norm: 20.516238289135195
PROGRESS    Completed epoch 1764 / 2000;    current loss: 0.222802996635437
INFO Gradient norm: 9.298209361554202
PROGRESS    Completed epoch 1765 / 2000;    current loss: 0.21654818952083588
INFO Gradient norm: 14.720156052159908
PROGRESS    Completed epoch 1766 / 2000;    current loss: 0.2191786915063858
INFO Gradient norm: 20.342354797684166
PROGRESS    Completed epoch 1767 / 2000;    current loss: 0.22309622168540955
INFO Gradient norm: 9.737958572903834
PROGRESS    Completed epoch 1768 / 2000;    current loss: 0.21674977242946625
INFO Gradient norm: 14.770107686150695
PROGRESS    Completed epoch 1769 / 2000;    current loss: 0.21898381412029266
INFO Gradient norm: 21.030381857486223
PROGRESS    Completed epoch 1770 / 2000;    current loss: 0.22310183942317963
INFO Gradient norm: 9.942780886969057
PROGRESS    Completed epoch 1771 / 2000;    current loss: 0.2167520523071289
INFO Gradient norm: 14.12029787300412
PROGRESS    Completed epoch 1772 / 2000;    current loss: 0.21877489984035492
INFO Gradient norm: 19.849798948162967
PROGRESS    Completed epoch 1773 / 2000;    current loss: 0.22263062000274658
INFO Gradient norm: 9.457885982593332
PROGRESS    Completed epoch 1774 / 2000;    current loss: 0.21658757328987122
INFO Gradient norm: 14.660199884188021
PROGRESS    Completed epoch 1775 / 2000;    current loss: 0.21888557076454163
INFO Gradient norm: 20.672843311621925
PROGRESS    Completed epoch 1776 / 2000;    current loss: 0.22279556095600128
INFO Gradient norm: 9.547261559740004
PROGRESS    Completed epoch 1777 / 2000;    current loss: 0.21655012667179108
INFO Gradient norm: 14.30207754948995
PROGRESS    Completed epoch 1778 / 2000;    current loss: 0.21884657442569733
INFO Gradient norm: 19.999004625152665
PROGRESS    Completed epoch 1779 / 2000;    current loss: 0.22270634770393372
INFO Gradient norm: 9.658776481799931
PROGRESS    Completed epoch 1780 / 2000;    current loss: 0.2166135609149933
INFO Gradient norm: 14.41434866195872
PROGRESS    Completed epoch 1781 / 2000;    current loss: 0.2187006175518036
INFO Gradient norm: 20.5155232132325
PROGRESS    Completed epoch 1782 / 2000;    current loss: 0.22260910272598267
INFO Gradient norm: 9.524328601874503
PROGRESS    Completed epoch 1783 / 2000;    current loss: 0.21650008857250214
INFO Gradient norm: 14.244358425335355
PROGRESS    Completed epoch 1784 / 2000;    current loss: 0.21874260902404785
INFO Gradient norm: 19.88306716011321
PROGRESS    Completed epoch 1785 / 2000;    current loss: 0.2225184142589569
INFO Gradient norm: 9.566346480453142
PROGRESS    Completed epoch 1786 / 2000;    current loss: 0.21653702855110168
INFO Gradient norm: 14.353449667412189
PROGRESS    Completed epoch 1787 / 2000;    current loss: 0.21860729157924652
INFO Gradient norm: 20.39692031898941
PROGRESS    Completed epoch 1788 / 2000;    current loss: 0.2224932312965393
INFO Gradient norm: 9.503799085527358
PROGRESS    Completed epoch 1789 / 2000;    current loss: 0.21642422676086426
INFO Gradient norm: 14.011421257196918
PROGRESS    Completed epoch 1790 / 2000;    current loss: 0.2185443937778473
INFO Gradient norm: 19.594300705526095
PROGRESS    Completed epoch 1791 / 2000;    current loss: 0.2222968488931656
INFO Gradient norm: 9.389495456580331
PROGRESS    Completed epoch 1792 / 2000;    current loss: 0.21642446517944336
INFO Gradient norm: 14.310558017754344
PROGRESS    Completed epoch 1793 / 2000;    current loss: 0.21851545572280884
INFO Gradient norm: 20.32063956924701
PROGRESS    Completed epoch 1794 / 2000;    current loss: 0.2223597913980484
INFO Gradient norm: 9.513505953568922
PROGRESS    Completed epoch 1795 / 2000;    current loss: 0.21637187898159027
INFO Gradient norm: 13.883637028258335
PROGRESS    Completed epoch 1796 / 2000;    current loss: 0.2184150665998459
INFO Gradient norm: 19.46725235099685
PROGRESS    Completed epoch 1797 / 2000;    current loss: 0.22211600840091705
INFO Gradient norm: 9.353302523009235
PROGRESS    Completed epoch 1798 / 2000;    current loss: 0.21635006368160248
INFO Gradient norm: 14.130381897640351
PROGRESS    Completed epoch 1799 / 2000;    current loss: 0.218377023935318
INFO Gradient norm: 20.04929324566168
PROGRESS    Completed epoch 1800 / 2000;    current loss: 0.22212553024291992
INFO Gradient norm: 9.369446361220772
PROGRESS    Completed epoch 1801 / 2000;    current loss: 0.2162768840789795
INFO Gradient norm: 13.825518129002523
PROGRESS    Completed epoch 1802 / 2000;    current loss: 0.21833918988704681
INFO Gradient norm: 19.367178896195252
PROGRESS    Completed epoch 1803 / 2000;    current loss: 0.22197625041007996
INFO Gradient norm: 9.303989153074301
PROGRESS    Completed epoch 1804 / 2000;    current loss: 0.2162710428237915
INFO Gradient norm: 14.108707699291504
PROGRESS    Completed epoch 1805 / 2000;    current loss: 0.21831190586090088
INFO Gradient norm: 20.017628953816967
PROGRESS    Completed epoch 1806 / 2000;    current loss: 0.22201794385910034
INFO Gradient norm: 9.32671999446088
PROGRESS    Completed epoch 1807 / 2000;    current loss: 0.21621759235858917
INFO Gradient norm: 13.789566309668928
PROGRESS    Completed epoch 1808 / 2000;    current loss: 0.21826152503490448
INFO Gradient norm: 19.321481419009555
PROGRESS    Completed epoch 1809 / 2000;    current loss: 0.22189141809940338
INFO Gradient norm: 9.344297889043546
PROGRESS    Completed epoch 1810 / 2000;    current loss: 0.21622337400913239
INFO Gradient norm: 13.853432417833904
PROGRESS    Completed epoch 1811 / 2000;    current loss: 0.21813815832138062
INFO Gradient norm: 19.72206163769812
PROGRESS    Completed epoch 1812 / 2000;    current loss: 0.2217516154050827
INFO Gradient norm: 9.221988914210566
PROGRESS    Completed epoch 1813 / 2000;    current loss: 0.2160962074995041
INFO Gradient norm: 13.638083997444623
PROGRESS    Completed epoch 1814 / 2000;    current loss: 0.21813470125198364
INFO Gradient norm: 19.09530070201685
PROGRESS    Completed epoch 1815 / 2000;    current loss: 0.22165998816490173
INFO Gradient norm: 9.141848315043871
PROGRESS    Completed epoch 1816 / 2000;    current loss: 0.2161150574684143
INFO Gradient norm: 13.97583459307146
PROGRESS    Completed epoch 1817 / 2000;    current loss: 0.21812625229358673
INFO Gradient norm: 19.83393847506145
PROGRESS    Completed epoch 1818 / 2000;    current loss: 0.22177360951900482
INFO Gradient norm: 9.31511159239452
PROGRESS    Completed epoch 1819 / 2000;    current loss: 0.21609286963939667
INFO Gradient norm: 13.518994795978344
PROGRESS    Completed epoch 1820 / 2000;    current loss: 0.21801108121871948
INFO Gradient norm: 18.99334606318945
PROGRESS    Completed epoch 1821 / 2000;    current loss: 0.22153240442276
INFO Gradient norm: 9.152078521792754
PROGRESS    Completed epoch 1822 / 2000;    current loss: 0.21604783833026886
INFO Gradient norm: 13.722148382250403
PROGRESS    Completed epoch 1823 / 2000;    current loss: 0.2179589569568634
INFO Gradient norm: 19.50410293939682
PROGRESS    Completed epoch 1824 / 2000;    current loss: 0.22150389850139618
INFO Gradient norm: 9.090250759858119
PROGRESS    Completed epoch 1825 / 2000;    current loss: 0.21595951914787292
INFO Gradient norm: 13.456551761574554
PROGRESS    Completed epoch 1826 / 2000;    current loss: 0.21793965995311737
INFO Gradient norm: 18.76665465087155
PROGRESS    Completed epoch 1827 / 2000;    current loss: 0.22134684026241302
INFO Gradient norm: 8.093224346901884
PROGRESS    Completed epoch 1828 / 2000;    current loss: 0.21569812297821045
INFO Gradient norm: 15.331354357979357
PROGRESS    Completed epoch 1829 / 2000;    current loss: 0.21889780461788177
INFO Gradient norm: 21.265227992976296
PROGRESS    Completed epoch 1830 / 2000;    current loss: 0.22291482985019684
INFO Gradient norm: 10.62247538094243
PROGRESS    Completed epoch 1831 / 2000;    current loss: 0.21659965813159943
INFO Gradient norm: 12.585057026524849
PROGRESS    Completed epoch 1832 / 2000;    current loss: 0.21753674745559692
INFO Gradient norm: 16.15065915169549
PROGRESS    Completed epoch 1833 / 2000;    current loss: 0.21962745487689972
INFO Gradient norm: 3.738128168757992
PROGRESS    Completed epoch 1834 / 2000;    current loss: 0.2147587537765503
INFO Gradient norm: 18.937671207755272
PROGRESS    Completed epoch 1835 / 2000;    current loss: 0.22131608426570892
INFO Gradient norm: 23.03871992694409
PROGRESS    Completed epoch 1836 / 2000;    current loss: 0.2245444357395172
INFO Gradient norm: 10.050092326766011
PROGRESS    Completed epoch 1837 / 2000;    current loss: 0.21645094454288483
INFO Gradient norm: 14.75554114397304
PROGRESS    Completed epoch 1838 / 2000;    current loss: 0.21890954673290253
INFO Gradient norm: 21.563080984205488
PROGRESS    Completed epoch 1839 / 2000;    current loss: 0.22389259934425354
INFO Gradient norm: 12.220508224733216
PROGRESS    Completed epoch 1840 / 2000;    current loss: 0.21754330396652222
INFO Gradient norm: 10.733686648179864
PROGRESS    Completed epoch 1841 / 2000;    current loss: 0.21674136817455292
INFO Gradient norm: 17.166051178555698
PROGRESS    Completed epoch 1842 / 2000;    current loss: 0.22015027701854706
INFO Gradient norm: 7.247173360869754
PROGRESS    Completed epoch 1843 / 2000;    current loss: 0.21557281911373138
INFO Gradient norm: 14.001716388494712
PROGRESS    Completed epoch 1844 / 2000;    current loss: 0.21847720444202423
INFO Gradient norm: 18.037856766927202
PROGRESS    Completed epoch 1845 / 2000;    current loss: 0.22109611332416534
INFO Gradient norm: 6.701565673801945
PROGRESS    Completed epoch 1846 / 2000;    current loss: 0.2154165357351303
INFO Gradient norm: 16.368094115588352
PROGRESS    Completed epoch 1847 / 2000;    current loss: 0.21966038644313812
INFO Gradient norm: 21.758524014301255
PROGRESS    Completed epoch 1848 / 2000;    current loss: 0.22356322407722473
INFO Gradient norm: 10.520246103608585
PROGRESS    Completed epoch 1849 / 2000;    current loss: 0.21663092076778412
INFO Gradient norm: 11.574951355793809
PROGRESS    Completed epoch 1850 / 2000;    current loss: 0.21716147661209106
INFO Gradient norm: 15.314167485099627
PROGRESS    Completed epoch 1851 / 2000;    current loss: 0.21928316354751587
INFO Gradient norm: 3.3098978532721985
PROGRESS    Completed epoch 1852 / 2000;    current loss: 0.21497146785259247
INFO Gradient norm: 18.653793815342013
PROGRESS    Completed epoch 1853 / 2000;    current loss: 0.2214510142803192
INFO Gradient norm: 21.774896102636195
PROGRESS    Completed epoch 1854 / 2000;    current loss: 0.22386811673641205
INFO Gradient norm: 7.658684514431294
PROGRESS    Completed epoch 1855 / 2000;    current loss: 0.2161017656326294
INFO Gradient norm: 17.93515258360873
PROGRESS    Completed epoch 1856 / 2000;    current loss: 0.22142277657985687
INFO Gradient norm: 24.396372184374993
PROGRESS    Completed epoch 1857 / 2000;    current loss: 0.22693580389022827
INFO Gradient norm: 13.843095121944577
PROGRESS    Completed epoch 1858 / 2000;    current loss: 0.21890898048877716
INFO Gradient norm: 11.666613001919941
PROGRESS    Completed epoch 1859 / 2000;    current loss: 0.21774570643901825
INFO Gradient norm: 19.332032629680658
PROGRESS    Completed epoch 1860 / 2000;    current loss: 0.22214490175247192
INFO Gradient norm: 9.113882603650248
PROGRESS    Completed epoch 1861 / 2000;    current loss: 0.2168368101119995
INFO Gradient norm: 14.19487965977975
PROGRESS    Completed epoch 1862 / 2000;    current loss: 0.219154953956604
INFO Gradient norm: 18.916119982077486
PROGRESS    Completed epoch 1863 / 2000;    current loss: 0.22219981253147125
INFO Gradient norm: 7.0630975187367655
PROGRESS    Completed epoch 1864 / 2000;    current loss: 0.21622592210769653
INFO Gradient norm: 17.730598508098893
PROGRESS    Completed epoch 1865 / 2000;    current loss: 0.22104334831237793
INFO Gradient norm: 23.222045016626613
PROGRESS    Completed epoch 1866 / 2000;    current loss: 0.22510989010334015
INFO Gradient norm: 10.586088661386453
PROGRESS    Completed epoch 1867 / 2000;    current loss: 0.21728800237178802
INFO Gradient norm: 15.006544607243574
PROGRESS    Completed epoch 1868 / 2000;    current loss: 0.2195274978876114
INFO Gradient norm: 21.606041740156368
PROGRESS    Completed epoch 1869 / 2000;    current loss: 0.22427155077457428
INFO Gradient norm: 11.387684337936943
PROGRESS    Completed epoch 1870 / 2000;    current loss: 0.21763800084590912
INFO Gradient norm: 12.928932721481635
PROGRESS    Completed epoch 1871 / 2000;    current loss: 0.21824434399604797
INFO Gradient norm: 19.25283382983874
PROGRESS    Completed epoch 1872 / 2000;    current loss: 0.22199201583862305
INFO Gradient norm: 8.144297934045932
PROGRESS    Completed epoch 1873 / 2000;    current loss: 0.21633465588092804
INFO Gradient norm: 15.05642488492609
PROGRESS    Completed epoch 1874 / 2000;    current loss: 0.21948102116584778
INFO Gradient norm: 19.947583890862113
PROGRESS    Completed epoch 1875 / 2000;    current loss: 0.2228458970785141
INFO Gradient norm: 8.616908635526034
PROGRESS    Completed epoch 1876 / 2000;    current loss: 0.2164708524942398
INFO Gradient norm: 15.679591314145375
PROGRESS    Completed epoch 1877 / 2000;    current loss: 0.21967320144176483
INFO Gradient norm: 21.667611820325792
PROGRESS    Completed epoch 1878 / 2000;    current loss: 0.22381548583507538
INFO Gradient norm: 10.236008757468236
PROGRESS    Completed epoch 1879 / 2000;    current loss: 0.21698857843875885
INFO Gradient norm: 13.609351830861485
PROGRESS    Completed epoch 1880 / 2000;    current loss: 0.21859809756278992
INFO Gradient norm: 19.610319025409844
PROGRESS    Completed epoch 1881 / 2000;    current loss: 0.22253075242042542
INFO Gradient norm: 9.478125224113633
PROGRESS    Completed epoch 1882 / 2000;    current loss: 0.21669213473796844
INFO Gradient norm: 13.904508509793459
PROGRESS    Completed epoch 1883 / 2000;    current loss: 0.21859127283096313
INFO Gradient norm: 19.661025952587778
PROGRESS    Completed epoch 1884 / 2000;    current loss: 0.22216098010540009
INFO Gradient norm: 8.394474208349695
PROGRESS    Completed epoch 1885 / 2000;    current loss: 0.2162478268146515
INFO Gradient norm: 15.007972526933887
PROGRESS    Completed epoch 1886 / 2000;    current loss: 0.21924561262130737
INFO Gradient norm: 20.383726593977638
PROGRESS    Completed epoch 1887 / 2000;    current loss: 0.22295856475830078
INFO Gradient norm: 9.533962899422436
PROGRESS    Completed epoch 1888 / 2000;    current loss: 0.2166077047586441
INFO Gradient norm: 14.494866115378462
PROGRESS    Completed epoch 1889 / 2000;    current loss: 0.21879732608795166
INFO Gradient norm: 20.639487580915144
PROGRESS    Completed epoch 1890 / 2000;    current loss: 0.22276724874973297
INFO Gradient norm: 9.626189720820907
PROGRESS    Completed epoch 1891 / 2000;    current loss: 0.21657694876194
INFO Gradient norm: 13.885204545440438
PROGRESS    Completed epoch 1892 / 2000;    current loss: 0.2185131162405014
INFO Gradient norm: 19.580648869441184
PROGRESS    Completed epoch 1893 / 2000;    current loss: 0.22223059833049774
INFO Gradient norm: 9.190538981927292
PROGRESS    Completed epoch 1894 / 2000;    current loss: 0.21639235317707062
INFO Gradient norm: 14.145710124175274
PROGRESS    Completed epoch 1895 / 2000;    current loss: 0.21852697432041168
INFO Gradient norm: 19.85423443085525
PROGRESS    Completed epoch 1896 / 2000;    current loss: 0.222107395529747
INFO Gradient norm: 8.737478078025307
PROGRESS    Completed epoch 1897 / 2000;    current loss: 0.21617642045021057
INFO Gradient norm: 14.410309004755728
PROGRESS    Completed epoch 1898 / 2000;    current loss: 0.21871903538703918
INFO Gradient norm: 19.867381266821
PROGRESS    Completed epoch 1899 / 2000;    current loss: 0.22239066660404205
INFO Gradient norm: 9.442017177401677
PROGRESS    Completed epoch 1900 / 2000;    current loss: 0.21639326214790344
INFO Gradient norm: 13.807028774983953
PROGRESS    Completed epoch 1901 / 2000;    current loss: 0.21828678250312805
INFO Gradient norm: 19.715502027540655
PROGRESS    Completed epoch 1902 / 2000;    current loss: 0.22196705639362335
INFO Gradient norm: 9.005293167923085
PROGRESS    Completed epoch 1903 / 2000;    current loss: 0.21617847681045532
INFO Gradient norm: 13.682401971180315
PROGRESS    Completed epoch 1904 / 2000;    current loss: 0.21825118362903595
INFO Gradient norm: 19.085262970466417
PROGRESS    Completed epoch 1905 / 2000;    current loss: 0.22176149487495422
INFO Gradient norm: 8.861019152074379
PROGRESS    Completed epoch 1906 / 2000;    current loss: 0.21610602736473083
INFO Gradient norm: 14.070055859339556
PROGRESS    Completed epoch 1907 / 2000;    current loss: 0.2183302938938141
INFO Gradient norm: 19.727805047493163
PROGRESS    Completed epoch 1908 / 2000;    current loss: 0.22188061475753784
INFO Gradient norm: 8.775659860837383
PROGRESS    Completed epoch 1909 / 2000;    current loss: 0.21602238714694977
INFO Gradient norm: 14.050778997225658
PROGRESS    Completed epoch 1910 / 2000;    current loss: 0.218361034989357
INFO Gradient norm: 19.526631970676153
PROGRESS    Completed epoch 1911 / 2000;    current loss: 0.22199290990829468
INFO Gradient norm: 9.406283136052272
PROGRESS    Completed epoch 1912 / 2000;    current loss: 0.21621248126029968
INFO Gradient norm: 13.35184989180847
PROGRESS    Completed epoch 1913 / 2000;    current loss: 0.21791261434555054
INFO Gradient norm: 16.670856519219246
PROGRESS    Completed epoch 1914 / 2000;    current loss: 0.2199043482542038
INFO Gradient norm: 4.5220502727478395
PROGRESS    Completed epoch 1915 / 2000;    current loss: 0.2151137888431549
INFO Gradient norm: 16.88335642857424
PROGRESS    Completed epoch 1916 / 2000;    current loss: 0.22040893137454987
INFO Gradient norm: 21.153862742004144
PROGRESS    Completed epoch 1917 / 2000;    current loss: 0.22372949123382568
INFO Gradient norm: 10.158471913835474
PROGRESS    Completed epoch 1918 / 2000;    current loss: 0.21697930991649628
INFO Gradient norm: 13.150376213552672
PROGRESS    Completed epoch 1919 / 2000;    current loss: 0.21843309700489044
INFO Gradient norm: 19.91115310670809
PROGRESS    Completed epoch 1920 / 2000;    current loss: 0.22278068959712982
INFO Gradient norm: 10.544827037938399
PROGRESS    Completed epoch 1921 / 2000;    current loss: 0.21735228598117828
INFO Gradient norm: 10.936520304714865
PROGRESS    Completed epoch 1922 / 2000;    current loss: 0.2175210416316986
INFO Gradient norm: 16.496957334170038
PROGRESS    Completed epoch 1923 / 2000;    current loss: 0.22057828307151794
INFO Gradient norm: 7.352784716909633
PROGRESS    Completed epoch 1924 / 2000;    current loss: 0.21628108620643616
INFO Gradient norm: 13.184302134887918
PROGRESS    Completed epoch 1925 / 2000;    current loss: 0.21863706409931183
INFO Gradient norm: 17.57007715354754
PROGRESS    Completed epoch 1926 / 2000;    current loss: 0.22124214470386505
INFO Gradient norm: 6.575969678417047
PROGRESS    Completed epoch 1927 / 2000;    current loss: 0.21609769761562347
INFO Gradient norm: 14.902334320521545
PROGRESS    Completed epoch 1928 / 2000;    current loss: 0.21956942975521088
INFO Gradient norm: 19.840109182681473
PROGRESS    Completed epoch 1929 / 2000;    current loss: 0.22298988699913025
INFO Gradient norm: 9.820064394241268
PROGRESS    Completed epoch 1930 / 2000;    current loss: 0.21706905961036682
INFO Gradient norm: 12.278361396042238
PROGRESS    Completed epoch 1931 / 2000;    current loss: 0.21811971068382263
INFO Gradient norm: 18.421188802739866
PROGRESS    Completed epoch 1932 / 2000;    current loss: 0.22171056270599365
INFO Gradient norm: 8.913786949552417
PROGRESS    Completed epoch 1933 / 2000;    current loss: 0.21671538054943085
INFO Gradient norm: 12.058040538689779
PROGRESS    Completed epoch 1934 / 2000;    current loss: 0.21797412633895874
INFO Gradient norm: 17.15172186912899
PROGRESS    Completed epoch 1935 / 2000;    current loss: 0.22089509665966034
INFO Gradient norm: 7.616280416961356
PROGRESS    Completed epoch 1936 / 2000;    current loss: 0.2162119597196579
INFO Gradient norm: 13.36004297288624
PROGRESS    Completed epoch 1937 / 2000;    current loss: 0.21852941811084747
INFO Gradient norm: 18.241186890026917
PROGRESS    Completed epoch 1938 / 2000;    current loss: 0.22143569588661194
INFO Gradient norm: 7.715619492812221
PROGRESS    Completed epoch 1939 / 2000;    current loss: 0.21619440615177155
INFO Gradient norm: 13.682369298814047
PROGRESS    Completed epoch 1940 / 2000;    current loss: 0.21867898106575012
INFO Gradient norm: 18.864362409691527
PROGRESS    Completed epoch 1941 / 2000;    current loss: 0.2220144271850586
INFO Gradient norm: 9.267157074469347
PROGRESS    Completed epoch 1942 / 2000;    current loss: 0.21663717925548553
INFO Gradient norm: 12.255539156957171
PROGRESS    Completed epoch 1943 / 2000;    current loss: 0.21784622967243195
INFO Gradient norm: 17.953260291216214
PROGRESS    Completed epoch 1944 / 2000;    current loss: 0.22108502686023712
INFO Gradient norm: 8.195726152098405
PROGRESS    Completed epoch 1945 / 2000;    current loss: 0.2162136733531952
INFO Gradient norm: 12.57018429889402
PROGRESS    Completed epoch 1946 / 2000;    current loss: 0.21799340844154358
INFO Gradient norm: 17.510044701936412
PROGRESS    Completed epoch 1947 / 2000;    current loss: 0.2208956480026245
INFO Gradient norm: 7.885040534218145
PROGRESS    Completed epoch 1948 / 2000;    current loss: 0.21604222059249878
INFO Gradient norm: 13.187960070003955
PROGRESS    Completed epoch 1949 / 2000;    current loss: 0.2181650996208191
INFO Gradient norm: 18.35465974067029
PROGRESS    Completed epoch 1950 / 2000;    current loss: 0.2212153673171997
INFO Gradient norm: 8.18890802674722
PROGRESS    Completed epoch 1951 / 2000;    current loss: 0.2160847783088684
INFO Gradient norm: 12.939731224690295
PROGRESS    Completed epoch 1952 / 2000;    current loss: 0.2180086225271225
INFO Gradient norm: 18.127058083521213
PROGRESS    Completed epoch 1953 / 2000;    current loss: 0.22120638191699982
INFO Gradient norm: 8.725641052977378
PROGRESS    Completed epoch 1954 / 2000;    current loss: 0.21620436012744904
INFO Gradient norm: 12.336804051756255
PROGRESS    Completed epoch 1955 / 2000;    current loss: 0.217621311545372
INFO Gradient norm: 17.74431859560008
PROGRESS    Completed epoch 1956 / 2000;    current loss: 0.22063635289669037
INFO Gradient norm: 7.92519646769381
PROGRESS    Completed epoch 1957 / 2000;    current loss: 0.21585707366466522
INFO Gradient norm: 12.744666350578258
PROGRESS    Completed epoch 1958 / 2000;    current loss: 0.21779826283454895
INFO Gradient norm: 16.731816149801283
PROGRESS    Completed epoch 1959 / 2000;    current loss: 0.22009867429733276
INFO Gradient norm: 6.489639751185805
PROGRESS    Completed epoch 1960 / 2000;    current loss: 0.2154620736837387
INFO Gradient norm: 14.246774772853286
PROGRESS    Completed epoch 1961 / 2000;    current loss: 0.21851781010627747
INFO Gradient norm: 20.021795952374863
PROGRESS    Completed epoch 1962 / 2000;    current loss: 0.22224678099155426
INFO Gradient norm: 11.538466151563087
PROGRESS    Completed epoch 1963 / 2000;    current loss: 0.2172141969203949
INFO Gradient norm: 8.102872435762722
PROGRESS    Completed epoch 1964 / 2000;    current loss: 0.21592894196510315
INFO Gradient norm: 13.726570171837187
PROGRESS    Completed epoch 1965 / 2000;    current loss: 0.21834765374660492
INFO Gradient norm: 6.5963982882067995
PROGRESS    Completed epoch 1966 / 2000;    current loss: 0.21544526517391205
INFO Gradient norm: 11.174028955651712
PROGRESS    Completed epoch 1967 / 2000;    current loss: 0.21696923673152924
INFO Gradient norm: 14.900513889520617
PROGRESS    Completed epoch 1968 / 2000;    current loss: 0.21878252923488617
INFO Gradient norm: 5.432666952627299
PROGRESS    Completed epoch 1969 / 2000;    current loss: 0.21512369811534882
INFO Gradient norm: 13.394363527354532
PROGRESS    Completed epoch 1970 / 2000;    current loss: 0.21807953715324402
INFO Gradient norm: 17.758537419126394
PROGRESS    Completed epoch 1971 / 2000;    current loss: 0.2207961082458496
INFO Gradient norm: 9.229432342587751
PROGRESS    Completed epoch 1972 / 2000;    current loss: 0.21617914736270905
INFO Gradient norm: 10.311560546577148
PROGRESS    Completed epoch 1973 / 2000;    current loss: 0.21647508442401886
INFO Gradient norm: 15.959449484556057
PROGRESS    Completed epoch 1974 / 2000;    current loss: 0.2192690670490265
INFO Gradient norm: 8.198625209159284
PROGRESS    Completed epoch 1975 / 2000;    current loss: 0.21571068465709686
INFO Gradient norm: 9.888942194912829
PROGRESS    Completed epoch 1976 / 2000;    current loss: 0.2163233458995819
INFO Gradient norm: 14.13831955980894
PROGRESS    Completed epoch 1977 / 2000;    current loss: 0.2183637022972107
INFO Gradient norm: 5.920097561941539
PROGRESS    Completed epoch 1978 / 2000;    current loss: 0.21504633128643036
INFO Gradient norm: 12.444794093275663
PROGRESS    Completed epoch 1979 / 2000;    current loss: 0.2173185646533966
INFO Gradient norm: 16.817852556660878
PROGRESS    Completed epoch 1980 / 2000;    current loss: 0.21971367299556732
INFO Gradient norm: 8.007501128976664
PROGRESS    Completed epoch 1981 / 2000;    current loss: 0.2155330926179886
INFO Gradient norm: 10.805344367550276
PROGRESS    Completed epoch 1982 / 2000;    current loss: 0.21663014590740204
INFO Gradient norm: 15.699646363714791
PROGRESS    Completed epoch 1983 / 2000;    current loss: 0.21919189393520355
INFO Gradient norm: 8.032965293554819
PROGRESS    Completed epoch 1984 / 2000;    current loss: 0.215522900223732
INFO Gradient norm: 10.307295736948515
PROGRESS    Completed epoch 1985 / 2000;    current loss: 0.21626435220241547
INFO Gradient norm: 15.095511389181846
PROGRESS    Completed epoch 1986 / 2000;    current loss: 0.21855029463768005
INFO Gradient norm: 6.882680135979546
PROGRESS    Completed epoch 1987 / 2000;    current loss: 0.21509580314159393
INFO Gradient norm: 11.108571644940474
PROGRESS    Completed epoch 1988 / 2000;    current loss: 0.21660420298576355
INFO Gradient norm: 15.324276282711901
PROGRESS    Completed epoch 1989 / 2000;    current loss: 0.21882179379463196
INFO Gradient norm: 7.188933263971773
PROGRESS    Completed epoch 1990 / 2000;    current loss: 0.21513383090496063
INFO Gradient norm: 11.298788280855291
PROGRESS    Completed epoch 1991 / 2000;    current loss: 0.2165609896183014
INFO Gradient norm: 16.12428540387461
PROGRESS    Completed epoch 1992 / 2000;    current loss: 0.21905139088630676
INFO Gradient norm: 7.9192391529848
PROGRESS    Completed epoch 1993 / 2000;    current loss: 0.21527554094791412
INFO Gradient norm: 10.196714240464134
PROGRESS    Completed epoch 1994 / 2000;    current loss: 0.2160925567150116
INFO Gradient norm: 14.75259756574065
PROGRESS    Completed epoch 1995 / 2000;    current loss: 0.21835333108901978
INFO Gradient norm: 7.037658772401463
PROGRESS    Completed epoch 1996 / 2000;    current loss: 0.2149748057126999
INFO Gradient norm: 10.994463529821362
PROGRESS    Completed epoch 1997 / 2000;    current loss: 0.21630960702896118
INFO Gradient norm: 15.51333470673565
PROGRESS    Completed epoch 1998 / 2000;    current loss: 0.21856693923473358
INFO Gradient norm: 7.119913835987928
PROGRESS    Completed epoch 1999 / 2000;    current loss: 0.21493056416511536
INFO Gradient norm: 11.0251669656751
PROGRESS    Completed epoch 2000 / 2000;    current loss: 0.2163262814283371
INFO    Saving model weights ...
INFO Model weights saved successfully to /home/hoang/utopya_output/Dengue/250605-154232/data/uni01/data_npc_checkpoint.pth
INFO    Simulation run finished.
INFO    Wrapping up ...
SUCCESS    All done.

---
end of log. exit code: 0

