Log of 'out' stream of WorkerTask 'uni01'
---

INFO    Using 'cpu' as training device. Number of threads: 10
INFO    Loading training data ...
INFO    Initializing the neural net ...
INFO    Initialized model 'Dengue'.
INFO    Now commencing training for 2000 epochs ...
INFO Gradient norm: 711.3585284363002
PROGRESS    Completed epoch 1 / 2000;    current loss: 427.6280822753906
INFO Gradient norm: 711.720911909331
PROGRESS    Completed epoch 2 / 2000;    current loss: 427.3760986328125
INFO Gradient norm: 712.083868828882
PROGRESS    Completed epoch 3 / 2000;    current loss: 427.12384033203125
INFO Gradient norm: 712.447448567895
PROGRESS    Completed epoch 4 / 2000;    current loss: 426.8709716796875
INFO Gradient norm: 712.8126227925478
PROGRESS    Completed epoch 5 / 2000;    current loss: 426.61737060546875
INFO Gradient norm: 713.1789226591884
PROGRESS    Completed epoch 6 / 2000;    current loss: 426.3631896972656
INFO Gradient norm: 713.5470050823823
PROGRESS    Completed epoch 7 / 2000;    current loss: 426.1077575683594
INFO Gradient norm: 713.9163343779843
PROGRESS    Completed epoch 8 / 2000;    current loss: 425.8514404296875
INFO Gradient norm: 714.2880792008935
PROGRESS    Completed epoch 9 / 2000;    current loss: 425.59393310546875
INFO Gradient norm: 714.6616453997862
PROGRESS    Completed epoch 10 / 2000;    current loss: 425.3348083496094
INFO Gradient norm: 715.0377511178382
PROGRESS    Completed epoch 11 / 2000;    current loss: 425.0744934082031
INFO Gradient norm: 715.4157457368722
PROGRESS    Completed epoch 12 / 2000;    current loss: 424.8121337890625
INFO Gradient norm: 715.7972202149027
PROGRESS    Completed epoch 13 / 2000;    current loss: 424.5483703613281
INFO Gradient norm: 716.1812877153311
PROGRESS    Completed epoch 14 / 2000;    current loss: 424.2822265625
INFO Gradient norm: 716.5680021848565
PROGRESS    Completed epoch 15 / 2000;    current loss: 424.0140075683594
INFO Gradient norm: 716.9587153725454
PROGRESS    Completed epoch 16 / 2000;    current loss: 423.74371337890625
INFO Gradient norm: 717.3528221828038
PROGRESS    Completed epoch 17 / 2000;    current loss: 423.4708251953125
INFO Gradient norm: 717.7507300129624
PROGRESS    Completed epoch 18 / 2000;    current loss: 423.19549560546875
INFO Gradient norm: 718.1526638986498
PROGRESS    Completed epoch 19 / 2000;    current loss: 422.917236328125
INFO Gradient norm: 718.5585191870712
PROGRESS    Completed epoch 20 / 2000;    current loss: 422.63641357421875
INFO Gradient norm: 718.968727001946
PROGRESS    Completed epoch 21 / 2000;    current loss: 422.35205078125
INFO Gradient norm: 719.3834720940298
PROGRESS    Completed epoch 22 / 2000;    current loss: 422.06475830078125
INFO Gradient norm: 719.8029479568703
PROGRESS    Completed epoch 23 / 2000;    current loss: 421.7738037109375
INFO Gradient norm: 720.2274003252242
PROGRESS    Completed epoch 24 / 2000;    current loss: 421.4796142578125
INFO Gradient norm: 720.6574682309457
PROGRESS    Completed epoch 25 / 2000;    current loss: 421.1815490722656
INFO Gradient norm: 721.093002170919
PROGRESS    Completed epoch 26 / 2000;    current loss: 420.8798522949219
INFO Gradient norm: 721.5337726266878
PROGRESS    Completed epoch 27 / 2000;    current loss: 420.57403564453125
INFO Gradient norm: 721.9804448037639
PROGRESS    Completed epoch 28 / 2000;    current loss: 420.26373291015625
INFO Gradient norm: 722.4330899054075
PROGRESS    Completed epoch 29 / 2000;    current loss: 419.9493713378906
INFO Gradient norm: 722.8921585043202
PROGRESS    Completed epoch 30 / 2000;    current loss: 419.63055419921875
INFO Gradient norm: 723.3575636603542
PROGRESS    Completed epoch 31 / 2000;    current loss: 419.3069152832031
INFO Gradient norm: 723.8292421583049
PROGRESS    Completed epoch 32 / 2000;    current loss: 418.9784240722656
INFO Gradient norm: 724.308156324419
PROGRESS    Completed epoch 33 / 2000;    current loss: 418.6448974609375
INFO Gradient norm: 724.7938382602568
PROGRESS    Completed epoch 34 / 2000;    current loss: 418.3063659667969
INFO Gradient norm: 725.2866642485662
PROGRESS    Completed epoch 35 / 2000;    current loss: 417.9621887207031
INFO Gradient norm: 725.7872701698961
PROGRESS    Completed epoch 36 / 2000;    current loss: 417.6125793457031
INFO Gradient norm: 726.2952041304181
PROGRESS    Completed epoch 37 / 2000;    current loss: 417.25732421875
INFO Gradient norm: 726.8103810023978
PROGRESS    Completed epoch 38 / 2000;    current loss: 416.8961486816406
INFO Gradient norm: 727.3340147863238
PROGRESS    Completed epoch 39 / 2000;    current loss: 416.52899169921875
INFO Gradient norm: 727.8654584947075
PROGRESS    Completed epoch 40 / 2000;    current loss: 416.1554870605469
INFO Gradient norm: 728.4053576066914
PROGRESS    Completed epoch 41 / 2000;    current loss: 415.77581787109375
INFO Gradient norm: 728.9534070034201
PROGRESS    Completed epoch 42 / 2000;    current loss: 415.3891906738281
INFO Gradient norm: 729.5103989860777
PROGRESS    Completed epoch 43 / 2000;    current loss: 414.9962158203125
INFO Gradient norm: 730.0752886548814
PROGRESS    Completed epoch 44 / 2000;    current loss: 414.595703125
INFO Gradient norm: 730.6500374894908
PROGRESS    Completed epoch 45 / 2000;    current loss: 414.188720703125
INFO Gradient norm: 731.2337545325774
PROGRESS    Completed epoch 46 / 2000;    current loss: 413.7744445800781
INFO Gradient norm: 731.8263000331726
PROGRESS    Completed epoch 47 / 2000;    current loss: 413.35235595703125
INFO Gradient norm: 732.4287269615237
PROGRESS    Completed epoch 48 / 2000;    current loss: 412.9227294921875
INFO Gradient norm: 733.041051834681
PROGRESS    Completed epoch 49 / 2000;    current loss: 412.4850769042969
INFO Gradient norm: 733.6635094595823
PROGRESS    Completed epoch 50 / 2000;    current loss: 412.0396728515625
INFO Gradient norm: 734.296526388423
PROGRESS    Completed epoch 51 / 2000;    current loss: 411.5859680175781
INFO Gradient norm: 734.940416602965
PROGRESS    Completed epoch 52 / 2000;    current loss: 411.12384033203125
INFO Gradient norm: 735.5965569806331
PROGRESS    Completed epoch 53 / 2000;    current loss: 410.6533203125
INFO Gradient norm: 736.2651632364008
PROGRESS    Completed epoch 54 / 2000;    current loss: 410.173828125
INFO Gradient norm: 736.9454914022032
PROGRESS    Completed epoch 55 / 2000;    current loss: 409.6851806640625
INFO Gradient norm: 737.6393906324508
PROGRESS    Completed epoch 56 / 2000;    current loss: 409.1876525878906
INFO Gradient norm: 738.3474829650798
PROGRESS    Completed epoch 57 / 2000;    current loss: 408.6807861328125
INFO Gradient norm: 739.0694282764479
PROGRESS    Completed epoch 58 / 2000;    current loss: 408.1641845703125
INFO Gradient norm: 739.8064345056625
PROGRESS    Completed epoch 59 / 2000;    current loss: 407.6376953125
INFO Gradient norm: 740.557192838233
PROGRESS    Completed epoch 60 / 2000;    current loss: 407.101318359375
INFO Gradient norm: 741.3230306068106
PROGRESS    Completed epoch 61 / 2000;    current loss: 406.5545654296875
INFO Gradient norm: 742.1029274307319
PROGRESS    Completed epoch 62 / 2000;    current loss: 405.9979248046875
INFO Gradient norm: 742.8972182923023
PROGRESS    Completed epoch 63 / 2000;    current loss: 405.4300842285156
INFO Gradient norm: 743.7053175500932
PROGRESS    Completed epoch 64 / 2000;    current loss: 404.85162353515625
INFO Gradient norm: 744.5279199604623
PROGRESS    Completed epoch 65 / 2000;    current loss: 404.26214599609375
INFO Gradient norm: 745.3643032868326
PROGRESS    Completed epoch 66 / 2000;    current loss: 403.6614074707031
INFO Gradient norm: 746.2138687342783
PROGRESS    Completed epoch 67 / 2000;    current loss: 403.04901123046875
INFO Gradient norm: 747.0766058508681
PROGRESS    Completed epoch 68 / 2000;    current loss: 402.42498779296875
INFO Gradient norm: 747.9518040819034
PROGRESS    Completed epoch 69 / 2000;    current loss: 401.7892150878906
INFO Gradient norm: 748.8384898141054
PROGRESS    Completed epoch 70 / 2000;    current loss: 401.1411437988281
INFO Gradient norm: 749.736786845982
PROGRESS    Completed epoch 71 / 2000;    current loss: 400.4809875488281
INFO Gradient norm: 750.645511970167
PROGRESS    Completed epoch 72 / 2000;    current loss: 399.8080749511719
INFO Gradient norm: 751.564534504681
PROGRESS    Completed epoch 73 / 2000;    current loss: 399.12261962890625
INFO Gradient norm: 752.4926856843732
PROGRESS    Completed epoch 74 / 2000;    current loss: 398.4241027832031
INFO Gradient norm: 753.4293118443512
PROGRESS    Completed epoch 75 / 2000;    current loss: 397.7124938964844
INFO Gradient norm: 754.3737035277627
PROGRESS    Completed epoch 76 / 2000;    current loss: 396.9873352050781
INFO Gradient norm: 755.3246239110647
PROGRESS    Completed epoch 77 / 2000;    current loss: 396.24884033203125
INFO Gradient norm: 756.2811664549307
PROGRESS    Completed epoch 78 / 2000;    current loss: 395.4964294433594
INFO Gradient norm: 757.2419892879818
PROGRESS    Completed epoch 79 / 2000;    current loss: 394.7300720214844
INFO Gradient norm: 758.2062144692027
PROGRESS    Completed epoch 80 / 2000;    current loss: 393.94964599609375
INFO Gradient norm: 759.1725906102822
PROGRESS    Completed epoch 81 / 2000;    current loss: 393.15496826171875
INFO Gradient norm: 760.1392138355044
PROGRESS    Completed epoch 82 / 2000;    current loss: 392.3455810546875
INFO Gradient norm: 761.1050633242178
PROGRESS    Completed epoch 83 / 2000;    current loss: 391.5216979980469
INFO Gradient norm: 762.0685961220432
PROGRESS    Completed epoch 84 / 2000;    current loss: 390.6826171875
INFO Gradient norm: 763.0278696164082
PROGRESS    Completed epoch 85 / 2000;    current loss: 389.8288269042969
INFO Gradient norm: 763.9816004638054
PROGRESS    Completed epoch 86 / 2000;    current loss: 388.959716796875
INFO Gradient norm: 764.9269653965911
PROGRESS    Completed epoch 87 / 2000;    current loss: 388.0751647949219
INFO Gradient norm: 765.8626190755703
PROGRESS    Completed epoch 88 / 2000;    current loss: 387.17498779296875
INFO Gradient norm: 766.7862846681971
PROGRESS    Completed epoch 89 / 2000;    current loss: 386.2593078613281
INFO Gradient norm: 767.6961292036033
PROGRESS    Completed epoch 90 / 2000;    current loss: 385.3277587890625
INFO Gradient norm: 768.588923151104
PROGRESS    Completed epoch 91 / 2000;    current loss: 384.3804016113281
INFO Gradient norm: 769.4627833252498
PROGRESS    Completed epoch 92 / 2000;    current loss: 383.4165344238281
INFO Gradient norm: 770.3155013686383
PROGRESS    Completed epoch 93 / 2000;    current loss: 382.4369201660156
INFO Gradient norm: 771.1436867721667
PROGRESS    Completed epoch 94 / 2000;    current loss: 381.44073486328125
INFO Gradient norm: 771.9450358342538
PROGRESS    Completed epoch 95 / 2000;    current loss: 380.4282531738281
INFO Gradient norm: 772.7156537918777
PROGRESS    Completed epoch 96 / 2000;    current loss: 379.3992004394531
INFO Gradient norm: 773.4541278572372
PROGRESS    Completed epoch 97 / 2000;    current loss: 378.353515625
INFO Gradient norm: 774.1550116069303
PROGRESS    Completed epoch 98 / 2000;    current loss: 377.2913818359375
INFO Gradient norm: 774.8169106085551
PROGRESS    Completed epoch 99 / 2000;    current loss: 376.2125549316406
INFO Gradient norm: 775.4352301865276
PROGRESS    Completed epoch 100 / 2000;    current loss: 375.1168212890625
INFO Gradient norm: 776.0073719449539
PROGRESS    Completed epoch 101 / 2000;    current loss: 374.0045471191406
INFO Gradient norm: 776.5296080073181
PROGRESS    Completed epoch 102 / 2000;    current loss: 372.87567138671875
INFO Gradient norm: 776.9994444584928
PROGRESS    Completed epoch 103 / 2000;    current loss: 371.7300720214844
INFO Gradient norm: 777.4083407786578
PROGRESS    Completed epoch 104 / 2000;    current loss: 370.56756591796875
INFO Gradient norm: 777.7589797272602
PROGRESS    Completed epoch 105 / 2000;    current loss: 369.3886413574219
INFO Gradient norm: 778.0409563680297
PROGRESS    Completed epoch 106 / 2000;    current loss: 368.19342041015625
INFO Gradient norm: 778.2544652399575
PROGRESS    Completed epoch 107 / 2000;    current loss: 366.9815673828125
INFO Gradient norm: 778.3969600738129
PROGRESS    Completed epoch 108 / 2000;    current loss: 365.7532653808594
INFO Gradient norm: 778.4601872071945
PROGRESS    Completed epoch 109 / 2000;    current loss: 364.5088806152344
INFO Gradient norm: 778.4419557479887
PROGRESS    Completed epoch 110 / 2000;    current loss: 363.248779296875
INFO Gradient norm: 778.339523873243
PROGRESS    Completed epoch 111 / 2000;    current loss: 361.9725341796875
INFO Gradient norm: 778.150041937771
PROGRESS    Completed epoch 112 / 2000;    current loss: 360.68060302734375
INFO Gradient norm: 777.8668272070994
PROGRESS    Completed epoch 113 / 2000;    current loss: 359.3731384277344
INFO Gradient norm: 777.488599386795
PROGRESS    Completed epoch 114 / 2000;    current loss: 358.0505676269531
INFO Gradient norm: 777.0084438582264
PROGRESS    Completed epoch 115 / 2000;    current loss: 356.71307373046875
INFO Gradient norm: 776.4276730293836
PROGRESS    Completed epoch 116 / 2000;    current loss: 355.3610534667969
INFO Gradient norm: 775.741693346831
PROGRESS    Completed epoch 117 / 2000;    current loss: 353.9949951171875
INFO Gradient norm: 774.9457193477904
PROGRESS    Completed epoch 118 / 2000;    current loss: 352.61468505859375
INFO Gradient norm: 774.0416354849208
PROGRESS    Completed epoch 119 / 2000;    current loss: 351.2203369140625
INFO Gradient norm: 773.0211026027421
PROGRESS    Completed epoch 120 / 2000;    current loss: 349.8135070800781
INFO Gradient norm: 771.8864179170914
PROGRESS    Completed epoch 121 / 2000;    current loss: 348.3935546875
INFO Gradient norm: 770.6358455465431
PROGRESS    Completed epoch 122 / 2000;    current loss: 346.9615478515625
INFO Gradient norm: 769.2664650962329
PROGRESS    Completed epoch 123 / 2000;    current loss: 345.5174560546875
INFO Gradient norm: 767.7794934207027
PROGRESS    Completed epoch 124 / 2000;    current loss: 344.06201171875
INFO Gradient norm: 766.173778632766
PROGRESS    Completed epoch 125 / 2000;    current loss: 342.595947265625
INFO Gradient norm: 764.4496613055977
PROGRESS    Completed epoch 126 / 2000;    current loss: 341.1195983886719
INFO Gradient norm: 762.6095582465797
PROGRESS    Completed epoch 127 / 2000;    current loss: 339.6330261230469
INFO Gradient norm: 760.6532449739303
PROGRESS    Completed epoch 128 / 2000;    current loss: 338.1374206542969
INFO Gradient norm: 758.5830934771882
PROGRESS    Completed epoch 129 / 2000;    current loss: 336.6332092285156
INFO Gradient norm: 756.4016383307346
PROGRESS    Completed epoch 130 / 2000;    current loss: 335.1210021972656
INFO Gradient norm: 754.1114023174442
PROGRESS    Completed epoch 131 / 2000;    current loss: 333.6015625
INFO Gradient norm: 751.7166687746521
PROGRESS    Completed epoch 132 / 2000;    current loss: 332.07476806640625
INFO Gradient norm: 749.2205748352221
PROGRESS    Completed epoch 133 / 2000;    current loss: 330.542724609375
INFO Gradient norm: 746.627164397375
PROGRESS    Completed epoch 134 / 2000;    current loss: 329.00439453125
INFO Gradient norm: 743.94218639423
PROGRESS    Completed epoch 135 / 2000;    current loss: 327.4617919921875
INFO Gradient norm: 741.1710162272686
PROGRESS    Completed epoch 136 / 2000;    current loss: 325.9150085449219
INFO Gradient norm: 738.3209027817234
PROGRESS    Completed epoch 137 / 2000;    current loss: 324.3646240234375
INFO Gradient norm: 735.3994122892027
PROGRESS    Completed epoch 138 / 2000;    current loss: 322.8115539550781
INFO Gradient norm: 732.4153116168775
PROGRESS    Completed epoch 139 / 2000;    current loss: 321.2563781738281
INFO Gradient norm: 729.3770155870767
PROGRESS    Completed epoch 140 / 2000;    current loss: 319.69940185546875
INFO Gradient norm: 726.2919061713075
PROGRESS    Completed epoch 141 / 2000;    current loss: 318.1415100097656
INFO Gradient norm: 723.1684162719436
PROGRESS    Completed epoch 142 / 2000;    current loss: 316.5830078125
INFO Gradient norm: 720.0142846195682
PROGRESS    Completed epoch 143 / 2000;    current loss: 315.02423095703125
INFO Gradient norm: 716.8387584792798
PROGRESS    Completed epoch 144 / 2000;    current loss: 313.4663391113281
INFO Gradient norm: 713.6495471620549
PROGRESS    Completed epoch 145 / 2000;    current loss: 311.9092102050781
INFO Gradient norm: 710.4562807066541
PROGRESS    Completed epoch 146 / 2000;    current loss: 310.35357666015625
INFO Gradient norm: 707.2660799831191
PROGRESS    Completed epoch 147 / 2000;    current loss: 308.79974365234375
INFO Gradient norm: 704.087827123967
PROGRESS    Completed epoch 148 / 2000;    current loss: 307.248291015625
INFO Gradient norm: 700.9293567211538
PROGRESS    Completed epoch 149 / 2000;    current loss: 305.69952392578125
INFO Gradient norm: 697.7981092355888
PROGRESS    Completed epoch 150 / 2000;    current loss: 304.1539306640625
INFO Gradient norm: 694.7006076730746
PROGRESS    Completed epoch 151 / 2000;    current loss: 302.6117858886719
INFO Gradient norm: 691.643507611886
PROGRESS    Completed epoch 152 / 2000;    current loss: 301.0732727050781
INFO Gradient norm: 688.6349165678613
PROGRESS    Completed epoch 153 / 2000;    current loss: 299.5389404296875
INFO Gradient norm: 685.6857697870929
PROGRESS    Completed epoch 154 / 2000;    current loss: 298.0087890625
INFO Gradient norm: 682.8018654158959
PROGRESS    Completed epoch 155 / 2000;    current loss: 296.4825439453125
INFO Gradient norm: 679.9841406936408
PROGRESS    Completed epoch 156 / 2000;    current loss: 294.9604797363281
INFO Gradient norm: 677.2337553710192
PROGRESS    Completed epoch 157 / 2000;    current loss: 293.4421081542969
INFO Gradient norm: 674.5495917935818
PROGRESS    Completed epoch 158 / 2000;    current loss: 291.9273986816406
INFO Gradient norm: 671.9333190304651
PROGRESS    Completed epoch 159 / 2000;    current loss: 290.4163513183594
INFO Gradient norm: 669.3831857424213
PROGRESS    Completed epoch 160 / 2000;    current loss: 288.90875244140625
INFO Gradient norm: 666.898836355193
PROGRESS    Completed epoch 161 / 2000;    current loss: 287.40447998046875
INFO Gradient norm: 664.4779067003661
PROGRESS    Completed epoch 162 / 2000;    current loss: 285.90289306640625
INFO Gradient norm: 662.1183159465501
PROGRESS    Completed epoch 163 / 2000;    current loss: 284.40350341796875
INFO Gradient norm: 659.8181810238574
PROGRESS    Completed epoch 164 / 2000;    current loss: 282.9063720703125
INFO Gradient norm: 657.5729589090377
PROGRESS    Completed epoch 165 / 2000;    current loss: 281.41046142578125
INFO Gradient norm: 655.3788328712749
PROGRESS    Completed epoch 166 / 2000;    current loss: 279.9155578613281
INFO Gradient norm: 653.2311009918396
PROGRESS    Completed epoch 167 / 2000;    current loss: 278.421142578125
INFO Gradient norm: 651.1237834103861
PROGRESS    Completed epoch 168 / 2000;    current loss: 276.9266357421875
INFO Gradient norm: 649.0514164057229
PROGRESS    Completed epoch 169 / 2000;    current loss: 275.43157958984375
INFO Gradient norm: 647.008170014586
PROGRESS    Completed epoch 170 / 2000;    current loss: 273.9354248046875
INFO Gradient norm: 644.9894053712788
PROGRESS    Completed epoch 171 / 2000;    current loss: 272.4378662109375
INFO Gradient norm: 642.9905231350577
PROGRESS    Completed epoch 172 / 2000;    current loss: 270.93865966796875
INFO Gradient norm: 641.0062063481807
PROGRESS    Completed epoch 173 / 2000;    current loss: 269.43743896484375
INFO Gradient norm: 639.0332280836329
PROGRESS    Completed epoch 174 / 2000;    current loss: 267.9337158203125
INFO Gradient norm: 637.0671186927158
PROGRESS    Completed epoch 175 / 2000;    current loss: 266.4273376464844
INFO Gradient norm: 635.1053830260012
PROGRESS    Completed epoch 176 / 2000;    current loss: 264.9183349609375
INFO Gradient norm: 633.1441329674387
PROGRESS    Completed epoch 177 / 2000;    current loss: 263.40618896484375
INFO Gradient norm: 631.1810117495143
PROGRESS    Completed epoch 178 / 2000;    current loss: 261.8906555175781
INFO Gradient norm: 629.2131564738625
PROGRESS    Completed epoch 179 / 2000;    current loss: 260.3719787597656
INFO Gradient norm: 627.2377588170814
PROGRESS    Completed epoch 180 / 2000;    current loss: 258.84979248046875
INFO Gradient norm: 625.2514985089692
PROGRESS    Completed epoch 181 / 2000;    current loss: 257.3238525390625
INFO Gradient norm: 623.2519196464627
PROGRESS    Completed epoch 182 / 2000;    current loss: 255.7943572998047
INFO Gradient norm: 621.2360675816217
PROGRESS    Completed epoch 183 / 2000;    current loss: 254.26068115234375
INFO Gradient norm: 619.2018558962252
PROGRESS    Completed epoch 184 / 2000;    current loss: 252.72299194335938
INFO Gradient norm: 617.1484672214922
PROGRESS    Completed epoch 185 / 2000;    current loss: 251.18118286132812
INFO Gradient norm: 615.0738760443563
PROGRESS    Completed epoch 186 / 2000;    current loss: 249.6349334716797
INFO Gradient norm: 612.9780843449134
PROGRESS    Completed epoch 187 / 2000;    current loss: 248.0846405029297
INFO Gradient norm: 610.8602726852957
PROGRESS    Completed epoch 188 / 2000;    current loss: 246.52978515625
INFO Gradient norm: 608.721144011605
PROGRESS    Completed epoch 189 / 2000;    current loss: 244.97084045410156
INFO Gradient norm: 606.4502011013852
PROGRESS    Completed epoch 190 / 2000;    current loss: 243.4140625
INFO Gradient norm: 604.298801278772
PROGRESS    Completed epoch 191 / 2000;    current loss: 241.8702850341797
INFO Gradient norm: 602.120541519524
PROGRESS    Completed epoch 192 / 2000;    current loss: 240.31820678710938
INFO Gradient norm: 599.9152500157578
PROGRESS    Completed epoch 193 / 2000;    current loss: 238.75762939453125
INFO Gradient norm: 597.6842549293182
PROGRESS    Completed epoch 194 / 2000;    current loss: 237.1896514892578
INFO Gradient norm: 595.4271338115594
PROGRESS    Completed epoch 195 / 2000;    current loss: 235.61451721191406
INFO Gradient norm: 593.144651831531
PROGRESS    Completed epoch 196 / 2000;    current loss: 234.0328826904297
INFO Gradient norm: 590.8375998369646
PROGRESS    Completed epoch 197 / 2000;    current loss: 232.44491577148438
INFO Gradient norm: 588.505884429425
PROGRESS    Completed epoch 198 / 2000;    current loss: 230.8513946533203
INFO Gradient norm: 586.1501722842722
PROGRESS    Completed epoch 199 / 2000;    current loss: 229.25274658203125
INFO Gradient norm: 583.7709576950184
PROGRESS    Completed epoch 200 / 2000;    current loss: 227.64935302734375
INFO Gradient norm: 581.3680166547597
PROGRESS    Completed epoch 201 / 2000;    current loss: 226.04132080078125
INFO Gradient norm: 578.9420474966311
PROGRESS    Completed epoch 202 / 2000;    current loss: 224.4296417236328
INFO Gradient norm: 576.5609124601275
PROGRESS    Completed epoch 203 / 2000;    current loss: 222.81822204589844
INFO Gradient norm: 574.1002017728451
PROGRESS    Completed epoch 204 / 2000;    current loss: 221.20761108398438
INFO Gradient norm: 571.6155140665073
PROGRESS    Completed epoch 205 / 2000;    current loss: 219.59226989746094
INFO Gradient norm: 569.107115012125
PROGRESS    Completed epoch 206 / 2000;    current loss: 217.9722900390625
INFO Gradient norm: 566.5761215867824
PROGRESS    Completed epoch 207 / 2000;    current loss: 216.3481903076172
INFO Gradient norm: 564.0220934128605
PROGRESS    Completed epoch 208 / 2000;    current loss: 214.72047424316406
INFO Gradient norm: 561.4454053741073
PROGRESS    Completed epoch 209 / 2000;    current loss: 213.08929443359375
INFO Gradient norm: 558.8474997669458
PROGRESS    Completed epoch 210 / 2000;    current loss: 211.4552764892578
INFO Gradient norm: 556.2269511936188
PROGRESS    Completed epoch 211 / 2000;    current loss: 209.818359375
INFO Gradient norm: 553.5871789451043
PROGRESS    Completed epoch 212 / 2000;    current loss: 208.1793212890625
INFO Gradient norm: 550.9190345669031
PROGRESS    Completed epoch 213 / 2000;    current loss: 206.53857421875
INFO Gradient norm: 548.2501362872184
PROGRESS    Completed epoch 214 / 2000;    current loss: 204.89649963378906
INFO Gradient norm: 545.3486758338778
PROGRESS    Completed epoch 215 / 2000;    current loss: 203.2518310546875
INFO Gradient norm: 542.6851760508431
PROGRESS    Completed epoch 216 / 2000;    current loss: 201.64381408691406
INFO Gradient norm: 539.9993799411848
PROGRESS    Completed epoch 217 / 2000;    current loss: 200.03030395507812
INFO Gradient norm: 537.2939393936481
PROGRESS    Completed epoch 218 / 2000;    current loss: 198.411865234375
INFO Gradient norm: 534.5695746789144
PROGRESS    Completed epoch 219 / 2000;    current loss: 196.789306640625
INFO Gradient norm: 531.81812562078
PROGRESS    Completed epoch 220 / 2000;    current loss: 195.1639404296875
INFO Gradient norm: 529.0442274295972
PROGRESS    Completed epoch 221 / 2000;    current loss: 193.5355224609375
INFO Gradient norm: 526.2475208253408
PROGRESS    Completed epoch 222 / 2000;    current loss: 191.904296875
INFO Gradient norm: 523.415412180888
PROGRESS    Completed epoch 223 / 2000;    current loss: 190.27113342285156
INFO Gradient norm: 520.575492369503
PROGRESS    Completed epoch 224 / 2000;    current loss: 188.63650512695312
INFO Gradient norm: 517.7267245864222
PROGRESS    Completed epoch 225 / 2000;    current loss: 187.00076293945312
INFO Gradient norm: 514.8436789176569
PROGRESS    Completed epoch 226 / 2000;    current loss: 185.36376953125
INFO Gradient norm: 511.9389333789718
PROGRESS    Completed epoch 227 / 2000;    current loss: 183.72589111328125
INFO Gradient norm: 509.00698498761403
PROGRESS    Completed epoch 228 / 2000;    current loss: 182.0882568359375
INFO Gradient norm: 506.0684865384915
PROGRESS    Completed epoch 229 / 2000;    current loss: 180.4499053955078
INFO Gradient norm: 503.1089376342668
PROGRESS    Completed epoch 230 / 2000;    current loss: 178.81106567382812
INFO Gradient norm: 500.13919072290525
PROGRESS    Completed epoch 231 / 2000;    current loss: 177.173095703125
INFO Gradient norm: 497.14872543842455
PROGRESS    Completed epoch 232 / 2000;    current loss: 175.53546142578125
INFO Gradient norm: 494.1417248072171
PROGRESS    Completed epoch 233 / 2000;    current loss: 173.89828491210938
INFO Gradient norm: 491.1202097734381
PROGRESS    Completed epoch 234 / 2000;    current loss: 172.2617950439453
INFO Gradient norm: 488.2513338134532
PROGRESS    Completed epoch 235 / 2000;    current loss: 170.62742614746094
INFO Gradient norm: 485.2345621156771
PROGRESS    Completed epoch 236 / 2000;    current loss: 169.00537109375
INFO Gradient norm: 482.19809222006506
PROGRESS    Completed epoch 237 / 2000;    current loss: 167.3822021484375
INFO Gradient norm: 479.1450270191945
PROGRESS    Completed epoch 238 / 2000;    current loss: 165.75787353515625
INFO Gradient norm: 476.07780067894
PROGRESS    Completed epoch 239 / 2000;    current loss: 164.1333465576172
INFO Gradient norm: 472.9897002219954
PROGRESS    Completed epoch 240 / 2000;    current loss: 162.50856018066406
INFO Gradient norm: 469.7614665775047
PROGRESS    Completed epoch 241 / 2000;    current loss: 160.8928680419922
INFO Gradient norm: 466.67678325409696
PROGRESS    Completed epoch 242 / 2000;    current loss: 159.27975463867188
INFO Gradient norm: 463.57744569411136
PROGRESS    Completed epoch 243 / 2000;    current loss: 157.66732788085938
INFO Gradient norm: 460.4624025919767
PROGRESS    Completed epoch 244 / 2000;    current loss: 156.05569458007812
INFO Gradient norm: 457.330620852888
PROGRESS    Completed epoch 245 / 2000;    current loss: 154.44558715820312
INFO Gradient norm: 454.1863131814385
PROGRESS    Completed epoch 246 / 2000;    current loss: 152.83689880371094
INFO Gradient norm: 451.02645714916866
PROGRESS    Completed epoch 247 / 2000;    current loss: 151.2299041748047
INFO Gradient norm: 447.85269576646465
PROGRESS    Completed epoch 248 / 2000;    current loss: 149.62496948242188
INFO Gradient norm: 444.8452119010703
PROGRESS    Completed epoch 249 / 2000;    current loss: 148.03216552734375
INFO Gradient norm: 441.66661165961926
PROGRESS    Completed epoch 250 / 2000;    current loss: 146.4402618408203
INFO Gradient norm: 438.46198735273396
PROGRESS    Completed epoch 251 / 2000;    current loss: 144.8492431640625
INFO Gradient norm: 435.2302990055721
PROGRESS    Completed epoch 252 / 2000;    current loss: 143.2597198486328
INFO Gradient norm: 431.9745377510812
PROGRESS    Completed epoch 253 / 2000;    current loss: 141.6719970703125
INFO Gradient norm: 428.60755371058076
PROGRESS    Completed epoch 254 / 2000;    current loss: 140.09823608398438
INFO Gradient norm: 425.36405337322594
PROGRESS    Completed epoch 255 / 2000;    current loss: 138.52706909179688
INFO Gradient norm: 422.10209529173994
PROGRESS    Completed epoch 256 / 2000;    current loss: 136.9580841064453
INFO Gradient norm: 418.8193056658547
PROGRESS    Completed epoch 257 / 2000;    current loss: 135.39199829101562
INFO Gradient norm: 415.51827429512184
PROGRESS    Completed epoch 258 / 2000;    current loss: 133.82969665527344
INFO Gradient norm: 412.1999830112253
PROGRESS    Completed epoch 259 / 2000;    current loss: 132.27052307128906
INFO Gradient norm: 408.86199858752957
PROGRESS    Completed epoch 260 / 2000;    current loss: 130.71534729003906
INFO Gradient norm: 405.6389020339922
PROGRESS    Completed epoch 261 / 2000;    current loss: 129.16567993164062
INFO Gradient norm: 402.30113419182317
PROGRESS    Completed epoch 262 / 2000;    current loss: 127.6264877319336
INFO Gradient norm: 398.9381312122857
PROGRESS    Completed epoch 263 / 2000;    current loss: 126.09056854248047
INFO Gradient norm: 395.434116981037
PROGRESS    Completed epoch 264 / 2000;    current loss: 124.55937194824219
INFO Gradient norm: 392.0553746317454
PROGRESS    Completed epoch 265 / 2000;    current loss: 123.03657531738281
INFO Gradient norm: 388.65377192303015
PROGRESS    Completed epoch 266 / 2000;    current loss: 121.51789855957031
INFO Gradient norm: 385.3679863042162
PROGRESS    Completed epoch 267 / 2000;    current loss: 120.0063705444336
INFO Gradient norm: 381.94284445086987
PROGRESS    Completed epoch 268 / 2000;    current loss: 118.50041961669922
INFO Gradient norm: 378.39464450730793
PROGRESS    Completed epoch 269 / 2000;    current loss: 117.00257873535156
INFO Gradient norm: 374.9542977287189
PROGRESS    Completed epoch 270 / 2000;    current loss: 115.51060485839844
INFO Gradient norm: 371.48959586721156
PROGRESS    Completed epoch 271 / 2000;    current loss: 114.02381896972656
INFO Gradient norm: 368.12728736381723
PROGRESS    Completed epoch 272 / 2000;    current loss: 112.54375457763672
INFO Gradient norm: 364.6438882983296
PROGRESS    Completed epoch 273 / 2000;    current loss: 111.07196044921875
INFO Gradient norm: 361.05526145461397
PROGRESS    Completed epoch 274 / 2000;    current loss: 109.60874938964844
INFO Gradient norm: 357.56101048209024
PROGRESS    Completed epoch 275 / 2000;    current loss: 108.15203857421875
INFO Gradient norm: 354.0395979161179
PROGRESS    Completed epoch 276 / 2000;    current loss: 106.70133972167969
INFO Gradient norm: 350.61036544419943
PROGRESS    Completed epoch 277 / 2000;    current loss: 105.25700378417969
INFO Gradient norm: 347.0770733852474
PROGRESS    Completed epoch 278 / 2000;    current loss: 103.82142639160156
INFO Gradient norm: 343.46087311541555
PROGRESS    Completed epoch 279 / 2000;    current loss: 102.39625549316406
INFO Gradient norm: 339.9263606692447
PROGRESS    Completed epoch 280 / 2000;    current loss: 100.97709655761719
INFO Gradient norm: 336.36732235838326
PROGRESS    Completed epoch 281 / 2000;    current loss: 99.56451416015625
INFO Gradient norm: 332.8840194127519
PROGRESS    Completed epoch 282 / 2000;    current loss: 98.15860748291016
INFO Gradient norm: 329.2278696765021
PROGRESS    Completed epoch 283 / 2000;    current loss: 96.76249694824219
INFO Gradient norm: 325.77170899811995
PROGRESS    Completed epoch 284 / 2000;    current loss: 95.37539672851562
INFO Gradient norm: 322.1005915424499
PROGRESS    Completed epoch 285 / 2000;    current loss: 93.99444580078125
INFO Gradient norm: 318.62826695157077
PROGRESS    Completed epoch 286 / 2000;    current loss: 92.62289428710938
INFO Gradient norm: 314.9928153206216
PROGRESS    Completed epoch 287 / 2000;    current loss: 91.25987243652344
INFO Gradient norm: 311.43170840596764
PROGRESS    Completed epoch 288 / 2000;    current loss: 89.9044189453125
INFO Gradient norm: 307.8474741239266
PROGRESS    Completed epoch 289 / 2000;    current loss: 88.555908203125
INFO Gradient norm: 304.4048850223917
PROGRESS    Completed epoch 290 / 2000;    current loss: 87.21826171875
INFO Gradient norm: 300.8504186004411
PROGRESS    Completed epoch 291 / 2000;    current loss: 85.88703155517578
INFO Gradient norm: 297.25835765114425
PROGRESS    Completed epoch 292 / 2000;    current loss: 84.56214141845703
INFO Gradient norm: 293.7326552403157
PROGRESS    Completed epoch 293 / 2000;    current loss: 83.24933624267578
INFO Gradient norm: 290.2582772256213
PROGRESS    Completed epoch 294 / 2000;    current loss: 81.9432373046875
INFO Gradient norm: 286.760997649255
PROGRESS    Completed epoch 295 / 2000;    current loss: 80.64363861083984
INFO Gradient norm: 283.24431071424186
PROGRESS    Completed epoch 296 / 2000;    current loss: 79.3513412475586
INFO Gradient norm: 279.7126384624117
PROGRESS    Completed epoch 297 / 2000;    current loss: 78.06620025634766
INFO Gradient norm: 276.2193318575949
PROGRESS    Completed epoch 298 / 2000;    current loss: 76.78870391845703
INFO Gradient norm: 272.8133509502376
PROGRESS    Completed epoch 299 / 2000;    current loss: 75.5201644897461
INFO Gradient norm: 269.3738424510868
PROGRESS    Completed epoch 300 / 2000;    current loss: 74.25820922851562
INFO Gradient norm: 266.0080160148855
PROGRESS    Completed epoch 301 / 2000;    current loss: 73.00338745117188
INFO Gradient norm: 262.7178445595032
PROGRESS    Completed epoch 302 / 2000;    current loss: 71.75524139404297
INFO Gradient norm: 259.3768506330564
PROGRESS    Completed epoch 303 / 2000;    current loss: 70.51358795166016
INFO Gradient norm: 256.17181905855165
PROGRESS    Completed epoch 304 / 2000;    current loss: 69.27813720703125
INFO Gradient norm: 252.99115181496634
PROGRESS    Completed epoch 305 / 2000;    current loss: 68.04984283447266
INFO Gradient norm: 249.86531578488146
PROGRESS    Completed epoch 306 / 2000;    current loss: 66.82650756835938
INFO Gradient norm: 246.74278965033955
PROGRESS    Completed epoch 307 / 2000;    current loss: 65.6080322265625
INFO Gradient norm: 243.88129296264802
PROGRESS    Completed epoch 308 / 2000;    current loss: 64.39654541015625
INFO Gradient norm: 240.97011287427347
PROGRESS    Completed epoch 309 / 2000;    current loss: 63.189422607421875
INFO Gradient norm: 237.9845277654814
PROGRESS    Completed epoch 310 / 2000;    current loss: 61.98568344116211
INFO Gradient norm: 235.2794300478667
PROGRESS    Completed epoch 311 / 2000;    current loss: 60.78904724121094
INFO Gradient norm: 232.6132197202835
PROGRESS    Completed epoch 312 / 2000;    current loss: 59.59565734863281
INFO Gradient norm: 230.4454663303546
PROGRESS    Completed epoch 313 / 2000;    current loss: 58.41267776489258
INFO Gradient norm: 228.28427530101067
PROGRESS    Completed epoch 314 / 2000;    current loss: 57.23223114013672
INFO Gradient norm: 226.02828397286603
PROGRESS    Completed epoch 315 / 2000;    current loss: 56.055450439453125
INFO Gradient norm: 224.57580245558103
PROGRESS    Completed epoch 316 / 2000;    current loss: 54.893192291259766
INFO Gradient norm: 224.0498826541447
PROGRESS    Completed epoch 317 / 2000;    current loss: 53.734500885009766
INFO Gradient norm: 223.74349830117313
PROGRESS    Completed epoch 318 / 2000;    current loss: 52.60221862792969
INFO Gradient norm: 224.94167121943485
PROGRESS    Completed epoch 319 / 2000;    current loss: 51.47530746459961
INFO Gradient norm: 230.06912009980803
PROGRESS    Completed epoch 320 / 2000;    current loss: 50.39915466308594
INFO Gradient norm: 235.21982753859407
PROGRESS    Completed epoch 321 / 2000;    current loss: 49.3267822265625
INFO Gradient norm: 242.30592984143524
PROGRESS    Completed epoch 322 / 2000;    current loss: 48.318824768066406
INFO Gradient norm: 255.4471617293284
PROGRESS    Completed epoch 323 / 2000;    current loss: 47.35054397583008
INFO Gradient norm: 265.78442978874085
PROGRESS    Completed epoch 324 / 2000;    current loss: 46.345951080322266
INFO Gradient norm: 287.0071271691146
PROGRESS    Completed epoch 325 / 2000;    current loss: 45.5839958190918
INFO Gradient norm: 300.2698646355246
PROGRESS    Completed epoch 326 / 2000;    current loss: 44.736122131347656
INFO Gradient norm: 302.00178477956223
PROGRESS    Completed epoch 327 / 2000;    current loss: 43.764949798583984
INFO Gradient norm: 297.58913770325034
PROGRESS    Completed epoch 328 / 2000;    current loss: 42.809112548828125
INFO Gradient norm: 299.4181205538215
PROGRESS    Completed epoch 329 / 2000;    current loss: 41.978172302246094
INFO Gradient norm: 277.6785367574982
PROGRESS    Completed epoch 330 / 2000;    current loss: 41.05122375488281
INFO Gradient norm: 260.07508526095904
PROGRESS    Completed epoch 331 / 2000;    current loss: 40.32335662841797
INFO Gradient norm: 239.93677196293694
PROGRESS    Completed epoch 332 / 2000;    current loss: 39.55792236328125
INFO Gradient norm: 221.2188792027224
PROGRESS    Completed epoch 333 / 2000;    current loss: 38.73594665527344
INFO Gradient norm: 212.62184868582088
PROGRESS    Completed epoch 334 / 2000;    current loss: 38.003501892089844
INFO Gradient norm: 206.23064885197584
PROGRESS    Completed epoch 335 / 2000;    current loss: 37.28314208984375
INFO Gradient norm: 198.3272543071146
PROGRESS    Completed epoch 336 / 2000;    current loss: 36.495269775390625
INFO Gradient norm: 190.00126895004362
PROGRESS    Completed epoch 337 / 2000;    current loss: 35.6588134765625
INFO Gradient norm: 191.5227658696365
PROGRESS    Completed epoch 338 / 2000;    current loss: 34.94738006591797
INFO Gradient norm: 191.6147219343673
PROGRESS    Completed epoch 339 / 2000;    current loss: 34.222930908203125
INFO Gradient norm: 184.83945581789254
PROGRESS    Completed epoch 340 / 2000;    current loss: 33.48005294799805
INFO Gradient norm: 180.6190294880348
PROGRESS    Completed epoch 341 / 2000;    current loss: 32.68263626098633
INFO Gradient norm: 180.4996947219626
PROGRESS    Completed epoch 342 / 2000;    current loss: 31.943588256835938
INFO Gradient norm: 185.96679781342957
PROGRESS    Completed epoch 343 / 2000;    current loss: 31.226865768432617
INFO Gradient norm: 184.53218893736522
PROGRESS    Completed epoch 344 / 2000;    current loss: 30.49953269958496
INFO Gradient norm: 182.48187532717748
PROGRESS    Completed epoch 345 / 2000;    current loss: 29.70996856689453
INFO Gradient norm: 180.5676790192109
PROGRESS    Completed epoch 346 / 2000;    current loss: 28.990928649902344
INFO Gradient norm: 183.26513872591883
PROGRESS    Completed epoch 347 / 2000;    current loss: 28.31570053100586
INFO Gradient norm: 183.1866143740065
PROGRESS    Completed epoch 348 / 2000;    current loss: 27.558929443359375
INFO Gradient norm: 187.26833194379935
PROGRESS    Completed epoch 349 / 2000;    current loss: 26.895702362060547
INFO Gradient norm: 189.61126541522657
PROGRESS    Completed epoch 350 / 2000;    current loss: 26.24317169189453
INFO Gradient norm: 187.8877892718947
PROGRESS    Completed epoch 351 / 2000;    current loss: 25.504865646362305
INFO Gradient norm: 186.99348220247518
PROGRESS    Completed epoch 352 / 2000;    current loss: 24.908565521240234
INFO Gradient norm: 187.54574396957966
PROGRESS    Completed epoch 353 / 2000;    current loss: 24.294958114624023
INFO Gradient norm: 186.21979510597384
PROGRESS    Completed epoch 354 / 2000;    current loss: 23.584291458129883
INFO Gradient norm: 183.15612179017558
PROGRESS    Completed epoch 355 / 2000;    current loss: 22.921409606933594
INFO Gradient norm: 181.253796014433
PROGRESS    Completed epoch 356 / 2000;    current loss: 22.32144546508789
INFO Gradient norm: 175.88065382184672
PROGRESS    Completed epoch 357 / 2000;    current loss: 21.63819694519043
INFO Gradient norm: 177.24932676460887
PROGRESS    Completed epoch 358 / 2000;    current loss: 21.064960479736328
INFO Gradient norm: 170.76274165205166
PROGRESS    Completed epoch 359 / 2000;    current loss: 20.485139846801758
INFO Gradient norm: 167.67981426528962
PROGRESS    Completed epoch 360 / 2000;    current loss: 19.84314727783203
INFO Gradient norm: 172.70151930493023
PROGRESS    Completed epoch 361 / 2000;    current loss: 19.23633575439453
INFO Gradient norm: 168.93161036860596
PROGRESS    Completed epoch 362 / 2000;    current loss: 18.67713165283203
INFO Gradient norm: 166.9837317153514
PROGRESS    Completed epoch 363 / 2000;    current loss: 18.06739044189453
INFO Gradient norm: 175.5259095031263
PROGRESS    Completed epoch 364 / 2000;    current loss: 17.54258918762207
INFO Gradient norm: 177.43057452333954
PROGRESS    Completed epoch 365 / 2000;    current loss: 16.948715209960938
INFO Gradient norm: 155.68876929839107
PROGRESS    Completed epoch 366 / 2000;    current loss: 16.482685089111328
INFO Gradient norm: 148.55714532127544
PROGRESS    Completed epoch 367 / 2000;    current loss: 16.200462341308594
INFO Gradient norm: 144.3062002884951
PROGRESS    Completed epoch 368 / 2000;    current loss: 15.85289192199707
INFO Gradient norm: 141.76902485473423
PROGRESS    Completed epoch 369 / 2000;    current loss: 15.410285949707031
INFO Gradient norm: 141.19130949490562
PROGRESS    Completed epoch 370 / 2000;    current loss: 14.975050926208496
INFO Gradient norm: 141.26967984777562
PROGRESS    Completed epoch 371 / 2000;    current loss: 14.60666275024414
INFO Gradient norm: 141.06099423196022
PROGRESS    Completed epoch 372 / 2000;    current loss: 14.136381149291992
INFO Gradient norm: 137.82842218371465
PROGRESS    Completed epoch 373 / 2000;    current loss: 13.641988754272461
INFO Gradient norm: 141.7305107033995
PROGRESS    Completed epoch 374 / 2000;    current loss: 13.219514846801758
INFO Gradient norm: 149.04568648467662
PROGRESS    Completed epoch 375 / 2000;    current loss: 12.77841567993164
INFO Gradient norm: 152.8827146778039
PROGRESS    Completed epoch 376 / 2000;    current loss: 12.281594276428223
INFO Gradient norm: 163.7178934285149
PROGRESS    Completed epoch 377 / 2000;    current loss: 11.97007942199707
INFO Gradient norm: 154.38547132449412
PROGRESS    Completed epoch 378 / 2000;    current loss: 11.632301330566406
INFO Gradient norm: 136.8453750994398
PROGRESS    Completed epoch 379 / 2000;    current loss: 11.296443939208984
INFO Gradient norm: 134.82782077652757
PROGRESS    Completed epoch 380 / 2000;    current loss: 10.962335586547852
INFO Gradient norm: 133.59527928423103
PROGRESS    Completed epoch 381 / 2000;    current loss: 10.588225364685059
INFO Gradient norm: 130.73311677685237
PROGRESS    Completed epoch 382 / 2000;    current loss: 10.172164916992188
INFO Gradient norm: 131.96409405845898
PROGRESS    Completed epoch 383 / 2000;    current loss: 9.847235679626465
INFO Gradient norm: 135.7260971892266
PROGRESS    Completed epoch 384 / 2000;    current loss: 9.445326805114746
INFO Gradient norm: 131.2211361994663
PROGRESS    Completed epoch 385 / 2000;    current loss: 9.113407135009766
INFO Gradient norm: 126.68894086929761
PROGRESS    Completed epoch 386 / 2000;    current loss: 8.836210250854492
INFO Gradient norm: 127.6068797639784
PROGRESS    Completed epoch 387 / 2000;    current loss: 8.52107048034668
INFO Gradient norm: 123.6651112461917
PROGRESS    Completed epoch 388 / 2000;    current loss: 8.182456970214844
INFO Gradient norm: 124.51063845204644
PROGRESS    Completed epoch 389 / 2000;    current loss: 7.896121025085449
INFO Gradient norm: 124.83732525251109
PROGRESS    Completed epoch 390 / 2000;    current loss: 7.5241923332214355
INFO Gradient norm: 121.08738094979509
PROGRESS    Completed epoch 391 / 2000;    current loss: 7.226737022399902
INFO Gradient norm: 118.21368798266258
PROGRESS    Completed epoch 392 / 2000;    current loss: 6.98886251449585
INFO Gradient norm: 115.23458700103161
PROGRESS    Completed epoch 393 / 2000;    current loss: 6.691059112548828
INFO Gradient norm: 115.00742727849061
PROGRESS    Completed epoch 394 / 2000;    current loss: 6.376497745513916
INFO Gradient norm: 110.96444177706107
PROGRESS    Completed epoch 395 / 2000;    current loss: 6.071108818054199
INFO Gradient norm: 110.42179411985961
PROGRESS    Completed epoch 396 / 2000;    current loss: 5.766446113586426
INFO Gradient norm: 108.43223720198742
PROGRESS    Completed epoch 397 / 2000;    current loss: 5.503416538238525
INFO Gradient norm: 103.2697710766682
PROGRESS    Completed epoch 398 / 2000;    current loss: 5.278096675872803
INFO Gradient norm: 102.16025366757019
PROGRESS    Completed epoch 399 / 2000;    current loss: 5.025420665740967
INFO Gradient norm: 99.38998637387076
PROGRESS    Completed epoch 400 / 2000;    current loss: 4.763924598693848
INFO Gradient norm: 98.74765571700304
PROGRESS    Completed epoch 401 / 2000;    current loss: 4.515256404876709
INFO Gradient norm: 95.09567503796822
PROGRESS    Completed epoch 402 / 2000;    current loss: 4.286571025848389
INFO Gradient norm: 99.34883397331622
PROGRESS    Completed epoch 403 / 2000;    current loss: 4.151764392852783
INFO Gradient norm: 106.72361359535205
PROGRESS    Completed epoch 404 / 2000;    current loss: 4.034060001373291
INFO Gradient norm: 110.51998004880677
PROGRESS    Completed epoch 405 / 2000;    current loss: 3.9297001361846924
INFO Gradient norm: 106.54362741114441
PROGRESS    Completed epoch 406 / 2000;    current loss: 3.733915090560913
INFO Gradient norm: 95.56347616462519
PROGRESS    Completed epoch 407 / 2000;    current loss: 3.5239758491516113
INFO Gradient norm: 99.57397679259749
PROGRESS    Completed epoch 408 / 2000;    current loss: 3.434631824493408
INFO Gradient norm: 104.0052901361004
PROGRESS    Completed epoch 409 / 2000;    current loss: 3.28913950920105
INFO Gradient norm: 105.95504975803485
PROGRESS    Completed epoch 410 / 2000;    current loss: 3.1771812438964844
INFO Gradient norm: 103.36227854434935
PROGRESS    Completed epoch 411 / 2000;    current loss: 3.0149312019348145
INFO Gradient norm: 95.58076081543027
PROGRESS    Completed epoch 412 / 2000;    current loss: 2.794083833694458
INFO Gradient norm: 91.28797678925152
PROGRESS    Completed epoch 413 / 2000;    current loss: 2.711529493331909
INFO Gradient norm: 94.41740322109068
PROGRESS    Completed epoch 414 / 2000;    current loss: 2.662654161453247
INFO Gradient norm: 116.58636370558612
PROGRESS    Completed epoch 415 / 2000;    current loss: 2.5919580459594727
INFO Gradient norm: 120.88037166844859
PROGRESS    Completed epoch 416 / 2000;    current loss: 2.42789626121521
INFO Gradient norm: 106.08174613921588
PROGRESS    Completed epoch 417 / 2000;    current loss: 2.322535753250122
INFO Gradient norm: 84.65023463273876
PROGRESS    Completed epoch 418 / 2000;    current loss: 2.1648497581481934
INFO Gradient norm: 83.94835653160354
PROGRESS    Completed epoch 419 / 2000;    current loss: 1.9822999238967896
INFO Gradient norm: 90.65348999334599
PROGRESS    Completed epoch 420 / 2000;    current loss: 1.8100547790527344
INFO Gradient norm: 83.14378899515395
PROGRESS    Completed epoch 421 / 2000;    current loss: 1.698103666305542
INFO Gradient norm: 72.28129186688146
PROGRESS    Completed epoch 422 / 2000;    current loss: 1.5626083612442017
INFO Gradient norm: 67.59602881876316
PROGRESS    Completed epoch 423 / 2000;    current loss: 1.4421466588974
INFO Gradient norm: 65.36616799306998
PROGRESS    Completed epoch 424 / 2000;    current loss: 1.328248381614685
INFO Gradient norm: 60.981539019295155
PROGRESS    Completed epoch 425 / 2000;    current loss: 1.2269947528839111
INFO Gradient norm: 57.92371813117381
PROGRESS    Completed epoch 426 / 2000;    current loss: 1.1052556037902832
INFO Gradient norm: 71.72875600518695
PROGRESS    Completed epoch 427 / 2000;    current loss: 1.043755054473877
INFO Gradient norm: 73.24561123010807
PROGRESS    Completed epoch 428 / 2000;    current loss: 0.9416874647140503
INFO Gradient norm: 47.67552740930665
PROGRESS    Completed epoch 429 / 2000;    current loss: 0.8202444911003113
INFO Gradient norm: 45.23673457258166
PROGRESS    Completed epoch 430 / 2000;    current loss: 0.7304409742355347
INFO Gradient norm: 38.61242557737498
PROGRESS    Completed epoch 431 / 2000;    current loss: 0.6455323696136475
INFO Gradient norm: 34.55439405276694
PROGRESS    Completed epoch 432 / 2000;    current loss: 0.5447959899902344
INFO Gradient norm: 45.270359775912944
PROGRESS    Completed epoch 433 / 2000;    current loss: 0.5004129409790039
INFO Gradient norm: 30.164601810190696
PROGRESS    Completed epoch 434 / 2000;    current loss: 0.4429894685745239
INFO Gradient norm: 28.64664427299111
PROGRESS    Completed epoch 435 / 2000;    current loss: 0.39425769448280334
INFO Gradient norm: 30.866561904156843
PROGRESS    Completed epoch 436 / 2000;    current loss: 0.35073715448379517
INFO Gradient norm: 17.40484642824018
PROGRESS    Completed epoch 437 / 2000;    current loss: 0.32560813426971436
INFO Gradient norm: 29.293531087803352
PROGRESS    Completed epoch 438 / 2000;    current loss: 0.3176790773868561
INFO Gradient norm: 23.991199078106465
PROGRESS    Completed epoch 439 / 2000;    current loss: 0.2926056683063507
INFO Gradient norm: 13.05689757566925
PROGRESS    Completed epoch 440 / 2000;    current loss: 0.2729496657848358
INFO Gradient norm: 14.389732114602188
PROGRESS    Completed epoch 441 / 2000;    current loss: 0.26203376054763794
INFO Gradient norm: 11.615030118393515
PROGRESS    Completed epoch 442 / 2000;    current loss: 0.24985955655574799
INFO Gradient norm: 9.965697721229903
PROGRESS    Completed epoch 443 / 2000;    current loss: 0.2323409467935562
INFO Gradient norm: 15.367880693495945
PROGRESS    Completed epoch 444 / 2000;    current loss: 0.22287368774414062
INFO Gradient norm: 8.185935829290928
PROGRESS    Completed epoch 445 / 2000;    current loss: 0.21595540642738342
INFO Gradient norm: 23.838073784302367
PROGRESS    Completed epoch 446 / 2000;    current loss: 0.22129684686660767
INFO Gradient norm: 7.470032486861757
PROGRESS    Completed epoch 447 / 2000;    current loss: 0.21635934710502625
INFO Gradient norm: 31.914435559419346
PROGRESS    Completed epoch 448 / 2000;    current loss: 0.22879290580749512
INFO Gradient norm: 43.51868013536543
PROGRESS    Completed epoch 449 / 2000;    current loss: 0.2502460479736328
INFO Gradient norm: 19.402892102680944
PROGRESS    Completed epoch 450 / 2000;    current loss: 0.23606929183006287
INFO Gradient norm: 42.33335554671014
PROGRESS    Completed epoch 451 / 2000;    current loss: 0.2594318985939026
INFO Gradient norm: 52.06381341034131
PROGRESS    Completed epoch 452 / 2000;    current loss: 0.2729867100715637
INFO Gradient norm: 19.69427875845601
PROGRESS    Completed epoch 453 / 2000;    current loss: 0.24162667989730835
INFO Gradient norm: 45.860099425584615
PROGRESS    Completed epoch 454 / 2000;    current loss: 0.2622421383857727
INFO Gradient norm: 58.34520803049688
PROGRESS    Completed epoch 455 / 2000;    current loss: 0.2778134346008301
INFO Gradient norm: 31.146362131492385
PROGRESS    Completed epoch 456 / 2000;    current loss: 0.23838098347187042
INFO Gradient norm: 20.120518825935132
PROGRESS    Completed epoch 457 / 2000;    current loss: 0.22923985123634338
INFO Gradient norm: 8.687096499542017
PROGRESS    Completed epoch 458 / 2000;    current loss: 0.22791388630867004
INFO Gradient norm: 20.764681180964843
PROGRESS    Completed epoch 459 / 2000;    current loss: 0.23314160108566284
INFO Gradient norm: 13.904441587457766
PROGRESS    Completed epoch 460 / 2000;    current loss: 0.2345651239156723
INFO Gradient norm: 14.423226214563723
PROGRESS    Completed epoch 461 / 2000;    current loss: 0.23332622647285461
INFO Gradient norm: 15.91554404808825
PROGRESS    Completed epoch 462 / 2000;    current loss: 0.22694920003414154
INFO Gradient norm: 7.554080702098957
PROGRESS    Completed epoch 463 / 2000;    current loss: 0.2152557671070099
INFO Gradient norm: 7.858921941424991
PROGRESS    Completed epoch 464 / 2000;    current loss: 0.20846883952617645
INFO Gradient norm: 8.121164124860105
PROGRESS    Completed epoch 465 / 2000;    current loss: 0.21394361555576324
INFO Gradient norm: 11.113932879748226
PROGRESS    Completed epoch 466 / 2000;    current loss: 0.21524648368358612
INFO Gradient norm: 10.233710338656278
PROGRESS    Completed epoch 467 / 2000;    current loss: 0.2118043750524521
INFO Gradient norm: 6.850233514890053
PROGRESS    Completed epoch 468 / 2000;    current loss: 0.20430196821689606
INFO Gradient norm: 34.505119958694195
PROGRESS    Completed epoch 469 / 2000;    current loss: 0.22760090231895447
INFO Gradient norm: 23.594241469817298
PROGRESS    Completed epoch 470 / 2000;    current loss: 0.22467978298664093
INFO Gradient norm: 28.0662030503846
PROGRESS    Completed epoch 471 / 2000;    current loss: 0.23345224559307098
INFO Gradient norm: 30.23998580100111
PROGRESS    Completed epoch 472 / 2000;    current loss: 0.23821750283241272
INFO Gradient norm: 12.551631693501122
PROGRESS    Completed epoch 473 / 2000;    current loss: 0.22757548093795776
INFO Gradient norm: 14.091771056492918
PROGRESS    Completed epoch 474 / 2000;    current loss: 0.224762424826622
INFO Gradient norm: 15.559326779239761
PROGRESS    Completed epoch 475 / 2000;    current loss: 0.21625033020973206
INFO Gradient norm: 12.650657247338708
PROGRESS    Completed epoch 476 / 2000;    current loss: 0.20613978803157806
INFO Gradient norm: 47.01855032860527
PROGRESS    Completed epoch 477 / 2000;    current loss: 0.23295271396636963
INFO Gradient norm: 44.03493767164787
PROGRESS    Completed epoch 478 / 2000;    current loss: 0.232756569981575
INFO Gradient norm: 10.412149995285889
PROGRESS    Completed epoch 479 / 2000;    current loss: 0.21047520637512207
INFO Gradient norm: 41.55766857402459
PROGRESS    Completed epoch 480 / 2000;    current loss: 0.2312140315771103
INFO Gradient norm: 32.237410445326766
PROGRESS    Completed epoch 481 / 2000;    current loss: 0.21941138803958893
INFO Gradient norm: 32.1895958102907
PROGRESS    Completed epoch 482 / 2000;    current loss: 0.22148796916007996
INFO Gradient norm: 36.513577077321955
PROGRESS    Completed epoch 483 / 2000;    current loss: 0.22656787931919098
INFO Gradient norm: 11.139087854661433
PROGRESS    Completed epoch 484 / 2000;    current loss: 0.2106758952140808
INFO Gradient norm: 20.302766062008306
PROGRESS    Completed epoch 485 / 2000;    current loss: 0.21004483103752136
INFO Gradient norm: 19.739784941218492
PROGRESS    Completed epoch 486 / 2000;    current loss: 0.20639687776565552
INFO Gradient norm: 19.565365762353668
PROGRESS    Completed epoch 487 / 2000;    current loss: 0.2074863165616989
INFO Gradient norm: 16.436215849893728
PROGRESS    Completed epoch 488 / 2000;    current loss: 0.20786821842193604
INFO Gradient norm: 8.34187239266225
PROGRESS    Completed epoch 489 / 2000;    current loss: 0.20522019267082214
INFO Gradient norm: 22.516091206800624
PROGRESS    Completed epoch 490 / 2000;    current loss: 0.20667162537574768
INFO Gradient norm: 6.327703106333505
PROGRESS    Completed epoch 491 / 2000;    current loss: 0.19987714290618896
INFO Gradient norm: 9.24139923789284
PROGRESS    Completed epoch 492 / 2000;    current loss: 0.20037108659744263
INFO Gradient norm: 6.247455340936487
PROGRESS    Completed epoch 493 / 2000;    current loss: 0.1988954395055771
INFO Gradient norm: 10.051893909552247
PROGRESS    Completed epoch 494 / 2000;    current loss: 0.19805052876472473
INFO Gradient norm: 6.731639047271841
PROGRESS    Completed epoch 495 / 2000;    current loss: 0.19709251821041107
INFO Gradient norm: 6.7912207507532685
PROGRESS    Completed epoch 496 / 2000;    current loss: 0.194327250123024
INFO Gradient norm: 10.785303829619098
PROGRESS    Completed epoch 497 / 2000;    current loss: 0.19690832495689392
INFO Gradient norm: 17.60505865410335
PROGRESS    Completed epoch 498 / 2000;    current loss: 0.19956286251544952
INFO Gradient norm: 14.348468438100738
PROGRESS    Completed epoch 499 / 2000;    current loss: 0.2013920098543167
INFO Gradient norm: 22.90720169676506
PROGRESS    Completed epoch 500 / 2000;    current loss: 0.20871996879577637
INFO Gradient norm: 9.05799632846511
PROGRESS    Completed epoch 501 / 2000;    current loss: 0.20235252380371094
INFO Gradient norm: 30.22784725633317
PROGRESS    Completed epoch 502 / 2000;    current loss: 0.2084183394908905
INFO Gradient norm: 15.917593393406722
PROGRESS    Completed epoch 503 / 2000;    current loss: 0.19705404341220856
INFO Gradient norm: 13.03342650933364
PROGRESS    Completed epoch 504 / 2000;    current loss: 0.19771963357925415
INFO Gradient norm: 8.22430368615172
PROGRESS    Completed epoch 505 / 2000;    current loss: 0.19399762153625488
INFO Gradient norm: 7.428718671719844
PROGRESS    Completed epoch 506 / 2000;    current loss: 0.1917802393436432
INFO Gradient norm: 8.917740211657868
PROGRESS    Completed epoch 507 / 2000;    current loss: 0.19113940000534058
INFO Gradient norm: 5.9152140824571005
PROGRESS    Completed epoch 508 / 2000;    current loss: 0.1905604600906372
INFO Gradient norm: 23.547450745288934
PROGRESS    Completed epoch 509 / 2000;    current loss: 0.1972411423921585
INFO Gradient norm: 8.331126540146442
PROGRESS    Completed epoch 510 / 2000;    current loss: 0.19191379845142365
INFO Gradient norm: 21.347536083205718
PROGRESS    Completed epoch 511 / 2000;    current loss: 0.19846713542938232
INFO Gradient norm: 6.665313829317139
PROGRESS    Completed epoch 512 / 2000;    current loss: 0.19194205105304718
INFO Gradient norm: 17.17515711971944
PROGRESS    Completed epoch 513 / 2000;    current loss: 0.1926293671131134
INFO Gradient norm: 22.292288350607436
PROGRESS    Completed epoch 514 / 2000;    current loss: 0.19799132645130157
INFO Gradient norm: 9.475425304379613
PROGRESS    Completed epoch 515 / 2000;    current loss: 0.19617733359336853
INFO Gradient norm: 9.6146167177308
PROGRESS    Completed epoch 516 / 2000;    current loss: 0.1964956521987915
INFO Gradient norm: 20.142869531124074
PROGRESS    Completed epoch 517 / 2000;    current loss: 0.1966969221830368
INFO Gradient norm: 5.908414875649326
PROGRESS    Completed epoch 518 / 2000;    current loss: 0.18732456862926483
INFO Gradient norm: 16.555303680882563
PROGRESS    Completed epoch 519 / 2000;    current loss: 0.18884918093681335
INFO Gradient norm: 15.502221129696043
PROGRESS    Completed epoch 520 / 2000;    current loss: 0.1929895281791687
INFO Gradient norm: 8.953612264532019
PROGRESS    Completed epoch 521 / 2000;    current loss: 0.19383504986763
INFO Gradient norm: 6.831560736953322
PROGRESS    Completed epoch 522 / 2000;    current loss: 0.19224779307842255
INFO Gradient norm: 25.922813218506334
PROGRESS    Completed epoch 523 / 2000;    current loss: 0.19921675324440002
INFO Gradient norm: 13.118016296463813
PROGRESS    Completed epoch 524 / 2000;    current loss: 0.19241750240325928
INFO Gradient norm: 36.086660379570134
PROGRESS    Completed epoch 525 / 2000;    current loss: 0.20667985081672668
INFO Gradient norm: 29.22188737152061
PROGRESS    Completed epoch 526 / 2000;    current loss: 0.19921346008777618
INFO Gradient norm: 16.212733165684003
PROGRESS    Completed epoch 527 / 2000;    current loss: 0.19091467559337616
INFO Gradient norm: 11.83672477627676
PROGRESS    Completed epoch 528 / 2000;    current loss: 0.1898503601551056
INFO Gradient norm: 25.02159916408603
PROGRESS    Completed epoch 529 / 2000;    current loss: 0.19555352628231049
INFO Gradient norm: 10.941983064699468
PROGRESS    Completed epoch 530 / 2000;    current loss: 0.19192084670066833
INFO Gradient norm: 8.825885435563977
PROGRESS    Completed epoch 531 / 2000;    current loss: 0.1902955323457718
INFO Gradient norm: 51.29831386311437
PROGRESS    Completed epoch 532 / 2000;    current loss: 0.22089608013629913
INFO Gradient norm: 44.68262923311978
PROGRESS    Completed epoch 533 / 2000;    current loss: 0.21668648719787598
INFO Gradient norm: 16.719416892662586
PROGRESS    Completed epoch 534 / 2000;    current loss: 0.19708122313022614
INFO Gradient norm: 17.49140257406636
PROGRESS    Completed epoch 535 / 2000;    current loss: 0.1980486363172531
INFO Gradient norm: 31.225516146555012
PROGRESS    Completed epoch 536 / 2000;    current loss: 0.2072441726922989
INFO Gradient norm: 15.683243462909234
PROGRESS    Completed epoch 537 / 2000;    current loss: 0.19910846650600433
INFO Gradient norm: 43.84425253904418
PROGRESS    Completed epoch 538 / 2000;    current loss: 0.22153744101524353
INFO Gradient norm: 36.319259701780915
PROGRESS    Completed epoch 539 / 2000;    current loss: 0.21566161513328552
INFO Gradient norm: 23.137668304656355
PROGRESS    Completed epoch 540 / 2000;    current loss: 0.20794406533241272
INFO Gradient norm: 23.034471079101056
PROGRESS    Completed epoch 541 / 2000;    current loss: 0.20928457379341125
INFO Gradient norm: 29.025565174964857
PROGRESS    Completed epoch 542 / 2000;    current loss: 0.2134600579738617
INFO Gradient norm: 21.561216506192686
PROGRESS    Completed epoch 543 / 2000;    current loss: 0.20923864841461182
INFO Gradient norm: 37.58293481213774
PROGRESS    Completed epoch 544 / 2000;    current loss: 0.22158825397491455
INFO Gradient norm: 32.942860571573455
PROGRESS    Completed epoch 545 / 2000;    current loss: 0.21724405884742737
INFO Gradient norm: 25.271046865360912
PROGRESS    Completed epoch 546 / 2000;    current loss: 0.2105802595615387
INFO Gradient norm: 22.731344485110466
PROGRESS    Completed epoch 547 / 2000;    current loss: 0.2082514464855194
INFO Gradient norm: 31.786500673832016
PROGRESS    Completed epoch 548 / 2000;    current loss: 0.2138824611902237
INFO Gradient norm: 24.39669598359754
PROGRESS    Completed epoch 549 / 2000;    current loss: 0.20766794681549072
INFO Gradient norm: 33.32114671893614
PROGRESS    Completed epoch 550 / 2000;    current loss: 0.2128840982913971
INFO Gradient norm: 29.899446851780098
PROGRESS    Completed epoch 551 / 2000;    current loss: 0.2091997116804123
INFO Gradient norm: 26.334969214517994
PROGRESS    Completed epoch 552 / 2000;    current loss: 0.20587702095508575
INFO Gradient norm: 21.331323983405767
PROGRESS    Completed epoch 553 / 2000;    current loss: 0.2019357979297638
INFO Gradient norm: 34.575573020752415
PROGRESS    Completed epoch 554 / 2000;    current loss: 0.21019133925437927
INFO Gradient norm: 29.227909290175052
PROGRESS    Completed epoch 555 / 2000;    current loss: 0.20488402247428894
INFO Gradient norm: 28.622208627081292
PROGRESS    Completed epoch 556 / 2000;    current loss: 0.20323938131332397
INFO Gradient norm: 20.818128301530198
PROGRESS    Completed epoch 557 / 2000;    current loss: 0.19857603311538696
INFO Gradient norm: 27.848539469887257
PROGRESS    Completed epoch 558 / 2000;    current loss: 0.2018035650253296
INFO Gradient norm: 25.60002686643657
PROGRESS    Completed epoch 559 / 2000;    current loss: 0.19889523088932037
INFO Gradient norm: 5.598182403274005
PROGRESS    Completed epoch 560 / 2000;    current loss: 0.19250957667827606
INFO Gradient norm: 6.264676357995962
PROGRESS    Completed epoch 561 / 2000;    current loss: 0.1915738731622696
INFO Gradient norm: 15.37095373141002
PROGRESS    Completed epoch 562 / 2000;    current loss: 0.18929778039455414
INFO Gradient norm: 9.468097210596275
PROGRESS    Completed epoch 563 / 2000;    current loss: 0.18615132570266724
INFO Gradient norm: 30.162761940293475
PROGRESS    Completed epoch 564 / 2000;    current loss: 0.19694718718528748
INFO Gradient norm: 25.75000610688612
PROGRESS    Completed epoch 565 / 2000;    current loss: 0.19579732418060303
INFO Gradient norm: 21.357940375781865
PROGRESS    Completed epoch 566 / 2000;    current loss: 0.195543110370636
INFO Gradient norm: 18.701654029256304
PROGRESS    Completed epoch 567 / 2000;    current loss: 0.19513054192066193
INFO Gradient norm: 22.37366632688469
PROGRESS    Completed epoch 568 / 2000;    current loss: 0.19720759987831116
INFO Gradient norm: 7.411162707816939
PROGRESS    Completed epoch 569 / 2000;    current loss: 0.19422364234924316
INFO Gradient norm: 18.56393111668152
PROGRESS    Completed epoch 570 / 2000;    current loss: 0.1954464167356491
INFO Gradient norm: 10.114303168108064
PROGRESS    Completed epoch 571 / 2000;    current loss: 0.18864578008651733
INFO Gradient norm: 5.56697269693351
PROGRESS    Completed epoch 572 / 2000;    current loss: 0.18317726254463196
INFO Gradient norm: 17.798935629809872
PROGRESS    Completed epoch 573 / 2000;    current loss: 0.18490475416183472
INFO Gradient norm: 5.873408439052116
PROGRESS    Completed epoch 574 / 2000;    current loss: 0.1822158396244049
INFO Gradient norm: 5.397988262495496
PROGRESS    Completed epoch 575 / 2000;    current loss: 0.17908455431461334
INFO Gradient norm: 5.449372157840428
PROGRESS    Completed epoch 576 / 2000;    current loss: 0.1778220385313034
INFO Gradient norm: 10.417203605690569
PROGRESS    Completed epoch 577 / 2000;    current loss: 0.179060697555542
INFO Gradient norm: 9.991506216751011
PROGRESS    Completed epoch 578 / 2000;    current loss: 0.17905892431735992
INFO Gradient norm: 25.789854497854876
PROGRESS    Completed epoch 579 / 2000;    current loss: 0.1863948106765747
INFO Gradient norm: 7.418279506076275
PROGRESS    Completed epoch 580 / 2000;    current loss: 0.18168377876281738
INFO Gradient norm: 26.58742123382114
PROGRESS    Completed epoch 581 / 2000;    current loss: 0.18884225189685822
INFO Gradient norm: 7.715132965247809
PROGRESS    Completed epoch 582 / 2000;    current loss: 0.17951388657093048
INFO Gradient norm: 16.64967407915501
PROGRESS    Completed epoch 583 / 2000;    current loss: 0.1829901486635208
INFO Gradient norm: 11.521088592497424
PROGRESS    Completed epoch 584 / 2000;    current loss: 0.1810910701751709
INFO Gradient norm: 12.130570006288451
PROGRESS    Completed epoch 585 / 2000;    current loss: 0.18051716685295105
INFO Gradient norm: 10.044777553578683
PROGRESS    Completed epoch 586 / 2000;    current loss: 0.17967955768108368
INFO Gradient norm: 7.910107709480545
PROGRESS    Completed epoch 587 / 2000;    current loss: 0.17795658111572266
INFO Gradient norm: 27.542514006588444
PROGRESS    Completed epoch 588 / 2000;    current loss: 0.1885712593793869
INFO Gradient norm: 14.458847714460608
PROGRESS    Completed epoch 589 / 2000;    current loss: 0.18200159072875977
INFO Gradient norm: 39.50803849387807
PROGRESS    Completed epoch 590 / 2000;    current loss: 0.19878582656383514
INFO Gradient norm: 39.24472909960073
PROGRESS    Completed epoch 591 / 2000;    current loss: 0.19958865642547607
INFO Gradient norm: 7.976379461880915
PROGRESS    Completed epoch 592 / 2000;    current loss: 0.1809639036655426
INFO Gradient norm: 18.870610951181384
PROGRESS    Completed epoch 593 / 2000;    current loss: 0.18261878192424774
INFO Gradient norm: 13.815119593558256
PROGRESS    Completed epoch 594 / 2000;    current loss: 0.17799526453018188
INFO Gradient norm: 12.272151064994524
PROGRESS    Completed epoch 595 / 2000;    current loss: 0.17796079814434052
INFO Gradient norm: 26.23767215418356
PROGRESS    Completed epoch 596 / 2000;    current loss: 0.18601933121681213
INFO Gradient norm: 12.12924712210221
PROGRESS    Completed epoch 597 / 2000;    current loss: 0.17989011108875275
INFO Gradient norm: 40.06581843716421
PROGRESS    Completed epoch 598 / 2000;    current loss: 0.19917000830173492
INFO Gradient norm: 33.974551075134144
PROGRESS    Completed epoch 599 / 2000;    current loss: 0.19388185441493988
INFO Gradient norm: 16.231648296908226
PROGRESS    Completed epoch 600 / 2000;    current loss: 0.18296507000923157
INFO Gradient norm: 16.478033939062524
PROGRESS    Completed epoch 601 / 2000;    current loss: 0.18279188871383667
INFO Gradient norm: 5.177359070736253
PROGRESS    Completed epoch 602 / 2000;    current loss: 0.18328478932380676
INFO Gradient norm: 7.873454817773859
PROGRESS    Completed epoch 603 / 2000;    current loss: 0.1843588948249817
INFO Gradient norm: 16.718512432621466
PROGRESS    Completed epoch 604 / 2000;    current loss: 0.18397773802280426
INFO Gradient norm: 16.747832170364504
PROGRESS    Completed epoch 605 / 2000;    current loss: 0.1823224276304245
INFO Gradient norm: 8.650587592695379
PROGRESS    Completed epoch 606 / 2000;    current loss: 0.17791414260864258
INFO Gradient norm: 5.684798280783871
PROGRESS    Completed epoch 607 / 2000;    current loss: 0.17734777927398682
INFO Gradient norm: 16.002474316506035
PROGRESS    Completed epoch 608 / 2000;    current loss: 0.18119558691978455
INFO Gradient norm: 13.57856505948016
PROGRESS    Completed epoch 609 / 2000;    current loss: 0.18143314123153687
INFO Gradient norm: 7.541116409951459
PROGRESS    Completed epoch 610 / 2000;    current loss: 0.1812465935945511
INFO Gradient norm: 5.210661266693617
PROGRESS    Completed epoch 611 / 2000;    current loss: 0.17845498025417328
INFO Gradient norm: 14.048842413241118
PROGRESS    Completed epoch 612 / 2000;    current loss: 0.1785084754228592
INFO Gradient norm: 11.307979292962765
PROGRESS    Completed epoch 613 / 2000;    current loss: 0.17711219191551208
INFO Gradient norm: 5.327746626839079
PROGRESS    Completed epoch 614 / 2000;    current loss: 0.1766481101512909
INFO Gradient norm: 13.595928357646866
PROGRESS    Completed epoch 615 / 2000;    current loss: 0.1784147173166275
INFO Gradient norm: 21.935965022693523
PROGRESS    Completed epoch 616 / 2000;    current loss: 0.1822892725467682
INFO Gradient norm: 7.7239052315225845
PROGRESS    Completed epoch 617 / 2000;    current loss: 0.1781194657087326
INFO Gradient norm: 4.795598091271706
PROGRESS    Completed epoch 618 / 2000;    current loss: 0.17539475858211517
INFO Gradient norm: 12.158013813468536
PROGRESS    Completed epoch 619 / 2000;    current loss: 0.17474637925624847
INFO Gradient norm: 4.3436820572386985
PROGRESS    Completed epoch 620 / 2000;    current loss: 0.1740722358226776
INFO Gradient norm: 6.176957839183749
PROGRESS    Completed epoch 621 / 2000;    current loss: 0.17336095869541168
INFO Gradient norm: 27.927266488171554
PROGRESS    Completed epoch 622 / 2000;    current loss: 0.18167781829833984
INFO Gradient norm: 23.163157582186585
PROGRESS    Completed epoch 623 / 2000;    current loss: 0.1812794804573059
INFO Gradient norm: 24.31834252859569
PROGRESS    Completed epoch 624 / 2000;    current loss: 0.18519149720668793
INFO Gradient norm: 18.328528621729465
PROGRESS    Completed epoch 625 / 2000;    current loss: 0.18539614975452423
INFO Gradient norm: 30.21489599243196
PROGRESS    Completed epoch 626 / 2000;    current loss: 0.19524729251861572
INFO Gradient norm: 25.35729820220364
PROGRESS    Completed epoch 627 / 2000;    current loss: 0.19305512309074402
INFO Gradient norm: 24.951877009582063
PROGRESS    Completed epoch 628 / 2000;    current loss: 0.19335760176181793
INFO Gradient norm: 22.38479090711484
PROGRESS    Completed epoch 629 / 2000;    current loss: 0.1915074586868286
INFO Gradient norm: 24.62357733219992
PROGRESS    Completed epoch 630 / 2000;    current loss: 0.19178062677383423
INFO Gradient norm: 18.726838597036547
PROGRESS    Completed epoch 631 / 2000;    current loss: 0.1872466504573822
INFO Gradient norm: 32.26430550028233
PROGRESS    Completed epoch 632 / 2000;    current loss: 0.19428564608097076
INFO Gradient norm: 28.579496380444958
PROGRESS    Completed epoch 633 / 2000;    current loss: 0.18983757495880127
INFO Gradient norm: 21.2043912088624
PROGRESS    Completed epoch 634 / 2000;    current loss: 0.1839890331029892
INFO Gradient norm: 12.474833518170783
PROGRESS    Completed epoch 635 / 2000;    current loss: 0.17982420325279236
INFO Gradient norm: 23.900832455213006
PROGRESS    Completed epoch 636 / 2000;    current loss: 0.1868274211883545
INFO Gradient norm: 8.229789686950536
PROGRESS    Completed epoch 637 / 2000;    current loss: 0.18386201560497284
INFO Gradient norm: 9.28315044872446
PROGRESS    Completed epoch 638 / 2000;    current loss: 0.18435439467430115
INFO Gradient norm: 19.37139261909785
PROGRESS    Completed epoch 639 / 2000;    current loss: 0.18539871275424957
INFO Gradient norm: 7.87158404526971
PROGRESS    Completed epoch 640 / 2000;    current loss: 0.17887075245380402
INFO Gradient norm: 12.878191934196094
PROGRESS    Completed epoch 641 / 2000;    current loss: 0.17837125062942505
INFO Gradient norm: 13.256456445797602
PROGRESS    Completed epoch 642 / 2000;    current loss: 0.18046706914901733
INFO Gradient norm: 27.557582956810453
PROGRESS    Completed epoch 643 / 2000;    current loss: 0.18830738961696625
INFO Gradient norm: 18.09012280830074
PROGRESS    Completed epoch 644 / 2000;    current loss: 0.18343761563301086
INFO Gradient norm: 34.0314632997871
PROGRESS    Completed epoch 645 / 2000;    current loss: 0.19292356073856354
INFO Gradient norm: 22.479427804874405
PROGRESS    Completed epoch 646 / 2000;    current loss: 0.18542826175689697
INFO Gradient norm: 31.99110116414762
PROGRESS    Completed epoch 647 / 2000;    current loss: 0.19138072431087494
INFO Gradient norm: 32.339936049126955
PROGRESS    Completed epoch 648 / 2000;    current loss: 0.19162961840629578
INFO Gradient norm: 13.023077556495108
PROGRESS    Completed epoch 649 / 2000;    current loss: 0.18086373805999756
INFO Gradient norm: 9.458673802302092
PROGRESS    Completed epoch 650 / 2000;    current loss: 0.17956706881523132
INFO Gradient norm: 33.46897130973669
PROGRESS    Completed epoch 651 / 2000;    current loss: 0.19207623600959778
INFO Gradient norm: 26.543821296175494
PROGRESS    Completed epoch 652 / 2000;    current loss: 0.1860007643699646
INFO Gradient norm: 11.200828255129203
PROGRESS    Completed epoch 653 / 2000;    current loss: 0.18112196028232574
INFO Gradient norm: 4.732604256699626
PROGRESS    Completed epoch 654 / 2000;    current loss: 0.18169084191322327
INFO Gradient norm: 12.710909252328582
PROGRESS    Completed epoch 655 / 2000;    current loss: 0.1817203313112259
INFO Gradient norm: 18.564116709954586
PROGRESS    Completed epoch 656 / 2000;    current loss: 0.1826525777578354
INFO Gradient norm: 3.6013677438779856
PROGRESS    Completed epoch 657 / 2000;    current loss: 0.1766049563884735
INFO Gradient norm: 2.9234008325178027
PROGRESS    Completed epoch 658 / 2000;    current loss: 0.1745491474866867
INFO Gradient norm: 16.264820236176792
PROGRESS    Completed epoch 659 / 2000;    current loss: 0.1772441416978836
INFO Gradient norm: 15.27959690361152
PROGRESS    Completed epoch 660 / 2000;    current loss: 0.17668411135673523
INFO Gradient norm: 8.550504190567901
PROGRESS    Completed epoch 661 / 2000;    current loss: 0.17664042115211487
INFO Gradient norm: 9.18488852246576
PROGRESS    Completed epoch 662 / 2000;    current loss: 0.17452241480350494
INFO Gradient norm: 17.663597079932178
PROGRESS    Completed epoch 663 / 2000;    current loss: 0.17603114247322083
INFO Gradient norm: 20.89940342083734
PROGRESS    Completed epoch 664 / 2000;    current loss: 0.17879994213581085
INFO Gradient norm: 8.026196679173283
PROGRESS    Completed epoch 665 / 2000;    current loss: 0.17507301270961761
INFO Gradient norm: 15.247539057622594
PROGRESS    Completed epoch 666 / 2000;    current loss: 0.17733044922351837
INFO Gradient norm: 23.429273327258414
PROGRESS    Completed epoch 667 / 2000;    current loss: 0.18134135007858276
INFO Gradient norm: 7.99524329681788
PROGRESS    Completed epoch 668 / 2000;    current loss: 0.17645461857318878
INFO Gradient norm: 13.148811639143712
PROGRESS    Completed epoch 669 / 2000;    current loss: 0.17486874759197235
INFO Gradient norm: 32.42202443886388
PROGRESS    Completed epoch 670 / 2000;    current loss: 0.18278342485427856
INFO Gradient norm: 37.558833086025025
PROGRESS    Completed epoch 671 / 2000;    current loss: 0.1874358057975769
INFO Gradient norm: 8.745407309825334
PROGRESS    Completed epoch 672 / 2000;    current loss: 0.17244136333465576
INFO Gradient norm: 5.352556415884417
PROGRESS    Completed epoch 673 / 2000;    current loss: 0.17154225707054138
INFO Gradient norm: 24.12859002814293
PROGRESS    Completed epoch 674 / 2000;    current loss: 0.17676138877868652
INFO Gradient norm: 21.970119827877788
PROGRESS    Completed epoch 675 / 2000;    current loss: 0.17628251016139984
INFO Gradient norm: 24.279731211099445
PROGRESS    Completed epoch 676 / 2000;    current loss: 0.1790994107723236
INFO Gradient norm: 13.936272679103142
PROGRESS    Completed epoch 677 / 2000;    current loss: 0.1757248193025589
INFO Gradient norm: 41.22937626766792
PROGRESS    Completed epoch 678 / 2000;    current loss: 0.19321684539318085
INFO Gradient norm: 37.865934771501706
PROGRESS    Completed epoch 679 / 2000;    current loss: 0.19068293273448944
INFO Gradient norm: 15.621648157250592
PROGRESS    Completed epoch 680 / 2000;    current loss: 0.1781950294971466
INFO Gradient norm: 14.154259497506402
PROGRESS    Completed epoch 681 / 2000;    current loss: 0.17768371105194092
INFO Gradient norm: 31.10085848445315
PROGRESS    Completed epoch 682 / 2000;    current loss: 0.18587906658649445
INFO Gradient norm: 18.24475979876679
PROGRESS    Completed epoch 683 / 2000;    current loss: 0.17876850068569183
INFO Gradient norm: 39.040077613500586
PROGRESS    Completed epoch 684 / 2000;    current loss: 0.19262070953845978
INFO Gradient norm: 38.74599160731462
PROGRESS    Completed epoch 685 / 2000;    current loss: 0.19182470440864563
INFO Gradient norm: 11.061998043680783
PROGRESS    Completed epoch 686 / 2000;    current loss: 0.1750260293483734
INFO Gradient norm: 14.480484994704627
PROGRESS    Completed epoch 687 / 2000;    current loss: 0.17453189194202423
INFO Gradient norm: 26.72326221555696
PROGRESS    Completed epoch 688 / 2000;    current loss: 0.17881113290786743
INFO Gradient norm: 14.179171732931811
PROGRESS    Completed epoch 689 / 2000;    current loss: 0.17227524518966675
INFO Gradient norm: 28.491511019230597
PROGRESS    Completed epoch 690 / 2000;    current loss: 0.1802459955215454
INFO Gradient norm: 17.37605475080918
PROGRESS    Completed epoch 691 / 2000;    current loss: 0.1745610386133194
INFO Gradient norm: 36.583634158162546
PROGRESS    Completed epoch 692 / 2000;    current loss: 0.18761849403381348
INFO Gradient norm: 27.138013936460414
PROGRESS    Completed epoch 693 / 2000;    current loss: 0.1814788281917572
INFO Gradient norm: 26.175663444836253
PROGRESS    Completed epoch 694 / 2000;    current loss: 0.18103735148906708
INFO Gradient norm: 25.57968240171014
PROGRESS    Completed epoch 695 / 2000;    current loss: 0.18145586550235748
INFO Gradient norm: 3.1362856143041955
PROGRESS    Completed epoch 696 / 2000;    current loss: 0.1747928261756897
INFO Gradient norm: 27.130109430416418
PROGRESS    Completed epoch 697 / 2000;    current loss: 0.1838787943124771
INFO Gradient norm: 4.203447290611663
PROGRESS    Completed epoch 698 / 2000;    current loss: 0.17762503027915955
INFO Gradient norm: 22.780917340213065
PROGRESS    Completed epoch 699 / 2000;    current loss: 0.18210823833942413
INFO Gradient norm: 9.094142486582985
PROGRESS    Completed epoch 700 / 2000;    current loss: 0.17550455033779144
INFO Gradient norm: 7.567564912413769
PROGRESS    Completed epoch 701 / 2000;    current loss: 0.17405061423778534
INFO Gradient norm: 22.25149859362058
PROGRESS    Completed epoch 702 / 2000;    current loss: 0.17792560160160065
INFO Gradient norm: 3.6238593390103198
PROGRESS    Completed epoch 703 / 2000;    current loss: 0.1721084862947464
INFO Gradient norm: 8.254022072127068
PROGRESS    Completed epoch 704 / 2000;    current loss: 0.17139838635921478
INFO Gradient norm: 24.959563378166052
PROGRESS    Completed epoch 705 / 2000;    current loss: 0.17783401906490326
INFO Gradient norm: 2.3809557898909355
PROGRESS    Completed epoch 706 / 2000;    current loss: 0.1702922284603119
INFO Gradient norm: 24.123952052938815
PROGRESS    Completed epoch 707 / 2000;    current loss: 0.175889790058136
INFO Gradient norm: 14.042157764948982
PROGRESS    Completed epoch 708 / 2000;    current loss: 0.17130956053733826
INFO Gradient norm: 6.546473745866864
PROGRESS    Completed epoch 709 / 2000;    current loss: 0.17060624063014984
INFO Gradient norm: 40.030120676789295
PROGRESS    Completed epoch 710 / 2000;    current loss: 0.1885068416595459
INFO Gradient norm: 27.549496368205016
PROGRESS    Completed epoch 711 / 2000;    current loss: 0.18036812543869019
INFO Gradient norm: 16.170578466235092
PROGRESS    Completed epoch 712 / 2000;    current loss: 0.17687828838825226
INFO Gradient norm: 8.678491371232926
PROGRESS    Completed epoch 713 / 2000;    current loss: 0.17812973260879517
INFO Gradient norm: 7.8593131448190885
PROGRESS    Completed epoch 714 / 2000;    current loss: 0.1763458549976349
INFO Gradient norm: 14.217303802086597
PROGRESS    Completed epoch 715 / 2000;    current loss: 0.17414923012256622
INFO Gradient norm: 11.239902105721713
PROGRESS    Completed epoch 716 / 2000;    current loss: 0.17353278398513794
INFO Gradient norm: 11.248346094964393
PROGRESS    Completed epoch 717 / 2000;    current loss: 0.17568044364452362
INFO Gradient norm: 16.79241079046048
PROGRESS    Completed epoch 718 / 2000;    current loss: 0.17997018992900848
INFO Gradient norm: 10.957044630017164
PROGRESS    Completed epoch 719 / 2000;    current loss: 0.17987501621246338
INFO Gradient norm: 11.198990381933198
PROGRESS    Completed epoch 720 / 2000;    current loss: 0.1809270679950714
INFO Gradient norm: 12.101686290066453
PROGRESS    Completed epoch 721 / 2000;    current loss: 0.17981304228305817
INFO Gradient norm: 16.884715974743198
PROGRESS    Completed epoch 722 / 2000;    current loss: 0.17956826090812683
INFO Gradient norm: 9.814195106099191
PROGRESS    Completed epoch 723 / 2000;    current loss: 0.1753251552581787
INFO Gradient norm: 17.705285727139426
PROGRESS    Completed epoch 724 / 2000;    current loss: 0.17721523344516754
INFO Gradient norm: 11.5479051372299
PROGRESS    Completed epoch 725 / 2000;    current loss: 0.17409150302410126
INFO Gradient norm: 11.396464507913194
PROGRESS    Completed epoch 726 / 2000;    current loss: 0.17346090078353882
INFO Gradient norm: 19.326961072522398
PROGRESS    Completed epoch 727 / 2000;    current loss: 0.17528684437274933
INFO Gradient norm: 7.00715496420683
PROGRESS    Completed epoch 728 / 2000;    current loss: 0.17175239324569702
INFO Gradient norm: 16.884479470200585
PROGRESS    Completed epoch 729 / 2000;    current loss: 0.17379657924175262
INFO Gradient norm: 14.55514366293988
PROGRESS    Completed epoch 730 / 2000;    current loss: 0.17307905852794647
INFO Gradient norm: 10.506016258499479
PROGRESS    Completed epoch 731 / 2000;    current loss: 0.17143411934375763
INFO Gradient norm: 15.303928053536584
PROGRESS    Completed epoch 732 / 2000;    current loss: 0.17259417474269867
INFO Gradient norm: 18.545263422648794
PROGRESS    Completed epoch 733 / 2000;    current loss: 0.17287662625312805
INFO Gradient norm: 2.0439411748236007
PROGRESS    Completed epoch 734 / 2000;    current loss: 0.17010343074798584
INFO Gradient norm: 28.50676001185158
PROGRESS    Completed epoch 735 / 2000;    current loss: 0.1790384203195572
INFO Gradient norm: 2.091263453193628
PROGRESS    Completed epoch 736 / 2000;    current loss: 0.16992977261543274
INFO Gradient norm: 29.88550005579995
PROGRESS    Completed epoch 737 / 2000;    current loss: 0.17758867144584656
INFO Gradient norm: 1.40016486700049
PROGRESS    Completed epoch 738 / 2000;    current loss: 0.16791415214538574
INFO Gradient norm: 5.87928095009411
PROGRESS    Completed epoch 739 / 2000;    current loss: 0.1682891845703125
INFO Gradient norm: 29.787725230752752
PROGRESS    Completed epoch 740 / 2000;    current loss: 0.1782647967338562
INFO Gradient norm: 4.480347785811743
PROGRESS    Completed epoch 741 / 2000;    current loss: 0.17112049460411072
INFO Gradient norm: 30.870578507590277
PROGRESS    Completed epoch 742 / 2000;    current loss: 0.18015091121196747
INFO Gradient norm: 9.740643997685272
PROGRESS    Completed epoch 743 / 2000;    current loss: 0.17081275582313538
INFO Gradient norm: 39.169742286267585
PROGRESS    Completed epoch 744 / 2000;    current loss: 0.18635214865207672
INFO Gradient norm: 28.58367958996511
PROGRESS    Completed epoch 745 / 2000;    current loss: 0.1781288981437683
INFO Gradient norm: 26.846606842632237
PROGRESS    Completed epoch 746 / 2000;    current loss: 0.177698016166687
INFO Gradient norm: 27.11493898068069
PROGRESS    Completed epoch 747 / 2000;    current loss: 0.17813999950885773
INFO Gradient norm: 19.18760804003998
PROGRESS    Completed epoch 748 / 2000;    current loss: 0.1738954484462738
INFO Gradient norm: 6.672198079110851
PROGRESS    Completed epoch 749 / 2000;    current loss: 0.1712588667869568
INFO Gradient norm: 50.74309116003282
PROGRESS    Completed epoch 750 / 2000;    current loss: 0.19908016920089722
INFO Gradient norm: 33.89450371298493
PROGRESS    Completed epoch 751 / 2000;    current loss: 0.18363842368125916
INFO Gradient norm: 38.07723311279679
PROGRESS    Completed epoch 752 / 2000;    current loss: 0.186797097325325
INFO Gradient norm: 22.586794925277385
PROGRESS    Completed epoch 753 / 2000;    current loss: 0.18075013160705566
INFO Gradient norm: 37.76207033866813
PROGRESS    Completed epoch 754 / 2000;    current loss: 0.19299644231796265
INFO Gradient norm: 40.08450577918495
PROGRESS    Completed epoch 755 / 2000;    current loss: 0.197628453373909
INFO Gradient norm: 9.67593502499563
PROGRESS    Completed epoch 756 / 2000;    current loss: 0.18385463953018188
INFO Gradient norm: 20.81626743663965
PROGRESS    Completed epoch 757 / 2000;    current loss: 0.18401336669921875
INFO Gradient norm: 15.763118942042382
PROGRESS    Completed epoch 758 / 2000;    current loss: 0.17751745879650116
INFO Gradient norm: 3.092494909156503
PROGRESS    Completed epoch 759 / 2000;    current loss: 0.17269791662693024
INFO Gradient norm: 11.479303827524454
PROGRESS    Completed epoch 760 / 2000;    current loss: 0.17215228080749512
INFO Gradient norm: 54.104544202130676
PROGRESS    Completed epoch 761 / 2000;    current loss: 0.20548444986343384
INFO Gradient norm: 54.95394684971915
PROGRESS    Completed epoch 762 / 2000;    current loss: 0.2084159404039383
INFO Gradient norm: 5.760822796821204
PROGRESS    Completed epoch 763 / 2000;    current loss: 0.1750326156616211
INFO Gradient norm: 66.9815487481979
PROGRESS    Completed epoch 764 / 2000;    current loss: 0.21928928792476654
INFO Gradient norm: 68.06352514188234
PROGRESS    Completed epoch 765 / 2000;    current loss: 0.21965737640857697
INFO Gradient norm: 10.003977582950876
PROGRESS    Completed epoch 766 / 2000;    current loss: 0.17296473681926727
INFO Gradient norm: 77.26190743305716
PROGRESS    Completed epoch 767 / 2000;    current loss: 0.24261528253555298
INFO Gradient norm: 96.48035815353346
PROGRESS    Completed epoch 768 / 2000;    current loss: 0.2843136191368103
INFO Gradient norm: 64.58530611010552
PROGRESS    Completed epoch 769 / 2000;    current loss: 0.21884924173355103
INFO Gradient norm: 18.45787785399372
PROGRESS    Completed epoch 770 / 2000;    current loss: 0.17302054166793823
INFO Gradient norm: 32.06665538483404
PROGRESS    Completed epoch 771 / 2000;    current loss: 0.17943716049194336
INFO Gradient norm: 12.592261975572344
PROGRESS    Completed epoch 772 / 2000;    current loss: 0.17159296572208405
INFO Gradient norm: 1.6921999699537826
PROGRESS    Completed epoch 773 / 2000;    current loss: 0.16986370086669922
INFO Gradient norm: 3.671059636211527
PROGRESS    Completed epoch 774 / 2000;    current loss: 0.1694512516260147
INFO Gradient norm: 40.66245780961671
PROGRESS    Completed epoch 775 / 2000;    current loss: 0.18438570201396942
INFO Gradient norm: 10.186624740434432
PROGRESS    Completed epoch 776 / 2000;    current loss: 0.16996514797210693
INFO Gradient norm: 51.240070604215006
PROGRESS    Completed epoch 777 / 2000;    current loss: 0.19927197694778442
INFO Gradient norm: 41.78250049615118
PROGRESS    Completed epoch 778 / 2000;    current loss: 0.1903332769870758
INFO Gradient norm: 21.32128323347178
PROGRESS    Completed epoch 779 / 2000;    current loss: 0.17635577917099
INFO Gradient norm: 23.216723497340496
PROGRESS    Completed epoch 780 / 2000;    current loss: 0.1782619059085846
INFO Gradient norm: 28.029459527021555
PROGRESS    Completed epoch 781 / 2000;    current loss: 0.18233530223369598
INFO Gradient norm: 17.50171884652653
PROGRESS    Completed epoch 782 / 2000;    current loss: 0.17763128876686096
INFO Gradient norm: 33.269503462737724
PROGRESS    Completed epoch 783 / 2000;    current loss: 0.18729576468467712
INFO Gradient norm: 8.395838682035611
PROGRESS    Completed epoch 784 / 2000;    current loss: 0.18093587458133698
INFO Gradient norm: 36.23764600382748
PROGRESS    Completed epoch 785 / 2000;    current loss: 0.19471511244773865
INFO Gradient norm: 24.701348422823692
PROGRESS    Completed epoch 786 / 2000;    current loss: 0.18638890981674194
INFO Gradient norm: 32.94264427704534
PROGRESS    Completed epoch 787 / 2000;    current loss: 0.19136208295822144
INFO Gradient norm: 33.25374553551076
PROGRESS    Completed epoch 788 / 2000;    current loss: 0.19064685702323914
INFO Gradient norm: 13.87131974682076
PROGRESS    Completed epoch 789 / 2000;    current loss: 0.179115891456604
INFO Gradient norm: 11.625886272287973
PROGRESS    Completed epoch 790 / 2000;    current loss: 0.17724014818668365
INFO Gradient norm: 30.20329559537019
PROGRESS    Completed epoch 791 / 2000;    current loss: 0.1847805678844452
INFO Gradient norm: 18.220089312545795
PROGRESS    Completed epoch 792 / 2000;    current loss: 0.17735977470874786
INFO Gradient norm: 34.31871750372671
PROGRESS    Completed epoch 793 / 2000;    current loss: 0.18689967691898346
INFO Gradient norm: 33.28037549797189
PROGRESS    Completed epoch 794 / 2000;    current loss: 0.18600699305534363
INFO Gradient norm: 9.90481664637216
PROGRESS    Completed epoch 795 / 2000;    current loss: 0.17402008175849915
INFO Gradient norm: 16.17358671342395
PROGRESS    Completed epoch 796 / 2000;    current loss: 0.1772906482219696
INFO Gradient norm: 13.482399096557431
PROGRESS    Completed epoch 797 / 2000;    current loss: 0.17840981483459473
INFO Gradient norm: 10.564289050634727
PROGRESS    Completed epoch 798 / 2000;    current loss: 0.17925983667373657
INFO Gradient norm: 13.87089404960641
PROGRESS    Completed epoch 799 / 2000;    current loss: 0.18070632219314575
INFO Gradient norm: 15.22565966005491
PROGRESS    Completed epoch 800 / 2000;    current loss: 0.1806214302778244
INFO Gradient norm: 11.654889407995963
PROGRESS    Completed epoch 801 / 2000;    current loss: 0.1789465993642807
INFO Gradient norm: 12.835228732234446
PROGRESS    Completed epoch 802 / 2000;    current loss: 0.1779874712228775
INFO Gradient norm: 16.174168071078352
PROGRESS    Completed epoch 803 / 2000;    current loss: 0.17771433293819427
INFO Gradient norm: 4.324477871328437
PROGRESS    Completed epoch 804 / 2000;    current loss: 0.17465725541114807
INFO Gradient norm: 7.144842488939994
PROGRESS    Completed epoch 805 / 2000;    current loss: 0.1735982447862625
INFO Gradient norm: 26.328960220406742
PROGRESS    Completed epoch 806 / 2000;    current loss: 0.17953768372535706
INFO Gradient norm: 1.8623782493153394
PROGRESS    Completed epoch 807 / 2000;    current loss: 0.17100438475608826
INFO Gradient norm: 44.349009387564244
PROGRESS    Completed epoch 808 / 2000;    current loss: 0.18850384652614594
INFO Gradient norm: 32.364458250942555
PROGRESS    Completed epoch 809 / 2000;    current loss: 0.17911268770694733
INFO Gradient norm: 34.99854275970686
PROGRESS    Completed epoch 810 / 2000;    current loss: 0.18236717581748962
INFO Gradient norm: 26.150533489750394
PROGRESS    Completed epoch 811 / 2000;    current loss: 0.17680871486663818
INFO Gradient norm: 47.75447418808986
PROGRESS    Completed epoch 812 / 2000;    current loss: 0.1907883882522583
INFO Gradient norm: 41.52100264650952
PROGRESS    Completed epoch 813 / 2000;    current loss: 0.185849130153656
INFO Gradient norm: 26.65297776958429
PROGRESS    Completed epoch 814 / 2000;    current loss: 0.1777198761701584
INFO Gradient norm: 16.052592708463333
PROGRESS    Completed epoch 815 / 2000;    current loss: 0.17346309125423431
INFO Gradient norm: 57.459723503434006
PROGRESS    Completed epoch 816 / 2000;    current loss: 0.20307369530200958
INFO Gradient norm: 49.59634472283558
PROGRESS    Completed epoch 817 / 2000;    current loss: 0.19623246788978577
INFO Gradient norm: 25.63505489084723
PROGRESS    Completed epoch 818 / 2000;    current loss: 0.1795681118965149
INFO Gradient norm: 24.120530402121815
PROGRESS    Completed epoch 819 / 2000;    current loss: 0.17921486496925354
INFO Gradient norm: 42.04116157287083
PROGRESS    Completed epoch 820 / 2000;    current loss: 0.1912555694580078
INFO Gradient norm: 30.15496813747316
PROGRESS    Completed epoch 821 / 2000;    current loss: 0.18319089710712433
INFO Gradient norm: 43.48673866212957
PROGRESS    Completed epoch 822 / 2000;    current loss: 0.19294998049736023
INFO Gradient norm: 41.317049962001214
PROGRESS    Completed epoch 823 / 2000;    current loss: 0.1915481686592102
INFO Gradient norm: 25.133783105677185
PROGRESS    Completed epoch 824 / 2000;    current loss: 0.1804066300392151
INFO Gradient norm: 19.17638232962937
PROGRESS    Completed epoch 825 / 2000;    current loss: 0.1777786761522293
INFO Gradient norm: 46.338969030489864
PROGRESS    Completed epoch 826 / 2000;    current loss: 0.1963420808315277
INFO Gradient norm: 38.246917026212444
PROGRESS    Completed epoch 827 / 2000;    current loss: 0.18861214816570282
INFO Gradient norm: 34.00932212243836
PROGRESS    Completed epoch 828 / 2000;    current loss: 0.1858976185321808
INFO Gradient norm: 30.61415411954121
PROGRESS    Completed epoch 829 / 2000;    current loss: 0.1837042272090912
INFO Gradient norm: 36.48605146680048
PROGRESS    Completed epoch 830 / 2000;    current loss: 0.18716736137866974
INFO Gradient norm: 29.659351884046497
PROGRESS    Completed epoch 831 / 2000;    current loss: 0.18235692381858826
INFO Gradient norm: 40.752406152522724
PROGRESS    Completed epoch 832 / 2000;    current loss: 0.19023549556732178
INFO Gradient norm: 34.50191810709275
PROGRESS    Completed epoch 833 / 2000;    current loss: 0.18543750047683716
INFO Gradient norm: 33.426057427919865
PROGRESS    Completed epoch 834 / 2000;    current loss: 0.18459473550319672
INFO Gradient norm: 27.78356328548135
PROGRESS    Completed epoch 835 / 2000;    current loss: 0.18121515214443207
INFO Gradient norm: 41.415810753351266
PROGRESS    Completed epoch 836 / 2000;    current loss: 0.19074881076812744
INFO Gradient norm: 34.27980278282482
PROGRESS    Completed epoch 837 / 2000;    current loss: 0.18551038205623627
INFO Gradient norm: 35.98233599889338
PROGRESS    Completed epoch 838 / 2000;    current loss: 0.18662463128566742
INFO Gradient norm: 31.923098816464886
PROGRESS    Completed epoch 839 / 2000;    current loss: 0.18366724252700806
INFO Gradient norm: 35.73440349056752
PROGRESS    Completed epoch 840 / 2000;    current loss: 0.18616816401481628
INFO Gradient norm: 28.34328506580033
PROGRESS    Completed epoch 841 / 2000;    current loss: 0.18141886591911316
INFO Gradient norm: 40.298785332668636
PROGRESS    Completed epoch 842 / 2000;    current loss: 0.18966419994831085
INFO Gradient norm: 35.37882199074775
PROGRESS    Completed epoch 843 / 2000;    current loss: 0.1856028139591217
INFO Gradient norm: 32.46240539450269
PROGRESS    Completed epoch 844 / 2000;    current loss: 0.1834162473678589
INFO Gradient norm: 26.640845829566395
PROGRESS    Completed epoch 845 / 2000;    current loss: 0.17988042533397675
INFO Gradient norm: 39.67397998003809
PROGRESS    Completed epoch 846 / 2000;    current loss: 0.18862928450107574
INFO Gradient norm: 33.62452504252845
PROGRESS    Completed epoch 847 / 2000;    current loss: 0.18376725912094116
INFO Gradient norm: 34.48110897279877
PROGRESS    Completed epoch 848 / 2000;    current loss: 0.18413767218589783
INFO Gradient norm: 29.281202064931996
PROGRESS    Completed epoch 849 / 2000;    current loss: 0.1807258427143097
INFO Gradient norm: 35.61584793014024
PROGRESS    Completed epoch 850 / 2000;    current loss: 0.18504765629768372
INFO Gradient norm: 28.66333239161821
PROGRESS    Completed epoch 851 / 2000;    current loss: 0.18051983416080475
INFO Gradient norm: 41.03580795219534
PROGRESS    Completed epoch 852 / 2000;    current loss: 0.18903756141662598
INFO Gradient norm: 35.506253578461504
PROGRESS    Completed epoch 853 / 2000;    current loss: 0.1850043386220932
INFO Gradient norm: 32.946501529858054
PROGRESS    Completed epoch 854 / 2000;    current loss: 0.1834920048713684
INFO Gradient norm: 28.283311037824003
PROGRESS    Completed epoch 855 / 2000;    current loss: 0.18049374222755432
INFO Gradient norm: 39.12070130269126
PROGRESS    Completed epoch 856 / 2000;    current loss: 0.18749946355819702
INFO Gradient norm: 31.59949555341508
PROGRESS    Completed epoch 857 / 2000;    current loss: 0.18233251571655273
INFO Gradient norm: 37.107193427408504
PROGRESS    Completed epoch 858 / 2000;    current loss: 0.18645232915878296
INFO Gradient norm: 32.87279828858291
PROGRESS    Completed epoch 859 / 2000;    current loss: 0.18323540687561035
INFO Gradient norm: 33.56568874836075
PROGRESS    Completed epoch 860 / 2000;    current loss: 0.1833791732788086
INFO Gradient norm: 26.967657575432646
PROGRESS    Completed epoch 861 / 2000;    current loss: 0.17939870059490204
INFO Gradient norm: 39.24551886674583
PROGRESS    Completed epoch 862 / 2000;    current loss: 0.18792550265789032
INFO Gradient norm: 33.82617875253627
PROGRESS    Completed epoch 863 / 2000;    current loss: 0.18356651067733765
INFO Gradient norm: 31.539877690860724
PROGRESS    Completed epoch 864 / 2000;    current loss: 0.18242822587490082
INFO Gradient norm: 11.287494610633162
PROGRESS    Completed epoch 865 / 2000;    current loss: 0.1734810769557953
INFO Gradient norm: 46.46386997987804
PROGRESS    Completed epoch 866 / 2000;    current loss: 0.19760970771312714
INFO Gradient norm: 48.135284479312375
PROGRESS    Completed epoch 867 / 2000;    current loss: 0.20101751387119293
INFO Gradient norm: 6.65568258093392
PROGRESS    Completed epoch 868 / 2000;    current loss: 0.1774778515100479
INFO Gradient norm: 43.83811446747692
PROGRESS    Completed epoch 869 / 2000;    current loss: 0.19660833477973938
INFO Gradient norm: 24.897426181904454
PROGRESS    Completed epoch 870 / 2000;    current loss: 0.18109473586082458
INFO Gradient norm: 36.518843720255255
PROGRESS    Completed epoch 871 / 2000;    current loss: 0.18770524859428406
INFO Gradient norm: 41.38580029508196
PROGRESS    Completed epoch 872 / 2000;    current loss: 0.191849485039711
INFO Gradient norm: 2.3188486566485564
PROGRESS    Completed epoch 873 / 2000;    current loss: 0.1724052131175995
INFO Gradient norm: 37.274561905136174
PROGRESS    Completed epoch 874 / 2000;    current loss: 0.18673920631408691
INFO Gradient norm: 19.51869085785403
PROGRESS    Completed epoch 875 / 2000;    current loss: 0.17588438093662262
INFO Gradient norm: 36.83196205740643
PROGRESS    Completed epoch 876 / 2000;    current loss: 0.18680918216705322
INFO Gradient norm: 17.784443393926615
PROGRESS    Completed epoch 877 / 2000;    current loss: 0.17540709674358368
INFO Gradient norm: 24.355661594232117
PROGRESS    Completed epoch 878 / 2000;    current loss: 0.17825379967689514
INFO Gradient norm: 4.2942946486303635
PROGRESS    Completed epoch 879 / 2000;    current loss: 0.17475786805152893
INFO Gradient norm: 7.857361959935818
PROGRESS    Completed epoch 880 / 2000;    current loss: 0.17660139501094818
INFO Gradient norm: 22.89965844615874
PROGRESS    Completed epoch 881 / 2000;    current loss: 0.1812659651041031
INFO Gradient norm: 4.75466894686289
PROGRESS    Completed epoch 882 / 2000;    current loss: 0.17510420083999634
INFO Gradient norm: 3.810939230351579
PROGRESS    Completed epoch 883 / 2000;    current loss: 0.17431628704071045
INFO Gradient norm: 5.2585095908364075
PROGRESS    Completed epoch 884 / 2000;    current loss: 0.17227430641651154
INFO Gradient norm: 25.583776103358865
PROGRESS    Completed epoch 885 / 2000;    current loss: 0.17726360261440277
INFO Gradient norm: 2.611635920878596
PROGRESS    Completed epoch 886 / 2000;    current loss: 0.17144057154655457
INFO Gradient norm: 15.181669588914223
PROGRESS    Completed epoch 887 / 2000;    current loss: 0.17367969453334808
INFO Gradient norm: 13.562312870747636
PROGRESS    Completed epoch 888 / 2000;    current loss: 0.17236919701099396
INFO Gradient norm: 12.933749755358393
PROGRESS    Completed epoch 889 / 2000;    current loss: 0.1716960370540619
INFO Gradient norm: 15.205550216140658
PROGRESS    Completed epoch 890 / 2000;    current loss: 0.17106565833091736
INFO Gradient norm: 12.156993732364365
PROGRESS    Completed epoch 891 / 2000;    current loss: 0.17048679292201996
INFO Gradient norm: 15.08182210452647
PROGRESS    Completed epoch 892 / 2000;    current loss: 0.17071357369422913
INFO Gradient norm: 12.7441882772215
PROGRESS    Completed epoch 893 / 2000;    current loss: 0.17006583511829376
INFO Gradient norm: 14.428434211171217
PROGRESS    Completed epoch 894 / 2000;    current loss: 0.17026016116142273
INFO Gradient norm: 11.624500169428202
PROGRESS    Completed epoch 895 / 2000;    current loss: 0.16967634856700897
INFO Gradient norm: 27.385751678648425
PROGRESS    Completed epoch 896 / 2000;    current loss: 0.17615120112895966
INFO Gradient norm: 4.5140615418987045
PROGRESS    Completed epoch 897 / 2000;    current loss: 0.16974112391471863
INFO Gradient norm: 5.210880936014998
PROGRESS    Completed epoch 898 / 2000;    current loss: 0.16958916187286377
INFO Gradient norm: 30.69226422539627
PROGRESS    Completed epoch 899 / 2000;    current loss: 0.17824222147464752
INFO Gradient norm: 2.6171237441207196
PROGRESS    Completed epoch 900 / 2000;    current loss: 0.16866494715213776
INFO Gradient norm: 7.2277387555447525
PROGRESS    Completed epoch 901 / 2000;    current loss: 0.16829955577850342
INFO Gradient norm: 18.69501067983641
PROGRESS    Completed epoch 902 / 2000;    current loss: 0.1721079796552658
INFO Gradient norm: 15.870148866304483
PROGRESS    Completed epoch 903 / 2000;    current loss: 0.17166666686534882
INFO Gradient norm: 6.595558436824589
PROGRESS    Completed epoch 904 / 2000;    current loss: 0.17040222883224487
INFO Gradient norm: 15.785952745907714
PROGRESS    Completed epoch 905 / 2000;    current loss: 0.17236633598804474
INFO Gradient norm: 16.984003971093944
PROGRESS    Completed epoch 906 / 2000;    current loss: 0.17347870767116547
INFO Gradient norm: 7.659821133482299
PROGRESS    Completed epoch 907 / 2000;    current loss: 0.1708485335111618
INFO Gradient norm: 15.246053502986623
PROGRESS    Completed epoch 908 / 2000;    current loss: 0.17260216176509857
INFO Gradient norm: 17.09032072683256
PROGRESS    Completed epoch 909 / 2000;    current loss: 0.17350441217422485
INFO Gradient norm: 7.441223978512683
PROGRESS    Completed epoch 910 / 2000;    current loss: 0.1710498332977295
INFO Gradient norm: 9.691582752084319
PROGRESS    Completed epoch 911 / 2000;    current loss: 0.17160731554031372
INFO Gradient norm: 24.260568159522915
PROGRESS    Completed epoch 912 / 2000;    current loss: 0.17665961384773254
INFO Gradient norm: 8.325706929849197
PROGRESS    Completed epoch 913 / 2000;    current loss: 0.1712670475244522
INFO Gradient norm: 44.8430507300732
PROGRESS    Completed epoch 914 / 2000;    current loss: 0.1917020082473755
INFO Gradient norm: 41.16552969585103
PROGRESS    Completed epoch 915 / 2000;    current loss: 0.18846110999584198
INFO Gradient norm: 10.430787033012905
PROGRESS    Completed epoch 916 / 2000;    current loss: 0.17226283252239227
INFO Gradient norm: 13.396165302944661
PROGRESS    Completed epoch 917 / 2000;    current loss: 0.172758549451828
INFO Gradient norm: 26.897008784649433
PROGRESS    Completed epoch 918 / 2000;    current loss: 0.17764756083488464
INFO Gradient norm: 14.194503290447495
PROGRESS    Completed epoch 919 / 2000;    current loss: 0.17231443524360657
INFO Gradient norm: 37.408544913397726
PROGRESS    Completed epoch 920 / 2000;    current loss: 0.18541845679283142
INFO Gradient norm: 34.761927912229304
PROGRESS    Completed epoch 921 / 2000;    current loss: 0.18311870098114014
INFO Gradient norm: 14.460492308865593
PROGRESS    Completed epoch 922 / 2000;    current loss: 0.17195793986320496
INFO Gradient norm: 15.246601492741034
PROGRESS    Completed epoch 923 / 2000;    current loss: 0.17232844233512878
INFO Gradient norm: 25.96426489430184
PROGRESS    Completed epoch 924 / 2000;    current loss: 0.1771128922700882
INFO Gradient norm: 14.315852060333693
PROGRESS    Completed epoch 925 / 2000;    current loss: 0.17235185205936432
INFO Gradient norm: 40.18666846817947
PROGRESS    Completed epoch 926 / 2000;    current loss: 0.18742169439792633
INFO Gradient norm: 37.77453940572777
PROGRESS    Completed epoch 927 / 2000;    current loss: 0.18559208512306213
INFO Gradient norm: 12.880239047067857
PROGRESS    Completed epoch 928 / 2000;    current loss: 0.17213678359985352
INFO Gradient norm: 12.962905911012664
PROGRESS    Completed epoch 929 / 2000;    current loss: 0.17205816507339478
INFO Gradient norm: 29.898103919195194
PROGRESS    Completed epoch 930 / 2000;    current loss: 0.17984840273857117
INFO Gradient norm: 18.898372076442406
PROGRESS    Completed epoch 931 / 2000;    current loss: 0.1739867478609085
INFO Gradient norm: 33.160474240807794
PROGRESS    Completed epoch 932 / 2000;    current loss: 0.18244372308254242
INFO Gradient norm: 30.87286018657375
PROGRESS    Completed epoch 933 / 2000;    current loss: 0.18070776760578156
INFO Gradient norm: 17.821562605151563
PROGRESS    Completed epoch 934 / 2000;    current loss: 0.1743127554655075
INFO Gradient norm: 15.360051770869472
PROGRESS    Completed epoch 935 / 2000;    current loss: 0.17356108129024506
INFO Gradient norm: 30.243279045327252
PROGRESS    Completed epoch 936 / 2000;    current loss: 0.18068021535873413
INFO Gradient norm: 22.75668539210518
PROGRESS    Completed epoch 937 / 2000;    current loss: 0.1764141321182251
INFO Gradient norm: 30.08980978984457
PROGRESS    Completed epoch 938 / 2000;    current loss: 0.18052417039871216
INFO Gradient norm: 27.75200062147541
PROGRESS    Completed epoch 939 / 2000;    current loss: 0.17910540103912354
INFO Gradient norm: 21.073774843300278
PROGRESS    Completed epoch 940 / 2000;    current loss: 0.17549683153629303
INFO Gradient norm: 17.37831461406622
PROGRESS    Completed epoch 941 / 2000;    current loss: 0.17387470602989197
INFO Gradient norm: 30.3610492398191
PROGRESS    Completed epoch 942 / 2000;    current loss: 0.18038663268089294
INFO Gradient norm: 23.750676030999898
PROGRESS    Completed epoch 943 / 2000;    current loss: 0.17655375599861145
INFO Gradient norm: 27.09194607464512
PROGRESS    Completed epoch 944 / 2000;    current loss: 0.1780371516942978
INFO Gradient norm: 24.744804878184674
PROGRESS    Completed epoch 945 / 2000;    current loss: 0.17651140689849854
INFO Gradient norm: 22.605531335963402
PROGRESS    Completed epoch 946 / 2000;    current loss: 0.1754572093486786
INFO Gradient norm: 17.939055926364883
PROGRESS    Completed epoch 947 / 2000;    current loss: 0.17326731979846954
INFO Gradient norm: 28.414768917671868
PROGRESS    Completed epoch 948 / 2000;    current loss: 0.1783164143562317
INFO Gradient norm: 22.694719869917385
PROGRESS    Completed epoch 949 / 2000;    current loss: 0.17530082166194916
INFO Gradient norm: 28.117029082610703
PROGRESS    Completed epoch 950 / 2000;    current loss: 0.17848584055900574
INFO Gradient norm: 24.735824840983998
PROGRESS    Completed epoch 951 / 2000;    current loss: 0.17660701274871826
INFO Gradient norm: 25.035828999124398
PROGRESS    Completed epoch 952 / 2000;    current loss: 0.1764136552810669
INFO Gradient norm: 21.343817598952672
PROGRESS    Completed epoch 953 / 2000;    current loss: 0.17452609539031982
INFO Gradient norm: 26.67099975595351
PROGRESS    Completed epoch 954 / 2000;    current loss: 0.1774255931377411
INFO Gradient norm: 16.282760325402013
PROGRESS    Completed epoch 955 / 2000;    current loss: 0.17269417643547058
INFO Gradient norm: 35.759260664991444
PROGRESS    Completed epoch 956 / 2000;    current loss: 0.18361270427703857
INFO Gradient norm: 33.58839242719994
PROGRESS    Completed epoch 957 / 2000;    current loss: 0.18210309743881226
INFO Gradient norm: 14.807795942612753
PROGRESS    Completed epoch 958 / 2000;    current loss: 0.17204700410366058
INFO Gradient norm: 13.146416197997247
PROGRESS    Completed epoch 959 / 2000;    current loss: 0.17144019901752472
INFO Gradient norm: 30.4265986372684
PROGRESS    Completed epoch 960 / 2000;    current loss: 0.18022523820400238
INFO Gradient norm: 22.053187741871934
PROGRESS    Completed epoch 961 / 2000;    current loss: 0.1755056083202362
INFO Gradient norm: 30.31525414344457
PROGRESS    Completed epoch 962 / 2000;    current loss: 0.18000014126300812
INFO Gradient norm: 29.090088692429116
PROGRESS    Completed epoch 963 / 2000;    current loss: 0.1792946308851242
INFO Gradient norm: 18.183786720029
PROGRESS    Completed epoch 964 / 2000;    current loss: 0.17390960454940796
INFO Gradient norm: 14.957284647939805
PROGRESS    Completed epoch 965 / 2000;    current loss: 0.17274831235408783
INFO Gradient norm: 31.060587253085338
PROGRESS    Completed epoch 966 / 2000;    current loss: 0.18033379316329956
INFO Gradient norm: 23.34720678445749
PROGRESS    Completed epoch 967 / 2000;    current loss: 0.175983265042305
INFO Gradient norm: 28.26862443087574
PROGRESS    Completed epoch 968 / 2000;    current loss: 0.1786964237689972
INFO Gradient norm: 26.70753387489198
PROGRESS    Completed epoch 969 / 2000;    current loss: 0.17770744860172272
INFO Gradient norm: 20.333000851470267
PROGRESS    Completed epoch 970 / 2000;    current loss: 0.17441296577453613
INFO Gradient norm: 16.173112357995883
PROGRESS    Completed epoch 971 / 2000;    current loss: 0.1727941334247589
INFO Gradient norm: 30.612925953055818
PROGRESS    Completed epoch 972 / 2000;    current loss: 0.17992888391017914
INFO Gradient norm: 24.78498314432092
PROGRESS    Completed epoch 973 / 2000;    current loss: 0.17639407515525818
INFO Gradient norm: 26.369700042237504
PROGRESS    Completed epoch 974 / 2000;    current loss: 0.17696523666381836
INFO Gradient norm: 23.76815973193776
PROGRESS    Completed epoch 975 / 2000;    current loss: 0.17558486759662628
INFO Gradient norm: 24.247560121177248
PROGRESS    Completed epoch 976 / 2000;    current loss: 0.17593081295490265
INFO Gradient norm: 19.78627103326743
PROGRESS    Completed epoch 977 / 2000;    current loss: 0.17377758026123047
INFO Gradient norm: 29.29599170750044
PROGRESS    Completed epoch 978 / 2000;    current loss: 0.17827382683753967
INFO Gradient norm: 24.449487490445595
PROGRESS    Completed epoch 979 / 2000;    current loss: 0.17560100555419922
INFO Gradient norm: 25.44329301522851
PROGRESS    Completed epoch 980 / 2000;    current loss: 0.17625121772289276
INFO Gradient norm: 22.332408194434482
PROGRESS    Completed epoch 981 / 2000;    current loss: 0.17460177838802338
INFO Gradient norm: 26.29314248470663
PROGRESS    Completed epoch 982 / 2000;    current loss: 0.17625543475151062
INFO Gradient norm: 21.274382891489577
PROGRESS    Completed epoch 983 / 2000;    current loss: 0.17383524775505066
INFO Gradient norm: 28.23179055326445
PROGRESS    Completed epoch 984 / 2000;    current loss: 0.17754188179969788
INFO Gradient norm: 24.237751983404518
PROGRESS    Completed epoch 985 / 2000;    current loss: 0.1752670705318451
INFO Gradient norm: 25.504898809384756
PROGRESS    Completed epoch 986 / 2000;    current loss: 0.17559167742729187
INFO Gradient norm: 21.610435468328347
PROGRESS    Completed epoch 987 / 2000;    current loss: 0.1737358272075653
INFO Gradient norm: 26.908665461409765
PROGRESS    Completed epoch 988 / 2000;    current loss: 0.17652086913585663
INFO Gradient norm: 22.234590955694845
PROGRESS    Completed epoch 989 / 2000;    current loss: 0.17403565347194672
INFO Gradient norm: 28.101211926268046
PROGRESS    Completed epoch 990 / 2000;    current loss: 0.1766282469034195
INFO Gradient norm: 23.911407987615917
PROGRESS    Completed epoch 991 / 2000;    current loss: 0.17443618178367615
INFO Gradient norm: 25.90402739702218
PROGRESS    Completed epoch 992 / 2000;    current loss: 0.17566698789596558
INFO Gradient norm: 22.12598621143234
PROGRESS    Completed epoch 993 / 2000;    current loss: 0.17370256781578064
INFO Gradient norm: 27.435806770282632
PROGRESS    Completed epoch 994 / 2000;    current loss: 0.17598354816436768
INFO Gradient norm: 22.588482910633168
PROGRESS    Completed epoch 995 / 2000;    current loss: 0.17358677089214325
INFO Gradient norm: 27.353251020103542
PROGRESS    Completed epoch 996 / 2000;    current loss: 0.17621451616287231
INFO Gradient norm: 23.527895709468087
PROGRESS    Completed epoch 997 / 2000;    current loss: 0.1741219460964203
INFO Gradient norm: 26.280862492587563
PROGRESS    Completed epoch 998 / 2000;    current loss: 0.17513826489448547
INFO Gradient norm: 22.052621834685954
PROGRESS    Completed epoch 999 / 2000;    current loss: 0.17309504747390747
INFO Gradient norm: 24.947065358505192
PROGRESS    Completed epoch 1000 / 2000;    current loss: 0.17475327849388123
INFO Gradient norm: 9.909265220751056
PROGRESS    Completed epoch 1001 / 2000;    current loss: 0.17056791484355927
INFO Gradient norm: 45.49557990263459
PROGRESS    Completed epoch 1002 / 2000;    current loss: 0.19070422649383545
INFO Gradient norm: 40.66800442947399
PROGRESS    Completed epoch 1003 / 2000;    current loss: 0.1872805953025818
INFO Gradient norm: 12.714580265644257
PROGRESS    Completed epoch 1004 / 2000;    current loss: 0.17246747016906738
INFO Gradient norm: 14.80975458496807
PROGRESS    Completed epoch 1005 / 2000;    current loss: 0.17286889255046844
INFO Gradient norm: 27.18879460190961
PROGRESS    Completed epoch 1006 / 2000;    current loss: 0.1774473339319229
INFO Gradient norm: 14.529452011695382
PROGRESS    Completed epoch 1007 / 2000;    current loss: 0.1721416413784027
INFO Gradient norm: 38.89037870375691
PROGRESS    Completed epoch 1008 / 2000;    current loss: 0.1866643726825714
INFO Gradient norm: 37.083951605379156
PROGRESS    Completed epoch 1009 / 2000;    current loss: 0.18498995900154114
INFO Gradient norm: 11.253562859229818
PROGRESS    Completed epoch 1010 / 2000;    current loss: 0.1719067543745041
INFO Gradient norm: 12.074311006009111
PROGRESS    Completed epoch 1011 / 2000;    current loss: 0.17211709916591644
INFO Gradient norm: 28.461665321917785
PROGRESS    Completed epoch 1012 / 2000;    current loss: 0.17892031371593475
INFO Gradient norm: 17.355687068040456
PROGRESS    Completed epoch 1013 / 2000;    current loss: 0.17324133217334747
INFO Gradient norm: 37.687914637794194
PROGRESS    Completed epoch 1014 / 2000;    current loss: 0.1844748556613922
INFO Gradient norm: 36.28689603248719
PROGRESS    Completed epoch 1015 / 2000;    current loss: 0.1833176463842392
INFO Gradient norm: 13.089234008719252
PROGRESS    Completed epoch 1016 / 2000;    current loss: 0.1719527691602707
INFO Gradient norm: 12.260472098804243
PROGRESS    Completed epoch 1017 / 2000;    current loss: 0.17169125378131866
INFO Gradient norm: 30.62077318916067
PROGRESS    Completed epoch 1018 / 2000;    current loss: 0.1795620173215866
INFO Gradient norm: 21.53574366789941
PROGRESS    Completed epoch 1019 / 2000;    current loss: 0.17429056763648987
INFO Gradient norm: 30.37625028718132
PROGRESS    Completed epoch 1020 / 2000;    current loss: 0.1801598221063614
INFO Gradient norm: 29.026386652049805
PROGRESS    Completed epoch 1021 / 2000;    current loss: 0.17924976348876953
INFO Gradient norm: 18.14857513485252
PROGRESS    Completed epoch 1022 / 2000;    current loss: 0.17340202629566193
INFO Gradient norm: 14.594363012801988
PROGRESS    Completed epoch 1023 / 2000;    current loss: 0.17219612002372742
INFO Gradient norm: 31.060658624852827
PROGRESS    Completed epoch 1024 / 2000;    current loss: 0.18035900592803955
INFO Gradient norm: 24.29396355018025
PROGRESS    Completed epoch 1025 / 2000;    current loss: 0.17570282518863678
INFO Gradient norm: 27.464901424715375
PROGRESS    Completed epoch 1026 / 2000;    current loss: 0.17750106751918793
INFO Gradient norm: 25.321772892946804
PROGRESS    Completed epoch 1027 / 2000;    current loss: 0.17619727551937103
INFO Gradient norm: 22.597575074731004
PROGRESS    Completed epoch 1028 / 2000;    current loss: 0.17507816851139069
INFO Gradient norm: 18.39141268260131
PROGRESS    Completed epoch 1029 / 2000;    current loss: 0.17316842079162598
INFO Gradient norm: 29.956791600799335
PROGRESS    Completed epoch 1030 / 2000;    current loss: 0.1781352460384369
INFO Gradient norm: 24.15975620243221
PROGRESS    Completed epoch 1031 / 2000;    current loss: 0.17536687850952148
INFO Gradient norm: 23.78869934143338
PROGRESS    Completed epoch 1032 / 2000;    current loss: 0.17547939717769623
INFO Gradient norm: 15.06071577718205
PROGRESS    Completed epoch 1033 / 2000;    current loss: 0.17205528914928436
INFO Gradient norm: 37.5215822578921
PROGRESS    Completed epoch 1034 / 2000;    current loss: 0.18395060300827026
INFO Gradient norm: 33.53039729590844
PROGRESS    Completed epoch 1035 / 2000;    current loss: 0.1814538985490799
INFO Gradient norm: 18.099447484946037
PROGRESS    Completed epoch 1036 / 2000;    current loss: 0.1735171675682068
INFO Gradient norm: 17.074863330887833
PROGRESS    Completed epoch 1037 / 2000;    current loss: 0.17331461608409882
INFO Gradient norm: 28.742059857261864
PROGRESS    Completed epoch 1038 / 2000;    current loss: 0.1789226531982422
INFO Gradient norm: 20.42301670766957
PROGRESS    Completed epoch 1039 / 2000;    current loss: 0.17489449679851532
INFO Gradient norm: 31.03443775837426
PROGRESS    Completed epoch 1040 / 2000;    current loss: 0.1806362271308899
INFO Gradient norm: 28.749822440059415
PROGRESS    Completed epoch 1041 / 2000;    current loss: 0.17912518978118896
INFO Gradient norm: 19.288814034350516
PROGRESS    Completed epoch 1042 / 2000;    current loss: 0.17430387437343597
INFO Gradient norm: 16.08420923925616
PROGRESS    Completed epoch 1043 / 2000;    current loss: 0.17300954461097717
INFO Gradient norm: 29.010867586170743
PROGRESS    Completed epoch 1044 / 2000;    current loss: 0.17907530069351196
INFO Gradient norm: 22.109934079051836
PROGRESS    Completed epoch 1045 / 2000;    current loss: 0.17540740966796875
INFO Gradient norm: 29.964072834673406
PROGRESS    Completed epoch 1046 / 2000;    current loss: 0.179717019200325
INFO Gradient norm: 27.25274234980605
PROGRESS    Completed epoch 1047 / 2000;    current loss: 0.17819468677043915
INFO Gradient norm: 21.879664918112656
PROGRESS    Completed epoch 1048 / 2000;    current loss: 0.1753186136484146
INFO Gradient norm: 18.536496472086124
PROGRESS    Completed epoch 1049 / 2000;    current loss: 0.17386597394943237
INFO Gradient norm: 29.317251819185824
PROGRESS    Completed epoch 1050 / 2000;    current loss: 0.17913751304149628
INFO Gradient norm: 23.027338821542592
PROGRESS    Completed epoch 1051 / 2000;    current loss: 0.17577321827411652
INFO Gradient norm: 27.13613953069273
PROGRESS    Completed epoch 1052 / 2000;    current loss: 0.17782405018806458
INFO Gradient norm: 24.360981294505464
PROGRESS    Completed epoch 1053 / 2000;    current loss: 0.17626403272151947
INFO Gradient norm: 23.713588153395598
PROGRESS    Completed epoch 1054 / 2000;    current loss: 0.17597506940364838
INFO Gradient norm: 19.707924932517866
PROGRESS    Completed epoch 1055 / 2000;    current loss: 0.17421458661556244
INFO Gradient norm: 27.659613685879798
PROGRESS    Completed epoch 1056 / 2000;    current loss: 0.17808689177036285
INFO Gradient norm: 22.92656431065075
PROGRESS    Completed epoch 1057 / 2000;    current loss: 0.1754225343465805
INFO Gradient norm: 26.473457956082243
PROGRESS    Completed epoch 1058 / 2000;    current loss: 0.1771038919687271
INFO Gradient norm: 22.95258765320987
PROGRESS    Completed epoch 1059 / 2000;    current loss: 0.17524570226669312
INFO Gradient norm: 24.68678351011481
PROGRESS    Completed epoch 1060 / 2000;    current loss: 0.1759033054113388
INFO Gradient norm: 20.38631289928536
PROGRESS    Completed epoch 1061 / 2000;    current loss: 0.17387542128562927
INFO Gradient norm: 28.258647886655595
PROGRESS    Completed epoch 1062 / 2000;    current loss: 0.17788231372833252
INFO Gradient norm: 23.604051338128542
PROGRESS    Completed epoch 1063 / 2000;    current loss: 0.17543533444404602
INFO Gradient norm: 25.312111900584206
PROGRESS    Completed epoch 1064 / 2000;    current loss: 0.17614434659481049
INFO Gradient norm: 22.13211713936713
PROGRESS    Completed epoch 1065 / 2000;    current loss: 0.17449341714382172
INFO Gradient norm: 25.436924407369542
PROGRESS    Completed epoch 1066 / 2000;    current loss: 0.17609474062919617
INFO Gradient norm: 20.67754682572046
PROGRESS    Completed epoch 1067 / 2000;    current loss: 0.17377504706382751
INFO Gradient norm: 26.80206937462255
PROGRESS    Completed epoch 1068 / 2000;    current loss: 0.17680630087852478
INFO Gradient norm: 22.648417920641407
PROGRESS    Completed epoch 1069 / 2000;    current loss: 0.17467039823532104
INFO Gradient norm: 26.03696939250679
PROGRESS    Completed epoch 1070 / 2000;    current loss: 0.1763676106929779
INFO Gradient norm: 22.19086880336331
PROGRESS    Completed epoch 1071 / 2000;    current loss: 0.17447951436042786
INFO Gradient norm: 25.600322065830113
PROGRESS    Completed epoch 1072 / 2000;    current loss: 0.1761031448841095
INFO Gradient norm: 21.588074751086225
PROGRESS    Completed epoch 1073 / 2000;    current loss: 0.174025297164917
INFO Gradient norm: 26.70698215003009
PROGRESS    Completed epoch 1074 / 2000;    current loss: 0.17647628486156464
INFO Gradient norm: 22.37950107978739
PROGRESS    Completed epoch 1075 / 2000;    current loss: 0.17425571382045746
INFO Gradient norm: 25.536391999928984
PROGRESS    Completed epoch 1076 / 2000;    current loss: 0.17566904425621033
INFO Gradient norm: 21.858178051537674
PROGRESS    Completed epoch 1077 / 2000;    current loss: 0.17369313538074493
INFO Gradient norm: 25.878849480476568
PROGRESS    Completed epoch 1078 / 2000;    current loss: 0.17564064264297485
INFO Gradient norm: 21.76648011294256
PROGRESS    Completed epoch 1079 / 2000;    current loss: 0.17364159226417542
INFO Gradient norm: 25.640831293138366
PROGRESS    Completed epoch 1080 / 2000;    current loss: 0.17540936172008514
INFO Gradient norm: 21.779488549780215
PROGRESS    Completed epoch 1081 / 2000;    current loss: 0.17341077327728271
INFO Gradient norm: 25.965583697472656
PROGRESS    Completed epoch 1082 / 2000;    current loss: 0.17547978460788727
INFO Gradient norm: 21.837917202161353
PROGRESS    Completed epoch 1083 / 2000;    current loss: 0.173427015542984
INFO Gradient norm: 25.342925800970672
PROGRESS    Completed epoch 1084 / 2000;    current loss: 0.17504437267780304
INFO Gradient norm: 21.479481110439266
PROGRESS    Completed epoch 1085 / 2000;    current loss: 0.1730794459581375
INFO Gradient norm: 26.08548853897645
PROGRESS    Completed epoch 1086 / 2000;    current loss: 0.17534850537776947
INFO Gradient norm: 21.91846550201618
PROGRESS    Completed epoch 1087 / 2000;    current loss: 0.17326940596103668
INFO Gradient norm: 25.26525357920015
PROGRESS    Completed epoch 1088 / 2000;    current loss: 0.17479583621025085
INFO Gradient norm: 21.505575702981478
PROGRESS    Completed epoch 1089 / 2000;    current loss: 0.1728813648223877
INFO Gradient norm: 25.873065903066294
PROGRESS    Completed epoch 1090 / 2000;    current loss: 0.17501889169216156
INFO Gradient norm: 21.724792668163698
PROGRESS    Completed epoch 1091 / 2000;    current loss: 0.17299193143844604
INFO Gradient norm: 25.30949987656327
PROGRESS    Completed epoch 1092 / 2000;    current loss: 0.1746269315481186
INFO Gradient norm: 21.52548819520784
PROGRESS    Completed epoch 1093 / 2000;    current loss: 0.1726977825164795
INFO Gradient norm: 25.728720308217696
PROGRESS    Completed epoch 1094 / 2000;    current loss: 0.17476209998130798
INFO Gradient norm: 21.718836836823037
PROGRESS    Completed epoch 1095 / 2000;    current loss: 0.17283667623996735
INFO Gradient norm: 25.18955626374266
PROGRESS    Completed epoch 1096 / 2000;    current loss: 0.17441198229789734
INFO Gradient norm: 21.396942944492487
PROGRESS    Completed epoch 1097 / 2000;    current loss: 0.17248879373073578
INFO Gradient norm: 25.76141341635938
PROGRESS    Completed epoch 1098 / 2000;    current loss: 0.1746157705783844
INFO Gradient norm: 21.70815898888156
PROGRESS    Completed epoch 1099 / 2000;    current loss: 0.1726514995098114
INFO Gradient norm: 25.081696045764886
PROGRESS    Completed epoch 1100 / 2000;    current loss: 0.17418895661830902
INFO Gradient norm: 21.320233744289908
PROGRESS    Completed epoch 1101 / 2000;    current loss: 0.17228974401950836
INFO Gradient norm: 25.706454045820056
PROGRESS    Completed epoch 1102 / 2000;    current loss: 0.1744164675474167
INFO Gradient norm: 21.59438204028785
PROGRESS    Completed epoch 1103 / 2000;    current loss: 0.17241595685482025
INFO Gradient norm: 25.049991040243896
PROGRESS    Completed epoch 1104 / 2000;    current loss: 0.17397280037403107
INFO Gradient norm: 21.29975111084445
PROGRESS    Completed epoch 1105 / 2000;    current loss: 0.17207910120487213
INFO Gradient norm: 25.591702086134795
PROGRESS    Completed epoch 1106 / 2000;    current loss: 0.17419016361236572
INFO Gradient norm: 21.54417890385302
PROGRESS    Completed epoch 1107 / 2000;    current loss: 0.1722315400838852
INFO Gradient norm: 24.96214315848102
PROGRESS    Completed epoch 1108 / 2000;    current loss: 0.17375077307224274
INFO Gradient norm: 21.218242906185267
PROGRESS    Completed epoch 1109 / 2000;    current loss: 0.1718725860118866
INFO Gradient norm: 25.548043750678662
PROGRESS    Completed epoch 1110 / 2000;    current loss: 0.174033060669899
INFO Gradient norm: 21.521541253328508
PROGRESS    Completed epoch 1111 / 2000;    current loss: 0.17207910120487213
INFO Gradient norm: 24.875244887186966
PROGRESS    Completed epoch 1112 / 2000;    current loss: 0.17354615032672882
INFO Gradient norm: 21.15237621043769
PROGRESS    Completed epoch 1113 / 2000;    current loss: 0.17169228196144104
INFO Gradient norm: 23.729359963978123
PROGRESS    Completed epoch 1114 / 2000;    current loss: 0.17293395102024078
INFO Gradient norm: 14.884204207441506
PROGRESS    Completed epoch 1115 / 2000;    current loss: 0.16925737261772156
INFO Gradient norm: 33.32140193752353
PROGRESS    Completed epoch 1116 / 2000;    current loss: 0.17906062304973602
INFO Gradient norm: 30.70919105275193
PROGRESS    Completed epoch 1117 / 2000;    current loss: 0.17735262215137482
INFO Gradient norm: 15.605291007710226
PROGRESS    Completed epoch 1118 / 2000;    current loss: 0.17008617520332336
INFO Gradient norm: 14.144686161492041
PROGRESS    Completed epoch 1119 / 2000;    current loss: 0.16970880329608917
INFO Gradient norm: 27.579812573934035
PROGRESS    Completed epoch 1120 / 2000;    current loss: 0.17556583881378174
INFO Gradient norm: 9.007915657256326
PROGRESS    Completed epoch 1121 / 2000;    current loss: 0.16915516555309296
INFO Gradient norm: 46.89881372539925
PROGRESS    Completed epoch 1122 / 2000;    current loss: 0.19059140980243683
INFO Gradient norm: 45.3002120511422
PROGRESS    Completed epoch 1123 / 2000;    current loss: 0.1895325779914856
INFO Gradient norm: 4.761435248832251
PROGRESS    Completed epoch 1124 / 2000;    current loss: 0.1696358621120453
INFO Gradient norm: 17.157522090873965
PROGRESS    Completed epoch 1125 / 2000;    current loss: 0.17224924266338348
INFO Gradient norm: 14.518558863421822
PROGRESS    Completed epoch 1126 / 2000;    current loss: 0.17126360535621643
INFO Gradient norm: 1.096465217875795
PROGRESS    Completed epoch 1127 / 2000;    current loss: 0.16901370882987976
INFO Gradient norm: 4.174423197518047
PROGRESS    Completed epoch 1128 / 2000;    current loss: 0.16890855133533478
INFO Gradient norm: 30.72772697460272
PROGRESS    Completed epoch 1129 / 2000;    current loss: 0.1777300238609314
INFO Gradient norm: 16.058797306606696
PROGRESS    Completed epoch 1130 / 2000;    current loss: 0.17077851295471191
INFO Gradient norm: 36.694441320929315
PROGRESS    Completed epoch 1131 / 2000;    current loss: 0.18313834071159363
INFO Gradient norm: 37.8411013828362
PROGRESS    Completed epoch 1132 / 2000;    current loss: 0.18391671776771545
INFO Gradient norm: 6.125526427190942
PROGRESS    Completed epoch 1133 / 2000;    current loss: 0.16860835254192352
INFO Gradient norm: 10.338493755496561
PROGRESS    Completed epoch 1134 / 2000;    current loss: 0.16897352039813995
INFO Gradient norm: 24.3310771466665
PROGRESS    Completed epoch 1135 / 2000;    current loss: 0.17405103147029877
INFO Gradient norm: 10.654793619674694
PROGRESS    Completed epoch 1136 / 2000;    current loss: 0.16874083876609802
INFO Gradient norm: 41.96732432651124
PROGRESS    Completed epoch 1137 / 2000;    current loss: 0.1842598021030426
INFO Gradient norm: 40.48421543140508
PROGRESS    Completed epoch 1138 / 2000;    current loss: 0.1829473078250885
INFO Gradient norm: 7.0272486500360865
PROGRESS    Completed epoch 1139 / 2000;    current loss: 0.16767843067646027
INFO Gradient norm: 2.317179700582482
PROGRESS    Completed epoch 1140 / 2000;    current loss: 0.16812798380851746
INFO Gradient norm: 5.109021822474754
PROGRESS    Completed epoch 1141 / 2000;    current loss: 0.16838768124580383
INFO Gradient norm: 19.900036571343367
PROGRESS    Completed epoch 1142 / 2000;    current loss: 0.17127704620361328
INFO Gradient norm: 1.4583778434772978
PROGRESS    Completed epoch 1143 / 2000;    current loss: 0.16739358007907867
INFO Gradient norm: 1.9960939976142578
PROGRESS    Completed epoch 1144 / 2000;    current loss: 0.16765116155147552
INFO Gradient norm: 18.86962184245644
PROGRESS    Completed epoch 1145 / 2000;    current loss: 0.17110727727413177
INFO Gradient norm: 6.893416993128553
PROGRESS    Completed epoch 1146 / 2000;    current loss: 0.16780024766921997
INFO Gradient norm: 9.60047623980711
PROGRESS    Completed epoch 1147 / 2000;    current loss: 0.16824893653392792
INFO Gradient norm: 15.704157883277395
PROGRESS    Completed epoch 1148 / 2000;    current loss: 0.16963312029838562
INFO Gradient norm: 5.121479753844516
PROGRESS    Completed epoch 1149 / 2000;    current loss: 0.167512446641922
INFO Gradient norm: 12.125201807864205
PROGRESS    Completed epoch 1150 / 2000;    current loss: 0.1683921217918396
INFO Gradient norm: 14.843285468670185
PROGRESS    Completed epoch 1151 / 2000;    current loss: 0.16910354793071747
INFO Gradient norm: 4.997651228902237
PROGRESS    Completed epoch 1152 / 2000;    current loss: 0.1668437272310257
INFO Gradient norm: 12.031628087041968
PROGRESS    Completed epoch 1153 / 2000;    current loss: 0.16787998378276825
INFO Gradient norm: 11.810913427262708
PROGRESS    Completed epoch 1154 / 2000;    current loss: 0.1676100790500641
INFO Gradient norm: 16.532940029607687
PROGRESS    Completed epoch 1155 / 2000;    current loss: 0.16961099207401276
INFO Gradient norm: 4.62486701559338
PROGRESS    Completed epoch 1156 / 2000;    current loss: 0.1670793890953064
INFO Gradient norm: 9.507619797756346
PROGRESS    Completed epoch 1157 / 2000;    current loss: 0.16788910329341888
INFO Gradient norm: 18.39267172241142
PROGRESS    Completed epoch 1158 / 2000;    current loss: 0.17070157825946808
INFO Gradient norm: 6.131947421204767
PROGRESS    Completed epoch 1159 / 2000;    current loss: 0.16755267977714539
INFO Gradient norm: 7.907129322136628
PROGRESS    Completed epoch 1160 / 2000;    current loss: 0.1679166704416275
INFO Gradient norm: 17.002078258150146
PROGRESS    Completed epoch 1161 / 2000;    current loss: 0.17068322002887726
INFO Gradient norm: 4.033207842127575
PROGRESS    Completed epoch 1162 / 2000;    current loss: 0.16788052022457123
INFO Gradient norm: 5.959284563493028
PROGRESS    Completed epoch 1163 / 2000;    current loss: 0.167936772108078
INFO Gradient norm: 20.458482426215635
PROGRESS    Completed epoch 1164 / 2000;    current loss: 0.17130087316036224
INFO Gradient norm: 1.1287610580471799
PROGRESS    Completed epoch 1165 / 2000;    current loss: 0.1671740710735321
INFO Gradient norm: 29.193837908310947
PROGRESS    Completed epoch 1166 / 2000;    current loss: 0.1753033846616745
INFO Gradient norm: 9.079629367206966
PROGRESS    Completed epoch 1167 / 2000;    current loss: 0.16742420196533203
INFO Gradient norm: 30.093525280142263
PROGRESS    Completed epoch 1168 / 2000;    current loss: 0.17615705728530884
INFO Gradient norm: 16.631845323078064
PROGRESS    Completed epoch 1169 / 2000;    current loss: 0.17069292068481445
INFO Gradient norm: 37.23829989209435
PROGRESS    Completed epoch 1170 / 2000;    current loss: 0.182363361120224
INFO Gradient norm: 37.32122624427975
PROGRESS    Completed epoch 1171 / 2000;    current loss: 0.18383464217185974
INFO Gradient norm: 7.248411555862745
PROGRESS    Completed epoch 1172 / 2000;    current loss: 0.17073851823806763
INFO Gradient norm: 11.554588440056191
PROGRESS    Completed epoch 1173 / 2000;    current loss: 0.17084071040153503
INFO Gradient norm: 28.469527328410166
PROGRESS    Completed epoch 1174 / 2000;    current loss: 0.17754021286964417
INFO Gradient norm: 17.179082497746716
PROGRESS    Completed epoch 1175 / 2000;    current loss: 0.1723906695842743
INFO Gradient norm: 33.4468012680196
PROGRESS    Completed epoch 1176 / 2000;    current loss: 0.18089659512043
INFO Gradient norm: 32.71048266708929
PROGRESS    Completed epoch 1177 / 2000;    current loss: 0.1808672994375229
INFO Gradient norm: 3.2308791279939335
PROGRESS    Completed epoch 1178 / 2000;    current loss: 0.16995622217655182
INFO Gradient norm: 13.873306503682011
PROGRESS    Completed epoch 1179 / 2000;    current loss: 0.17148636281490326
INFO Gradient norm: 24.752475268762307
PROGRESS    Completed epoch 1180 / 2000;    current loss: 0.17654462158679962
INFO Gradient norm: 3.467649520393413
PROGRESS    Completed epoch 1181 / 2000;    current loss: 0.17146198451519012
INFO Gradient norm: 29.716035443314436
PROGRESS    Completed epoch 1182 / 2000;    current loss: 0.17901667952537537
INFO Gradient norm: 3.145113892236789
PROGRESS    Completed epoch 1183 / 2000;    current loss: 0.17043443024158478
INFO Gradient norm: 12.049969175847929
PROGRESS    Completed epoch 1184 / 2000;    current loss: 0.1709802746772766
INFO Gradient norm: 30.408949318804634
PROGRESS    Completed epoch 1185 / 2000;    current loss: 0.1781349629163742
INFO Gradient norm: 9.824387432436042
PROGRESS    Completed epoch 1186 / 2000;    current loss: 0.17053651809692383
INFO Gradient norm: 37.66233781844452
PROGRESS    Completed epoch 1187 / 2000;    current loss: 0.18393898010253906
INFO Gradient norm: 2.9428203634506187
PROGRESS    Completed epoch 1188 / 2000;    current loss: 0.1699853539466858
INFO Gradient norm: 47.34437483432168
PROGRESS    Completed epoch 1189 / 2000;    current loss: 0.1950792670249939
INFO Gradient norm: 46.998895566768695
PROGRESS    Completed epoch 1190 / 2000;    current loss: 0.19625163078308105
INFO Gradient norm: 6.7493159515108365
PROGRESS    Completed epoch 1191 / 2000;    current loss: 0.1752362996339798
INFO Gradient norm: 53.78106787934799
PROGRESS    Completed epoch 1192 / 2000;    current loss: 0.20262110233306885
INFO Gradient norm: 56.312766566712675
PROGRESS    Completed epoch 1193 / 2000;    current loss: 0.20318308472633362
INFO Gradient norm: 10.90317299653003
PROGRESS    Completed epoch 1194 / 2000;    current loss: 0.17117679119110107
INFO Gradient norm: 62.38316651874016
PROGRESS    Completed epoch 1195 / 2000;    current loss: 0.21105794608592987
INFO Gradient norm: 74.43560156490659
PROGRESS    Completed epoch 1196 / 2000;    current loss: 0.23001261055469513
INFO Gradient norm: 34.30509864117044
PROGRESS    Completed epoch 1197 / 2000;    current loss: 0.18137964606285095
INFO Gradient norm: 49.38869110201277
PROGRESS    Completed epoch 1198 / 2000;    current loss: 0.1938142329454422
INFO Gradient norm: 75.66791072866093
PROGRESS    Completed epoch 1199 / 2000;    current loss: 0.22634026408195496
INFO Gradient norm: 46.700666292867965
PROGRESS    Completed epoch 1200 / 2000;    current loss: 0.1919994205236435
INFO Gradient norm: 23.13176897460795
PROGRESS    Completed epoch 1201 / 2000;    current loss: 0.17551904916763306
INFO Gradient norm: 38.18069931500035
PROGRESS    Completed epoch 1202 / 2000;    current loss: 0.1859636753797531
INFO Gradient norm: 8.266490010056225
PROGRESS    Completed epoch 1203 / 2000;    current loss: 0.17065903544425964
INFO Gradient norm: 54.116406459894
PROGRESS    Completed epoch 1204 / 2000;    current loss: 0.19992434978485107
INFO Gradient norm: 55.505097030548065
PROGRESS    Completed epoch 1205 / 2000;    current loss: 0.20096001029014587
INFO Gradient norm: 9.08089094508916
PROGRESS    Completed epoch 1206 / 2000;    current loss: 0.17143379151821136
INFO Gradient norm: 53.816472654343364
PROGRESS    Completed epoch 1207 / 2000;    current loss: 0.20414979755878448
INFO Gradient norm: 63.58838486796751
PROGRESS    Completed epoch 1208 / 2000;    current loss: 0.21835951507091522
INFO Gradient norm: 32.3196493332663
PROGRESS    Completed epoch 1209 / 2000;    current loss: 0.18454799056053162
INFO Gradient norm: 39.50815408958615
PROGRESS    Completed epoch 1210 / 2000;    current loss: 0.1904393881559372
INFO Gradient norm: 60.50845313596182
PROGRESS    Completed epoch 1211 / 2000;    current loss: 0.21279002726078033
INFO Gradient norm: 32.562691897982376
PROGRESS    Completed epoch 1212 / 2000;    current loss: 0.18746504187583923
INFO Gradient norm: 32.418635227275885
PROGRESS    Completed epoch 1213 / 2000;    current loss: 0.1874864250421524
INFO Gradient norm: 45.39025071228516
PROGRESS    Completed epoch 1214 / 2000;    current loss: 0.199070006608963
INFO Gradient norm: 16.387971523887487
PROGRESS    Completed epoch 1215 / 2000;    current loss: 0.17980599403381348
INFO Gradient norm: 49.85297170684172
PROGRESS    Completed epoch 1216 / 2000;    current loss: 0.20344841480255127
INFO Gradient norm: 63.151964373168404
PROGRESS    Completed epoch 1217 / 2000;    current loss: 0.21844761073589325
INFO Gradient norm: 28.918121858726796
PROGRESS    Completed epoch 1218 / 2000;    current loss: 0.1860281527042389
INFO Gradient norm: 38.72286619912447
PROGRESS    Completed epoch 1219 / 2000;    current loss: 0.19263461232185364
INFO Gradient norm: 54.290800923044884
PROGRESS    Completed epoch 1220 / 2000;    current loss: 0.20933610200881958
INFO Gradient norm: 28.65074746527962
PROGRESS    Completed epoch 1221 / 2000;    current loss: 0.18494805693626404
INFO Gradient norm: 11.452939864529652
PROGRESS    Completed epoch 1222 / 2000;    current loss: 0.17903129756450653
INFO Gradient norm: 8.33392636701299
PROGRESS    Completed epoch 1223 / 2000;    current loss: 0.18231572210788727
INFO Gradient norm: 8.9487753874662
PROGRESS    Completed epoch 1224 / 2000;    current loss: 0.18408754467964172
INFO Gradient norm: 8.981851114629935
PROGRESS    Completed epoch 1225 / 2000;    current loss: 0.182892307639122
INFO Gradient norm: 11.239696852778883
PROGRESS    Completed epoch 1226 / 2000;    current loss: 0.18062588572502136
INFO Gradient norm: 14.313048892103922
PROGRESS    Completed epoch 1227 / 2000;    current loss: 0.17912229895591736
INFO Gradient norm: 10.928177254628885
PROGRESS    Completed epoch 1228 / 2000;    current loss: 0.17683196067810059
INFO Gradient norm: 8.854421219477985
PROGRESS    Completed epoch 1229 / 2000;    current loss: 0.17538923025131226
INFO Gradient norm: 15.579504080023195
PROGRESS    Completed epoch 1230 / 2000;    current loss: 0.17623601853847504
INFO Gradient norm: 8.516761860042953
PROGRESS    Completed epoch 1231 / 2000;    current loss: 0.1741342544555664
INFO Gradient norm: 12.50493695018663
PROGRESS    Completed epoch 1232 / 2000;    current loss: 0.17448757588863373
INFO Gradient norm: 13.18934763500016
PROGRESS    Completed epoch 1233 / 2000;    current loss: 0.17445513606071472
INFO Gradient norm: 10.174952545311012
PROGRESS    Completed epoch 1234 / 2000;    current loss: 0.17313706874847412
INFO Gradient norm: 11.976861719280128
PROGRESS    Completed epoch 1235 / 2000;    current loss: 0.17310138046741486
INFO Gradient norm: 14.245912309313074
PROGRESS    Completed epoch 1236 / 2000;    current loss: 0.17286033928394318
INFO Gradient norm: 9.160827873836654
PROGRESS    Completed epoch 1237 / 2000;    current loss: 0.1711844801902771
INFO Gradient norm: 13.950297448307394
PROGRESS    Completed epoch 1238 / 2000;    current loss: 0.17146767675876617
INFO Gradient norm: 12.033641241840304
PROGRESS    Completed epoch 1239 / 2000;    current loss: 0.1705389767885208
INFO Gradient norm: 10.982448819449887
PROGRESS    Completed epoch 1240 / 2000;    current loss: 0.16963832080364227
INFO Gradient norm: 11.85604379270767
PROGRESS    Completed epoch 1241 / 2000;    current loss: 0.16943466663360596
INFO Gradient norm: 24.60611156763301
PROGRESS    Completed epoch 1242 / 2000;    current loss: 0.1735636442899704
INFO Gradient norm: 1.7399461798261389
PROGRESS    Completed epoch 1243 / 2000;    current loss: 0.16806013882160187
INFO Gradient norm: 14.484199309169602
PROGRESS    Completed epoch 1244 / 2000;    current loss: 0.169528067111969
INFO Gradient norm: 26.667988537246252
PROGRESS    Completed epoch 1245 / 2000;    current loss: 0.17387868463993073
INFO Gradient norm: 4.391433571673336
PROGRESS    Completed epoch 1246 / 2000;    current loss: 0.1672518402338028
INFO Gradient norm: 50.636622408878004
PROGRESS    Completed epoch 1247 / 2000;    current loss: 0.1922425925731659
INFO Gradient norm: 40.431430684329285
PROGRESS    Completed epoch 1248 / 2000;    current loss: 0.18258054554462433
INFO Gradient norm: 29.315738483738684
PROGRESS    Completed epoch 1249 / 2000;    current loss: 0.1738675832748413
INFO Gradient norm: 30.99139779924779
PROGRESS    Completed epoch 1250 / 2000;    current loss: 0.17493267357349396
INFO Gradient norm: 27.979706960161657
PROGRESS    Completed epoch 1251 / 2000;    current loss: 0.17410804331302643
INFO Gradient norm: 19.812576614514796
PROGRESS    Completed epoch 1252 / 2000;    current loss: 0.17041701078414917
INFO Gradient norm: 46.5747057817037
PROGRESS    Completed epoch 1253 / 2000;    current loss: 0.18567872047424316
INFO Gradient norm: 40.56528100228098
PROGRESS    Completed epoch 1254 / 2000;    current loss: 0.18120643496513367
INFO Gradient norm: 26.319506327826787
PROGRESS    Completed epoch 1255 / 2000;    current loss: 0.17314304411411285
INFO Gradient norm: 20.13948556963012
PROGRESS    Completed epoch 1256 / 2000;    current loss: 0.17039376497268677
INFO Gradient norm: 44.44737947940521
PROGRESS    Completed epoch 1257 / 2000;    current loss: 0.18469694256782532
INFO Gradient norm: 36.88786040058173
PROGRESS    Completed epoch 1258 / 2000;    current loss: 0.17964333295822144
INFO Gradient norm: 24.356030168215433
PROGRESS    Completed epoch 1259 / 2000;    current loss: 0.17356359958648682
INFO Gradient norm: 15.879294050567125
PROGRESS    Completed epoch 1260 / 2000;    current loss: 0.1713663786649704
INFO Gradient norm: 40.975118241326044
PROGRESS    Completed epoch 1261 / 2000;    current loss: 0.1856393814086914
INFO Gradient norm: 36.47907157292256
PROGRESS    Completed epoch 1262 / 2000;    current loss: 0.18362729251384735
INFO Gradient norm: 19.1373828175822
PROGRESS    Completed epoch 1263 / 2000;    current loss: 0.1755075752735138
INFO Gradient norm: 17.68658408955201
PROGRESS    Completed epoch 1264 / 2000;    current loss: 0.17580781877040863
INFO Gradient norm: 32.35824538286045
PROGRESS    Completed epoch 1265 / 2000;    current loss: 0.1834874302148819
INFO Gradient norm: 23.849426953781215
PROGRESS    Completed epoch 1266 / 2000;    current loss: 0.17925645411014557
INFO Gradient norm: 30.110873878595235
PROGRESS    Completed epoch 1267 / 2000;    current loss: 0.18339253962039948
INFO Gradient norm: 26.96061855443284
PROGRESS    Completed epoch 1268 / 2000;    current loss: 0.18200233578681946
INFO Gradient norm: 25.704997440740026
PROGRESS    Completed epoch 1269 / 2000;    current loss: 0.18137440085411072
INFO Gradient norm: 22.37025218142143
PROGRESS    Completed epoch 1270 / 2000;    current loss: 0.17979378998279572
INFO Gradient norm: 28.168400010901646
PROGRESS    Completed epoch 1271 / 2000;    current loss: 0.18263974785804749
INFO Gradient norm: 22.682447391759617
PROGRESS    Completed epoch 1272 / 2000;    current loss: 0.17941030859947205
INFO Gradient norm: 31.410972631282203
PROGRESS    Completed epoch 1273 / 2000;    current loss: 0.18342773616313934
INFO Gradient norm: 27.865791507315976
PROGRESS    Completed epoch 1274 / 2000;    current loss: 0.1810535490512848
INFO Gradient norm: 24.195972605076374
PROGRESS    Completed epoch 1275 / 2000;    current loss: 0.17898453772068024
INFO Gradient norm: 20.550928426356045
PROGRESS    Completed epoch 1276 / 2000;    current loss: 0.1769132912158966
INFO Gradient norm: 31.144221348044283
PROGRESS    Completed epoch 1277 / 2000;    current loss: 0.18184442818164825
INFO Gradient norm: 26.28153323712197
PROGRESS    Completed epoch 1278 / 2000;    current loss: 0.17904402315616608
INFO Gradient norm: 25.399288845921564
PROGRESS    Completed epoch 1279 / 2000;    current loss: 0.17880278825759888
INFO Gradient norm: 21.60912058736644
PROGRESS    Completed epoch 1280 / 2000;    current loss: 0.1769944727420807
INFO Gradient norm: 30.1308961887867
PROGRESS    Completed epoch 1281 / 2000;    current loss: 0.18106640875339508
INFO Gradient norm: 25.006332538099652
PROGRESS    Completed epoch 1282 / 2000;    current loss: 0.17829133570194244
INFO Gradient norm: 27.309853809387903
PROGRESS    Completed epoch 1283 / 2000;    current loss: 0.17964017391204834
INFO Gradient norm: 24.05023339754632
PROGRESS    Completed epoch 1284 / 2000;    current loss: 0.17775791883468628
INFO Gradient norm: 27.05574595270612
PROGRESS    Completed epoch 1285 / 2000;    current loss: 0.17890523374080658
INFO Gradient norm: 22.425137877665478
PROGRESS    Completed epoch 1286 / 2000;    current loss: 0.17655828595161438
INFO Gradient norm: 27.865530695261874
PROGRESS    Completed epoch 1287 / 2000;    current loss: 0.17943967878818512
INFO Gradient norm: 22.640095596908964
PROGRESS    Completed epoch 1288 / 2000;    current loss: 0.1767752468585968
INFO Gradient norm: 26.64223343994205
PROGRESS    Completed epoch 1289 / 2000;    current loss: 0.17881175875663757
INFO Gradient norm: 5.327030230082913
PROGRESS    Completed epoch 1290 / 2000;    current loss: 0.17254556715488434
INFO Gradient norm: 37.35365485457441
PROGRESS    Completed epoch 1291 / 2000;    current loss: 0.18722201883792877
INFO Gradient norm: 33.37416542465943
PROGRESS    Completed epoch 1292 / 2000;    current loss: 0.18464678525924683
INFO Gradient norm: 9.631443036429403
PROGRESS    Completed epoch 1293 / 2000;    current loss: 0.1748896837234497
INFO Gradient norm: 8.378411274943973
PROGRESS    Completed epoch 1294 / 2000;    current loss: 0.17483316361904144
INFO Gradient norm: 20.69800474201732
PROGRESS    Completed epoch 1295 / 2000;    current loss: 0.17777156829833984
INFO Gradient norm: 7.255591284325189
PROGRESS    Completed epoch 1296 / 2000;    current loss: 0.17312148213386536
INFO Gradient norm: 31.01963312004428
PROGRESS    Completed epoch 1297 / 2000;    current loss: 0.18084105849266052
INFO Gradient norm: 22.368640418453847
PROGRESS    Completed epoch 1298 / 2000;    current loss: 0.17578034102916718
INFO Gradient norm: 22.72219529142719
PROGRESS    Completed epoch 1299 / 2000;    current loss: 0.17567123472690582
INFO Gradient norm: 23.55569611901848
PROGRESS    Completed epoch 1300 / 2000;    current loss: 0.17622770369052887
INFO Gradient norm: 13.93441919225533
PROGRESS    Completed epoch 1301 / 2000;    current loss: 0.17249695956707
INFO Gradient norm: 11.045265569743789
PROGRESS    Completed epoch 1302 / 2000;    current loss: 0.1718878149986267
INFO Gradient norm: 25.992985624249688
PROGRESS    Completed epoch 1303 / 2000;    current loss: 0.17798882722854614
INFO Gradient norm: 20.25446735042674
PROGRESS    Completed epoch 1304 / 2000;    current loss: 0.17496547102928162
INFO Gradient norm: 22.753041920957763
PROGRESS    Completed epoch 1305 / 2000;    current loss: 0.17498552799224854
INFO Gradient norm: 21.329513569632926
PROGRESS    Completed epoch 1306 / 2000;    current loss: 0.17386125028133392
INFO Gradient norm: 18.71235912531636
PROGRESS    Completed epoch 1307 / 2000;    current loss: 0.17315538227558136
INFO Gradient norm: 15.868703716159962
PROGRESS    Completed epoch 1308 / 2000;    current loss: 0.17157256603240967
INFO Gradient norm: 23.950122033085332
PROGRESS    Completed epoch 1309 / 2000;    current loss: 0.17414969205856323
INFO Gradient norm: 18.941472165448168
PROGRESS    Completed epoch 1310 / 2000;    current loss: 0.17156268656253815
INFO Gradient norm: 23.727156055298707
PROGRESS    Completed epoch 1311 / 2000;    current loss: 0.17339636385440826
INFO Gradient norm: 21.6180631925759
PROGRESS    Completed epoch 1312 / 2000;    current loss: 0.1720975935459137
INFO Gradient norm: 19.561650727603187
PROGRESS    Completed epoch 1313 / 2000;    current loss: 0.17092269659042358
INFO Gradient norm: 16.39938836025054
PROGRESS    Completed epoch 1314 / 2000;    current loss: 0.16966602206230164
INFO Gradient norm: 21.658706876063363
PROGRESS    Completed epoch 1315 / 2000;    current loss: 0.17182867228984833
INFO Gradient norm: 8.05697911334756
PROGRESS    Completed epoch 1316 / 2000;    current loss: 0.16896964609622955
INFO Gradient norm: 36.35839057294813
PROGRESS    Completed epoch 1317 / 2000;    current loss: 0.18193894624710083
INFO Gradient norm: 31.486552788432153
PROGRESS    Completed epoch 1318 / 2000;    current loss: 0.1788143515586853
INFO Gradient norm: 10.824374302948359
PROGRESS    Completed epoch 1319 / 2000;    current loss: 0.16994601488113403
INFO Gradient norm: 7.198789114566462
PROGRESS    Completed epoch 1320 / 2000;    current loss: 0.1693260669708252
INFO Gradient norm: 27.735335734748315
PROGRESS    Completed epoch 1321 / 2000;    current loss: 0.17590472102165222
INFO Gradient norm: 15.626210012846983
PROGRESS    Completed epoch 1322 / 2000;    current loss: 0.16989290714263916
INFO Gradient norm: 32.41567292801344
PROGRESS    Completed epoch 1323 / 2000;    current loss: 0.17916880548000336
INFO Gradient norm: 32.71066269308923
PROGRESS    Completed epoch 1324 / 2000;    current loss: 0.17920200526714325
INFO Gradient norm: 7.548576764217305
PROGRESS    Completed epoch 1325 / 2000;    current loss: 0.16916367411613464
INFO Gradient norm: 9.387272585219861
PROGRESS    Completed epoch 1326 / 2000;    current loss: 0.16949674487113953
INFO Gradient norm: 23.787993729154735
PROGRESS    Completed epoch 1327 / 2000;    current loss: 0.17418117821216583
INFO Gradient norm: 13.099706209146122
PROGRESS    Completed epoch 1328 / 2000;    current loss: 0.16981308162212372
INFO Gradient norm: 34.66410891811231
PROGRESS    Completed epoch 1329 / 2000;    current loss: 0.17969903349876404
INFO Gradient norm: 33.90963890305848
PROGRESS    Completed epoch 1330 / 2000;    current loss: 0.17907702922821045
INFO Gradient norm: 8.434975305869786
PROGRESS    Completed epoch 1331 / 2000;    current loss: 0.16803233325481415
INFO Gradient norm: 9.607082682293663
PROGRESS    Completed epoch 1332 / 2000;    current loss: 0.16869637370109558
INFO Gradient norm: 25.455458979318347
PROGRESS    Completed epoch 1333 / 2000;    current loss: 0.17406031489372253
INFO Gradient norm: 15.416736765359756
PROGRESS    Completed epoch 1334 / 2000;    current loss: 0.17001916468143463
INFO Gradient norm: 29.974428903927343
PROGRESS    Completed epoch 1335 / 2000;    current loss: 0.1766027808189392
INFO Gradient norm: 29.649521420963485
PROGRESS    Completed epoch 1336 / 2000;    current loss: 0.17639043927192688
INFO Gradient norm: 10.052635650158566
PROGRESS    Completed epoch 1337 / 2000;    current loss: 0.16858729720115662
INFO Gradient norm: 9.360933764961286
PROGRESS    Completed epoch 1338 / 2000;    current loss: 0.16838452219963074
INFO Gradient norm: 25.995990002758997
PROGRESS    Completed epoch 1339 / 2000;    current loss: 0.17403309047222137
INFO Gradient norm: 17.90148406847667
PROGRESS    Completed epoch 1340 / 2000;    current loss: 0.1702616810798645
INFO Gradient norm: 27.586346750858418
PROGRESS    Completed epoch 1341 / 2000;    current loss: 0.1750449389219284
INFO Gradient norm: 27.011689633661042
PROGRESS    Completed epoch 1342 / 2000;    current loss: 0.1747402399778366
INFO Gradient norm: 13.498677699247095
PROGRESS    Completed epoch 1343 / 2000;    current loss: 0.16893266141414642
INFO Gradient norm: 11.70195523124051
PROGRESS    Completed epoch 1344 / 2000;    current loss: 0.16846400499343872
INFO Gradient norm: 26.18383992165682
PROGRESS    Completed epoch 1345 / 2000;    current loss: 0.1741781383752823
INFO Gradient norm: 19.049227201556285
PROGRESS    Completed epoch 1346 / 2000;    current loss: 0.17092180252075195
INFO Gradient norm: 24.622278702089616
PROGRESS    Completed epoch 1347 / 2000;    current loss: 0.17331263422966003
INFO Gradient norm: 23.697251561259826
PROGRESS    Completed epoch 1348 / 2000;    current loss: 0.17288006842136383
INFO Gradient norm: 15.709589263872573
PROGRESS    Completed epoch 1349 / 2000;    current loss: 0.16973046958446503
INFO Gradient norm: 12.951899803735566
PROGRESS    Completed epoch 1350 / 2000;    current loss: 0.16888216137886047
INFO Gradient norm: 23.303212002250532
PROGRESS    Completed epoch 1351 / 2000;    current loss: 0.17259693145751953
INFO Gradient norm: 9.273109454300506
PROGRESS    Completed epoch 1352 / 2000;    current loss: 0.1683351844549179
INFO Gradient norm: 38.731243160368344
PROGRESS    Completed epoch 1353 / 2000;    current loss: 0.18309372663497925
INFO Gradient norm: 37.08546648792541
PROGRESS    Completed epoch 1354 / 2000;    current loss: 0.18219226598739624
INFO Gradient norm: 7.088292507935765
PROGRESS    Completed epoch 1355 / 2000;    current loss: 0.1686890870332718
INFO Gradient norm: 12.07036795978895
PROGRESS    Completed epoch 1356 / 2000;    current loss: 0.16968730092048645
INFO Gradient norm: 19.850432099848188
PROGRESS    Completed epoch 1357 / 2000;    current loss: 0.17258207499980927
INFO Gradient norm: 7.848246942508264
PROGRESS    Completed epoch 1358 / 2000;    current loss: 0.16901081800460815
INFO Gradient norm: 34.83592342026231
PROGRESS    Completed epoch 1359 / 2000;    current loss: 0.18091870844364166
INFO Gradient norm: 31.205413596873388
PROGRESS    Completed epoch 1360 / 2000;    current loss: 0.17855602502822876
INFO Gradient norm: 12.66974206081484
PROGRESS    Completed epoch 1361 / 2000;    current loss: 0.17054052650928497
INFO Gradient norm: 14.235052097396498
PROGRESS    Completed epoch 1362 / 2000;    current loss: 0.17108729481697083
INFO Gradient norm: 21.91742097287591
PROGRESS    Completed epoch 1363 / 2000;    current loss: 0.17368896305561066
INFO Gradient norm: 14.215058884268199
PROGRESS    Completed epoch 1364 / 2000;    current loss: 0.17084795236587524
INFO Gradient norm: 30.045008210127687
PROGRESS    Completed epoch 1365 / 2000;    current loss: 0.17836765944957733
INFO Gradient norm: 26.697814087670743
PROGRESS    Completed epoch 1366 / 2000;    current loss: 0.17634788155555725
INFO Gradient norm: 16.70187336749202
PROGRESS    Completed epoch 1367 / 2000;    current loss: 0.17131005227565765
INFO Gradient norm: 16.39202816820833
PROGRESS    Completed epoch 1368 / 2000;    current loss: 0.1709863245487213
INFO Gradient norm: 21.17886392785589
PROGRESS    Completed epoch 1369 / 2000;    current loss: 0.17309215664863586
INFO Gradient norm: 15.36931086221355
PROGRESS    Completed epoch 1370 / 2000;    current loss: 0.1708535999059677
INFO Gradient norm: 25.989814721193476
PROGRESS    Completed epoch 1371 / 2000;    current loss: 0.17518478631973267
INFO Gradient norm: 22.981752917623194
PROGRESS    Completed epoch 1372 / 2000;    current loss: 0.1736750304698944
INFO Gradient norm: 18.406197273434497
PROGRESS    Completed epoch 1373 / 2000;    current loss: 0.17202547192573547
INFO Gradient norm: 16.2981977599457
PROGRESS    Completed epoch 1374 / 2000;    current loss: 0.17120985686779022
INFO Gradient norm: 22.747831676533806
PROGRESS    Completed epoch 1375 / 2000;    current loss: 0.17346474528312683
INFO Gradient norm: 18.216981430749133
PROGRESS    Completed epoch 1376 / 2000;    current loss: 0.1714368462562561
INFO Gradient norm: 23.44703092587497
PROGRESS    Completed epoch 1377 / 2000;    current loss: 0.17395880818367004
INFO Gradient norm: 20.26345502347017
PROGRESS    Completed epoch 1378 / 2000;    current loss: 0.17237570881843567
INFO Gradient norm: 20.552207511226165
PROGRESS    Completed epoch 1379 / 2000;    current loss: 0.17192554473876953
INFO Gradient norm: 18.089764823264527
PROGRESS    Completed epoch 1380 / 2000;    current loss: 0.17069771885871887
INFO Gradient norm: 22.150736497612627
PROGRESS    Completed epoch 1381 / 2000;    current loss: 0.17289239168167114
INFO Gradient norm: 18.082188906448973
PROGRESS    Completed epoch 1382 / 2000;    current loss: 0.1710992455482483
INFO Gradient norm: 22.33031955673276
PROGRESS    Completed epoch 1383 / 2000;    current loss: 0.17238691449165344
INFO Gradient norm: 15.844783830519876
PROGRESS    Completed epoch 1384 / 2000;    current loss: 0.16989271342754364
INFO Gradient norm: 24.89300697834566
PROGRESS    Completed epoch 1385 / 2000;    current loss: 0.1743471771478653
INFO Gradient norm: 23.535580362354406
PROGRESS    Completed epoch 1386 / 2000;    current loss: 0.17387603223323822
INFO Gradient norm: 14.324968397335425
PROGRESS    Completed epoch 1387 / 2000;    current loss: 0.17008471488952637
INFO Gradient norm: 12.835039806745883
PROGRESS    Completed epoch 1388 / 2000;    current loss: 0.16983546316623688
INFO Gradient norm: 22.60180160439485
PROGRESS    Completed epoch 1389 / 2000;    current loss: 0.1738819032907486
INFO Gradient norm: 12.709686940964316
PROGRESS    Completed epoch 1390 / 2000;    current loss: 0.17011193931102753
INFO Gradient norm: 28.86616854962998
PROGRESS    Completed epoch 1391 / 2000;    current loss: 0.1775401383638382
INFO Gradient norm: 27.732078432793177
PROGRESS    Completed epoch 1392 / 2000;    current loss: 0.17694906890392303
INFO Gradient norm: 10.259857976788664
PROGRESS    Completed epoch 1393 / 2000;    current loss: 0.16984063386917114
INFO Gradient norm: 10.733782766985266
PROGRESS    Completed epoch 1394 / 2000;    current loss: 0.17002125084400177
INFO Gradient norm: 21.575375397767086
PROGRESS    Completed epoch 1395 / 2000;    current loss: 0.17343008518218994
INFO Gradient norm: 13.916121692586026
PROGRESS    Completed epoch 1396 / 2000;    current loss: 0.17060519754886627
INFO Gradient norm: 27.055030998464684
PROGRESS    Completed epoch 1397 / 2000;    current loss: 0.17661027610301971
INFO Gradient norm: 25.175397235138895
PROGRESS    Completed epoch 1398 / 2000;    current loss: 0.17552410066127777
INFO Gradient norm: 13.297191570933878
PROGRESS    Completed epoch 1399 / 2000;    current loss: 0.17074115574359894
INFO Gradient norm: 12.94025452070939
PROGRESS    Completed epoch 1400 / 2000;    current loss: 0.170638307929039
INFO Gradient norm: 20.937266705270346
PROGRESS    Completed epoch 1401 / 2000;    current loss: 0.17301376163959503
INFO Gradient norm: 14.792150316004822
PROGRESS    Completed epoch 1402 / 2000;    current loss: 0.17066943645477295
INFO Gradient norm: 24.246453163387073
PROGRESS    Completed epoch 1403 / 2000;    current loss: 0.1751531958580017
INFO Gradient norm: 22.407113730951135
PROGRESS    Completed epoch 1404 / 2000;    current loss: 0.17417962849140167
INFO Gradient norm: 14.855133327852613
PROGRESS    Completed epoch 1405 / 2000;    current loss: 0.1705077439546585
INFO Gradient norm: 13.218975534478682
PROGRESS    Completed epoch 1406 / 2000;    current loss: 0.1704895794391632
INFO Gradient norm: 21.1941691831591
PROGRESS    Completed epoch 1407 / 2000;    current loss: 0.17345228791236877
INFO Gradient norm: 15.80895292968725
PROGRESS    Completed epoch 1408 / 2000;    current loss: 0.17122797667980194
INFO Gradient norm: 23.66132596777955
PROGRESS    Completed epoch 1409 / 2000;    current loss: 0.1738782376050949
INFO Gradient norm: 21.34886041237421
PROGRESS    Completed epoch 1410 / 2000;    current loss: 0.17267689108848572
INFO Gradient norm: 16.755452392024864
PROGRESS    Completed epoch 1411 / 2000;    current loss: 0.1713322401046753
INFO Gradient norm: 15.121637700362315
PROGRESS    Completed epoch 1412 / 2000;    current loss: 0.17069798707962036
INFO Gradient norm: 20.668800248515385
PROGRESS    Completed epoch 1413 / 2000;    current loss: 0.1726190596818924
INFO Gradient norm: 16.03764370767711
PROGRESS    Completed epoch 1414 / 2000;    current loss: 0.17081515491008759
INFO Gradient norm: 22.3536955484371
PROGRESS    Completed epoch 1415 / 2000;    current loss: 0.17334087193012238
INFO Gradient norm: 19.979240298561823
PROGRESS    Completed epoch 1416 / 2000;    current loss: 0.17218658328056335
INFO Gradient norm: 17.78352234499795
PROGRESS    Completed epoch 1417 / 2000;    current loss: 0.17115971446037292
INFO Gradient norm: 15.427335218438685
PROGRESS    Completed epoch 1418 / 2000;    current loss: 0.1703028380870819
INFO Gradient norm: 21.03535481987972
PROGRESS    Completed epoch 1419 / 2000;    current loss: 0.17242226004600525
INFO Gradient norm: 17.05448705281219
PROGRESS    Completed epoch 1420 / 2000;    current loss: 0.17075330018997192
INFO Gradient norm: 21.579700239700767
PROGRESS    Completed epoch 1421 / 2000;    current loss: 0.17237378656864166
INFO Gradient norm: 18.948861728515066
PROGRESS    Completed epoch 1422 / 2000;    current loss: 0.17124365270137787
INFO Gradient norm: 18.700582972693194
PROGRESS    Completed epoch 1423 / 2000;    current loss: 0.17117378115653992
INFO Gradient norm: 16.153116511814986
PROGRESS    Completed epoch 1424 / 2000;    current loss: 0.17016907036304474
INFO Gradient norm: 21.02116950466673
PROGRESS    Completed epoch 1425 / 2000;    current loss: 0.17183753848075867
INFO Gradient norm: 17.148169093907704
PROGRESS    Completed epoch 1426 / 2000;    current loss: 0.17028209567070007
INFO Gradient norm: 21.158018383860192
PROGRESS    Completed epoch 1427 / 2000;    current loss: 0.17189855873584747
INFO Gradient norm: 18.671603950683753
PROGRESS    Completed epoch 1428 / 2000;    current loss: 0.17078745365142822
INFO Gradient norm: 18.99611740642611
PROGRESS    Completed epoch 1429 / 2000;    current loss: 0.1707201898097992
INFO Gradient norm: 16.101532645224435
PROGRESS    Completed epoch 1430 / 2000;    current loss: 0.16965121030807495
INFO Gradient norm: 21.013023615102142
PROGRESS    Completed epoch 1431 / 2000;    current loss: 0.17153619229793549
INFO Gradient norm: 17.574158632465572
PROGRESS    Completed epoch 1432 / 2000;    current loss: 0.17007023096084595
INFO Gradient norm: 20.816471695024152
PROGRESS    Completed epoch 1433 / 2000;    current loss: 0.17112383246421814
INFO Gradient norm: 18.08824721058374
PROGRESS    Completed epoch 1434 / 2000;    current loss: 0.17000167071819305
INFO Gradient norm: 15.338845147263715
PROGRESS    Completed epoch 1435 / 2000;    current loss: 0.16936390101909637
INFO Gradient norm: 5.561382477937916
PROGRESS    Completed epoch 1436 / 2000;    current loss: 0.1679971069097519
INFO Gradient norm: 29.21812100296224
PROGRESS    Completed epoch 1437 / 2000;    current loss: 0.17639762163162231
INFO Gradient norm: 19.905316657020034
PROGRESS    Completed epoch 1438 / 2000;    current loss: 0.17182956635951996
INFO Gradient norm: 24.092068988675106
PROGRESS    Completed epoch 1439 / 2000;    current loss: 0.1735881268978119
INFO Gradient norm: 25.227996682210076
PROGRESS    Completed epoch 1440 / 2000;    current loss: 0.17414933443069458
INFO Gradient norm: 10.577642401286786
PROGRESS    Completed epoch 1441 / 2000;    current loss: 0.1686750203371048
INFO Gradient norm: 8.581692662571422
PROGRESS    Completed epoch 1442 / 2000;    current loss: 0.16821905970573425
INFO Gradient norm: 24.86011918172408
PROGRESS    Completed epoch 1443 / 2000;    current loss: 0.17385059595108032
INFO Gradient norm: 17.417150777328153
PROGRESS    Completed epoch 1444 / 2000;    current loss: 0.17047354578971863
INFO Gradient norm: 25.12371242615697
PROGRESS    Completed epoch 1445 / 2000;    current loss: 0.17308923602104187
INFO Gradient norm: 24.525235568595306
PROGRESS    Completed epoch 1446 / 2000;    current loss: 0.1726832240819931
INFO Gradient norm: 13.340181703139693
PROGRESS    Completed epoch 1447 / 2000;    current loss: 0.1690235286951065
INFO Gradient norm: 11.819307276769607
PROGRESS    Completed epoch 1448 / 2000;    current loss: 0.1686091423034668
INFO Gradient norm: 23.153212197788427
PROGRESS    Completed epoch 1449 / 2000;    current loss: 0.17244374752044678
INFO Gradient norm: 16.724755796451987
PROGRESS    Completed epoch 1450 / 2000;    current loss: 0.1699298471212387
INFO Gradient norm: 22.650888265552467
PROGRESS    Completed epoch 1451 / 2000;    current loss: 0.1726657599210739
INFO Gradient norm: 20.451324439842935
PROGRESS    Completed epoch 1452 / 2000;    current loss: 0.1715562790632248
INFO Gradient norm: 18.307835612480545
PROGRESS    Completed epoch 1453 / 2000;    current loss: 0.16994568705558777
INFO Gradient norm: 16.322297882478665
PROGRESS    Completed epoch 1454 / 2000;    current loss: 0.16928939521312714
INFO Gradient norm: 20.597305211117344
PROGRESS    Completed epoch 1455 / 2000;    current loss: 0.17136205732822418
INFO Gradient norm: 16.624695365319003
PROGRESS    Completed epoch 1456 / 2000;    current loss: 0.1697404682636261
INFO Gradient norm: 22.610783269366856
PROGRESS    Completed epoch 1457 / 2000;    current loss: 0.1715933233499527
INFO Gradient norm: 19.68781730299349
PROGRESS    Completed epoch 1458 / 2000;    current loss: 0.17025376856327057
INFO Gradient norm: 18.85401541050528
PROGRESS    Completed epoch 1459 / 2000;    current loss: 0.17047466337680817
INFO Gradient norm: 12.495897613238213
PROGRESS    Completed epoch 1460 / 2000;    current loss: 0.16857799887657166
INFO Gradient norm: 26.853351323955096
PROGRESS    Completed epoch 1461 / 2000;    current loss: 0.17379185557365417
INFO Gradient norm: 23.367876675640016
PROGRESS    Completed epoch 1462 / 2000;    current loss: 0.1728019118309021
INFO Gradient norm: 15.302345904011847
PROGRESS    Completed epoch 1463 / 2000;    current loss: 0.16969133913516998
INFO Gradient norm: 14.577753421329072
PROGRESS    Completed epoch 1464 / 2000;    current loss: 0.16900107264518738
INFO Gradient norm: 19.995002088843368
PROGRESS    Completed epoch 1465 / 2000;    current loss: 0.1714330017566681
INFO Gradient norm: 14.073034560176971
PROGRESS    Completed epoch 1466 / 2000;    current loss: 0.16950106620788574
INFO Gradient norm: 24.72884664624912
PROGRESS    Completed epoch 1467 / 2000;    current loss: 0.17374496161937714
INFO Gradient norm: 22.404982950443078
PROGRESS    Completed epoch 1468 / 2000;    current loss: 0.17267435789108276
INFO Gradient norm: 15.621733888133852
PROGRESS    Completed epoch 1469 / 2000;    current loss: 0.1700941026210785
INFO Gradient norm: 14.472953669081534
PROGRESS    Completed epoch 1470 / 2000;    current loss: 0.16971975564956665
INFO Gradient norm: 20.28671253785739
PROGRESS    Completed epoch 1471 / 2000;    current loss: 0.1716255098581314
INFO Gradient norm: 15.17904600813929
PROGRESS    Completed epoch 1472 / 2000;    current loss: 0.16963493824005127
INFO Gradient norm: 23.902194265686738
PROGRESS    Completed epoch 1473 / 2000;    current loss: 0.17308154702186584
INFO Gradient norm: 21.476942694776113
PROGRESS    Completed epoch 1474 / 2000;    current loss: 0.17187528312206268
INFO Gradient norm: 16.1806705772169
PROGRESS    Completed epoch 1475 / 2000;    current loss: 0.16953809559345245
INFO Gradient norm: 14.429362895934535
PROGRESS    Completed epoch 1476 / 2000;    current loss: 0.16893796622753143
INFO Gradient norm: 21.210374267863966
PROGRESS    Completed epoch 1477 / 2000;    current loss: 0.17162247002124786
INFO Gradient norm: 16.55530386580095
PROGRESS    Completed epoch 1478 / 2000;    current loss: 0.16987372934818268
INFO Gradient norm: 21.567244475620214
PROGRESS    Completed epoch 1479 / 2000;    current loss: 0.171696275472641
INFO Gradient norm: 19.40904406160059
PROGRESS    Completed epoch 1480 / 2000;    current loss: 0.17071720957756042
INFO Gradient norm: 17.607340090317464
PROGRESS    Completed epoch 1481 / 2000;    current loss: 0.17008453607559204
INFO Gradient norm: 15.26368526044339
PROGRESS    Completed epoch 1482 / 2000;    current loss: 0.16919423639774323
INFO Gradient norm: 20.369155203976874
PROGRESS    Completed epoch 1483 / 2000;    current loss: 0.17073501646518707
INFO Gradient norm: 16.433160507389506
PROGRESS    Completed epoch 1484 / 2000;    current loss: 0.16915501654148102
INFO Gradient norm: 21.556843870875728
PROGRESS    Completed epoch 1485 / 2000;    current loss: 0.17131611704826355
INFO Gradient norm: 19.104854281690503
PROGRESS    Completed epoch 1486 / 2000;    current loss: 0.17025931179523468
INFO Gradient norm: 17.861068756217374
PROGRESS    Completed epoch 1487 / 2000;    current loss: 0.1694810390472412
INFO Gradient norm: 15.517119614786749
PROGRESS    Completed epoch 1488 / 2000;    current loss: 0.16858768463134766
INFO Gradient norm: 20.618332328728908
PROGRESS    Completed epoch 1489 / 2000;    current loss: 0.17061617970466614
INFO Gradient norm: 16.79392419228042
PROGRESS    Completed epoch 1490 / 2000;    current loss: 0.16912245750427246
INFO Gradient norm: 20.670989168604507
PROGRESS    Completed epoch 1491 / 2000;    current loss: 0.17085185647010803
INFO Gradient norm: 17.888183869536523
PROGRESS    Completed epoch 1492 / 2000;    current loss: 0.16970524191856384
INFO Gradient norm: 18.175783081745838
PROGRESS    Completed epoch 1493 / 2000;    current loss: 0.16955654323101044
INFO Gradient norm: 15.784758694075965
PROGRESS    Completed epoch 1494 / 2000;    current loss: 0.16861362755298615
INFO Gradient norm: 16.793881394306332
PROGRESS    Completed epoch 1495 / 2000;    current loss: 0.16918499767780304
INFO Gradient norm: 6.322115072639071
PROGRESS    Completed epoch 1496 / 2000;    current loss: 0.1666785031557083
INFO Gradient norm: 30.879895215726645
PROGRESS    Completed epoch 1497 / 2000;    current loss: 0.17659270763397217
INFO Gradient norm: 25.631645569909576
PROGRESS    Completed epoch 1498 / 2000;    current loss: 0.17375312745571136
INFO Gradient norm: 14.803201915549675
PROGRESS    Completed epoch 1499 / 2000;    current loss: 0.16969196498394012
INFO Gradient norm: 16.554600838010664
PROGRESS    Completed epoch 1500 / 2000;    current loss: 0.17025822401046753
INFO Gradient norm: 15.271374952629676
PROGRESS    Completed epoch 1501 / 2000;    current loss: 0.16976989805698395
INFO Gradient norm: 9.123380123188987
PROGRESS    Completed epoch 1502 / 2000;    current loss: 0.16821585595607758
INFO Gradient norm: 26.489232567555533
PROGRESS    Completed epoch 1503 / 2000;    current loss: 0.17442363500595093
INFO Gradient norm: 22.677963679062742
PROGRESS    Completed epoch 1504 / 2000;    current loss: 0.17248718440532684
INFO Gradient norm: 15.180017301121174
PROGRESS    Completed epoch 1505 / 2000;    current loss: 0.16973498463630676
INFO Gradient norm: 15.333027728225284
PROGRESS    Completed epoch 1506 / 2000;    current loss: 0.16971752047538757
INFO Gradient norm: 17.296259735420893
PROGRESS    Completed epoch 1507 / 2000;    current loss: 0.1700368970632553
INFO Gradient norm: 12.50509658488819
PROGRESS    Completed epoch 1508 / 2000;    current loss: 0.16840112209320068
INFO Gradient norm: 23.749772821431613
PROGRESS    Completed epoch 1509 / 2000;    current loss: 0.1727043241262436
INFO Gradient norm: 21.2362204165417
PROGRESS    Completed epoch 1510 / 2000;    current loss: 0.17168597877025604
INFO Gradient norm: 15.077604582653397
PROGRESS    Completed epoch 1511 / 2000;    current loss: 0.1692642718553543
INFO Gradient norm: 14.006756808484282
PROGRESS    Completed epoch 1512 / 2000;    current loss: 0.1690196990966797
INFO Gradient norm: 19.4181802642579
PROGRESS    Completed epoch 1513 / 2000;    current loss: 0.1710873246192932
INFO Gradient norm: 14.662827958997665
PROGRESS    Completed epoch 1514 / 2000;    current loss: 0.16939330101013184
INFO Gradient norm: 21.323941190696818
PROGRESS    Completed epoch 1515 / 2000;    current loss: 0.17160339653491974
INFO Gradient norm: 19.0873374172739
PROGRESS    Completed epoch 1516 / 2000;    current loss: 0.1709691882133484
INFO Gradient norm: 16.52134750526037
PROGRESS    Completed epoch 1517 / 2000;    current loss: 0.16958405077457428
INFO Gradient norm: 14.819372741682034
PROGRESS    Completed epoch 1518 / 2000;    current loss: 0.16885416209697723
INFO Gradient norm: 17.13574259650265
PROGRESS    Completed epoch 1519 / 2000;    current loss: 0.16999885439872742
INFO Gradient norm: 9.4337330736004
PROGRESS    Completed epoch 1520 / 2000;    current loss: 0.1679411381483078
INFO Gradient norm: 28.614822192566674
PROGRESS    Completed epoch 1521 / 2000;    current loss: 0.17536406219005585
INFO Gradient norm: 25.625317825782023
PROGRESS    Completed epoch 1522 / 2000;    current loss: 0.1738228052854538
INFO Gradient norm: 11.784218897493744
PROGRESS    Completed epoch 1523 / 2000;    current loss: 0.16845828294754028
INFO Gradient norm: 12.528990026190556
PROGRESS    Completed epoch 1524 / 2000;    current loss: 0.16891643404960632
INFO Gradient norm: 18.86945579786262
PROGRESS    Completed epoch 1525 / 2000;    current loss: 0.17138047516345978
INFO Gradient norm: 12.095080795674495
PROGRESS    Completed epoch 1526 / 2000;    current loss: 0.16932958364486694
INFO Gradient norm: 25.114609771382316
PROGRESS    Completed epoch 1527 / 2000;    current loss: 0.17423920333385468
INFO Gradient norm: 23.238973660040852
PROGRESS    Completed epoch 1528 / 2000;    current loss: 0.1733219474554062
INFO Gradient norm: 12.542511967873349
PROGRESS    Completed epoch 1529 / 2000;    current loss: 0.16950635612010956
INFO Gradient norm: 12.179316162737614
PROGRESS    Completed epoch 1530 / 2000;    current loss: 0.16936862468719482
INFO Gradient norm: 19.56468077257097
PROGRESS    Completed epoch 1531 / 2000;    current loss: 0.17150162160396576
INFO Gradient norm: 13.956062545036366
PROGRESS    Completed epoch 1532 / 2000;    current loss: 0.16945037245750427
INFO Gradient norm: 23.74525119090398
PROGRESS    Completed epoch 1533 / 2000;    current loss: 0.17346574366092682
INFO Gradient norm: 22.024641406190945
PROGRESS    Completed epoch 1534 / 2000;    current loss: 0.17265604436397552
INFO Gradient norm: 13.667942246995276
PROGRESS    Completed epoch 1535 / 2000;    current loss: 0.16934868693351746
INFO Gradient norm: 12.580675996559116
PROGRESS    Completed epoch 1536 / 2000;    current loss: 0.16906777024269104
INFO Gradient norm: 20.221988764688696
PROGRESS    Completed epoch 1537 / 2000;    current loss: 0.1718679815530777
INFO Gradient norm: 14.999835802167771
PROGRESS    Completed epoch 1538 / 2000;    current loss: 0.16998466849327087
INFO Gradient norm: 21.40446033708878
PROGRESS    Completed epoch 1539 / 2000;    current loss: 0.17225253582000732
INFO Gradient norm: 19.682868909676486
PROGRESS    Completed epoch 1540 / 2000;    current loss: 0.171525239944458
INFO Gradient norm: 14.718693122161772
PROGRESS    Completed epoch 1541 / 2000;    current loss: 0.1698925644159317
INFO Gradient norm: 9.180881354633234
PROGRESS    Completed epoch 1542 / 2000;    current loss: 0.16840294003486633
INFO Gradient norm: 25.228141605962502
PROGRESS    Completed epoch 1543 / 2000;    current loss: 0.17367082834243774
INFO Gradient norm: 22.04427355628078
PROGRESS    Completed epoch 1544 / 2000;    current loss: 0.17249590158462524
INFO Gradient norm: 14.20374909187013
PROGRESS    Completed epoch 1545 / 2000;    current loss: 0.16941991448402405
INFO Gradient norm: 14.176880282844417
PROGRESS    Completed epoch 1546 / 2000;    current loss: 0.16943717002868652
INFO Gradient norm: 17.93042014794625
PROGRESS    Completed epoch 1547 / 2000;    current loss: 0.1709730625152588
INFO Gradient norm: 13.600341979729047
PROGRESS    Completed epoch 1548 / 2000;    current loss: 0.1695699691772461
INFO Gradient norm: 21.940814455098973
PROGRESS    Completed epoch 1549 / 2000;    current loss: 0.17225274443626404
INFO Gradient norm: 18.96936948050696
PROGRESS    Completed epoch 1550 / 2000;    current loss: 0.1708936244249344
INFO Gradient norm: 16.54843821199308
PROGRESS    Completed epoch 1551 / 2000;    current loss: 0.17036478221416473
INFO Gradient norm: 15.268478422658243
PROGRESS    Completed epoch 1552 / 2000;    current loss: 0.16990676522254944
INFO Gradient norm: 17.928035122652872
PROGRESS    Completed epoch 1553 / 2000;    current loss: 0.1705220341682434
INFO Gradient norm: 14.14045700321345
PROGRESS    Completed epoch 1554 / 2000;    current loss: 0.16930241882801056
INFO Gradient norm: 20.62948935210853
PROGRESS    Completed epoch 1555 / 2000;    current loss: 0.17188043892383575
INFO Gradient norm: 18.013802602282365
PROGRESS    Completed epoch 1556 / 2000;    current loss: 0.17031194269657135
INFO Gradient norm: 16.7332764793555
PROGRESS    Completed epoch 1557 / 2000;    current loss: 0.17004308104515076
INFO Gradient norm: 14.941487030283948
PROGRESS    Completed epoch 1558 / 2000;    current loss: 0.16942660510540009
INFO Gradient norm: 18.276021406553202
PROGRESS    Completed epoch 1559 / 2000;    current loss: 0.1702590435743332
INFO Gradient norm: 14.905309923212807
PROGRESS    Completed epoch 1560 / 2000;    current loss: 0.16902253031730652
INFO Gradient norm: 20.1019389234114
PROGRESS    Completed epoch 1561 / 2000;    current loss: 0.17101681232452393
INFO Gradient norm: 17.599711560499365
PROGRESS    Completed epoch 1562 / 2000;    current loss: 0.1699976772069931
INFO Gradient norm: 17.04711652101235
PROGRESS    Completed epoch 1563 / 2000;    current loss: 0.17008908092975616
INFO Gradient norm: 15.003012750172012
PROGRESS    Completed epoch 1564 / 2000;    current loss: 0.16936515271663666
INFO Gradient norm: 18.84210615105965
PROGRESS    Completed epoch 1565 / 2000;    current loss: 0.17037233710289001
INFO Gradient norm: 15.440181370088926
PROGRESS    Completed epoch 1566 / 2000;    current loss: 0.1691349744796753
INFO Gradient norm: 19.296935977053753
PROGRESS    Completed epoch 1567 / 2000;    current loss: 0.17079906165599823
INFO Gradient norm: 16.910065158699624
PROGRESS    Completed epoch 1568 / 2000;    current loss: 0.16936516761779785
INFO Gradient norm: 17.30523537830907
PROGRESS    Completed epoch 1569 / 2000;    current loss: 0.1697542369365692
INFO Gradient norm: 14.88096215796922
PROGRESS    Completed epoch 1570 / 2000;    current loss: 0.16892759501934052
INFO Gradient norm: 18.71128943605322
PROGRESS    Completed epoch 1571 / 2000;    current loss: 0.16992157697677612
INFO Gradient norm: 15.890330462956932
PROGRESS    Completed epoch 1572 / 2000;    current loss: 0.1693466752767563
INFO Gradient norm: 18.76360380082974
PROGRESS    Completed epoch 1573 / 2000;    current loss: 0.1700945794582367
INFO Gradient norm: 16.410418737168232
PROGRESS    Completed epoch 1574 / 2000;    current loss: 0.1692410558462143
INFO Gradient norm: 17.417856196512382
PROGRESS    Completed epoch 1575 / 2000;    current loss: 0.16932092607021332
INFO Gradient norm: 15.01035859959778
PROGRESS    Completed epoch 1576 / 2000;    current loss: 0.16847798228263855
INFO Gradient norm: 18.750011177673482
PROGRESS    Completed epoch 1577 / 2000;    current loss: 0.17000320553779602
INFO Gradient norm: 15.849524534993542
PROGRESS    Completed epoch 1578 / 2000;    current loss: 0.16898857057094574
INFO Gradient norm: 18.14154966739311
PROGRESS    Completed epoch 1579 / 2000;    current loss: 0.16952665150165558
INFO Gradient norm: 15.87588178047167
PROGRESS    Completed epoch 1580 / 2000;    current loss: 0.16867156326770782
INFO Gradient norm: 17.763256690324024
PROGRESS    Completed epoch 1581 / 2000;    current loss: 0.16947723925113678
INFO Gradient norm: 15.167492385834462
PROGRESS    Completed epoch 1582 / 2000;    current loss: 0.16856767237186432
INFO Gradient norm: 17.527155454821198
PROGRESS    Completed epoch 1583 / 2000;    current loss: 0.16910728812217712
INFO Gradient norm: 7.576426889358971
PROGRESS    Completed epoch 1584 / 2000;    current loss: 0.16698624193668365
INFO Gradient norm: 29.973015920179638
PROGRESS    Completed epoch 1585 / 2000;    current loss: 0.17612634599208832
INFO Gradient norm: 26.48553699996737
PROGRESS    Completed epoch 1586 / 2000;    current loss: 0.1742830127477646
INFO Gradient norm: 11.312300474315858
PROGRESS    Completed epoch 1587 / 2000;    current loss: 0.1682347059249878
INFO Gradient norm: 13.533137888377558
PROGRESS    Completed epoch 1588 / 2000;    current loss: 0.16895370185375214
INFO Gradient norm: 15.86211071597867
PROGRESS    Completed epoch 1589 / 2000;    current loss: 0.170152485370636
INFO Gradient norm: 8.953043782326455
PROGRESS    Completed epoch 1590 / 2000;    current loss: 0.1683589071035385
INFO Gradient norm: 26.10366055364741
PROGRESS    Completed epoch 1591 / 2000;    current loss: 0.1748175472021103
INFO Gradient norm: 22.817718831903605
PROGRESS    Completed epoch 1592 / 2000;    current loss: 0.17314979434013367
INFO Gradient norm: 13.4948180080001
PROGRESS    Completed epoch 1593 / 2000;    current loss: 0.16949594020843506
INFO Gradient norm: 13.973905596336689
PROGRESS    Completed epoch 1594 / 2000;    current loss: 0.1695794016122818
INFO Gradient norm: 16.821655737310483
PROGRESS    Completed epoch 1595 / 2000;    current loss: 0.17068447172641754
INFO Gradient norm: 11.33154975147578
PROGRESS    Completed epoch 1596 / 2000;    current loss: 0.16864347457885742
INFO Gradient norm: 23.627198968325402
PROGRESS    Completed epoch 1597 / 2000;    current loss: 0.17364144325256348
INFO Gradient norm: 19.913118046133942
PROGRESS    Completed epoch 1598 / 2000;    current loss: 0.17192484438419342
INFO Gradient norm: 16.3588253688242
PROGRESS    Completed epoch 1599 / 2000;    current loss: 0.16996510326862335
INFO Gradient norm: 16.457178573173945
PROGRESS    Completed epoch 1600 / 2000;    current loss: 0.17041045427322388
INFO Gradient norm: 15.187159392377216
PROGRESS    Completed epoch 1601 / 2000;    current loss: 0.16975972056388855
INFO Gradient norm: 11.358805379191264
PROGRESS    Completed epoch 1602 / 2000;    current loss: 0.16858994960784912
INFO Gradient norm: 21.368611540495007
PROGRESS    Completed epoch 1603 / 2000;    current loss: 0.17225442826747894
INFO Gradient norm: 17.67028705917195
PROGRESS    Completed epoch 1604 / 2000;    current loss: 0.17065128684043884
INFO Gradient norm: 17.39406328495229
PROGRESS    Completed epoch 1605 / 2000;    current loss: 0.1704683005809784
INFO Gradient norm: 16.050457569010852
PROGRESS    Completed epoch 1606 / 2000;    current loss: 0.16992154717445374
INFO Gradient norm: 16.65708508042963
PROGRESS    Completed epoch 1607 / 2000;    current loss: 0.17012958228588104
INFO Gradient norm: 14.019267406673128
PROGRESS    Completed epoch 1608 / 2000;    current loss: 0.16920050978660583
INFO Gradient norm: 18.8870493533879
PROGRESS    Completed epoch 1609 / 2000;    current loss: 0.17055504024028778
INFO Gradient norm: 15.584738405487656
PROGRESS    Completed epoch 1610 / 2000;    current loss: 0.169265478849411
INFO Gradient norm: 15.178241804051233
PROGRESS    Completed epoch 1611 / 2000;    current loss: 0.1695244312286377
INFO Gradient norm: 10.617112149956819
PROGRESS    Completed epoch 1612 / 2000;    current loss: 0.16841566562652588
INFO Gradient norm: 21.401551278736793
PROGRESS    Completed epoch 1613 / 2000;    current loss: 0.17189407348632812
INFO Gradient norm: 18.631783051581845
PROGRESS    Completed epoch 1614 / 2000;    current loss: 0.17094288766384125
INFO Gradient norm: 14.1362908222536
PROGRESS    Completed epoch 1615 / 2000;    current loss: 0.1698167324066162
INFO Gradient norm: 13.73711183296488
PROGRESS    Completed epoch 1616 / 2000;    current loss: 0.16978801786899567
INFO Gradient norm: 15.82115560201002
PROGRESS    Completed epoch 1617 / 2000;    current loss: 0.17023763060569763
INFO Gradient norm: 12.00097150091777
PROGRESS    Completed epoch 1618 / 2000;    current loss: 0.16906486451625824
INFO Gradient norm: 19.53090490256129
PROGRESS    Completed epoch 1619 / 2000;    current loss: 0.17188596725463867
INFO Gradient norm: 16.76348042344827
PROGRESS    Completed epoch 1620 / 2000;    current loss: 0.1707558035850525
INFO Gradient norm: 15.668550170468881
PROGRESS    Completed epoch 1621 / 2000;    current loss: 0.17018474638462067
INFO Gradient norm: 14.387622056464643
PROGRESS    Completed epoch 1622 / 2000;    current loss: 0.16976170241832733
INFO Gradient norm: 15.46511158961078
PROGRESS    Completed epoch 1623 / 2000;    current loss: 0.16983157396316528
INFO Gradient norm: 12.398795103045982
PROGRESS    Completed epoch 1624 / 2000;    current loss: 0.1689329892396927
INFO Gradient norm: 18.848585046712245
PROGRESS    Completed epoch 1625 / 2000;    current loss: 0.17133745551109314
INFO Gradient norm: 15.829280694918433
PROGRESS    Completed epoch 1626 / 2000;    current loss: 0.1701982021331787
INFO Gradient norm: 15.77209394188413
PROGRESS    Completed epoch 1627 / 2000;    current loss: 0.16990044713020325
INFO Gradient norm: 14.31295695761283
PROGRESS    Completed epoch 1628 / 2000;    current loss: 0.1694341003894806
INFO Gradient norm: 15.792581048049053
PROGRESS    Completed epoch 1629 / 2000;    current loss: 0.17013150453567505
INFO Gradient norm: 12.746122409411177
PROGRESS    Completed epoch 1630 / 2000;    current loss: 0.16913314163684845
INFO Gradient norm: 17.779966855299083
PROGRESS    Completed epoch 1631 / 2000;    current loss: 0.17041239142417908
INFO Gradient norm: 15.168182866895258
PROGRESS    Completed epoch 1632 / 2000;    current loss: 0.16943851113319397
INFO Gradient norm: 16.161676400861943
PROGRESS    Completed epoch 1633 / 2000;    current loss: 0.1700056940317154
INFO Gradient norm: 14.196473976612213
PROGRESS    Completed epoch 1634 / 2000;    current loss: 0.1692618727684021
INFO Gradient norm: 16.06829211571804
PROGRESS    Completed epoch 1635 / 2000;    current loss: 0.16951540112495422
INFO Gradient norm: 13.622931946651535
PROGRESS    Completed epoch 1636 / 2000;    current loss: 0.168716162443161
INFO Gradient norm: 17.054834204353515
PROGRESS    Completed epoch 1637 / 2000;    current loss: 0.17004908621311188
INFO Gradient norm: 14.419085323436127
PROGRESS    Completed epoch 1638 / 2000;    current loss: 0.16905604302883148
INFO Gradient norm: 16.53594787370138
PROGRESS    Completed epoch 1639 / 2000;    current loss: 0.1692827343940735
INFO Gradient norm: 14.540365966927464
PROGRESS    Completed epoch 1640 / 2000;    current loss: 0.16850097477436066
INFO Gradient norm: 16.077321620910055
PROGRESS    Completed epoch 1641 / 2000;    current loss: 0.1693047136068344
INFO Gradient norm: 13.58150639758725
PROGRESS    Completed epoch 1642 / 2000;    current loss: 0.1684626042842865
INFO Gradient norm: 17.10920914613069
PROGRESS    Completed epoch 1643 / 2000;    current loss: 0.1690966784954071
INFO Gradient norm: 14.797960539066382
PROGRESS    Completed epoch 1644 / 2000;    current loss: 0.16825361549854279
INFO Gradient norm: 16.033546643152714
PROGRESS    Completed epoch 1645 / 2000;    current loss: 0.1689065396785736
INFO Gradient norm: 13.926886719481185
PROGRESS    Completed epoch 1646 / 2000;    current loss: 0.16817456483840942
INFO Gradient norm: 16.50190122821178
PROGRESS    Completed epoch 1647 / 2000;    current loss: 0.16909301280975342
INFO Gradient norm: 13.847894554178437
PROGRESS    Completed epoch 1648 / 2000;    current loss: 0.16766874492168427
INFO Gradient norm: 16.93041503927
PROGRESS    Completed epoch 1649 / 2000;    current loss: 0.1689688265323639
INFO Gradient norm: 14.360451786789834
PROGRESS    Completed epoch 1650 / 2000;    current loss: 0.16800738871097565
INFO Gradient norm: 16.550437362277194
PROGRESS    Completed epoch 1651 / 2000;    current loss: 0.16833800077438354
INFO Gradient norm: 14.495896654692366
PROGRESS    Completed epoch 1652 / 2000;    current loss: 0.16764996945858002
INFO Gradient norm: 16.14981481665587
PROGRESS    Completed epoch 1653 / 2000;    current loss: 0.16841918230056763
INFO Gradient norm: 13.796366648993192
PROGRESS    Completed epoch 1654 / 2000;    current loss: 0.16757726669311523
INFO Gradient norm: 14.595134386573044
PROGRESS    Completed epoch 1655 / 2000;    current loss: 0.16805021464824677
INFO Gradient norm: 6.4927719029510245
PROGRESS    Completed epoch 1656 / 2000;    current loss: 0.16673828661441803
INFO Gradient norm: 25.09971952003558
PROGRESS    Completed epoch 1657 / 2000;    current loss: 0.17281514406204224
INFO Gradient norm: 21.698205040400957
PROGRESS    Completed epoch 1658 / 2000;    current loss: 0.17125600576400757
INFO Gradient norm: 11.284334765378983
PROGRESS    Completed epoch 1659 / 2000;    current loss: 0.1679888218641281
INFO Gradient norm: 12.392633352542738
PROGRESS    Completed epoch 1660 / 2000;    current loss: 0.16768227517604828
INFO Gradient norm: 13.935412890225006
PROGRESS    Completed epoch 1661 / 2000;    current loss: 0.16847099363803864
INFO Gradient norm: 8.678891173160535
PROGRESS    Completed epoch 1662 / 2000;    current loss: 0.1672087162733078
INFO Gradient norm: 21.490618415226503
PROGRESS    Completed epoch 1663 / 2000;    current loss: 0.17109374701976776
INFO Gradient norm: 18.988826310817732
PROGRESS    Completed epoch 1664 / 2000;    current loss: 0.17017905414104462
INFO Gradient norm: 11.79014336935343
PROGRESS    Completed epoch 1665 / 2000;    current loss: 0.16808781027793884
INFO Gradient norm: 11.947882902880085
PROGRESS    Completed epoch 1666 / 2000;    current loss: 0.1681102067232132
INFO Gradient norm: 14.791583628662694
PROGRESS    Completed epoch 1667 / 2000;    current loss: 0.168673574924469
INFO Gradient norm: 10.527940742885914
PROGRESS    Completed epoch 1668 / 2000;    current loss: 0.16742095351219177
INFO Gradient norm: 20.253852592061452
PROGRESS    Completed epoch 1669 / 2000;    current loss: 0.17073605954647064
INFO Gradient norm: 18.432761498498717
PROGRESS    Completed epoch 1670 / 2000;    current loss: 0.16996419429779053
INFO Gradient norm: 11.340516186519848
PROGRESS    Completed epoch 1671 / 2000;    current loss: 0.16751053929328918
INFO Gradient norm: 10.184295067004864
PROGRESS    Completed epoch 1672 / 2000;    current loss: 0.1672966033220291
INFO Gradient norm: 18.55574815817799
PROGRESS    Completed epoch 1673 / 2000;    current loss: 0.17010042071342468
INFO Gradient norm: 14.41940007336231
PROGRESS    Completed epoch 1674 / 2000;    current loss: 0.16865073144435883
INFO Gradient norm: 17.170691576819635
PROGRESS    Completed epoch 1675 / 2000;    current loss: 0.16915206611156464
INFO Gradient norm: 16.188106405362323
PROGRESS    Completed epoch 1676 / 2000;    current loss: 0.16883525252342224
INFO Gradient norm: 12.643748434121369
PROGRESS    Completed epoch 1677 / 2000;    current loss: 0.16810423135757446
INFO Gradient norm: 7.47287478221558
PROGRESS    Completed epoch 1678 / 2000;    current loss: 0.16682551801204681
INFO Gradient norm: 22.613812952681855
PROGRESS    Completed epoch 1679 / 2000;    current loss: 0.1719232201576233
INFO Gradient norm: 19.522576093375033
PROGRESS    Completed epoch 1680 / 2000;    current loss: 0.17061173915863037
INFO Gradient norm: 12.483620229115177
PROGRESS    Completed epoch 1681 / 2000;    current loss: 0.1683850884437561
INFO Gradient norm: 12.826352123853502
PROGRESS    Completed epoch 1682 / 2000;    current loss: 0.168572798371315
INFO Gradient norm: 14.938208641132412
PROGRESS    Completed epoch 1683 / 2000;    current loss: 0.16912959516048431
INFO Gradient norm: 11.314214531279333
PROGRESS    Completed epoch 1684 / 2000;    current loss: 0.16814787685871124
INFO Gradient norm: 19.108019927555667
PROGRESS    Completed epoch 1685 / 2000;    current loss: 0.17064078152179718
INFO Gradient norm: 15.98831031329613
PROGRESS    Completed epoch 1686 / 2000;    current loss: 0.16945624351501465
INFO Gradient norm: 15.299013741650995
PROGRESS    Completed epoch 1687 / 2000;    current loss: 0.16913770139217377
INFO Gradient norm: 14.40797390413126
PROGRESS    Completed epoch 1688 / 2000;    current loss: 0.16883128881454468
INFO Gradient norm: 14.574453110186523
PROGRESS    Completed epoch 1689 / 2000;    current loss: 0.16879823803901672
INFO Gradient norm: 11.734855374381524
PROGRESS    Completed epoch 1690 / 2000;    current loss: 0.16739079356193542
INFO Gradient norm: 18.275677174410497
PROGRESS    Completed epoch 1691 / 2000;    current loss: 0.17014986276626587
INFO Gradient norm: 15.598542199036585
PROGRESS    Completed epoch 1692 / 2000;    current loss: 0.16915175318717957
INFO Gradient norm: 15.388553133969934
PROGRESS    Completed epoch 1693 / 2000;    current loss: 0.16889698803424835
INFO Gradient norm: 14.173547827183475
PROGRESS    Completed epoch 1694 / 2000;    current loss: 0.16850611567497253
INFO Gradient norm: 14.65609694839608
PROGRESS    Completed epoch 1695 / 2000;    current loss: 0.16874960064888
INFO Gradient norm: 8.416140425696174
PROGRESS    Completed epoch 1696 / 2000;    current loss: 0.1672869622707367
INFO Gradient norm: 23.087374241266218
PROGRESS    Completed epoch 1697 / 2000;    current loss: 0.17205087840557098
INFO Gradient norm: 20.66864853621503
PROGRESS    Completed epoch 1698 / 2000;    current loss: 0.17106600105762482
INFO Gradient norm: 10.99921568845736
PROGRESS    Completed epoch 1699 / 2000;    current loss: 0.16805167496204376
INFO Gradient norm: 11.916304116838084
PROGRESS    Completed epoch 1700 / 2000;    current loss: 0.1683233678340912
INFO Gradient norm: 14.400012158418827
PROGRESS    Completed epoch 1701 / 2000;    current loss: 0.16855821013450623
INFO Gradient norm: 9.468999510826398
PROGRESS    Completed epoch 1702 / 2000;    current loss: 0.16739247739315033
INFO Gradient norm: 20.509331057656766
PROGRESS    Completed epoch 1703 / 2000;    current loss: 0.1714019626379013
INFO Gradient norm: 17.80168987951768
PROGRESS    Completed epoch 1704 / 2000;    current loss: 0.17025543749332428
INFO Gradient norm: 13.30023179852099
PROGRESS    Completed epoch 1705 / 2000;    current loss: 0.16837014257907867
INFO Gradient norm: 13.330012267398807
PROGRESS    Completed epoch 1706 / 2000;    current loss: 0.16834087669849396
INFO Gradient norm: 14.07627199328098
PROGRESS    Completed epoch 1707 / 2000;    current loss: 0.1688590943813324
INFO Gradient norm: 10.558680401017748
PROGRESS    Completed epoch 1708 / 2000;    current loss: 0.16788846254348755
INFO Gradient norm: 19.242264716796377
PROGRESS    Completed epoch 1709 / 2000;    current loss: 0.17023469507694244
INFO Gradient norm: 16.255109563590832
PROGRESS    Completed epoch 1710 / 2000;    current loss: 0.16910327970981598
INFO Gradient norm: 14.515977223310097
PROGRESS    Completed epoch 1711 / 2000;    current loss: 0.16883176565170288
INFO Gradient norm: 13.654431078164897
PROGRESS    Completed epoch 1712 / 2000;    current loss: 0.168092280626297
INFO Gradient norm: 14.456260554750749
PROGRESS    Completed epoch 1713 / 2000;    current loss: 0.16851148009300232
INFO Gradient norm: 11.656691445154198
PROGRESS    Completed epoch 1714 / 2000;    current loss: 0.167684867978096
INFO Gradient norm: 17.238420003455417
PROGRESS    Completed epoch 1715 / 2000;    current loss: 0.1695920079946518
INFO Gradient norm: 14.272369191769497
PROGRESS    Completed epoch 1716 / 2000;    current loss: 0.16801650822162628
INFO Gradient norm: 15.874022811576443
PROGRESS    Completed epoch 1717 / 2000;    current loss: 0.16867898404598236
INFO Gradient norm: 14.47726475481543
PROGRESS    Completed epoch 1718 / 2000;    current loss: 0.16813965141773224
INFO Gradient norm: 14.352164515770484
PROGRESS    Completed epoch 1719 / 2000;    current loss: 0.16836543381214142
INFO Gradient norm: 12.193622011186038
PROGRESS    Completed epoch 1720 / 2000;    current loss: 0.16769079864025116
INFO Gradient norm: 16.72582983661175
PROGRESS    Completed epoch 1721 / 2000;    current loss: 0.16866296529769897
INFO Gradient norm: 13.868332359359986
PROGRESS    Completed epoch 1722 / 2000;    current loss: 0.16768844425678253
INFO Gradient norm: 15.951457428118124
PROGRESS    Completed epoch 1723 / 2000;    current loss: 0.16864922642707825
INFO Gradient norm: 14.278821039508847
PROGRESS    Completed epoch 1724 / 2000;    current loss: 0.16805745661258698
INFO Gradient norm: 14.792357560133377
PROGRESS    Completed epoch 1725 / 2000;    current loss: 0.16771818697452545
INFO Gradient norm: 12.708260252070424
PROGRESS    Completed epoch 1726 / 2000;    current loss: 0.16703307628631592
INFO Gradient norm: 13.607355117657667
PROGRESS    Completed epoch 1727 / 2000;    current loss: 0.16780230402946472
INFO Gradient norm: 5.967578042391253
PROGRESS    Completed epoch 1728 / 2000;    current loss: 0.16647471487522125
INFO Gradient norm: 23.434455502648127
PROGRESS    Completed epoch 1729 / 2000;    current loss: 0.1716560274362564
INFO Gradient norm: 20.27903454677458
PROGRESS    Completed epoch 1730 / 2000;    current loss: 0.17029742896556854
INFO Gradient norm: 10.239989975673799
PROGRESS    Completed epoch 1731 / 2000;    current loss: 0.16772142052650452
INFO Gradient norm: 11.875543177553771
PROGRESS    Completed epoch 1732 / 2000;    current loss: 0.16823966801166534
INFO Gradient norm: 12.30778095776144
PROGRESS    Completed epoch 1733 / 2000;    current loss: 0.16816163063049316
INFO Gradient norm: 7.815691629776544
PROGRESS    Completed epoch 1734 / 2000;    current loss: 0.16728956997394562
INFO Gradient norm: 19.60437157956342
PROGRESS    Completed epoch 1735 / 2000;    current loss: 0.1711345911026001
INFO Gradient norm: 16.492217053274615
PROGRESS    Completed epoch 1736 / 2000;    current loss: 0.16995394229888916
INFO Gradient norm: 12.979433582422645
PROGRESS    Completed epoch 1737 / 2000;    current loss: 0.1683909296989441
INFO Gradient norm: 13.155685816453543
PROGRESS    Completed epoch 1738 / 2000;    current loss: 0.16832943260669708
INFO Gradient norm: 12.429370043512849
PROGRESS    Completed epoch 1739 / 2000;    current loss: 0.16867423057556152
INFO Gradient norm: 9.019877521898662
PROGRESS    Completed epoch 1740 / 2000;    current loss: 0.16787642240524292
INFO Gradient norm: 18.281225391060094
PROGRESS    Completed epoch 1741 / 2000;    current loss: 0.17011117935180664
INFO Gradient norm: 14.910821474710934
PROGRESS    Completed epoch 1742 / 2000;    current loss: 0.16887928545475006
INFO Gradient norm: 14.341442169218789
PROGRESS    Completed epoch 1743 / 2000;    current loss: 0.16913717985153198
INFO Gradient norm: 14.134144082547422
PROGRESS    Completed epoch 1744 / 2000;    current loss: 0.16903375089168549
INFO Gradient norm: 11.748629511561782
PROGRESS    Completed epoch 1745 / 2000;    current loss: 0.16824181377887726
INFO Gradient norm: 9.696955444758785
PROGRESS    Completed epoch 1746 / 2000;    current loss: 0.1677442491054535
INFO Gradient norm: 13.325766882904833
PROGRESS    Completed epoch 1747 / 2000;    current loss: 0.1687750369310379
INFO Gradient norm: 6.488938255070991
PROGRESS    Completed epoch 1748 / 2000;    current loss: 0.1675139218568802
INFO Gradient norm: 22.82431178787649
PROGRESS    Completed epoch 1749 / 2000;    current loss: 0.1722000390291214
INFO Gradient norm: 18.426347980792965
PROGRESS    Completed epoch 1750 / 2000;    current loss: 0.17028047144412994
INFO Gradient norm: 14.26609704662401
PROGRESS    Completed epoch 1751 / 2000;    current loss: 0.1693091094493866
INFO Gradient norm: 15.273188910455408
PROGRESS    Completed epoch 1752 / 2000;    current loss: 0.1696220487356186
INFO Gradient norm: 11.72576066794107
PROGRESS    Completed epoch 1753 / 2000;    current loss: 0.1684688776731491
INFO Gradient norm: 8.390610479324607
PROGRESS    Completed epoch 1754 / 2000;    current loss: 0.16778011620044708
INFO Gradient norm: 19.751114041619104
PROGRESS    Completed epoch 1755 / 2000;    current loss: 0.1706542819738388
INFO Gradient norm: 15.843391866942202
PROGRESS    Completed epoch 1756 / 2000;    current loss: 0.1692291647195816
INFO Gradient norm: 15.606234382749106
PROGRESS    Completed epoch 1757 / 2000;    current loss: 0.16956232488155365
INFO Gradient norm: 14.917195380888822
PROGRESS    Completed epoch 1758 / 2000;    current loss: 0.1692250818014145
INFO Gradient norm: 13.86643307741387
PROGRESS    Completed epoch 1759 / 2000;    current loss: 0.1688796430826187
INFO Gradient norm: 11.857599855494684
PROGRESS    Completed epoch 1760 / 2000;    current loss: 0.16826607286930084
INFO Gradient norm: 16.581257413845957
PROGRESS    Completed epoch 1761 / 2000;    current loss: 0.16954118013381958
INFO Gradient norm: 13.098341989120277
PROGRESS    Completed epoch 1762 / 2000;    current loss: 0.1684011071920395
INFO Gradient norm: 17.023330914676
PROGRESS    Completed epoch 1763 / 2000;    current loss: 0.16910633444786072
INFO Gradient norm: 15.682986378313014
PROGRESS    Completed epoch 1764 / 2000;    current loss: 0.16856832802295685
INFO Gradient norm: 13.056426056712972
PROGRESS    Completed epoch 1765 / 2000;    current loss: 0.16807955503463745
INFO Gradient norm: 11.390325642612646
PROGRESS    Completed epoch 1766 / 2000;    current loss: 0.16752566397190094
INFO Gradient norm: 16.309159268465454
PROGRESS    Completed epoch 1767 / 2000;    current loss: 0.1684471219778061
INFO Gradient norm: 13.203534170297559
PROGRESS    Completed epoch 1768 / 2000;    current loss: 0.16749022901058197
INFO Gradient norm: 16.28757080838012
PROGRESS    Completed epoch 1769 / 2000;    current loss: 0.16880038380622864
INFO Gradient norm: 14.007278872056315
PROGRESS    Completed epoch 1770 / 2000;    current loss: 0.16793376207351685
INFO Gradient norm: 15.146310775001112
PROGRESS    Completed epoch 1771 / 2000;    current loss: 0.16775450110435486
INFO Gradient norm: 13.641439343860345
PROGRESS    Completed epoch 1772 / 2000;    current loss: 0.16721515357494354
INFO Gradient norm: 14.595304188958284
PROGRESS    Completed epoch 1773 / 2000;    current loss: 0.1678464710712433
INFO Gradient norm: 11.793370305686999
PROGRESS    Completed epoch 1774 / 2000;    current loss: 0.1669684797525406
INFO Gradient norm: 17.092563203548035
PROGRESS    Completed epoch 1775 / 2000;    current loss: 0.16802747547626495
INFO Gradient norm: 14.836174059517624
PROGRESS    Completed epoch 1776 / 2000;    current loss: 0.1672695279121399
INFO Gradient norm: 14.109135589953178
PROGRESS    Completed epoch 1777 / 2000;    current loss: 0.16740922629833221
INFO Gradient norm: 9.059311841237049
PROGRESS    Completed epoch 1778 / 2000;    current loss: 0.16579265892505646
INFO Gradient norm: 20.85932425340499
PROGRESS    Completed epoch 1779 / 2000;    current loss: 0.1698712408542633
INFO Gradient norm: 18.404570851866104
PROGRESS    Completed epoch 1780 / 2000;    current loss: 0.16894608736038208
INFO Gradient norm: 12.20597439529713
PROGRESS    Completed epoch 1781 / 2000;    current loss: 0.1671634018421173
INFO Gradient norm: 12.212385749710922
PROGRESS    Completed epoch 1782 / 2000;    current loss: 0.16722287237644196
INFO Gradient norm: 14.928259777344543
PROGRESS    Completed epoch 1783 / 2000;    current loss: 0.16790065169334412
INFO Gradient norm: 11.621853407905709
PROGRESS    Completed epoch 1784 / 2000;    current loss: 0.16701489686965942
INFO Gradient norm: 17.614938386660942
PROGRESS    Completed epoch 1785 / 2000;    current loss: 0.1688123643398285
INFO Gradient norm: 14.547031540577983
PROGRESS    Completed epoch 1786 / 2000;    current loss: 0.16776318848133087
INFO Gradient norm: 15.957550712235415
PROGRESS    Completed epoch 1787 / 2000;    current loss: 0.168050616979599
INFO Gradient norm: 15.197818008723251
PROGRESS    Completed epoch 1788 / 2000;    current loss: 0.1677473485469818
INFO Gradient norm: 12.952217265783135
PROGRESS    Completed epoch 1789 / 2000;    current loss: 0.16710436344146729
INFO Gradient norm: 10.546753495834365
PROGRESS    Completed epoch 1790 / 2000;    current loss: 0.16647078096866608
INFO Gradient norm: 17.68256170466147
PROGRESS    Completed epoch 1791 / 2000;    current loss: 0.16836857795715332
INFO Gradient norm: 14.590768720753255
PROGRESS    Completed epoch 1792 / 2000;    current loss: 0.16728909313678741
INFO Gradient norm: 15.634914346700686
PROGRESS    Completed epoch 1793 / 2000;    current loss: 0.16752749681472778
INFO Gradient norm: 14.236437153269804
PROGRESS    Completed epoch 1794 / 2000;    current loss: 0.16704221069812775
INFO Gradient norm: 11.709344438698185
PROGRESS    Completed epoch 1795 / 2000;    current loss: 0.16647909581661224
INFO Gradient norm: 4.9436855292985
PROGRESS    Completed epoch 1796 / 2000;    current loss: 0.1657266616821289
INFO Gradient norm: 21.466548469266122
PROGRESS    Completed epoch 1797 / 2000;    current loss: 0.17027784883975983
INFO Gradient norm: 17.580151807590845
PROGRESS    Completed epoch 1798 / 2000;    current loss: 0.16883885860443115
INFO Gradient norm: 10.127209532786189
PROGRESS    Completed epoch 1799 / 2000;    current loss: 0.16697588562965393
INFO Gradient norm: 9.9570588957837
PROGRESS    Completed epoch 1800 / 2000;    current loss: 0.16708169877529144
INFO Gradient norm: 14.368076213404873
PROGRESS    Completed epoch 1801 / 2000;    current loss: 0.16821634769439697
INFO Gradient norm: 10.105300773513456
PROGRESS    Completed epoch 1802 / 2000;    current loss: 0.16717122495174408
INFO Gradient norm: 17.618291495789723
PROGRESS    Completed epoch 1803 / 2000;    current loss: 0.16939838230609894
INFO Gradient norm: 16.334013059974147
PROGRESS    Completed epoch 1804 / 2000;    current loss: 0.16897842288017273
INFO Gradient norm: 10.417134569653914
PROGRESS    Completed epoch 1805 / 2000;    current loss: 0.16678722202777863
INFO Gradient norm: 10.009398684580022
PROGRESS    Completed epoch 1806 / 2000;    current loss: 0.166752889752388
INFO Gradient norm: 14.061592741296224
PROGRESS    Completed epoch 1807 / 2000;    current loss: 0.16827043890953064
INFO Gradient norm: 10.237919543119954
PROGRESS    Completed epoch 1808 / 2000;    current loss: 0.1672389954328537
INFO Gradient norm: 17.497299700372533
PROGRESS    Completed epoch 1809 / 2000;    current loss: 0.1689479649066925
INFO Gradient norm: 16.268991879930503
PROGRESS    Completed epoch 1810 / 2000;    current loss: 0.16854985058307648
INFO Gradient norm: 10.015060762642626
PROGRESS    Completed epoch 1811 / 2000;    current loss: 0.16664555668830872
INFO Gradient norm: 9.305767437292904
PROGRESS    Completed epoch 1812 / 2000;    current loss: 0.16654615104198456
INFO Gradient norm: 14.939995025439888
PROGRESS    Completed epoch 1813 / 2000;    current loss: 0.16819722950458527
INFO Gradient norm: 11.432886171476635
PROGRESS    Completed epoch 1814 / 2000;    current loss: 0.16723816096782684
INFO Gradient norm: 15.474808382461138
PROGRESS    Completed epoch 1815 / 2000;    current loss: 0.16854111850261688
INFO Gradient norm: 14.156283526523081
PROGRESS    Completed epoch 1816 / 2000;    current loss: 0.16761209070682526
INFO Gradient norm: 11.468593387955124
PROGRESS    Completed epoch 1817 / 2000;    current loss: 0.16711583733558655
INFO Gradient norm: 10.253762743472265
PROGRESS    Completed epoch 1818 / 2000;    current loss: 0.16674812138080597
INFO Gradient norm: 14.364071397412058
PROGRESS    Completed epoch 1819 / 2000;    current loss: 0.16800862550735474
INFO Gradient norm: 11.593375635186655
PROGRESS    Completed epoch 1820 / 2000;    current loss: 0.16720183193683624
INFO Gradient norm: 14.898455878054916
PROGRESS    Completed epoch 1821 / 2000;    current loss: 0.16781629621982574
INFO Gradient norm: 13.391267016765346
PROGRESS    Completed epoch 1822 / 2000;    current loss: 0.1673067957162857
INFO Gradient norm: 12.475838148361172
PROGRESS    Completed epoch 1823 / 2000;    current loss: 0.16728220880031586
INFO Gradient norm: 11.224213779847688
PROGRESS    Completed epoch 1824 / 2000;    current loss: 0.16690540313720703
INFO Gradient norm: 13.714613411769713
PROGRESS    Completed epoch 1825 / 2000;    current loss: 0.16724812984466553
INFO Gradient norm: 11.147565406527734
PROGRESS    Completed epoch 1826 / 2000;    current loss: 0.16651864349842072
INFO Gradient norm: 14.845688388513265
PROGRESS    Completed epoch 1827 / 2000;    current loss: 0.16772150993347168
INFO Gradient norm: 13.109805945045462
PROGRESS    Completed epoch 1828 / 2000;    current loss: 0.1666591316461563
INFO Gradient norm: 12.541622380385531
PROGRESS    Completed epoch 1829 / 2000;    current loss: 0.1667182445526123
INFO Gradient norm: 11.232208977612714
PROGRESS    Completed epoch 1830 / 2000;    current loss: 0.16630962491035461
INFO Gradient norm: 13.569912846295358
PROGRESS    Completed epoch 1831 / 2000;    current loss: 0.1671070009469986
INFO Gradient norm: 11.06104619083593
PROGRESS    Completed epoch 1832 / 2000;    current loss: 0.1659158170223236
INFO Gradient norm: 14.805958028033677
PROGRESS    Completed epoch 1833 / 2000;    current loss: 0.16708046197891235
INFO Gradient norm: 13.116237195557103
PROGRESS    Completed epoch 1834 / 2000;    current loss: 0.1665022224187851
INFO Gradient norm: 12.549241064666159
PROGRESS    Completed epoch 1835 / 2000;    current loss: 0.1665908396244049
INFO Gradient norm: 10.999720494075634
PROGRESS    Completed epoch 1836 / 2000;    current loss: 0.1656317114830017
INFO Gradient norm: 13.926303407416292
PROGRESS    Completed epoch 1837 / 2000;    current loss: 0.16656824946403503
INFO Gradient norm: 11.676765237067238
PROGRESS    Completed epoch 1838 / 2000;    current loss: 0.16587108373641968
INFO Gradient norm: 13.706654964320336
PROGRESS    Completed epoch 1839 / 2000;    current loss: 0.16668325662612915
INFO Gradient norm: 8.458839744994062
PROGRESS    Completed epoch 1840 / 2000;    current loss: 0.1650269627571106
INFO Gradient norm: 19.506014831079458
PROGRESS    Completed epoch 1841 / 2000;    current loss: 0.1684836894273758
INFO Gradient norm: 18.07329336700545
PROGRESS    Completed epoch 1842 / 2000;    current loss: 0.16801033914089203
INFO Gradient norm: 8.812548990315403
PROGRESS    Completed epoch 1843 / 2000;    current loss: 0.16539433598518372
INFO Gradient norm: 3.449437261190701
PROGRESS    Completed epoch 1844 / 2000;    current loss: 0.16518226265907288
INFO Gradient norm: 18.751990380136405
PROGRESS    Completed epoch 1845 / 2000;    current loss: 0.1690770983695984
INFO Gradient norm: 10.731928865249293
PROGRESS    Completed epoch 1846 / 2000;    current loss: 0.1667305827140808
INFO Gradient norm: 20.544997814044166
PROGRESS    Completed epoch 1847 / 2000;    current loss: 0.1696498990058899
INFO Gradient norm: 21.174251900686933
PROGRESS    Completed epoch 1848 / 2000;    current loss: 0.17010526359081268
INFO Gradient norm: 5.231163690140075
PROGRESS    Completed epoch 1849 / 2000;    current loss: 0.1662597954273224
INFO Gradient norm: 7.914200023170541
PROGRESS    Completed epoch 1850 / 2000;    current loss: 0.16672684252262115
INFO Gradient norm: 12.615823838227474
PROGRESS    Completed epoch 1851 / 2000;    current loss: 0.1674676090478897
INFO Gradient norm: 6.150349449492757
PROGRESS    Completed epoch 1852 / 2000;    current loss: 0.16631288826465607
INFO Gradient norm: 21.04617678549346
PROGRESS    Completed epoch 1853 / 2000;    current loss: 0.1708129644393921
INFO Gradient norm: 17.609591334352814
PROGRESS    Completed epoch 1854 / 2000;    current loss: 0.1694168746471405
INFO Gradient norm: 11.832213650716147
PROGRESS    Completed epoch 1855 / 2000;    current loss: 0.16717012226581573
INFO Gradient norm: 13.32665692895896
PROGRESS    Completed epoch 1856 / 2000;    current loss: 0.16753940284252167
INFO Gradient norm: 9.996720096729547
PROGRESS    Completed epoch 1857 / 2000;    current loss: 0.16704173386096954
INFO Gradient norm: 6.889650670395576
PROGRESS    Completed epoch 1858 / 2000;    current loss: 0.1664007157087326
INFO Gradient norm: 17.72697314540691
PROGRESS    Completed epoch 1859 / 2000;    current loss: 0.16874906420707703
INFO Gradient norm: 13.912685412465205
PROGRESS    Completed epoch 1860 / 2000;    current loss: 0.1674371212720871
INFO Gradient norm: 14.464037672883508
PROGRESS    Completed epoch 1861 / 2000;    current loss: 0.1680184006690979
INFO Gradient norm: 14.207690474477879
PROGRESS    Completed epoch 1862 / 2000;    current loss: 0.1678888201713562
INFO Gradient norm: 11.32886573783792
PROGRESS    Completed epoch 1863 / 2000;    current loss: 0.16664500534534454
INFO Gradient norm: 10.087572502120706
PROGRESS    Completed epoch 1864 / 2000;    current loss: 0.16632835566997528
INFO Gradient norm: 14.304757269392061
PROGRESS    Completed epoch 1865 / 2000;    current loss: 0.1676725596189499
INFO Gradient norm: 10.69001694876706
PROGRESS    Completed epoch 1866 / 2000;    current loss: 0.16659118235111237
INFO Gradient norm: 16.216845341359758
PROGRESS    Completed epoch 1867 / 2000;    current loss: 0.1675810068845749
INFO Gradient norm: 14.861761985758255
PROGRESS    Completed epoch 1868 / 2000;    current loss: 0.16709214448928833
INFO Gradient norm: 11.283112616256679
PROGRESS    Completed epoch 1869 / 2000;    current loss: 0.16649939119815826
INFO Gradient norm: 10.29391525144288
PROGRESS    Completed epoch 1870 / 2000;    current loss: 0.16618531942367554
INFO Gradient norm: 12.98783768040079
PROGRESS    Completed epoch 1871 / 2000;    current loss: 0.1663961410522461
INFO Gradient norm: 7.934209256735491
PROGRESS    Completed epoch 1872 / 2000;    current loss: 0.16548626124858856
INFO Gradient norm: 17.91879832501445
PROGRESS    Completed epoch 1873 / 2000;    current loss: 0.1685820370912552
INFO Gradient norm: 16.513433616837332
PROGRESS    Completed epoch 1874 / 2000;    current loss: 0.16815051436424255
INFO Gradient norm: 8.894690787863269
PROGRESS    Completed epoch 1875 / 2000;    current loss: 0.16590015590190887
INFO Gradient norm: 9.721128678714791
PROGRESS    Completed epoch 1876 / 2000;    current loss: 0.16612887382507324
INFO Gradient norm: 11.635835381982725
PROGRESS    Completed epoch 1877 / 2000;    current loss: 0.16687722504138947
INFO Gradient norm: 7.690828806508747
PROGRESS    Completed epoch 1878 / 2000;    current loss: 0.16607727110385895
INFO Gradient norm: 16.81532147944417
PROGRESS    Completed epoch 1879 / 2000;    current loss: 0.16805069148540497
INFO Gradient norm: 14.448841435718672
PROGRESS    Completed epoch 1880 / 2000;    current loss: 0.1672818660736084
INFO Gradient norm: 11.071259654650675
PROGRESS    Completed epoch 1881 / 2000;    current loss: 0.1666642427444458
INFO Gradient norm: 8.332615532938629
PROGRESS    Completed epoch 1882 / 2000;    current loss: 0.16595259308815002
INFO Gradient norm: 15.176310677367644
PROGRESS    Completed epoch 1883 / 2000;    current loss: 0.16722476482391357
INFO Gradient norm: 12.508798307717754
PROGRESS    Completed epoch 1884 / 2000;    current loss: 0.16636434197425842
INFO Gradient norm: 12.643203799344594
PROGRESS    Completed epoch 1885 / 2000;    current loss: 0.1666896492242813
INFO Gradient norm: 12.039900194174093
PROGRESS    Completed epoch 1886 / 2000;    current loss: 0.16646315157413483
INFO Gradient norm: 11.277700387047643
PROGRESS    Completed epoch 1887 / 2000;    current loss: 0.16666898131370544
INFO Gradient norm: 9.616615368146324
PROGRESS    Completed epoch 1888 / 2000;    current loss: 0.1663164496421814
INFO Gradient norm: 13.699611523933692
PROGRESS    Completed epoch 1889 / 2000;    current loss: 0.1668792963027954
INFO Gradient norm: 11.077724830007952
PROGRESS    Completed epoch 1890 / 2000;    current loss: 0.16610918939113617
INFO Gradient norm: 13.630860213196769
PROGRESS    Completed epoch 1891 / 2000;    current loss: 0.1672602891921997
INFO Gradient norm: 12.094920370608026
PROGRESS    Completed epoch 1892 / 2000;    current loss: 0.16684992611408234
INFO Gradient norm: 12.72559627057767
PROGRESS    Completed epoch 1893 / 2000;    current loss: 0.1670292466878891
INFO Gradient norm: 11.255297020597075
PROGRESS    Completed epoch 1894 / 2000;    current loss: 0.16666363179683685
INFO Gradient norm: 12.767051168515724
PROGRESS    Completed epoch 1895 / 2000;    current loss: 0.16703331470489502
INFO Gradient norm: 6.56125470235521
PROGRESS    Completed epoch 1896 / 2000;    current loss: 0.16602946817874908
INFO Gradient norm: 19.01390775394229
PROGRESS    Completed epoch 1897 / 2000;    current loss: 0.1688053160905838
INFO Gradient norm: 16.98920243127106
PROGRESS    Completed epoch 1898 / 2000;    current loss: 0.16881458461284637
INFO Gradient norm: 8.43098826530356
PROGRESS    Completed epoch 1899 / 2000;    current loss: 0.16678471863269806
INFO Gradient norm: 9.90401664228525
PROGRESS    Completed epoch 1900 / 2000;    current loss: 0.16715991497039795
INFO Gradient norm: 10.20776063757596
PROGRESS    Completed epoch 1901 / 2000;    current loss: 0.16727203130722046
INFO Gradient norm: 6.490756705397497
PROGRESS    Completed epoch 1902 / 2000;    current loss: 0.16671624779701233
INFO Gradient norm: 16.277572092163336
PROGRESS    Completed epoch 1903 / 2000;    current loss: 0.16909576952457428
INFO Gradient norm: 13.472642819948254
PROGRESS    Completed epoch 1904 / 2000;    current loss: 0.1682322919368744
INFO Gradient norm: 11.524757995134618
PROGRESS    Completed epoch 1905 / 2000;    current loss: 0.16768531501293182
INFO Gradient norm: 11.846622140178077
PROGRESS    Completed epoch 1906 / 2000;    current loss: 0.167755588889122
INFO Gradient norm: 9.827088236545126
PROGRESS    Completed epoch 1907 / 2000;    current loss: 0.16732634603977203
INFO Gradient norm: 7.876826136597747
PROGRESS    Completed epoch 1908 / 2000;    current loss: 0.16694529354572296
INFO Gradient norm: 14.391077453336568
PROGRESS    Completed epoch 1909 / 2000;    current loss: 0.168364018201828
INFO Gradient norm: 11.279804444583156
PROGRESS    Completed epoch 1910 / 2000;    current loss: 0.16751979291439056
INFO Gradient norm: 13.162654797767777
PROGRESS    Completed epoch 1911 / 2000;    current loss: 0.16797979176044464
INFO Gradient norm: 12.565527098104956
PROGRESS    Completed epoch 1912 / 2000;    current loss: 0.16776937246322632
INFO Gradient norm: 9.929381836619381
PROGRESS    Completed epoch 1913 / 2000;    current loss: 0.1670798808336258
INFO Gradient norm: 8.790140906910906
PROGRESS    Completed epoch 1914 / 2000;    current loss: 0.16681142151355743
INFO Gradient norm: 12.812726771797466
PROGRESS    Completed epoch 1915 / 2000;    current loss: 0.1676599085330963
INFO Gradient norm: 10.098095470044116
PROGRESS    Completed epoch 1916 / 2000;    current loss: 0.1669430434703827
INFO Gradient norm: 13.577677503617043
PROGRESS    Completed epoch 1917 / 2000;    current loss: 0.16770781576633453
INFO Gradient norm: 12.158395465097936
PROGRESS    Completed epoch 1918 / 2000;    current loss: 0.16728197038173676
INFO Gradient norm: 8.971893959969956
PROGRESS    Completed epoch 1919 / 2000;    current loss: 0.1666276454925537
INFO Gradient norm: 5.607084689621615
PROGRESS    Completed epoch 1920 / 2000;    current loss: 0.16624116897583008
INFO Gradient norm: 16.132466478891097
PROGRESS    Completed epoch 1921 / 2000;    current loss: 0.16852934658527374
INFO Gradient norm: 10.421676568643893
PROGRESS    Completed epoch 1922 / 2000;    current loss: 0.1669873297214508
INFO Gradient norm: 17.40523842021594
PROGRESS    Completed epoch 1923 / 2000;    current loss: 0.16886970400810242
INFO Gradient norm: 17.47706236915216
PROGRESS    Completed epoch 1924 / 2000;    current loss: 0.1688605099916458
INFO Gradient norm: 7.172912842219325
PROGRESS    Completed epoch 1925 / 2000;    current loss: 0.16629180312156677
INFO Gradient norm: 7.990643031938646
PROGRESS    Completed epoch 1926 / 2000;    current loss: 0.16637420654296875
INFO Gradient norm: 12.83956164727498
PROGRESS    Completed epoch 1927 / 2000;    current loss: 0.1672980636358261
INFO Gradient norm: 8.068243779666146
PROGRESS    Completed epoch 1928 / 2000;    current loss: 0.16623884439468384
INFO Gradient norm: 17.790570678070413
PROGRESS    Completed epoch 1929 / 2000;    current loss: 0.16806183755397797
INFO Gradient norm: 15.124943906990605
PROGRESS    Completed epoch 1930 / 2000;    current loss: 0.16706430912017822
INFO Gradient norm: 12.042978754569283
PROGRESS    Completed epoch 1931 / 2000;    current loss: 0.1667386293411255
INFO Gradient norm: 12.877693782820517
PROGRESS    Completed epoch 1932 / 2000;    current loss: 0.16684336960315704
INFO Gradient norm: 9.82028235403499
PROGRESS    Completed epoch 1933 / 2000;    current loss: 0.1660352647304535
INFO Gradient norm: 7.436881855892856
PROGRESS    Completed epoch 1934 / 2000;    current loss: 0.16551925241947174
INFO Gradient norm: 15.988601400984525
PROGRESS    Completed epoch 1935 / 2000;    current loss: 0.1673988550901413
INFO Gradient norm: 12.583676192291708
PROGRESS    Completed epoch 1936 / 2000;    current loss: 0.16632574796676636
INFO Gradient norm: 13.980840287509809
PROGRESS    Completed epoch 1937 / 2000;    current loss: 0.16604448854923248
INFO Gradient norm: 13.304188482569332
PROGRESS    Completed epoch 1938 / 2000;    current loss: 0.16570882499217987
INFO Gradient norm: 11.131193881795067
PROGRESS    Completed epoch 1939 / 2000;    current loss: 0.16570445895195007
INFO Gradient norm: 4.685687516602066
PROGRESS    Completed epoch 1940 / 2000;    current loss: 0.16498638689517975
INFO Gradient norm: 18.38957965953463
PROGRESS    Completed epoch 1941 / 2000;    current loss: 0.1675702929496765
INFO Gradient norm: 13.786312367535512
PROGRESS    Completed epoch 1942 / 2000;    current loss: 0.16679346561431885
INFO Gradient norm: 13.426528435972752
PROGRESS    Completed epoch 1943 / 2000;    current loss: 0.16668251156806946
INFO Gradient norm: 14.739252988121287
PROGRESS    Completed epoch 1944 / 2000;    current loss: 0.16704581677913666
INFO Gradient norm: 7.03178214635436
PROGRESS    Completed epoch 1945 / 2000;    current loss: 0.16533690690994263
INFO Gradient norm: 5.8047720726753775
PROGRESS    Completed epoch 1946 / 2000;    current loss: 0.1651291847229004
INFO Gradient norm: 11.503608848295245
PROGRESS    Completed epoch 1947 / 2000;    current loss: 0.1662464439868927
INFO Gradient norm: 4.317033597279684
PROGRESS    Completed epoch 1948 / 2000;    current loss: 0.16468384861946106
INFO Gradient norm: 18.559439206406825
PROGRESS    Completed epoch 1949 / 2000;    current loss: 0.1683962196111679
INFO Gradient norm: 15.106592357698647
PROGRESS    Completed epoch 1950 / 2000;    current loss: 0.16730555891990662
INFO Gradient norm: 10.643798736405294
PROGRESS    Completed epoch 1951 / 2000;    current loss: 0.16603019833564758
INFO Gradient norm: 12.042549029748702
PROGRESS    Completed epoch 1952 / 2000;    current loss: 0.1664896309375763
INFO Gradient norm: 8.54555864855836
PROGRESS    Completed epoch 1953 / 2000;    current loss: 0.1660282462835312
INFO Gradient norm: 6.728259669789304
PROGRESS    Completed epoch 1954 / 2000;    current loss: 0.16581429541110992
INFO Gradient norm: 14.007847580593218
PROGRESS    Completed epoch 1955 / 2000;    current loss: 0.16724437475204468
INFO Gradient norm: 10.18128891253961
PROGRESS    Completed epoch 1956 / 2000;    current loss: 0.16628746688365936
INFO Gradient norm: 12.410209875483305
PROGRESS    Completed epoch 1957 / 2000;    current loss: 0.16678839921951294
INFO Gradient norm: 9.805511014959725
PROGRESS    Completed epoch 1958 / 2000;    current loss: 0.16602462530136108
INFO Gradient norm: 12.922861010971285
PROGRESS    Completed epoch 1959 / 2000;    current loss: 0.16635489463806152
INFO Gradient norm: 12.038358830257605
PROGRESS    Completed epoch 1960 / 2000;    current loss: 0.166669100522995
INFO Gradient norm: 10.157781435732455
PROGRESS    Completed epoch 1961 / 2000;    current loss: 0.16588133573532104
INFO Gradient norm: 8.717704982483415
PROGRESS    Completed epoch 1962 / 2000;    current loss: 0.16615326702594757
INFO Gradient norm: 12.930591079798873
PROGRESS    Completed epoch 1963 / 2000;    current loss: 0.16706730425357819
INFO Gradient norm: 11.037149571117599
PROGRESS    Completed epoch 1964 / 2000;    current loss: 0.16661876440048218
INFO Gradient norm: 11.458135631146842
PROGRESS    Completed epoch 1965 / 2000;    current loss: 0.16673293709754944
INFO Gradient norm: 10.106257348268645
PROGRESS    Completed epoch 1966 / 2000;    current loss: 0.16637356579303741
INFO Gradient norm: 11.981287016892502
PROGRESS    Completed epoch 1967 / 2000;    current loss: 0.16668681800365448
INFO Gradient norm: 10.62698363120052
PROGRESS    Completed epoch 1968 / 2000;    current loss: 0.16631048917770386
INFO Gradient norm: 11.373613825175681
PROGRESS    Completed epoch 1969 / 2000;    current loss: 0.16637709736824036
INFO Gradient norm: 9.845892698867791
PROGRESS    Completed epoch 1970 / 2000;    current loss: 0.16599875688552856
INFO Gradient norm: 12.058169453344338
PROGRESS    Completed epoch 1971 / 2000;    current loss: 0.1665077954530716
INFO Gradient norm: 9.811835712623486
PROGRESS    Completed epoch 1972 / 2000;    current loss: 0.16598592698574066
INFO Gradient norm: 12.988364547843695
PROGRESS    Completed epoch 1973 / 2000;    current loss: 0.1660469025373459
INFO Gradient norm: 11.606811356234097
PROGRESS    Completed epoch 1974 / 2000;    current loss: 0.16619686782360077
INFO Gradient norm: 9.976094726297523
PROGRESS    Completed epoch 1975 / 2000;    current loss: 0.1658852994441986
INFO Gradient norm: 4.682534431232426
PROGRESS    Completed epoch 1976 / 2000;    current loss: 0.16527873277664185
INFO Gradient norm: 16.94816599983231
PROGRESS    Completed epoch 1977 / 2000;    current loss: 0.16801977157592773
INFO Gradient norm: 13.725969331360087
PROGRESS    Completed epoch 1978 / 2000;    current loss: 0.1671861857175827
INFO Gradient norm: 10.748928614889014
PROGRESS    Completed epoch 1979 / 2000;    current loss: 0.16651645302772522
INFO Gradient norm: 11.86867960326957
PROGRESS    Completed epoch 1980 / 2000;    current loss: 0.1668010652065277
INFO Gradient norm: 7.946149314080706
PROGRESS    Completed epoch 1981 / 2000;    current loss: 0.16600903868675232
INFO Gradient norm: 5.8322596940631355
PROGRESS    Completed epoch 1982 / 2000;    current loss: 0.16568714380264282
INFO Gradient norm: 14.27301631728895
PROGRESS    Completed epoch 1983 / 2000;    current loss: 0.16733986139297485
INFO Gradient norm: 10.915035905541338
PROGRESS    Completed epoch 1984 / 2000;    current loss: 0.16640949249267578
INFO Gradient norm: 12.702072580955539
PROGRESS    Completed epoch 1985 / 2000;    current loss: 0.16668090224266052
INFO Gradient norm: 12.693924409762552
PROGRESS    Completed epoch 1986 / 2000;    current loss: 0.16660457849502563
INFO Gradient norm: 7.525517058261542
PROGRESS    Completed epoch 1987 / 2000;    current loss: 0.1656113564968109
INFO Gradient norm: 3.110778285199567
PROGRESS    Completed epoch 1988 / 2000;    current loss: 0.16519880294799805
INFO Gradient norm: 16.02889992037081
PROGRESS    Completed epoch 1989 / 2000;    current loss: 0.16724327206611633
INFO Gradient norm: 10.614606394402433
PROGRESS    Completed epoch 1990 / 2000;    current loss: 0.16590097546577454
INFO Gradient norm: 14.637943206502673
PROGRESS    Completed epoch 1991 / 2000;    current loss: 0.16680055856704712
INFO Gradient norm: 15.426261280259663
PROGRESS    Completed epoch 1992 / 2000;    current loss: 0.16712109744548798
INFO Gradient norm: 5.657504145615265
PROGRESS    Completed epoch 1993 / 2000;    current loss: 0.16528071463108063
INFO Gradient norm: 6.210476412630442
PROGRESS    Completed epoch 1994 / 2000;    current loss: 0.1652744710445404
INFO Gradient norm: 12.007739324481989
PROGRESS    Completed epoch 1995 / 2000;    current loss: 0.16598297655582428
INFO Gradient norm: 7.2491392375929005
PROGRESS    Completed epoch 1996 / 2000;    current loss: 0.16510078310966492
INFO Gradient norm: 16.567840507844313
PROGRESS    Completed epoch 1997 / 2000;    current loss: 0.1675596982240677
INFO Gradient norm: 15.543200411931668
PROGRESS    Completed epoch 1998 / 2000;    current loss: 0.1672043353319168
INFO Gradient norm: 7.373024072633736
PROGRESS    Completed epoch 1999 / 2000;    current loss: 0.1650579422712326
INFO Gradient norm: 8.409829138492444
PROGRESS    Completed epoch 2000 / 2000;    current loss: 0.16517052054405212
INFO    Saving model weights ...
INFO Model weights saved successfully to /home/hoang/utopya_output/Dengue/250605-200113/data/uni01/data_npc_checkpoint.pth
INFO    Simulation run finished.
INFO    Wrapping up ...
SUCCESS    All done.

---
end of log. exit code: 0

