Log of 'out' stream of WorkerTask 'uni10'
---

INFO    Using 'cpu' as training device. Number of threads: 10
INFO    Loading training data ...
INFO    Initializing the neural net ...
INFO    Initialized model 'Dengue'.
INFO    Now commencing training for 2000 epochs ...
INFO Gradient norm: 1658.9771834463686
PROGRESS    Completed epoch 1 / 2000;    current loss: 385.028564453125
INFO Gradient norm: 1660.1908727800287
PROGRESS    Completed epoch 2 / 2000;    current loss: 384.48223876953125
INFO Gradient norm: 1661.3921565473752
PROGRESS    Completed epoch 3 / 2000;    current loss: 383.9364318847656
INFO Gradient norm: 1662.576617813135
PROGRESS    Completed epoch 4 / 2000;    current loss: 383.3874206542969
INFO Gradient norm: 1663.7508427809507
PROGRESS    Completed epoch 5 / 2000;    current loss: 382.8381042480469
INFO Gradient norm: 1664.910878513148
PROGRESS    Completed epoch 6 / 2000;    current loss: 382.2862548828125
INFO Gradient norm: 1666.0605291528796
PROGRESS    Completed epoch 7 / 2000;    current loss: 381.7326354980469
INFO Gradient norm: 1667.1948012214052
PROGRESS    Completed epoch 8 / 2000;    current loss: 381.1763916015625
INFO Gradient norm: 1668.3171109592738
PROGRESS    Completed epoch 9 / 2000;    current loss: 380.6158752441406
INFO Gradient norm: 1669.4309115061683
PROGRESS    Completed epoch 10 / 2000;    current loss: 380.053955078125
INFO Gradient norm: 1670.5687944958927
PROGRESS    Completed epoch 11 / 2000;    current loss: 379.4879455566406
INFO Gradient norm: 1671.660491278285
PROGRESS    Completed epoch 12 / 2000;    current loss: 378.918212890625
INFO Gradient norm: 1672.7388165835564
PROGRESS    Completed epoch 13 / 2000;    current loss: 378.3419189453125
INFO Gradient norm: 1673.808139782715
PROGRESS    Completed epoch 14 / 2000;    current loss: 377.7628173828125
INFO Gradient norm: 1674.8673982463572
PROGRESS    Completed epoch 15 / 2000;    current loss: 377.1787414550781
INFO Gradient norm: 1675.9152786781378
PROGRESS    Completed epoch 16 / 2000;    current loss: 376.58905029296875
INFO Gradient norm: 1676.950958521997
PROGRESS    Completed epoch 17 / 2000;    current loss: 375.99267578125
INFO Gradient norm: 1677.9763160623675
PROGRESS    Completed epoch 18 / 2000;    current loss: 375.3924255371094
INFO Gradient norm: 1678.9867074743606
PROGRESS    Completed epoch 19 / 2000;    current loss: 374.7846984863281
INFO Gradient norm: 1677.5296282206298
PROGRESS    Completed epoch 20 / 2000;    current loss: 374.1856384277344
INFO Gradient norm: 1678.1944155748192
PROGRESS    Completed epoch 21 / 2000;    current loss: 373.5803527832031
INFO Gradient norm: 1678.853471407302
PROGRESS    Completed epoch 22 / 2000;    current loss: 372.96728515625
INFO Gradient norm: 1679.5110904183157
PROGRESS    Completed epoch 23 / 2000;    current loss: 372.3476867675781
INFO Gradient norm: 1680.16025155097
PROGRESS    Completed epoch 24 / 2000;    current loss: 371.718505859375
INFO Gradient norm: 1680.8003751987717
PROGRESS    Completed epoch 25 / 2000;    current loss: 371.08074951171875
INFO Gradient norm: 1681.4327709611237
PROGRESS    Completed epoch 26 / 2000;    current loss: 370.4347839355469
INFO Gradient norm: 1682.053017946539
PROGRESS    Completed epoch 27 / 2000;    current loss: 369.77838134765625
INFO Gradient norm: 1682.6601873318953
PROGRESS    Completed epoch 28 / 2000;    current loss: 369.1125793457031
INFO Gradient norm: 1683.2570842534483
PROGRESS    Completed epoch 29 / 2000;    current loss: 368.4376525878906
INFO Gradient norm: 1683.8376926606227
PROGRESS    Completed epoch 30 / 2000;    current loss: 367.7523498535156
INFO Gradient norm: 1684.4035362653808
PROGRESS    Completed epoch 31 / 2000;    current loss: 367.0565490722656
INFO Gradient norm: 1684.949552189391
PROGRESS    Completed epoch 32 / 2000;    current loss: 366.34942626953125
INFO Gradient norm: 1685.476666511604
PROGRESS    Completed epoch 33 / 2000;    current loss: 365.6311950683594
INFO Gradient norm: 1685.9838681084063
PROGRESS    Completed epoch 34 / 2000;    current loss: 364.9013977050781
INFO Gradient norm: 1686.4692647346587
PROGRESS    Completed epoch 35 / 2000;    current loss: 364.1598205566406
INFO Gradient norm: 1686.929111281184
PROGRESS    Completed epoch 36 / 2000;    current loss: 363.4059143066406
INFO Gradient norm: 1687.361917917093
PROGRESS    Completed epoch 37 / 2000;    current loss: 362.6390380859375
INFO Gradient norm: 1687.7672692767792
PROGRESS    Completed epoch 38 / 2000;    current loss: 361.8594055175781
INFO Gradient norm: 1688.1449536646155
PROGRESS    Completed epoch 39 / 2000;    current loss: 361.06732177734375
INFO Gradient norm: 1688.4874866059615
PROGRESS    Completed epoch 40 / 2000;    current loss: 360.2606201171875
INFO Gradient norm: 1688.7953878764204
PROGRESS    Completed epoch 41 / 2000;    current loss: 359.43988037109375
INFO Gradient norm: 1689.0690439052566
PROGRESS    Completed epoch 42 / 2000;    current loss: 358.60504150390625
INFO Gradient norm: 1689.3006449831305
PROGRESS    Completed epoch 43 / 2000;    current loss: 357.75518798828125
INFO Gradient norm: 1689.4903558602975
PROGRESS    Completed epoch 44 / 2000;    current loss: 356.890625
INFO Gradient norm: 1689.634481757014
PROGRESS    Completed epoch 45 / 2000;    current loss: 356.01019287109375
INFO Gradient norm: 1689.7318370438074
PROGRESS    Completed epoch 46 / 2000;    current loss: 355.1143493652344
INFO Gradient norm: 1689.7790576386972
PROGRESS    Completed epoch 47 / 2000;    current loss: 354.2024230957031
INFO Gradient norm: 1689.7697267525516
PROGRESS    Completed epoch 48 / 2000;    current loss: 353.2732238769531
INFO Gradient norm: 1689.703306312816
PROGRESS    Completed epoch 49 / 2000;    current loss: 352.3271484375
INFO Gradient norm: 1689.573641270081
PROGRESS    Completed epoch 50 / 2000;    current loss: 351.3640441894531
INFO Gradient norm: 1689.3798895764196
PROGRESS    Completed epoch 51 / 2000;    current loss: 350.38330078125
INFO Gradient norm: 1689.1145044767813
PROGRESS    Completed epoch 52 / 2000;    current loss: 349.3846740722656
INFO Gradient norm: 1688.776373910599
PROGRESS    Completed epoch 53 / 2000;    current loss: 348.36712646484375
INFO Gradient norm: 1688.3605409294355
PROGRESS    Completed epoch 54 / 2000;    current loss: 347.33111572265625
INFO Gradient norm: 1687.860147746959
PROGRESS    Completed epoch 55 / 2000;    current loss: 346.2762145996094
INFO Gradient norm: 1687.2735925484617
PROGRESS    Completed epoch 56 / 2000;    current loss: 345.2022705078125
INFO Gradient norm: 1689.2522495686137
PROGRESS    Completed epoch 57 / 2000;    current loss: 344.11810302734375
INFO Gradient norm: 1688.3781767905564
PROGRESS    Completed epoch 58 / 2000;    current loss: 343.016845703125
INFO Gradient norm: 1687.4116971699784
PROGRESS    Completed epoch 59 / 2000;    current loss: 341.8944396972656
INFO Gradient norm: 1686.3454783053337
PROGRESS    Completed epoch 60 / 2000;    current loss: 340.74908447265625
INFO Gradient norm: 1685.1767006891841
PROGRESS    Completed epoch 61 / 2000;    current loss: 339.5839538574219
INFO Gradient norm: 1683.9018677454167
PROGRESS    Completed epoch 62 / 2000;    current loss: 338.3951110839844
INFO Gradient norm: 1682.5061401270282
PROGRESS    Completed epoch 63 / 2000;    current loss: 337.1851806640625
INFO Gradient norm: 1680.9915682484313
PROGRESS    Completed epoch 64 / 2000;    current loss: 335.9525146484375
INFO Gradient norm: 1679.339137863418
PROGRESS    Completed epoch 65 / 2000;    current loss: 334.6966247558594
INFO Gradient norm: 1677.5471963831521
PROGRESS    Completed epoch 66 / 2000;    current loss: 333.41680908203125
INFO Gradient norm: 1675.606647557269
PROGRESS    Completed epoch 67 / 2000;    current loss: 332.1147155761719
INFO Gradient norm: 1673.5108914075813
PROGRESS    Completed epoch 68 / 2000;    current loss: 330.7883605957031
INFO Gradient norm: 1668.2371223425052
PROGRESS    Completed epoch 69 / 2000;    current loss: 329.4449768066406
INFO Gradient norm: 1665.697545731971
PROGRESS    Completed epoch 70 / 2000;    current loss: 328.08380126953125
INFO Gradient norm: 1662.9857902208664
PROGRESS    Completed epoch 71 / 2000;    current loss: 326.6981201171875
INFO Gradient norm: 1660.0939130318359
PROGRESS    Completed epoch 72 / 2000;    current loss: 325.2896423339844
INFO Gradient norm: 1657.0102542076725
PROGRESS    Completed epoch 73 / 2000;    current loss: 323.85601806640625
INFO Gradient norm: 1653.7154022362345
PROGRESS    Completed epoch 74 / 2000;    current loss: 322.3968505859375
INFO Gradient norm: 1650.2065928626275
PROGRESS    Completed epoch 75 / 2000;    current loss: 320.91326904296875
INFO Gradient norm: 1646.4787861827142
PROGRESS    Completed epoch 76 / 2000;    current loss: 319.4051208496094
INFO Gradient norm: 1642.5115097203668
PROGRESS    Completed epoch 77 / 2000;    current loss: 317.87091064453125
INFO Gradient norm: 1638.3002341186364
PROGRESS    Completed epoch 78 / 2000;    current loss: 316.3129577636719
INFO Gradient norm: 1633.8327685731117
PROGRESS    Completed epoch 79 / 2000;    current loss: 314.7291259765625
INFO Gradient norm: 1629.0968669902384
PROGRESS    Completed epoch 80 / 2000;    current loss: 313.119873046875
INFO Gradient norm: 1624.0973814033357
PROGRESS    Completed epoch 81 / 2000;    current loss: 311.48699951171875
INFO Gradient norm: 1618.7846957615643
PROGRESS    Completed epoch 82 / 2000;    current loss: 309.8269348144531
INFO Gradient norm: 1616.4089679876254
PROGRESS    Completed epoch 83 / 2000;    current loss: 308.1481018066406
INFO Gradient norm: 1610.45883631663
PROGRESS    Completed epoch 84 / 2000;    current loss: 306.4452209472656
INFO Gradient norm: 1604.279177942852
PROGRESS    Completed epoch 85 / 2000;    current loss: 304.72210693359375
INFO Gradient norm: 1597.751686168854
PROGRESS    Completed epoch 86 / 2000;    current loss: 302.9702453613281
INFO Gradient norm: 1590.9352862529922
PROGRESS    Completed epoch 87 / 2000;    current loss: 301.19573974609375
INFO Gradient norm: 1580.6120230087952
PROGRESS    Completed epoch 88 / 2000;    current loss: 299.39959716796875
INFO Gradient norm: 1573.0215944583354
PROGRESS    Completed epoch 89 / 2000;    current loss: 297.5780029296875
INFO Gradient norm: 1565.1634103261506
PROGRESS    Completed epoch 90 / 2000;    current loss: 295.73748779296875
INFO Gradient norm: 1556.897818441296
PROGRESS    Completed epoch 91 / 2000;    current loss: 293.8719482421875
INFO Gradient norm: 1548.2575157376764
PROGRESS    Completed epoch 92 / 2000;    current loss: 291.9833679199219
INFO Gradient norm: 1539.2357858270448
PROGRESS    Completed epoch 93 / 2000;    current loss: 290.0722961425781
INFO Gradient norm: 1529.936294264704
PROGRESS    Completed epoch 94 / 2000;    current loss: 288.144775390625
INFO Gradient norm: 1523.1867360355334
PROGRESS    Completed epoch 95 / 2000;    current loss: 286.18963623046875
INFO Gradient norm: 1512.9031419985768
PROGRESS    Completed epoch 96 / 2000;    current loss: 284.21441650390625
INFO Gradient norm: 1502.3457676587157
PROGRESS    Completed epoch 97 / 2000;    current loss: 282.22503662109375
INFO Gradient norm: 1491.2868005433875
PROGRESS    Completed epoch 98 / 2000;    current loss: 280.20770263671875
INFO Gradient norm: 1476.7510684191707
PROGRESS    Completed epoch 99 / 2000;    current loss: 278.18023681640625
INFO Gradient norm: 1464.9973562634925
PROGRESS    Completed epoch 100 / 2000;    current loss: 276.1370849609375
INFO Gradient norm: 1452.822634415143
PROGRESS    Completed epoch 101 / 2000;    current loss: 274.0734558105469
INFO Gradient norm: 1440.1987888423253
PROGRESS    Completed epoch 102 / 2000;    current loss: 271.98974609375
INFO Gradient norm: 1427.2611858798339
PROGRESS    Completed epoch 103 / 2000;    current loss: 269.89422607421875
INFO Gradient norm: 1413.8467867403344
PROGRESS    Completed epoch 104 / 2000;    current loss: 267.77886962890625
INFO Gradient norm: 1400.0314355356472
PROGRESS    Completed epoch 105 / 2000;    current loss: 265.6478576660156
INFO Gradient norm: 1388.9655447353814
PROGRESS    Completed epoch 106 / 2000;    current loss: 263.5110778808594
INFO Gradient norm: 1374.2451484682151
PROGRESS    Completed epoch 107 / 2000;    current loss: 261.3535461425781
INFO Gradient norm: 1359.323147176014
PROGRESS    Completed epoch 108 / 2000;    current loss: 259.19024658203125
INFO Gradient norm: 1341.105024757109
PROGRESS    Completed epoch 109 / 2000;    current loss: 257.0160827636719
INFO Gradient norm: 1325.8980976933226
PROGRESS    Completed epoch 110 / 2000;    current loss: 254.84994506835938
INFO Gradient norm: 1309.4531391511114
PROGRESS    Completed epoch 111 / 2000;    current loss: 252.64254760742188
INFO Gradient norm: 1293.4735248213847
PROGRESS    Completed epoch 112 / 2000;    current loss: 250.4569091796875
INFO Gradient norm: 1279.2005890578826
PROGRESS    Completed epoch 113 / 2000;    current loss: 248.24134826660156
INFO Gradient norm: 1262.1301039978762
PROGRESS    Completed epoch 114 / 2000;    current loss: 246.0315704345703
INFO Gradient norm: 1241.8317698194226
PROGRESS    Completed epoch 115 / 2000;    current loss: 243.80963134765625
INFO Gradient norm: 1224.733207151064
PROGRESS    Completed epoch 116 / 2000;    current loss: 241.61123657226562
INFO Gradient norm: 1206.383508906897
PROGRESS    Completed epoch 117 / 2000;    current loss: 239.3800811767578
INFO Gradient norm: 1188.383591378551
PROGRESS    Completed epoch 118 / 2000;    current loss: 237.1674346923828
INFO Gradient norm: 1172.3583726521015
PROGRESS    Completed epoch 119 / 2000;    current loss: 234.95095825195312
INFO Gradient norm: 1153.5118637416929
PROGRESS    Completed epoch 120 / 2000;    current loss: 232.73138427734375
INFO Gradient norm: 1134.8452019057681
PROGRESS    Completed epoch 121 / 2000;    current loss: 230.52658081054688
INFO Gradient norm: 1113.7315500878249
PROGRESS    Completed epoch 122 / 2000;    current loss: 228.3274688720703
INFO Gradient norm: 1094.4455781874801
PROGRESS    Completed epoch 123 / 2000;    current loss: 226.12301635742188
INFO Gradient norm: 1075.4578882044875
PROGRESS    Completed epoch 124 / 2000;    current loss: 223.93667602539062
INFO Gradient norm: 1056.278754738812
PROGRESS    Completed epoch 125 / 2000;    current loss: 221.75430297851562
INFO Gradient norm: 1037.1431857467744
PROGRESS    Completed epoch 126 / 2000;    current loss: 219.58287048339844
INFO Gradient norm: 1017.9715566565295
PROGRESS    Completed epoch 127 / 2000;    current loss: 217.4224853515625
INFO Gradient norm: 998.9399767395282
PROGRESS    Completed epoch 128 / 2000;    current loss: 215.27528381347656
INFO Gradient norm: 979.7893743305327
PROGRESS    Completed epoch 129 / 2000;    current loss: 213.13690185546875
INFO Gradient norm: 962.5695197266174
PROGRESS    Completed epoch 130 / 2000;    current loss: 211.0183563232422
INFO Gradient norm: 943.6412870910583
PROGRESS    Completed epoch 131 / 2000;    current loss: 208.91380310058594
INFO Gradient norm: 924.8233630944085
PROGRESS    Completed epoch 132 / 2000;    current loss: 206.8236083984375
INFO Gradient norm: 904.635310210077
PROGRESS    Completed epoch 133 / 2000;    current loss: 204.74966430664062
INFO Gradient norm: 886.328205017857
PROGRESS    Completed epoch 134 / 2000;    current loss: 202.69921875
INFO Gradient norm: 868.2497896770644
PROGRESS    Completed epoch 135 / 2000;    current loss: 200.66693115234375
INFO Gradient norm: 850.4507179320472
PROGRESS    Completed epoch 136 / 2000;    current loss: 198.6538848876953
INFO Gradient norm: 832.9859108502906
PROGRESS    Completed epoch 137 / 2000;    current loss: 196.66265869140625
INFO Gradient norm: 815.8895935465591
PROGRESS    Completed epoch 138 / 2000;    current loss: 194.69456481933594
INFO Gradient norm: 800.3064991164622
PROGRESS    Completed epoch 139 / 2000;    current loss: 192.74887084960938
INFO Gradient norm: 783.8930819117434
PROGRESS    Completed epoch 140 / 2000;    current loss: 190.82627868652344
INFO Gradient norm: 766.8741536255119
PROGRESS    Completed epoch 141 / 2000;    current loss: 188.92706298828125
INFO Gradient norm: 751.3641348621994
PROGRESS    Completed epoch 142 / 2000;    current loss: 187.05166625976562
INFO Gradient norm: 736.3206183665642
PROGRESS    Completed epoch 143 / 2000;    current loss: 185.2001953125
INFO Gradient norm: 721.754384065659
PROGRESS    Completed epoch 144 / 2000;    current loss: 183.37355041503906
INFO Gradient norm: 708.4399863666478
PROGRESS    Completed epoch 145 / 2000;    current loss: 181.57122802734375
INFO Gradient norm: 694.8037116493435
PROGRESS    Completed epoch 146 / 2000;    current loss: 179.79440307617188
INFO Gradient norm: 681.0334973221321
PROGRESS    Completed epoch 147 / 2000;    current loss: 178.04335021972656
INFO Gradient norm: 668.4916619159736
PROGRESS    Completed epoch 148 / 2000;    current loss: 176.31837463378906
INFO Gradient norm: 656.4651411367365
PROGRESS    Completed epoch 149 / 2000;    current loss: 174.61834716796875
INFO Gradient norm: 644.9532062606393
PROGRESS    Completed epoch 150 / 2000;    current loss: 172.94158935546875
INFO Gradient norm: 633.9605869401587
PROGRESS    Completed epoch 151 / 2000;    current loss: 171.2911376953125
INFO Gradient norm: 623.9175899779323
PROGRESS    Completed epoch 152 / 2000;    current loss: 169.6655731201172
INFO Gradient norm: 613.9314279025364
PROGRESS    Completed epoch 153 / 2000;    current loss: 168.06515502929688
INFO Gradient norm: 604.1156165140492
PROGRESS    Completed epoch 154 / 2000;    current loss: 166.4878692626953
INFO Gradient norm: 595.1728816395911
PROGRESS    Completed epoch 155 / 2000;    current loss: 164.93698120117188
INFO Gradient norm: 586.7081791708623
PROGRESS    Completed epoch 156 / 2000;    current loss: 163.41038513183594
INFO Gradient norm: 578.7033214561114
PROGRESS    Completed epoch 157 / 2000;    current loss: 161.90597534179688
INFO Gradient norm: 571.3637947585864
PROGRESS    Completed epoch 158 / 2000;    current loss: 160.42453002929688
INFO Gradient norm: 564.2161402218097
PROGRESS    Completed epoch 159 / 2000;    current loss: 158.96517944335938
INFO Gradient norm: 557.3345343033084
PROGRESS    Completed epoch 160 / 2000;    current loss: 157.52780151367188
INFO Gradient norm: 551.0373269982662
PROGRESS    Completed epoch 161 / 2000;    current loss: 156.11073303222656
INFO Gradient norm: 545.1107685578689
PROGRESS    Completed epoch 162 / 2000;    current loss: 154.71324157714844
INFO Gradient norm: 539.5273654741898
PROGRESS    Completed epoch 163 / 2000;    current loss: 153.33399963378906
INFO Gradient norm: 534.353547703172
PROGRESS    Completed epoch 164 / 2000;    current loss: 151.97360229492188
INFO Gradient norm: 529.3801103439323
PROGRESS    Completed epoch 165 / 2000;    current loss: 150.62852478027344
INFO Gradient norm: 524.6772872001349
PROGRESS    Completed epoch 166 / 2000;    current loss: 149.298583984375
INFO Gradient norm: 520.1843197675399
PROGRESS    Completed epoch 167 / 2000;    current loss: 147.98287963867188
INFO Gradient norm: 515.9589894396694
PROGRESS    Completed epoch 168 / 2000;    current loss: 146.67990112304688
INFO Gradient norm: 511.9225392598454
PROGRESS    Completed epoch 169 / 2000;    current loss: 145.38877868652344
INFO Gradient norm: 508.051234810856
PROGRESS    Completed epoch 170 / 2000;    current loss: 144.10792541503906
INFO Gradient norm: 504.3280492020602
PROGRESS    Completed epoch 171 / 2000;    current loss: 142.83749389648438
INFO Gradient norm: 500.7268045949931
PROGRESS    Completed epoch 172 / 2000;    current loss: 141.5758514404297
INFO Gradient norm: 497.2326033459818
PROGRESS    Completed epoch 173 / 2000;    current loss: 140.32127380371094
INFO Gradient norm: 493.8324937269687
PROGRESS    Completed epoch 174 / 2000;    current loss: 139.07440185546875
INFO Gradient norm: 490.5095267988678
PROGRESS    Completed epoch 175 / 2000;    current loss: 137.8339080810547
INFO Gradient norm: 487.24857467109376
PROGRESS    Completed epoch 176 / 2000;    current loss: 136.5987091064453
INFO Gradient norm: 484.03976604805143
PROGRESS    Completed epoch 177 / 2000;    current loss: 135.36878967285156
INFO Gradient norm: 480.87091963611726
PROGRESS    Completed epoch 178 / 2000;    current loss: 134.14344787597656
INFO Gradient norm: 477.7327292870449
PROGRESS    Completed epoch 179 / 2000;    current loss: 132.92210388183594
INFO Gradient norm: 474.6157302306431
PROGRESS    Completed epoch 180 / 2000;    current loss: 131.7030487060547
INFO Gradient norm: 471.5146362667915
PROGRESS    Completed epoch 181 / 2000;    current loss: 130.48788452148438
INFO Gradient norm: 468.42333634364627
PROGRESS    Completed epoch 182 / 2000;    current loss: 129.27590942382812
INFO Gradient norm: 465.3326892164614
PROGRESS    Completed epoch 183 / 2000;    current loss: 128.0654754638672
INFO Gradient norm: 462.2449417584244
PROGRESS    Completed epoch 184 / 2000;    current loss: 126.85904693603516
INFO Gradient norm: 459.1513385017538
PROGRESS    Completed epoch 185 / 2000;    current loss: 125.65462493896484
INFO Gradient norm: 456.0484421848815
PROGRESS    Completed epoch 186 / 2000;    current loss: 124.45207214355469
INFO Gradient norm: 452.93633378591636
PROGRESS    Completed epoch 187 / 2000;    current loss: 123.25234985351562
INFO Gradient norm: 449.81242330610564
PROGRESS    Completed epoch 188 / 2000;    current loss: 122.05509185791016
INFO Gradient norm: 446.67553956394363
PROGRESS    Completed epoch 189 / 2000;    current loss: 120.8593521118164
INFO Gradient norm: 443.52862764318274
PROGRESS    Completed epoch 190 / 2000;    current loss: 119.66706085205078
INFO Gradient norm: 440.36924187918805
PROGRESS    Completed epoch 191 / 2000;    current loss: 118.47708129882812
INFO Gradient norm: 437.1990175291573
PROGRESS    Completed epoch 192 / 2000;    current loss: 117.28971862792969
INFO Gradient norm: 434.0187112992311
PROGRESS    Completed epoch 193 / 2000;    current loss: 116.10543060302734
INFO Gradient norm: 430.828678236283
PROGRESS    Completed epoch 194 / 2000;    current loss: 114.923583984375
INFO Gradient norm: 427.63007666133103
PROGRESS    Completed epoch 195 / 2000;    current loss: 113.7443618774414
INFO Gradient norm: 424.42324498347756
PROGRESS    Completed epoch 196 / 2000;    current loss: 112.56798553466797
INFO Gradient norm: 421.2114775743352
PROGRESS    Completed epoch 197 / 2000;    current loss: 111.39527893066406
INFO Gradient norm: 417.99267210699094
PROGRESS    Completed epoch 198 / 2000;    current loss: 110.22489929199219
INFO Gradient norm: 414.76947165644566
PROGRESS    Completed epoch 199 / 2000;    current loss: 109.05674743652344
INFO Gradient norm: 411.549515482589
PROGRESS    Completed epoch 200 / 2000;    current loss: 107.89265441894531
INFO Gradient norm: 408.3315727954133
PROGRESS    Completed epoch 201 / 2000;    current loss: 106.73065185546875
INFO Gradient norm: 405.1209300977544
PROGRESS    Completed epoch 202 / 2000;    current loss: 105.57219696044922
INFO Gradient norm: 401.91596030008753
PROGRESS    Completed epoch 203 / 2000;    current loss: 104.41553497314453
INFO Gradient norm: 398.7189093040408
PROGRESS    Completed epoch 204 / 2000;    current loss: 103.26138305664062
INFO Gradient norm: 395.5280619472254
PROGRESS    Completed epoch 205 / 2000;    current loss: 102.10916137695312
INFO Gradient norm: 392.3425590396631
PROGRESS    Completed epoch 206 / 2000;    current loss: 100.95956420898438
INFO Gradient norm: 389.15905507231076
PROGRESS    Completed epoch 207 / 2000;    current loss: 99.81147003173828
INFO Gradient norm: 385.9772071696966
PROGRESS    Completed epoch 208 / 2000;    current loss: 98.66549682617188
INFO Gradient norm: 382.795208867184
PROGRESS    Completed epoch 209 / 2000;    current loss: 97.5218734741211
INFO Gradient norm: 379.61025002739524
PROGRESS    Completed epoch 210 / 2000;    current loss: 96.37977600097656
INFO Gradient norm: 376.42241636964894
PROGRESS    Completed epoch 211 / 2000;    current loss: 95.23976135253906
INFO Gradient norm: 373.23120664787643
PROGRESS    Completed epoch 212 / 2000;    current loss: 94.10174560546875
INFO Gradient norm: 370.0375518761744
PROGRESS    Completed epoch 213 / 2000;    current loss: 92.9662094116211
INFO Gradient norm: 366.83843521886683
PROGRESS    Completed epoch 214 / 2000;    current loss: 91.83219909667969
INFO Gradient norm: 363.63606352413404
PROGRESS    Completed epoch 215 / 2000;    current loss: 90.70098114013672
INFO Gradient norm: 360.42761487671885
PROGRESS    Completed epoch 216 / 2000;    current loss: 89.57156372070312
INFO Gradient norm: 357.19039885099204
PROGRESS    Completed epoch 217 / 2000;    current loss: 88.44570922851562
INFO Gradient norm: 354.0178953798304
PROGRESS    Completed epoch 218 / 2000;    current loss: 87.32371520996094
INFO Gradient norm: 350.83732987877676
PROGRESS    Completed epoch 219 / 2000;    current loss: 86.20381164550781
INFO Gradient norm: 347.647922634803
PROGRESS    Completed epoch 220 / 2000;    current loss: 85.08597564697266
INFO Gradient norm: 344.4486980873628
PROGRESS    Completed epoch 221 / 2000;    current loss: 83.96987915039062
INFO Gradient norm: 341.2430616116818
PROGRESS    Completed epoch 222 / 2000;    current loss: 82.85663604736328
INFO Gradient norm: 338.02617911432264
PROGRESS    Completed epoch 223 / 2000;    current loss: 81.74468994140625
INFO Gradient norm: 334.80319798755596
PROGRESS    Completed epoch 224 / 2000;    current loss: 80.63578033447266
INFO Gradient norm: 331.5730909685541
PROGRESS    Completed epoch 225 / 2000;    current loss: 79.52983856201172
INFO Gradient norm: 328.3342350543977
PROGRESS    Completed epoch 226 / 2000;    current loss: 78.42607116699219
INFO Gradient norm: 325.08878914594914
PROGRESS    Completed epoch 227 / 2000;    current loss: 77.32508087158203
INFO Gradient norm: 321.83800930550115
PROGRESS    Completed epoch 228 / 2000;    current loss: 76.22735595703125
INFO Gradient norm: 318.5814866075042
PROGRESS    Completed epoch 229 / 2000;    current loss: 75.13268280029297
INFO Gradient norm: 315.3214593688993
PROGRESS    Completed epoch 230 / 2000;    current loss: 74.04169464111328
INFO Gradient norm: 312.0530161341465
PROGRESS    Completed epoch 231 / 2000;    current loss: 72.95306396484375
INFO Gradient norm: 308.78244030574496
PROGRESS    Completed epoch 232 / 2000;    current loss: 71.86882781982422
INFO Gradient norm: 305.5060460156691
PROGRESS    Completed epoch 233 / 2000;    current loss: 70.78756713867188
INFO Gradient norm: 302.22748955046455
PROGRESS    Completed epoch 234 / 2000;    current loss: 69.71041870117188
INFO Gradient norm: 298.94568742070794
PROGRESS    Completed epoch 235 / 2000;    current loss: 68.63717651367188
INFO Gradient norm: 295.65981690886304
PROGRESS    Completed epoch 236 / 2000;    current loss: 67.56745910644531
INFO Gradient norm: 292.3754112489748
PROGRESS    Completed epoch 237 / 2000;    current loss: 66.50238037109375
INFO Gradient norm: 289.1210493161804
PROGRESS    Completed epoch 238 / 2000;    current loss: 65.44144439697266
INFO Gradient norm: 285.85812407870156
PROGRESS    Completed epoch 239 / 2000;    current loss: 64.3846435546875
INFO Gradient norm: 282.5933675541298
PROGRESS    Completed epoch 240 / 2000;    current loss: 63.33205032348633
INFO Gradient norm: 279.32662875821785
PROGRESS    Completed epoch 241 / 2000;    current loss: 62.28380584716797
INFO Gradient norm: 276.05927853589844
PROGRESS    Completed epoch 242 / 2000;    current loss: 61.23970031738281
INFO Gradient norm: 272.79313607630894
PROGRESS    Completed epoch 243 / 2000;    current loss: 60.200069427490234
INFO Gradient norm: 269.5294064157111
PROGRESS    Completed epoch 244 / 2000;    current loss: 59.16504669189453
INFO Gradient norm: 266.2692297053152
PROGRESS    Completed epoch 245 / 2000;    current loss: 58.134490966796875
INFO Gradient norm: 263.0272293905082
PROGRESS    Completed epoch 246 / 2000;    current loss: 57.10861587524414
INFO Gradient norm: 259.8129437273143
PROGRESS    Completed epoch 247 / 2000;    current loss: 56.08795928955078
INFO Gradient norm: 256.6083569014491
PROGRESS    Completed epoch 248 / 2000;    current loss: 55.07136535644531
INFO Gradient norm: 253.41777749365454
PROGRESS    Completed epoch 249 / 2000;    current loss: 54.05982208251953
INFO Gradient norm: 250.24242257306636
PROGRESS    Completed epoch 250 / 2000;    current loss: 53.05337142944336
INFO Gradient norm: 247.08276834055127
PROGRESS    Completed epoch 251 / 2000;    current loss: 52.051170349121094
INFO Gradient norm: 243.94254662496633
PROGRESS    Completed epoch 252 / 2000;    current loss: 51.054195404052734
INFO Gradient norm: 240.82366599287036
PROGRESS    Completed epoch 253 / 2000;    current loss: 50.062007904052734
INFO Gradient norm: 237.72859813009654
PROGRESS    Completed epoch 254 / 2000;    current loss: 49.074623107910156
INFO Gradient norm: 234.66001535504827
PROGRESS    Completed epoch 255 / 2000;    current loss: 48.092220306396484
INFO Gradient norm: 231.62105605096784
PROGRESS    Completed epoch 256 / 2000;    current loss: 47.114959716796875
INFO Gradient norm: 228.61601814872876
PROGRESS    Completed epoch 257 / 2000;    current loss: 46.14289855957031
INFO Gradient norm: 225.70517501933736
PROGRESS    Completed epoch 258 / 2000;    current loss: 45.17645263671875
INFO Gradient norm: 222.80580234175045
PROGRESS    Completed epoch 259 / 2000;    current loss: 44.214881896972656
INFO Gradient norm: 219.9387231477985
PROGRESS    Completed epoch 260 / 2000;    current loss: 43.25882339477539
INFO Gradient norm: 217.10525821339445
PROGRESS    Completed epoch 261 / 2000;    current loss: 42.308349609375
INFO Gradient norm: 214.31252018806305
PROGRESS    Completed epoch 262 / 2000;    current loss: 41.364105224609375
INFO Gradient norm: 211.60913335715026
PROGRESS    Completed epoch 263 / 2000;    current loss: 40.426605224609375
INFO Gradient norm: 208.946201953372
PROGRESS    Completed epoch 264 / 2000;    current loss: 39.4954833984375
INFO Gradient norm: 206.3274089052745
PROGRESS    Completed epoch 265 / 2000;    current loss: 38.57102966308594
INFO Gradient norm: 203.75427480603616
PROGRESS    Completed epoch 266 / 2000;    current loss: 37.653770446777344
INFO Gradient norm: 201.22887568823268
PROGRESS    Completed epoch 267 / 2000;    current loss: 36.74443817138672
INFO Gradient norm: 198.9457384638238
PROGRESS    Completed epoch 268 / 2000;    current loss: 35.84700012207031
INFO Gradient norm: 196.63716402074826
PROGRESS    Completed epoch 269 / 2000;    current loss: 34.96079635620117
INFO Gradient norm: 194.40702383659922
PROGRESS    Completed epoch 270 / 2000;    current loss: 34.085880279541016
INFO Gradient norm: 192.23902178684702
PROGRESS    Completed epoch 271 / 2000;    current loss: 33.22307586669922
INFO Gradient norm: 189.97419821089218
PROGRESS    Completed epoch 272 / 2000;    current loss: 32.382713317871094
INFO Gradient norm: 188.13531912728595
PROGRESS    Completed epoch 273 / 2000;    current loss: 31.55854034423828
INFO Gradient norm: 186.51510173014836
PROGRESS    Completed epoch 274 / 2000;    current loss: 30.748958587646484
INFO Gradient norm: 184.65736233806265
PROGRESS    Completed epoch 275 / 2000;    current loss: 29.951045989990234
INFO Gradient norm: 182.37410744295244
PROGRESS    Completed epoch 276 / 2000;    current loss: 29.159175872802734
INFO Gradient norm: 180.29904603262648
PROGRESS    Completed epoch 277 / 2000;    current loss: 28.377365112304688
INFO Gradient norm: 177.19227530920952
PROGRESS    Completed epoch 278 / 2000;    current loss: 27.605798721313477
INFO Gradient norm: 173.3683686584287
PROGRESS    Completed epoch 279 / 2000;    current loss: 26.833892822265625
INFO Gradient norm: 169.01178027674024
PROGRESS    Completed epoch 280 / 2000;    current loss: 26.0654296875
INFO Gradient norm: 164.25338816291878
PROGRESS    Completed epoch 281 / 2000;    current loss: 25.321983337402344
INFO Gradient norm: 159.8341209041571
PROGRESS    Completed epoch 282 / 2000;    current loss: 24.587650299072266
INFO Gradient norm: 155.81459955606567
PROGRESS    Completed epoch 283 / 2000;    current loss: 23.862030029296875
INFO Gradient norm: 152.1051480005655
PROGRESS    Completed epoch 284 / 2000;    current loss: 23.143478393554688
INFO Gradient norm: 148.648503616777
PROGRESS    Completed epoch 285 / 2000;    current loss: 22.43134307861328
INFO Gradient norm: 145.82041388363018
PROGRESS    Completed epoch 286 / 2000;    current loss: 21.732694625854492
INFO Gradient norm: 142.84442312089993
PROGRESS    Completed epoch 287 / 2000;    current loss: 21.04083251953125
INFO Gradient norm: 139.96623458635895
PROGRESS    Completed epoch 288 / 2000;    current loss: 20.352067947387695
INFO Gradient norm: 137.18398110548605
PROGRESS    Completed epoch 289 / 2000;    current loss: 19.667171478271484
INFO Gradient norm: 134.3323634041989
PROGRESS    Completed epoch 290 / 2000;    current loss: 18.997488021850586
INFO Gradient norm: 132.0614722314329
PROGRESS    Completed epoch 291 / 2000;    current loss: 18.337697982788086
INFO Gradient norm: 130.138874778031
PROGRESS    Completed epoch 292 / 2000;    current loss: 17.686420440673828
INFO Gradient norm: 128.80202515528953
PROGRESS    Completed epoch 293 / 2000;    current loss: 17.04596519470215
INFO Gradient norm: 126.82742401684544
PROGRESS    Completed epoch 294 / 2000;    current loss: 16.414154052734375
INFO Gradient norm: 125.01515708232029
PROGRESS    Completed epoch 295 / 2000;    current loss: 15.804869651794434
INFO Gradient norm: 121.33747092722464
PROGRESS    Completed epoch 296 / 2000;    current loss: 15.19787883758545
INFO Gradient norm: 116.76248197760401
PROGRESS    Completed epoch 297 / 2000;    current loss: 14.596611022949219
INFO Gradient norm: 112.80201509106871
PROGRESS    Completed epoch 298 / 2000;    current loss: 14.005596160888672
INFO Gradient norm: 109.34658275370407
PROGRESS    Completed epoch 299 / 2000;    current loss: 13.427518844604492
INFO Gradient norm: 106.68079320766012
PROGRESS    Completed epoch 300 / 2000;    current loss: 12.861801147460938
INFO Gradient norm: 104.24262141589529
PROGRESS    Completed epoch 301 / 2000;    current loss: 12.301092147827148
INFO Gradient norm: 102.24693408085781
PROGRESS    Completed epoch 302 / 2000;    current loss: 11.747568130493164
INFO Gradient norm: 101.99547064281138
PROGRESS    Completed epoch 303 / 2000;    current loss: 11.209983825683594
INFO Gradient norm: 100.53292954181268
PROGRESS    Completed epoch 304 / 2000;    current loss: 10.684932708740234
INFO Gradient norm: 96.74720662947605
PROGRESS    Completed epoch 305 / 2000;    current loss: 10.163653373718262
INFO Gradient norm: 91.95624058602922
PROGRESS    Completed epoch 306 / 2000;    current loss: 9.659358978271484
INFO Gradient norm: 88.92870162165327
PROGRESS    Completed epoch 307 / 2000;    current loss: 9.165757179260254
INFO Gradient norm: 86.46718131185801
PROGRESS    Completed epoch 308 / 2000;    current loss: 8.679317474365234
INFO Gradient norm: 84.7096641018315
PROGRESS    Completed epoch 309 / 2000;    current loss: 8.2017822265625
INFO Gradient norm: 82.42971598135028
PROGRESS    Completed epoch 310 / 2000;    current loss: 7.738973617553711
INFO Gradient norm: 79.1373609366091
PROGRESS    Completed epoch 311 / 2000;    current loss: 7.288726329803467
INFO Gradient norm: 76.65165128504877
PROGRESS    Completed epoch 312 / 2000;    current loss: 6.8473639488220215
INFO Gradient norm: 74.97615044320175
PROGRESS    Completed epoch 313 / 2000;    current loss: 6.417840003967285
INFO Gradient norm: 72.23330826968059
PROGRESS    Completed epoch 314 / 2000;    current loss: 6.002485752105713
INFO Gradient norm: 69.02544689478086
PROGRESS    Completed epoch 315 / 2000;    current loss: 5.600222587585449
INFO Gradient norm: 66.72640512475097
PROGRESS    Completed epoch 316 / 2000;    current loss: 5.210036277770996
INFO Gradient norm: 64.42618809655664
PROGRESS    Completed epoch 317 / 2000;    current loss: 4.831181049346924
INFO Gradient norm: 67.40673228369697
PROGRESS    Completed epoch 318 / 2000;    current loss: 4.471552848815918
INFO Gradient norm: 66.25582422773336
PROGRESS    Completed epoch 319 / 2000;    current loss: 4.124614238739014
INFO Gradient norm: 57.940452249769784
PROGRESS    Completed epoch 320 / 2000;    current loss: 3.787228584289551
INFO Gradient norm: 57.45727030157314
PROGRESS    Completed epoch 321 / 2000;    current loss: 3.475749969482422
INFO Gradient norm: 60.33745853866449
PROGRESS    Completed epoch 322 / 2000;    current loss: 3.180824041366577
INFO Gradient norm: 54.69595487760646
PROGRESS    Completed epoch 323 / 2000;    current loss: 2.8899223804473877
INFO Gradient norm: 46.32167696776573
PROGRESS    Completed epoch 324 / 2000;    current loss: 2.612722396850586
INFO Gradient norm: 67.50006001808853
PROGRESS    Completed epoch 325 / 2000;    current loss: 2.37437105178833
INFO Gradient norm: 71.96580202460687
PROGRESS    Completed epoch 326 / 2000;    current loss: 2.1465816497802734
INFO Gradient norm: 43.35074979462693
PROGRESS    Completed epoch 327 / 2000;    current loss: 1.916581630706787
INFO Gradient norm: 57.506850601130076
PROGRESS    Completed epoch 328 / 2000;    current loss: 1.7322137355804443
INFO Gradient norm: 73.01673014325999
PROGRESS    Completed epoch 329 / 2000;    current loss: 1.5640931129455566
INFO Gradient norm: 52.892079668812045
PROGRESS    Completed epoch 330 / 2000;    current loss: 1.381743311882019
INFO Gradient norm: 41.39508357990142
PROGRESS    Completed epoch 331 / 2000;    current loss: 1.222744345664978
INFO Gradient norm: 55.14066588702247
PROGRESS    Completed epoch 332 / 2000;    current loss: 1.0896388292312622
INFO Gradient norm: 52.26900073842488
PROGRESS    Completed epoch 333 / 2000;    current loss: 0.9846187829971313
INFO Gradient norm: 34.154069695093725
PROGRESS    Completed epoch 334 / 2000;    current loss: 0.8830163478851318
INFO Gradient norm: 39.86236924807444
PROGRESS    Completed epoch 335 / 2000;    current loss: 0.7950886487960815
INFO Gradient norm: 26.940925949585708
PROGRESS    Completed epoch 336 / 2000;    current loss: 0.7077056765556335
INFO Gradient norm: 17.4925098217713
PROGRESS    Completed epoch 337 / 2000;    current loss: 0.6288606524467468
INFO Gradient norm: 22.272280270207084
PROGRESS    Completed epoch 338 / 2000;    current loss: 0.5574918985366821
INFO Gradient norm: 47.95103963333946
PROGRESS    Completed epoch 339 / 2000;    current loss: 0.49876970052719116
INFO Gradient norm: 21.21461249984792
PROGRESS    Completed epoch 340 / 2000;    current loss: 0.4366236925125122
INFO Gradient norm: 110.05094633796465
PROGRESS    Completed epoch 341 / 2000;    current loss: 0.414393812417984
INFO Gradient norm: 95.93008895552289
PROGRESS    Completed epoch 342 / 2000;    current loss: 0.36703863739967346
INFO Gradient norm: 57.05756460511765
PROGRESS    Completed epoch 343 / 2000;    current loss: 0.32338273525238037
INFO Gradient norm: 63.145953832043006
PROGRESS    Completed epoch 344 / 2000;    current loss: 0.300472229719162
INFO Gradient norm: 80.3487619974765
PROGRESS    Completed epoch 345 / 2000;    current loss: 0.2858922779560089
INFO Gradient norm: 48.59305329035746
PROGRESS    Completed epoch 346 / 2000;    current loss: 0.2659766674041748
INFO Gradient norm: 135.50433238100828
PROGRESS    Completed epoch 347 / 2000;    current loss: 0.29225486516952515
INFO Gradient norm: 134.17384870920418
PROGRESS    Completed epoch 348 / 2000;    current loss: 0.2866503596305847
INFO Gradient norm: 48.723101519123134
PROGRESS    Completed epoch 349 / 2000;    current loss: 0.25397464632987976
INFO Gradient norm: 34.32192218475326
PROGRESS    Completed epoch 350 / 2000;    current loss: 0.2524893283843994
INFO Gradient norm: 132.89174250143898
PROGRESS    Completed epoch 351 / 2000;    current loss: 0.28442367911338806
INFO Gradient norm: 91.95681921834328
PROGRESS    Completed epoch 352 / 2000;    current loss: 0.2688930332660675
INFO Gradient norm: 167.28836374676567
PROGRESS    Completed epoch 353 / 2000;    current loss: 0.29271021485328674
INFO Gradient norm: 173.71541636662283
PROGRESS    Completed epoch 354 / 2000;    current loss: 0.29677972197532654
INFO Gradient norm: 51.14948650889752
PROGRESS    Completed epoch 355 / 2000;    current loss: 0.2638716995716095
INFO Gradient norm: 27.21084137560794
PROGRESS    Completed epoch 356 / 2000;    current loss: 0.2619319260120392
INFO Gradient norm: 215.26474950137134
PROGRESS    Completed epoch 357 / 2000;    current loss: 0.31892430782318115
INFO Gradient norm: 176.45460007093132
PROGRESS    Completed epoch 358 / 2000;    current loss: 0.30163824558258057
INFO Gradient norm: 77.51556184187776
PROGRESS    Completed epoch 359 / 2000;    current loss: 0.27227744460105896
INFO Gradient norm: 72.72440650025617
PROGRESS    Completed epoch 360 / 2000;    current loss: 0.27122464776039124
INFO Gradient norm: 148.29830285803354
PROGRESS    Completed epoch 361 / 2000;    current loss: 0.29144471883773804
INFO Gradient norm: 109.9321184715465
PROGRESS    Completed epoch 362 / 2000;    current loss: 0.2787729799747467
INFO Gradient norm: 123.16008995698537
PROGRESS    Completed epoch 363 / 2000;    current loss: 0.28938260674476624
INFO Gradient norm: 115.7620740041138
PROGRESS    Completed epoch 364 / 2000;    current loss: 0.28614282608032227
INFO Gradient norm: 95.0303092198167
PROGRESS    Completed epoch 365 / 2000;    current loss: 0.2747994065284729
INFO Gradient norm: 67.53953644755727
PROGRESS    Completed epoch 366 / 2000;    current loss: 0.26852789521217346
INFO Gradient norm: 142.35137891439186
PROGRESS    Completed epoch 367 / 2000;    current loss: 0.29937419295310974
INFO Gradient norm: 126.86367275857287
PROGRESS    Completed epoch 368 / 2000;    current loss: 0.2909957766532898
INFO Gradient norm: 86.94735972552012
PROGRESS    Completed epoch 369 / 2000;    current loss: 0.27200964093208313
INFO Gradient norm: 69.08526770712301
PROGRESS    Completed epoch 370 / 2000;    current loss: 0.2677707076072693
INFO Gradient norm: 133.54905378369392
PROGRESS    Completed epoch 371 / 2000;    current loss: 0.293862521648407
INFO Gradient norm: 113.76564975259708
PROGRESS    Completed epoch 372 / 2000;    current loss: 0.28392255306243896
INFO Gradient norm: 106.02415971429082
PROGRESS    Completed epoch 373 / 2000;    current loss: 0.27606168389320374
INFO Gradient norm: 90.2246469271784
PROGRESS    Completed epoch 374 / 2000;    current loss: 0.27138715982437134
INFO Gradient norm: 117.01630163519812
PROGRESS    Completed epoch 375 / 2000;    current loss: 0.2847888767719269
INFO Gradient norm: 98.61477107913082
PROGRESS    Completed epoch 376 / 2000;    current loss: 0.27683842182159424
INFO Gradient norm: 121.46223448673419
PROGRESS    Completed epoch 377 / 2000;    current loss: 0.28034836053848267
INFO Gradient norm: 102.61140603362308
PROGRESS    Completed epoch 378 / 2000;    current loss: 0.2741857171058655
INFO Gradient norm: 108.48407647036795
PROGRESS    Completed epoch 379 / 2000;    current loss: 0.280448853969574
INFO Gradient norm: 92.37214167045342
PROGRESS    Completed epoch 380 / 2000;    current loss: 0.27397915720939636
INFO Gradient norm: 124.41086011377307
PROGRESS    Completed epoch 381 / 2000;    current loss: 0.28106412291526794
INFO Gradient norm: 102.95586266423362
PROGRESS    Completed epoch 382 / 2000;    current loss: 0.2739386260509491
INFO Gradient norm: 108.13512720882368
PROGRESS    Completed epoch 383 / 2000;    current loss: 0.2800191044807434
INFO Gradient norm: 93.61942697583609
PROGRESS    Completed epoch 384 / 2000;    current loss: 0.27411115169525146
INFO Gradient norm: 118.83833747925888
PROGRESS    Completed epoch 385 / 2000;    current loss: 0.2789727449417114
INFO Gradient norm: 96.73497410709695
PROGRESS    Completed epoch 386 / 2000;    current loss: 0.27191776037216187
INFO Gradient norm: 111.33606812359965
PROGRESS    Completed epoch 387 / 2000;    current loss: 0.2813110947608948
INFO Gradient norm: 97.20644490133681
PROGRESS    Completed epoch 388 / 2000;    current loss: 0.27529701590538025
INFO Gradient norm: 111.95103988877759
PROGRESS    Completed epoch 389 / 2000;    current loss: 0.2765895128250122
INFO Gradient norm: 90.67838597910688
PROGRESS    Completed epoch 390 / 2000;    current loss: 0.27006593346595764
INFO Gradient norm: 113.73042116545942
PROGRESS    Completed epoch 391 / 2000;    current loss: 0.2823832929134369
INFO Gradient norm: 99.22178694251367
PROGRESS    Completed epoch 392 / 2000;    current loss: 0.2759716808795929
INFO Gradient norm: 108.31975747371898
PROGRESS    Completed epoch 393 / 2000;    current loss: 0.27534639835357666
INFO Gradient norm: 88.23756122174585
PROGRESS    Completed epoch 394 / 2000;    current loss: 0.2692801356315613
INFO Gradient norm: 113.64196415513135
PROGRESS    Completed epoch 395 / 2000;    current loss: 0.28228604793548584
INFO Gradient norm: 98.64094784486866
PROGRESS    Completed epoch 396 / 2000;    current loss: 0.2756398618221283
INFO Gradient norm: 108.38208117863203
PROGRESS    Completed epoch 397 / 2000;    current loss: 0.27527275681495667
INFO Gradient norm: 89.05069558758416
PROGRESS    Completed epoch 398 / 2000;    current loss: 0.26939141750335693
INFO Gradient norm: 111.7805898700049
PROGRESS    Completed epoch 399 / 2000;    current loss: 0.2813355326652527
INFO Gradient norm: 96.61884543317277
PROGRESS    Completed epoch 400 / 2000;    current loss: 0.2747229039669037
INFO Gradient norm: 110.03574148704747
PROGRESS    Completed epoch 401 / 2000;    current loss: 0.27572306990623474
INFO Gradient norm: 90.81288431510963
PROGRESS    Completed epoch 402 / 2000;    current loss: 0.26973938941955566
INFO Gradient norm: 109.64823538856463
PROGRESS    Completed epoch 403 / 2000;    current loss: 0.2802424430847168
INFO Gradient norm: 94.67269776428446
PROGRESS    Completed epoch 404 / 2000;    current loss: 0.2738253176212311
INFO Gradient norm: 111.24980115279881
PROGRESS    Completed epoch 405 / 2000;    current loss: 0.27602195739746094
INFO Gradient norm: 91.83478020982558
PROGRESS    Completed epoch 406 / 2000;    current loss: 0.26991206407546997
INFO Gradient norm: 108.28999420964647
PROGRESS    Completed epoch 407 / 2000;    current loss: 0.2795402407646179
INFO Gradient norm: 93.56775953374868
PROGRESS    Completed epoch 408 / 2000;    current loss: 0.2732659876346588
INFO Gradient norm: 111.20926576588553
PROGRESS    Completed epoch 409 / 2000;    current loss: 0.2759144902229309
INFO Gradient norm: 91.5718269631451
PROGRESS    Completed epoch 410 / 2000;    current loss: 0.2696990966796875
INFO Gradient norm: 107.80561947440592
PROGRESS    Completed epoch 411 / 2000;    current loss: 0.2792307734489441
INFO Gradient norm: 93.31952700275639
PROGRESS    Completed epoch 412 / 2000;    current loss: 0.2730751633644104
INFO Gradient norm: 110.24612284721876
PROGRESS    Completed epoch 413 / 2000;    current loss: 0.27549657225608826
INFO Gradient norm: 90.61514129498724
PROGRESS    Completed epoch 414 / 2000;    current loss: 0.26931998133659363
INFO Gradient norm: 107.69119148146267
PROGRESS    Completed epoch 415 / 2000;    current loss: 0.279121071100235
INFO Gradient norm: 93.28049053700227
PROGRESS    Completed epoch 416 / 2000;    current loss: 0.2729582190513611
INFO Gradient norm: 109.18037026577623
PROGRESS    Completed epoch 417 / 2000;    current loss: 0.2750733196735382
INFO Gradient norm: 89.74297823709088
PROGRESS    Completed epoch 418 / 2000;    current loss: 0.26895561814308167
INFO Gradient norm: 107.49225863805952
PROGRESS    Completed epoch 419 / 2000;    current loss: 0.278950035572052
INFO Gradient norm: 93.08740072024675
PROGRESS    Completed epoch 420 / 2000;    current loss: 0.272786945104599
INFO Gradient norm: 108.52777899507383
PROGRESS    Completed epoch 421 / 2000;    current loss: 0.2747912108898163
INFO Gradient norm: 89.25979586156645
PROGRESS    Completed epoch 422 / 2000;    current loss: 0.26872169971466064
INFO Gradient norm: 107.01466373494549
PROGRESS    Completed epoch 423 / 2000;    current loss: 0.2786903381347656
INFO Gradient norm: 92.60938319030338
PROGRESS    Completed epoch 424 / 2000;    current loss: 0.27251020073890686
INFO Gradient norm: 108.22874581650342
PROGRESS    Completed epoch 425 / 2000;    current loss: 0.2745973467826843
INFO Gradient norm: 89.14585915252425
PROGRESS    Completed epoch 426 / 2000;    current loss: 0.2685911953449249
INFO Gradient norm: 106.39345125664585
PROGRESS    Completed epoch 427 / 2000;    current loss: 0.278331995010376
INFO Gradient norm: 92.01467173395632
PROGRESS    Completed epoch 428 / 2000;    current loss: 0.272192120552063
INFO Gradient norm: 108.11292494420597
PROGRESS    Completed epoch 429 / 2000;    current loss: 0.27448952198028564
INFO Gradient norm: 89.05247894853488
PROGRESS    Completed epoch 430 / 2000;    current loss: 0.26847168803215027
INFO Gradient norm: 105.75775772798653
PROGRESS    Completed epoch 431 / 2000;    current loss: 0.277980774641037
INFO Gradient norm: 91.44810987409053
PROGRESS    Completed epoch 432 / 2000;    current loss: 0.2718924283981323
INFO Gradient norm: 107.9047584552986
PROGRESS    Completed epoch 433 / 2000;    current loss: 0.27435457706451416
INFO Gradient norm: 88.87510304837592
PROGRESS    Completed epoch 434 / 2000;    current loss: 0.2683331370353699
INFO Gradient norm: 105.23774453107966
PROGRESS    Completed epoch 435 / 2000;    current loss: 0.277701199054718
INFO Gradient norm: 91.01378347978678
PROGRESS    Completed epoch 436 / 2000;    current loss: 0.2716590464115143
INFO Gradient norm: 107.53649951825977
PROGRESS    Completed epoch 437 / 2000;    current loss: 0.2741650640964508
INFO Gradient norm: 88.57089626301139
PROGRESS    Completed epoch 438 / 2000;    current loss: 0.26818400621414185
INFO Gradient norm: 104.81304596626849
PROGRESS    Completed epoch 439 / 2000;    current loss: 0.2774559557437897
INFO Gradient norm: 90.63641006128172
PROGRESS    Completed epoch 440 / 2000;    current loss: 0.2714606523513794
INFO Gradient norm: 107.10589983165964
PROGRESS    Completed epoch 441 / 2000;    current loss: 0.2739887833595276
INFO Gradient norm: 88.21527680062728
PROGRESS    Completed epoch 442 / 2000;    current loss: 0.2680095136165619
INFO Gradient norm: 104.39389146037186
PROGRESS    Completed epoch 443 / 2000;    current loss: 0.2772301733493805
INFO Gradient norm: 90.26788952266836
PROGRESS    Completed epoch 444 / 2000;    current loss: 0.27125051617622375
INFO Gradient norm: 106.69742429019502
PROGRESS    Completed epoch 445 / 2000;    current loss: 0.27380073070526123
INFO Gradient norm: 87.89288657196923
PROGRESS    Completed epoch 446 / 2000;    current loss: 0.26784148812294006
INFO Gradient norm: 103.9820029638973
PROGRESS    Completed epoch 447 / 2000;    current loss: 0.277008593082428
INFO Gradient norm: 89.89507003298435
PROGRESS    Completed epoch 448 / 2000;    current loss: 0.27105188369750977
INFO Gradient norm: 106.35418871554339
PROGRESS    Completed epoch 449 / 2000;    current loss: 0.2736389636993408
INFO Gradient norm: 87.63616886352672
PROGRESS    Completed epoch 450 / 2000;    current loss: 0.2677235007286072
INFO Gradient norm: 103.52738246423527
PROGRESS    Completed epoch 451 / 2000;    current loss: 0.27678149938583374
INFO Gradient norm: 89.47536726815557
PROGRESS    Completed epoch 452 / 2000;    current loss: 0.27083662152290344
INFO Gradient norm: 106.04551965919507
PROGRESS    Completed epoch 453 / 2000;    current loss: 0.27349770069122314
INFO Gradient norm: 87.38442462601752
PROGRESS    Completed epoch 454 / 2000;    current loss: 0.26758816838264465
INFO Gradient norm: 103.07992078756911
PROGRESS    Completed epoch 455 / 2000;    current loss: 0.2765558958053589
INFO Gradient norm: 89.08031255443714
PROGRESS    Completed epoch 456 / 2000;    current loss: 0.27064749598503113
INFO Gradient norm: 105.73831337024981
PROGRESS    Completed epoch 457 / 2000;    current loss: 0.2733582556247711
INFO Gradient norm: 87.1558950519165
PROGRESS    Completed epoch 458 / 2000;    current loss: 0.2674528956413269
INFO Gradient norm: 102.63750748408403
PROGRESS    Completed epoch 459 / 2000;    current loss: 0.27633851766586304
INFO Gradient norm: 88.68230615809215
PROGRESS    Completed epoch 460 / 2000;    current loss: 0.2704542279243469
INFO Gradient norm: 105.42441977647042
PROGRESS    Completed epoch 461 / 2000;    current loss: 0.27323147654533386
INFO Gradient norm: 86.90774089714277
PROGRESS    Completed epoch 462 / 2000;    current loss: 0.2673551142215729
INFO Gradient norm: 102.21091704439394
PROGRESS    Completed epoch 463 / 2000;    current loss: 0.2761073708534241
INFO Gradient norm: 88.32168859605964
PROGRESS    Completed epoch 464 / 2000;    current loss: 0.27027541399002075
INFO Gradient norm: 105.09040213184029
PROGRESS    Completed epoch 465 / 2000;    current loss: 0.27308720350265503
INFO Gradient norm: 86.64660981874266
PROGRESS    Completed epoch 466 / 2000;    current loss: 0.2672237157821655
INFO Gradient norm: 101.82033023784089
PROGRESS    Completed epoch 467 / 2000;    current loss: 0.2759264409542084
INFO Gradient norm: 87.97378811783142
PROGRESS    Completed epoch 468 / 2000;    current loss: 0.27009958028793335
INFO Gradient norm: 104.74437625110967
PROGRESS    Completed epoch 469 / 2000;    current loss: 0.2729489803314209
INFO Gradient norm: 86.3722500224892
PROGRESS    Completed epoch 470 / 2000;    current loss: 0.267116904258728
INFO Gradient norm: 101.44237573254736
PROGRESS    Completed epoch 471 / 2000;    current loss: 0.2757425010204315
INFO Gradient norm: 87.6084835986435
PROGRESS    Completed epoch 472 / 2000;    current loss: 0.2699289619922638
INFO Gradient norm: 104.46283567511387
PROGRESS    Completed epoch 473 / 2000;    current loss: 0.2728089988231659
INFO Gradient norm: 86.15294298608566
PROGRESS    Completed epoch 474 / 2000;    current loss: 0.26700395345687866
INFO Gradient norm: 101.04455465934973
PROGRESS    Completed epoch 475 / 2000;    current loss: 0.2755425274372101
INFO Gradient norm: 87.27202584946103
PROGRESS    Completed epoch 476 / 2000;    current loss: 0.26976341009140015
INFO Gradient norm: 104.17575438712517
PROGRESS    Completed epoch 477 / 2000;    current loss: 0.2726958096027374
INFO Gradient norm: 85.91953138996656
PROGRESS    Completed epoch 478 / 2000;    current loss: 0.266886830329895
INFO Gradient norm: 100.64957376526193
PROGRESS    Completed epoch 479 / 2000;    current loss: 0.2753690779209137
INFO Gradient norm: 86.91304971996779
PROGRESS    Completed epoch 480 / 2000;    current loss: 0.26960164308547974
INFO Gradient norm: 103.87398835047856
PROGRESS    Completed epoch 481 / 2000;    current loss: 0.27257558703422546
INFO Gradient norm: 85.68674613839485
PROGRESS    Completed epoch 482 / 2000;    current loss: 0.2667918801307678
INFO Gradient norm: 100.27656535728677
PROGRESS    Completed epoch 483 / 2000;    current loss: 0.2751777470111847
INFO Gradient norm: 86.60142775889321
PROGRESS    Completed epoch 484 / 2000;    current loss: 0.26944252848625183
INFO Gradient norm: 103.59135679114641
PROGRESS    Completed epoch 485 / 2000;    current loss: 0.2724492847919464
INFO Gradient norm: 85.46044537458764
PROGRESS    Completed epoch 486 / 2000;    current loss: 0.26669278740882874
INFO Gradient norm: 99.90899959326575
PROGRESS    Completed epoch 487 / 2000;    current loss: 0.2750053107738495
INFO Gradient norm: 86.26402490212813
PROGRESS    Completed epoch 488 / 2000;    current loss: 0.26929712295532227
INFO Gradient norm: 103.29302379801993
PROGRESS    Completed epoch 489 / 2000;    current loss: 0.2723391652107239
INFO Gradient norm: 85.23279861225447
PROGRESS    Completed epoch 490 / 2000;    current loss: 0.26658982038497925
INFO Gradient norm: 99.56248938855141
PROGRESS    Completed epoch 491 / 2000;    current loss: 0.2748323976993561
INFO Gradient norm: 85.9442056584984
PROGRESS    Completed epoch 492 / 2000;    current loss: 0.2691553831100464
INFO Gradient norm: 103.01761241478692
PROGRESS    Completed epoch 493 / 2000;    current loss: 0.2722398340702057
INFO Gradient norm: 85.00803993113894
PROGRESS    Completed epoch 494 / 2000;    current loss: 0.2665024697780609
INFO Gradient norm: 99.19097619116022
PROGRESS    Completed epoch 495 / 2000;    current loss: 0.27465829253196716
INFO Gradient norm: 85.6279258819386
PROGRESS    Completed epoch 496 / 2000;    current loss: 0.2690145671367645
INFO Gradient norm: 102.725795776337
PROGRESS    Completed epoch 497 / 2000;    current loss: 0.2721274793148041
INFO Gradient norm: 84.7910837507973
PROGRESS    Completed epoch 498 / 2000;    current loss: 0.2663934826850891
INFO Gradient norm: 98.84722719391009
PROGRESS    Completed epoch 499 / 2000;    current loss: 0.2745012938976288
INFO Gradient norm: 85.31006071990944
PROGRESS    Completed epoch 500 / 2000;    current loss: 0.2688659429550171
INFO Gradient norm: 102.45746874578145
PROGRESS    Completed epoch 501 / 2000;    current loss: 0.2720092535018921
INFO Gradient norm: 84.57735867232444
PROGRESS    Completed epoch 502 / 2000;    current loss: 0.266317754983902
INFO Gradient norm: 98.49958558214597
PROGRESS    Completed epoch 503 / 2000;    current loss: 0.2743473947048187
INFO Gradient norm: 84.99614216748657
PROGRESS    Completed epoch 504 / 2000;    current loss: 0.2687111794948578
INFO Gradient norm: 102.20197362530942
PROGRESS    Completed epoch 505 / 2000;    current loss: 0.27191630005836487
INFO Gradient norm: 84.37383551437489
PROGRESS    Completed epoch 506 / 2000;    current loss: 0.26622146368026733
INFO Gradient norm: 98.16963150479012
PROGRESS    Completed epoch 507 / 2000;    current loss: 0.27417194843292236
INFO Gradient norm: 84.70969235878914
PROGRESS    Completed epoch 508 / 2000;    current loss: 0.26856932044029236
INFO Gradient norm: 101.92993432449931
PROGRESS    Completed epoch 509 / 2000;    current loss: 0.2718202471733093
INFO Gradient norm: 84.15283586837012
PROGRESS    Completed epoch 510 / 2000;    current loss: 0.2661351263523102
INFO Gradient norm: 97.85971992821702
PROGRESS    Completed epoch 511 / 2000;    current loss: 0.2740306854248047
INFO Gradient norm: 84.43064156670697
PROGRESS    Completed epoch 512 / 2000;    current loss: 0.2684473395347595
INFO Gradient norm: 101.65331068362379
PROGRESS    Completed epoch 513 / 2000;    current loss: 0.27171239256858826
INFO Gradient norm: 83.94066574992546
PROGRESS    Completed epoch 514 / 2000;    current loss: 0.26604539155960083
INFO Gradient norm: 97.52283758720942
PROGRESS    Completed epoch 515 / 2000;    current loss: 0.27386754751205444
INFO Gradient norm: 84.1451329859872
PROGRESS    Completed epoch 516 / 2000;    current loss: 0.2683258056640625
INFO Gradient norm: 101.40663011780809
PROGRESS    Completed epoch 517 / 2000;    current loss: 0.2716153562068939
INFO Gradient norm: 83.74490977518954
PROGRESS    Completed epoch 518 / 2000;    current loss: 0.26594993472099304
INFO Gradient norm: 97.21203089688487
PROGRESS    Completed epoch 519 / 2000;    current loss: 0.2737058699131012
INFO Gradient norm: 83.85894796566407
PROGRESS    Completed epoch 520 / 2000;    current loss: 0.2681799530982971
INFO Gradient norm: 101.15339923577842
PROGRESS    Completed epoch 521 / 2000;    current loss: 0.2715308964252472
INFO Gradient norm: 83.53539395095233
PROGRESS    Completed epoch 522 / 2000;    current loss: 0.2658717930316925
INFO Gradient norm: 96.9105967134156
PROGRESS    Completed epoch 523 / 2000;    current loss: 0.27358925342559814
INFO Gradient norm: 83.59270689150462
PROGRESS    Completed epoch 524 / 2000;    current loss: 0.2680635452270508
INFO Gradient norm: 100.90388250250409
PROGRESS    Completed epoch 525 / 2000;    current loss: 0.27141472697257996
INFO Gradient norm: 83.34146826537183
PROGRESS    Completed epoch 526 / 2000;    current loss: 0.26580312848091125
INFO Gradient norm: 96.59924581559619
PROGRESS    Completed epoch 527 / 2000;    current loss: 0.2734358012676239
INFO Gradient norm: 83.33393804924658
PROGRESS    Completed epoch 528 / 2000;    current loss: 0.26795297861099243
INFO Gradient norm: 100.6709271674109
PROGRESS    Completed epoch 529 / 2000;    current loss: 0.27132633328437805
INFO Gradient norm: 83.16149367113239
PROGRESS    Completed epoch 530 / 2000;    current loss: 0.26572751998901367
INFO Gradient norm: 96.30631675100787
PROGRESS    Completed epoch 531 / 2000;    current loss: 0.27329182624816895
INFO Gradient norm: 83.08164069423268
PROGRESS    Completed epoch 532 / 2000;    current loss: 0.267827570438385
INFO Gradient norm: 100.41176950005958
PROGRESS    Completed epoch 533 / 2000;    current loss: 0.27123942971229553
INFO Gradient norm: 82.94821176841252
PROGRESS    Completed epoch 534 / 2000;    current loss: 0.2656266987323761
INFO Gradient norm: 96.04587788775368
PROGRESS    Completed epoch 535 / 2000;    current loss: 0.2731665372848511
INFO Gradient norm: 82.8395548637133
PROGRESS    Completed epoch 536 / 2000;    current loss: 0.26772773265838623
INFO Gradient norm: 100.1757537545933
PROGRESS    Completed epoch 537 / 2000;    current loss: 0.2711341083049774
INFO Gradient norm: 82.76030543090926
PROGRESS    Completed epoch 538 / 2000;    current loss: 0.2655429542064667
INFO Gradient norm: 95.75703607893634
PROGRESS    Completed epoch 539 / 2000;    current loss: 0.27301180362701416
INFO Gradient norm: 82.58939704116206
PROGRESS    Completed epoch 540 / 2000;    current loss: 0.26758819818496704
INFO Gradient norm: 99.9270841409466
PROGRESS    Completed epoch 541 / 2000;    current loss: 0.27102193236351013
INFO Gradient norm: 82.57205758767519
PROGRESS    Completed epoch 542 / 2000;    current loss: 0.2654606103897095
INFO Gradient norm: 95.47336357676228
PROGRESS    Completed epoch 543 / 2000;    current loss: 0.2728846073150635
INFO Gradient norm: 82.35697411604158
PROGRESS    Completed epoch 544 / 2000;    current loss: 0.2674829661846161
INFO Gradient norm: 99.68685061364752
PROGRESS    Completed epoch 545 / 2000;    current loss: 0.2709382474422455
INFO Gradient norm: 82.36748739281272
PROGRESS    Completed epoch 546 / 2000;    current loss: 0.26538583636283875
INFO Gradient norm: 95.21179316847295
PROGRESS    Completed epoch 547 / 2000;    current loss: 0.27277082204818726
INFO Gradient norm: 82.12509076615875
PROGRESS    Completed epoch 548 / 2000;    current loss: 0.2673746943473816
INFO Gradient norm: 99.43754752226613
PROGRESS    Completed epoch 549 / 2000;    current loss: 0.27082955837249756
INFO Gradient norm: 82.19085252054225
PROGRESS    Completed epoch 550 / 2000;    current loss: 0.2652978003025055
INFO Gradient norm: 94.95368104014624
PROGRESS    Completed epoch 551 / 2000;    current loss: 0.27264028787612915
INFO Gradient norm: 81.87949314018897
PROGRESS    Completed epoch 552 / 2000;    current loss: 0.2672436833381653
INFO Gradient norm: 99.21678506868052
PROGRESS    Completed epoch 553 / 2000;    current loss: 0.27073028683662415
INFO Gradient norm: 82.00152745230531
PROGRESS    Completed epoch 554 / 2000;    current loss: 0.26521557569503784
INFO Gradient norm: 94.69436324754811
PROGRESS    Completed epoch 555 / 2000;    current loss: 0.27250418066978455
INFO Gradient norm: 81.64306514415328
PROGRESS    Completed epoch 556 / 2000;    current loss: 0.2671341300010681
INFO Gradient norm: 98.9851306539975
PROGRESS    Completed epoch 557 / 2000;    current loss: 0.27062657475471497
INFO Gradient norm: 81.81876167872478
PROGRESS    Completed epoch 558 / 2000;    current loss: 0.26512640714645386
INFO Gradient norm: 94.4315345918171
PROGRESS    Completed epoch 559 / 2000;    current loss: 0.2723664343357086
INFO Gradient norm: 81.42615113567166
PROGRESS    Completed epoch 560 / 2000;    current loss: 0.26703742146492004
INFO Gradient norm: 98.76530128179378
PROGRESS    Completed epoch 561 / 2000;    current loss: 0.2705404758453369
INFO Gradient norm: 81.63763558480582
PROGRESS    Completed epoch 562 / 2000;    current loss: 0.26505839824676514
INFO Gradient norm: 94.1812017599966
PROGRESS    Completed epoch 563 / 2000;    current loss: 0.2722697854042053
INFO Gradient norm: 81.21370250814893
PROGRESS    Completed epoch 564 / 2000;    current loss: 0.26694729924201965
INFO Gradient norm: 98.50687017152701
PROGRESS    Completed epoch 565 / 2000;    current loss: 0.27042606472969055
INFO Gradient norm: 81.42351769405693
PROGRESS    Completed epoch 566 / 2000;    current loss: 0.264952689409256
INFO Gradient norm: 93.95340626369584
PROGRESS    Completed epoch 567 / 2000;    current loss: 0.2721468210220337
INFO Gradient norm: 81.00847984263797
PROGRESS    Completed epoch 568 / 2000;    current loss: 0.26683035492897034
INFO Gradient norm: 98.29156885578568
PROGRESS    Completed epoch 569 / 2000;    current loss: 0.27033326029777527
INFO Gradient norm: 81.25938761908219
PROGRESS    Completed epoch 570 / 2000;    current loss: 0.2648691236972809
INFO Gradient norm: 93.7015448139153
PROGRESS    Completed epoch 571 / 2000;    current loss: 0.2720292806625366
INFO Gradient norm: 80.7845210234738
PROGRESS    Completed epoch 572 / 2000;    current loss: 0.26671603322029114
INFO Gradient norm: 98.06214052122218
PROGRESS    Completed epoch 573 / 2000;    current loss: 0.2702398896217346
INFO Gradient norm: 81.07485223198613
PROGRESS    Completed epoch 574 / 2000;    current loss: 0.26478588581085205
INFO Gradient norm: 93.46081339938533
PROGRESS    Completed epoch 575 / 2000;    current loss: 0.2718889117240906
INFO Gradient norm: 80.58239936054068
PROGRESS    Completed epoch 576 / 2000;    current loss: 0.2666241228580475
INFO Gradient norm: 97.85021427179755
PROGRESS    Completed epoch 577 / 2000;    current loss: 0.2701292335987091
INFO Gradient norm: 80.8996465653458
PROGRESS    Completed epoch 578 / 2000;    current loss: 0.26470354199409485
INFO Gradient norm: 93.20880850004133
PROGRESS    Completed epoch 579 / 2000;    current loss: 0.27175819873809814
INFO Gradient norm: 80.36158517512882
PROGRESS    Completed epoch 580 / 2000;    current loss: 0.26651838421821594
INFO Gradient norm: 97.6103385998154
PROGRESS    Completed epoch 581 / 2000;    current loss: 0.27002090215682983
INFO Gradient norm: 80.71383237142868
PROGRESS    Completed epoch 582 / 2000;    current loss: 0.2646195590496063
INFO Gradient norm: 92.99468995110476
PROGRESS    Completed epoch 583 / 2000;    current loss: 0.2716479003429413
INFO Gradient norm: 80.17690516309715
PROGRESS    Completed epoch 584 / 2000;    current loss: 0.2663975656032562
INFO Gradient norm: 97.37780276468035
PROGRESS    Completed epoch 585 / 2000;    current loss: 0.26991209387779236
INFO Gradient norm: 80.54312165559882
PROGRESS    Completed epoch 586 / 2000;    current loss: 0.2645285427570343
INFO Gradient norm: 92.75033708732488
PROGRESS    Completed epoch 587 / 2000;    current loss: 0.2715226411819458
INFO Gradient norm: 79.97113968454109
PROGRESS    Completed epoch 588 / 2000;    current loss: 0.26630017161369324
INFO Gradient norm: 97.16752530730598
PROGRESS    Completed epoch 589 / 2000;    current loss: 0.2698315680027008
INFO Gradient norm: 80.36650232829666
PROGRESS    Completed epoch 590 / 2000;    current loss: 0.2644385099411011
INFO Gradient norm: 92.53164361710182
PROGRESS    Completed epoch 591 / 2000;    current loss: 0.2714080512523651
INFO Gradient norm: 79.76416172239107
PROGRESS    Completed epoch 592 / 2000;    current loss: 0.26619356870651245
INFO Gradient norm: 96.95842337554302
PROGRESS    Completed epoch 593 / 2000;    current loss: 0.2697175443172455
INFO Gradient norm: 80.20662460154234
PROGRESS    Completed epoch 594 / 2000;    current loss: 0.2643551230430603
INFO Gradient norm: 92.30934542497438
PROGRESS    Completed epoch 595 / 2000;    current loss: 0.2712857127189636
INFO Gradient norm: 79.57050731753516
PROGRESS    Completed epoch 596 / 2000;    current loss: 0.26607826352119446
INFO Gradient norm: 96.72504319107288
PROGRESS    Completed epoch 597 / 2000;    current loss: 0.2696124315261841
INFO Gradient norm: 80.00608586549876
PROGRESS    Completed epoch 598 / 2000;    current loss: 0.2642700970172882
INFO Gradient norm: 92.07557848478388
PROGRESS    Completed epoch 599 / 2000;    current loss: 0.27116432785987854
INFO Gradient norm: 79.37732195561685
PROGRESS    Completed epoch 600 / 2000;    current loss: 0.26597508788108826
INFO Gradient norm: 96.51560006295409
PROGRESS    Completed epoch 601 / 2000;    current loss: 0.26950639486312866
INFO Gradient norm: 79.83860848272766
PROGRESS    Completed epoch 602 / 2000;    current loss: 0.2641792297363281
INFO Gradient norm: 91.86714009887312
PROGRESS    Completed epoch 603 / 2000;    current loss: 0.271039217710495
INFO Gradient norm: 79.18598065909141
PROGRESS    Completed epoch 604 / 2000;    current loss: 0.2658753991127014
INFO Gradient norm: 96.31363589367585
PROGRESS    Completed epoch 605 / 2000;    current loss: 0.2694152593612671
INFO Gradient norm: 79.6658782926188
PROGRESS    Completed epoch 606 / 2000;    current loss: 0.2640801668167114
INFO Gradient norm: 91.6461367525599
PROGRESS    Completed epoch 607 / 2000;    current loss: 0.27091509103775024
INFO Gradient norm: 79.00452576600458
PROGRESS    Completed epoch 608 / 2000;    current loss: 0.26577499508857727
INFO Gradient norm: 96.09342376780377
PROGRESS    Completed epoch 609 / 2000;    current loss: 0.26930779218673706
INFO Gradient norm: 79.50040450209922
PROGRESS    Completed epoch 610 / 2000;    current loss: 0.26399752497673035
INFO Gradient norm: 91.4317055774334
PROGRESS    Completed epoch 611 / 2000;    current loss: 0.27079978585243225
INFO Gradient norm: 78.80217244592436
PROGRESS    Completed epoch 612 / 2000;    current loss: 0.2656678259372711
INFO Gradient norm: 95.87470407467876
PROGRESS    Completed epoch 613 / 2000;    current loss: 0.26920244097709656
INFO Gradient norm: 79.313243938413
PROGRESS    Completed epoch 614 / 2000;    current loss: 0.2638983130455017
INFO Gradient norm: 91.23443000074639
PROGRESS    Completed epoch 615 / 2000;    current loss: 0.2707028388977051
INFO Gradient norm: 78.61660110622762
PROGRESS    Completed epoch 616 / 2000;    current loss: 0.26556432247161865
INFO Gradient norm: 95.65835960770231
PROGRESS    Completed epoch 617 / 2000;    current loss: 0.2690887153148651
INFO Gradient norm: 79.14686649783954
PROGRESS    Completed epoch 618 / 2000;    current loss: 0.2638126313686371
INFO Gradient norm: 91.00931284832839
PROGRESS    Completed epoch 619 / 2000;    current loss: 0.2705618143081665
INFO Gradient norm: 78.43291089648845
PROGRESS    Completed epoch 620 / 2000;    current loss: 0.265457421541214
INFO Gradient norm: 95.44117070690534
PROGRESS    Completed epoch 621 / 2000;    current loss: 0.2689812481403351
INFO Gradient norm: 78.9738265616666
PROGRESS    Completed epoch 622 / 2000;    current loss: 0.2637139558792114
INFO Gradient norm: 90.78849532498913
PROGRESS    Completed epoch 623 / 2000;    current loss: 0.27044087648391724
INFO Gradient norm: 78.25995500436173
PROGRESS    Completed epoch 624 / 2000;    current loss: 0.2653474807739258
INFO Gradient norm: 95.22682737378872
PROGRESS    Completed epoch 625 / 2000;    current loss: 0.268878698348999
INFO Gradient norm: 78.79570893612333
PROGRESS    Completed epoch 626 / 2000;    current loss: 0.2636209726333618
INFO Gradient norm: 90.5803825639571
PROGRESS    Completed epoch 627 / 2000;    current loss: 0.27030807733535767
INFO Gradient norm: 78.08273791649023
PROGRESS    Completed epoch 628 / 2000;    current loss: 0.2652464210987091
INFO Gradient norm: 95.02279213344316
PROGRESS    Completed epoch 629 / 2000;    current loss: 0.26876670122146606
INFO Gradient norm: 78.64399775329488
PROGRESS    Completed epoch 630 / 2000;    current loss: 0.2635357677936554
INFO Gradient norm: 90.37874480607978
PROGRESS    Completed epoch 631 / 2000;    current loss: 0.2702065110206604
INFO Gradient norm: 77.87842962553046
PROGRESS    Completed epoch 632 / 2000;    current loss: 0.2651199996471405
INFO Gradient norm: 94.80679756521704
PROGRESS    Completed epoch 633 / 2000;    current loss: 0.26866015791893005
INFO Gradient norm: 78.46170091321594
PROGRESS    Completed epoch 634 / 2000;    current loss: 0.2634314000606537
INFO Gradient norm: 90.16997615032953
PROGRESS    Completed epoch 635 / 2000;    current loss: 0.2700742781162262
INFO Gradient norm: 77.7241689690108
PROGRESS    Completed epoch 636 / 2000;    current loss: 0.2650357484817505
INFO Gradient norm: 94.5946188341156
PROGRESS    Completed epoch 637 / 2000;    current loss: 0.2685605585575104
INFO Gradient norm: 78.28347092120259
PROGRESS    Completed epoch 638 / 2000;    current loss: 0.2633366882801056
INFO Gradient norm: 89.96575153335503
PROGRESS    Completed epoch 639 / 2000;    current loss: 0.26995131373405457
INFO Gradient norm: 77.53387195494929
PROGRESS    Completed epoch 640 / 2000;    current loss: 0.2649196684360504
INFO Gradient norm: 94.40822194134104
PROGRESS    Completed epoch 641 / 2000;    current loss: 0.26845139265060425
INFO Gradient norm: 78.12914566576411
PROGRESS    Completed epoch 642 / 2000;    current loss: 0.26324263215065
INFO Gradient norm: 89.76037338272047
PROGRESS    Completed epoch 643 / 2000;    current loss: 0.2698321044445038
INFO Gradient norm: 77.3574316146558
PROGRESS    Completed epoch 644 / 2000;    current loss: 0.264814168214798
INFO Gradient norm: 94.18132297731005
PROGRESS    Completed epoch 645 / 2000;    current loss: 0.26834073662757874
INFO Gradient norm: 77.95542709525651
PROGRESS    Completed epoch 646 / 2000;    current loss: 0.26314008235931396
INFO Gradient norm: 89.54878482436536
PROGRESS    Completed epoch 647 / 2000;    current loss: 0.26970747113227844
INFO Gradient norm: 77.17971687123271
PROGRESS    Completed epoch 648 / 2000;    current loss: 0.26470327377319336
INFO Gradient norm: 93.97400945954107
PROGRESS    Completed epoch 649 / 2000;    current loss: 0.2682318389415741
INFO Gradient norm: 77.78732815598346
PROGRESS    Completed epoch 650 / 2000;    current loss: 0.2630569636821747
INFO Gradient norm: 89.34856736259616
PROGRESS    Completed epoch 651 / 2000;    current loss: 0.2695852518081665
INFO Gradient norm: 76.99962154526735
PROGRESS    Completed epoch 652 / 2000;    current loss: 0.26459506154060364
INFO Gradient norm: 93.76487132516635
PROGRESS    Completed epoch 653 / 2000;    current loss: 0.2681107521057129
INFO Gradient norm: 77.64108338323122
PROGRESS    Completed epoch 654 / 2000;    current loss: 0.26296138763427734
INFO Gradient norm: 89.1413661466368
PROGRESS    Completed epoch 655 / 2000;    current loss: 0.26945558190345764
INFO Gradient norm: 76.82179382492808
PROGRESS    Completed epoch 656 / 2000;    current loss: 0.26450398564338684
INFO Gradient norm: 93.56690344508073
PROGRESS    Completed epoch 657 / 2000;    current loss: 0.26800212264060974
INFO Gradient norm: 77.43577895590398
PROGRESS    Completed epoch 658 / 2000;    current loss: 0.2628582715988159
INFO Gradient norm: 88.94006490781541
PROGRESS    Completed epoch 659 / 2000;    current loss: 0.26934197545051575
INFO Gradient norm: 76.65223377498235
PROGRESS    Completed epoch 660 / 2000;    current loss: 0.2643839418888092
INFO Gradient norm: 93.35532263155203
PROGRESS    Completed epoch 661 / 2000;    current loss: 0.26788362860679626
INFO Gradient norm: 77.30240495114478
PROGRESS    Completed epoch 662 / 2000;    current loss: 0.26276445388793945
INFO Gradient norm: 88.74167282199289
PROGRESS    Completed epoch 663 / 2000;    current loss: 0.269212543964386
INFO Gradient norm: 76.47404185488956
PROGRESS    Completed epoch 664 / 2000;    current loss: 0.2642746865749359
INFO Gradient norm: 93.15676831427648
PROGRESS    Completed epoch 665 / 2000;    current loss: 0.2677857279777527
INFO Gradient norm: 77.13341838864447
PROGRESS    Completed epoch 666 / 2000;    current loss: 0.2626727819442749
INFO Gradient norm: 88.54032408667673
PROGRESS    Completed epoch 667 / 2000;    current loss: 0.26909396052360535
INFO Gradient norm: 76.3031223576424
PROGRESS    Completed epoch 668 / 2000;    current loss: 0.26416143774986267
INFO Gradient norm: 92.9410785990509
PROGRESS    Completed epoch 669 / 2000;    current loss: 0.2676528990268707
INFO Gradient norm: 76.97681903062454
PROGRESS    Completed epoch 670 / 2000;    current loss: 0.26257187128067017
INFO Gradient norm: 88.33600782721322
PROGRESS    Completed epoch 671 / 2000;    current loss: 0.26896002888679504
INFO Gradient norm: 76.13118861363479
PROGRESS    Completed epoch 672 / 2000;    current loss: 0.2640466094017029
INFO Gradient norm: 92.72980628081064
PROGRESS    Completed epoch 673 / 2000;    current loss: 0.2675415277481079
INFO Gradient norm: 76.82126131433054
PROGRESS    Completed epoch 674 / 2000;    current loss: 0.2624671757221222
INFO Gradient norm: 88.13484103301646
PROGRESS    Completed epoch 675 / 2000;    current loss: 0.2688283324241638
INFO Gradient norm: 75.95311908284188
PROGRESS    Completed epoch 676 / 2000;    current loss: 0.2639327943325043
INFO Gradient norm: 92.53444906417067
PROGRESS    Completed epoch 677 / 2000;    current loss: 0.26743239164352417
INFO Gradient norm: 76.6475933848664
PROGRESS    Completed epoch 678 / 2000;    current loss: 0.2623699903488159
INFO Gradient norm: 87.94969231124868
PROGRESS    Completed epoch 679 / 2000;    current loss: 0.26871252059936523
INFO Gradient norm: 75.78505290309705
PROGRESS    Completed epoch 680 / 2000;    current loss: 0.26382359862327576
INFO Gradient norm: 92.32324886592761
PROGRESS    Completed epoch 681 / 2000;    current loss: 0.26731234788894653
INFO Gradient norm: 76.47432979102341
PROGRESS    Completed epoch 682 / 2000;    current loss: 0.2622784972190857
INFO Gradient norm: 87.75069550567707
PROGRESS    Completed epoch 683 / 2000;    current loss: 0.26858511567115784
INFO Gradient norm: 75.6158910336006
PROGRESS    Completed epoch 684 / 2000;    current loss: 0.2637193202972412
INFO Gradient norm: 92.13201708801964
PROGRESS    Completed epoch 685 / 2000;    current loss: 0.26721423864364624
INFO Gradient norm: 76.32703171367721
PROGRESS    Completed epoch 686 / 2000;    current loss: 0.2621799111366272
INFO Gradient norm: 87.54693897343047
PROGRESS    Completed epoch 687 / 2000;    current loss: 0.2684554159641266
INFO Gradient norm: 75.44370772594212
PROGRESS    Completed epoch 688 / 2000;    current loss: 0.26360446214675903
INFO Gradient norm: 91.92192629980751
PROGRESS    Completed epoch 689 / 2000;    current loss: 0.2670535743236542
INFO Gradient norm: 76.16375431528644
PROGRESS    Completed epoch 690 / 2000;    current loss: 0.2620384991168976
INFO Gradient norm: 87.34824054131963
PROGRESS    Completed epoch 691 / 2000;    current loss: 0.2683221399784088
INFO Gradient norm: 75.28296564034255
PROGRESS    Completed epoch 692 / 2000;    current loss: 0.26349183917045593
INFO Gradient norm: 91.72990614981589
PROGRESS    Completed epoch 693 / 2000;    current loss: 0.26694023609161377
INFO Gradient norm: 75.99684907868499
PROGRESS    Completed epoch 694 / 2000;    current loss: 0.261929988861084
INFO Gradient norm: 87.13772995818354
PROGRESS    Completed epoch 695 / 2000;    current loss: 0.2681867480278015
INFO Gradient norm: 75.0930612318224
PROGRESS    Completed epoch 696 / 2000;    current loss: 0.26337409019470215
INFO Gradient norm: 91.51869564642888
PROGRESS    Completed epoch 697 / 2000;    current loss: 0.2668185234069824
INFO Gradient norm: 75.84385686395213
PROGRESS    Completed epoch 698 / 2000;    current loss: 0.2618364989757538
INFO Gradient norm: 86.96154652568752
PROGRESS    Completed epoch 699 / 2000;    current loss: 0.2680814266204834
INFO Gradient norm: 74.92996883925669
PROGRESS    Completed epoch 700 / 2000;    current loss: 0.2632383406162262
INFO Gradient norm: 91.3090425611865
PROGRESS    Completed epoch 701 / 2000;    current loss: 0.26669880747795105
INFO Gradient norm: 75.66217970979281
PROGRESS    Completed epoch 702 / 2000;    current loss: 0.261736661195755
INFO Gradient norm: 86.75158016090401
PROGRESS    Completed epoch 703 / 2000;    current loss: 0.2679220139980316
INFO Gradient norm: 74.7682988964051
PROGRESS    Completed epoch 704 / 2000;    current loss: 0.2631250321865082
INFO Gradient norm: 91.09028475992676
PROGRESS    Completed epoch 705 / 2000;    current loss: 0.26657208800315857
INFO Gradient norm: 75.49582243752882
PROGRESS    Completed epoch 706 / 2000;    current loss: 0.2616291344165802
INFO Gradient norm: 86.5672345009126
PROGRESS    Completed epoch 707 / 2000;    current loss: 0.2677941620349884
INFO Gradient norm: 74.59800078472962
PROGRESS    Completed epoch 708 / 2000;    current loss: 0.26302430033683777
INFO Gradient norm: 90.90957480424889
PROGRESS    Completed epoch 709 / 2000;    current loss: 0.26646333932876587
INFO Gradient norm: 75.34533060616815
PROGRESS    Completed epoch 710 / 2000;    current loss: 0.2615368366241455
INFO Gradient norm: 86.36591623075942
PROGRESS    Completed epoch 711 / 2000;    current loss: 0.26764798164367676
INFO Gradient norm: 74.42569699753057
PROGRESS    Completed epoch 712 / 2000;    current loss: 0.2628963887691498
INFO Gradient norm: 90.70009119237741
PROGRESS    Completed epoch 713 / 2000;    current loss: 0.26633328199386597
INFO Gradient norm: 75.18194910095157
PROGRESS    Completed epoch 714 / 2000;    current loss: 0.2614196836948395
INFO Gradient norm: 86.16198864715163
PROGRESS    Completed epoch 715 / 2000;    current loss: 0.2675246596336365
INFO Gradient norm: 74.25353291542717
PROGRESS    Completed epoch 716 / 2000;    current loss: 0.26278847455978394
INFO Gradient norm: 90.48925552437613
PROGRESS    Completed epoch 717 / 2000;    current loss: 0.2662147581577301
INFO Gradient norm: 75.01463488584794
PROGRESS    Completed epoch 718 / 2000;    current loss: 0.26130950450897217
INFO Gradient norm: 85.97490047149846
PROGRESS    Completed epoch 719 / 2000;    current loss: 0.2673967778682709
INFO Gradient norm: 74.09632575603939
PROGRESS    Completed epoch 720 / 2000;    current loss: 0.2626742720603943
INFO Gradient norm: 90.28583446128333
PROGRESS    Completed epoch 721 / 2000;    current loss: 0.26609039306640625
INFO Gradient norm: 74.86473205188594
PROGRESS    Completed epoch 722 / 2000;    current loss: 0.2612040340900421
INFO Gradient norm: 85.76763888818093
PROGRESS    Completed epoch 723 / 2000;    current loss: 0.2672496438026428
INFO Gradient norm: 73.92443956164233
PROGRESS    Completed epoch 724 / 2000;    current loss: 0.2625481188297272
INFO Gradient norm: 90.07948418894978
PROGRESS    Completed epoch 725 / 2000;    current loss: 0.2659635543823242
INFO Gradient norm: 74.68817568275638
PROGRESS    Completed epoch 726 / 2000;    current loss: 0.2610890567302704
INFO Gradient norm: 85.57351615989752
PROGRESS    Completed epoch 727 / 2000;    current loss: 0.2671336531639099
INFO Gradient norm: 73.74846507920478
PROGRESS    Completed epoch 728 / 2000;    current loss: 0.2624271810054779
INFO Gradient norm: 89.877957289908
PROGRESS    Completed epoch 729 / 2000;    current loss: 0.26583781838417053
INFO Gradient norm: 74.54855519031695
PROGRESS    Completed epoch 730 / 2000;    current loss: 0.2609953284263611
INFO Gradient norm: 85.3853321117794
PROGRESS    Completed epoch 731 / 2000;    current loss: 0.2670014500617981
INFO Gradient norm: 73.57655524086898
PROGRESS    Completed epoch 732 / 2000;    current loss: 0.26231956481933594
INFO Gradient norm: 89.68878904972013
PROGRESS    Completed epoch 733 / 2000;    current loss: 0.2657277584075928
INFO Gradient norm: 74.37701315341283
PROGRESS    Completed epoch 734 / 2000;    current loss: 0.2608901858329773
INFO Gradient norm: 85.20636268532678
PROGRESS    Completed epoch 735 / 2000;    current loss: 0.26686400175094604
INFO Gradient norm: 73.4292470199686
PROGRESS    Completed epoch 736 / 2000;    current loss: 0.2622029781341553
INFO Gradient norm: 89.47865781755668
PROGRESS    Completed epoch 737 / 2000;    current loss: 0.26558905839920044
INFO Gradient norm: 74.19601049224859
PROGRESS    Completed epoch 738 / 2000;    current loss: 0.26076433062553406
INFO Gradient norm: 85.00261741900607
PROGRESS    Completed epoch 739 / 2000;    current loss: 0.26672813296318054
INFO Gradient norm: 73.26422165758201
PROGRESS    Completed epoch 740 / 2000;    current loss: 0.2620972990989685
INFO Gradient norm: 89.2692393955169
PROGRESS    Completed epoch 741 / 2000;    current loss: 0.2654675245285034
INFO Gradient norm: 74.03884334997818
PROGRESS    Completed epoch 742 / 2000;    current loss: 0.2606533467769623
INFO Gradient norm: 84.80509321207968
PROGRESS    Completed epoch 743 / 2000;    current loss: 0.26660165190696716
INFO Gradient norm: 73.08599905770326
PROGRESS    Completed epoch 744 / 2000;    current loss: 0.2619488835334778
INFO Gradient norm: 89.06767753305405
PROGRESS    Completed epoch 745 / 2000;    current loss: 0.2653297483921051
INFO Gradient norm: 73.87930634293055
PROGRESS    Completed epoch 746 / 2000;    current loss: 0.26054346561431885
INFO Gradient norm: 84.61189622539567
PROGRESS    Completed epoch 747 / 2000;    current loss: 0.26644963026046753
INFO Gradient norm: 72.93250058325974
PROGRESS    Completed epoch 748 / 2000;    current loss: 0.26184380054473877
INFO Gradient norm: 88.86811096177695
PROGRESS    Completed epoch 749 / 2000;    current loss: 0.2652042508125305
INFO Gradient norm: 73.71304534247868
PROGRESS    Completed epoch 750 / 2000;    current loss: 0.26043015718460083
INFO Gradient norm: 84.41783306938474
PROGRESS    Completed epoch 751 / 2000;    current loss: 0.2663159966468811
INFO Gradient norm: 72.75243548578904
PROGRESS    Completed epoch 752 / 2000;    current loss: 0.26172083616256714
INFO Gradient norm: 88.65988219596103
PROGRESS    Completed epoch 753 / 2000;    current loss: 0.2650900185108185
INFO Gradient norm: 73.56144078402117
PROGRESS    Completed epoch 754 / 2000;    current loss: 0.26032036542892456
INFO Gradient norm: 84.22751775490833
PROGRESS    Completed epoch 755 / 2000;    current loss: 0.26619088649749756
INFO Gradient norm: 72.60131695476174
PROGRESS    Completed epoch 756 / 2000;    current loss: 0.26160216331481934
INFO Gradient norm: 88.44485549527732
PROGRESS    Completed epoch 757 / 2000;    current loss: 0.264946848154068
INFO Gradient norm: 73.36628331300716
PROGRESS    Completed epoch 758 / 2000;    current loss: 0.2602076232433319
INFO Gradient norm: 84.03449007066658
PROGRESS    Completed epoch 759 / 2000;    current loss: 0.26605671644210815
INFO Gradient norm: 72.42940091872732
PROGRESS    Completed epoch 760 / 2000;    current loss: 0.2614766061306
INFO Gradient norm: 88.24237782255005
PROGRESS    Completed epoch 761 / 2000;    current loss: 0.2648276686668396
INFO Gradient norm: 73.21677585512766
PROGRESS    Completed epoch 762 / 2000;    current loss: 0.2600979208946228
INFO Gradient norm: 83.84857817214134
PROGRESS    Completed epoch 763 / 2000;    current loss: 0.26590871810913086
INFO Gradient norm: 72.27281102271375
PROGRESS    Completed epoch 764 / 2000;    current loss: 0.26135772466659546
INFO Gradient norm: 88.0242153573577
PROGRESS    Completed epoch 765 / 2000;    current loss: 0.26468873023986816
INFO Gradient norm: 73.0447705089533
PROGRESS    Completed epoch 766 / 2000;    current loss: 0.2599843442440033
INFO Gradient norm: 83.64819734348237
PROGRESS    Completed epoch 767 / 2000;    current loss: 0.26578983664512634
INFO Gradient norm: 72.09316566802065
PROGRESS    Completed epoch 768 / 2000;    current loss: 0.2612447738647461
INFO Gradient norm: 87.81170785609451
PROGRESS    Completed epoch 769 / 2000;    current loss: 0.2645520567893982
INFO Gradient norm: 72.87209666706615
PROGRESS    Completed epoch 770 / 2000;    current loss: 0.25986725091934204
INFO Gradient norm: 83.45754376608822
PROGRESS    Completed epoch 771 / 2000;    current loss: 0.26565054059028625
INFO Gradient norm: 71.92055323456145
PROGRESS    Completed epoch 772 / 2000;    current loss: 0.26110875606536865
INFO Gradient norm: 87.62140802260959
PROGRESS    Completed epoch 773 / 2000;    current loss: 0.26443952322006226
INFO Gradient norm: 72.71303377170362
PROGRESS    Completed epoch 774 / 2000;    current loss: 0.2597592771053314
INFO Gradient norm: 83.24849993972887
PROGRESS    Completed epoch 775 / 2000;    current loss: 0.2654956579208374
INFO Gradient norm: 71.75235568642962
PROGRESS    Completed epoch 776 / 2000;    current loss: 0.26099058985710144
INFO Gradient norm: 87.3896082317554
PROGRESS    Completed epoch 777 / 2000;    current loss: 0.2643040716648102
INFO Gradient norm: 72.52692605191298
PROGRESS    Completed epoch 778 / 2000;    current loss: 0.25964415073394775
INFO Gradient norm: 83.05075140717332
PROGRESS    Completed epoch 779 / 2000;    current loss: 0.26536253094673157
INFO Gradient norm: 71.5959287619566
PROGRESS    Completed epoch 780 / 2000;    current loss: 0.2608775794506073
INFO Gradient norm: 87.18333547660376
PROGRESS    Completed epoch 781 / 2000;    current loss: 0.26415783166885376
INFO Gradient norm: 72.35992137567507
PROGRESS    Completed epoch 782 / 2000;    current loss: 0.2595252990722656
INFO Gradient norm: 82.86096982223397
PROGRESS    Completed epoch 783 / 2000;    current loss: 0.26521220803260803
INFO Gradient norm: 71.42935591013122
PROGRESS    Completed epoch 784 / 2000;    current loss: 0.26074421405792236
INFO Gradient norm: 86.9712049131218
PROGRESS    Completed epoch 785 / 2000;    current loss: 0.2640221416950226
INFO Gradient norm: 72.19490651661559
PROGRESS    Completed epoch 786 / 2000;    current loss: 0.2594124376773834
INFO Gradient norm: 82.66823904051357
PROGRESS    Completed epoch 787 / 2000;    current loss: 0.26508206129074097
INFO Gradient norm: 71.26534162270354
PROGRESS    Completed epoch 788 / 2000;    current loss: 0.2606276571750641
INFO Gradient norm: 86.74359011221853
PROGRESS    Completed epoch 789 / 2000;    current loss: 0.26390424370765686
INFO Gradient norm: 72.02871675443387
PROGRESS    Completed epoch 790 / 2000;    current loss: 0.2592737078666687
INFO Gradient norm: 82.46255187681145
PROGRESS    Completed epoch 791 / 2000;    current loss: 0.26495224237442017
INFO Gradient norm: 71.09778126946739
PROGRESS    Completed epoch 792 / 2000;    current loss: 0.2604958117008209
INFO Gradient norm: 86.53416558657962
PROGRESS    Completed epoch 793 / 2000;    current loss: 0.2637527287006378
INFO Gradient norm: 71.8494801656561
PROGRESS    Completed epoch 794 / 2000;    current loss: 0.2591780126094818
INFO Gradient norm: 82.26981848373555
PROGRESS    Completed epoch 795 / 2000;    current loss: 0.26479610800743103
INFO Gradient norm: 70.91479013897475
PROGRESS    Completed epoch 796 / 2000;    current loss: 0.2603701651096344
INFO Gradient norm: 86.30776702258488
PROGRESS    Completed epoch 797 / 2000;    current loss: 0.26361849904060364
INFO Gradient norm: 71.68220151474345
PROGRESS    Completed epoch 798 / 2000;    current loss: 0.2590445280075073
INFO Gradient norm: 82.07726221763527
PROGRESS    Completed epoch 799 / 2000;    current loss: 0.26465311646461487
INFO Gradient norm: 70.75127315177198
PROGRESS    Completed epoch 800 / 2000;    current loss: 0.26024043560028076
INFO Gradient norm: 86.10143780281086
PROGRESS    Completed epoch 801 / 2000;    current loss: 0.2634832561016083
INFO Gradient norm: 71.51488299918225
PROGRESS    Completed epoch 802 / 2000;    current loss: 0.2589283585548401
INFO Gradient norm: 81.87474305801292
PROGRESS    Completed epoch 803 / 2000;    current loss: 0.2645163834095001
INFO Gradient norm: 70.59558306311226
PROGRESS    Completed epoch 804 / 2000;    current loss: 0.26012951135635376
INFO Gradient norm: 85.87159818079904
PROGRESS    Completed epoch 805 / 2000;    current loss: 0.2633417844772339
INFO Gradient norm: 71.33199295089756
PROGRESS    Completed epoch 806 / 2000;    current loss: 0.25879916548728943
INFO Gradient norm: 81.67816838064948
PROGRESS    Completed epoch 807 / 2000;    current loss: 0.26436886191368103
INFO Gradient norm: 70.39434408946374
PROGRESS    Completed epoch 808 / 2000;    current loss: 0.25999361276626587
INFO Gradient norm: 85.6832209822633
PROGRESS    Completed epoch 809 / 2000;    current loss: 0.26321035623550415
INFO Gradient norm: 71.16688965095115
PROGRESS    Completed epoch 810 / 2000;    current loss: 0.258688747882843
INFO Gradient norm: 81.45678803520507
PROGRESS    Completed epoch 811 / 2000;    current loss: 0.26422178745269775
INFO Gradient norm: 70.21334677720628
PROGRESS    Completed epoch 812 / 2000;    current loss: 0.2598702907562256
INFO Gradient norm: 85.45839075463604
PROGRESS    Completed epoch 813 / 2000;    current loss: 0.2630762457847595
INFO Gradient norm: 71.0007631691543
PROGRESS    Completed epoch 814 / 2000;    current loss: 0.2585827112197876
INFO Gradient norm: 81.25632115827858
PROGRESS    Completed epoch 815 / 2000;    current loss: 0.26408785581588745
INFO Gradient norm: 70.06828983428062
PROGRESS    Completed epoch 816 / 2000;    current loss: 0.25975263118743896
INFO Gradient norm: 85.22888480438924
PROGRESS    Completed epoch 817 / 2000;    current loss: 0.26293283700942993
INFO Gradient norm: 70.82016427312519
PROGRESS    Completed epoch 818 / 2000;    current loss: 0.25845327973365784
INFO Gradient norm: 81.06722847461602
PROGRESS    Completed epoch 819 / 2000;    current loss: 0.2639273405075073
INFO Gradient norm: 69.8934671103335
PROGRESS    Completed epoch 820 / 2000;    current loss: 0.25959840416908264
INFO Gradient norm: 85.01545045316993
PROGRESS    Completed epoch 821 / 2000;    current loss: 0.2627967894077301
INFO Gradient norm: 70.64243163087372
PROGRESS    Completed epoch 822 / 2000;    current loss: 0.25831571221351624
INFO Gradient norm: 80.8446264246222
PROGRESS    Completed epoch 823 / 2000;    current loss: 0.2637743055820465
INFO Gradient norm: 69.71263882224268
PROGRESS    Completed epoch 824 / 2000;    current loss: 0.25948065519332886
INFO Gradient norm: 84.80153506231912
PROGRESS    Completed epoch 825 / 2000;    current loss: 0.26265525817871094
INFO Gradient norm: 70.46039063282315
PROGRESS    Completed epoch 826 / 2000;    current loss: 0.2582060396671295
INFO Gradient norm: 80.6411083464811
PROGRESS    Completed epoch 827 / 2000;    current loss: 0.26361703872680664
INFO Gradient norm: 69.54697016877888
PROGRESS    Completed epoch 828 / 2000;    current loss: 0.25933873653411865
INFO Gradient norm: 84.59445766058973
PROGRESS    Completed epoch 829 / 2000;    current loss: 0.2625099718570709
INFO Gradient norm: 70.29450120409935
PROGRESS    Completed epoch 830 / 2000;    current loss: 0.25808241963386536
INFO Gradient norm: 80.43036433842211
PROGRESS    Completed epoch 831 / 2000;    current loss: 0.263480544090271
INFO Gradient norm: 69.36163814661958
PROGRESS    Completed epoch 832 / 2000;    current loss: 0.2591949999332428
INFO Gradient norm: 84.37463678607942
PROGRESS    Completed epoch 833 / 2000;    current loss: 0.2623826861381531
INFO Gradient norm: 70.12033121650785
PROGRESS    Completed epoch 834 / 2000;    current loss: 0.257953017950058
INFO Gradient norm: 80.235428861164
PROGRESS    Completed epoch 835 / 2000;    current loss: 0.26331859827041626
INFO Gradient norm: 69.18669846331895
PROGRESS    Completed epoch 836 / 2000;    current loss: 0.2590738832950592
INFO Gradient norm: 84.1583550291174
PROGRESS    Completed epoch 837 / 2000;    current loss: 0.2622203528881073
INFO Gradient norm: 69.94639257076695
PROGRESS    Completed epoch 838 / 2000;    current loss: 0.25782060623168945
INFO Gradient norm: 80.04270987202374
PROGRESS    Completed epoch 839 / 2000;    current loss: 0.2631884217262268
INFO Gradient norm: 69.00256335280443
PROGRESS    Completed epoch 840 / 2000;    current loss: 0.2589385211467743
INFO Gradient norm: 83.95165324842905
PROGRESS    Completed epoch 841 / 2000;    current loss: 0.2620903551578522
INFO Gradient norm: 69.77049737281293
PROGRESS    Completed epoch 842 / 2000;    current loss: 0.25770795345306396
INFO Gradient norm: 79.83848739411108
PROGRESS    Completed epoch 843 / 2000;    current loss: 0.2630319893360138
INFO Gradient norm: 68.8227066856928
PROGRESS    Completed epoch 844 / 2000;    current loss: 0.2588033080101013
INFO Gradient norm: 83.70827636922834
PROGRESS    Completed epoch 845 / 2000;    current loss: 0.2619389295578003
INFO Gradient norm: 69.60543048040448
PROGRESS    Completed epoch 846 / 2000;    current loss: 0.2575821578502655
INFO Gradient norm: 79.62023471192467
PROGRESS    Completed epoch 847 / 2000;    current loss: 0.2628742754459381
INFO Gradient norm: 68.66039388390838
PROGRESS    Completed epoch 848 / 2000;    current loss: 0.25868725776672363
INFO Gradient norm: 83.49536697457317
PROGRESS    Completed epoch 849 / 2000;    current loss: 0.26180747151374817
INFO Gradient norm: 69.4391389038019
PROGRESS    Completed epoch 850 / 2000;    current loss: 0.25745636224746704
INFO Gradient norm: 79.42956833793215
PROGRESS    Completed epoch 851 / 2000;    current loss: 0.2627318203449249
INFO Gradient norm: 68.4810936602392
PROGRESS    Completed epoch 852 / 2000;    current loss: 0.25854554772377014
INFO Gradient norm: 83.28007771381895
PROGRESS    Completed epoch 853 / 2000;    current loss: 0.26165634393692017
INFO Gradient norm: 69.26259510163227
PROGRESS    Completed epoch 854 / 2000;    current loss: 0.25734075903892517
INFO Gradient norm: 79.21130803374943
PROGRESS    Completed epoch 855 / 2000;    current loss: 0.26257744431495667
INFO Gradient norm: 68.31261830502292
PROGRESS    Completed epoch 856 / 2000;    current loss: 0.25841644406318665
INFO Gradient norm: 83.05741332048292
PROGRESS    Completed epoch 857 / 2000;    current loss: 0.2615090608596802
INFO Gradient norm: 69.09485156867976
PROGRESS    Completed epoch 858 / 2000;    current loss: 0.2571995258331299
INFO Gradient norm: 79.00076367675345
PROGRESS    Completed epoch 859 / 2000;    current loss: 0.26243096590042114
INFO Gradient norm: 68.13263660441991
PROGRESS    Completed epoch 860 / 2000;    current loss: 0.2582800090312958
INFO Gradient norm: 82.8410564959702
PROGRESS    Completed epoch 861 / 2000;    current loss: 0.2613673508167267
INFO Gradient norm: 68.91139854710367
PROGRESS    Completed epoch 862 / 2000;    current loss: 0.2570648789405823
INFO Gradient norm: 78.79762351220369
PROGRESS    Completed epoch 863 / 2000;    current loss: 0.2622734606266022
INFO Gradient norm: 67.94834657392491
PROGRESS    Completed epoch 864 / 2000;    current loss: 0.2581332325935364
INFO Gradient norm: 82.6063852975288
PROGRESS    Completed epoch 865 / 2000;    current loss: 0.2612123191356659
INFO Gradient norm: 68.73078320491067
PROGRESS    Completed epoch 866 / 2000;    current loss: 0.25695309042930603
INFO Gradient norm: 78.59538345487994
PROGRESS    Completed epoch 867 / 2000;    current loss: 0.2621312439441681
INFO Gradient norm: 67.77517597522439
PROGRESS    Completed epoch 868 / 2000;    current loss: 0.2579991817474365
INFO Gradient norm: 82.39563362847916
PROGRESS    Completed epoch 869 / 2000;    current loss: 0.26107099652290344
INFO Gradient norm: 68.5774942730824
PROGRESS    Completed epoch 870 / 2000;    current loss: 0.2568455636501312
INFO Gradient norm: 78.3667493256781
PROGRESS    Completed epoch 871 / 2000;    current loss: 0.26195892691612244
INFO Gradient norm: 67.59528993943536
PROGRESS    Completed epoch 872 / 2000;    current loss: 0.2578635513782501
INFO Gradient norm: 82.18949818953796
PROGRESS    Completed epoch 873 / 2000;    current loss: 0.2609425485134125
INFO Gradient norm: 68.37888257899426
PROGRESS    Completed epoch 874 / 2000;    current loss: 0.2566958963871002
INFO Gradient norm: 78.16453331775986
PROGRESS    Completed epoch 875 / 2000;    current loss: 0.26179131865501404
INFO Gradient norm: 67.41039764739946
PROGRESS    Completed epoch 876 / 2000;    current loss: 0.25771841406822205
INFO Gradient norm: 81.95994914756328
PROGRESS    Completed epoch 877 / 2000;    current loss: 0.2607853412628174
INFO Gradient norm: 68.20761953477884
PROGRESS    Completed epoch 878 / 2000;    current loss: 0.25657108426094055
INFO Gradient norm: 77.96463528636991
PROGRESS    Completed epoch 879 / 2000;    current loss: 0.261667400598526
INFO Gradient norm: 67.25345802764993
PROGRESS    Completed epoch 880 / 2000;    current loss: 0.25758811831474304
INFO Gradient norm: 81.73387378970855
PROGRESS    Completed epoch 881 / 2000;    current loss: 0.26063451170921326
INFO Gradient norm: 68.04970159971018
PROGRESS    Completed epoch 882 / 2000;    current loss: 0.2564375102519989
INFO Gradient norm: 77.74775735947347
PROGRESS    Completed epoch 883 / 2000;    current loss: 0.26150819659233093
INFO Gradient norm: 67.05782285856374
PROGRESS    Completed epoch 884 / 2000;    current loss: 0.25746041536331177
INFO Gradient norm: 81.50591537351018
PROGRESS    Completed epoch 885 / 2000;    current loss: 0.26049837470054626
INFO Gradient norm: 67.85872025609939
PROGRESS    Completed epoch 886 / 2000;    current loss: 0.25629544258117676
INFO Gradient norm: 77.53615439242535
PROGRESS    Completed epoch 887 / 2000;    current loss: 0.261343389749527
INFO Gradient norm: 66.87480478953373
PROGRESS    Completed epoch 888 / 2000;    current loss: 0.2572983503341675
INFO Gradient norm: 81.28722983490185
PROGRESS    Completed epoch 889 / 2000;    current loss: 0.2603311836719513
INFO Gradient norm: 67.69244581795455
PROGRESS    Completed epoch 890 / 2000;    current loss: 0.256175696849823
INFO Gradient norm: 77.32197475759979
PROGRESS    Completed epoch 891 / 2000;    current loss: 0.2611802816390991
INFO Gradient norm: 66.6864079878917
PROGRESS    Completed epoch 892 / 2000;    current loss: 0.2571621239185333
INFO Gradient norm: 81.0754543114898
PROGRESS    Completed epoch 893 / 2000;    current loss: 0.260203093290329
INFO Gradient norm: 67.52385068630996
PROGRESS    Completed epoch 894 / 2000;    current loss: 0.2560427486896515
INFO Gradient norm: 77.11361342642748
PROGRESS    Completed epoch 895 / 2000;    current loss: 0.26103195548057556
INFO Gradient norm: 66.51124147167343
PROGRESS    Completed epoch 896 / 2000;    current loss: 0.25703391432762146
INFO Gradient norm: 80.84462693187831
PROGRESS    Completed epoch 897 / 2000;    current loss: 0.26004111766815186
INFO Gradient norm: 67.32912127197109
PROGRESS    Completed epoch 898 / 2000;    current loss: 0.2558988630771637
INFO Gradient norm: 76.90808989923137
PROGRESS    Completed epoch 899 / 2000;    current loss: 0.2608706057071686
INFO Gradient norm: 66.33559625867863
PROGRESS    Completed epoch 900 / 2000;    current loss: 0.2568816840648651
INFO Gradient norm: 80.61178492447915
PROGRESS    Completed epoch 901 / 2000;    current loss: 0.2599000334739685
INFO Gradient norm: 67.15695457251819
PROGRESS    Completed epoch 902 / 2000;    current loss: 0.2557675838470459
INFO Gradient norm: 76.70098367554064
PROGRESS    Completed epoch 903 / 2000;    current loss: 0.26070281863212585
INFO Gradient norm: 66.15390987428474
PROGRESS    Completed epoch 904 / 2000;    current loss: 0.25675034523010254
INFO Gradient norm: 80.40162952684861
PROGRESS    Completed epoch 905 / 2000;    current loss: 0.25972339510917664
INFO Gradient norm: 66.99246920935232
PROGRESS    Completed epoch 906 / 2000;    current loss: 0.2556496560573578
INFO Gradient norm: 76.47137519915776
PROGRESS    Completed epoch 907 / 2000;    current loss: 0.26054203510284424
INFO Gradient norm: 65.9800969864316
PROGRESS    Completed epoch 908 / 2000;    current loss: 0.25661230087280273
INFO Gradient norm: 80.19032892480993
PROGRESS    Completed epoch 909 / 2000;    current loss: 0.25959792733192444
INFO Gradient norm: 66.80363534583635
PROGRESS    Completed epoch 910 / 2000;    current loss: 0.25550711154937744
INFO Gradient norm: 76.26048441211597
PROGRESS    Completed epoch 911 / 2000;    current loss: 0.2603832185268402
INFO Gradient norm: 65.77569889401556
PROGRESS    Completed epoch 912 / 2000;    current loss: 0.25647053122520447
INFO Gradient norm: 79.96090592822999
PROGRESS    Completed epoch 913 / 2000;    current loss: 0.2594315707683563
INFO Gradient norm: 66.62455815290699
PROGRESS    Completed epoch 914 / 2000;    current loss: 0.2553715109825134
INFO Gradient norm: 76.06596264491401
PROGRESS    Completed epoch 915 / 2000;    current loss: 0.2602318823337555
INFO Gradient norm: 65.62019221278021
PROGRESS    Completed epoch 916 / 2000;    current loss: 0.25631624460220337
INFO Gradient norm: 79.71879129210922
PROGRESS    Completed epoch 917 / 2000;    current loss: 0.2592829763889313
INFO Gradient norm: 66.43406400111614
PROGRESS    Completed epoch 918 / 2000;    current loss: 0.25524306297302246
INFO Gradient norm: 75.84031351529892
PROGRESS    Completed epoch 919 / 2000;    current loss: 0.26006123423576355
INFO Gradient norm: 65.42210393317669
PROGRESS    Completed epoch 920 / 2000;    current loss: 0.25616392493247986
INFO Gradient norm: 79.48956066311067
PROGRESS    Completed epoch 921 / 2000;    current loss: 0.25912410020828247
INFO Gradient norm: 66.24859053023523
PROGRESS    Completed epoch 922 / 2000;    current loss: 0.2551012635231018
INFO Gradient norm: 75.63673596990867
PROGRESS    Completed epoch 923 / 2000;    current loss: 0.2599143385887146
INFO Gradient norm: 65.25966524061505
PROGRESS    Completed epoch 924 / 2000;    current loss: 0.25602760910987854
INFO Gradient norm: 79.25861631188133
PROGRESS    Completed epoch 925 / 2000;    current loss: 0.25897708535194397
INFO Gradient norm: 66.0687320091391
PROGRESS    Completed epoch 926 / 2000;    current loss: 0.25495871901512146
INFO Gradient norm: 75.39552035308299
PROGRESS    Completed epoch 927 / 2000;    current loss: 0.25973325967788696
INFO Gradient norm: 65.05128971771218
PROGRESS    Completed epoch 928 / 2000;    current loss: 0.2558755874633789
INFO Gradient norm: 79.04959206354738
PROGRESS    Completed epoch 929 / 2000;    current loss: 0.258813738822937
INFO Gradient norm: 65.92180693557553
PROGRESS    Completed epoch 930 / 2000;    current loss: 0.25484099984169006
INFO Gradient norm: 75.19003559494297
PROGRESS    Completed epoch 931 / 2000;    current loss: 0.25956934690475464
INFO Gradient norm: 64.86315410739735
PROGRESS    Completed epoch 932 / 2000;    current loss: 0.2557332217693329
INFO Gradient norm: 78.80482524478516
PROGRESS    Completed epoch 933 / 2000;    current loss: 0.2586440145969391
INFO Gradient norm: 65.72565195674721
PROGRESS    Completed epoch 934 / 2000;    current loss: 0.2546987533569336
INFO Gradient norm: 74.98330479666123
PROGRESS    Completed epoch 935 / 2000;    current loss: 0.2594124972820282
INFO Gradient norm: 64.6881477272886
PROGRESS    Completed epoch 936 / 2000;    current loss: 0.255596399307251
INFO Gradient norm: 78.58969867625423
PROGRESS    Completed epoch 937 / 2000;    current loss: 0.2584945559501648
INFO Gradient norm: 65.53982933253074
PROGRESS    Completed epoch 938 / 2000;    current loss: 0.2545505464076996
INFO Gradient norm: 74.7721575684401
PROGRESS    Completed epoch 939 / 2000;    current loss: 0.25923672318458557
INFO Gradient norm: 64.51289967331334
PROGRESS    Completed epoch 940 / 2000;    current loss: 0.25544899702072144
INFO Gradient norm: 78.35265984100128
PROGRESS    Completed epoch 941 / 2000;    current loss: 0.25833573937416077
INFO Gradient norm: 65.37003178661942
PROGRESS    Completed epoch 942 / 2000;    current loss: 0.25442445278167725
INFO Gradient norm: 74.54818265143254
PROGRESS    Completed epoch 943 / 2000;    current loss: 0.25908026099205017
INFO Gradient norm: 64.32115563203232
PROGRESS    Completed epoch 944 / 2000;    current loss: 0.2552967667579651
INFO Gradient norm: 78.14421451395958
PROGRESS    Completed epoch 945 / 2000;    current loss: 0.2581910490989685
INFO Gradient norm: 65.17932798412421
PROGRESS    Completed epoch 946 / 2000;    current loss: 0.2542682886123657
INFO Gradient norm: 74.32135761085014
PROGRESS    Completed epoch 947 / 2000;    current loss: 0.2589033246040344
INFO Gradient norm: 64.13097981385958
PROGRESS    Completed epoch 948 / 2000;    current loss: 0.25513291358947754
INFO Gradient norm: 77.90666228154767
PROGRESS    Completed epoch 949 / 2000;    current loss: 0.25803300738334656
INFO Gradient norm: 65.01358082285009
PROGRESS    Completed epoch 950 / 2000;    current loss: 0.2541477382183075
INFO Gradient norm: 74.09734074209524
PROGRESS    Completed epoch 951 / 2000;    current loss: 0.2587323784828186
INFO Gradient norm: 63.94926230047874
PROGRESS    Completed epoch 952 / 2000;    current loss: 0.25499388575553894
INFO Gradient norm: 77.66302023771351
PROGRESS    Completed epoch 953 / 2000;    current loss: 0.25785884261131287
INFO Gradient norm: 64.81531900150637
PROGRESS    Completed epoch 954 / 2000;    current loss: 0.2539888024330139
INFO Gradient norm: 73.8896120274983
PROGRESS    Completed epoch 955 / 2000;    current loss: 0.2585882842540741
INFO Gradient norm: 63.771786576101924
PROGRESS    Completed epoch 956 / 2000;    current loss: 0.2548517882823944
INFO Gradient norm: 77.45371224022445
PROGRESS    Completed epoch 957 / 2000;    current loss: 0.25771239399909973
INFO Gradient norm: 64.63840394093032
PROGRESS    Completed epoch 958 / 2000;    current loss: 0.25385376811027527
INFO Gradient norm: 73.66616015745758
PROGRESS    Completed epoch 959 / 2000;    current loss: 0.2584102749824524
INFO Gradient norm: 63.587204311855324
PROGRESS    Completed epoch 960 / 2000;    current loss: 0.25469136238098145
INFO Gradient norm: 77.23204322382206
PROGRESS    Completed epoch 961 / 2000;    current loss: 0.2575552761554718
INFO Gradient norm: 64.48568159501387
PROGRESS    Completed epoch 962 / 2000;    current loss: 0.25372394919395447
INFO Gradient norm: 73.44606302602615
PROGRESS    Completed epoch 963 / 2000;    current loss: 0.25822845101356506
INFO Gradient norm: 63.37800509262865
PROGRESS    Completed epoch 964 / 2000;    current loss: 0.25454673171043396
INFO Gradient norm: 77.00653937096885
PROGRESS    Completed epoch 965 / 2000;    current loss: 0.2573815882205963
INFO Gradient norm: 64.28694476437074
PROGRESS    Completed epoch 966 / 2000;    current loss: 0.25357547402381897
INFO Gradient norm: 73.23787448084819
PROGRESS    Completed epoch 967 / 2000;    current loss: 0.2580658495426178
INFO Gradient norm: 63.209474121532416
PROGRESS    Completed epoch 968 / 2000;    current loss: 0.2543967366218567
INFO Gradient norm: 76.78581474294755
PROGRESS    Completed epoch 969 / 2000;    current loss: 0.25723138451576233
INFO Gradient norm: 64.09702202058511
PROGRESS    Completed epoch 970 / 2000;    current loss: 0.2534346580505371
INFO Gradient norm: 73.01446945224716
PROGRESS    Completed epoch 971 / 2000;    current loss: 0.25789493322372437
INFO Gradient norm: 63.016007078914875
PROGRESS    Completed epoch 972 / 2000;    current loss: 0.2542385756969452
INFO Gradient norm: 76.54677398905295
PROGRESS    Completed epoch 973 / 2000;    current loss: 0.2570750415325165
INFO Gradient norm: 63.931719855581896
PROGRESS    Completed epoch 974 / 2000;    current loss: 0.25328269600868225
INFO Gradient norm: 72.8016424960336
PROGRESS    Completed epoch 975 / 2000;    current loss: 0.25773006677627563
INFO Gradient norm: 62.84014544519534
PROGRESS    Completed epoch 976 / 2000;    current loss: 0.25409063696861267
INFO Gradient norm: 76.32300164968703
PROGRESS    Completed epoch 977 / 2000;    current loss: 0.25691452622413635
INFO Gradient norm: 63.75626945196746
PROGRESS    Completed epoch 978 / 2000;    current loss: 0.25315532088279724
INFO Gradient norm: 72.57638595214655
PROGRESS    Completed epoch 979 / 2000;    current loss: 0.2575519382953644
INFO Gradient norm: 62.656308587286546
PROGRESS    Completed epoch 980 / 2000;    current loss: 0.2539367079734802
INFO Gradient norm: 76.08814186014902
PROGRESS    Completed epoch 981 / 2000;    current loss: 0.25674840807914734
INFO Gradient norm: 63.576577071214665
PROGRESS    Completed epoch 982 / 2000;    current loss: 0.25301599502563477
INFO Gradient norm: 72.35517898693097
PROGRESS    Completed epoch 983 / 2000;    current loss: 0.25739431381225586
INFO Gradient norm: 62.45136689858112
PROGRESS    Completed epoch 984 / 2000;    current loss: 0.2537868916988373
INFO Gradient norm: 75.85833667304176
PROGRESS    Completed epoch 985 / 2000;    current loss: 0.2565818130970001
INFO Gradient norm: 63.38026011142839
PROGRESS    Completed epoch 986 / 2000;    current loss: 0.2528507709503174
INFO Gradient norm: 72.12520043990484
PROGRESS    Completed epoch 987 / 2000;    current loss: 0.25721028447151184
INFO Gradient norm: 62.27248895057856
PROGRESS    Completed epoch 988 / 2000;    current loss: 0.25362318754196167
INFO Gradient norm: 75.62993427128775
PROGRESS    Completed epoch 989 / 2000;    current loss: 0.2564123868942261
INFO Gradient norm: 63.1931064725381
PROGRESS    Completed epoch 990 / 2000;    current loss: 0.2527044117450714
INFO Gradient norm: 71.92849469774289
PROGRESS    Completed epoch 991 / 2000;    current loss: 0.25703927874565125
INFO Gradient norm: 62.085974054441664
PROGRESS    Completed epoch 992 / 2000;    current loss: 0.2534780502319336
INFO Gradient norm: 75.39886068383372
PROGRESS    Completed epoch 993 / 2000;    current loss: 0.2562679648399353
INFO Gradient norm: 63.00883632527403
PROGRESS    Completed epoch 994 / 2000;    current loss: 0.25255417823791504
INFO Gradient norm: 71.69073555439938
PROGRESS    Completed epoch 995 / 2000;    current loss: 0.25686824321746826
INFO Gradient norm: 61.90006896442453
PROGRESS    Completed epoch 996 / 2000;    current loss: 0.2533322870731354
INFO Gradient norm: 75.17862877062498
PROGRESS    Completed epoch 997 / 2000;    current loss: 0.2560947835445404
INFO Gradient norm: 62.83221928126778
PROGRESS    Completed epoch 998 / 2000;    current loss: 0.25241968035697937
INFO Gradient norm: 71.46912744169695
PROGRESS    Completed epoch 999 / 2000;    current loss: 0.25668805837631226
INFO Gradient norm: 61.703414166005324
PROGRESS    Completed epoch 1000 / 2000;    current loss: 0.2531598210334778
INFO Gradient norm: 74.93210044504357
PROGRESS    Completed epoch 1001 / 2000;    current loss: 0.25593236088752747
INFO Gradient norm: 62.652226161339506
PROGRESS    Completed epoch 1002 / 2000;    current loss: 0.25228410959243774
INFO Gradient norm: 71.2498191183363
PROGRESS    Completed epoch 1003 / 2000;    current loss: 0.2565233111381531
INFO Gradient norm: 61.52262284234958
PROGRESS    Completed epoch 1004 / 2000;    current loss: 0.25300833582878113
INFO Gradient norm: 74.704253518238
PROGRESS    Completed epoch 1005 / 2000;    current loss: 0.25576579570770264
INFO Gradient norm: 62.45419226238191
PROGRESS    Completed epoch 1006 / 2000;    current loss: 0.2521308958530426
INFO Gradient norm: 71.04251381292264
PROGRESS    Completed epoch 1007 / 2000;    current loss: 0.2563546895980835
INFO Gradient norm: 61.33118530287657
PROGRESS    Completed epoch 1008 / 2000;    current loss: 0.2528599798679352
INFO Gradient norm: 74.4721321377524
PROGRESS    Completed epoch 1009 / 2000;    current loss: 0.25559553503990173
INFO Gradient norm: 62.26489077204359
PROGRESS    Completed epoch 1010 / 2000;    current loss: 0.2519732117652893
INFO Gradient norm: 70.80543739270973
PROGRESS    Completed epoch 1011 / 2000;    current loss: 0.2561720013618469
INFO Gradient norm: 61.1521693073489
PROGRESS    Completed epoch 1012 / 2000;    current loss: 0.2527015209197998
INFO Gradient norm: 74.22654209706322
PROGRESS    Completed epoch 1013 / 2000;    current loss: 0.2554415166378021
INFO Gradient norm: 62.09324154376014
PROGRESS    Completed epoch 1014 / 2000;    current loss: 0.251844197511673
INFO Gradient norm: 70.59477426192123
PROGRESS    Completed epoch 1015 / 2000;    current loss: 0.2560157775878906
INFO Gradient norm: 60.9441230398185
PROGRESS    Completed epoch 1016 / 2000;    current loss: 0.2525217831134796
INFO Gradient norm: 73.99639137813182
PROGRESS    Completed epoch 1017 / 2000;    current loss: 0.25526663661003113
INFO Gradient norm: 61.89391333316591
PROGRESS    Completed epoch 1018 / 2000;    current loss: 0.25167587399482727
INFO Gradient norm: 70.36322439608139
PROGRESS    Completed epoch 1019 / 2000;    current loss: 0.25582319498062134
INFO Gradient norm: 60.758738654595355
PROGRESS    Completed epoch 1020 / 2000;    current loss: 0.25238850712776184
INFO Gradient norm: 73.7602200552947
PROGRESS    Completed epoch 1021 / 2000;    current loss: 0.2551043629646301
INFO Gradient norm: 61.70509155709093
PROGRESS    Completed epoch 1022 / 2000;    current loss: 0.25153371691703796
INFO Gradient norm: 70.15659922079115
PROGRESS    Completed epoch 1023 / 2000;    current loss: 0.255687415599823
INFO Gradient norm: 60.59170765697059
PROGRESS    Completed epoch 1024 / 2000;    current loss: 0.2522657513618469
INFO Gradient norm: 73.51461543807486
PROGRESS    Completed epoch 1025 / 2000;    current loss: 0.2549276649951935
INFO Gradient norm: 61.496643747766186
PROGRESS    Completed epoch 1026 / 2000;    current loss: 0.2513938546180725
INFO Gradient norm: 69.92887708321126
PROGRESS    Completed epoch 1027 / 2000;    current loss: 0.25551047921180725
INFO Gradient norm: 60.39213362782298
PROGRESS    Completed epoch 1028 / 2000;    current loss: 0.25211694836616516
INFO Gradient norm: 73.27134566663442
PROGRESS    Completed epoch 1029 / 2000;    current loss: 0.2547582685947418
INFO Gradient norm: 61.32272581904183
PROGRESS    Completed epoch 1030 / 2000;    current loss: 0.2512419819831848
INFO Gradient norm: 69.70996522281769
PROGRESS    Completed epoch 1031 / 2000;    current loss: 0.2553337812423706
INFO Gradient norm: 60.21241706906926
PROGRESS    Completed epoch 1032 / 2000;    current loss: 0.2519404888153076
INFO Gradient norm: 73.03878599395044
PROGRESS    Completed epoch 1033 / 2000;    current loss: 0.2545981705188751
INFO Gradient norm: 61.136542966126015
PROGRESS    Completed epoch 1034 / 2000;    current loss: 0.25108271837234497
INFO Gradient norm: 69.46961502160534
PROGRESS    Completed epoch 1035 / 2000;    current loss: 0.2551608681678772
INFO Gradient norm: 60.0127262669151
PROGRESS    Completed epoch 1036 / 2000;    current loss: 0.25179949402809143
INFO Gradient norm: 72.81087777510115
PROGRESS    Completed epoch 1037 / 2000;    current loss: 0.2544201910495758
INFO Gradient norm: 60.94717660008334
PROGRESS    Completed epoch 1038 / 2000;    current loss: 0.2509347200393677
INFO Gradient norm: 69.24918498767487
PROGRESS    Completed epoch 1039 / 2000;    current loss: 0.2549777925014496
INFO Gradient norm: 59.821442124741225
PROGRESS    Completed epoch 1040 / 2000;    current loss: 0.2516438364982605
INFO Gradient norm: 72.5703715696046
PROGRESS    Completed epoch 1041 / 2000;    current loss: 0.2542575001716614
INFO Gradient norm: 60.75357143541749
PROGRESS    Completed epoch 1042 / 2000;    current loss: 0.25078490376472473
INFO Gradient norm: 69.02548701691337
PROGRESS    Completed epoch 1043 / 2000;    current loss: 0.25480061769485474
INFO Gradient norm: 59.61868693458492
PROGRESS    Completed epoch 1044 / 2000;    current loss: 0.2514776885509491
INFO Gradient norm: 72.33286819026544
PROGRESS    Completed epoch 1045 / 2000;    current loss: 0.25408774614334106
INFO Gradient norm: 60.56340791432538
PROGRESS    Completed epoch 1046 / 2000;    current loss: 0.25063806772232056
INFO Gradient norm: 68.80538453083776
PROGRESS    Completed epoch 1047 / 2000;    current loss: 0.25463002920150757
INFO Gradient norm: 59.42609910461783
PROGRESS    Completed epoch 1048 / 2000;    current loss: 0.25132158398628235
INFO Gradient norm: 72.08476924294074
PROGRESS    Completed epoch 1049 / 2000;    current loss: 0.25391823053359985
INFO Gradient norm: 60.37855996778259
PROGRESS    Completed epoch 1050 / 2000;    current loss: 0.25048744678497314
INFO Gradient norm: 68.58037241024388
PROGRESS    Completed epoch 1051 / 2000;    current loss: 0.25446054339408875
INFO Gradient norm: 59.23204082598182
PROGRESS    Completed epoch 1052 / 2000;    current loss: 0.25116342306137085
INFO Gradient norm: 71.853741317659
PROGRESS    Completed epoch 1053 / 2000;    current loss: 0.25374311208724976
INFO Gradient norm: 60.18273876591641
PROGRESS    Completed epoch 1054 / 2000;    current loss: 0.25032538175582886
INFO Gradient norm: 68.35648189903527
PROGRESS    Completed epoch 1055 / 2000;    current loss: 0.254292756319046
INFO Gradient norm: 59.04644178852226
PROGRESS    Completed epoch 1056 / 2000;    current loss: 0.25099796056747437
INFO Gradient norm: 71.58437593590604
PROGRESS    Completed epoch 1057 / 2000;    current loss: 0.253572940826416
INFO Gradient norm: 59.98304172360391
PROGRESS    Completed epoch 1058 / 2000;    current loss: 0.2501876950263977
INFO Gradient norm: 68.11560137786824
PROGRESS    Completed epoch 1059 / 2000;    current loss: 0.25411733984947205
INFO Gradient norm: 58.842010101386236
PROGRESS    Completed epoch 1060 / 2000;    current loss: 0.25082358717918396
INFO Gradient norm: 71.38212254025342
PROGRESS    Completed epoch 1061 / 2000;    current loss: 0.25340700149536133
INFO Gradient norm: 59.79631165970462
PROGRESS    Completed epoch 1062 / 2000;    current loss: 0.2500405013561249
INFO Gradient norm: 67.88950524571665
PROGRESS    Completed epoch 1063 / 2000;    current loss: 0.2539193332195282
INFO Gradient norm: 58.64750487682907
PROGRESS    Completed epoch 1064 / 2000;    current loss: 0.25066348910331726
INFO Gradient norm: 71.11913990599342
PROGRESS    Completed epoch 1065 / 2000;    current loss: 0.2532272934913635
INFO Gradient norm: 59.60979634006906
PROGRESS    Completed epoch 1066 / 2000;    current loss: 0.24987630546092987
INFO Gradient norm: 67.65190025295848
PROGRESS    Completed epoch 1067 / 2000;    current loss: 0.253742516040802
INFO Gradient norm: 58.45090331885259
PROGRESS    Completed epoch 1068 / 2000;    current loss: 0.25052177906036377
INFO Gradient norm: 70.89245578514354
PROGRESS    Completed epoch 1069 / 2000;    current loss: 0.2530514895915985
INFO Gradient norm: 59.40751798404699
PROGRESS    Completed epoch 1070 / 2000;    current loss: 0.24976806342601776
INFO Gradient norm: 67.4316381484659
PROGRESS    Completed epoch 1071 / 2000;    current loss: 0.25356966257095337
INFO Gradient norm: 58.260465171989495
PROGRESS    Completed epoch 1072 / 2000;    current loss: 0.2503474950790405
INFO Gradient norm: 70.6486578842856
PROGRESS    Completed epoch 1073 / 2000;    current loss: 0.2529418468475342
INFO Gradient norm: 59.21526460917289
PROGRESS    Completed epoch 1074 / 2000;    current loss: 0.2496246099472046
INFO Gradient norm: 67.2045087855058
PROGRESS    Completed epoch 1075 / 2000;    current loss: 0.25338485836982727
INFO Gradient norm: 58.07392280016611
PROGRESS    Completed epoch 1076 / 2000;    current loss: 0.25018981099128723
INFO Gradient norm: 70.39202905935544
PROGRESS    Completed epoch 1077 / 2000;    current loss: 0.25275281071662903
INFO Gradient norm: 59.02246655900023
PROGRESS    Completed epoch 1078 / 2000;    current loss: 0.2494577169418335
INFO Gradient norm: 66.9863206871494
PROGRESS    Completed epoch 1079 / 2000;    current loss: 0.25319740176200867
INFO Gradient norm: 57.867821298212384
PROGRESS    Completed epoch 1080 / 2000;    current loss: 0.2500317096710205
INFO Gradient norm: 70.16534975849461
PROGRESS    Completed epoch 1081 / 2000;    current loss: 0.2526002526283264
INFO Gradient norm: 58.82724753440482
PROGRESS    Completed epoch 1082 / 2000;    current loss: 0.24930065870285034
INFO Gradient norm: 66.74635207894524
PROGRESS    Completed epoch 1083 / 2000;    current loss: 0.2530335485935211
INFO Gradient norm: 57.67711902486549
PROGRESS    Completed epoch 1084 / 2000;    current loss: 0.24986687302589417
INFO Gradient norm: 69.91765230892743
PROGRESS    Completed epoch 1085 / 2000;    current loss: 0.2524213492870331
INFO Gradient norm: 58.63758924305653
PROGRESS    Completed epoch 1086 / 2000;    current loss: 0.2491503804922104
INFO Gradient norm: 66.50880398115325
PROGRESS    Completed epoch 1087 / 2000;    current loss: 0.25283294916152954
INFO Gradient norm: 57.47578676680818
PROGRESS    Completed epoch 1088 / 2000;    current loss: 0.24969793856143951
INFO Gradient norm: 69.6800485506653
PROGRESS    Completed epoch 1089 / 2000;    current loss: 0.2522449791431427
INFO Gradient norm: 58.43722576870458
PROGRESS    Completed epoch 1090 / 2000;    current loss: 0.24900873005390167
INFO Gradient norm: 66.28613324873216
PROGRESS    Completed epoch 1091 / 2000;    current loss: 0.2526590824127197
INFO Gradient norm: 57.275353285022994
PROGRESS    Completed epoch 1092 / 2000;    current loss: 0.2495274394750595
INFO Gradient norm: 69.42685265965882
PROGRESS    Completed epoch 1093 / 2000;    current loss: 0.2520626485347748
INFO Gradient norm: 58.23459747366243
PROGRESS    Completed epoch 1094 / 2000;    current loss: 0.2488381713628769
INFO Gradient norm: 66.04340356631947
PROGRESS    Completed epoch 1095 / 2000;    current loss: 0.25247493386268616
INFO Gradient norm: 57.078752372262635
PROGRESS    Completed epoch 1096 / 2000;    current loss: 0.24937599897384644
INFO Gradient norm: 69.17754053025831
PROGRESS    Completed epoch 1097 / 2000;    current loss: 0.2518965005874634
INFO Gradient norm: 58.04205557570173
PROGRESS    Completed epoch 1098 / 2000;    current loss: 0.24868741631507874
INFO Gradient norm: 65.8133797250342
PROGRESS    Completed epoch 1099 / 2000;    current loss: 0.2522960305213928
INFO Gradient norm: 56.87794052102362
PROGRESS    Completed epoch 1100 / 2000;    current loss: 0.2492167353630066
INFO Gradient norm: 68.94185406554789
PROGRESS    Completed epoch 1101 / 2000;    current loss: 0.2517285645008087
INFO Gradient norm: 57.85729888381117
PROGRESS    Completed epoch 1102 / 2000;    current loss: 0.2485285848379135
INFO Gradient norm: 65.57731994405445
PROGRESS    Completed epoch 1103 / 2000;    current loss: 0.25210991501808167
INFO Gradient norm: 56.684168319174354
PROGRESS    Completed epoch 1104 / 2000;    current loss: 0.24903759360313416
INFO Gradient norm: 68.68656565874367
PROGRESS    Completed epoch 1105 / 2000;    current loss: 0.25153467059135437
INFO Gradient norm: 57.66090450283827
PROGRESS    Completed epoch 1106 / 2000;    current loss: 0.24836726486682892
INFO Gradient norm: 65.36230433400924
PROGRESS    Completed epoch 1107 / 2000;    current loss: 0.2519339621067047
INFO Gradient norm: 56.49574923166976
PROGRESS    Completed epoch 1108 / 2000;    current loss: 0.24887457489967346
INFO Gradient norm: 68.44353449335102
PROGRESS    Completed epoch 1109 / 2000;    current loss: 0.251367449760437
INFO Gradient norm: 57.47359822165954
PROGRESS    Completed epoch 1110 / 2000;    current loss: 0.248200923204422
INFO Gradient norm: 65.1151241921586
PROGRESS    Completed epoch 1111 / 2000;    current loss: 0.25173190236091614
INFO Gradient norm: 56.278528834271924
PROGRESS    Completed epoch 1112 / 2000;    current loss: 0.24870724976062775
INFO Gradient norm: 68.20628156100388
PROGRESS    Completed epoch 1113 / 2000;    current loss: 0.2511952221393585
INFO Gradient norm: 57.26595491213205
PROGRESS    Completed epoch 1114 / 2000;    current loss: 0.2480577677488327
INFO Gradient norm: 64.8800191163785
PROGRESS    Completed epoch 1115 / 2000;    current loss: 0.251562237739563
INFO Gradient norm: 56.073227471700264
PROGRESS    Completed epoch 1116 / 2000;    current loss: 0.2485557347536087
INFO Gradient norm: 67.96492845274061
PROGRESS    Completed epoch 1117 / 2000;    current loss: 0.25100865960121155
INFO Gradient norm: 57.09164076042705
PROGRESS    Completed epoch 1118 / 2000;    current loss: 0.2479165494441986
INFO Gradient norm: 64.63934638059831
PROGRESS    Completed epoch 1119 / 2000;    current loss: 0.2513599991798401
INFO Gradient norm: 55.88718628013977
PROGRESS    Completed epoch 1120 / 2000;    current loss: 0.24838638305664062
INFO Gradient norm: 67.70717320919029
PROGRESS    Completed epoch 1121 / 2000;    current loss: 0.2508275508880615
INFO Gradient norm: 56.89200037031311
PROGRESS    Completed epoch 1122 / 2000;    current loss: 0.24773727357387543
INFO Gradient norm: 64.41168802818699
PROGRESS    Completed epoch 1123 / 2000;    current loss: 0.2511790096759796
INFO Gradient norm: 55.686475859663304
PROGRESS    Completed epoch 1124 / 2000;    current loss: 0.24820980429649353
INFO Gradient norm: 67.47302615986968
PROGRESS    Completed epoch 1125 / 2000;    current loss: 0.25066155195236206
INFO Gradient norm: 56.68147223379599
PROGRESS    Completed epoch 1126 / 2000;    current loss: 0.2475767731666565
INFO Gradient norm: 64.17853016828387
PROGRESS    Completed epoch 1127 / 2000;    current loss: 0.2510005235671997
INFO Gradient norm: 55.490674675508366
PROGRESS    Completed epoch 1128 / 2000;    current loss: 0.24804051220417023
INFO Gradient norm: 67.23004843625907
PROGRESS    Completed epoch 1129 / 2000;    current loss: 0.2504856586456299
INFO Gradient norm: 56.496810988134534
PROGRESS    Completed epoch 1130 / 2000;    current loss: 0.24741584062576294
INFO Gradient norm: 63.92609249395982
PROGRESS    Completed epoch 1131 / 2000;    current loss: 0.25080689787864685
INFO Gradient norm: 55.271797240541915
PROGRESS    Completed epoch 1132 / 2000;    current loss: 0.2478766292333603
INFO Gradient norm: 66.97852395929354
PROGRESS    Completed epoch 1133 / 2000;    current loss: 0.25029638409614563
INFO Gradient norm: 56.28344270301861
PROGRESS    Completed epoch 1134 / 2000;    current loss: 0.24726377427577972
INFO Gradient norm: 63.69724568270778
PROGRESS    Completed epoch 1135 / 2000;    current loss: 0.25060567259788513
INFO Gradient norm: 55.08427650129011
PROGRESS    Completed epoch 1136 / 2000;    current loss: 0.2477012425661087
INFO Gradient norm: 66.73711960044106
PROGRESS    Completed epoch 1137 / 2000;    current loss: 0.25011342763900757
INFO Gradient norm: 56.09351052412137
PROGRESS    Completed epoch 1138 / 2000;    current loss: 0.24708925187587738
INFO Gradient norm: 63.4745550518673
PROGRESS    Completed epoch 1139 / 2000;    current loss: 0.25044259428977966
INFO Gradient norm: 54.87645054137039
PROGRESS    Completed epoch 1140 / 2000;    current loss: 0.24752439558506012
INFO Gradient norm: 66.48634917716886
PROGRESS    Completed epoch 1141 / 2000;    current loss: 0.249934583902359
INFO Gradient norm: 55.90696806443298
PROGRESS    Completed epoch 1142 / 2000;    current loss: 0.24693335592746735
INFO Gradient norm: 63.21439896029408
PROGRESS    Completed epoch 1143 / 2000;    current loss: 0.2502386271953583
INFO Gradient norm: 54.66652502670784
PROGRESS    Completed epoch 1144 / 2000;    current loss: 0.2473660558462143
INFO Gradient norm: 66.2491756957741
PROGRESS    Completed epoch 1145 / 2000;    current loss: 0.2497628927230835
INFO Gradient norm: 55.71140157257538
PROGRESS    Completed epoch 1146 / 2000;    current loss: 0.24676613509655
INFO Gradient norm: 62.9791253427445
PROGRESS    Completed epoch 1147 / 2000;    current loss: 0.2500511109828949
INFO Gradient norm: 54.48129390213159
PROGRESS    Completed epoch 1148 / 2000;    current loss: 0.24719099700450897
INFO Gradient norm: 65.99489447398423
PROGRESS    Completed epoch 1149 / 2000;    current loss: 0.24957332015037537
INFO Gradient norm: 55.4916135570421
PROGRESS    Completed epoch 1150 / 2000;    current loss: 0.24659419059753418
INFO Gradient norm: 62.778910337889926
PROGRESS    Completed epoch 1151 / 2000;    current loss: 0.24987466633319855
INFO Gradient norm: 54.28472720665067
PROGRESS    Completed epoch 1152 / 2000;    current loss: 0.2470162808895111
INFO Gradient norm: 65.74220307771246
PROGRESS    Completed epoch 1153 / 2000;    current loss: 0.2493784874677658
INFO Gradient norm: 55.31707757963706
PROGRESS    Completed epoch 1154 / 2000;    current loss: 0.24644257128238678
INFO Gradient norm: 62.50492455988262
PROGRESS    Completed epoch 1155 / 2000;    current loss: 0.2496669888496399
INFO Gradient norm: 54.06874098328577
PROGRESS    Completed epoch 1156 / 2000;    current loss: 0.2468445748090744
INFO Gradient norm: 65.52574043335868
PROGRESS    Completed epoch 1157 / 2000;    current loss: 0.24920754134655
INFO Gradient norm: 55.10419294598166
PROGRESS    Completed epoch 1158 / 2000;    current loss: 0.2462632656097412
INFO Gradient norm: 62.288196498534745
PROGRESS    Completed epoch 1159 / 2000;    current loss: 0.24949105083942413
INFO Gradient norm: 53.86603550952173
PROGRESS    Completed epoch 1160 / 2000;    current loss: 0.2466643899679184
INFO Gradient norm: 65.24488859749478
PROGRESS    Completed epoch 1161 / 2000;    current loss: 0.249020516872406
INFO Gradient norm: 54.91522334634513
PROGRESS    Completed epoch 1162 / 2000;    current loss: 0.24610750377178192
INFO Gradient norm: 62.056936411728486
PROGRESS    Completed epoch 1163 / 2000;    current loss: 0.24929583072662354
INFO Gradient norm: 53.680018611520104
PROGRESS    Completed epoch 1164 / 2000;    current loss: 0.24650804698467255
INFO Gradient norm: 64.99813690695953
PROGRESS    Completed epoch 1165 / 2000;    current loss: 0.24883215129375458
INFO Gradient norm: 54.700910892508396
PROGRESS    Completed epoch 1166 / 2000;    current loss: 0.24594902992248535
INFO Gradient norm: 61.81478180320507
PROGRESS    Completed epoch 1167 / 2000;    current loss: 0.24911360442638397
INFO Gradient norm: 53.47891066325524
PROGRESS    Completed epoch 1168 / 2000;    current loss: 0.2463364452123642
INFO Gradient norm: 64.74171386931074
PROGRESS    Completed epoch 1169 / 2000;    current loss: 0.24865001440048218
INFO Gradient norm: 54.51464976688923
PROGRESS    Completed epoch 1170 / 2000;    current loss: 0.24577702581882477
INFO Gradient norm: 61.56703485622056
PROGRESS    Completed epoch 1171 / 2000;    current loss: 0.2489231526851654
INFO Gradient norm: 53.27663262759949
PROGRESS    Completed epoch 1172 / 2000;    current loss: 0.24616579711437225
INFO Gradient norm: 64.50818053165784
PROGRESS    Completed epoch 1173 / 2000;    current loss: 0.2484651356935501
INFO Gradient norm: 54.30092300464075
PROGRESS    Completed epoch 1174 / 2000;    current loss: 0.24559737741947174
INFO Gradient norm: 61.335821150373285
PROGRESS    Completed epoch 1175 / 2000;    current loss: 0.24872393906116486
INFO Gradient norm: 53.08056818956282
PROGRESS    Completed epoch 1176 / 2000;    current loss: 0.24599400162696838
INFO Gradient norm: 64.25033385602805
PROGRESS    Completed epoch 1177 / 2000;    current loss: 0.24828073382377625
INFO Gradient norm: 54.10884233269951
PROGRESS    Completed epoch 1178 / 2000;    current loss: 0.24543914198875427
INFO Gradient norm: 61.10261661665982
PROGRESS    Completed epoch 1179 / 2000;    current loss: 0.24854131042957306
INFO Gradient norm: 52.87094283809434
PROGRESS    Completed epoch 1180 / 2000;    current loss: 0.2458118051290512
INFO Gradient norm: 64.00671314331399
PROGRESS    Completed epoch 1181 / 2000;    current loss: 0.24809804558753967
INFO Gradient norm: 53.90503549345821
PROGRESS    Completed epoch 1182 / 2000;    current loss: 0.2452620267868042
INFO Gradient norm: 60.8638871660333
PROGRESS    Completed epoch 1183 / 2000;    current loss: 0.24833126366138458
INFO Gradient norm: 52.675145815555865
PROGRESS    Completed epoch 1184 / 2000;    current loss: 0.24565300345420837
INFO Gradient norm: 63.746431701471195
PROGRESS    Completed epoch 1185 / 2000;    current loss: 0.24789579212665558
INFO Gradient norm: 53.698845979283945
PROGRESS    Completed epoch 1186 / 2000;    current loss: 0.2450975775718689
INFO Gradient norm: 60.645758847911466
PROGRESS    Completed epoch 1187 / 2000;    current loss: 0.24814975261688232
INFO Gradient norm: 52.463553969915466
PROGRESS    Completed epoch 1188 / 2000;    current loss: 0.24545861780643463
INFO Gradient norm: 63.490434936774875
PROGRESS    Completed epoch 1189 / 2000;    current loss: 0.24770089983940125
INFO Gradient norm: 53.50037382490637
PROGRESS    Completed epoch 1190 / 2000;    current loss: 0.24493637681007385
INFO Gradient norm: 60.39957228594767
PROGRESS    Completed epoch 1191 / 2000;    current loss: 0.24795857071876526
INFO Gradient norm: 52.265001912143376
PROGRESS    Completed epoch 1192 / 2000;    current loss: 0.2452840805053711
INFO Gradient norm: 63.254562259084175
PROGRESS    Completed epoch 1193 / 2000;    current loss: 0.24752573668956757
INFO Gradient norm: 53.29749274307895
PROGRESS    Completed epoch 1194 / 2000;    current loss: 0.24475908279418945
INFO Gradient norm: 60.15895420661814
PROGRESS    Completed epoch 1195 / 2000;    current loss: 0.24776622653007507
INFO Gradient norm: 52.067064444120454
PROGRESS    Completed epoch 1196 / 2000;    current loss: 0.2451070249080658
INFO Gradient norm: 62.99508826233134
PROGRESS    Completed epoch 1197 / 2000;    current loss: 0.24733375012874603
INFO Gradient norm: 53.10961507370531
PROGRESS    Completed epoch 1198 / 2000;    current loss: 0.24459756910800934
INFO Gradient norm: 59.9283578339549
PROGRESS    Completed epoch 1199 / 2000;    current loss: 0.24756301939487457
INFO Gradient norm: 51.880410048980664
PROGRESS    Completed epoch 1200 / 2000;    current loss: 0.24494098126888275
INFO Gradient norm: 62.74419607217399
PROGRESS    Completed epoch 1201 / 2000;    current loss: 0.24714088439941406
INFO Gradient norm: 52.895636319563984
PROGRESS    Completed epoch 1202 / 2000;    current loss: 0.2444191575050354
INFO Gradient norm: 59.690309054343544
PROGRESS    Completed epoch 1203 / 2000;    current loss: 0.24737313389778137
INFO Gradient norm: 51.67099842979952
PROGRESS    Completed epoch 1204 / 2000;    current loss: 0.24474979937076569
INFO Gradient norm: 62.51193090668137
PROGRESS    Completed epoch 1205 / 2000;    current loss: 0.24697892367839813
INFO Gradient norm: 52.69279183720389
PROGRESS    Completed epoch 1206 / 2000;    current loss: 0.24425005912780762
INFO Gradient norm: 59.46530003197157
PROGRESS    Completed epoch 1207 / 2000;    current loss: 0.24718251824378967
INFO Gradient norm: 51.45962442225644
PROGRESS    Completed epoch 1208 / 2000;    current loss: 0.24457970261573792
INFO Gradient norm: 62.243437106641565
PROGRESS    Completed epoch 1209 / 2000;    current loss: 0.24676191806793213
INFO Gradient norm: 52.49729385269732
PROGRESS    Completed epoch 1210 / 2000;    current loss: 0.2440776526927948
INFO Gradient norm: 59.200859587214815
PROGRESS    Completed epoch 1211 / 2000;    current loss: 0.2469736784696579
INFO Gradient norm: 51.26735893805155
PROGRESS    Completed epoch 1212 / 2000;    current loss: 0.2443992644548416
INFO Gradient norm: 61.99117574461076
PROGRESS    Completed epoch 1213 / 2000;    current loss: 0.24656789004802704
INFO Gradient norm: 52.281740976119195
PROGRESS    Completed epoch 1214 / 2000;    current loss: 0.24391385912895203
INFO Gradient norm: 58.975829992034356
PROGRESS    Completed epoch 1215 / 2000;    current loss: 0.24677711725234985
INFO Gradient norm: 51.057794950685775
PROGRESS    Completed epoch 1216 / 2000;    current loss: 0.24421612918376923
INFO Gradient norm: 61.74442428327149
PROGRESS    Completed epoch 1217 / 2000;    current loss: 0.24640731513500214
INFO Gradient norm: 52.077278060472956
PROGRESS    Completed epoch 1218 / 2000;    current loss: 0.24372722208499908
INFO Gradient norm: 58.73403527047968
PROGRESS    Completed epoch 1219 / 2000;    current loss: 0.24657593667507172
INFO Gradient norm: 50.846561888604334
PROGRESS    Completed epoch 1220 / 2000;    current loss: 0.2440505176782608
INFO Gradient norm: 61.48558649566949
PROGRESS    Completed epoch 1221 / 2000;    current loss: 0.24618718028068542
INFO Gradient norm: 51.885389143049096
PROGRESS    Completed epoch 1222 / 2000;    current loss: 0.24357254803180695
INFO Gradient norm: 58.50872378332731
PROGRESS    Completed epoch 1223 / 2000;    current loss: 0.24639010429382324
INFO Gradient norm: 50.6433223074814
PROGRESS    Completed epoch 1224 / 2000;    current loss: 0.24385851621627808
INFO Gradient norm: 61.24016093288696
PROGRESS    Completed epoch 1225 / 2000;    current loss: 0.2460031658411026
INFO Gradient norm: 51.68662710498625
PROGRESS    Completed epoch 1226 / 2000;    current loss: 0.2433842122554779
INFO Gradient norm: 58.25258987390163
PROGRESS    Completed epoch 1227 / 2000;    current loss: 0.24619482457637787
INFO Gradient norm: 50.454456794254355
PROGRESS    Completed epoch 1228 / 2000;    current loss: 0.24368751049041748
INFO Gradient norm: 60.97543966471506
PROGRESS    Completed epoch 1229 / 2000;    current loss: 0.24581396579742432
INFO Gradient norm: 51.47820551179741
PROGRESS    Completed epoch 1230 / 2000;    current loss: 0.2432241141796112
INFO Gradient norm: 58.02431151676011
PROGRESS    Completed epoch 1231 / 2000;    current loss: 0.24600620567798615
INFO Gradient norm: 50.24776806129925
PROGRESS    Completed epoch 1232 / 2000;    current loss: 0.2434934377670288
INFO Gradient norm: 60.72914985615194
PROGRESS    Completed epoch 1233 / 2000;    current loss: 0.24561266601085663
INFO Gradient norm: 51.26972940000578
PROGRESS    Completed epoch 1234 / 2000;    current loss: 0.243027001619339
INFO Gradient norm: 57.77723663629582
PROGRESS    Completed epoch 1235 / 2000;    current loss: 0.24579420685768127
INFO Gradient norm: 50.03584822864165
PROGRESS    Completed epoch 1236 / 2000;    current loss: 0.24331343173980713
INFO Gradient norm: 60.486269102090894
PROGRESS    Completed epoch 1237 / 2000;    current loss: 0.24544045329093933
INFO Gradient norm: 51.066878988773844
PROGRESS    Completed epoch 1238 / 2000;    current loss: 0.24285300076007843
INFO Gradient norm: 57.53443516757743
PROGRESS    Completed epoch 1239 / 2000;    current loss: 0.24558739364147186
INFO Gradient norm: 49.81762091930219
PROGRESS    Completed epoch 1240 / 2000;    current loss: 0.2431458979845047
INFO Gradient norm: 60.22222489744364
PROGRESS    Completed epoch 1241 / 2000;    current loss: 0.2452443540096283
INFO Gradient norm: 50.85928667762025
PROGRESS    Completed epoch 1242 / 2000;    current loss: 0.24268482625484467
INFO Gradient norm: 57.29336955194319
PROGRESS    Completed epoch 1243 / 2000;    current loss: 0.24539636075496674
INFO Gradient norm: 49.62310751513427
PROGRESS    Completed epoch 1244 / 2000;    current loss: 0.2429594099521637
INFO Gradient norm: 59.96029775101893
PROGRESS    Completed epoch 1245 / 2000;    current loss: 0.24503296613693237
INFO Gradient norm: 50.65603094100639
PROGRESS    Completed epoch 1246 / 2000;    current loss: 0.24250012636184692
INFO Gradient norm: 57.05551392946581
PROGRESS    Completed epoch 1247 / 2000;    current loss: 0.24520501494407654
INFO Gradient norm: 49.42496391822414
PROGRESS    Completed epoch 1248 / 2000;    current loss: 0.2427770346403122
INFO Gradient norm: 59.72723605836566
PROGRESS    Completed epoch 1249 / 2000;    current loss: 0.2448505163192749
INFO Gradient norm: 50.44587848304798
PROGRESS    Completed epoch 1250 / 2000;    current loss: 0.24233052134513855
INFO Gradient norm: 56.80334577932436
PROGRESS    Completed epoch 1251 / 2000;    current loss: 0.24499022960662842
INFO Gradient norm: 49.206987992898476
PROGRESS    Completed epoch 1252 / 2000;    current loss: 0.2425832450389862
INFO Gradient norm: 59.479556857888426
PROGRESS    Completed epoch 1253 / 2000;    current loss: 0.24464590847492218
INFO Gradient norm: 50.25153773765305
PROGRESS    Completed epoch 1254 / 2000;    current loss: 0.2421557456254959
INFO Gradient norm: 56.56960600654601
PROGRESS    Completed epoch 1255 / 2000;    current loss: 0.24478626251220703
INFO Gradient norm: 49.00936157835525
PROGRESS    Completed epoch 1256 / 2000;    current loss: 0.24240486323833466
INFO Gradient norm: 59.208423390273325
PROGRESS    Completed epoch 1257 / 2000;    current loss: 0.2444572150707245
INFO Gradient norm: 50.06235592827429
PROGRESS    Completed epoch 1258 / 2000;    current loss: 0.2419866919517517
INFO Gradient norm: 56.34321466849779
PROGRESS    Completed epoch 1259 / 2000;    current loss: 0.24458463490009308
INFO Gradient norm: 48.79748698176646
PROGRESS    Completed epoch 1260 / 2000;    current loss: 0.2422056943178177
INFO Gradient norm: 58.967273387693865
PROGRESS    Completed epoch 1261 / 2000;    current loss: 0.24426518380641937
INFO Gradient norm: 49.84904751360042
PROGRESS    Completed epoch 1262 / 2000;    current loss: 0.24181461334228516
INFO Gradient norm: 56.09239097110173
PROGRESS    Completed epoch 1263 / 2000;    current loss: 0.24438446760177612
INFO Gradient norm: 48.5943661844887
PROGRESS    Completed epoch 1264 / 2000;    current loss: 0.24202533066272736
INFO Gradient norm: 58.71533059828038
PROGRESS    Completed epoch 1265 / 2000;    current loss: 0.24405863881111145
INFO Gradient norm: 49.658024116922235
PROGRESS    Completed epoch 1266 / 2000;    current loss: 0.24162377417087555
INFO Gradient norm: 55.85200164918819
PROGRESS    Completed epoch 1267 / 2000;    current loss: 0.24419662356376648
INFO Gradient norm: 48.39098312646361
PROGRESS    Completed epoch 1268 / 2000;    current loss: 0.24185839295387268
INFO Gradient norm: 58.462323754862076
PROGRESS    Completed epoch 1269 / 2000;    current loss: 0.24387364089488983
INFO Gradient norm: 49.45185364495871
PROGRESS    Completed epoch 1270 / 2000;    current loss: 0.24145165085792542
INFO Gradient norm: 55.616244697595974
PROGRESS    Completed epoch 1271 / 2000;    current loss: 0.24399565160274506
INFO Gradient norm: 48.18162054918143
PROGRESS    Completed epoch 1272 / 2000;    current loss: 0.2416619062423706
INFO Gradient norm: 58.199822761002764
PROGRESS    Completed epoch 1273 / 2000;    current loss: 0.24367238581180573
INFO Gradient norm: 49.23068255343154
PROGRESS    Completed epoch 1274 / 2000;    current loss: 0.2412606030702591
INFO Gradient norm: 55.36689299776541
PROGRESS    Completed epoch 1275 / 2000;    current loss: 0.24379557371139526
INFO Gradient norm: 47.98353412804259
PROGRESS    Completed epoch 1276 / 2000;    current loss: 0.24148261547088623
INFO Gradient norm: 57.946532432520726
PROGRESS    Completed epoch 1277 / 2000;    current loss: 0.24346713721752167
INFO Gradient norm: 49.017183557702204
PROGRESS    Completed epoch 1278 / 2000;    current loss: 0.24108153581619263
INFO Gradient norm: 55.14780983043668
PROGRESS    Completed epoch 1279 / 2000;    current loss: 0.2435908168554306
INFO Gradient norm: 47.76128958959718
PROGRESS    Completed epoch 1280 / 2000;    current loss: 0.24128645658493042
INFO Gradient norm: 57.69892138932367
PROGRESS    Completed epoch 1281 / 2000;    current loss: 0.24327559769153595
INFO Gradient norm: 48.81971659887983
PROGRESS    Completed epoch 1282 / 2000;    current loss: 0.2409113347530365
INFO Gradient norm: 54.900517263872715
PROGRESS    Completed epoch 1283 / 2000;    current loss: 0.24337753653526306
INFO Gradient norm: 47.571301305783145
PROGRESS    Completed epoch 1284 / 2000;    current loss: 0.2411152869462967
INFO Gradient norm: 57.45382612293947
PROGRESS    Completed epoch 1285 / 2000;    current loss: 0.24308481812477112
INFO Gradient norm: 48.62270421184974
PROGRESS    Completed epoch 1286 / 2000;    current loss: 0.24073810875415802
INFO Gradient norm: 54.65015195494213
PROGRESS    Completed epoch 1287 / 2000;    current loss: 0.2431855946779251
INFO Gradient norm: 47.36722973842526
PROGRESS    Completed epoch 1288 / 2000;    current loss: 0.24091488122940063
INFO Gradient norm: 57.20783983069353
PROGRESS    Completed epoch 1289 / 2000;    current loss: 0.24288122355937958
INFO Gradient norm: 48.4318550798095
PROGRESS    Completed epoch 1290 / 2000;    current loss: 0.24054498970508575
INFO Gradient norm: 54.396613648611186
PROGRESS    Completed epoch 1291 / 2000;    current loss: 0.2429737001657486
INFO Gradient norm: 47.14566909580357
PROGRESS    Completed epoch 1292 / 2000;    current loss: 0.24073722958564758
INFO Gradient norm: 56.95343645003833
PROGRESS    Completed epoch 1293 / 2000;    current loss: 0.2426876574754715
INFO Gradient norm: 48.20831410332565
PROGRESS    Completed epoch 1294 / 2000;    current loss: 0.24036729335784912
INFO Gradient norm: 54.1631370170586
PROGRESS    Completed epoch 1295 / 2000;    current loss: 0.24277593195438385
INFO Gradient norm: 46.94728898132695
PROGRESS    Completed epoch 1296 / 2000;    current loss: 0.2405531406402588
INFO Gradient norm: 56.70091383153751
PROGRESS    Completed epoch 1297 / 2000;    current loss: 0.24249255657196045
INFO Gradient norm: 48.018120688870574
PROGRESS    Completed epoch 1298 / 2000;    current loss: 0.24019615352153778
INFO Gradient norm: 53.93220027196532
PROGRESS    Completed epoch 1299 / 2000;    current loss: 0.24256792664527893
INFO Gradient norm: 46.74986192082168
PROGRESS    Completed epoch 1300 / 2000;    current loss: 0.24035464227199554
INFO Gradient norm: 56.43370765794776
PROGRESS    Completed epoch 1301 / 2000;    current loss: 0.24228471517562866
INFO Gradient norm: 47.800310996170154
PROGRESS    Completed epoch 1302 / 2000;    current loss: 0.24000252783298492
INFO Gradient norm: 53.6876308009612
PROGRESS    Completed epoch 1303 / 2000;    current loss: 0.24238045513629913
INFO Gradient norm: 46.527097194014466
PROGRESS    Completed epoch 1304 / 2000;    current loss: 0.24018354713916779
INFO Gradient norm: 56.194939797986734
PROGRESS    Completed epoch 1305 / 2000;    current loss: 0.24210739135742188
INFO Gradient norm: 47.595804257047966
PROGRESS    Completed epoch 1306 / 2000;    current loss: 0.23982003331184387
INFO Gradient norm: 53.443423108219115
PROGRESS    Completed epoch 1307 / 2000;    current loss: 0.2421746551990509
INFO Gradient norm: 46.32882856657881
PROGRESS    Completed epoch 1308 / 2000;    current loss: 0.23998093605041504
INFO Gradient norm: 55.94588812015409
PROGRESS    Completed epoch 1309 / 2000;    current loss: 0.24189235270023346
INFO Gradient norm: 47.40624580092997
PROGRESS    Completed epoch 1310 / 2000;    current loss: 0.23964564502239227
INFO Gradient norm: 53.20943417834096
PROGRESS    Completed epoch 1311 / 2000;    current loss: 0.2419622242450714
INFO Gradient norm: 46.11924030370538
PROGRESS    Completed epoch 1312 / 2000;    current loss: 0.23979023098945618
INFO Gradient norm: 55.69131582485277
PROGRESS    Completed epoch 1313 / 2000;    current loss: 0.24171051383018494
INFO Gradient norm: 47.19790256271657
PROGRESS    Completed epoch 1314 / 2000;    current loss: 0.23947694897651672
INFO Gradient norm: 52.96486338285903
PROGRESS    Completed epoch 1315 / 2000;    current loss: 0.24175608158111572
INFO Gradient norm: 45.90750504661314
PROGRESS    Completed epoch 1316 / 2000;    current loss: 0.23959748446941376
INFO Gradient norm: 55.442700799582134
PROGRESS    Completed epoch 1317 / 2000;    current loss: 0.24151140451431274
INFO Gradient norm: 46.97117485419105
PROGRESS    Completed epoch 1318 / 2000;    current loss: 0.23928765952587128
INFO Gradient norm: 52.72563031477897
PROGRESS    Completed epoch 1319 / 2000;    current loss: 0.2415582835674286
INFO Gradient norm: 45.70695202947055
PROGRESS    Completed epoch 1320 / 2000;    current loss: 0.23943260312080383
INFO Gradient norm: 55.187267768782554
PROGRESS    Completed epoch 1321 / 2000;    current loss: 0.24130629003047943
INFO Gradient norm: 46.77023485873653
PROGRESS    Completed epoch 1322 / 2000;    current loss: 0.2391061782836914
INFO Gradient norm: 52.48104131843662
PROGRESS    Completed epoch 1323 / 2000;    current loss: 0.24136584997177124
INFO Gradient norm: 45.49851248411049
PROGRESS    Completed epoch 1324 / 2000;    current loss: 0.2392430156469345
INFO Gradient norm: 54.95034862740034
PROGRESS    Completed epoch 1325 / 2000;    current loss: 0.24111229181289673
INFO Gradient norm: 46.57155800763114
PROGRESS    Completed epoch 1326 / 2000;    current loss: 0.23891225457191467
INFO Gradient norm: 52.22909203945851
PROGRESS    Completed epoch 1327 / 2000;    current loss: 0.2411518692970276
INFO Gradient norm: 45.27814014939639
PROGRESS    Completed epoch 1328 / 2000;    current loss: 0.23906178772449493
INFO Gradient norm: 54.69968150270326
PROGRESS    Completed epoch 1329 / 2000;    current loss: 0.24091948568820953
INFO Gradient norm: 46.37125243232016
PROGRESS    Completed epoch 1330 / 2000;    current loss: 0.23873485624790192
INFO Gradient norm: 51.994257224519195
PROGRESS    Completed epoch 1331 / 2000;    current loss: 0.24095375835895538
INFO Gradient norm: 45.085057658166654
PROGRESS    Completed epoch 1332 / 2000;    current loss: 0.23885683715343475
INFO Gradient norm: 54.423340157029806
PROGRESS    Completed epoch 1333 / 2000;    current loss: 0.24069826304912567
INFO Gradient norm: 46.1638975104799
PROGRESS    Completed epoch 1334 / 2000;    current loss: 0.23854491114616394
INFO Gradient norm: 51.76241119770017
PROGRESS    Completed epoch 1335 / 2000;    current loss: 0.24073860049247742
INFO Gradient norm: 44.8859420046285
PROGRESS    Completed epoch 1336 / 2000;    current loss: 0.23867005109786987
INFO Gradient norm: 54.18128555350673
PROGRESS    Completed epoch 1337 / 2000;    current loss: 0.24051640927791595
INFO Gradient norm: 45.959600560718705
PROGRESS    Completed epoch 1338 / 2000;    current loss: 0.2383699268102646
INFO Gradient norm: 51.51342652287191
PROGRESS    Completed epoch 1339 / 2000;    current loss: 0.24052834510803223
INFO Gradient norm: 44.67374619830581
PROGRESS    Completed epoch 1340 / 2000;    current loss: 0.23848488926887512
INFO Gradient norm: 53.92941743988519
PROGRESS    Completed epoch 1341 / 2000;    current loss: 0.24030828475952148
INFO Gradient norm: 45.73671152303092
PROGRESS    Completed epoch 1342 / 2000;    current loss: 0.23819418251514435
INFO Gradient norm: 51.273296264014256
PROGRESS    Completed epoch 1343 / 2000;    current loss: 0.240339457988739
INFO Gradient norm: 44.46298903220404
PROGRESS    Completed epoch 1344 / 2000;    current loss: 0.2383059859275818
INFO Gradient norm: 53.66330768767026
PROGRESS    Completed epoch 1345 / 2000;    current loss: 0.24012058973312378
INFO Gradient norm: 45.53269921832101
PROGRESS    Completed epoch 1346 / 2000;    current loss: 0.23800541460514069
INFO Gradient norm: 51.02659758314521
PROGRESS    Completed epoch 1347 / 2000;    current loss: 0.2401295304298401
INFO Gradient norm: 44.26319020058442
PROGRESS    Completed epoch 1348 / 2000;    current loss: 0.2381148785352707
INFO Gradient norm: 53.42278795225785
PROGRESS    Completed epoch 1349 / 2000;    current loss: 0.23991243541240692
INFO Gradient norm: 45.32428984935342
PROGRESS    Completed epoch 1350 / 2000;    current loss: 0.23781830072402954
INFO Gradient norm: 50.77411699909269
PROGRESS    Completed epoch 1351 / 2000;    current loss: 0.2399062216281891
INFO Gradient norm: 44.050009971971186
PROGRESS    Completed epoch 1352 / 2000;    current loss: 0.23792490363121033
INFO Gradient norm: 53.15688863844952
PROGRESS    Completed epoch 1353 / 2000;    current loss: 0.23970654606819153
INFO Gradient norm: 45.12050465852754
PROGRESS    Completed epoch 1354 / 2000;    current loss: 0.23763835430145264
INFO Gradient norm: 50.552251861607246
PROGRESS    Completed epoch 1355 / 2000;    current loss: 0.23971857130527496
INFO Gradient norm: 43.85475208846503
PROGRESS    Completed epoch 1356 / 2000;    current loss: 0.23774142563343048
INFO Gradient norm: 52.89846446739869
PROGRESS    Completed epoch 1357 / 2000;    current loss: 0.23951400816440582
INFO Gradient norm: 44.90436528611411
PROGRESS    Completed epoch 1358 / 2000;    current loss: 0.23745818436145782
INFO Gradient norm: 50.300406808442695
PROGRESS    Completed epoch 1359 / 2000;    current loss: 0.23953619599342346
INFO Gradient norm: 43.63440983066266
PROGRESS    Completed epoch 1360 / 2000;    current loss: 0.23754346370697021
INFO Gradient norm: 52.652617754227805
PROGRESS    Completed epoch 1361 / 2000;    current loss: 0.2393028736114502
INFO Gradient norm: 44.7068819779322
PROGRESS    Completed epoch 1362 / 2000;    current loss: 0.23728051781654358
INFO Gradient norm: 50.0524465517388
PROGRESS    Completed epoch 1363 / 2000;    current loss: 0.23931121826171875
INFO Gradient norm: 43.43190065403954
PROGRESS    Completed epoch 1364 / 2000;    current loss: 0.2373645007610321
INFO Gradient norm: 52.402480522998346
PROGRESS    Completed epoch 1365 / 2000;    current loss: 0.23910817503929138
INFO Gradient norm: 44.501022707629105
PROGRESS    Completed epoch 1366 / 2000;    current loss: 0.23708666861057281
INFO Gradient norm: 49.81165907383664
PROGRESS    Completed epoch 1367 / 2000;    current loss: 0.23911485075950623
INFO Gradient norm: 43.217686740869425
PROGRESS    Completed epoch 1368 / 2000;    current loss: 0.2371719777584076
INFO Gradient norm: 52.119814045104604
PROGRESS    Completed epoch 1369 / 2000;    current loss: 0.23889590799808502
INFO Gradient norm: 44.27832961489817
PROGRESS    Completed epoch 1370 / 2000;    current loss: 0.23688773810863495
INFO Gradient norm: 49.57040240857164
PROGRESS    Completed epoch 1371 / 2000;    current loss: 0.23889636993408203
INFO Gradient norm: 43.016017369717396
PROGRESS    Completed epoch 1372 / 2000;    current loss: 0.23698633909225464
INFO Gradient norm: 51.885097610212334
PROGRESS    Completed epoch 1373 / 2000;    current loss: 0.23869583010673523
INFO Gradient norm: 44.07101524936285
PROGRESS    Completed epoch 1374 / 2000;    current loss: 0.23668664693832397
INFO Gradient norm: 49.323228695572325
PROGRESS    Completed epoch 1375 / 2000;    current loss: 0.23870337009429932
INFO Gradient norm: 42.79885481738304
PROGRESS    Completed epoch 1376 / 2000;    current loss: 0.23677735030651093
INFO Gradient norm: 51.64293867500091
PROGRESS    Completed epoch 1377 / 2000;    current loss: 0.23850220441818237
INFO Gradient norm: 43.881928494514675
PROGRESS    Completed epoch 1378 / 2000;    current loss: 0.23652514815330505
INFO Gradient norm: 49.07539561857046
PROGRESS    Completed epoch 1379 / 2000;    current loss: 0.23847968876361847
INFO Gradient norm: 42.5838568403895
PROGRESS    Completed epoch 1380 / 2000;    current loss: 0.23658321797847748
INFO Gradient norm: 51.39982010347315
PROGRESS    Completed epoch 1381 / 2000;    current loss: 0.2383056879043579
INFO Gradient norm: 43.67705113407591
PROGRESS    Completed epoch 1382 / 2000;    current loss: 0.23634807765483856
INFO Gradient norm: 48.835178789963145
PROGRESS    Completed epoch 1383 / 2000;    current loss: 0.2382681518793106
INFO Gradient norm: 42.38876988803288
PROGRESS    Completed epoch 1384 / 2000;    current loss: 0.23639582097530365
INFO Gradient norm: 51.128621342089495
PROGRESS    Completed epoch 1385 / 2000;    current loss: 0.23809446394443512
INFO Gradient norm: 43.46471175007909
PROGRESS    Completed epoch 1386 / 2000;    current loss: 0.2361678034067154
INFO Gradient norm: 48.60226514596937
PROGRESS    Completed epoch 1387 / 2000;    current loss: 0.23806613683700562
INFO Gradient norm: 42.18900390167349
PROGRESS    Completed epoch 1388 / 2000;    current loss: 0.23620255291461945
INFO Gradient norm: 50.89138497960097
PROGRESS    Completed epoch 1389 / 2000;    current loss: 0.23790529370307922
INFO Gradient norm: 43.25939204632357
PROGRESS    Completed epoch 1390 / 2000;    current loss: 0.2359810322523117
INFO Gradient norm: 48.35848191102878
PROGRESS    Completed epoch 1391 / 2000;    current loss: 0.23785755038261414
INFO Gradient norm: 41.96915281142749
PROGRESS    Completed epoch 1392 / 2000;    current loss: 0.2360270917415619
INFO Gradient norm: 50.633167255717424
PROGRESS    Completed epoch 1393 / 2000;    current loss: 0.23770032823085785
INFO Gradient norm: 43.05797488848146
PROGRESS    Completed epoch 1394 / 2000;    current loss: 0.23578692972660065
INFO Gradient norm: 48.116309527189564
PROGRESS    Completed epoch 1395 / 2000;    current loss: 0.23766519129276276
INFO Gradient norm: 41.75055859001365
PROGRESS    Completed epoch 1396 / 2000;    current loss: 0.23583032190799713
INFO Gradient norm: 50.38085637275904
PROGRESS    Completed epoch 1397 / 2000;    current loss: 0.23751592636108398
INFO Gradient norm: 42.845458814401205
PROGRESS    Completed epoch 1398 / 2000;    current loss: 0.23560704290866852
INFO Gradient norm: 47.85875627678453
PROGRESS    Completed epoch 1399 / 2000;    current loss: 0.2374567985534668
INFO Gradient norm: 41.549794958683904
PROGRESS    Completed epoch 1400 / 2000;    current loss: 0.23565243184566498
INFO Gradient norm: 50.12995764906355
PROGRESS    Completed epoch 1401 / 2000;    current loss: 0.23731206357479095
INFO Gradient norm: 42.63732285959938
PROGRESS    Completed epoch 1402 / 2000;    current loss: 0.23542210459709167
INFO Gradient norm: 47.63451954633352
PROGRESS    Completed epoch 1403 / 2000;    current loss: 0.23725348711013794
INFO Gradient norm: 41.34467417546865
PROGRESS    Completed epoch 1404 / 2000;    current loss: 0.23545268177986145
INFO Gradient norm: 49.871471911253835
PROGRESS    Completed epoch 1405 / 2000;    current loss: 0.23711250722408295
INFO Gradient norm: 42.424842414022116
PROGRESS    Completed epoch 1406 / 2000;    current loss: 0.23523004353046417
INFO Gradient norm: 47.3786644129987
PROGRESS    Completed epoch 1407 / 2000;    current loss: 0.2370608150959015
INFO Gradient norm: 41.13172006562907
PROGRESS    Completed epoch 1408 / 2000;    current loss: 0.2352599948644638
INFO Gradient norm: 49.61406938131347
PROGRESS    Completed epoch 1409 / 2000;    current loss: 0.23690100014209747
INFO Gradient norm: 42.21306750565811
PROGRESS    Completed epoch 1410 / 2000;    current loss: 0.23505982756614685
INFO Gradient norm: 47.15013094324449
PROGRESS    Completed epoch 1411 / 2000;    current loss: 0.2368408888578415
INFO Gradient norm: 40.919792357821514
PROGRESS    Completed epoch 1412 / 2000;    current loss: 0.23507185280323029
INFO Gradient norm: 49.36228481884614
PROGRESS    Completed epoch 1413 / 2000;    current loss: 0.2366994172334671
INFO Gradient norm: 42.02445322984633
PROGRESS    Completed epoch 1414 / 2000;    current loss: 0.23487213253974915
INFO Gradient norm: 46.89046298786003
PROGRESS    Completed epoch 1415 / 2000;    current loss: 0.236633762717247
INFO Gradient norm: 40.708056756054916
PROGRESS    Completed epoch 1416 / 2000;    current loss: 0.23488588631153107
INFO Gradient norm: 49.125992013758726
PROGRESS    Completed epoch 1417 / 2000;    current loss: 0.23650017380714417
INFO Gradient norm: 41.81291156633826
PROGRESS    Completed epoch 1418 / 2000;    current loss: 0.2346842736005783
INFO Gradient norm: 46.648588399468544
PROGRESS    Completed epoch 1419 / 2000;    current loss: 0.23643143475055695
INFO Gradient norm: 40.523838112882025
PROGRESS    Completed epoch 1420 / 2000;    current loss: 0.23470288515090942
INFO Gradient norm: 48.85839424941422
PROGRESS    Completed epoch 1421 / 2000;    current loss: 0.23630647361278534
INFO Gradient norm: 41.58664680655103
PROGRESS    Completed epoch 1422 / 2000;    current loss: 0.234494149684906
INFO Gradient norm: 44.83196113692692
PROGRESS    Completed epoch 1423 / 2000;    current loss: 0.235833078622818
INFO Gradient norm: 30.2059543892819
PROGRESS    Completed epoch 1424 / 2000;    current loss: 0.23251689970493317
INFO Gradient norm: 67.832590471749
PROGRESS    Completed epoch 1425 / 2000;    current loss: 0.2425253838300705
INFO Gradient norm: 62.79390345463275
PROGRESS    Completed epoch 1426 / 2000;    current loss: 0.24096046388149261
INFO Gradient norm: 29.140568564949625
PROGRESS    Completed epoch 1427 / 2000;    current loss: 0.23271720111370087
INFO Gradient norm: 26.393418153851446
PROGRESS    Completed epoch 1428 / 2000;    current loss: 0.23232807219028473
INFO Gradient norm: 56.77492871592496
PROGRESS    Completed epoch 1429 / 2000;    current loss: 0.23948827385902405
INFO Gradient norm: 41.61641453187361
PROGRESS    Completed epoch 1430 / 2000;    current loss: 0.23546509444713593
INFO Gradient norm: 50.56473960345383
PROGRESS    Completed epoch 1431 / 2000;    current loss: 0.23869740962982178
INFO Gradient norm: 48.865526562017955
PROGRESS    Completed epoch 1432 / 2000;    current loss: 0.23820649087429047
INFO Gradient norm: 33.033120990068674
PROGRESS    Completed epoch 1433 / 2000;    current loss: 0.23386874794960022
INFO Gradient norm: 25.976966629288718
PROGRESS    Completed epoch 1434 / 2000;    current loss: 0.2326815128326416
INFO Gradient norm: 54.11262621514289
PROGRESS    Completed epoch 1435 / 2000;    current loss: 0.24013739824295044
INFO Gradient norm: 44.7495457317077
PROGRESS    Completed epoch 1436 / 2000;    current loss: 0.2369893342256546
INFO Gradient norm: 44.60061369160261
PROGRESS    Completed epoch 1437 / 2000;    current loss: 0.23646719753742218
INFO Gradient norm: 41.71557385410976
PROGRESS    Completed epoch 1438 / 2000;    current loss: 0.2357167750597
INFO Gradient norm: 40.39219706609963
PROGRESS    Completed epoch 1439 / 2000;    current loss: 0.23568764328956604
INFO Gradient norm: 32.63821461323877
PROGRESS    Completed epoch 1440 / 2000;    current loss: 0.23380151391029358
INFO Gradient norm: 54.10810116264188
PROGRESS    Completed epoch 1441 / 2000;    current loss: 0.23904629051685333
INFO Gradient norm: 46.22641608031067
PROGRESS    Completed epoch 1442 / 2000;    current loss: 0.2367694228887558
INFO Gradient norm: 40.278103105600756
PROGRESS    Completed epoch 1443 / 2000;    current loss: 0.23556485772132874
INFO Gradient norm: 36.276542828777764
PROGRESS    Completed epoch 1444 / 2000;    current loss: 0.2345273494720459
INFO Gradient norm: 46.31127474272662
PROGRESS    Completed epoch 1445 / 2000;    current loss: 0.23675136268138885
INFO Gradient norm: 37.14128441628777
PROGRESS    Completed epoch 1446 / 2000;    current loss: 0.23451140522956848
INFO Gradient norm: 47.218048703344415
PROGRESS    Completed epoch 1447 / 2000;    current loss: 0.23753374814987183
INFO Gradient norm: 42.197540577158954
PROGRESS    Completed epoch 1448 / 2000;    current loss: 0.23598608374595642
INFO Gradient norm: 41.15142251234441
PROGRESS    Completed epoch 1449 / 2000;    current loss: 0.23531554639339447
INFO Gradient norm: 34.89827072111634
PROGRESS    Completed epoch 1450 / 2000;    current loss: 0.23387876152992249
INFO Gradient norm: 46.341765549134294
PROGRESS    Completed epoch 1451 / 2000;    current loss: 0.23708654940128326
INFO Gradient norm: 39.320668699772085
PROGRESS    Completed epoch 1452 / 2000;    current loss: 0.23501402139663696
INFO Gradient norm: 45.84162123044655
PROGRESS    Completed epoch 1453 / 2000;    current loss: 0.23629242181777954
INFO Gradient norm: 40.190550186449556
PROGRESS    Completed epoch 1454 / 2000;    current loss: 0.23483960330486298
INFO Gradient norm: 42.056449469459075
PROGRESS    Completed epoch 1455 / 2000;    current loss: 0.23560486733913422
INFO Gradient norm: 35.9260051413758
PROGRESS    Completed epoch 1456 / 2000;    current loss: 0.23397491872310638
INFO Gradient norm: 47.8713451073885
PROGRESS    Completed epoch 1457 / 2000;    current loss: 0.23663704097270966
INFO Gradient norm: 40.48954271514168
PROGRESS    Completed epoch 1458 / 2000;    current loss: 0.23472407460212708
INFO Gradient norm: 42.850648758756044
PROGRESS    Completed epoch 1459 / 2000;    current loss: 0.23569388687610626
INFO Gradient norm: 37.80963604149931
PROGRESS    Completed epoch 1460 / 2000;    current loss: 0.23427405953407288
INFO Gradient norm: 44.5957305991487
PROGRESS    Completed epoch 1461 / 2000;    current loss: 0.23561698198318481
INFO Gradient norm: 37.16125141099963
PROGRESS    Completed epoch 1462 / 2000;    current loss: 0.23379628360271454
INFO Gradient norm: 44.890268710435016
PROGRESS    Completed epoch 1463 / 2000;    current loss: 0.2361462265253067
INFO Gradient norm: 39.234414779196
PROGRESS    Completed epoch 1464 / 2000;    current loss: 0.2344808727502823
INFO Gradient norm: 43.43945587039059
PROGRESS    Completed epoch 1465 / 2000;    current loss: 0.23515304923057556
INFO Gradient norm: 37.046340230631195
PROGRESS    Completed epoch 1466 / 2000;    current loss: 0.2335975468158722
INFO Gradient norm: 43.91149033386318
PROGRESS    Completed epoch 1467 / 2000;    current loss: 0.2356867641210556
INFO Gradient norm: 37.76011187400747
PROGRESS    Completed epoch 1468 / 2000;    current loss: 0.23393815755844116
INFO Gradient norm: 45.05252569586595
PROGRESS    Completed epoch 1469 / 2000;    current loss: 0.2353813797235489
INFO Gradient norm: 38.6466996017104
PROGRESS    Completed epoch 1470 / 2000;    current loss: 0.23377780616283417
INFO Gradient norm: 42.4946580842488
PROGRESS    Completed epoch 1471 / 2000;    current loss: 0.23510286211967468
INFO Gradient norm: 36.809111741910776
PROGRESS    Completed epoch 1472 / 2000;    current loss: 0.23353326320648193
INFO Gradient norm: 45.08316417125235
PROGRESS    Completed epoch 1473 / 2000;    current loss: 0.23524457216262817
INFO Gradient norm: 38.15846933567147
PROGRESS    Completed epoch 1474 / 2000;    current loss: 0.23350322246551514
INFO Gradient norm: 42.8527478790727
PROGRESS    Completed epoch 1475 / 2000;    current loss: 0.23506160080432892
INFO Gradient norm: 37.457179089282
PROGRESS    Completed epoch 1476 / 2000;    current loss: 0.2335537075996399
INFO Gradient norm: 43.740318172063645
PROGRESS    Completed epoch 1477 / 2000;    current loss: 0.23474597930908203
INFO Gradient norm: 36.960206558729624
PROGRESS    Completed epoch 1478 / 2000;    current loss: 0.2330951690673828
INFO Gradient norm: 43.203674173384265
PROGRESS    Completed epoch 1479 / 2000;    current loss: 0.2350252866744995
INFO Gradient norm: 37.523420398887055
PROGRESS    Completed epoch 1480 / 2000;    current loss: 0.2334243357181549
INFO Gradient norm: 43.47307125334968
PROGRESS    Completed epoch 1481 / 2000;    current loss: 0.2345307618379593
INFO Gradient norm: 37.034519996576414
PROGRESS    Completed epoch 1482 / 2000;    current loss: 0.2329426258802414
INFO Gradient norm: 42.510770068143216
PROGRESS    Completed epoch 1483 / 2000;    current loss: 0.23467549681663513
INFO Gradient norm: 36.79213024715128
PROGRESS    Completed epoch 1484 / 2000;    current loss: 0.2330843210220337
INFO Gradient norm: 43.82088396658438
PROGRESS    Completed epoch 1485 / 2000;    current loss: 0.2344551831483841
INFO Gradient norm: 37.329003546302815
PROGRESS    Completed epoch 1486 / 2000;    current loss: 0.23286348581314087
INFO Gradient norm: 41.964406221275816
PROGRESS    Completed epoch 1487 / 2000;    current loss: 0.23436905443668365
INFO Gradient norm: 36.45188127461071
PROGRESS    Completed epoch 1488 / 2000;    current loss: 0.23284663259983063
INFO Gradient norm: 43.45307864274378
PROGRESS    Completed epoch 1489 / 2000;    current loss: 0.23421373963356018
INFO Gradient norm: 36.833437705143005
PROGRESS    Completed epoch 1490 / 2000;    current loss: 0.23259003460407257
INFO Gradient norm: 41.9996305477151
PROGRESS    Completed epoch 1491 / 2000;    current loss: 0.23422610759735107
INFO Gradient norm: 36.55550002917852
PROGRESS    Completed epoch 1492 / 2000;    current loss: 0.23270806670188904
INFO Gradient norm: 42.81844964721793
PROGRESS    Completed epoch 1493 / 2000;    current loss: 0.2339114248752594
INFO Gradient norm: 36.35320034223915
PROGRESS    Completed epoch 1494 / 2000;    current loss: 0.23234473168849945
INFO Gradient norm: 41.84356006566825
PROGRESS    Completed epoch 1495 / 2000;    current loss: 0.23403257131576538
INFO Gradient norm: 36.3330080223237
PROGRESS    Completed epoch 1496 / 2000;    current loss: 0.23252564668655396
INFO Gradient norm: 42.678896271640895
PROGRESS    Completed epoch 1497 / 2000;    current loss: 0.23371973633766174
INFO Gradient norm: 36.32806184365157
PROGRESS    Completed epoch 1498 / 2000;    current loss: 0.23216764628887177
INFO Gradient norm: 41.40662190285846
PROGRESS    Completed epoch 1499 / 2000;    current loss: 0.23378176987171173
INFO Gradient norm: 35.93462897115384
PROGRESS    Completed epoch 1500 / 2000;    current loss: 0.23226866126060486
INFO Gradient norm: 42.55680060828047
PROGRESS    Completed epoch 1501 / 2000;    current loss: 0.23353613913059235
INFO Gradient norm: 36.20167062019799
PROGRESS    Completed epoch 1502 / 2000;    current loss: 0.23199832439422607
INFO Gradient norm: 41.112984608653306
PROGRESS    Completed epoch 1503 / 2000;    current loss: 0.23352977633476257
INFO Gradient norm: 35.722048404606305
PROGRESS    Completed epoch 1504 / 2000;    current loss: 0.232060045003891
INFO Gradient norm: 42.17909696143347
PROGRESS    Completed epoch 1505 / 2000;    current loss: 0.23329737782478333
INFO Gradient norm: 35.84356705810498
PROGRESS    Completed epoch 1506 / 2000;    current loss: 0.23177014291286469
INFO Gradient norm: 40.943709276033275
PROGRESS    Completed epoch 1507 / 2000;    current loss: 0.2333507239818573
INFO Gradient norm: 35.58454433385916
PROGRESS    Completed epoch 1508 / 2000;    current loss: 0.23189330101013184
INFO Gradient norm: 41.81567965866039
PROGRESS    Completed epoch 1509 / 2000;    current loss: 0.23307041823863983
INFO Gradient norm: 35.560754008604974
PROGRESS    Completed epoch 1510 / 2000;    current loss: 0.23156069219112396
INFO Gradient norm: 40.67673938271694
PROGRESS    Completed epoch 1511 / 2000;    current loss: 0.23313263058662415
INFO Gradient norm: 35.32193761072304
PROGRESS    Completed epoch 1512 / 2000;    current loss: 0.23166409134864807
INFO Gradient norm: 41.614994066415115
PROGRESS    Completed epoch 1513 / 2000;    current loss: 0.23287329077720642
INFO Gradient norm: 35.41542927950566
PROGRESS    Completed epoch 1514 / 2000;    current loss: 0.2313598096370697
INFO Gradient norm: 40.34122225827969
PROGRESS    Completed epoch 1515 / 2000;    current loss: 0.2328900396823883
INFO Gradient norm: 35.04370920250636
PROGRESS    Completed epoch 1516 / 2000;    current loss: 0.2314649522304535
INFO Gradient norm: 41.36905700595994
PROGRESS    Completed epoch 1517 / 2000;    current loss: 0.2326611429452896
INFO Gradient norm: 35.17808104120193
PROGRESS    Completed epoch 1518 / 2000;    current loss: 0.23116804659366608
INFO Gradient norm: 40.08663333103111
PROGRESS    Completed epoch 1519 / 2000;    current loss: 0.2326541244983673
INFO Gradient norm: 34.83203302514651
PROGRESS    Completed epoch 1520 / 2000;    current loss: 0.23124215006828308
INFO Gradient norm: 41.05049482064965
PROGRESS    Completed epoch 1521 / 2000;    current loss: 0.23243406414985657
INFO Gradient norm: 34.91657720014349
PROGRESS    Completed epoch 1522 / 2000;    current loss: 0.230962872505188
INFO Gradient norm: 39.834703195557935
PROGRESS    Completed epoch 1523 / 2000;    current loss: 0.2324581891298294
INFO Gradient norm: 34.61419401891201
PROGRESS    Completed epoch 1524 / 2000;    current loss: 0.23103071749210358
INFO Gradient norm: 40.7624241517371
PROGRESS    Completed epoch 1525 / 2000;    current loss: 0.23222202062606812
INFO Gradient norm: 34.67564240589999
PROGRESS    Completed epoch 1526 / 2000;    current loss: 0.23077334463596344
INFO Gradient norm: 39.573481580175155
PROGRESS    Completed epoch 1527 / 2000;    current loss: 0.23224806785583496
INFO Gradient norm: 34.36908219379349
PROGRESS    Completed epoch 1528 / 2000;    current loss: 0.23083317279815674
INFO Gradient norm: 40.51396916331735
PROGRESS    Completed epoch 1529 / 2000;    current loss: 0.23199738562107086
INFO Gradient norm: 34.47716048986878
PROGRESS    Completed epoch 1530 / 2000;    current loss: 0.2305748611688614
INFO Gradient norm: 39.27965363766579
PROGRESS    Completed epoch 1531 / 2000;    current loss: 0.23200486600399017
INFO Gradient norm: 34.117022142777415
PROGRESS    Completed epoch 1532 / 2000;    current loss: 0.23063795268535614
INFO Gradient norm: 40.22818801794151
PROGRESS    Completed epoch 1533 / 2000;    current loss: 0.23178812861442566
INFO Gradient norm: 34.2439988446387
PROGRESS    Completed epoch 1534 / 2000;    current loss: 0.230362206697464
INFO Gradient norm: 39.02066865930517
PROGRESS    Completed epoch 1535 / 2000;    current loss: 0.23180052638053894
INFO Gradient norm: 33.90382681207383
PROGRESS    Completed epoch 1536 / 2000;    current loss: 0.23043008148670197
INFO Gradient norm: 39.9396408500554
PROGRESS    Completed epoch 1537 / 2000;    current loss: 0.2315692901611328
INFO Gradient norm: 33.99489030367531
PROGRESS    Completed epoch 1538 / 2000;    current loss: 0.2301551103591919
INFO Gradient norm: 38.77203248702645
PROGRESS    Completed epoch 1539 / 2000;    current loss: 0.2315799593925476
INFO Gradient norm: 33.662592010519276
PROGRESS    Completed epoch 1540 / 2000;    current loss: 0.2302292436361313
INFO Gradient norm: 39.66747448728872
PROGRESS    Completed epoch 1541 / 2000;    current loss: 0.23135843873023987
INFO Gradient norm: 33.786965612888224
PROGRESS    Completed epoch 1542 / 2000;    current loss: 0.22996781766414642
INFO Gradient norm: 38.48315141556001
PROGRESS    Completed epoch 1543 / 2000;    current loss: 0.23137454688549042
INFO Gradient norm: 33.42776654065001
PROGRESS    Completed epoch 1544 / 2000;    current loss: 0.23000501096248627
INFO Gradient norm: 39.40604241347226
PROGRESS    Completed epoch 1545 / 2000;    current loss: 0.23114773631095886
INFO Gradient norm: 33.57566414352855
PROGRESS    Completed epoch 1546 / 2000;    current loss: 0.22976772487163544
INFO Gradient norm: 38.212260300001496
PROGRESS    Completed epoch 1547 / 2000;    current loss: 0.2311481237411499
INFO Gradient norm: 33.197169094976175
PROGRESS    Completed epoch 1548 / 2000;    current loss: 0.2297975867986679
INFO Gradient norm: 39.12870572492646
PROGRESS    Completed epoch 1549 / 2000;    current loss: 0.23092344403266907
INFO Gradient norm: 33.32757443935927
PROGRESS    Completed epoch 1550 / 2000;    current loss: 0.22956141829490662
INFO Gradient norm: 37.94893761111804
PROGRESS    Completed epoch 1551 / 2000;    current loss: 0.23092375695705414
INFO Gradient norm: 32.98131013826833
PROGRESS    Completed epoch 1552 / 2000;    current loss: 0.22960716485977173
INFO Gradient norm: 38.84043777760276
PROGRESS    Completed epoch 1553 / 2000;    current loss: 0.23072268068790436
INFO Gradient norm: 33.10396035716641
PROGRESS    Completed epoch 1554 / 2000;    current loss: 0.22937655448913574
INFO Gradient norm: 37.6777738059711
PROGRESS    Completed epoch 1555 / 2000;    current loss: 0.230695441365242
INFO Gradient norm: 32.7528805972629
PROGRESS    Completed epoch 1556 / 2000;    current loss: 0.22939859330654144
INFO Gradient norm: 38.593604730988424
PROGRESS    Completed epoch 1557 / 2000;    current loss: 0.23051249980926514
INFO Gradient norm: 32.868131984948164
PROGRESS    Completed epoch 1558 / 2000;    current loss: 0.22916598618030548
INFO Gradient norm: 37.428155059070804
PROGRESS    Completed epoch 1559 / 2000;    current loss: 0.23049454391002655
INFO Gradient norm: 32.51680261659402
PROGRESS    Completed epoch 1560 / 2000;    current loss: 0.22918319702148438
INFO Gradient norm: 38.318498558669084
PROGRESS    Completed epoch 1561 / 2000;    current loss: 0.23028527200222015
INFO Gradient norm: 32.66870138975534
PROGRESS    Completed epoch 1562 / 2000;    current loss: 0.22896237671375275
INFO Gradient norm: 37.15487043059732
PROGRESS    Completed epoch 1563 / 2000;    current loss: 0.2302648276090622
INFO Gradient norm: 32.281379264791845
PROGRESS    Completed epoch 1564 / 2000;    current loss: 0.2289789468050003
INFO Gradient norm: 38.03094079015019
PROGRESS    Completed epoch 1565 / 2000;    current loss: 0.23007990419864655
INFO Gradient norm: 32.42148001613523
PROGRESS    Completed epoch 1566 / 2000;    current loss: 0.22875353693962097
INFO Gradient norm: 36.90842253953539
PROGRESS    Completed epoch 1567 / 2000;    current loss: 0.23003360629081726
INFO Gradient norm: 32.07658715212164
PROGRESS    Completed epoch 1568 / 2000;    current loss: 0.2287818342447281
INFO Gradient norm: 37.76672164751143
PROGRESS    Completed epoch 1569 / 2000;    current loss: 0.22985586524009705
INFO Gradient norm: 32.193374281843646
PROGRESS    Completed epoch 1570 / 2000;    current loss: 0.22856368124485016
INFO Gradient norm: 36.64320288294424
PROGRESS    Completed epoch 1571 / 2000;    current loss: 0.22982841730117798
INFO Gradient norm: 31.835974677371468
PROGRESS    Completed epoch 1572 / 2000;    current loss: 0.22859545052051544
INFO Gradient norm: 37.52299130215081
PROGRESS    Completed epoch 1573 / 2000;    current loss: 0.22966556251049042
INFO Gradient norm: 31.983422124261896
PROGRESS    Completed epoch 1574 / 2000;    current loss: 0.22837932407855988
INFO Gradient norm: 36.36861889983668
PROGRESS    Completed epoch 1575 / 2000;    current loss: 0.22961074113845825
INFO Gradient norm: 31.61003271313002
PROGRESS    Completed epoch 1576 / 2000;    current loss: 0.22836734354496002
INFO Gradient norm: 37.211428721105555
PROGRESS    Completed epoch 1577 / 2000;    current loss: 0.2294355034828186
INFO Gradient norm: 31.750587274537978
PROGRESS    Completed epoch 1578 / 2000;    current loss: 0.228184774518013
INFO Gradient norm: 36.12145914846165
PROGRESS    Completed epoch 1579 / 2000;    current loss: 0.22939378023147583
INFO Gradient norm: 31.399952334570052
PROGRESS    Completed epoch 1580 / 2000;    current loss: 0.22818540036678314
INFO Gradient norm: 36.95077135165493
PROGRESS    Completed epoch 1581 / 2000;    current loss: 0.22920970618724823
INFO Gradient norm: 31.52288703755713
PROGRESS    Completed epoch 1582 / 2000;    current loss: 0.22796548902988434
INFO Gradient norm: 35.863475944443124
PROGRESS    Completed epoch 1583 / 2000;    current loss: 0.22917817533016205
INFO Gradient norm: 31.16294813838908
PROGRESS    Completed epoch 1584 / 2000;    current loss: 0.22797712683677673
INFO Gradient norm: 36.698503130987675
PROGRESS    Completed epoch 1585 / 2000;    current loss: 0.22899863123893738
INFO Gradient norm: 31.318619961877804
PROGRESS    Completed epoch 1586 / 2000;    current loss: 0.22777773439884186
INFO Gradient norm: 35.58410190428562
PROGRESS    Completed epoch 1587 / 2000;    current loss: 0.22895187139511108
INFO Gradient norm: 30.948024827124822
PROGRESS    Completed epoch 1588 / 2000;    current loss: 0.22776535153388977
INFO Gradient norm: 36.42606765152087
PROGRESS    Completed epoch 1589 / 2000;    current loss: 0.22877997159957886
INFO Gradient norm: 31.085217166451923
PROGRESS    Completed epoch 1590 / 2000;    current loss: 0.22756178677082062
INFO Gradient norm: 35.349812116575606
PROGRESS    Completed epoch 1591 / 2000;    current loss: 0.22875502705574036
INFO Gradient norm: 30.73616722489586
PROGRESS    Completed epoch 1592 / 2000;    current loss: 0.22757425904273987
INFO Gradient norm: 36.139253275032296
PROGRESS    Completed epoch 1593 / 2000;    current loss: 0.22857479751110077
INFO Gradient norm: 30.86868397801531
PROGRESS    Completed epoch 1594 / 2000;    current loss: 0.22736947238445282
INFO Gradient norm: 35.08569540887108
PROGRESS    Completed epoch 1595 / 2000;    current loss: 0.22853101789951324
INFO Gradient norm: 30.504250289936202
PROGRESS    Completed epoch 1596 / 2000;    current loss: 0.22735477983951569
INFO Gradient norm: 35.90100988430676
PROGRESS    Completed epoch 1597 / 2000;    current loss: 0.2283654659986496
INFO Gradient norm: 30.64523912214609
PROGRESS    Completed epoch 1598 / 2000;    current loss: 0.2271568477153778
INFO Gradient norm: 34.84439838311138
PROGRESS    Completed epoch 1599 / 2000;    current loss: 0.2283390313386917
INFO Gradient norm: 30.554884078696105
PROGRESS    Completed epoch 1600 / 2000;    current loss: 0.22720515727996826
INFO Gradient norm: 35.67887869692393
PROGRESS    Completed epoch 1601 / 2000;    current loss: 0.22817571461200714
INFO Gradient norm: 30.53415986042036
PROGRESS    Completed epoch 1602 / 2000;    current loss: 0.22697973251342773
INFO Gradient norm: 34.740563031020514
PROGRESS    Completed epoch 1603 / 2000;    current loss: 0.22813431918621063
INFO Gradient norm: 30.205711587813603
PROGRESS    Completed epoch 1604 / 2000;    current loss: 0.226975217461586
INFO Gradient norm: 35.29654850562188
PROGRESS    Completed epoch 1605 / 2000;    current loss: 0.22790898382663727
INFO Gradient norm: 30.214603979313605
PROGRESS    Completed epoch 1606 / 2000;    current loss: 0.22675162553787231
INFO Gradient norm: 34.29514296918025
PROGRESS    Completed epoch 1607 / 2000;    current loss: 0.2278565764427185
INFO Gradient norm: 29.777622100818146
PROGRESS    Completed epoch 1608 / 2000;    current loss: 0.2267124205827713
INFO Gradient norm: 35.24259200369501
PROGRESS    Completed epoch 1609 / 2000;    current loss: 0.22773589193820953
INFO Gradient norm: 30.120677050775207
PROGRESS    Completed epoch 1610 / 2000;    current loss: 0.2265591025352478
INFO Gradient norm: 34.024099911914945
PROGRESS    Completed epoch 1611 / 2000;    current loss: 0.22763670980930328
INFO Gradient norm: 29.60291688817385
PROGRESS    Completed epoch 1612 / 2000;    current loss: 0.22650504112243652
INFO Gradient norm: 34.87213273638383
PROGRESS    Completed epoch 1613 / 2000;    current loss: 0.22750088572502136
INFO Gradient norm: 29.761743379867603
PROGRESS    Completed epoch 1614 / 2000;    current loss: 0.2263435423374176
INFO Gradient norm: 33.900221958864854
PROGRESS    Completed epoch 1615 / 2000;    current loss: 0.22745448350906372
INFO Gradient norm: 29.487519024523817
PROGRESS    Completed epoch 1616 / 2000;    current loss: 0.22635026276111603
INFO Gradient norm: 34.53317086881674
PROGRESS    Completed epoch 1617 / 2000;    current loss: 0.22725607454776764
INFO Gradient norm: 29.520436126927002
PROGRESS    Completed epoch 1618 / 2000;    current loss: 0.22613075375556946
INFO Gradient norm: 33.61645602344028
PROGRESS    Completed epoch 1619 / 2000;    current loss: 0.22722283005714417
INFO Gradient norm: 29.227172162342598
PROGRESS    Completed epoch 1620 / 2000;    current loss: 0.22612906992435455
INFO Gradient norm: 34.37189741221099
PROGRESS    Completed epoch 1621 / 2000;    current loss: 0.22707055509090424
INFO Gradient norm: 29.403306410890828
PROGRESS    Completed epoch 1622 / 2000;    current loss: 0.22597503662109375
INFO Gradient norm: 33.30934309812259
PROGRESS    Completed epoch 1623 / 2000;    current loss: 0.22698689997196198
INFO Gradient norm: 28.955938728056168
PROGRESS    Completed epoch 1624 / 2000;    current loss: 0.22590947151184082
INFO Gradient norm: 34.13544429291416
PROGRESS    Completed epoch 1625 / 2000;    current loss: 0.2268592268228531
INFO Gradient norm: 29.16491687475051
PROGRESS    Completed epoch 1626 / 2000;    current loss: 0.22575663030147552
INFO Gradient norm: 33.08668621437734
PROGRESS    Completed epoch 1627 / 2000;    current loss: 0.22679714858531952
INFO Gradient norm: 28.802386542006303
PROGRESS    Completed epoch 1628 / 2000;    current loss: 0.22573769092559814
INFO Gradient norm: 33.81601334926411
PROGRESS    Completed epoch 1629 / 2000;    current loss: 0.2266472727060318
INFO Gradient norm: 28.893699055677782
PROGRESS    Completed epoch 1630 / 2000;    current loss: 0.2255399078130722
INFO Gradient norm: 32.88937750091577
PROGRESS    Completed epoch 1631 / 2000;    current loss: 0.2265625149011612
INFO Gradient norm: 28.60386207353431
PROGRESS    Completed epoch 1632 / 2000;    current loss: 0.2255071997642517
INFO Gradient norm: 33.570042410860204
PROGRESS    Completed epoch 1633 / 2000;    current loss: 0.2264287769794464
INFO Gradient norm: 28.723758184417086
PROGRESS    Completed epoch 1634 / 2000;    current loss: 0.22535960376262665
INFO Gradient norm: 32.59500557705731
PROGRESS    Completed epoch 1635 / 2000;    current loss: 0.22635036706924438
INFO Gradient norm: 28.33776893961423
PROGRESS    Completed epoch 1636 / 2000;    current loss: 0.22529210150241852
INFO Gradient norm: 33.361052264814916
PROGRESS    Completed epoch 1637 / 2000;    current loss: 0.2261967658996582
INFO Gradient norm: 28.54437778185764
PROGRESS    Completed epoch 1638 / 2000;    current loss: 0.22513103485107422
INFO Gradient norm: 31.530784343803678
PROGRESS    Completed epoch 1639 / 2000;    current loss: 0.22591151297092438
INFO Gradient norm: 22.16124835952678
PROGRESS    Completed epoch 1640 / 2000;    current loss: 0.22411318123340607
INFO Gradient norm: 42.765470377394564
PROGRESS    Completed epoch 1641 / 2000;    current loss: 0.22891181707382202
INFO Gradient norm: 40.33568030856107
PROGRESS    Completed epoch 1642 / 2000;    current loss: 0.22833660244941711
INFO Gradient norm: 19.864695177597696
PROGRESS    Completed epoch 1643 / 2000;    current loss: 0.22407351434230804
INFO Gradient norm: 17.754398790098012
PROGRESS    Completed epoch 1644 / 2000;    current loss: 0.2238730788230896
INFO Gradient norm: 37.76135284759438
PROGRESS    Completed epoch 1645 / 2000;    current loss: 0.22794023156166077
INFO Gradient norm: 28.396495456935927
PROGRESS    Completed epoch 1646 / 2000;    current loss: 0.2258567363023758
INFO Gradient norm: 33.74020549223185
PROGRESS    Completed epoch 1647 / 2000;    current loss: 0.22735421359539032
INFO Gradient norm: 32.68458537233251
PROGRESS    Completed epoch 1648 / 2000;    current loss: 0.22711396217346191
INFO Gradient norm: 23.191022398076154
PROGRESS    Completed epoch 1649 / 2000;    current loss: 0.22502581775188446
INFO Gradient norm: 18.80635626441496
PROGRESS    Completed epoch 1650 / 2000;    current loss: 0.2243204563856125
INFO Gradient norm: 36.06492904744973
PROGRESS    Completed epoch 1651 / 2000;    current loss: 0.22809390723705292
INFO Gradient norm: 29.825109450680014
PROGRESS    Completed epoch 1652 / 2000;    current loss: 0.2264251857995987
INFO Gradient norm: 30.72860646929276
PROGRESS    Completed epoch 1653 / 2000;    current loss: 0.22640188038349152
INFO Gradient norm: 29.14152649801197
PROGRESS    Completed epoch 1654 / 2000;    current loss: 0.22604630887508392
INFO Gradient norm: 26.45806763623626
PROGRESS    Completed epoch 1655 / 2000;    current loss: 0.22557388246059418
INFO Gradient norm: 21.4037832377864
PROGRESS    Completed epoch 1656 / 2000;    current loss: 0.22453802824020386
INFO Gradient norm: 36.770116928168406
PROGRESS    Completed epoch 1657 / 2000;    current loss: 0.22776314616203308
INFO Gradient norm: 31.706912381452543
PROGRESS    Completed epoch 1658 / 2000;    current loss: 0.2264825403690338
INFO Gradient norm: 26.85768167159271
PROGRESS    Completed epoch 1659 / 2000;    current loss: 0.22552666068077087
INFO Gradient norm: 24.434595711731124
PROGRESS    Completed epoch 1660 / 2000;    current loss: 0.22501547634601593
INFO Gradient norm: 31.233142629727627
PROGRESS    Completed epoch 1661 / 2000;    current loss: 0.22628851234912872
INFO Gradient norm: 25.468316370254154
PROGRESS    Completed epoch 1662 / 2000;    current loss: 0.22507184743881226
INFO Gradient norm: 31.797382232870216
PROGRESS    Completed epoch 1663 / 2000;    current loss: 0.22658036649227142
INFO Gradient norm: 28.495237698660592
PROGRESS    Completed epoch 1664 / 2000;    current loss: 0.22572346031665802
INFO Gradient norm: 27.981840222928394
PROGRESS    Completed epoch 1665 / 2000;    current loss: 0.22542007267475128
INFO Gradient norm: 24.232557606437794
PROGRESS    Completed epoch 1666 / 2000;    current loss: 0.22466975450515747
INFO Gradient norm: 30.825490704444224
PROGRESS    Completed epoch 1667 / 2000;    current loss: 0.22615137696266174
INFO Gradient norm: 26.14275777284611
PROGRESS    Completed epoch 1668 / 2000;    current loss: 0.2250126451253891
INFO Gradient norm: 31.241790604377456
PROGRESS    Completed epoch 1669 / 2000;    current loss: 0.2259470373392105
INFO Gradient norm: 27.850009113578565
PROGRESS    Completed epoch 1670 / 2000;    current loss: 0.22517390549182892
INFO Gradient norm: 27.60720810616773
PROGRESS    Completed epoch 1671 / 2000;    current loss: 0.22522343695163727
INFO Gradient norm: 23.667728873346828
PROGRESS    Completed epoch 1672 / 2000;    current loss: 0.22434470057487488
INFO Gradient norm: 32.42204536152448
PROGRESS    Completed epoch 1673 / 2000;    current loss: 0.22604382038116455
INFO Gradient norm: 27.80171390964448
PROGRESS    Completed epoch 1674 / 2000;    current loss: 0.2249981015920639
INFO Gradient norm: 28.288612930451254
PROGRESS    Completed epoch 1675 / 2000;    current loss: 0.2251964658498764
INFO Gradient norm: 25.130418737549796
PROGRESS    Completed epoch 1676 / 2000;    current loss: 0.2244693636894226
INFO Gradient norm: 30.004483841527485
PROGRESS    Completed epoch 1677 / 2000;    current loss: 0.22533689439296722
INFO Gradient norm: 25.41029468297409
PROGRESS    Completed epoch 1678 / 2000;    current loss: 0.22435380518436432
INFO Gradient norm: 29.750339515357577
PROGRESS    Completed epoch 1679 / 2000;    current loss: 0.22539667785167694
INFO Gradient norm: 26.105338213279403
PROGRESS    Completed epoch 1680 / 2000;    current loss: 0.22453050315380096
INFO Gradient norm: 29.21840649216757
PROGRESS    Completed epoch 1681 / 2000;    current loss: 0.22501115500926971
INFO Gradient norm: 25.369113678344746
PROGRESS    Completed epoch 1682 / 2000;    current loss: 0.2241811454296112
INFO Gradient norm: 28.894532740128245
PROGRESS    Completed epoch 1683 / 2000;    current loss: 0.2250262349843979
INFO Gradient norm: 24.888268842561928
PROGRESS    Completed epoch 1684 / 2000;    current loss: 0.2241058051586151
INFO Gradient norm: 30.367390197775773
PROGRESS    Completed epoch 1685 / 2000;    current loss: 0.22506599128246307
INFO Gradient norm: 26.51302828439355
PROGRESS    Completed epoch 1686 / 2000;    current loss: 0.22421307861804962
INFO Gradient norm: 27.759534966342187
PROGRESS    Completed epoch 1687 / 2000;    current loss: 0.22458311915397644
INFO Gradient norm: 24.14375312515829
PROGRESS    Completed epoch 1688 / 2000;    current loss: 0.22377103567123413
INFO Gradient norm: 30.343478338971597
PROGRESS    Completed epoch 1689 / 2000;    current loss: 0.22491177916526794
INFO Gradient norm: 26.067325044327898
PROGRESS    Completed epoch 1690 / 2000;    current loss: 0.223942369222641
INFO Gradient norm: 28.093617876916394
PROGRESS    Completed epoch 1691 / 2000;    current loss: 0.2244952768087387
INFO Gradient norm: 24.666364330222063
PROGRESS    Completed epoch 1692 / 2000;    current loss: 0.22370852530002594
INFO Gradient norm: 29.290258563927697
PROGRESS    Completed epoch 1693 / 2000;    current loss: 0.22450286149978638
INFO Gradient norm: 25.153371259635907
PROGRESS    Completed epoch 1694 / 2000;    current loss: 0.22359509766101837
INFO Gradient norm: 28.351194871074618
PROGRESS    Completed epoch 1695 / 2000;    current loss: 0.22439171373844147
INFO Gradient norm: 24.73102608859129
PROGRESS    Completed epoch 1696 / 2000;    current loss: 0.22355884313583374
INFO Gradient norm: 29.0572288774448
PROGRESS    Completed epoch 1697 / 2000;    current loss: 0.2242916375398636
INFO Gradient norm: 25.201362116283807
PROGRESS    Completed epoch 1698 / 2000;    current loss: 0.22345757484436035
INFO Gradient norm: 27.776716272069255
PROGRESS    Completed epoch 1699 / 2000;    current loss: 0.22411207854747772
INFO Gradient norm: 24.113672151497966
PROGRESS    Completed epoch 1700 / 2000;    current loss: 0.2232426106929779
INFO Gradient norm: 29.332623115903896
PROGRESS    Completed epoch 1701 / 2000;    current loss: 0.22416305541992188
INFO Gradient norm: 25.40576770228769
PROGRESS    Completed epoch 1702 / 2000;    current loss: 0.22332261502742767
INFO Gradient norm: 27.342199340473197
PROGRESS    Completed epoch 1703 / 2000;    current loss: 0.22383837401866913
INFO Gradient norm: 23.853559574698224
PROGRESS    Completed epoch 1704 / 2000;    current loss: 0.2230372279882431
INFO Gradient norm: 28.998052882340666
PROGRESS    Completed epoch 1705 / 2000;    current loss: 0.22394959628582
INFO Gradient norm: 24.976018339206284
PROGRESS    Completed epoch 1706 / 2000;    current loss: 0.22305794060230255
INFO Gradient norm: 27.404890764986032
PROGRESS    Completed epoch 1707 / 2000;    current loss: 0.2236732542514801
INFO Gradient norm: 23.958816035346345
PROGRESS    Completed epoch 1708 / 2000;    current loss: 0.22288119792938232
INFO Gradient norm: 28.502181055581786
PROGRESS    Completed epoch 1709 / 2000;    current loss: 0.22365540266036987
INFO Gradient norm: 24.58684987286181
PROGRESS    Completed epoch 1710 / 2000;    current loss: 0.22282102704048157
INFO Gradient norm: 27.27468533628206
PROGRESS    Completed epoch 1711 / 2000;    current loss: 0.2234748899936676
INFO Gradient norm: 23.758269994957345
PROGRESS    Completed epoch 1712 / 2000;    current loss: 0.22267237305641174
INFO Gradient norm: 28.390501197464175
PROGRESS    Completed epoch 1713 / 2000;    current loss: 0.2234693318605423
INFO Gradient norm: 24.5707816778565
PROGRESS    Completed epoch 1714 / 2000;    current loss: 0.22264829277992249
INFO Gradient norm: 26.725643880381497
PROGRESS    Completed epoch 1715 / 2000;    current loss: 0.22322256863117218
INFO Gradient norm: 23.28316126279084
PROGRESS    Completed epoch 1716 / 2000;    current loss: 0.22245056927204132
INFO Gradient norm: 28.39298842199991
PROGRESS    Completed epoch 1717 / 2000;    current loss: 0.22335276007652283
INFO Gradient norm: 24.470947048020786
PROGRESS    Completed epoch 1718 / 2000;    current loss: 0.22250622510910034
INFO Gradient norm: 26.739341168957818
PROGRESS    Completed epoch 1719 / 2000;    current loss: 0.2230609506368637
INFO Gradient norm: 23.40811604282436
PROGRESS    Completed epoch 1720 / 2000;    current loss: 0.22230370342731476
INFO Gradient norm: 27.83936777685615
PROGRESS    Completed epoch 1721 / 2000;    current loss: 0.2230624407529831
INFO Gradient norm: 24.018193928292646
PROGRESS    Completed epoch 1722 / 2000;    current loss: 0.22225216031074524
INFO Gradient norm: 26.67724954346833
PROGRESS    Completed epoch 1723 / 2000;    current loss: 0.22287510335445404
INFO Gradient norm: 23.264187677332963
PROGRESS    Completed epoch 1724 / 2000;    current loss: 0.22210131585597992
INFO Gradient norm: 27.67439216252349
PROGRESS    Completed epoch 1725 / 2000;    current loss: 0.22285765409469604
INFO Gradient norm: 23.961591601758055
PROGRESS    Completed epoch 1726 / 2000;    current loss: 0.22206184267997742
INFO Gradient norm: 26.320241440142155
PROGRESS    Completed epoch 1727 / 2000;    current loss: 0.2226208746433258
INFO Gradient norm: 22.92660792880129
PROGRESS    Completed epoch 1728 / 2000;    current loss: 0.22183862328529358
INFO Gradient norm: 27.6104166338985
PROGRESS    Completed epoch 1729 / 2000;    current loss: 0.22264693677425385
INFO Gradient norm: 23.893631796404023
PROGRESS    Completed epoch 1730 / 2000;    current loss: 0.22185000777244568
INFO Gradient norm: 26.076733428864454
PROGRESS    Completed epoch 1731 / 2000;    current loss: 0.22236746549606323
INFO Gradient norm: 22.75020452522071
PROGRESS    Completed epoch 1732 / 2000;    current loss: 0.22162188589572906
INFO Gradient norm: 27.33556606422505
PROGRESS    Completed epoch 1733 / 2000;    current loss: 0.22241580486297607
INFO Gradient norm: 23.60686568838241
PROGRESS    Completed epoch 1734 / 2000;    current loss: 0.22162847220897675
INFO Gradient norm: 25.978768666343953
PROGRESS    Completed epoch 1735 / 2000;    current loss: 0.22217373549938202
INFO Gradient norm: 22.69258355627335
PROGRESS    Completed epoch 1736 / 2000;    current loss: 0.2214316874742508
INFO Gradient norm: 27.04901767722649
PROGRESS    Completed epoch 1737 / 2000;    current loss: 0.22216708958148956
INFO Gradient norm: 23.388992810048997
PROGRESS    Completed epoch 1738 / 2000;    current loss: 0.22140608727931976
INFO Gradient norm: 25.77909616413821
PROGRESS    Completed epoch 1739 / 2000;    current loss: 0.2219478189945221
INFO Gradient norm: 22.46821022058606
PROGRESS    Completed epoch 1740 / 2000;    current loss: 0.22121113538742065
INFO Gradient norm: 26.91696081138341
PROGRESS    Completed epoch 1741 / 2000;    current loss: 0.22196756303310394
INFO Gradient norm: 23.27146217835094
PROGRESS    Completed epoch 1742 / 2000;    current loss: 0.22120124101638794
INFO Gradient norm: 25.51684398411289
PROGRESS    Completed epoch 1743 / 2000;    current loss: 0.22171084582805634
INFO Gradient norm: 22.257192941335322
PROGRESS    Completed epoch 1744 / 2000;    current loss: 0.22099056839942932
INFO Gradient norm: 26.71887144081737
PROGRESS    Completed epoch 1745 / 2000;    current loss: 0.2217438966035843
INFO Gradient norm: 23.099930201077324
PROGRESS    Completed epoch 1746 / 2000;    current loss: 0.2209877222776413
INFO Gradient norm: 25.348330790358276
PROGRESS    Completed epoch 1747 / 2000;    current loss: 0.22149600088596344
INFO Gradient norm: 22.12046383143887
PROGRESS    Completed epoch 1748 / 2000;    current loss: 0.22078071534633636
INFO Gradient norm: 26.46075165610978
PROGRESS    Completed epoch 1749 / 2000;    current loss: 0.22151432931423187
INFO Gradient norm: 22.87921897821754
PROGRESS    Completed epoch 1750 / 2000;    current loss: 0.22076626121997833
INFO Gradient norm: 25.189897631472533
PROGRESS    Completed epoch 1751 / 2000;    current loss: 0.2212863713502884
INFO Gradient norm: 21.97912570853702
PROGRESS    Completed epoch 1752 / 2000;    current loss: 0.22057466208934784
INFO Gradient norm: 26.24535727599284
PROGRESS    Completed epoch 1753 / 2000;    current loss: 0.22128461301326752
INFO Gradient norm: 22.710257111996683
PROGRESS    Completed epoch 1754 / 2000;    current loss: 0.22054500877857208
INFO Gradient norm: 24.976794552750363
PROGRESS    Completed epoch 1755 / 2000;    current loss: 0.22106048464775085
INFO Gradient norm: 21.777743770189794
PROGRESS    Completed epoch 1756 / 2000;    current loss: 0.22035585343837738
INFO Gradient norm: 26.08349865618023
PROGRESS    Completed epoch 1757 / 2000;    current loss: 0.22107340395450592
INFO Gradient norm: 22.569580500692233
PROGRESS    Completed epoch 1758 / 2000;    current loss: 0.22034433484077454
INFO Gradient norm: 24.78211696341336
PROGRESS    Completed epoch 1759 / 2000;    current loss: 0.22083903849124908
INFO Gradient norm: 21.61941985368121
PROGRESS    Completed epoch 1760 / 2000;    current loss: 0.2201395332813263
INFO Gradient norm: 25.859284582066504
PROGRESS    Completed epoch 1761 / 2000;    current loss: 0.22084347903728485
INFO Gradient norm: 22.347665781768725
PROGRESS    Completed epoch 1762 / 2000;    current loss: 0.22011613845825195
INFO Gradient norm: 24.60895862448666
PROGRESS    Completed epoch 1763 / 2000;    current loss: 0.22061672806739807
INFO Gradient norm: 21.456592398071034
PROGRESS    Completed epoch 1764 / 2000;    current loss: 0.21992449462413788
INFO Gradient norm: 25.64091710672292
PROGRESS    Completed epoch 1765 / 2000;    current loss: 0.22061794996261597
INFO Gradient norm: 22.16414899766799
PROGRESS    Completed epoch 1766 / 2000;    current loss: 0.2198973000049591
INFO Gradient norm: 24.412839176820153
PROGRESS    Completed epoch 1767 / 2000;    current loss: 0.22039055824279785
INFO Gradient norm: 21.28963691358076
PROGRESS    Completed epoch 1768 / 2000;    current loss: 0.2197028249502182
INFO Gradient norm: 25.45254371057055
PROGRESS    Completed epoch 1769 / 2000;    current loss: 0.22038999199867249
INFO Gradient norm: 22.008820269688698
PROGRESS    Completed epoch 1770 / 2000;    current loss: 0.21967658400535583
INFO Gradient norm: 24.213993970078995
PROGRESS    Completed epoch 1771 / 2000;    current loss: 0.22016091644763947
INFO Gradient norm: 21.10471842553107
PROGRESS    Completed epoch 1772 / 2000;    current loss: 0.21947422623634338
INFO Gradient norm: 25.296783624463824
PROGRESS    Completed epoch 1773 / 2000;    current loss: 0.2199133336544037
INFO Gradient norm: 22.05060298579715
PROGRESS    Completed epoch 1774 / 2000;    current loss: 0.21920832991600037
INFO Gradient norm: 24.0872717499893
PROGRESS    Completed epoch 1775 / 2000;    current loss: 0.21999889612197876
INFO Gradient norm: 21.069595198461844
PROGRESS    Completed epoch 1776 / 2000;    current loss: 0.21941789984703064
INFO Gradient norm: 24.645913104983553
PROGRESS    Completed epoch 1777 / 2000;    current loss: 0.2198810875415802
INFO Gradient norm: 21.22473297940932
PROGRESS    Completed epoch 1778 / 2000;    current loss: 0.21921204030513763
INFO Gradient norm: 24.27361781502486
PROGRESS    Completed epoch 1779 / 2000;    current loss: 0.2195766568183899
INFO Gradient norm: 21.179079154550415
PROGRESS    Completed epoch 1780 / 2000;    current loss: 0.21891331672668457
INFO Gradient norm: 24.765637130977602
PROGRESS    Completed epoch 1781 / 2000;    current loss: 0.21946798264980316
INFO Gradient norm: 21.58479410547806
PROGRESS    Completed epoch 1782 / 2000;    current loss: 0.21883569657802582
INFO Gradient norm: 23.664764757207504
PROGRESS    Completed epoch 1783 / 2000;    current loss: 0.21929685771465302
INFO Gradient norm: 20.482784174725044
PROGRESS    Completed epoch 1784 / 2000;    current loss: 0.21889358758926392
INFO Gradient norm: 24.91896025662412
PROGRESS    Completed epoch 1785 / 2000;    current loss: 0.21962183713912964
INFO Gradient norm: 21.584284212284743
PROGRESS    Completed epoch 1786 / 2000;    current loss: 0.2189897745847702
INFO Gradient norm: 23.413294663282866
PROGRESS    Completed epoch 1787 / 2000;    current loss: 0.21944445371627808
INFO Gradient norm: 20.436036340546952
PROGRESS    Completed epoch 1788 / 2000;    current loss: 0.2188800573348999
INFO Gradient norm: 24.45974644243074
PROGRESS    Completed epoch 1789 / 2000;    current loss: 0.21951551735401154
INFO Gradient norm: 20.91437173322614
PROGRESS    Completed epoch 1790 / 2000;    current loss: 0.2186972051858902
INFO Gradient norm: 23.687615807325596
PROGRESS    Completed epoch 1791 / 2000;    current loss: 0.2192937582731247
INFO Gradient norm: 20.811168945646155
PROGRESS    Completed epoch 1792 / 2000;    current loss: 0.21868488192558289
INFO Gradient norm: 23.989096560019952
PROGRESS    Completed epoch 1793 / 2000;    current loss: 0.21890775859355927
INFO Gradient norm: 20.831566005170163
PROGRESS    Completed epoch 1794 / 2000;    current loss: 0.21828822791576385
INFO Gradient norm: 23.31976510703009
PROGRESS    Completed epoch 1795 / 2000;    current loss: 0.21909597516059875
INFO Gradient norm: 20.17394601638585
PROGRESS    Completed epoch 1796 / 2000;    current loss: 0.21815326809883118
INFO Gradient norm: 24.502032041049887
PROGRESS    Completed epoch 1797 / 2000;    current loss: 0.2188447266817093
INFO Gradient norm: 21.3553019699262
PROGRESS    Completed epoch 1798 / 2000;    current loss: 0.21850468218326569
INFO Gradient norm: 22.918565972442867
PROGRESS    Completed epoch 1799 / 2000;    current loss: 0.21880623698234558
INFO Gradient norm: 20.028194504176962
PROGRESS    Completed epoch 1800 / 2000;    current loss: 0.21827884018421173
INFO Gradient norm: 24.03852183521631
PROGRESS    Completed epoch 1801 / 2000;    current loss: 0.21899797022342682
INFO Gradient norm: 20.681700172032652
PROGRESS    Completed epoch 1802 / 2000;    current loss: 0.21836672723293304
INFO Gradient norm: 23.243773349922076
PROGRESS    Completed epoch 1803 / 2000;    current loss: 0.218792125582695
INFO Gradient norm: 20.399678255623844
PROGRESS    Completed epoch 1804 / 2000;    current loss: 0.21818143129348755
INFO Gradient norm: 23.51650924169651
PROGRESS    Completed epoch 1805 / 2000;    current loss: 0.21872065961360931
INFO Gradient norm: 20.38714997784636
PROGRESS    Completed epoch 1806 / 2000;    current loss: 0.2180735468864441
INFO Gradient norm: 22.890967621652536
PROGRESS    Completed epoch 1807 / 2000;    current loss: 0.21858066320419312
INFO Gradient norm: 19.820874067450017
PROGRESS    Completed epoch 1808 / 2000;    current loss: 0.21796932816505432
INFO Gradient norm: 23.948729704059907
PROGRESS    Completed epoch 1809 / 2000;    current loss: 0.218732550740242
INFO Gradient norm: 20.779300446779608
PROGRESS    Completed epoch 1810 / 2000;    current loss: 0.21810057759284973
INFO Gradient norm: 21.655530122467596
PROGRESS    Completed epoch 1811 / 2000;    current loss: 0.21829532086849213
INFO Gradient norm: 14.107555316229229
PROGRESS    Completed epoch 1812 / 2000;    current loss: 0.21717195212841034
INFO Gradient norm: 31.510403890358706
PROGRESS    Completed epoch 1813 / 2000;    current loss: 0.22058436274528503
INFO Gradient norm: 28.35621811273357
PROGRESS    Completed epoch 1814 / 2000;    current loss: 0.21989504992961884
INFO Gradient norm: 16.54620064921406
PROGRESS    Completed epoch 1815 / 2000;    current loss: 0.21769802272319794
INFO Gradient norm: 16.758242080731087
PROGRESS    Completed epoch 1816 / 2000;    current loss: 0.21782544255256653
INFO Gradient norm: 21.78482559814016
PROGRESS    Completed epoch 1817 / 2000;    current loss: 0.21870796382427216
INFO Gradient norm: 15.226853878550092
PROGRESS    Completed epoch 1818 / 2000;    current loss: 0.21767602860927582
INFO Gradient norm: 27.432209847685733
PROGRESS    Completed epoch 1819 / 2000;    current loss: 0.22012774646282196
INFO Gradient norm: 24.660837714446277
PROGRESS    Completed epoch 1820 / 2000;    current loss: 0.2194758802652359
INFO Gradient norm: 17.665654515414257
PROGRESS    Completed epoch 1821 / 2000;    current loss: 0.21801577508449554
INFO Gradient norm: 16.97539553968688
PROGRESS    Completed epoch 1822 / 2000;    current loss: 0.21787218749523163
INFO Gradient norm: 21.336418584838814
PROGRESS    Completed epoch 1823 / 2000;    current loss: 0.21860069036483765
INFO Gradient norm: 16.059433846105144
PROGRESS    Completed epoch 1824 / 2000;    current loss: 0.21735021471977234
INFO Gradient norm: 26.494398628116787
PROGRESS    Completed epoch 1825 / 2000;    current loss: 0.21930888295173645
INFO Gradient norm: 23.34177720260213
PROGRESS    Completed epoch 1826 / 2000;    current loss: 0.21861018240451813
INFO Gradient norm: 18.757576163933248
PROGRESS    Completed epoch 1827 / 2000;    current loss: 0.21774448454380035
INFO Gradient norm: 17.756927500231072
PROGRESS    Completed epoch 1828 / 2000;    current loss: 0.21782471239566803
INFO Gradient norm: 21.0807088439443
PROGRESS    Completed epoch 1829 / 2000;    current loss: 0.21845553815364838
INFO Gradient norm: 16.551709577353314
PROGRESS    Completed epoch 1830 / 2000;    current loss: 0.21770566701889038
INFO Gradient norm: 23.911217518018724
PROGRESS    Completed epoch 1831 / 2000;    current loss: 0.21909421682357788
INFO Gradient norm: 21.00826862102123
PROGRESS    Completed epoch 1832 / 2000;    current loss: 0.21846440434455872
INFO Gradient norm: 19.83965012010223
PROGRESS    Completed epoch 1833 / 2000;    current loss: 0.2182433307170868
INFO Gradient norm: 17.935264959928045
PROGRESS    Completed epoch 1834 / 2000;    current loss: 0.21774369478225708
INFO Gradient norm: 20.652809787767946
PROGRESS    Completed epoch 1835 / 2000;    current loss: 0.21794767677783966
INFO Gradient norm: 17.035932411006968
PROGRESS    Completed epoch 1836 / 2000;    current loss: 0.2172764390707016
INFO Gradient norm: 23.552428626572247
PROGRESS    Completed epoch 1837 / 2000;    current loss: 0.21845394372940063
INFO Gradient norm: 20.43272138424813
PROGRESS    Completed epoch 1838 / 2000;    current loss: 0.2178124189376831
INFO Gradient norm: 19.940608927108883
PROGRESS    Completed epoch 1839 / 2000;    current loss: 0.21768712997436523
INFO Gradient norm: 18.00285360666388
PROGRESS    Completed epoch 1840 / 2000;    current loss: 0.2172895222902298
INFO Gradient norm: 21.02796227197975
PROGRESS    Completed epoch 1841 / 2000;    current loss: 0.21776685118675232
INFO Gradient norm: 17.511776238552304
PROGRESS    Completed epoch 1842 / 2000;    current loss: 0.21708489954471588
INFO Gradient norm: 22.122859391710048
PROGRESS    Completed epoch 1843 / 2000;    current loss: 0.21819695830345154
INFO Gradient norm: 19.320155995671445
PROGRESS    Completed epoch 1844 / 2000;    current loss: 0.21763353049755096
INFO Gradient norm: 20.60978039469969
PROGRESS    Completed epoch 1845 / 2000;    current loss: 0.21795004606246948
INFO Gradient norm: 18.173009995056887
PROGRESS    Completed epoch 1846 / 2000;    current loss: 0.21744823455810547
INFO Gradient norm: 20.42619458421549
PROGRESS    Completed epoch 1847 / 2000;    current loss: 0.21776995062828064
INFO Gradient norm: 17.420505386513558
PROGRESS    Completed epoch 1848 / 2000;    current loss: 0.21714244782924652
INFO Gradient norm: 21.980585943786213
PROGRESS    Completed epoch 1849 / 2000;    current loss: 0.21793027222156525
INFO Gradient norm: 18.969711065085395
PROGRESS    Completed epoch 1850 / 2000;    current loss: 0.21732141077518463
INFO Gradient norm: 20.157087444184498
PROGRESS    Completed epoch 1851 / 2000;    current loss: 0.21752381324768066
INFO Gradient norm: 17.824398152426824
PROGRESS    Completed epoch 1852 / 2000;    current loss: 0.217071071267128
INFO Gradient norm: 20.72241786933057
PROGRESS    Completed epoch 1853 / 2000;    current loss: 0.21757198870182037
INFO Gradient norm: 17.659800202552123
PROGRESS    Completed epoch 1854 / 2000;    current loss: 0.21706844866275787
INFO Gradient norm: 20.808741840708528
PROGRESS    Completed epoch 1855 / 2000;    current loss: 0.21760959923267365
INFO Gradient norm: 18.185658215092737
PROGRESS    Completed epoch 1856 / 2000;    current loss: 0.2170582413673401
INFO Gradient norm: 20.471325217414204
PROGRESS    Completed epoch 1857 / 2000;    current loss: 0.21743351221084595
INFO Gradient norm: 17.78010081847755
PROGRESS    Completed epoch 1858 / 2000;    current loss: 0.21686889231204987
INFO Gradient norm: 20.143687347272305
PROGRESS    Completed epoch 1859 / 2000;    current loss: 0.21722950041294098
INFO Gradient norm: 17.330303364671312
PROGRESS    Completed epoch 1860 / 2000;    current loss: 0.2166983038187027
INFO Gradient norm: 21.022352369900297
PROGRESS    Completed epoch 1861 / 2000;    current loss: 0.217332661151886
INFO Gradient norm: 18.154231064885636
PROGRESS    Completed epoch 1862 / 2000;    current loss: 0.21679311990737915
INFO Gradient norm: 19.830414586576442
PROGRESS    Completed epoch 1863 / 2000;    current loss: 0.21705664694309235
INFO Gradient norm: 17.41027439843172
PROGRESS    Completed epoch 1864 / 2000;    current loss: 0.21658766269683838
INFO Gradient norm: 20.248529334425143
PROGRESS    Completed epoch 1865 / 2000;    current loss: 0.21705548465251923
INFO Gradient norm: 17.241716692287476
PROGRESS    Completed epoch 1866 / 2000;    current loss: 0.216460183262825
INFO Gradient norm: 20.196781693116115
PROGRESS    Completed epoch 1867 / 2000;    current loss: 0.21695715188980103
INFO Gradient norm: 17.539484994577595
PROGRESS    Completed epoch 1868 / 2000;    current loss: 0.21642716228961945
INFO Gradient norm: 20.17368857134882
PROGRESS    Completed epoch 1869 / 2000;    current loss: 0.21686233580112457
INFO Gradient norm: 17.58792749066765
PROGRESS    Completed epoch 1870 / 2000;    current loss: 0.2163945585489273
INFO Gradient norm: 19.312150501632075
PROGRESS    Completed epoch 1871 / 2000;    current loss: 0.21661347150802612
INFO Gradient norm: 16.96123015284116
PROGRESS    Completed epoch 1872 / 2000;    current loss: 0.21622124314308167
INFO Gradient norm: 20.184701400117763
PROGRESS    Completed epoch 1873 / 2000;    current loss: 0.2167612761259079
INFO Gradient norm: 17.294748915702254
PROGRESS    Completed epoch 1874 / 2000;    current loss: 0.21621957421302795
INFO Gradient norm: 19.637308571503652
PROGRESS    Completed epoch 1875 / 2000;    current loss: 0.21659691631793976
INFO Gradient norm: 17.062353427325192
PROGRESS    Completed epoch 1876 / 2000;    current loss: 0.2159397006034851
INFO Gradient norm: 19.633186859713238
PROGRESS    Completed epoch 1877 / 2000;    current loss: 0.2164609581232071
INFO Gradient norm: 16.873023658724588
PROGRESS    Completed epoch 1878 / 2000;    current loss: 0.21594883501529694
INFO Gradient norm: 19.6113546618954
PROGRESS    Completed epoch 1879 / 2000;    current loss: 0.2162988781929016
INFO Gradient norm: 16.972860523997372
PROGRESS    Completed epoch 1880 / 2000;    current loss: 0.21575239300727844
INFO Gradient norm: 19.872178483520276
PROGRESS    Completed epoch 1881 / 2000;    current loss: 0.21626703441143036
INFO Gradient norm: 17.283544098173692
PROGRESS    Completed epoch 1882 / 2000;    current loss: 0.2157917469739914
INFO Gradient norm: 18.99801596833128
PROGRESS    Completed epoch 1883 / 2000;    current loss: 0.21604478359222412
INFO Gradient norm: 16.56189976937179
PROGRESS    Completed epoch 1884 / 2000;    current loss: 0.21560098230838776
INFO Gradient norm: 19.78419241539983
PROGRESS    Completed epoch 1885 / 2000;    current loss: 0.21619252860546112
INFO Gradient norm: 17.078343887512663
PROGRESS    Completed epoch 1886 / 2000;    current loss: 0.21562224626541138
INFO Gradient norm: 19.267066739927586
PROGRESS    Completed epoch 1887 / 2000;    current loss: 0.216044083237648
INFO Gradient norm: 16.953323266412333
PROGRESS    Completed epoch 1888 / 2000;    current loss: 0.215561643242836
INFO Gradient norm: 19.077484255410358
PROGRESS    Completed epoch 1889 / 2000;    current loss: 0.2158883959054947
INFO Gradient norm: 16.530487711013695
PROGRESS    Completed epoch 1890 / 2000;    current loss: 0.21544046700000763
INFO Gradient norm: 18.973276420372326
PROGRESS    Completed epoch 1891 / 2000;    current loss: 0.2158316820859909
INFO Gradient norm: 16.28528110707267
PROGRESS    Completed epoch 1892 / 2000;    current loss: 0.21526752412319183
INFO Gradient norm: 19.42369861411824
PROGRESS    Completed epoch 1893 / 2000;    current loss: 0.21580736339092255
INFO Gradient norm: 16.70456862811626
PROGRESS    Completed epoch 1894 / 2000;    current loss: 0.21524251997470856
INFO Gradient norm: 18.77469066510783
PROGRESS    Completed epoch 1895 / 2000;    current loss: 0.21549463272094727
INFO Gradient norm: 16.391481545593145
PROGRESS    Completed epoch 1896 / 2000;    current loss: 0.214986652135849
INFO Gradient norm: 19.113570502155614
PROGRESS    Completed epoch 1897 / 2000;    current loss: 0.215463787317276
INFO Gradient norm: 16.481062764541512
PROGRESS    Completed epoch 1898 / 2000;    current loss: 0.21498331427574158
INFO Gradient norm: 18.650543157277514
PROGRESS    Completed epoch 1899 / 2000;    current loss: 0.21529237926006317
INFO Gradient norm: 16.2318242136358
PROGRESS    Completed epoch 1900 / 2000;    current loss: 0.21487794816493988
INFO Gradient norm: 19.030230617669208
PROGRESS    Completed epoch 1901 / 2000;    current loss: 0.21540509164333344
INFO Gradient norm: 16.447328364005532
PROGRESS    Completed epoch 1902 / 2000;    current loss: 0.21494634449481964
INFO Gradient norm: 18.33480234039745
PROGRESS    Completed epoch 1903 / 2000;    current loss: 0.2152472287416458
INFO Gradient norm: 16.15587803697608
PROGRESS    Completed epoch 1904 / 2000;    current loss: 0.214789018034935
INFO Gradient norm: 18.62077456973689
PROGRESS    Completed epoch 1905 / 2000;    current loss: 0.21516765654087067
INFO Gradient norm: 16.007180311947668
PROGRESS    Completed epoch 1906 / 2000;    current loss: 0.21466664969921112
INFO Gradient norm: 18.468809103926883
PROGRESS    Completed epoch 1907 / 2000;    current loss: 0.21501466631889343
INFO Gradient norm: 16.03313699687932
PROGRESS    Completed epoch 1908 / 2000;    current loss: 0.214540034532547
INFO Gradient norm: 18.719219500832846
PROGRESS    Completed epoch 1909 / 2000;    current loss: 0.21499322354793549
INFO Gradient norm: 16.279411306489447
PROGRESS    Completed epoch 1910 / 2000;    current loss: 0.2145693302154541
INFO Gradient norm: 17.944591973415175
PROGRESS    Completed epoch 1911 / 2000;    current loss: 0.21482956409454346
INFO Gradient norm: 15.480486907503677
PROGRESS    Completed epoch 1912 / 2000;    current loss: 0.21425706148147583
INFO Gradient norm: 18.633479569446656
PROGRESS    Completed epoch 1913 / 2000;    current loss: 0.2148180454969406
INFO Gradient norm: 15.736521210182019
PROGRESS    Completed epoch 1914 / 2000;    current loss: 0.21434909105300903
INFO Gradient norm: 18.40264581964421
PROGRESS    Completed epoch 1915 / 2000;    current loss: 0.2146577388048172
INFO Gradient norm: 16.0976802957754
PROGRESS    Completed epoch 1916 / 2000;    current loss: 0.21417944133281708
INFO Gradient norm: 18.05744927454884
PROGRESS    Completed epoch 1917 / 2000;    current loss: 0.21449387073516846
INFO Gradient norm: 15.778878093542309
PROGRESS    Completed epoch 1918 / 2000;    current loss: 0.21409302949905396
INFO Gradient norm: 17.75391734602511
PROGRESS    Completed epoch 1919 / 2000;    current loss: 0.2143588811159134
INFO Gradient norm: 15.308827982858544
PROGRESS    Completed epoch 1920 / 2000;    current loss: 0.21394160389900208
INFO Gradient norm: 18.55688249776021
PROGRESS    Completed epoch 1921 / 2000;    current loss: 0.21454264223575592
INFO Gradient norm: 16.197086564564138
PROGRESS    Completed epoch 1922 / 2000;    current loss: 0.21394138038158417
INFO Gradient norm: 17.563182762527212
PROGRESS    Completed epoch 1923 / 2000;    current loss: 0.21426984667778015
INFO Gradient norm: 15.520794364710651
PROGRESS    Completed epoch 1924 / 2000;    current loss: 0.21380513906478882
INFO Gradient norm: 17.565263410300144
PROGRESS    Completed epoch 1925 / 2000;    current loss: 0.21424482762813568
INFO Gradient norm: 14.995449196456024
PROGRESS    Completed epoch 1926 / 2000;    current loss: 0.21375101804733276
INFO Gradient norm: 17.986649647914604
PROGRESS    Completed epoch 1927 / 2000;    current loss: 0.21418757736682892
INFO Gradient norm: 15.500081054826113
PROGRESS    Completed epoch 1928 / 2000;    current loss: 0.21371959149837494
INFO Gradient norm: 17.990802137929744
PROGRESS    Completed epoch 1929 / 2000;    current loss: 0.21411894261837006
INFO Gradient norm: 15.799431605850751
PROGRESS    Completed epoch 1930 / 2000;    current loss: 0.21374443173408508
INFO Gradient norm: 16.045566649470008
PROGRESS    Completed epoch 1931 / 2000;    current loss: 0.2135421186685562
INFO Gradient norm: 10.2731330451057
PROGRESS    Completed epoch 1932 / 2000;    current loss: 0.2130737006664276
INFO Gradient norm: 23.650761604841133
PROGRESS    Completed epoch 1933 / 2000;    current loss: 0.21538282930850983
INFO Gradient norm: 20.303653551932598
PROGRESS    Completed epoch 1934 / 2000;    current loss: 0.21469512581825256
INFO Gradient norm: 14.624387402744777
PROGRESS    Completed epoch 1935 / 2000;    current loss: 0.21366289258003235
INFO Gradient norm: 14.842295460353288
PROGRESS    Completed epoch 1936 / 2000;    current loss: 0.21369343996047974
INFO Gradient norm: 15.506933893890068
PROGRESS    Completed epoch 1937 / 2000;    current loss: 0.21383962035179138
INFO Gradient norm: 11.70132305167214
PROGRESS    Completed epoch 1938 / 2000;    current loss: 0.21333609521389008
INFO Gradient norm: 20.214421885754863
PROGRESS    Completed epoch 1939 / 2000;    current loss: 0.21477916836738586
INFO Gradient norm: 17.13076081451045
PROGRESS    Completed epoch 1940 / 2000;    current loss: 0.21419505774974823
INFO Gradient norm: 16.678407159706413
PROGRESS    Completed epoch 1941 / 2000;    current loss: 0.21418096125125885
INFO Gradient norm: 16.01645720367515
PROGRESS    Completed epoch 1942 / 2000;    current loss: 0.21410974860191345
INFO Gradient norm: 14.801893258671154
PROGRESS    Completed epoch 1943 / 2000;    current loss: 0.21377982199192047
INFO Gradient norm: 12.368165051790806
PROGRESS    Completed epoch 1944 / 2000;    current loss: 0.2135758399963379
INFO Gradient norm: 18.972097033512064
PROGRESS    Completed epoch 1945 / 2000;    current loss: 0.2145889699459076
INFO Gradient norm: 15.5498364177773
PROGRESS    Completed epoch 1946 / 2000;    current loss: 0.2139580398797989
INFO Gradient norm: 17.241049166340982
PROGRESS    Completed epoch 1947 / 2000;    current loss: 0.21424299478530884
INFO Gradient norm: 15.886518175000528
PROGRESS    Completed epoch 1948 / 2000;    current loss: 0.21398194134235382
INFO Gradient norm: 15.464108021142842
PROGRESS    Completed epoch 1949 / 2000;    current loss: 0.2138848602771759
INFO Gradient norm: 13.47443211433521
PROGRESS    Completed epoch 1950 / 2000;    current loss: 0.21358148753643036
INFO Gradient norm: 17.042002635715633
PROGRESS    Completed epoch 1951 / 2000;    current loss: 0.21405652165412903
INFO Gradient norm: 14.190502286172512
PROGRESS    Completed epoch 1952 / 2000;    current loss: 0.21361364424228668
INFO Gradient norm: 17.894492684531563
PROGRESS    Completed epoch 1953 / 2000;    current loss: 0.21420271694660187
INFO Gradient norm: 16.072333473983875
PROGRESS    Completed epoch 1954 / 2000;    current loss: 0.21370044350624084
INFO Gradient norm: 15.389015484709368
PROGRESS    Completed epoch 1955 / 2000;    current loss: 0.2136862426996231
INFO Gradient norm: 13.639675807480787
PROGRESS    Completed epoch 1956 / 2000;    current loss: 0.21337801218032837
INFO Gradient norm: 17.10798138869659
PROGRESS    Completed epoch 1957 / 2000;    current loss: 0.2138223946094513
INFO Gradient norm: 14.23900564403628
PROGRESS    Completed epoch 1958 / 2000;    current loss: 0.21339884400367737
INFO Gradient norm: 16.92426657909872
PROGRESS    Completed epoch 1959 / 2000;    current loss: 0.213838130235672
INFO Gradient norm: 14.99107186828026
PROGRESS    Completed epoch 1960 / 2000;    current loss: 0.21350041031837463
INFO Gradient norm: 16.036470001467706
PROGRESS    Completed epoch 1961 / 2000;    current loss: 0.213550865650177
INFO Gradient norm: 14.226467961052197
PROGRESS    Completed epoch 1962 / 2000;    current loss: 0.21317575871944427
INFO Gradient norm: 15.898590948831538
PROGRESS    Completed epoch 1963 / 2000;    current loss: 0.2133575826883316
INFO Gradient norm: 13.57122903843787
PROGRESS    Completed epoch 1964 / 2000;    current loss: 0.21305429935455322
INFO Gradient norm: 17.082958877731517
PROGRESS    Completed epoch 1965 / 2000;    current loss: 0.21365658938884735
INFO Gradient norm: 14.859232934159381
PROGRESS    Completed epoch 1966 / 2000;    current loss: 0.21323664486408234
INFO Gradient norm: 15.765086949914291
PROGRESS    Completed epoch 1967 / 2000;    current loss: 0.21330805122852325
INFO Gradient norm: 13.956266353534762
PROGRESS    Completed epoch 1968 / 2000;    current loss: 0.21297940611839294
INFO Gradient norm: 16.246957775321544
PROGRESS    Completed epoch 1969 / 2000;    current loss: 0.2133474498987198
INFO Gradient norm: 13.90420312574144
PROGRESS    Completed epoch 1970 / 2000;    current loss: 0.21296589076519012
INFO Gradient norm: 16.129191661098595
PROGRESS    Completed epoch 1971 / 2000;    current loss: 0.21330037713050842
INFO Gradient norm: 14.001160533471063
PROGRESS    Completed epoch 1972 / 2000;    current loss: 0.2128487080335617
INFO Gradient norm: 16.2840831702096
PROGRESS    Completed epoch 1973 / 2000;    current loss: 0.2130473107099533
INFO Gradient norm: 14.317316807771736
PROGRESS    Completed epoch 1974 / 2000;    current loss: 0.21257983148097992
INFO Gradient norm: 15.469751641568791
PROGRESS    Completed epoch 1975 / 2000;    current loss: 0.21271617710590363
INFO Gradient norm: 13.57029983053268
PROGRESS    Completed epoch 1976 / 2000;    current loss: 0.21249769628047943
INFO Gradient norm: 16.11967662244711
PROGRESS    Completed epoch 1977 / 2000;    current loss: 0.21301327645778656
INFO Gradient norm: 13.901407032617547
PROGRESS    Completed epoch 1978 / 2000;    current loss: 0.2126227468252182
INFO Gradient norm: 15.63450437845057
PROGRESS    Completed epoch 1979 / 2000;    current loss: 0.212655171751976
INFO Gradient norm: 13.66600443408026
PROGRESS    Completed epoch 1980 / 2000;    current loss: 0.21230018138885498
INFO Gradient norm: 15.849262328644278
PROGRESS    Completed epoch 1981 / 2000;    current loss: 0.21280789375305176
INFO Gradient norm: 13.78823982484324
PROGRESS    Completed epoch 1982 / 2000;    current loss: 0.21247310936450958
INFO Gradient norm: 15.478545246989002
PROGRESS    Completed epoch 1983 / 2000;    current loss: 0.21268320083618164
INFO Gradient norm: 13.418032954586192
PROGRESS    Completed epoch 1984 / 2000;    current loss: 0.21235579252243042
INFO Gradient norm: 15.970613002285088
PROGRESS    Completed epoch 1985 / 2000;    current loss: 0.21264533698558807
INFO Gradient norm: 13.976278471546182
PROGRESS    Completed epoch 1986 / 2000;    current loss: 0.21203134953975677
INFO Gradient norm: 15.444123815503367
PROGRESS    Completed epoch 1987 / 2000;    current loss: 0.21239334344863892
INFO Gradient norm: 13.524950417864709
PROGRESS    Completed epoch 1988 / 2000;    current loss: 0.21203967928886414
INFO Gradient norm: 15.646922359203653
PROGRESS    Completed epoch 1989 / 2000;    current loss: 0.2123614251613617
INFO Gradient norm: 13.605247299764946
PROGRESS    Completed epoch 1990 / 2000;    current loss: 0.2120082676410675
INFO Gradient norm: 15.213519764031824
PROGRESS    Completed epoch 1991 / 2000;    current loss: 0.2122185230255127
INFO Gradient norm: 13.108680008553389
PROGRESS    Completed epoch 1992 / 2000;    current loss: 0.211770161986351
INFO Gradient norm: 15.688933656071558
PROGRESS    Completed epoch 1993 / 2000;    current loss: 0.21229709684848785
INFO Gradient norm: 13.701884182464076
PROGRESS    Completed epoch 1994 / 2000;    current loss: 0.21163807809352875
INFO Gradient norm: 15.240586265012706
PROGRESS    Completed epoch 1995 / 2000;    current loss: 0.21204227209091187
INFO Gradient norm: 13.38728171326291
PROGRESS    Completed epoch 1996 / 2000;    current loss: 0.21168692409992218
INFO Gradient norm: 15.279509708547968
PROGRESS    Completed epoch 1997 / 2000;    current loss: 0.21191997826099396
INFO Gradient norm: 13.32203234468617
PROGRESS    Completed epoch 1998 / 2000;    current loss: 0.21159595251083374
INFO Gradient norm: 14.969560045314028
PROGRESS    Completed epoch 1999 / 2000;    current loss: 0.21182875335216522
INFO Gradient norm: 12.922753801749375
PROGRESS    Completed epoch 2000 / 2000;    current loss: 0.21148566901683807
INFO    Saving model weights ...
INFO Model weights saved successfully to /home/hoang/utopya_output/Dengue/250605-154232/data/uni10/data_npc_checkpoint.pth
INFO    Simulation run finished.
INFO    Wrapping up ...
SUCCESS    All done.

---
end of log. exit code: 0

