Log of 'out' stream of WorkerTask 'uni01'
---

INFO    Using 'cpu' as training device. Number of threads: 10
INFO    Loading training data ...
INFO    Initializing the neural net ...
INFO    Initialized model 'Dengue'.
INFO    Now commencing training for 2000 epochs ...
INFO Gradient norm: 826.8032592307084
PROGRESS    Completed epoch 1 / 2000;    current loss: 552.7317504882812
INFO Gradient norm: 827.2687787429801
PROGRESS    Completed epoch 2 / 2000;    current loss: 552.4359130859375
INFO Gradient norm: 827.7341005163155
PROGRESS    Completed epoch 3 / 2000;    current loss: 552.1387939453125
INFO Gradient norm: 828.2012199627626
PROGRESS    Completed epoch 4 / 2000;    current loss: 551.8416137695312
INFO Gradient norm: 828.6688370189993
PROGRESS    Completed epoch 5 / 2000;    current loss: 551.543212890625
INFO Gradient norm: 829.1393435640005
PROGRESS    Completed epoch 6 / 2000;    current loss: 551.2451171875
INFO Gradient norm: 829.609697164568
PROGRESS    Completed epoch 7 / 2000;    current loss: 550.9442138671875
INFO Gradient norm: 830.0821157073212
PROGRESS    Completed epoch 8 / 2000;    current loss: 550.642578125
INFO Gradient norm: 830.558068731698
PROGRESS    Completed epoch 9 / 2000;    current loss: 550.3404541015625
INFO Gradient norm: 831.0358306775983
PROGRESS    Completed epoch 10 / 2000;    current loss: 550.0360107421875
INFO Gradient norm: 831.5159829073073
PROGRESS    Completed epoch 11 / 2000;    current loss: 549.7301025390625
INFO Gradient norm: 831.999081248367
PROGRESS    Completed epoch 12 / 2000;    current loss: 549.4214477539062
INFO Gradient norm: 832.484743595756
PROGRESS    Completed epoch 13 / 2000;    current loss: 549.1109008789062
INFO Gradient norm: 832.9750116941256
PROGRESS    Completed epoch 14 / 2000;    current loss: 548.7989501953125
INFO Gradient norm: 833.4679056221055
PROGRESS    Completed epoch 15 / 2000;    current loss: 548.4834594726562
INFO Gradient norm: 833.9652772189727
PROGRESS    Completed epoch 16 / 2000;    current loss: 548.1657104492188
INFO Gradient norm: 834.4665460010347
PROGRESS    Completed epoch 17 / 2000;    current loss: 547.84521484375
INFO Gradient norm: 834.9722733566772
PROGRESS    Completed epoch 18 / 2000;    current loss: 547.5210571289062
INFO Gradient norm: 835.482770807822
PROGRESS    Completed epoch 19 / 2000;    current loss: 547.1944580078125
INFO Gradient norm: 835.9981119477537
PROGRESS    Completed epoch 20 / 2000;    current loss: 546.86376953125
INFO Gradient norm: 836.518617771838
PROGRESS    Completed epoch 21 / 2000;    current loss: 546.52978515625
INFO Gradient norm: 837.0446363391409
PROGRESS    Completed epoch 22 / 2000;    current loss: 546.1923828125
INFO Gradient norm: 837.5759960832777
PROGRESS    Completed epoch 23 / 2000;    current loss: 545.8504638671875
INFO Gradient norm: 838.1129362938699
PROGRESS    Completed epoch 24 / 2000;    current loss: 545.504638671875
INFO Gradient norm: 838.6574359133213
PROGRESS    Completed epoch 25 / 2000;    current loss: 545.15478515625
INFO Gradient norm: 839.2071852945871
PROGRESS    Completed epoch 26 / 2000;    current loss: 544.7999267578125
INFO Gradient norm: 839.7640921836073
PROGRESS    Completed epoch 27 / 2000;    current loss: 544.4407348632812
INFO Gradient norm: 840.3280332254287
PROGRESS    Completed epoch 28 / 2000;    current loss: 544.0765380859375
INFO Gradient norm: 840.8983532980835
PROGRESS    Completed epoch 29 / 2000;    current loss: 543.7069702148438
INFO Gradient norm: 841.476571977678
PROGRESS    Completed epoch 30 / 2000;    current loss: 543.33251953125
INFO Gradient norm: 842.0614117621977
PROGRESS    Completed epoch 31 / 2000;    current loss: 542.9518432617188
INFO Gradient norm: 842.6556677975549
PROGRESS    Completed epoch 32 / 2000;    current loss: 542.5667724609375
INFO Gradient norm: 843.2567962546303
PROGRESS    Completed epoch 33 / 2000;    current loss: 542.1746215820312
INFO Gradient norm: 843.8666057188123
PROGRESS    Completed epoch 34 / 2000;    current loss: 541.77685546875
INFO Gradient norm: 844.4855611682854
PROGRESS    Completed epoch 35 / 2000;    current loss: 541.3728637695312
INFO Gradient norm: 845.1132068643789
PROGRESS    Completed epoch 36 / 2000;    current loss: 540.96240234375
INFO Gradient norm: 845.7495084897803
PROGRESS    Completed epoch 37 / 2000;    current loss: 540.5450439453125
INFO Gradient norm: 846.3955670515471
PROGRESS    Completed epoch 38 / 2000;    current loss: 540.120849609375
INFO Gradient norm: 847.0511522954852
PROGRESS    Completed epoch 39 / 2000;    current loss: 539.6900024414062
INFO Gradient norm: 847.7172141613613
PROGRESS    Completed epoch 40 / 2000;    current loss: 539.2518310546875
INFO Gradient norm: 848.3943999857918
PROGRESS    Completed epoch 41 / 2000;    current loss: 538.8063354492188
INFO Gradient norm: 849.0818155511122
PROGRESS    Completed epoch 42 / 2000;    current loss: 538.3519287109375
INFO Gradient norm: 849.7817738137192
PROGRESS    Completed epoch 43 / 2000;    current loss: 537.8905639648438
INFO Gradient norm: 850.4934465702086
PROGRESS    Completed epoch 44 / 2000;    current loss: 537.4214477539062
INFO Gradient norm: 851.218045687024
PROGRESS    Completed epoch 45 / 2000;    current loss: 536.943359375
INFO Gradient norm: 851.9565015916822
PROGRESS    Completed epoch 46 / 2000;    current loss: 536.4569702148438
INFO Gradient norm: 852.7093226785281
PROGRESS    Completed epoch 47 / 2000;    current loss: 535.96142578125
INFO Gradient norm: 853.4766335066987
PROGRESS    Completed epoch 48 / 2000;    current loss: 535.4569702148438
INFO Gradient norm: 854.2603787248783
PROGRESS    Completed epoch 49 / 2000;    current loss: 534.9441528320312
INFO Gradient norm: 855.0595981757239
PROGRESS    Completed epoch 50 / 2000;    current loss: 534.4212036132812
INFO Gradient norm: 855.8747218257813
PROGRESS    Completed epoch 51 / 2000;    current loss: 533.8883666992188
INFO Gradient norm: 856.7068697484985
PROGRESS    Completed epoch 52 / 2000;    current loss: 533.3463745117188
INFO Gradient norm: 857.554707273431
PROGRESS    Completed epoch 53 / 2000;    current loss: 532.7943115234375
INFO Gradient norm: 858.4180820038006
PROGRESS    Completed epoch 54 / 2000;    current loss: 532.2310791015625
INFO Gradient norm: 859.2978004527764
PROGRESS    Completed epoch 55 / 2000;    current loss: 531.6573486328125
INFO Gradient norm: 860.192258064629
PROGRESS    Completed epoch 56 / 2000;    current loss: 531.0728149414062
INFO Gradient norm: 861.1028374984105
PROGRESS    Completed epoch 57 / 2000;    current loss: 530.4774780273438
INFO Gradient norm: 862.0278902771614
PROGRESS    Completed epoch 58 / 2000;    current loss: 529.8706665039062
INFO Gradient norm: 862.9692206063879
PROGRESS    Completed epoch 59 / 2000;    current loss: 529.2530517578125
INFO Gradient norm: 863.9240905975873
PROGRESS    Completed epoch 60 / 2000;    current loss: 528.6224365234375
INFO Gradient norm: 864.8934337833318
PROGRESS    Completed epoch 61 / 2000;    current loss: 527.9805297851562
INFO Gradient norm: 865.8764590909907
PROGRESS    Completed epoch 62 / 2000;    current loss: 527.3267211914062
INFO Gradient norm: 866.8725922579331
PROGRESS    Completed epoch 63 / 2000;    current loss: 526.6598510742188
INFO Gradient norm: 867.8825786793722
PROGRESS    Completed epoch 64 / 2000;    current loss: 525.9810180664062
INFO Gradient norm: 868.9048018452004
PROGRESS    Completed epoch 65 / 2000;    current loss: 525.2885131835938
INFO Gradient norm: 869.9387461259653
PROGRESS    Completed epoch 66 / 2000;    current loss: 524.583251953125
INFO Gradient norm: 870.9846360476862
PROGRESS    Completed epoch 67 / 2000;    current loss: 523.864501953125
INFO Gradient norm: 872.04067318287
PROGRESS    Completed epoch 68 / 2000;    current loss: 523.1318969726562
INFO Gradient norm: 873.1061425045582
PROGRESS    Completed epoch 69 / 2000;    current loss: 522.3848876953125
INFO Gradient norm: 874.1817779568024
PROGRESS    Completed epoch 70 / 2000;    current loss: 521.6251220703125
INFO Gradient norm: 875.2651605873524
PROGRESS    Completed epoch 71 / 2000;    current loss: 520.8497314453125
INFO Gradient norm: 876.3573959171574
PROGRESS    Completed epoch 72 / 2000;    current loss: 520.061279296875
INFO Gradient norm: 877.4538082157908
PROGRESS    Completed epoch 73 / 2000;    current loss: 519.256591796875
INFO Gradient norm: 878.5573848657536
PROGRESS    Completed epoch 74 / 2000;    current loss: 518.438720703125
INFO Gradient norm: 879.6643306472048
PROGRESS    Completed epoch 75 / 2000;    current loss: 517.6035766601562
INFO Gradient norm: 880.7738495808075
PROGRESS    Completed epoch 76 / 2000;    current loss: 516.7544555664062
INFO Gradient norm: 881.8853293861175
PROGRESS    Completed epoch 77 / 2000;    current loss: 515.8892211914062
INFO Gradient norm: 882.9966367651966
PROGRESS    Completed epoch 78 / 2000;    current loss: 515.0079345703125
INFO Gradient norm: 884.10723122668
PROGRESS    Completed epoch 79 / 2000;    current loss: 514.1112060546875
INFO Gradient norm: 885.2135315410735
PROGRESS    Completed epoch 80 / 2000;    current loss: 513.197265625
INFO Gradient norm: 886.3148021046703
PROGRESS    Completed epoch 81 / 2000;    current loss: 512.2674560546875
INFO Gradient norm: 887.4103554980395
PROGRESS    Completed epoch 82 / 2000;    current loss: 511.3213806152344
INFO Gradient norm: 888.4963375495453
PROGRESS    Completed epoch 83 / 2000;    current loss: 510.3582458496094
INFO Gradient norm: 889.5721566578335
PROGRESS    Completed epoch 84 / 2000;    current loss: 509.378173828125
INFO Gradient norm: 890.6348017185767
PROGRESS    Completed epoch 85 / 2000;    current loss: 508.38092041015625
INFO Gradient norm: 891.6812587095086
PROGRESS    Completed epoch 86 / 2000;    current loss: 507.365966796875
INFO Gradient norm: 892.7107851706216
PROGRESS    Completed epoch 87 / 2000;    current loss: 506.33428955078125
INFO Gradient norm: 893.7193668297666
PROGRESS    Completed epoch 88 / 2000;    current loss: 505.2842102050781
INFO Gradient norm: 894.7060132296517
PROGRESS    Completed epoch 89 / 2000;    current loss: 504.21722412109375
INFO Gradient norm: 895.6663756365143
PROGRESS    Completed epoch 90 / 2000;    current loss: 503.1319580078125
INFO Gradient norm: 896.5976215169597
PROGRESS    Completed epoch 91 / 2000;    current loss: 502.0284423828125
INFO Gradient norm: 897.4981539010109
PROGRESS    Completed epoch 92 / 2000;    current loss: 500.9073486328125
INFO Gradient norm: 898.363351289039
PROGRESS    Completed epoch 93 / 2000;    current loss: 499.7681579589844
INFO Gradient norm: 899.1909732353864
PROGRESS    Completed epoch 94 / 2000;    current loss: 498.6102294921875
INFO Gradient norm: 899.9773913840527
PROGRESS    Completed epoch 95 / 2000;    current loss: 497.43438720703125
INFO Gradient norm: 900.7187958182703
PROGRESS    Completed epoch 96 / 2000;    current loss: 496.2398986816406
INFO Gradient norm: 901.4121101946739
PROGRESS    Completed epoch 97 / 2000;    current loss: 495.02716064453125
INFO Gradient norm: 902.053905488783
PROGRESS    Completed epoch 98 / 2000;    current loss: 493.79669189453125
INFO Gradient norm: 902.6413732581651
PROGRESS    Completed epoch 99 / 2000;    current loss: 492.5472412109375
INFO Gradient norm: 903.1669862742975
PROGRESS    Completed epoch 100 / 2000;    current loss: 491.27947998046875
INFO Gradient norm: 903.6308403795371
PROGRESS    Completed epoch 101 / 2000;    current loss: 489.9930114746094
INFO Gradient norm: 904.0279010326475
PROGRESS    Completed epoch 102 / 2000;    current loss: 488.6885681152344
INFO Gradient norm: 904.3543638654131
PROGRESS    Completed epoch 103 / 2000;    current loss: 487.3663024902344
INFO Gradient norm: 904.6062367522621
PROGRESS    Completed epoch 104 / 2000;    current loss: 486.02557373046875
INFO Gradient norm: 904.7820709886718
PROGRESS    Completed epoch 105 / 2000;    current loss: 484.66680908203125
INFO Gradient norm: 904.8710724853532
PROGRESS    Completed epoch 106 / 2000;    current loss: 483.2901611328125
INFO Gradient norm: 904.8804313750422
PROGRESS    Completed epoch 107 / 2000;    current loss: 481.8958740234375
INFO Gradient norm: 904.7930834086927
PROGRESS    Completed epoch 108 / 2000;    current loss: 480.4845275878906
INFO Gradient norm: 904.6165050355484
PROGRESS    Completed epoch 109 / 2000;    current loss: 479.05584716796875
INFO Gradient norm: 904.3425861412393
PROGRESS    Completed epoch 110 / 2000;    current loss: 477.6087341308594
INFO Gradient norm: 903.9695988512567
PROGRESS    Completed epoch 111 / 2000;    current loss: 476.146728515625
INFO Gradient norm: 903.494260725383
PROGRESS    Completed epoch 112 / 2000;    current loss: 474.6676025390625
INFO Gradient norm: 902.9151426338578
PROGRESS    Completed epoch 113 / 2000;    current loss: 473.17181396484375
INFO Gradient norm: 902.2260451256174
PROGRESS    Completed epoch 114 / 2000;    current loss: 471.6604309082031
INFO Gradient norm: 901.4281158778502
PROGRESS    Completed epoch 115 / 2000;    current loss: 470.1334228515625
INFO Gradient norm: 900.5213699306702
PROGRESS    Completed epoch 116 / 2000;    current loss: 468.5916442871094
INFO Gradient norm: 899.4980212976253
PROGRESS    Completed epoch 117 / 2000;    current loss: 467.0347900390625
INFO Gradient norm: 898.3608402141906
PROGRESS    Completed epoch 118 / 2000;    current loss: 465.46295166015625
INFO Gradient norm: 897.1092368640913
PROGRESS    Completed epoch 119 / 2000;    current loss: 463.8785705566406
INFO Gradient norm: 895.7448538682377
PROGRESS    Completed epoch 120 / 2000;    current loss: 462.2803649902344
INFO Gradient norm: 894.2650187190708
PROGRESS    Completed epoch 121 / 2000;    current loss: 460.6688537597656
INFO Gradient norm: 892.6726306985597
PROGRESS    Completed epoch 122 / 2000;    current loss: 459.04571533203125
INFO Gradient norm: 890.9676160571896
PROGRESS    Completed epoch 123 / 2000;    current loss: 457.40875244140625
INFO Gradient norm: 889.1533452459184
PROGRESS    Completed epoch 124 / 2000;    current loss: 455.76275634765625
INFO Gradient norm: 887.2303082157482
PROGRESS    Completed epoch 125 / 2000;    current loss: 454.1048278808594
INFO Gradient norm: 885.2003275179453
PROGRESS    Completed epoch 126 / 2000;    current loss: 452.4369812011719
INFO Gradient norm: 883.0654430750985
PROGRESS    Completed epoch 127 / 2000;    current loss: 450.7587890625
INFO Gradient norm: 880.8314040086105
PROGRESS    Completed epoch 128 / 2000;    current loss: 449.0726318359375
INFO Gradient norm: 878.5008433284842
PROGRESS    Completed epoch 129 / 2000;    current loss: 447.3774108886719
INFO Gradient norm: 876.0787070269658
PROGRESS    Completed epoch 130 / 2000;    current loss: 445.6749267578125
INFO Gradient norm: 873.5708220224494
PROGRESS    Completed epoch 131 / 2000;    current loss: 443.9652404785156
INFO Gradient norm: 870.9842525718857
PROGRESS    Completed epoch 132 / 2000;    current loss: 442.2489013671875
INFO Gradient norm: 868.3282868829701
PROGRESS    Completed epoch 133 / 2000;    current loss: 440.52667236328125
INFO Gradient norm: 865.6089340686489
PROGRESS    Completed epoch 134 / 2000;    current loss: 438.79913330078125
INFO Gradient norm: 862.8312387428471
PROGRESS    Completed epoch 135 / 2000;    current loss: 437.0663757324219
INFO Gradient norm: 860.0052439588837
PROGRESS    Completed epoch 136 / 2000;    current loss: 435.32958984375
INFO Gradient norm: 857.1378422242781
PROGRESS    Completed epoch 137 / 2000;    current loss: 433.5895080566406
INFO Gradient norm: 854.2351816180311
PROGRESS    Completed epoch 138 / 2000;    current loss: 431.8455505371094
INFO Gradient norm: 851.3075368137195
PROGRESS    Completed epoch 139 / 2000;    current loss: 430.0986022949219
INFO Gradient norm: 848.3623598852953
PROGRESS    Completed epoch 140 / 2000;    current loss: 428.34954833984375
INFO Gradient norm: 845.4068725162592
PROGRESS    Completed epoch 141 / 2000;    current loss: 426.5987243652344
INFO Gradient norm: 842.4490258343774
PROGRESS    Completed epoch 142 / 2000;    current loss: 424.8462829589844
INFO Gradient norm: 839.4972877652103
PROGRESS    Completed epoch 143 / 2000;    current loss: 423.0930480957031
INFO Gradient norm: 836.5591145839574
PROGRESS    Completed epoch 144 / 2000;    current loss: 421.3394470214844
INFO Gradient norm: 833.6410775201548
PROGRESS    Completed epoch 145 / 2000;    current loss: 419.5852966308594
INFO Gradient norm: 830.750932062429
PROGRESS    Completed epoch 146 / 2000;    current loss: 417.83203125
INFO Gradient norm: 827.8946268391132
PROGRESS    Completed epoch 147 / 2000;    current loss: 416.0792541503906
INFO Gradient norm: 825.0777758173729
PROGRESS    Completed epoch 148 / 2000;    current loss: 414.3270568847656
INFO Gradient norm: 822.3139288001124
PROGRESS    Completed epoch 149 / 2000;    current loss: 412.5767517089844
INFO Gradient norm: 819.6111689373373
PROGRESS    Completed epoch 150 / 2000;    current loss: 410.8267517089844
INFO Gradient norm: 816.9713258644922
PROGRESS    Completed epoch 151 / 2000;    current loss: 409.07861328125
INFO Gradient norm: 814.3945220361937
PROGRESS    Completed epoch 152 / 2000;    current loss: 407.33111572265625
INFO Gradient norm: 811.8803018936648
PROGRESS    Completed epoch 153 / 2000;    current loss: 405.5838928222656
INFO Gradient norm: 809.4297788117943
PROGRESS    Completed epoch 154 / 2000;    current loss: 403.83795166015625
INFO Gradient norm: 807.0424968490576
PROGRESS    Completed epoch 155 / 2000;    current loss: 402.0919189453125
INFO Gradient norm: 804.7174889992417
PROGRESS    Completed epoch 156 / 2000;    current loss: 400.3466491699219
INFO Gradient norm: 802.4542632108532
PROGRESS    Completed epoch 157 / 2000;    current loss: 398.6016845703125
INFO Gradient norm: 800.2494830905358
PROGRESS    Completed epoch 158 / 2000;    current loss: 396.856689453125
INFO Gradient norm: 798.098493972412
PROGRESS    Completed epoch 159 / 2000;    current loss: 395.10943603515625
INFO Gradient norm: 796.0026944898644
PROGRESS    Completed epoch 160 / 2000;    current loss: 393.36260986328125
INFO Gradient norm: 793.9577575911295
PROGRESS    Completed epoch 161 / 2000;    current loss: 391.6142578125
INFO Gradient norm: 791.9620606326719
PROGRESS    Completed epoch 162 / 2000;    current loss: 389.86431884765625
INFO Gradient norm: 790.0095925794939
PROGRESS    Completed epoch 163 / 2000;    current loss: 388.1111755371094
INFO Gradient norm: 788.0963173990369
PROGRESS    Completed epoch 164 / 2000;    current loss: 386.35565185546875
INFO Gradient norm: 786.2178244787311
PROGRESS    Completed epoch 165 / 2000;    current loss: 384.5970458984375
INFO Gradient norm: 784.367767843592
PROGRESS    Completed epoch 166 / 2000;    current loss: 382.8336486816406
INFO Gradient norm: 782.5421064209738
PROGRESS    Completed epoch 167 / 2000;    current loss: 381.06640625
INFO Gradient norm: 780.7368226355738
PROGRESS    Completed epoch 168 / 2000;    current loss: 379.2949523925781
INFO Gradient norm: 778.9469990575467
PROGRESS    Completed epoch 169 / 2000;    current loss: 377.518310546875
INFO Gradient norm: 777.1692664571711
PROGRESS    Completed epoch 170 / 2000;    current loss: 375.736328125
INFO Gradient norm: 775.399355851317
PROGRESS    Completed epoch 171 / 2000;    current loss: 373.94903564453125
INFO Gradient norm: 773.6339494783292
PROGRESS    Completed epoch 172 / 2000;    current loss: 372.1553039550781
INFO Gradient norm: 771.8713979167962
PROGRESS    Completed epoch 173 / 2000;    current loss: 370.35662841796875
INFO Gradient norm: 770.1071634330997
PROGRESS    Completed epoch 174 / 2000;    current loss: 368.5515441894531
INFO Gradient norm: 768.3391450330348
PROGRESS    Completed epoch 175 / 2000;    current loss: 366.73968505859375
INFO Gradient norm: 766.5660157870611
PROGRESS    Completed epoch 176 / 2000;    current loss: 364.9214782714844
INFO Gradient norm: 764.7841309530569
PROGRESS    Completed epoch 177 / 2000;    current loss: 363.09735107421875
INFO Gradient norm: 762.9911683389411
PROGRESS    Completed epoch 178 / 2000;    current loss: 361.26629638671875
INFO Gradient norm: 761.1818452220064
PROGRESS    Completed epoch 179 / 2000;    current loss: 359.42779541015625
INFO Gradient norm: 759.3555262017721
PROGRESS    Completed epoch 180 / 2000;    current loss: 357.5826110839844
INFO Gradient norm: 757.510195588073
PROGRESS    Completed epoch 181 / 2000;    current loss: 355.7316589355469
INFO Gradient norm: 755.6411322081467
PROGRESS    Completed epoch 182 / 2000;    current loss: 353.8708190917969
INFO Gradient norm: 753.5934890026325
PROGRESS    Completed epoch 183 / 2000;    current loss: 352.02099609375
INFO Gradient norm: 751.7204795033663
PROGRESS    Completed epoch 184 / 2000;    current loss: 350.1818542480469
INFO Gradient norm: 749.8180672550869
PROGRESS    Completed epoch 185 / 2000;    current loss: 348.3288269042969
INFO Gradient norm: 747.886960241528
PROGRESS    Completed epoch 186 / 2000;    current loss: 346.4627685546875
INFO Gradient norm: 745.9282177328745
PROGRESS    Completed epoch 187 / 2000;    current loss: 344.58392333984375
INFO Gradient norm: 743.9421593515896
PROGRESS    Completed epoch 188 / 2000;    current loss: 342.6934509277344
INFO Gradient norm: 741.9299975474866
PROGRESS    Completed epoch 189 / 2000;    current loss: 340.792236328125
INFO Gradient norm: 739.8914006835022
PROGRESS    Completed epoch 190 / 2000;    current loss: 338.88018798828125
INFO Gradient norm: 737.82555272061
PROGRESS    Completed epoch 191 / 2000;    current loss: 336.95721435546875
INFO Gradient norm: 735.734886451861
PROGRESS    Completed epoch 192 / 2000;    current loss: 335.0247802734375
INFO Gradient norm: 733.6193489817539
PROGRESS    Completed epoch 193 / 2000;    current loss: 333.08355712890625
INFO Gradient norm: 731.4784147626993
PROGRESS    Completed epoch 194 / 2000;    current loss: 331.1338806152344
INFO Gradient norm: 729.3125044607743
PROGRESS    Completed epoch 195 / 2000;    current loss: 329.17547607421875
INFO Gradient norm: 727.1229805161737
PROGRESS    Completed epoch 196 / 2000;    current loss: 327.2099304199219
INFO Gradient norm: 725.0046346519596
PROGRESS    Completed epoch 197 / 2000;    current loss: 325.2396240234375
INFO Gradient norm: 722.7782812574404
PROGRESS    Completed epoch 198 / 2000;    current loss: 323.2722473144531
INFO Gradient norm: 720.5254088320027
PROGRESS    Completed epoch 199 / 2000;    current loss: 321.2955627441406
INFO Gradient norm: 718.2480665384827
PROGRESS    Completed epoch 200 / 2000;    current loss: 319.3101806640625
INFO Gradient norm: 715.9451946109725
PROGRESS    Completed epoch 201 / 2000;    current loss: 317.316162109375
INFO Gradient norm: 713.617423565976
PROGRESS    Completed epoch 202 / 2000;    current loss: 315.3145446777344
INFO Gradient norm: 711.2650388140502
PROGRESS    Completed epoch 203 / 2000;    current loss: 313.3056640625
INFO Gradient norm: 708.8879621179713
PROGRESS    Completed epoch 204 / 2000;    current loss: 311.28936767578125
INFO Gradient norm: 706.4867093615223
PROGRESS    Completed epoch 205 / 2000;    current loss: 309.2662048339844
INFO Gradient norm: 704.0628867311509
PROGRESS    Completed epoch 206 / 2000;    current loss: 307.238037109375
INFO Gradient norm: 701.6137671933641
PROGRESS    Completed epoch 207 / 2000;    current loss: 305.2027282714844
INFO Gradient norm: 699.125588981233
PROGRESS    Completed epoch 208 / 2000;    current loss: 303.1659240722656
INFO Gradient norm: 696.6545654890934
PROGRESS    Completed epoch 209 / 2000;    current loss: 301.1224365234375
INFO Gradient norm: 694.1613069883134
PROGRESS    Completed epoch 210 / 2000;    current loss: 299.072265625
INFO Gradient norm: 691.6519106094491
PROGRESS    Completed epoch 211 / 2000;    current loss: 297.01556396484375
INFO Gradient norm: 689.1042608740271
PROGRESS    Completed epoch 212 / 2000;    current loss: 294.9544372558594
INFO Gradient norm: 686.1730511578136
PROGRESS    Completed epoch 213 / 2000;    current loss: 292.9216613769531
INFO Gradient norm: 683.5896011562661
PROGRESS    Completed epoch 214 / 2000;    current loss: 290.906982421875
INFO Gradient norm: 680.9989492380206
PROGRESS    Completed epoch 215 / 2000;    current loss: 288.8841552734375
INFO Gradient norm: 678.3813191875217
PROGRESS    Completed epoch 216 / 2000;    current loss: 286.8519287109375
INFO Gradient norm: 675.7418487533768
PROGRESS    Completed epoch 217 / 2000;    current loss: 284.8115234375
INFO Gradient norm: 673.0793123447103
PROGRESS    Completed epoch 218 / 2000;    current loss: 282.76385498046875
INFO Gradient norm: 670.3933586654879
PROGRESS    Completed epoch 219 / 2000;    current loss: 280.7087707519531
INFO Gradient norm: 667.6832101477858
PROGRESS    Completed epoch 220 / 2000;    current loss: 278.6467590332031
INFO Gradient norm: 664.949208964754
PROGRESS    Completed epoch 221 / 2000;    current loss: 276.57879638671875
INFO Gradient norm: 662.180942826381
PROGRESS    Completed epoch 222 / 2000;    current loss: 274.5066223144531
INFO Gradient norm: 659.4073566523916
PROGRESS    Completed epoch 223 / 2000;    current loss: 272.43133544921875
INFO Gradient norm: 656.6098414812494
PROGRESS    Completed epoch 224 / 2000;    current loss: 270.3502502441406
INFO Gradient norm: 653.7888911687066
PROGRESS    Completed epoch 225 / 2000;    current loss: 268.2646789550781
INFO Gradient norm: 650.958682542263
PROGRESS    Completed epoch 226 / 2000;    current loss: 266.1754455566406
INFO Gradient norm: 648.0955185176962
PROGRESS    Completed epoch 227 / 2000;    current loss: 264.0843505859375
INFO Gradient norm: 645.2094503689008
PROGRESS    Completed epoch 228 / 2000;    current loss: 261.9890441894531
INFO Gradient norm: 642.3005322373264
PROGRESS    Completed epoch 229 / 2000;    current loss: 259.89117431640625
INFO Gradient norm: 639.3631050026172
PROGRESS    Completed epoch 230 / 2000;    current loss: 257.790771484375
INFO Gradient norm: 636.4396273396404
PROGRESS    Completed epoch 231 / 2000;    current loss: 255.68899536132812
INFO Gradient norm: 633.4518786321703
PROGRESS    Completed epoch 232 / 2000;    current loss: 253.58363342285156
INFO Gradient norm: 630.4643717131382
PROGRESS    Completed epoch 233 / 2000;    current loss: 251.47886657714844
INFO Gradient norm: 627.4536833068853
PROGRESS    Completed epoch 234 / 2000;    current loss: 249.3707733154297
INFO Gradient norm: 624.71410829928
PROGRESS    Completed epoch 235 / 2000;    current loss: 247.27940368652344
INFO Gradient norm: 621.6849532386332
PROGRESS    Completed epoch 236 / 2000;    current loss: 245.19052124023438
INFO Gradient norm: 618.628070874799
PROGRESS    Completed epoch 237 / 2000;    current loss: 243.09744262695312
INFO Gradient norm: 615.5449943446577
PROGRESS    Completed epoch 238 / 2000;    current loss: 241.00027465820312
INFO Gradient norm: 612.4419393263229
PROGRESS    Completed epoch 239 / 2000;    current loss: 238.90000915527344
INFO Gradient norm: 609.3209640896458
PROGRESS    Completed epoch 240 / 2000;    current loss: 236.79782104492188
INFO Gradient norm: 606.1751402330641
PROGRESS    Completed epoch 241 / 2000;    current loss: 234.69338989257812
INFO Gradient norm: 602.7652590702287
PROGRESS    Completed epoch 242 / 2000;    current loss: 232.60044860839844
INFO Gradient norm: 599.6057103975394
PROGRESS    Completed epoch 243 / 2000;    current loss: 230.51235961914062
INFO Gradient norm: 596.4276477867606
PROGRESS    Completed epoch 244 / 2000;    current loss: 228.4225616455078
INFO Gradient norm: 593.2308289396174
PROGRESS    Completed epoch 245 / 2000;    current loss: 226.33091735839844
INFO Gradient norm: 590.0151388994819
PROGRESS    Completed epoch 246 / 2000;    current loss: 224.23855590820312
INFO Gradient norm: 586.7878158599858
PROGRESS    Completed epoch 247 / 2000;    current loss: 222.146240234375
INFO Gradient norm: 583.542957349087
PROGRESS    Completed epoch 248 / 2000;    current loss: 220.05343627929688
INFO Gradient norm: 580.2886033181155
PROGRESS    Completed epoch 249 / 2000;    current loss: 217.9610595703125
INFO Gradient norm: 577.0171645644782
PROGRESS    Completed epoch 250 / 2000;    current loss: 215.86859130859375
INFO Gradient norm: 573.9922176753377
PROGRESS    Completed epoch 251 / 2000;    current loss: 213.79278564453125
INFO Gradient norm: 570.7081999903869
PROGRESS    Completed epoch 252 / 2000;    current loss: 211.71685791015625
INFO Gradient norm: 567.396918072463
PROGRESS    Completed epoch 253 / 2000;    current loss: 209.63804626464844
INFO Gradient norm: 564.0637499071978
PROGRESS    Completed epoch 254 / 2000;    current loss: 207.55966186523438
INFO Gradient norm: 560.7072766417093
PROGRESS    Completed epoch 255 / 2000;    current loss: 205.48057556152344
INFO Gradient norm: 557.1334695801916
PROGRESS    Completed epoch 256 / 2000;    current loss: 203.4151611328125
INFO Gradient norm: 553.7800835903523
PROGRESS    Completed epoch 257 / 2000;    current loss: 201.35354614257812
INFO Gradient norm: 550.4124048597165
PROGRESS    Completed epoch 258 / 2000;    current loss: 199.29234313964844
INFO Gradient norm: 547.0247719228084
PROGRESS    Completed epoch 259 / 2000;    current loss: 197.2310028076172
INFO Gradient norm: 543.6300524069278
PROGRESS    Completed epoch 260 / 2000;    current loss: 195.1719512939453
INFO Gradient norm: 540.2198527369229
PROGRESS    Completed epoch 261 / 2000;    current loss: 193.11361694335938
INFO Gradient norm: 536.7929111876135
PROGRESS    Completed epoch 262 / 2000;    current loss: 191.05828857421875
INFO Gradient norm: 533.5737542598225
PROGRESS    Completed epoch 263 / 2000;    current loss: 189.01219177246094
INFO Gradient norm: 530.1372454223246
PROGRESS    Completed epoch 264 / 2000;    current loss: 186.9733123779297
INFO Gradient norm: 526.6749082267529
PROGRESS    Completed epoch 265 / 2000;    current loss: 184.93447875976562
INFO Gradient norm: 523.1899712917482
PROGRESS    Completed epoch 266 / 2000;    current loss: 182.89707946777344
INFO Gradient norm: 519.5136085629017
PROGRESS    Completed epoch 267 / 2000;    current loss: 180.87362670898438
INFO Gradient norm: 516.0236095915134
PROGRESS    Completed epoch 268 / 2000;    current loss: 178.854248046875
INFO Gradient norm: 512.5104703073556
PROGRESS    Completed epoch 269 / 2000;    current loss: 176.83787536621094
INFO Gradient norm: 508.97821436643017
PROGRESS    Completed epoch 270 / 2000;    current loss: 174.82350158691406
INFO Gradient norm: 505.42050832792006
PROGRESS    Completed epoch 271 / 2000;    current loss: 172.81304931640625
INFO Gradient norm: 501.83869709618676
PROGRESS    Completed epoch 272 / 2000;    current loss: 170.80569458007812
INFO Gradient norm: 498.46287805783373
PROGRESS    Completed epoch 273 / 2000;    current loss: 168.81329345703125
INFO Gradient norm: 494.873304221761
PROGRESS    Completed epoch 274 / 2000;    current loss: 166.82615661621094
INFO Gradient norm: 491.25690602646046
PROGRESS    Completed epoch 275 / 2000;    current loss: 164.8414764404297
INFO Gradient norm: 487.61555764813846
PROGRESS    Completed epoch 276 / 2000;    current loss: 162.85958862304688
INFO Gradient norm: 483.8079161473418
PROGRESS    Completed epoch 277 / 2000;    current loss: 160.89535522460938
INFO Gradient norm: 480.1677389171582
PROGRESS    Completed epoch 278 / 2000;    current loss: 158.93653869628906
INFO Gradient norm: 476.5044182191876
PROGRESS    Completed epoch 279 / 2000;    current loss: 156.98239135742188
INFO Gradient norm: 472.81026557693053
PROGRESS    Completed epoch 280 / 2000;    current loss: 155.03262329101562
INFO Gradient norm: 469.0869349324889
PROGRESS    Completed epoch 281 / 2000;    current loss: 153.0888214111328
INFO Gradient norm: 465.3453645455391
PROGRESS    Completed epoch 282 / 2000;    current loss: 151.15121459960938
INFO Gradient norm: 461.77485043659516
PROGRESS    Completed epoch 283 / 2000;    current loss: 149.22323608398438
INFO Gradient norm: 458.0301148426503
PROGRESS    Completed epoch 284 / 2000;    current loss: 147.30792236328125
INFO Gradient norm: 454.2525231677155
PROGRESS    Completed epoch 285 / 2000;    current loss: 145.39768981933594
INFO Gradient norm: 450.29277698948766
PROGRESS    Completed epoch 286 / 2000;    current loss: 143.49752807617188
INFO Gradient norm: 446.4997561305241
PROGRESS    Completed epoch 287 / 2000;    current loss: 141.6073455810547
INFO Gradient norm: 442.6769758101009
PROGRESS    Completed epoch 288 / 2000;    current loss: 139.7242431640625
INFO Gradient norm: 438.8258350038011
PROGRESS    Completed epoch 289 / 2000;    current loss: 137.84828186035156
INFO Gradient norm: 435.1418333169368
PROGRESS    Completed epoch 290 / 2000;    current loss: 135.9840545654297
INFO Gradient norm: 431.26975403619616
PROGRESS    Completed epoch 291 / 2000;    current loss: 134.12973022460938
INFO Gradient norm: 427.2127127706637
PROGRESS    Completed epoch 292 / 2000;    current loss: 132.28250122070312
INFO Gradient norm: 423.3171883373182
PROGRESS    Completed epoch 293 / 2000;    current loss: 130.44790649414062
INFO Gradient norm: 419.39316775880343
PROGRESS    Completed epoch 294 / 2000;    current loss: 128.62095642089844
INFO Gradient norm: 415.6324008637877
PROGRESS    Completed epoch 295 / 2000;    current loss: 126.8088607788086
INFO Gradient norm: 411.68174640954186
PROGRESS    Completed epoch 296 / 2000;    current loss: 125.00300598144531
INFO Gradient norm: 407.56724570331096
PROGRESS    Completed epoch 297 / 2000;    current loss: 123.20673370361328
INFO Gradient norm: 403.60315698622907
PROGRESS    Completed epoch 298 / 2000;    current loss: 121.42326354980469
INFO Gradient norm: 399.6103339754356
PROGRESS    Completed epoch 299 / 2000;    current loss: 119.64948272705078
INFO Gradient norm: 395.7453674481977
PROGRESS    Completed epoch 300 / 2000;    current loss: 117.88618469238281
INFO Gradient norm: 391.7273982019253
PROGRESS    Completed epoch 301 / 2000;    current loss: 116.133544921875
INFO Gradient norm: 387.60772636643946
PROGRESS    Completed epoch 302 / 2000;    current loss: 114.3954086303711
INFO Gradient norm: 383.5899589361338
PROGRESS    Completed epoch 303 / 2000;    current loss: 112.66674041748047
INFO Gradient norm: 379.54161560280244
PROGRESS    Completed epoch 304 / 2000;    current loss: 110.947998046875
INFO Gradient norm: 375.4671100292446
PROGRESS    Completed epoch 305 / 2000;    current loss: 109.23767852783203
INFO Gradient norm: 371.5212561136953
PROGRESS    Completed epoch 306 / 2000;    current loss: 107.54110717773438
INFO Gradient norm: 367.45658713235593
PROGRESS    Completed epoch 307 / 2000;    current loss: 105.85667419433594
INFO Gradient norm: 363.2568232894162
PROGRESS    Completed epoch 308 / 2000;    current loss: 104.18213653564453
INFO Gradient norm: 359.18445154024045
PROGRESS    Completed epoch 309 / 2000;    current loss: 102.52067565917969
INFO Gradient norm: 355.1890807588926
PROGRESS    Completed epoch 310 / 2000;    current loss: 100.86958312988281
INFO Gradient norm: 351.02275219501394
PROGRESS    Completed epoch 311 / 2000;    current loss: 99.23218536376953
INFO Gradient norm: 346.9318055736517
PROGRESS    Completed epoch 312 / 2000;    current loss: 97.60479736328125
INFO Gradient norm: 342.92198334711355
PROGRESS    Completed epoch 313 / 2000;    current loss: 95.98823547363281
INFO Gradient norm: 338.74620335939426
PROGRESS    Completed epoch 314 / 2000;    current loss: 94.38423156738281
INFO Gradient norm: 334.73982940249647
PROGRESS    Completed epoch 315 / 2000;    current loss: 92.79122924804688
INFO Gradient norm: 330.61471628246534
PROGRESS    Completed epoch 316 / 2000;    current loss: 91.21196746826172
INFO Gradient norm: 326.5524482116172
PROGRESS    Completed epoch 317 / 2000;    current loss: 89.64241027832031
INFO Gradient norm: 322.4665406660716
PROGRESS    Completed epoch 318 / 2000;    current loss: 88.0825424194336
INFO Gradient norm: 318.54456480053
PROGRESS    Completed epoch 319 / 2000;    current loss: 86.53665161132812
INFO Gradient norm: 314.51991290063313
PROGRESS    Completed epoch 320 / 2000;    current loss: 84.99944305419922
INFO Gradient norm: 310.4088409673954
PROGRESS    Completed epoch 321 / 2000;    current loss: 83.47257232666016
INFO Gradient norm: 306.4559206101294
PROGRESS    Completed epoch 322 / 2000;    current loss: 81.95763397216797
INFO Gradient norm: 302.488521728948
PROGRESS    Completed epoch 323 / 2000;    current loss: 80.4525146484375
INFO Gradient norm: 298.7022504218254
PROGRESS    Completed epoch 324 / 2000;    current loss: 78.95857238769531
INFO Gradient norm: 294.8190031221991
PROGRESS    Completed epoch 325 / 2000;    current loss: 77.47276306152344
INFO Gradient norm: 290.9377123908927
PROGRESS    Completed epoch 326 / 2000;    current loss: 75.99642181396484
INFO Gradient norm: 287.21311708670174
PROGRESS    Completed epoch 327 / 2000;    current loss: 74.5296401977539
INFO Gradient norm: 283.49165038750436
PROGRESS    Completed epoch 328 / 2000;    current loss: 73.07087707519531
INFO Gradient norm: 279.86745693384637
PROGRESS    Completed epoch 329 / 2000;    current loss: 71.62014770507812
INFO Gradient norm: 276.26085483266104
PROGRESS    Completed epoch 330 / 2000;    current loss: 70.1769027709961
INFO Gradient norm: 272.8804500429782
PROGRESS    Completed epoch 331 / 2000;    current loss: 68.74131774902344
INFO Gradient norm: 269.49020474681697
PROGRESS    Completed epoch 332 / 2000;    current loss: 67.311767578125
INFO Gradient norm: 266.2530386081699
PROGRESS    Completed epoch 333 / 2000;    current loss: 65.8885498046875
INFO Gradient norm: 263.202103096934
PROGRESS    Completed epoch 334 / 2000;    current loss: 64.47087860107422
INFO Gradient norm: 260.1669442762489
PROGRESS    Completed epoch 335 / 2000;    current loss: 63.05835723876953
INFO Gradient norm: 257.3628702660402
PROGRESS    Completed epoch 336 / 2000;    current loss: 61.651519775390625
INFO Gradient norm: 255.1243322178017
PROGRESS    Completed epoch 337 / 2000;    current loss: 60.2538948059082
INFO Gradient norm: 252.85048442643117
PROGRESS    Completed epoch 338 / 2000;    current loss: 58.85816192626953
INFO Gradient norm: 250.8352259960761
PROGRESS    Completed epoch 339 / 2000;    current loss: 57.475982666015625
INFO Gradient norm: 248.7067224485872
PROGRESS    Completed epoch 340 / 2000;    current loss: 56.171024322509766
INFO Gradient norm: 245.5928312525273
PROGRESS    Completed epoch 341 / 2000;    current loss: 54.96671676635742
INFO Gradient norm: 243.05441545908326
PROGRESS    Completed epoch 342 / 2000;    current loss: 53.76738357543945
INFO Gradient norm: 241.94350005042745
PROGRESS    Completed epoch 343 / 2000;    current loss: 52.575843811035156
INFO Gradient norm: 241.35338712637937
PROGRESS    Completed epoch 344 / 2000;    current loss: 51.37212371826172
INFO Gradient norm: 244.34665607006775
PROGRESS    Completed epoch 345 / 2000;    current loss: 50.234134674072266
INFO Gradient norm: 248.91114445103426
PROGRESS    Completed epoch 346 / 2000;    current loss: 49.1014289855957
INFO Gradient norm: 253.81851279070963
PROGRESS    Completed epoch 347 / 2000;    current loss: 47.948143005371094
INFO Gradient norm: 263.2132412822023
PROGRESS    Completed epoch 348 / 2000;    current loss: 46.852664947509766
INFO Gradient norm: 275.9783284435019
PROGRESS    Completed epoch 349 / 2000;    current loss: 45.811302185058594
INFO Gradient norm: 286.44050267036704
PROGRESS    Completed epoch 350 / 2000;    current loss: 44.730323791503906
INFO Gradient norm: 297.04790542932597
PROGRESS    Completed epoch 351 / 2000;    current loss: 43.710723876953125
INFO Gradient norm: 312.2186069387546
PROGRESS    Completed epoch 352 / 2000;    current loss: 42.844329833984375
INFO Gradient norm: 298.46754236874375
PROGRESS    Completed epoch 353 / 2000;    current loss: 41.863826751708984
INFO Gradient norm: 277.64683202152577
PROGRESS    Completed epoch 354 / 2000;    current loss: 40.84836196899414
INFO Gradient norm: 264.2918631469302
PROGRESS    Completed epoch 355 / 2000;    current loss: 39.9259033203125
INFO Gradient norm: 256.99583292658895
PROGRESS    Completed epoch 356 / 2000;    current loss: 39.02716064453125
INFO Gradient norm: 244.53398917138853
PROGRESS    Completed epoch 357 / 2000;    current loss: 38.098697662353516
INFO Gradient norm: 238.54864530312497
PROGRESS    Completed epoch 358 / 2000;    current loss: 37.29128646850586
INFO Gradient norm: 231.93964236686256
PROGRESS    Completed epoch 359 / 2000;    current loss: 36.4322395324707
INFO Gradient norm: 221.87828762995227
PROGRESS    Completed epoch 360 / 2000;    current loss: 35.497989654541016
INFO Gradient norm: 218.2692992312222
PROGRESS    Completed epoch 361 / 2000;    current loss: 34.72374725341797
INFO Gradient norm: 213.29688030218395
PROGRESS    Completed epoch 362 / 2000;    current loss: 33.908409118652344
INFO Gradient norm: 205.4015374325406
PROGRESS    Completed epoch 363 / 2000;    current loss: 33.0101318359375
INFO Gradient norm: 203.50042792542172
PROGRESS    Completed epoch 364 / 2000;    current loss: 32.16012191772461
INFO Gradient norm: 201.01233594648943
PROGRESS    Completed epoch 365 / 2000;    current loss: 31.373817443847656
INFO Gradient norm: 195.73531409854462
PROGRESS    Completed epoch 366 / 2000;    current loss: 30.513309478759766
INFO Gradient norm: 189.49444217192402
PROGRESS    Completed epoch 367 / 2000;    current loss: 29.7380428314209
INFO Gradient norm: 188.46270115303915
PROGRESS    Completed epoch 368 / 2000;    current loss: 28.956260681152344
INFO Gradient norm: 188.25733586514454
PROGRESS    Completed epoch 369 / 2000;    current loss: 28.097261428833008
INFO Gradient norm: 191.68315512421108
PROGRESS    Completed epoch 370 / 2000;    current loss: 27.409893035888672
INFO Gradient norm: 192.27262298317692
PROGRESS    Completed epoch 371 / 2000;    current loss: 26.680578231811523
INFO Gradient norm: 193.25622891864003
PROGRESS    Completed epoch 372 / 2000;    current loss: 25.87201499938965
INFO Gradient norm: 191.51446406919476
PROGRESS    Completed epoch 373 / 2000;    current loss: 25.03997039794922
INFO Gradient norm: 190.8845778032518
PROGRESS    Completed epoch 374 / 2000;    current loss: 24.382434844970703
INFO Gradient norm: 186.3338357194388
PROGRESS    Completed epoch 375 / 2000;    current loss: 23.630075454711914
INFO Gradient norm: 185.0915433111825
PROGRESS    Completed epoch 376 / 2000;    current loss: 22.902496337890625
INFO Gradient norm: 187.34506784226855
PROGRESS    Completed epoch 377 / 2000;    current loss: 22.15476417541504
INFO Gradient norm: 183.689449695871
PROGRESS    Completed epoch 378 / 2000;    current loss: 21.411094665527344
INFO Gradient norm: 179.36008284113967
PROGRESS    Completed epoch 379 / 2000;    current loss: 20.730148315429688
INFO Gradient norm: 178.8578040525373
PROGRESS    Completed epoch 380 / 2000;    current loss: 20.042570114135742
INFO Gradient norm: 177.94506650534015
PROGRESS    Completed epoch 381 / 2000;    current loss: 19.28890609741211
INFO Gradient norm: 170.96919350956352
PROGRESS    Completed epoch 382 / 2000;    current loss: 18.545310974121094
INFO Gradient norm: 167.50009296075584
PROGRESS    Completed epoch 383 / 2000;    current loss: 17.902137756347656
INFO Gradient norm: 172.00493242906524
PROGRESS    Completed epoch 384 / 2000;    current loss: 17.267536163330078
INFO Gradient norm: 170.75963499951422
PROGRESS    Completed epoch 385 / 2000;    current loss: 16.582229614257812
INFO Gradient norm: 173.04482021308783
PROGRESS    Completed epoch 386 / 2000;    current loss: 15.965413093566895
INFO Gradient norm: 168.383544397296
PROGRESS    Completed epoch 387 / 2000;    current loss: 15.329928398132324
INFO Gradient norm: 166.5646973708871
PROGRESS    Completed epoch 388 / 2000;    current loss: 14.719087600708008
INFO Gradient norm: 157.337642963661
PROGRESS    Completed epoch 389 / 2000;    current loss: 14.110006332397461
INFO Gradient norm: 155.33361061863656
PROGRESS    Completed epoch 390 / 2000;    current loss: 13.512218475341797
INFO Gradient norm: 146.27117026638768
PROGRESS    Completed epoch 391 / 2000;    current loss: 13.019071578979492
INFO Gradient norm: 146.72703530491333
PROGRESS    Completed epoch 392 / 2000;    current loss: 12.67255973815918
INFO Gradient norm: 144.2720752312195
PROGRESS    Completed epoch 393 / 2000;    current loss: 12.328909873962402
INFO Gradient norm: 144.29873954743135
PROGRESS    Completed epoch 394 / 2000;    current loss: 11.935688972473145
INFO Gradient norm: 141.492807731548
PROGRESS    Completed epoch 395 / 2000;    current loss: 11.466106414794922
INFO Gradient norm: 141.86510711890978
PROGRESS    Completed epoch 396 / 2000;    current loss: 11.081716537475586
INFO Gradient norm: 139.28640612631898
PROGRESS    Completed epoch 397 / 2000;    current loss: 10.643385887145996
INFO Gradient norm: 136.02381810937518
PROGRESS    Completed epoch 398 / 2000;    current loss: 10.173835754394531
INFO Predicted parameters contain zero-value: tensor([1.4482e+00, 1.1345e-02, 1.3090e+00, 2.0266e+00, 1.8358e+00, 9.8707e-01,
        1.2961e-03, 4.1070e-01, 1.2692e-01, 1.4259e-01, 1.4057e-03, 0.0000e+00,
        6.5364e-01, 2.7935e-01], grad_fn=<AbsBackward0>)
INFO Gradient norm: 698.9390033070232
PROGRESS    Completed epoch 399 / 2000;    current loss: 20.277297973632812
INFO Gradient norm: 185.267019836207
PROGRESS    Completed epoch 400 / 2000;    current loss: 9.637933731079102
INFO Gradient norm: 219.1024231116331
PROGRESS    Completed epoch 401 / 2000;    current loss: 9.399971961975098
INFO Gradient norm: 216.43607167217172
PROGRESS    Completed epoch 402 / 2000;    current loss: 8.995407104492188
INFO Gradient norm: 194.38953596911696
PROGRESS    Completed epoch 403 / 2000;    current loss: 8.748132705688477
INFO Gradient norm: 173.29467503340774
PROGRESS    Completed epoch 404 / 2000;    current loss: 8.428512573242188
INFO Gradient norm: 146.8438622495902
PROGRESS    Completed epoch 405 / 2000;    current loss: 8.0010986328125
INFO Gradient norm: 120.75873631915277
PROGRESS    Completed epoch 406 / 2000;    current loss: 7.656061172485352
INFO Gradient norm: 121.2530454805924
PROGRESS    Completed epoch 407 / 2000;    current loss: 7.440250396728516
INFO Gradient norm: 120.80305240454715
PROGRESS    Completed epoch 408 / 2000;    current loss: 7.166966438293457
INFO Gradient norm: 121.67089197951697
PROGRESS    Completed epoch 409 / 2000;    current loss: 6.831003189086914
INFO Gradient norm: 137.66506791485023
PROGRESS    Completed epoch 410 / 2000;    current loss: 6.666565895080566
INFO Gradient norm: 144.68411907960106
PROGRESS    Completed epoch 411 / 2000;    current loss: 6.466824054718018
INFO Gradient norm: 126.68219631086649
PROGRESS    Completed epoch 412 / 2000;    current loss: 6.150640487670898
INFO Gradient norm: 109.95588102607373
PROGRESS    Completed epoch 413 / 2000;    current loss: 5.781331539154053
INFO Gradient norm: 104.62013420415714
PROGRESS    Completed epoch 414 / 2000;    current loss: 5.484888076782227
INFO Gradient norm: 106.26940168661879
PROGRESS    Completed epoch 415 / 2000;    current loss: 5.325323581695557
INFO Gradient norm: 105.56447679484532
PROGRESS    Completed epoch 416 / 2000;    current loss: 5.10316801071167
INFO Gradient norm: 99.76896024092744
PROGRESS    Completed epoch 417 / 2000;    current loss: 4.800570964813232
INFO Gradient norm: 96.87648138872385
PROGRESS    Completed epoch 418 / 2000;    current loss: 4.586475849151611
INFO Gradient norm: 96.69830049388281
PROGRESS    Completed epoch 419 / 2000;    current loss: 4.381902694702148
INFO Gradient norm: 91.37383092301982
PROGRESS    Completed epoch 420 / 2000;    current loss: 4.1039814949035645
INFO Gradient norm: 89.31219898268397
PROGRESS    Completed epoch 421 / 2000;    current loss: 3.885603904724121
INFO Gradient norm: 84.27013121688609
PROGRESS    Completed epoch 422 / 2000;    current loss: 3.697381019592285
INFO Gradient norm: 79.9499975992238
PROGRESS    Completed epoch 423 / 2000;    current loss: 3.4631452560424805
INFO Gradient norm: 79.43352441191986
PROGRESS    Completed epoch 424 / 2000;    current loss: 3.3247344493865967
INFO Gradient norm: 76.42795358797241
PROGRESS    Completed epoch 425 / 2000;    current loss: 3.186530590057373
INFO Gradient norm: 82.64737494194611
PROGRESS    Completed epoch 426 / 2000;    current loss: 3.057804584503174
INFO Gradient norm: 82.77662650992889
PROGRESS    Completed epoch 427 / 2000;    current loss: 2.940617322921753
INFO Gradient norm: 77.12538504989668
PROGRESS    Completed epoch 428 / 2000;    current loss: 2.8221569061279297
INFO Gradient norm: 77.94602357685493
PROGRESS    Completed epoch 429 / 2000;    current loss: 2.656231641769409
INFO Gradient norm: 88.4009820969887
PROGRESS    Completed epoch 430 / 2000;    current loss: 2.576281785964966
INFO Gradient norm: 92.24172923832488
PROGRESS    Completed epoch 431 / 2000;    current loss: 2.4830076694488525
INFO Gradient norm: 79.91375152208467
PROGRESS    Completed epoch 432 / 2000;    current loss: 2.3167366981506348
INFO Gradient norm: 71.33625312678862
PROGRESS    Completed epoch 433 / 2000;    current loss: 2.176820755004883
INFO Gradient norm: 72.4045368275218
PROGRESS    Completed epoch 434 / 2000;    current loss: 2.1146955490112305
INFO Gradient norm: 89.91705433958201
PROGRESS    Completed epoch 435 / 2000;    current loss: 2.066779851913452
INFO Gradient norm: 74.22802130890116
PROGRESS    Completed epoch 436 / 2000;    current loss: 1.9402261972427368
INFO Gradient norm: 63.65841280563244
PROGRESS    Completed epoch 437 / 2000;    current loss: 1.8252975940704346
INFO Gradient norm: 66.22405838388678
PROGRESS    Completed epoch 438 / 2000;    current loss: 1.7140368223190308
INFO Gradient norm: 73.38907240938003
PROGRESS    Completed epoch 439 / 2000;    current loss: 1.6594487428665161
INFO Gradient norm: 61.49535112699414
PROGRESS    Completed epoch 440 / 2000;    current loss: 1.5662755966186523
INFO Gradient norm: 61.18831823995935
PROGRESS    Completed epoch 441 / 2000;    current loss: 1.462072491645813
INFO Gradient norm: 68.76487634749965
PROGRESS    Completed epoch 442 / 2000;    current loss: 1.3721774816513062
INFO Gradient norm: 52.61770839527276
PROGRESS    Completed epoch 443 / 2000;    current loss: 1.2909200191497803
INFO Gradient norm: 54.64842433974307
PROGRESS    Completed epoch 444 / 2000;    current loss: 1.191380500793457
INFO Gradient norm: 53.09536975259108
PROGRESS    Completed epoch 445 / 2000;    current loss: 1.1146740913391113
INFO Gradient norm: 46.047052595480885
PROGRESS    Completed epoch 446 / 2000;    current loss: 1.0375694036483765
INFO Gradient norm: 41.18389665461148
PROGRESS    Completed epoch 447 / 2000;    current loss: 0.934077262878418
INFO Gradient norm: 54.822093198254834
PROGRESS    Completed epoch 448 / 2000;    current loss: 0.8854814767837524
INFO Gradient norm: 41.493009153662605
PROGRESS    Completed epoch 449 / 2000;    current loss: 0.8078770041465759
INFO Gradient norm: 35.31989576496443
PROGRESS    Completed epoch 450 / 2000;    current loss: 0.7293092012405396
INFO Gradient norm: 48.914423255364085
PROGRESS    Completed epoch 451 / 2000;    current loss: 0.6755684614181519
INFO Gradient norm: 30.978134750479118
PROGRESS    Completed epoch 452 / 2000;    current loss: 0.6152204871177673
INFO Gradient norm: 43.97954192490101
PROGRESS    Completed epoch 453 / 2000;    current loss: 0.5644210577011108
INFO Gradient norm: 35.80832261830617
PROGRESS    Completed epoch 454 / 2000;    current loss: 0.49680599570274353
INFO Gradient norm: 24.784360921528137
PROGRESS    Completed epoch 455 / 2000;    current loss: 0.4362076222896576
INFO Gradient norm: 18.84091848147063
PROGRESS    Completed epoch 456 / 2000;    current loss: 0.38885748386383057
INFO Gradient norm: 19.72833354492556
PROGRESS    Completed epoch 457 / 2000;    current loss: 0.3529830574989319
INFO Gradient norm: 11.697849129030248
PROGRESS    Completed epoch 458 / 2000;    current loss: 0.31536078453063965
INFO Gradient norm: 11.449338308135147
PROGRESS    Completed epoch 459 / 2000;    current loss: 0.2857206165790558
INFO Gradient norm: 27.843256891310492
PROGRESS    Completed epoch 460 / 2000;    current loss: 0.27582797408103943
INFO Gradient norm: 17.41980975756589
PROGRESS    Completed epoch 461 / 2000;    current loss: 0.26050013303756714
INFO Gradient norm: 28.249015526562484
PROGRESS    Completed epoch 462 / 2000;    current loss: 0.2645736038684845
INFO Gradient norm: 10.176765650125084
PROGRESS    Completed epoch 463 / 2000;    current loss: 0.253542959690094
INFO Gradient norm: 43.59772902365093
PROGRESS    Completed epoch 464 / 2000;    current loss: 0.2758658230304718
INFO Gradient norm: 39.54478112651867
PROGRESS    Completed epoch 465 / 2000;    current loss: 0.2720704674720764
INFO Gradient norm: 11.131490024064597
PROGRESS    Completed epoch 466 / 2000;    current loss: 0.2542840540409088
INFO Gradient norm: 12.861648390602024
PROGRESS    Completed epoch 467 / 2000;    current loss: 0.2558070421218872
INFO Gradient norm: 27.270339535496063
PROGRESS    Completed epoch 468 / 2000;    current loss: 0.2638651430606842
INFO Gradient norm: 16.848103358017255
PROGRESS    Completed epoch 469 / 2000;    current loss: 0.2581275999546051
INFO Gradient norm: 31.61446814359507
PROGRESS    Completed epoch 470 / 2000;    current loss: 0.27152788639068604
INFO Gradient norm: 29.761730262156743
PROGRESS    Completed epoch 471 / 2000;    current loss: 0.26982417702674866
INFO Gradient norm: 14.297318206992715
PROGRESS    Completed epoch 472 / 2000;    current loss: 0.25742289423942566
INFO Gradient norm: 13.491135499564605
PROGRESS    Completed epoch 473 / 2000;    current loss: 0.2566561996936798
INFO Gradient norm: 24.752633363694308
PROGRESS    Completed epoch 474 / 2000;    current loss: 0.2639492154121399
INFO Gradient norm: 16.23793325943442
PROGRESS    Completed epoch 475 / 2000;    current loss: 0.2572140693664551
INFO Gradient norm: 31.64503345226393
PROGRESS    Completed epoch 476 / 2000;    current loss: 0.26693233847618103
INFO Gradient norm: 30.197987148719033
PROGRESS    Completed epoch 477 / 2000;    current loss: 0.2651579976081848
INFO Gradient norm: 12.646819483855522
PROGRESS    Completed epoch 478 / 2000;    current loss: 0.25363364815711975
INFO Gradient norm: 10.090246126025725
PROGRESS    Completed epoch 479 / 2000;    current loss: 0.25216227769851685
INFO Gradient norm: 28.61992725029282
PROGRESS    Completed epoch 480 / 2000;    current loss: 0.26233071088790894
INFO Gradient norm: 19.59725607571431
PROGRESS    Completed epoch 481 / 2000;    current loss: 0.2550901174545288
INFO Gradient norm: 26.681644356057856
PROGRESS    Completed epoch 482 / 2000;    current loss: 0.2605845332145691
INFO Gradient norm: 25.06068650601517
PROGRESS    Completed epoch 483 / 2000;    current loss: 0.2589800953865051
INFO Gradient norm: 16.419462366531516
PROGRESS    Completed epoch 484 / 2000;    current loss: 0.252871572971344
INFO Gradient norm: 13.263770893168806
PROGRESS    Completed epoch 485 / 2000;    current loss: 0.251341313123703
INFO Gradient norm: 27.11428326048332
PROGRESS    Completed epoch 486 / 2000;    current loss: 0.2602896988391876
INFO Gradient norm: 21.514740955753737
PROGRESS    Completed epoch 487 / 2000;    current loss: 0.2556235194206238
INFO Gradient norm: 23.88381952534786
PROGRESS    Completed epoch 488 / 2000;    current loss: 0.25718405842781067
INFO Gradient norm: 21.917694697105578
PROGRESS    Completed epoch 489 / 2000;    current loss: 0.25566965341567993
INFO Gradient norm: 20.220555735046098
PROGRESS    Completed epoch 490 / 2000;    current loss: 0.25427916646003723
INFO Gradient norm: 16.083707091006747
PROGRESS    Completed epoch 491 / 2000;    current loss: 0.2516797184944153
INFO Gradient norm: 27.172616276346893
PROGRESS    Completed epoch 492 / 2000;    current loss: 0.2590169608592987
INFO Gradient norm: 22.35679723880789
PROGRESS    Completed epoch 493 / 2000;    current loss: 0.255089670419693
INFO Gradient norm: 22.065505556561206
PROGRESS    Completed epoch 494 / 2000;    current loss: 0.25458744168281555
INFO Gradient norm: 19.514765312474815
PROGRESS    Completed epoch 495 / 2000;    current loss: 0.2526280879974365
INFO Gradient norm: 22.79434059574676
PROGRESS    Completed epoch 496 / 2000;    current loss: 0.25462982058525085
INFO Gradient norm: 18.035584479044157
PROGRESS    Completed epoch 497 / 2000;    current loss: 0.2513757050037384
INFO Gradient norm: 25.30135257004795
PROGRESS    Completed epoch 498 / 2000;    current loss: 0.2561703622341156
INFO Gradient norm: 21.87558587937851
PROGRESS    Completed epoch 499 / 2000;    current loss: 0.2533183991909027
INFO Gradient norm: 21.36260585542931
PROGRESS    Completed epoch 500 / 2000;    current loss: 0.2527214288711548
INFO Gradient norm: 17.870864110826087
PROGRESS    Completed epoch 501 / 2000;    current loss: 0.2504008114337921
INFO Gradient norm: 24.322127699440905
PROGRESS    Completed epoch 502 / 2000;    current loss: 0.25463560223579407
INFO Gradient norm: 20.129841454414958
PROGRESS    Completed epoch 503 / 2000;    current loss: 0.2514318525791168
INFO Gradient norm: 23.552114213664854
PROGRESS    Completed epoch 504 / 2000;    current loss: 0.2534940838813782
INFO Gradient norm: 20.123616270614786
PROGRESS    Completed epoch 505 / 2000;    current loss: 0.2510305643081665
INFO Gradient norm: 22.397619242695193
PROGRESS    Completed epoch 506 / 2000;    current loss: 0.25260645151138306
INFO Gradient norm: 18.670443952729823
PROGRESS    Completed epoch 507 / 2000;    current loss: 0.24998120963573456
INFO Gradient norm: 24.2997326254002
PROGRESS    Completed epoch 508 / 2000;    current loss: 0.25346213579177856
INFO Gradient norm: 20.201641676037074
PROGRESS    Completed epoch 509 / 2000;    current loss: 0.2505362629890442
INFO Gradient norm: 21.87935025504279
PROGRESS    Completed epoch 510 / 2000;    current loss: 0.25194287300109863
INFO Gradient norm: 16.994619132777455
PROGRESS    Completed epoch 511 / 2000;    current loss: 0.24909906089305878
INFO Gradient norm: 27.733133558127925
PROGRESS    Completed epoch 512 / 2000;    current loss: 0.25661802291870117
INFO Gradient norm: 23.941441894549072
PROGRESS    Completed epoch 513 / 2000;    current loss: 0.2538042962551117
INFO Gradient norm: 20.64120466010696
PROGRESS    Completed epoch 514 / 2000;    current loss: 0.25169941782951355
INFO Gradient norm: 17.809831593877856
PROGRESS    Completed epoch 515 / 2000;    current loss: 0.25002309679985046
INFO Gradient norm: 25.440069491940545
PROGRESS    Completed epoch 516 / 2000;    current loss: 0.2551267445087433
INFO Gradient norm: 20.187048757062918
PROGRESS    Completed epoch 517 / 2000;    current loss: 0.25149431824684143
INFO Gradient norm: 24.99008348105713
PROGRESS    Completed epoch 518 / 2000;    current loss: 0.25491032004356384
INFO Gradient norm: 22.180028763267934
PROGRESS    Completed epoch 519 / 2000;    current loss: 0.2527453899383545
INFO Gradient norm: 21.554122489714445
PROGRESS    Completed epoch 520 / 2000;    current loss: 0.252211332321167
INFO Gradient norm: 17.386681407714637
PROGRESS    Completed epoch 521 / 2000;    current loss: 0.24967606365680695
INFO Gradient norm: 26.30919096908655
PROGRESS    Completed epoch 522 / 2000;    current loss: 0.2557731568813324
INFO Gradient norm: 22.279649288352523
PROGRESS    Completed epoch 523 / 2000;    current loss: 0.2525584101676941
INFO Gradient norm: 22.54159900275528
PROGRESS    Completed epoch 524 / 2000;    current loss: 0.2525283694267273
INFO Gradient norm: 19.169229673993645
PROGRESS    Completed epoch 525 / 2000;    current loss: 0.2502773404121399
INFO Gradient norm: 25.685650717741442
PROGRESS    Completed epoch 526 / 2000;    current loss: 0.2549140155315399
INFO Gradient norm: 21.26846267334171
PROGRESS    Completed epoch 527 / 2000;    current loss: 0.2515367865562439
INFO Gradient norm: 23.553520396198756
PROGRESS    Completed epoch 528 / 2000;    current loss: 0.2529979348182678
INFO Gradient norm: 15.6993618984233
PROGRESS    Completed epoch 529 / 2000;    current loss: 0.24865712225437164
INFO Gradient norm: 30.1292354792016
PROGRESS    Completed epoch 530 / 2000;    current loss: 0.2595875561237335
INFO Gradient norm: 27.958451467320636
PROGRESS    Completed epoch 531 / 2000;    current loss: 0.2577431797981262
INFO Gradient norm: 15.007333211889573
PROGRESS    Completed epoch 532 / 2000;    current loss: 0.2490711659193039
INFO Gradient norm: 12.150443415985269
PROGRESS    Completed epoch 533 / 2000;    current loss: 0.24801525473594666
INFO Gradient norm: 28.434061080742403
PROGRESS    Completed epoch 534 / 2000;    current loss: 0.2586196959018707
INFO Gradient norm: 22.25022229712525
PROGRESS    Completed epoch 535 / 2000;    current loss: 0.25359004735946655
INFO Gradient norm: 24.194274468611546
PROGRESS    Completed epoch 536 / 2000;    current loss: 0.25491857528686523
INFO Gradient norm: 22.442938890483465
PROGRESS    Completed epoch 537 / 2000;    current loss: 0.2536838948726654
INFO Gradient norm: 19.953336982582183
PROGRESS    Completed epoch 538 / 2000;    current loss: 0.2520609200000763
INFO Gradient norm: 15.647624270501268
PROGRESS    Completed epoch 539 / 2000;    current loss: 0.2495843470096588
INFO Gradient norm: 27.960193797260377
PROGRESS    Completed epoch 540 / 2000;    current loss: 0.2577440142631531
INFO Gradient norm: 23.083833024412243
PROGRESS    Completed epoch 541 / 2000;    current loss: 0.25386232137680054
INFO Gradient norm: 21.615778490628426
PROGRESS    Completed epoch 542 / 2000;    current loss: 0.2528983950614929
INFO Gradient norm: 19.191349957732005
PROGRESS    Completed epoch 543 / 2000;    current loss: 0.2511938810348511
INFO Gradient norm: 23.06960201523383
PROGRESS    Completed epoch 544 / 2000;    current loss: 0.2535421550273895
INFO Gradient norm: 18.111667928613727
PROGRESS    Completed epoch 545 / 2000;    current loss: 0.2503044307231903
INFO Gradient norm: 25.414300726483226
PROGRESS    Completed epoch 546 / 2000;    current loss: 0.25546684861183167
INFO Gradient norm: 22.14325679876901
PROGRESS    Completed epoch 547 / 2000;    current loss: 0.2528133690357208
INFO Gradient norm: 20.944796546207503
PROGRESS    Completed epoch 548 / 2000;    current loss: 0.2516980767250061
INFO Gradient norm: 17.3979664901065
PROGRESS    Completed epoch 549 / 2000;    current loss: 0.24950072169303894
INFO Gradient norm: 24.716141513377067
PROGRESS    Completed epoch 550 / 2000;    current loss: 0.25455379486083984
INFO Gradient norm: 20.496191780678103
PROGRESS    Completed epoch 551 / 2000;    current loss: 0.2513207495212555
INFO Gradient norm: 23.238879939090726
PROGRESS    Completed epoch 552 / 2000;    current loss: 0.2528412640094757
INFO Gradient norm: 19.949425760559112
PROGRESS    Completed epoch 553 / 2000;    current loss: 0.2505713999271393
INFO Gradient norm: 22.42939269363387
PROGRESS    Completed epoch 554 / 2000;    current loss: 0.2524467706680298
INFO Gradient norm: 18.63422955576312
PROGRESS    Completed epoch 555 / 2000;    current loss: 0.24980074167251587
INFO Gradient norm: 24.42511587623476
PROGRESS    Completed epoch 556 / 2000;    current loss: 0.2533261179924011
INFO Gradient norm: 20.414131533518965
PROGRESS    Completed epoch 557 / 2000;    current loss: 0.2504957318305969
INFO Gradient norm: 22.36320866960161
PROGRESS    Completed epoch 558 / 2000;    current loss: 0.2520844638347626
INFO Gradient norm: 17.863231200489842
PROGRESS    Completed epoch 559 / 2000;    current loss: 0.24926018714904785
INFO Gradient norm: 25.62577791473474
PROGRESS    Completed epoch 560 / 2000;    current loss: 0.2543964385986328
INFO Gradient norm: 22.0978625276343
PROGRESS    Completed epoch 561 / 2000;    current loss: 0.25196242332458496
INFO Gradient norm: 20.912977582277833
PROGRESS    Completed epoch 562 / 2000;    current loss: 0.25148388743400574
INFO Gradient norm: 17.783876317670444
PROGRESS    Completed epoch 563 / 2000;    current loss: 0.249562069773674
INFO Gradient norm: 24.709497133097713
PROGRESS    Completed epoch 564 / 2000;    current loss: 0.2539443075656891
INFO Gradient norm: 19.997733588328572
PROGRESS    Completed epoch 565 / 2000;    current loss: 0.2507743239402771
INFO Gradient norm: 23.674448047256654
PROGRESS    Completed epoch 566 / 2000;    current loss: 0.2534741759300232
INFO Gradient norm: 20.674762658060914
PROGRESS    Completed epoch 567 / 2000;    current loss: 0.2512921392917633
INFO Gradient norm: 22.114040277545698
PROGRESS    Completed epoch 568 / 2000;    current loss: 0.2519952058792114
INFO Gradient norm: 18.06489130838788
PROGRESS    Completed epoch 569 / 2000;    current loss: 0.24947185814380646
INFO Gradient norm: 24.675436742692067
PROGRESS    Completed epoch 570 / 2000;    current loss: 0.25403183698654175
INFO Gradient norm: 20.84516519367679
PROGRESS    Completed epoch 571 / 2000;    current loss: 0.2511316239833832
INFO Gradient norm: 22.698658808082957
PROGRESS    Completed epoch 572 / 2000;    current loss: 0.2520904839038849
INFO Gradient norm: 19.227223758602353
PROGRESS    Completed epoch 573 / 2000;    current loss: 0.24979901313781738
INFO Gradient norm: 23.300963991029466
PROGRESS    Completed epoch 574 / 2000;    current loss: 0.25263097882270813
INFO Gradient norm: 19.3891386780502
PROGRESS    Completed epoch 575 / 2000;    current loss: 0.2498515397310257
INFO Gradient norm: 24.021825574793702
PROGRESS    Completed epoch 576 / 2000;    current loss: 0.2526334524154663
INFO Gradient norm: 20.210519870708733
PROGRESS    Completed epoch 577 / 2000;    current loss: 0.24999065697193146
INFO Gradient norm: 22.700433041851667
PROGRESS    Completed epoch 578 / 2000;    current loss: 0.251838356256485
INFO Gradient norm: 19.209232990813288
PROGRESS    Completed epoch 579 / 2000;    current loss: 0.2493678629398346
INFO Gradient norm: 23.670510762199374
PROGRESS    Completed epoch 580 / 2000;    current loss: 0.2519913911819458
INFO Gradient norm: 19.552647646912348
PROGRESS    Completed epoch 581 / 2000;    current loss: 0.24921685457229614
INFO Gradient norm: 23.332228252514366
PROGRESS    Completed epoch 582 / 2000;    current loss: 0.2519396245479584
INFO Gradient norm: 19.90386423839567
PROGRESS    Completed epoch 583 / 2000;    current loss: 0.24944616854190826
INFO Gradient norm: 22.86025121922835
PROGRESS    Completed epoch 584 / 2000;    current loss: 0.2510242164134979
INFO Gradient norm: 18.93287601994991
PROGRESS    Completed epoch 585 / 2000;    current loss: 0.24845340847969055
INFO Gradient norm: 23.534840958996153
PROGRESS    Completed epoch 586 / 2000;    current loss: 0.2517341077327728
INFO Gradient norm: 19.893377574429266
PROGRESS    Completed epoch 587 / 2000;    current loss: 0.24907757341861725
INFO Gradient norm: 22.92370555489659
PROGRESS    Completed epoch 588 / 2000;    current loss: 0.2507076561450958
INFO Gradient norm: 19.16672066418122
PROGRESS    Completed epoch 589 / 2000;    current loss: 0.2482207715511322
INFO Gradient norm: 23.087995554523427
PROGRESS    Completed epoch 590 / 2000;    current loss: 0.25105300545692444
INFO Gradient norm: 19.433944723045038
PROGRESS    Completed epoch 591 / 2000;    current loss: 0.2484448254108429
INFO Gradient norm: 23.208445156719158
PROGRESS    Completed epoch 592 / 2000;    current loss: 0.2505508065223694
INFO Gradient norm: 19.375944395358218
PROGRESS    Completed epoch 593 / 2000;    current loss: 0.24797427654266357
INFO Gradient norm: 22.856399379955825
PROGRESS    Completed epoch 594 / 2000;    current loss: 0.25055527687072754
INFO Gradient norm: 19.329514097877386
PROGRESS    Completed epoch 595 / 2000;    current loss: 0.2480315864086151
INFO Gradient norm: 23.03677376402365
PROGRESS    Completed epoch 596 / 2000;    current loss: 0.2500632703304291
INFO Gradient norm: 19.13046940108143
PROGRESS    Completed epoch 597 / 2000;    current loss: 0.24749764800071716
INFO Gradient norm: 22.96137408615235
PROGRESS    Completed epoch 598 / 2000;    current loss: 0.25029799342155457
INFO Gradient norm: 19.45147473447443
PROGRESS    Completed epoch 599 / 2000;    current loss: 0.24777735769748688
INFO Gradient norm: 23.418226033932143
PROGRESS    Completed epoch 600 / 2000;    current loss: 0.2500806152820587
INFO Gradient norm: 19.633093451117094
PROGRESS    Completed epoch 601 / 2000;    current loss: 0.24754655361175537
INFO Gradient norm: 22.605947298603553
PROGRESS    Completed epoch 602 / 2000;    current loss: 0.24982017278671265
INFO Gradient norm: 18.209641759884384
PROGRESS    Completed epoch 603 / 2000;    current loss: 0.24699242413043976
INFO Gradient norm: 24.986111541539394
PROGRESS    Completed epoch 604 / 2000;    current loss: 0.25135576725006104
INFO Gradient norm: 21.46505126641838
PROGRESS    Completed epoch 605 / 2000;    current loss: 0.2489679604768753
INFO Gradient norm: 21.22620019885195
PROGRESS    Completed epoch 606 / 2000;    current loss: 0.2491215318441391
INFO Gradient norm: 18.028150528563206
PROGRESS    Completed epoch 607 / 2000;    current loss: 0.24711143970489502
INFO Gradient norm: 24.2475926597513
PROGRESS    Completed epoch 608 / 2000;    current loss: 0.250991553068161
INFO Gradient norm: 19.677424800097587
PROGRESS    Completed epoch 609 / 2000;    current loss: 0.2479545623064041
INFO Gradient norm: 23.57468186168323
PROGRESS    Completed epoch 610 / 2000;    current loss: 0.2507798671722412
INFO Gradient norm: 20.520636746788334
PROGRESS    Completed epoch 611 / 2000;    current loss: 0.24857604503631592
INFO Gradient norm: 21.973196501463455
PROGRESS    Completed epoch 612 / 2000;    current loss: 0.24927566945552826
INFO Gradient norm: 17.983543199532885
PROGRESS    Completed epoch 613 / 2000;    current loss: 0.24680954217910767
INFO Gradient norm: 24.410342606769873
PROGRESS    Completed epoch 614 / 2000;    current loss: 0.25121936202049255
INFO Gradient norm: 20.63071371042751
PROGRESS    Completed epoch 615 / 2000;    current loss: 0.24840492010116577
INFO Gradient norm: 22.49322085849805
PROGRESS    Completed epoch 616 / 2000;    current loss: 0.24935254454612732
INFO Gradient norm: 18.998576565364665
PROGRESS    Completed epoch 617 / 2000;    current loss: 0.24708598852157593
INFO Gradient norm: 23.14938671022783
PROGRESS    Completed epoch 618 / 2000;    current loss: 0.24995343387126923
INFO Gradient norm: 19.314875371195548
PROGRESS    Completed epoch 619 / 2000;    current loss: 0.24724996089935303
INFO Gradient norm: 23.619045265252385
PROGRESS    Completed epoch 620 / 2000;    current loss: 0.2497820109128952
INFO Gradient norm: 19.816743768349536
PROGRESS    Completed epoch 621 / 2000;    current loss: 0.2472044974565506
INFO Gradient norm: 22.635571099282078
PROGRESS    Completed epoch 622 / 2000;    current loss: 0.2492406964302063
INFO Gradient norm: 19.17741711311376
PROGRESS    Completed epoch 623 / 2000;    current loss: 0.2468157708644867
INFO Gradient norm: 23.235225742125408
PROGRESS    Completed epoch 624 / 2000;    current loss: 0.2491416037082672
INFO Gradient norm: 19.18992306856667
PROGRESS    Completed epoch 625 / 2000;    current loss: 0.24644239246845245
INFO Gradient norm: 23.17360026601091
PROGRESS    Completed epoch 626 / 2000;    current loss: 0.24929147958755493
INFO Gradient norm: 19.74796957144005
PROGRESS    Completed epoch 627 / 2000;    current loss: 0.2468234747648239
INFO Gradient norm: 22.530476033972622
PROGRESS    Completed epoch 628 / 2000;    current loss: 0.2482840120792389
INFO Gradient norm: 18.658746931116703
PROGRESS    Completed epoch 629 / 2000;    current loss: 0.24576522409915924
INFO Gradient norm: 23.274321167890147
PROGRESS    Completed epoch 630 / 2000;    current loss: 0.2490311861038208
INFO Gradient norm: 19.66214267707036
PROGRESS    Completed epoch 631 / 2000;    current loss: 0.24643242359161377
INFO Gradient norm: 22.59308978566678
PROGRESS    Completed epoch 632 / 2000;    current loss: 0.2479487806558609
INFO Gradient norm: 18.879038740832538
PROGRESS    Completed epoch 633 / 2000;    current loss: 0.2455381453037262
INFO Gradient norm: 22.8311561118201
PROGRESS    Completed epoch 634 / 2000;    current loss: 0.24835164844989777
INFO Gradient norm: 19.230332081692698
PROGRESS    Completed epoch 635 / 2000;    current loss: 0.24578316509723663
INFO Gradient norm: 22.79463524048021
PROGRESS    Completed epoch 636 / 2000;    current loss: 0.24772268533706665
INFO Gradient norm: 19.00243238457363
PROGRESS    Completed epoch 637 / 2000;    current loss: 0.24523229897022247
INFO Gradient norm: 21.555265796492154
PROGRESS    Completed epoch 638 / 2000;    current loss: 0.24725165963172913
INFO Gradient norm: 16.941663042196126
PROGRESS    Completed epoch 639 / 2000;    current loss: 0.2445143461227417
INFO Gradient norm: 26.520136965208675
PROGRESS    Completed epoch 640 / 2000;    current loss: 0.2507525086402893
INFO Gradient norm: 22.68546232849287
PROGRESS    Completed epoch 641 / 2000;    current loss: 0.2479977011680603
INFO Gradient norm: 20.790964634147276
PROGRESS    Completed epoch 642 / 2000;    current loss: 0.24695421755313873
INFO Gradient norm: 18.05532294912617
PROGRESS    Completed epoch 643 / 2000;    current loss: 0.2452770620584488
INFO Gradient norm: 24.053794628389472
PROGRESS    Completed epoch 644 / 2000;    current loss: 0.24897755682468414
INFO Gradient norm: 19.051195266764026
PROGRESS    Completed epoch 645 / 2000;    current loss: 0.2457026094198227
INFO Gradient norm: 24.68879242654764
PROGRESS    Completed epoch 646 / 2000;    current loss: 0.24965441226959229
INFO Gradient norm: 21.77713427594306
PROGRESS    Completed epoch 647 / 2000;    current loss: 0.24743299186229706
INFO Gradient norm: 20.884304886108087
PROGRESS    Completed epoch 648 / 2000;    current loss: 0.24659615755081177
INFO Gradient norm: 17.012947655296763
PROGRESS    Completed epoch 649 / 2000;    current loss: 0.24430522322654724
INFO Gradient norm: 25.272828989547296
PROGRESS    Completed epoch 650 / 2000;    current loss: 0.2498374879360199
INFO Gradient norm: 21.24279686033353
PROGRESS    Completed epoch 651 / 2000;    current loss: 0.24676433205604553
INFO Gradient norm: 22.309163807312984
PROGRESS    Completed epoch 652 / 2000;    current loss: 0.24716447293758392
INFO Gradient norm: 19.049191871449402
PROGRESS    Completed epoch 653 / 2000;    current loss: 0.2450510412454605
INFO Gradient norm: 23.103334600663306
PROGRESS    Completed epoch 654 / 2000;    current loss: 0.24783240258693695
INFO Gradient norm: 19.166610979098753
PROGRESS    Completed epoch 655 / 2000;    current loss: 0.24508844316005707
INFO Gradient norm: 23.903292707231213
PROGRESS    Completed epoch 656 / 2000;    current loss: 0.24786217510700226
INFO Gradient norm: 20.05331081977259
PROGRESS    Completed epoch 657 / 2000;    current loss: 0.24523423612117767
INFO Gradient norm: 22.561189339435014
PROGRESS    Completed epoch 658 / 2000;    current loss: 0.24707843363285065
INFO Gradient norm: 19.217520118977845
PROGRESS    Completed epoch 659 / 2000;    current loss: 0.24475084245204926
INFO Gradient norm: 23.09433388013925
PROGRESS    Completed epoch 660 / 2000;    current loss: 0.24688473343849182
INFO Gradient norm: 18.944416776921095
PROGRESS    Completed epoch 661 / 2000;    current loss: 0.24417905509471893
INFO Gradient norm: 23.428457910962965
PROGRESS    Completed epoch 662 / 2000;    current loss: 0.24737221002578735
INFO Gradient norm: 20.066314621604935
PROGRESS    Completed epoch 663 / 2000;    current loss: 0.24491383135318756
INFO Gradient norm: 22.092884684096113
PROGRESS    Completed epoch 664 / 2000;    current loss: 0.24581080675125122
INFO Gradient norm: 18.28538134695333
PROGRESS    Completed epoch 665 / 2000;    current loss: 0.24340738356113434
INFO Gradient norm: 23.312985195930477
PROGRESS    Completed epoch 666 / 2000;    current loss: 0.24695685505867004
INFO Gradient norm: 18.70190275132739
PROGRESS    Completed epoch 667 / 2000;    current loss: 0.2438715100288391
INFO Gradient norm: 24.434086349806464
PROGRESS    Completed epoch 668 / 2000;    current loss: 0.24738679826259613
INFO Gradient norm: 21.30754592022587
PROGRESS    Completed epoch 669 / 2000;    current loss: 0.24529112875461578
INFO Gradient norm: 20.792516674221407
PROGRESS    Completed epoch 670 / 2000;    current loss: 0.24526534974575043
INFO Gradient norm: 17.497749019675457
PROGRESS    Completed epoch 671 / 2000;    current loss: 0.24324209988117218
INFO Gradient norm: 23.810785515734494
PROGRESS    Completed epoch 672 / 2000;    current loss: 0.2469388246536255
INFO Gradient norm: 13.6563525826759
PROGRESS    Completed epoch 673 / 2000;    current loss: 0.24162016808986664
INFO Gradient norm: 32.915209458324405
PROGRESS    Completed epoch 674 / 2000;    current loss: 0.2562217116355896
INFO Gradient norm: 31.286203607339882
PROGRESS    Completed epoch 675 / 2000;    current loss: 0.25475382804870605
INFO Gradient norm: 11.350996734340512
PROGRESS    Completed epoch 676 / 2000;    current loss: 0.24148140847682953
INFO Gradient norm: 10.348402639867837
PROGRESS    Completed epoch 677 / 2000;    current loss: 0.24128872156143188
INFO Gradient norm: 27.29310612179185
PROGRESS    Completed epoch 678 / 2000;    current loss: 0.25134921073913574
INFO Gradient norm: 18.655957545163588
PROGRESS    Completed epoch 679 / 2000;    current loss: 0.24508897960186005
INFO Gradient norm: 29.65239115868405
PROGRESS    Completed epoch 680 / 2000;    current loss: 0.2528570294380188
INFO Gradient norm: 28.701223254475227
PROGRESS    Completed epoch 681 / 2000;    current loss: 0.25203293561935425
INFO Gradient norm: 14.056965309323495
PROGRESS    Completed epoch 682 / 2000;    current loss: 0.2426525205373764
INFO Gradient norm: 11.3720937107557
PROGRESS    Completed epoch 683 / 2000;    current loss: 0.24147416651248932
INFO Gradient norm: 28.841458766018743
PROGRESS    Completed epoch 684 / 2000;    current loss: 0.2518831491470337
INFO Gradient norm: 20.940852622580493
PROGRESS    Completed epoch 685 / 2000;    current loss: 0.24587330222129822
INFO Gradient norm: 23.66254177552762
PROGRESS    Completed epoch 686 / 2000;    current loss: 0.24799001216888428
INFO Gradient norm: 17.9389082250674
PROGRESS    Completed epoch 687 / 2000;    current loss: 0.24473780393600464
INFO Gradient norm: 28.390245751534678
PROGRESS    Completed epoch 688 / 2000;    current loss: 0.2524266839027405
INFO Gradient norm: 25.507911812210715
PROGRESS    Completed epoch 689 / 2000;    current loss: 0.250621497631073
INFO Gradient norm: 19.1371649568951
PROGRESS    Completed epoch 690 / 2000;    current loss: 0.24670666456222534
INFO Gradient norm: 16.319776913844766
PROGRESS    Completed epoch 691 / 2000;    current loss: 0.2453991025686264
INFO Gradient norm: 26.81870204472932
PROGRESS    Completed epoch 692 / 2000;    current loss: 0.25232869386672974
INFO Gradient norm: 21.075629576687188
PROGRESS    Completed epoch 693 / 2000;    current loss: 0.24842706322669983
INFO Gradient norm: 24.115551989402686
PROGRESS    Completed epoch 694 / 2000;    current loss: 0.25071418285369873
INFO Gradient norm: 21.42548182184907
PROGRESS    Completed epoch 695 / 2000;    current loss: 0.2489079087972641
INFO Gradient norm: 22.309339103125893
PROGRESS    Completed epoch 696 / 2000;    current loss: 0.249519944190979
INFO Gradient norm: 17.84781978067646
PROGRESS    Completed epoch 697 / 2000;    current loss: 0.24682417511940002
INFO Gradient norm: 26.26497591835275
PROGRESS    Completed epoch 698 / 2000;    current loss: 0.2523699998855591
INFO Gradient norm: 22.40855166304204
PROGRESS    Completed epoch 699 / 2000;    current loss: 0.2493244707584381
INFO Gradient norm: 22.27928737260342
PROGRESS    Completed epoch 700 / 2000;    current loss: 0.24899514019489288
INFO Gradient norm: 19.466638204542853
PROGRESS    Completed epoch 701 / 2000;    current loss: 0.24718573689460754
INFO Gradient norm: 23.847119465550175
PROGRESS    Completed epoch 702 / 2000;    current loss: 0.25005897879600525
INFO Gradient norm: 19.390850607705318
PROGRESS    Completed epoch 703 / 2000;    current loss: 0.24699445068836212
INFO Gradient norm: 25.832113039050263
PROGRESS    Completed epoch 704 / 2000;    current loss: 0.2510329782962799
INFO Gradient norm: 21.890968355679462
PROGRESS    Completed epoch 705 / 2000;    current loss: 0.24817010760307312
INFO Gradient norm: 22.341671239088335
PROGRESS    Completed epoch 706 / 2000;    current loss: 0.24859997630119324
INFO Gradient norm: 18.37874447322208
PROGRESS    Completed epoch 707 / 2000;    current loss: 0.24612478911876678
INFO Gradient norm: 26.2154392081765
PROGRESS    Completed epoch 708 / 2000;    current loss: 0.251077800989151
INFO Gradient norm: 21.854278076287024
PROGRESS    Completed epoch 709 / 2000;    current loss: 0.24799923598766327
INFO Gradient norm: 23.19743846736073
PROGRESS    Completed epoch 710 / 2000;    current loss: 0.24913103878498077
INFO Gradient norm: 20.14627497738186
PROGRESS    Completed epoch 711 / 2000;    current loss: 0.2470109462738037
INFO Gradient norm: 23.79052368789701
PROGRESS    Completed epoch 712 / 2000;    current loss: 0.2489774078130722
INFO Gradient norm: 19.20926382865175
PROGRESS    Completed epoch 713 / 2000;    current loss: 0.2460196316242218
INFO Gradient norm: 25.126230266298165
PROGRESS    Completed epoch 714 / 2000;    current loss: 0.25018903613090515
INFO Gradient norm: 21.56305109446756
PROGRESS    Completed epoch 715 / 2000;    current loss: 0.24747350811958313
INFO Gradient norm: 22.627967254564666
PROGRESS    Completed epoch 716 / 2000;    current loss: 0.24766528606414795
INFO Gradient norm: 18.86643046333833
PROGRESS    Completed epoch 717 / 2000;    current loss: 0.24524162709712982
INFO Gradient norm: 24.288476194662376
PROGRESS    Completed epoch 718 / 2000;    current loss: 0.2490595281124115
INFO Gradient norm: 19.874519247862903
PROGRESS    Completed epoch 719 / 2000;    current loss: 0.24591952562332153
INFO Gradient norm: 25.102354522469714
PROGRESS    Completed epoch 720 / 2000;    current loss: 0.2489498406648636
INFO Gradient norm: 21.634953609606978
PROGRESS    Completed epoch 721 / 2000;    current loss: 0.24653871357440948
INFO Gradient norm: 22.150297831631395
PROGRESS    Completed epoch 722 / 2000;    current loss: 0.24720971286296844
INFO Gradient norm: 18.609305619867754
PROGRESS    Completed epoch 723 / 2000;    current loss: 0.24484582245349884
INFO Gradient norm: 24.99911777526922
PROGRESS    Completed epoch 724 / 2000;    current loss: 0.24851995706558228
INFO Gradient norm: 20.4791715625594
PROGRESS    Completed epoch 725 / 2000;    current loss: 0.24541859328746796
INFO Gradient norm: 22.66480613406577
PROGRESS    Completed epoch 726 / 2000;    current loss: 0.2473326474428177
INFO Gradient norm: 18.81612843876462
PROGRESS    Completed epoch 727 / 2000;    current loss: 0.2448512762784958
INFO Gradient norm: 25.24786632191208
PROGRESS    Completed epoch 728 / 2000;    current loss: 0.24870309233665466
INFO Gradient norm: 21.179924901014644
PROGRESS    Completed epoch 729 / 2000;    current loss: 0.24596458673477173
INFO Gradient norm: 23.006578744893027
PROGRESS    Completed epoch 730 / 2000;    current loss: 0.2475455403327942
INFO Gradient norm: 19.73855180669332
PROGRESS    Completed epoch 731 / 2000;    current loss: 0.24532108008861542
INFO Gradient norm: 23.91961648324493
PROGRESS    Completed epoch 732 / 2000;    current loss: 0.24757766723632812
INFO Gradient norm: 19.55836056505981
PROGRESS    Completed epoch 733 / 2000;    current loss: 0.2447449266910553
INFO Gradient norm: 24.28949902306517
PROGRESS    Completed epoch 734 / 2000;    current loss: 0.2481972873210907
INFO Gradient norm: 20.7759337118908
PROGRESS    Completed epoch 735 / 2000;    current loss: 0.24558871984481812
INFO Gradient norm: 22.86913640441916
PROGRESS    Completed epoch 736 / 2000;    current loss: 0.2464434951543808
INFO Gradient norm: 19.011266578658073
PROGRESS    Completed epoch 737 / 2000;    current loss: 0.24394796788692474
INFO Gradient norm: 23.874836599996065
PROGRESS    Completed epoch 738 / 2000;    current loss: 0.24741435050964355
INFO Gradient norm: 20.006537135920468
PROGRESS    Completed epoch 739 / 2000;    current loss: 0.24457691609859467
INFO Gradient norm: 23.379750395205818
PROGRESS    Completed epoch 740 / 2000;    current loss: 0.24623888731002808
INFO Gradient norm: 19.670274500619136
PROGRESS    Completed epoch 741 / 2000;    current loss: 0.24373792111873627
INFO Gradient norm: 21.985730673728238
PROGRESS    Completed epoch 742 / 2000;    current loss: 0.24561752378940582
INFO Gradient norm: 17.364746078182673
PROGRESS    Completed epoch 743 / 2000;    current loss: 0.2427746057510376
INFO Gradient norm: 26.987129864726814
PROGRESS    Completed epoch 744 / 2000;    current loss: 0.2488221377134323
INFO Gradient norm: 23.10413911511871
PROGRESS    Completed epoch 745 / 2000;    current loss: 0.24602246284484863
INFO Gradient norm: 21.17489621606986
PROGRESS    Completed epoch 746 / 2000;    current loss: 0.24507462978363037
INFO Gradient norm: 18.345978180232354
PROGRESS    Completed epoch 747 / 2000;    current loss: 0.2432701289653778
INFO Gradient norm: 24.53662869306263
PROGRESS    Completed epoch 748 / 2000;    current loss: 0.24683772027492523
INFO Gradient norm: 19.518110817413596
PROGRESS    Completed epoch 749 / 2000;    current loss: 0.24353910982608795
INFO Gradient norm: 24.66179830347244
PROGRESS    Completed epoch 750 / 2000;    current loss: 0.24731586873531342
INFO Gradient norm: 21.626044823488847
PROGRESS    Completed epoch 751 / 2000;    current loss: 0.24497663974761963
INFO Gradient norm: 21.486893111927063
PROGRESS    Completed epoch 752 / 2000;    current loss: 0.24440576136112213
INFO Gradient norm: 17.60072251338746
PROGRESS    Completed epoch 753 / 2000;    current loss: 0.24205118417739868
INFO Gradient norm: 24.754962245949905
PROGRESS    Completed epoch 754 / 2000;    current loss: 0.24698303639888763
INFO Gradient norm: 20.62824628911883
PROGRESS    Completed epoch 755 / 2000;    current loss: 0.243849977850914
INFO Gradient norm: 22.91037864071598
PROGRESS    Completed epoch 756 / 2000;    current loss: 0.24484863877296448
INFO Gradient norm: 19.577993400202203
PROGRESS    Completed epoch 757 / 2000;    current loss: 0.24260978400707245
INFO Gradient norm: 22.34776537576308
PROGRESS    Completed epoch 758 / 2000;    current loss: 0.24467316269874573
INFO Gradient norm: 17.721424599351568
PROGRESS    Completed epoch 759 / 2000;    current loss: 0.24173708260059357
INFO Gradient norm: 25.804718804882878
PROGRESS    Completed epoch 760 / 2000;    current loss: 0.2467033565044403
INFO Gradient norm: 22.322149496338486
PROGRESS    Completed epoch 761 / 2000;    current loss: 0.24424025416374207
INFO Gradient norm: 20.600128203392785
PROGRESS    Completed epoch 762 / 2000;    current loss: 0.24344570934772491
INFO Gradient norm: 17.59742310408665
PROGRESS    Completed epoch 763 / 2000;    current loss: 0.2415773570537567
INFO Gradient norm: 24.42384000648629
PROGRESS    Completed epoch 764 / 2000;    current loss: 0.24551427364349365
INFO Gradient norm: 19.62217814748941
PROGRESS    Completed epoch 765 / 2000;    current loss: 0.24230648577213287
INFO Gradient norm: 23.5252681279929
PROGRESS    Completed epoch 766 / 2000;    current loss: 0.24522186815738678
INFO Gradient norm: 20.577316160367516
PROGRESS    Completed epoch 767 / 2000;    current loss: 0.24301448464393616
INFO Gradient norm: 21.413106333487182
PROGRESS    Completed epoch 768 / 2000;    current loss: 0.24306964874267578
INFO Gradient norm: 17.5091045766567
PROGRESS    Completed epoch 769 / 2000;    current loss: 0.24066969752311707
INFO Gradient norm: 23.9332606387132
PROGRESS    Completed epoch 770 / 2000;    current loss: 0.24506403505802155
INFO Gradient norm: 20.000944663560855
PROGRESS    Completed epoch 771 / 2000;    current loss: 0.24211297929286957
INFO Gradient norm: 22.72800041559102
PROGRESS    Completed epoch 772 / 2000;    current loss: 0.243423193693161
INFO Gradient norm: 19.59391467084108
PROGRESS    Completed epoch 773 / 2000;    current loss: 0.24137388169765472
INFO Gradient norm: 20.672950390916025
PROGRESS    Completed epoch 774 / 2000;    current loss: 0.2424176037311554
INFO Gradient norm: 12.259285242180546
PROGRESS    Completed epoch 775 / 2000;    current loss: 0.23822420835494995
INFO Gradient norm: 32.63523266041329
PROGRESS    Completed epoch 776 / 2000;    current loss: 0.2522954046726227
INFO Gradient norm: 30.259041073096636
PROGRESS    Completed epoch 777 / 2000;    current loss: 0.2503862679004669
INFO Gradient norm: 12.533355490104382
PROGRESS    Completed epoch 778 / 2000;    current loss: 0.23926973342895508
INFO Gradient norm: 11.565124097323041
PROGRESS    Completed epoch 779 / 2000;    current loss: 0.23920239508152008
INFO Gradient norm: 26.327182504304098
PROGRESS    Completed epoch 780 / 2000;    current loss: 0.24790477752685547
INFO Gradient norm: 17.8516232249134
PROGRESS    Completed epoch 781 / 2000;    current loss: 0.24239565432071686
INFO Gradient norm: 27.525285651308046
PROGRESS    Completed epoch 782 / 2000;    current loss: 0.24958141148090363
INFO Gradient norm: 26.080613863910777
PROGRESS    Completed epoch 783 / 2000;    current loss: 0.24849887192249298
INFO Gradient norm: 15.401730392910164
PROGRESS    Completed epoch 784 / 2000;    current loss: 0.24164332449436188
INFO Gradient norm: 12.407040742075141
PROGRESS    Completed epoch 785 / 2000;    current loss: 0.24044428765773773
INFO Gradient norm: 27.444290686393675
PROGRESS    Completed epoch 786 / 2000;    current loss: 0.24981389939785004
INFO Gradient norm: 21.37659543295705
PROGRESS    Completed epoch 787 / 2000;    current loss: 0.24505789577960968
INFO Gradient norm: 24.403588145762928
PROGRESS    Completed epoch 788 / 2000;    current loss: 0.24691103398799896
INFO Gradient norm: 22.533836031800778
PROGRESS    Completed epoch 789 / 2000;    current loss: 0.24550999701023102
INFO Gradient norm: 19.53721540471303
PROGRESS    Completed epoch 790 / 2000;    current loss: 0.24359813332557678
INFO Gradient norm: 15.665261111473395
PROGRESS    Completed epoch 791 / 2000;    current loss: 0.24132183194160461
INFO Gradient norm: 26.76815870790732
PROGRESS    Completed epoch 792 / 2000;    current loss: 0.24816133081912994
INFO Gradient norm: 21.69880546230506
PROGRESS    Completed epoch 793 / 2000;    current loss: 0.244352325797081
INFO Gradient norm: 21.35072853154522
PROGRESS    Completed epoch 794 / 2000;    current loss: 0.24436654150485992
INFO Gradient norm: 18.436321000855013
PROGRESS    Completed epoch 795 / 2000;    current loss: 0.24259747564792633
INFO Gradient norm: 23.928667283622513
PROGRESS    Completed epoch 796 / 2000;    current loss: 0.24590745568275452
INFO Gradient norm: 19.39952810224057
PROGRESS    Completed epoch 797 / 2000;    current loss: 0.2429826557636261
INFO Gradient norm: 24.143170451812775
PROGRESS    Completed epoch 798 / 2000;    current loss: 0.2463551163673401
INFO Gradient norm: 21.060378983128036
PROGRESS    Completed epoch 799 / 2000;    current loss: 0.2440885603427887
INFO Gradient norm: 21.886077071756322
PROGRESS    Completed epoch 800 / 2000;    current loss: 0.2442602962255478
INFO Gradient norm: 18.03416983181117
PROGRESS    Completed epoch 801 / 2000;    current loss: 0.241899773478508
INFO Gradient norm: 24.438859740378668
PROGRESS    Completed epoch 802 / 2000;    current loss: 0.24623291194438934
INFO Gradient norm: 20.51605854075236
PROGRESS    Completed epoch 803 / 2000;    current loss: 0.2433346062898636
INFO Gradient norm: 22.801906669257285
PROGRESS    Completed epoch 804 / 2000;    current loss: 0.24438989162445068
INFO Gradient norm: 19.364432796594638
PROGRESS    Completed epoch 805 / 2000;    current loss: 0.24212446808815002
INFO Gradient norm: 22.64949219310536
PROGRESS    Completed epoch 806 / 2000;    current loss: 0.24444149434566498
INFO Gradient norm: 18.864098077419563
PROGRESS    Completed epoch 807 / 2000;    current loss: 0.24182401597499847
INFO Gradient norm: 23.63025152154521
PROGRESS    Completed epoch 808 / 2000;    current loss: 0.24444186687469482
INFO Gradient norm: 20.19027897827378
PROGRESS    Completed epoch 809 / 2000;    current loss: 0.24216638505458832
INFO Gradient norm: 21.693674204384248
PROGRESS    Completed epoch 810 / 2000;    current loss: 0.24343006312847137
INFO Gradient norm: 18.05210413927852
PROGRESS    Completed epoch 811 / 2000;    current loss: 0.2411004602909088
INFO Gradient norm: 24.515128099149052
PROGRESS    Completed epoch 812 / 2000;    current loss: 0.24488405883312225
INFO Gradient norm: 20.367572814834045
PROGRESS    Completed epoch 813 / 2000;    current loss: 0.24207672476768494
INFO Gradient norm: 22.45147383630338
PROGRESS    Completed epoch 814 / 2000;    current loss: 0.24376316368579865
INFO Gradient norm: 19.426689771811358
PROGRESS    Completed epoch 815 / 2000;    current loss: 0.24167144298553467
INFO Gradient norm: 22.526589951097723
PROGRESS    Completed epoch 816 / 2000;    current loss: 0.24323560297489166
INFO Gradient norm: 18.485387600527062
PROGRESS    Completed epoch 817 / 2000;    current loss: 0.24072536826133728
INFO Gradient norm: 23.17396305731915
PROGRESS    Completed epoch 818 / 2000;    current loss: 0.2440689504146576
INFO Gradient norm: 19.49872953418524
PROGRESS    Completed epoch 819 / 2000;    current loss: 0.24150912463665009
INFO Gradient norm: 22.94099861763435
PROGRESS    Completed epoch 820 / 2000;    current loss: 0.24331152439117432
INFO Gradient norm: 19.360193559680877
PROGRESS    Completed epoch 821 / 2000;    current loss: 0.24100716412067413
INFO Gradient norm: 22.398097557646352
PROGRESS    Completed epoch 822 / 2000;    current loss: 0.24325993657112122
INFO Gradient norm: 18.749962212609823
PROGRESS    Completed epoch 823 / 2000;    current loss: 0.24080100655555725
INFO Gradient norm: 23.756055731276746
PROGRESS    Completed epoch 824 / 2000;    current loss: 0.2436370700597763
INFO Gradient norm: 19.938849807665406
PROGRESS    Completed epoch 825 / 2000;    current loss: 0.24111774563789368
INFO Gradient norm: 22.212360125255152
PROGRESS    Completed epoch 826 / 2000;    current loss: 0.24290017783641815
INFO Gradient norm: 18.72933648200527
PROGRESS    Completed epoch 827 / 2000;    current loss: 0.2406052052974701
INFO Gradient norm: 22.452266982898774
PROGRESS    Completed epoch 828 / 2000;    current loss: 0.24270814657211304
INFO Gradient norm: 14.86099634652632
PROGRESS    Completed epoch 829 / 2000;    current loss: 0.2387571781873703
INFO Gradient norm: 27.567754981309317
PROGRESS    Completed epoch 830 / 2000;    current loss: 0.24775968492031097
INFO Gradient norm: 25.634809091426483
PROGRESS    Completed epoch 831 / 2000;    current loss: 0.24630950391292572
INFO Gradient norm: 14.063443107006373
PROGRESS    Completed epoch 832 / 2000;    current loss: 0.23905260860919952
INFO Gradient norm: 11.89384742758917
PROGRESS    Completed epoch 833 / 2000;    current loss: 0.23830638825893402
INFO Gradient norm: 24.922638610494467
PROGRESS    Completed epoch 834 / 2000;    current loss: 0.2460242658853531
INFO Gradient norm: 18.764996726448786
PROGRESS    Completed epoch 835 / 2000;    current loss: 0.24169643223285675
INFO Gradient norm: 24.037506119790304
PROGRESS    Completed epoch 836 / 2000;    current loss: 0.24499455094337463
INFO Gradient norm: 22.796380803475074
PROGRESS    Completed epoch 837 / 2000;    current loss: 0.24415898323059082
INFO Gradient norm: 16.489693373473678
PROGRESS    Completed epoch 838 / 2000;    current loss: 0.240459606051445
INFO Gradient norm: 13.121047634117511
PROGRESS    Completed epoch 839 / 2000;    current loss: 0.23886173963546753
INFO Gradient norm: 26.193038340963472
PROGRESS    Completed epoch 840 / 2000;    current loss: 0.24662774801254272
INFO Gradient norm: 20.614545368128596
PROGRESS    Completed epoch 841 / 2000;    current loss: 0.24262475967407227
INFO Gradient norm: 21.01216416348439
PROGRESS    Completed epoch 842 / 2000;    current loss: 0.2431013584136963
INFO Gradient norm: 19.007394513929842
PROGRESS    Completed epoch 843 / 2000;    current loss: 0.24187840521335602
INFO Gradient norm: 20.415511351605364
PROGRESS    Completed epoch 844 / 2000;    current loss: 0.2425960898399353
INFO Gradient norm: 16.084704256492515
PROGRESS    Completed epoch 845 / 2000;    current loss: 0.24019521474838257
INFO Gradient norm: 24.384467893869665
PROGRESS    Completed epoch 846 / 2000;    current loss: 0.24550554156303406
INFO Gradient norm: 20.94291171228944
PROGRESS    Completed epoch 847 / 2000;    current loss: 0.24296249449253082
INFO Gradient norm: 20.056480224316353
PROGRESS    Completed epoch 848 / 2000;    current loss: 0.2421097457408905
INFO Gradient norm: 17.089238777885754
PROGRESS    Completed epoch 849 / 2000;    current loss: 0.2403654009103775
INFO Gradient norm: 22.429358257682487
PROGRESS    Completed epoch 850 / 2000;    current loss: 0.24367807805538177
INFO Gradient norm: 18.396892259487398
PROGRESS    Completed epoch 851 / 2000;    current loss: 0.24094220995903015
INFO Gradient norm: 22.566289122135167
PROGRESS    Completed epoch 852 / 2000;    current loss: 0.2432161569595337
INFO Gradient norm: 19.246722942167484
PROGRESS    Completed epoch 853 / 2000;    current loss: 0.2410241663455963
INFO Gradient norm: 20.48153393906256
PROGRESS    Completed epoch 854 / 2000;    current loss: 0.2419150322675705
INFO Gradient norm: 16.733354881742166
PROGRESS    Completed epoch 855 / 2000;    current loss: 0.2397092580795288
INFO Gradient norm: 24.13047029683055
PROGRESS    Completed epoch 856 / 2000;    current loss: 0.2440822273492813
INFO Gradient norm: 20.18785993102917
PROGRESS    Completed epoch 857 / 2000;    current loss: 0.2414514422416687
INFO Gradient norm: 21.14557499452444
PROGRESS    Completed epoch 858 / 2000;    current loss: 0.24222351610660553
INFO Gradient norm: 18.4995724961445
PROGRESS    Completed epoch 859 / 2000;    current loss: 0.24050076305866241
INFO Gradient norm: 21.60845601099846
PROGRESS    Completed epoch 860 / 2000;    current loss: 0.242117241024971
INFO Gradient norm: 17.35020116893662
PROGRESS    Completed epoch 861 / 2000;    current loss: 0.23956330120563507
INFO Gradient norm: 23.326342750080933
PROGRESS    Completed epoch 862 / 2000;    current loss: 0.24344885349273682
INFO Gradient norm: 20.108111337045827
PROGRESS    Completed epoch 863 / 2000;    current loss: 0.24113231897354126
INFO Gradient norm: 20.400042702236206
PROGRESS    Completed epoch 864 / 2000;    current loss: 0.2409544289112091
INFO Gradient norm: 17.075943773755956
PROGRESS    Completed epoch 865 / 2000;    current loss: 0.23899821937084198
INFO Gradient norm: 22.31762681438604
PROGRESS    Completed epoch 866 / 2000;    current loss: 0.24237646162509918
INFO Gradient norm: 18.235751050050293
PROGRESS    Completed epoch 867 / 2000;    current loss: 0.23970751464366913
INFO Gradient norm: 22.84221428682864
PROGRESS    Completed epoch 868 / 2000;    current loss: 0.24227331578731537
INFO Gradient norm: 19.706578204752038
PROGRESS    Completed epoch 869 / 2000;    current loss: 0.24024255573749542
INFO Gradient norm: 20.53018095672862
PROGRESS    Completed epoch 870 / 2000;    current loss: 0.24099843204021454
INFO Gradient norm: 17.340737694751294
PROGRESS    Completed epoch 871 / 2000;    current loss: 0.23901717364788055
INFO Gradient norm: 22.8209724648634
PROGRESS    Completed epoch 872 / 2000;    current loss: 0.24199165403842926
INFO Gradient norm: 18.71662498350411
PROGRESS    Completed epoch 873 / 2000;    current loss: 0.23941868543624878
INFO Gradient norm: 21.89409488786885
PROGRESS    Completed epoch 874 / 2000;    current loss: 0.24160891771316528
INFO Gradient norm: 18.966478133180928
PROGRESS    Completed epoch 875 / 2000;    current loss: 0.23962341248989105
INFO Gradient norm: 20.880514506366413
PROGRESS    Completed epoch 876 / 2000;    current loss: 0.24040408432483673
INFO Gradient norm: 17.168854148232768
PROGRESS    Completed epoch 877 / 2000;    current loss: 0.23824149370193481
INFO Gradient norm: 22.24789405674002
PROGRESS    Completed epoch 878 / 2000;    current loss: 0.24154557287693024
INFO Gradient norm: 18.507332530846867
PROGRESS    Completed epoch 879 / 2000;    current loss: 0.23911833763122559
INFO Gradient norm: 22.375186584178934
PROGRESS    Completed epoch 880 / 2000;    current loss: 0.24117493629455566
INFO Gradient norm: 19.07181373960545
PROGRESS    Completed epoch 881 / 2000;    current loss: 0.2391163408756256
INFO Gradient norm: 21.23140752293781
PROGRESS    Completed epoch 882 / 2000;    current loss: 0.24065904319286346
INFO Gradient norm: 17.98433033741206
PROGRESS    Completed epoch 883 / 2000;    current loss: 0.23858532309532166
INFO Gradient norm: 22.394585674648106
PROGRESS    Completed epoch 884 / 2000;    current loss: 0.24095506966114044
INFO Gradient norm: 18.51051712538061
PROGRESS    Completed epoch 885 / 2000;    current loss: 0.23853744566440582
INFO Gradient norm: 21.978237534491452
PROGRESS    Completed epoch 886 / 2000;    current loss: 0.2409028261899948
INFO Gradient norm: 18.882956372016032
PROGRESS    Completed epoch 887 / 2000;    current loss: 0.23881655931472778
INFO Gradient norm: 21.21122355159038
PROGRESS    Completed epoch 888 / 2000;    current loss: 0.23988491296768188
INFO Gradient norm: 17.54569519943979
PROGRESS    Completed epoch 889 / 2000;    current loss: 0.2377150058746338
INFO Gradient norm: 22.188166670937107
PROGRESS    Completed epoch 890 / 2000;    current loss: 0.24074864387512207
INFO Gradient norm: 18.640142723864937
PROGRESS    Completed epoch 891 / 2000;    current loss: 0.23840560019016266
INFO Gradient norm: 21.762809330458566
PROGRESS    Completed epoch 892 / 2000;    current loss: 0.2399929314851761
INFO Gradient norm: 18.50963400680915
PROGRESS    Completed epoch 893 / 2000;    current loss: 0.23798879981040955
INFO Gradient norm: 21.309414065567058
PROGRESS    Completed epoch 894 / 2000;    current loss: 0.2399211972951889
INFO Gradient norm: 17.949946103119544
PROGRESS    Completed epoch 895 / 2000;    current loss: 0.23778767883777618
INFO Gradient norm: 22.23636695882362
PROGRESS    Completed epoch 896 / 2000;    current loss: 0.2400490939617157
INFO Gradient norm: 18.566671319357095
PROGRESS    Completed epoch 897 / 2000;    current loss: 0.23777952790260315
INFO Gradient norm: 21.498528407278247
PROGRESS    Completed epoch 898 / 2000;    current loss: 0.23979699611663818
INFO Gradient norm: 18.347896180674713
PROGRESS    Completed epoch 899 / 2000;    current loss: 0.23773962259292603
INFO Gradient norm: 21.485717851833257
PROGRESS    Completed epoch 900 / 2000;    current loss: 0.23930084705352783
INFO Gradient norm: 17.831631944708594
PROGRESS    Completed epoch 901 / 2000;    current loss: 0.23712323606014252
INFO Gradient norm: 21.74259351832732
PROGRESS    Completed epoch 902 / 2000;    current loss: 0.23969922959804535
INFO Gradient norm: 18.36477502678451
PROGRESS    Completed epoch 903 / 2000;    current loss: 0.2375074028968811
INFO Gradient norm: 21.903747427332288
PROGRESS    Completed epoch 904 / 2000;    current loss: 0.23933878540992737
INFO Gradient norm: 18.43441584901962
PROGRESS    Completed epoch 905 / 2000;    current loss: 0.2372087836265564
INFO Gradient norm: 21.104173960985413
PROGRESS    Completed epoch 906 / 2000;    current loss: 0.23902925848960876
INFO Gradient norm: 13.902792600639078
PROGRESS    Completed epoch 907 / 2000;    current loss: 0.2353454977273941
INFO Gradient norm: 29.727848395592417
PROGRESS    Completed epoch 908 / 2000;    current loss: 0.24550747871398926
INFO Gradient norm: 27.011116266697766
PROGRESS    Completed epoch 909 / 2000;    current loss: 0.24351766705513
INFO Gradient norm: 14.916176549383728
PROGRESS    Completed epoch 910 / 2000;    current loss: 0.23637862503528595
INFO Gradient norm: 13.536855498522973
PROGRESS    Completed epoch 911 / 2000;    current loss: 0.23590384423732758
INFO Gradient norm: 24.430627267942043
PROGRESS    Completed epoch 912 / 2000;    current loss: 0.24204055964946747
INFO Gradient norm: 17.610834580305603
PROGRESS    Completed epoch 913 / 2000;    current loss: 0.2379392832517624
INFO Gradient norm: 21.33781487730707
PROGRESS    Completed epoch 914 / 2000;    current loss: 0.2408783733844757
INFO Gradient norm: 11.894677569090799
PROGRESS    Completed epoch 915 / 2000;    current loss: 0.2370365411043167
INFO Gradient norm: 27.744401035293972
PROGRESS    Completed epoch 916 / 2000;    current loss: 0.24778679013252258
INFO Gradient norm: 27.554858963262216
PROGRESS    Completed epoch 917 / 2000;    current loss: 0.2486584186553955
INFO Gradient norm: 6.399140398339886
PROGRESS    Completed epoch 918 / 2000;    current loss: 0.23820637166500092
INFO Gradient norm: 12.441312943333434
PROGRESS    Completed epoch 919 / 2000;    current loss: 0.23955422639846802
INFO Gradient norm: 12.708444751356604
PROGRESS    Completed epoch 920 / 2000;    current loss: 0.23910614848136902
INFO Gradient norm: 4.0085818223767244
PROGRESS    Completed epoch 921 / 2000;    current loss: 0.23620539903640747
INFO Gradient norm: 23.81837718215852
PROGRESS    Completed epoch 922 / 2000;    current loss: 0.24453939497470856
INFO Gradient norm: 15.371155323491932
PROGRESS    Completed epoch 923 / 2000;    current loss: 0.23837296664714813
INFO Gradient norm: 23.321495870483016
PROGRESS    Completed epoch 924 / 2000;    current loss: 0.2424689680337906
INFO Gradient norm: 17.195601956055004
PROGRESS    Completed epoch 925 / 2000;    current loss: 0.2388482242822647
INFO Gradient norm: 19.32505697677016
PROGRESS    Completed epoch 926 / 2000;    current loss: 0.24074777960777283
INFO Gradient norm: 18.47938569937688
PROGRESS    Completed epoch 927 / 2000;    current loss: 0.2403574436903
INFO Gradient norm: 13.996323018063672
PROGRESS    Completed epoch 928 / 2000;    current loss: 0.23770281672477722
INFO Gradient norm: 11.149179407762812
PROGRESS    Completed epoch 929 / 2000;    current loss: 0.23659925162792206
INFO Gradient norm: 16.48953620336926
PROGRESS    Completed epoch 930 / 2000;    current loss: 0.23944918811321259
INFO Gradient norm: 8.108324021327268
PROGRESS    Completed epoch 931 / 2000;    current loss: 0.23624981939792633
INFO Gradient norm: 29.161265478634263
PROGRESS    Completed epoch 932 / 2000;    current loss: 0.24859611690044403
INFO Gradient norm: 27.333250140413398
PROGRESS    Completed epoch 933 / 2000;    current loss: 0.24725231528282166
INFO Gradient norm: 7.7180509027460324
PROGRESS    Completed epoch 934 / 2000;    current loss: 0.23689588904380798
INFO Gradient norm: 8.47063536617117
PROGRESS    Completed epoch 935 / 2000;    current loss: 0.23725031316280365
INFO Gradient norm: 20.57685404568962
PROGRESS    Completed epoch 936 / 2000;    current loss: 0.24269802868366241
INFO Gradient norm: 12.826880655539798
PROGRESS    Completed epoch 937 / 2000;    current loss: 0.23867744207382202
INFO Gradient norm: 23.927783382989343
PROGRESS    Completed epoch 938 / 2000;    current loss: 0.24540676176548004
INFO Gradient norm: 22.8590896559544
PROGRESS    Completed epoch 939 / 2000;    current loss: 0.24433830380439758
INFO Gradient norm: 10.981323216214022
PROGRESS    Completed epoch 940 / 2000;    current loss: 0.23732727766036987
INFO Gradient norm: 10.12909224005521
PROGRESS    Completed epoch 941 / 2000;    current loss: 0.23668524622917175
INFO Gradient norm: 20.459638735267294
PROGRESS    Completed epoch 942 / 2000;    current loss: 0.24150468409061432
INFO Gradient norm: 9.989853324250577
PROGRESS    Completed epoch 943 / 2000;    current loss: 0.2362837791442871
INFO Gradient norm: 36.98910138071777
PROGRESS    Completed epoch 944 / 2000;    current loss: 0.2540760934352875
INFO Gradient norm: 35.27307560402123
PROGRESS    Completed epoch 945 / 2000;    current loss: 0.2523164451122284
INFO Gradient norm: 7.754031301066275
PROGRESS    Completed epoch 946 / 2000;    current loss: 0.2355031967163086
INFO Gradient norm: 9.868648047932751
PROGRESS    Completed epoch 947 / 2000;    current loss: 0.23600462079048157
INFO Gradient norm: 24.286608428619058
PROGRESS    Completed epoch 948 / 2000;    current loss: 0.2428857684135437
INFO Gradient norm: 13.018715485448084
PROGRESS    Completed epoch 949 / 2000;    current loss: 0.23680627346038818
INFO Gradient norm: 25.398281191796485
PROGRESS    Completed epoch 950 / 2000;    current loss: 0.245134636759758
INFO Gradient norm: 17.377950324726058
PROGRESS    Completed epoch 951 / 2000;    current loss: 0.24058787524700165
INFO Gradient norm: 21.93052610677437
PROGRESS    Completed epoch 952 / 2000;    current loss: 0.24395805597305298
INFO Gradient norm: 22.471563328856234
PROGRESS    Completed epoch 953 / 2000;    current loss: 0.24509471654891968
INFO Gradient norm: 10.254628780000157
PROGRESS    Completed epoch 954 / 2000;    current loss: 0.2393958419561386
INFO Gradient norm: 8.198043431990055
PROGRESS    Completed epoch 955 / 2000;    current loss: 0.2389075756072998
INFO Gradient norm: 21.88680755389853
PROGRESS    Completed epoch 956 / 2000;    current loss: 0.24510636925697327
INFO Gradient norm: 15.127303608057604
PROGRESS    Completed epoch 957 / 2000;    current loss: 0.24099433422088623
INFO Gradient norm: 20.762716046733594
PROGRESS    Completed epoch 958 / 2000;    current loss: 0.2443350851535797
INFO Gradient norm: 19.470257252033665
PROGRESS    Completed epoch 959 / 2000;    current loss: 0.24328622221946716
INFO Gradient norm: 13.685155469305398
PROGRESS    Completed epoch 960 / 2000;    current loss: 0.23969772458076477
INFO Gradient norm: 11.603763450221786
PROGRESS    Completed epoch 961 / 2000;    current loss: 0.2385263741016388
INFO Gradient norm: 13.058376802308445
PROGRESS    Completed epoch 962 / 2000;    current loss: 0.2398526668548584
INFO Gradient norm: 3.3436061835528115
PROGRESS    Completed epoch 963 / 2000;    current loss: 0.23779556155204773
INFO Gradient norm: 23.696061579597444
PROGRESS    Completed epoch 964 / 2000;    current loss: 0.2454690784215927
INFO Gradient norm: 12.119978048094842
PROGRESS    Completed epoch 965 / 2000;    current loss: 0.23879282176494598
INFO Gradient norm: 27.37634394741767
PROGRESS    Completed epoch 966 / 2000;    current loss: 0.2485266923904419
INFO Gradient norm: 27.98217267299322
PROGRESS    Completed epoch 967 / 2000;    current loss: 0.24872280657291412
INFO Gradient norm: 5.347733572709985
PROGRESS    Completed epoch 968 / 2000;    current loss: 0.23626990616321564
INFO Gradient norm: 8.168935949157946
PROGRESS    Completed epoch 969 / 2000;    current loss: 0.23635511100292206
INFO Gradient norm: 19.207753954404733
PROGRESS    Completed epoch 970 / 2000;    current loss: 0.24068045616149902
INFO Gradient norm: 9.51404735517726
PROGRESS    Completed epoch 971 / 2000;    current loss: 0.2359047383069992
INFO Gradient norm: 45.41697706916745
PROGRESS    Completed epoch 972 / 2000;    current loss: 0.26143860816955566
INFO Gradient norm: 47.915377176607045
PROGRESS    Completed epoch 973 / 2000;    current loss: 0.2644557058811188
INFO Gradient norm: 5.268447384762362
PROGRESS    Completed epoch 974 / 2000;    current loss: 0.2346934676170349
INFO Gradient norm: 42.56677791858295
PROGRESS    Completed epoch 975 / 2000;    current loss: 0.26384881138801575
INFO Gradient norm: 43.01522133071484
PROGRESS    Completed epoch 976 / 2000;    current loss: 0.26621556282043457
INFO Gradient norm: 11.226079844281612
PROGRESS    Completed epoch 977 / 2000;    current loss: 0.2394585758447647
INFO Gradient norm: 49.91910001440161
PROGRESS    Completed epoch 978 / 2000;    current loss: 0.27522939443588257
INFO Gradient norm: 66.11507320010395
PROGRESS    Completed epoch 979 / 2000;    current loss: 0.30323076248168945
INFO Gradient norm: 41.0844403544972
PROGRESS    Completed epoch 980 / 2000;    current loss: 0.2659769654273987
INFO Gradient norm: 13.700474425144243
PROGRESS    Completed epoch 981 / 2000;    current loss: 0.2435450255870819
INFO Gradient norm: 27.59584987090649
PROGRESS    Completed epoch 982 / 2000;    current loss: 0.2532213032245636
INFO Gradient norm: 9.24692742629652
PROGRESS    Completed epoch 983 / 2000;    current loss: 0.24168074131011963
INFO Gradient norm: 35.29490144506363
PROGRESS    Completed epoch 984 / 2000;    current loss: 0.2593174874782562
INFO Gradient norm: 41.27033616703848
PROGRESS    Completed epoch 985 / 2000;    current loss: 0.2661774158477783
INFO Gradient norm: 12.043777015694992
PROGRESS    Completed epoch 986 / 2000;    current loss: 0.24152059853076935
INFO Gradient norm: 36.820444721222074
PROGRESS    Completed epoch 987 / 2000;    current loss: 0.2628494203090668
INFO Gradient norm: 39.71159031835676
PROGRESS    Completed epoch 988 / 2000;    current loss: 0.2687183916568756
INFO Gradient norm: 11.695232641071064
PROGRESS    Completed epoch 989 / 2000;    current loss: 0.245555579662323
INFO Gradient norm: 45.2247251837295
PROGRESS    Completed epoch 990 / 2000;    current loss: 0.2762565016746521
INFO Gradient norm: 59.754901891575294
PROGRESS    Completed epoch 991 / 2000;    current loss: 0.2995155155658722
INFO Gradient norm: 35.48359797006033
PROGRESS    Completed epoch 992 / 2000;    current loss: 0.2653571665287018
INFO Gradient norm: 18.33105314337782
PROGRESS    Completed epoch 993 / 2000;    current loss: 0.2512536942958832
INFO Gradient norm: 31.03514257512321
PROGRESS    Completed epoch 994 / 2000;    current loss: 0.26185569167137146
INFO Gradient norm: 11.251475542421726
PROGRESS    Completed epoch 995 / 2000;    current loss: 0.24757449328899384
INFO Gradient norm: 37.312418843067825
PROGRESS    Completed epoch 996 / 2000;    current loss: 0.2665168046951294
INFO Gradient norm: 44.71918612613667
PROGRESS    Completed epoch 997 / 2000;    current loss: 0.2749807834625244
INFO Gradient norm: 16.497323177028274
PROGRESS    Completed epoch 998 / 2000;    current loss: 0.24814310669898987
INFO Gradient norm: 35.52848786265781
PROGRESS    Completed epoch 999 / 2000;    current loss: 0.26509568095207214
INFO Gradient norm: 46.596698896715864
PROGRESS    Completed epoch 1000 / 2000;    current loss: 0.2807562053203583
INFO Gradient norm: 24.87795643794264
PROGRESS    Completed epoch 1001 / 2000;    current loss: 0.2536906599998474
INFO Gradient norm: 28.998420415134298
PROGRESS    Completed epoch 1002 / 2000;    current loss: 0.2558888792991638
INFO Gradient norm: 42.51095393619969
PROGRESS    Completed epoch 1003 / 2000;    current loss: 0.2695932388305664
INFO Gradient norm: 17.85483639522458
PROGRESS    Completed epoch 1004 / 2000;    current loss: 0.24743685126304626
INFO Gradient norm: 33.79075398138876
PROGRESS    Completed epoch 1005 / 2000;    current loss: 0.2611897885799408
INFO Gradient norm: 43.83729459361964
PROGRESS    Completed epoch 1006 / 2000;    current loss: 0.274015337228775
INFO Gradient norm: 20.321154490697506
PROGRESS    Completed epoch 1007 / 2000;    current loss: 0.24846699833869934
INFO Gradient norm: 35.226193291522634
PROGRESS    Completed epoch 1008 / 2000;    current loss: 0.25940945744514465
INFO Gradient norm: 48.881608421217216
PROGRESS    Completed epoch 1009 / 2000;    current loss: 0.27525442838668823
INFO Gradient norm: 23.16543808982741
PROGRESS    Completed epoch 1010 / 2000;    current loss: 0.2487761378288269
INFO Gradient norm: 30.390732093851785
PROGRESS    Completed epoch 1011 / 2000;    current loss: 0.2558572590351105
INFO Gradient norm: 41.641272512834846
PROGRESS    Completed epoch 1012 / 2000;    current loss: 0.2691448926925659
INFO Gradient norm: 18.929008672609545
PROGRESS    Completed epoch 1013 / 2000;    current loss: 0.246180459856987
INFO Gradient norm: 35.416899450934395
PROGRESS    Completed epoch 1014 / 2000;    current loss: 0.2581229507923126
INFO Gradient norm: 47.83825861474476
PROGRESS    Completed epoch 1015 / 2000;    current loss: 0.2724403440952301
INFO Gradient norm: 21.312814569174417
PROGRESS    Completed epoch 1016 / 2000;    current loss: 0.24629192054271698
INFO Gradient norm: 32.16306542707101
PROGRESS    Completed epoch 1017 / 2000;    current loss: 0.2564522922039032
INFO Gradient norm: 43.49476096963435
PROGRESS    Completed epoch 1018 / 2000;    current loss: 0.2706526219844818
INFO Gradient norm: 21.15883781241716
PROGRESS    Completed epoch 1019 / 2000;    current loss: 0.24638721346855164
INFO Gradient norm: 32.63052467922419
PROGRESS    Completed epoch 1020 / 2000;    current loss: 0.2543109059333801
INFO Gradient norm: 45.23564348988169
PROGRESS    Completed epoch 1021 / 2000;    current loss: 0.26808369159698486
INFO Gradient norm: 19.500764388125308
PROGRESS    Completed epoch 1022 / 2000;    current loss: 0.24405398964881897
INFO Gradient norm: 32.64085450755646
PROGRESS    Completed epoch 1023 / 2000;    current loss: 0.2558075189590454
INFO Gradient norm: 43.32823939480406
PROGRESS    Completed epoch 1024 / 2000;    current loss: 0.26935040950775146
INFO Gradient norm: 20.791140238693597
PROGRESS    Completed epoch 1025 / 2000;    current loss: 0.24493379890918732
INFO Gradient norm: 32.758360591366866
PROGRESS    Completed epoch 1026 / 2000;    current loss: 0.2534511685371399
INFO Gradient norm: 45.40919395606009
PROGRESS    Completed epoch 1027 / 2000;    current loss: 0.26757192611694336
INFO Gradient norm: 18.030406736641083
PROGRESS    Completed epoch 1028 / 2000;    current loss: 0.2422628402709961
INFO Gradient norm: 34.703572219404215
PROGRESS    Completed epoch 1029 / 2000;    current loss: 0.25723809003829956
INFO Gradient norm: 46.00867586851086
PROGRESS    Completed epoch 1030 / 2000;    current loss: 0.27282410860061646
INFO Gradient norm: 24.274768692156226
PROGRESS    Completed epoch 1031 / 2000;    current loss: 0.24673493206501007
INFO Gradient norm: 28.468792900500663
PROGRESS    Completed epoch 1032 / 2000;    current loss: 0.2491767555475235
INFO Gradient norm: 41.370886435858885
PROGRESS    Completed epoch 1033 / 2000;    current loss: 0.26230743527412415
INFO Gradient norm: 16.844617089961528
PROGRESS    Completed epoch 1034 / 2000;    current loss: 0.24111366271972656
INFO Gradient norm: 33.21953534648497
PROGRESS    Completed epoch 1035 / 2000;    current loss: 0.2549940049648285
INFO Gradient norm: 42.84146868901386
PROGRESS    Completed epoch 1036 / 2000;    current loss: 0.26742663979530334
INFO Gradient norm: 19.78197264030549
PROGRESS    Completed epoch 1037 / 2000;    current loss: 0.2428216189146042
INFO Gradient norm: 33.666017872029556
PROGRESS    Completed epoch 1038 / 2000;    current loss: 0.25334030389785767
INFO Gradient norm: 46.749344683262734
PROGRESS    Completed epoch 1039 / 2000;    current loss: 0.26858919858932495
INFO Gradient norm: 22.066934965963394
PROGRESS    Completed epoch 1040 / 2000;    current loss: 0.24350416660308838
INFO Gradient norm: 29.1126113543885
PROGRESS    Completed epoch 1041 / 2000;    current loss: 0.25001755356788635
INFO Gradient norm: 39.85358313282745
PROGRESS    Completed epoch 1042 / 2000;    current loss: 0.2625903785228729
INFO Gradient norm: 17.96629797350815
PROGRESS    Completed epoch 1043 / 2000;    current loss: 0.24100980162620544
INFO Gradient norm: 33.74941450609761
PROGRESS    Completed epoch 1044 / 2000;    current loss: 0.2528645098209381
INFO Gradient norm: 45.45139941928184
PROGRESS    Completed epoch 1045 / 2000;    current loss: 0.26643240451812744
INFO Gradient norm: 20.08116690012913
PROGRESS    Completed epoch 1046 / 2000;    current loss: 0.24163253605365753
INFO Gradient norm: 30.30683486688164
PROGRESS    Completed epoch 1047 / 2000;    current loss: 0.25073176622390747
INFO Gradient norm: 40.771215945437795
PROGRESS    Completed epoch 1048 / 2000;    current loss: 0.2633914351463318
INFO Gradient norm: 18.67235692385309
PROGRESS    Completed epoch 1049 / 2000;    current loss: 0.24124594032764435
INFO Gradient norm: 33.86090030193513
PROGRESS    Completed epoch 1050 / 2000;    current loss: 0.25268295407295227
INFO Gradient norm: 46.34635016182465
PROGRESS    Completed epoch 1051 / 2000;    current loss: 0.2670644223690033
INFO Gradient norm: 21.175998169174783
PROGRESS    Completed epoch 1052 / 2000;    current loss: 0.242304727435112
INFO Gradient norm: 30.491500937107077
PROGRESS    Completed epoch 1053 / 2000;    current loss: 0.2506459355354309
INFO Gradient norm: 41.50756786633085
PROGRESS    Completed epoch 1054 / 2000;    current loss: 0.2638135552406311
INFO Gradient norm: 19.588545183267584
PROGRESS    Completed epoch 1055 / 2000;    current loss: 0.24146704375743866
INFO Gradient norm: 32.90434458421474
PROGRESS    Completed epoch 1056 / 2000;    current loss: 0.25114983320236206
INFO Gradient norm: 45.14238981336505
PROGRESS    Completed epoch 1057 / 2000;    current loss: 0.2647268772125244
INFO Gradient norm: 19.84783158716626
PROGRESS    Completed epoch 1058 / 2000;    current loss: 0.2408599853515625
INFO Gradient norm: 31.45437528400139
PROGRESS    Completed epoch 1059 / 2000;    current loss: 0.25093281269073486
INFO Gradient norm: 42.149408791230684
PROGRESS    Completed epoch 1060 / 2000;    current loss: 0.2640077471733093
INFO Gradient norm: 20.07502517183627
PROGRESS    Completed epoch 1061 / 2000;    current loss: 0.24100308120250702
INFO Gradient norm: 32.349183491630306
PROGRESS    Completed epoch 1062 / 2000;    current loss: 0.24984228610992432
INFO Gradient norm: 44.76060259565615
PROGRESS    Completed epoch 1063 / 2000;    current loss: 0.2635035216808319
INFO Gradient norm: 19.904416959924724
PROGRESS    Completed epoch 1064 / 2000;    current loss: 0.24004575610160828
INFO Gradient norm: 30.81644997615098
PROGRESS    Completed epoch 1065 / 2000;    current loss: 0.24955841898918152
INFO Gradient norm: 41.30434927068499
PROGRESS    Completed epoch 1066 / 2000;    current loss: 0.2621941566467285
INFO Gradient norm: 19.330350304943774
PROGRESS    Completed epoch 1067 / 2000;    current loss: 0.23975782096385956
INFO Gradient norm: 32.66977687246846
PROGRESS    Completed epoch 1068 / 2000;    current loss: 0.2494741529226303
INFO Gradient norm: 45.06210269217648
PROGRESS    Completed epoch 1069 / 2000;    current loss: 0.26333892345428467
INFO Gradient norm: 20.61857533004772
PROGRESS    Completed epoch 1070 / 2000;    current loss: 0.2398417443037033
INFO Gradient norm: 30.0305311885786
PROGRESS    Completed epoch 1071 / 2000;    current loss: 0.2481524646282196
INFO Gradient norm: 40.73532941335534
PROGRESS    Completed epoch 1072 / 2000;    current loss: 0.2607746720314026
INFO Gradient norm: 18.866138367889743
PROGRESS    Completed epoch 1073 / 2000;    current loss: 0.23901331424713135
INFO Gradient norm: 33.11186893378964
PROGRESS    Completed epoch 1074 / 2000;    current loss: 0.2493295967578888
INFO Gradient norm: 45.30025304470247
PROGRESS    Completed epoch 1075 / 2000;    current loss: 0.26294949650764465
INFO Gradient norm: 20.330325556661414
PROGRESS    Completed epoch 1076 / 2000;    current loss: 0.23920242488384247
INFO Gradient norm: 30.602485394540608
PROGRESS    Completed epoch 1077 / 2000;    current loss: 0.24821245670318604
INFO Gradient norm: 41.36414657465988
PROGRESS    Completed epoch 1078 / 2000;    current loss: 0.2610839009284973
INFO Gradient norm: 19.632053720416394
PROGRESS    Completed epoch 1079 / 2000;    current loss: 0.23898574709892273
INFO Gradient norm: 32.08064196862717
PROGRESS    Completed epoch 1080 / 2000;    current loss: 0.247886523604393
INFO Gradient norm: 44.315108776218395
PROGRESS    Completed epoch 1081 / 2000;    current loss: 0.26126277446746826
INFO Gradient norm: 19.76222283567327
PROGRESS    Completed epoch 1082 / 2000;    current loss: 0.2383592128753662
INFO Gradient norm: 30.691271629437434
PROGRESS    Completed epoch 1083 / 2000;    current loss: 0.24779151380062103
INFO Gradient norm: 41.26568410299119
PROGRESS    Completed epoch 1084 / 2000;    current loss: 0.26042667031288147
INFO Gradient norm: 19.409377808427458
PROGRESS    Completed epoch 1085 / 2000;    current loss: 0.2383389174938202
INFO Gradient norm: 32.45199507908539
PROGRESS    Completed epoch 1086 / 2000;    current loss: 0.24769224226474762
INFO Gradient norm: 44.79534780523475
PROGRESS    Completed epoch 1087 / 2000;    current loss: 0.2612801194190979
INFO Gradient norm: 20.240876127991413
PROGRESS    Completed epoch 1088 / 2000;    current loss: 0.23815573751926422
INFO Gradient norm: 30.825346095527692
PROGRESS    Completed epoch 1089 / 2000;    current loss: 0.24685248732566833
INFO Gradient norm: 30.322383216362592
PROGRESS    Completed epoch 1090 / 2000;    current loss: 0.24744586646556854
INFO Gradient norm: 6.071916334877657
PROGRESS    Completed epoch 1091 / 2000;    current loss: 0.23494160175323486
INFO Gradient norm: 9.46076560542007
PROGRESS    Completed epoch 1092 / 2000;    current loss: 0.2367008775472641
INFO Gradient norm: 19.735138335967452
PROGRESS    Completed epoch 1093 / 2000;    current loss: 0.2418842762708664
INFO Gradient norm: 10.515660766041592
PROGRESS    Completed epoch 1094 / 2000;    current loss: 0.23821069300174713
INFO Gradient norm: 29.343593254006052
PROGRESS    Completed epoch 1095 / 2000;    current loss: 0.2501245439052582
INFO Gradient norm: 26.282519145120194
PROGRESS    Completed epoch 1096 / 2000;    current loss: 0.24763160943984985
INFO Gradient norm: 11.222748746014114
PROGRESS    Completed epoch 1097 / 2000;    current loss: 0.2389242798089981
INFO Gradient norm: 11.348750254913668
PROGRESS    Completed epoch 1098 / 2000;    current loss: 0.23910491168498993
INFO Gradient norm: 20.19078255388166
PROGRESS    Completed epoch 1099 / 2000;    current loss: 0.24355651438236237
INFO Gradient norm: 12.13073388427796
PROGRESS    Completed epoch 1100 / 2000;    current loss: 0.23929700255393982
INFO Gradient norm: 26.832812635754777
PROGRESS    Completed epoch 1101 / 2000;    current loss: 0.2480243444442749
INFO Gradient norm: 25.56353979589062
PROGRESS    Completed epoch 1102 / 2000;    current loss: 0.24675731360912323
INFO Gradient norm: 10.042336120799076
PROGRESS    Completed epoch 1103 / 2000;    current loss: 0.23790395259857178
INFO Gradient norm: 9.61792836013766
PROGRESS    Completed epoch 1104 / 2000;    current loss: 0.23756040632724762
INFO Gradient norm: 19.274099370804333
PROGRESS    Completed epoch 1105 / 2000;    current loss: 0.2419518381357193
INFO Gradient norm: 8.39998237428262
PROGRESS    Completed epoch 1106 / 2000;    current loss: 0.2376915067434311
INFO Gradient norm: 31.318499912472568
PROGRESS    Completed epoch 1107 / 2000;    current loss: 0.25182318687438965
INFO Gradient norm: 28.694755595601233
PROGRESS    Completed epoch 1108 / 2000;    current loss: 0.24949221312999725
INFO Gradient norm: 9.525067850287867
PROGRESS    Completed epoch 1109 / 2000;    current loss: 0.23808152973651886
INFO Gradient norm: 11.259142256306205
PROGRESS    Completed epoch 1110 / 2000;    current loss: 0.2384803146123886
INFO Gradient norm: 19.707508485332195
PROGRESS    Completed epoch 1111 / 2000;    current loss: 0.24268838763237
INFO Gradient norm: 11.537236539494666
PROGRESS    Completed epoch 1112 / 2000;    current loss: 0.2386714071035385
INFO Gradient norm: 26.73868833104172
PROGRESS    Completed epoch 1113 / 2000;    current loss: 0.24783028662204742
INFO Gradient norm: 25.16523336169726
PROGRESS    Completed epoch 1114 / 2000;    current loss: 0.24643392860889435
INFO Gradient norm: 10.51514644535528
PROGRESS    Completed epoch 1115 / 2000;    current loss: 0.23803097009658813
INFO Gradient norm: 10.28653525333383
PROGRESS    Completed epoch 1116 / 2000;    current loss: 0.23784933984279633
INFO Gradient norm: 20.69263161784994
PROGRESS    Completed epoch 1117 / 2000;    current loss: 0.24276965856552124
INFO Gradient norm: 13.848142210862761
PROGRESS    Completed epoch 1118 / 2000;    current loss: 0.23879213631153107
INFO Gradient norm: 24.788732930118492
PROGRESS    Completed epoch 1119 / 2000;    current loss: 0.24513688683509827
INFO Gradient norm: 22.957629434613672
PROGRESS    Completed epoch 1120 / 2000;    current loss: 0.24363553524017334
INFO Gradient norm: 11.997824028994215
PROGRESS    Completed epoch 1121 / 2000;    current loss: 0.23775503039360046
INFO Gradient norm: 10.36820593624858
PROGRESS    Completed epoch 1122 / 2000;    current loss: 0.2371954470872879
INFO Gradient norm: 22.133726117896817
PROGRESS    Completed epoch 1123 / 2000;    current loss: 0.2430533915758133
INFO Gradient norm: 15.505873578509634
PROGRESS    Completed epoch 1124 / 2000;    current loss: 0.23917725682258606
INFO Gradient norm: 22.515705963247026
PROGRESS    Completed epoch 1125 / 2000;    current loss: 0.2434661090373993
INFO Gradient norm: 21.471089164937414
PROGRESS    Completed epoch 1126 / 2000;    current loss: 0.2426314502954483
INFO Gradient norm: 13.009477295114282
PROGRESS    Completed epoch 1127 / 2000;    current loss: 0.23777548968791962
INFO Gradient norm: 11.001409648229258
PROGRESS    Completed epoch 1128 / 2000;    current loss: 0.236887127161026
INFO Gradient norm: 21.28812627062436
PROGRESS    Completed epoch 1129 / 2000;    current loss: 0.2421063333749771
INFO Gradient norm: 15.828021267050365
PROGRESS    Completed epoch 1130 / 2000;    current loss: 0.23864205181598663
INFO Gradient norm: 21.675577883031828
PROGRESS    Completed epoch 1131 / 2000;    current loss: 0.24174340069293976
INFO Gradient norm: 20.0070205393378
PROGRESS    Completed epoch 1132 / 2000;    current loss: 0.2405162900686264
INFO Gradient norm: 14.717601160020676
PROGRESS    Completed epoch 1133 / 2000;    current loss: 0.23758216202259064
INFO Gradient norm: 12.495609647544528
PROGRESS    Completed epoch 1134 / 2000;    current loss: 0.23642019927501678
INFO Gradient norm: 21.3671877282341
PROGRESS    Completed epoch 1135 / 2000;    current loss: 0.24093234539031982
INFO Gradient norm: 16.670115322906195
PROGRESS    Completed epoch 1136 / 2000;    current loss: 0.23807549476623535
INFO Gradient norm: 19.439236007747876
PROGRESS    Completed epoch 1137 / 2000;    current loss: 0.23976606130599976
INFO Gradient norm: 17.502557376996386
PROGRESS    Completed epoch 1138 / 2000;    current loss: 0.23852799832820892
INFO Gradient norm: 16.74801859064155
PROGRESS    Completed epoch 1139 / 2000;    current loss: 0.237912118434906
INFO Gradient norm: 13.796156228411556
PROGRESS    Completed epoch 1140 / 2000;    current loss: 0.23643027245998383
INFO Gradient norm: 20.101897601911574
PROGRESS    Completed epoch 1141 / 2000;    current loss: 0.23987270891666412
INFO Gradient norm: 16.54459705225714
PROGRESS    Completed epoch 1142 / 2000;    current loss: 0.2376175969839096
INFO Gradient norm: 18.958337119826947
PROGRESS    Completed epoch 1143 / 2000;    current loss: 0.23870085179805756
INFO Gradient norm: 16.53061750810702
PROGRESS    Completed epoch 1144 / 2000;    current loss: 0.23724181950092316
INFO Gradient norm: 17.60626460621466
PROGRESS    Completed epoch 1145 / 2000;    current loss: 0.23780643939971924
INFO Gradient norm: 14.723551023691277
PROGRESS    Completed epoch 1146 / 2000;    current loss: 0.23613803088665009
INFO Gradient norm: 19.83039306338826
PROGRESS    Completed epoch 1147 / 2000;    current loss: 0.23871538043022156
INFO Gradient norm: 16.445695690728552
PROGRESS    Completed epoch 1148 / 2000;    current loss: 0.23670527338981628
INFO Gradient norm: 17.957440440188932
PROGRESS    Completed epoch 1149 / 2000;    current loss: 0.23762203752994537
INFO Gradient norm: 15.363951928631554
PROGRESS    Completed epoch 1150 / 2000;    current loss: 0.23616361618041992
INFO Gradient norm: 18.908664334621935
PROGRESS    Completed epoch 1151 / 2000;    current loss: 0.2379152625799179
INFO Gradient norm: 15.56083644995381
PROGRESS    Completed epoch 1152 / 2000;    current loss: 0.23606179654598236
INFO Gradient norm: 19.070789648385237
PROGRESS    Completed epoch 1153 / 2000;    current loss: 0.23799827694892883
INFO Gradient norm: 16.43315649704445
PROGRESS    Completed epoch 1154 / 2000;    current loss: 0.23636800050735474
INFO Gradient norm: 16.250221068825475
PROGRESS    Completed epoch 1155 / 2000;    current loss: 0.23618021607398987
INFO Gradient norm: 9.889772108887398
PROGRESS    Completed epoch 1156 / 2000;    current loss: 0.23375482857227325
INFO Gradient norm: 23.199685506909137
PROGRESS    Completed epoch 1157 / 2000;    current loss: 0.24125152826309204
INFO Gradient norm: 16.02599825179723
PROGRESS    Completed epoch 1158 / 2000;    current loss: 0.23711198568344116
INFO Gradient norm: 23.30754518883319
PROGRESS    Completed epoch 1159 / 2000;    current loss: 0.24209442734718323
INFO Gradient norm: 23.30552966740396
PROGRESS    Completed epoch 1160 / 2000;    current loss: 0.24262012541294098
INFO Gradient norm: 11.438302761877615
PROGRESS    Completed epoch 1161 / 2000;    current loss: 0.2365473508834839
INFO Gradient norm: 10.200729929048206
PROGRESS    Completed epoch 1162 / 2000;    current loss: 0.23646365106105804
INFO Gradient norm: 21.570677263046694
PROGRESS    Completed epoch 1163 / 2000;    current loss: 0.2424401342868805
INFO Gradient norm: 14.341268707866192
PROGRESS    Completed epoch 1164 / 2000;    current loss: 0.2385486662387848
INFO Gradient norm: 23.745375437469242
PROGRESS    Completed epoch 1165 / 2000;    current loss: 0.2443534880876541
INFO Gradient norm: 22.60944842158169
PROGRESS    Completed epoch 1166 / 2000;    current loss: 0.24359501898288727
INFO Gradient norm: 12.411208688666019
PROGRESS    Completed epoch 1167 / 2000;    current loss: 0.23801179230213165
INFO Gradient norm: 10.99692310655303
PROGRESS    Completed epoch 1168 / 2000;    current loss: 0.2374705672264099
INFO Gradient norm: 21.209445636806887
PROGRESS    Completed epoch 1169 / 2000;    current loss: 0.24256257712841034
INFO Gradient norm: 15.324231948585101
PROGRESS    Completed epoch 1170 / 2000;    current loss: 0.2389926016330719
INFO Gradient norm: 23.02080103353815
PROGRESS    Completed epoch 1171 / 2000;    current loss: 0.2434491366147995
INFO Gradient norm: 21.56069988354358
PROGRESS    Completed epoch 1172 / 2000;    current loss: 0.24239203333854675
INFO Gradient norm: 14.024130047934689
PROGRESS    Completed epoch 1173 / 2000;    current loss: 0.23816891014575958
INFO Gradient norm: 12.21481997599399
PROGRESS    Completed epoch 1174 / 2000;    current loss: 0.2373088300228119
INFO Gradient norm: 21.261938368195825
PROGRESS    Completed epoch 1175 / 2000;    current loss: 0.24184012413024902
INFO Gradient norm: 15.875866172002253
PROGRESS    Completed epoch 1176 / 2000;    current loss: 0.23870569467544556
INFO Gradient norm: 21.540699687733397
PROGRESS    Completed epoch 1177 / 2000;    current loss: 0.24207210540771484
INFO Gradient norm: 19.89121046645897
PROGRESS    Completed epoch 1178 / 2000;    current loss: 0.24089451134204865
INFO Gradient norm: 15.350653756012703
PROGRESS    Completed epoch 1179 / 2000;    current loss: 0.23818010091781616
INFO Gradient norm: 12.856303574174401
PROGRESS    Completed epoch 1180 / 2000;    current loss: 0.23698270320892334
INFO Gradient norm: 20.98466017237343
PROGRESS    Completed epoch 1181 / 2000;    current loss: 0.24131137132644653
INFO Gradient norm: 16.46438319786714
PROGRESS    Completed epoch 1182 / 2000;    current loss: 0.238483726978302
INFO Gradient norm: 20.707767283433736
PROGRESS    Completed epoch 1183 / 2000;    current loss: 0.24066898226737976
INFO Gradient norm: 18.73588449205447
PROGRESS    Completed epoch 1184 / 2000;    current loss: 0.23938444256782532
INFO Gradient norm: 16.273421085967094
PROGRESS    Completed epoch 1185 / 2000;    current loss: 0.2381509393453598
INFO Gradient norm: 13.495557217529903
PROGRESS    Completed epoch 1186 / 2000;    current loss: 0.2368064820766449
INFO Gradient norm: 21.493915803998963
PROGRESS    Completed epoch 1187 / 2000;    current loss: 0.2408730834722519
INFO Gradient norm: 17.143267573889236
PROGRESS    Completed epoch 1188 / 2000;    current loss: 0.23825833201408386
INFO Gradient norm: 19.68802360810322
PROGRESS    Completed epoch 1189 / 2000;    current loss: 0.23986424505710602
INFO Gradient norm: 17.779032249012158
PROGRESS    Completed epoch 1190 / 2000;    current loss: 0.23861771821975708
INFO Gradient norm: 17.225350776147067
PROGRESS    Completed epoch 1191 / 2000;    current loss: 0.2380508929491043
INFO Gradient norm: 14.120440755762017
PROGRESS    Completed epoch 1192 / 2000;    current loss: 0.23646070063114166
INFO Gradient norm: 20.345761465901987
PROGRESS    Completed epoch 1193 / 2000;    current loss: 0.23996371030807495
INFO Gradient norm: 16.592247275492397
PROGRESS    Completed epoch 1194 / 2000;    current loss: 0.23768110573291779
INFO Gradient norm: 19.822903063830612
PROGRESS    Completed epoch 1195 / 2000;    current loss: 0.2391996830701828
INFO Gradient norm: 17.514799162286184
PROGRESS    Completed epoch 1196 / 2000;    current loss: 0.23784524202346802
INFO Gradient norm: 17.54017617623981
PROGRESS    Completed epoch 1197 / 2000;    current loss: 0.2380029857158661
INFO Gradient norm: 14.695013119294494
PROGRESS    Completed epoch 1198 / 2000;    current loss: 0.23645277321338654
INFO Gradient norm: 20.38657121858945
PROGRESS    Completed epoch 1199 / 2000;    current loss: 0.2392374873161316
INFO Gradient norm: 16.740830632319856
PROGRESS    Completed epoch 1200 / 2000;    current loss: 0.23712077736854553
INFO Gradient norm: 18.948889923143767
PROGRESS    Completed epoch 1201 / 2000;    current loss: 0.23849324882030487
INFO Gradient norm: 16.56120167707493
PROGRESS    Completed epoch 1202 / 2000;    current loss: 0.23703408241271973
INFO Gradient norm: 18.46034955019325
PROGRESS    Completed epoch 1203 / 2000;    current loss: 0.23780085146427155
INFO Gradient norm: 15.359987976388823
PROGRESS    Completed epoch 1204 / 2000;    current loss: 0.2361380010843277
INFO Gradient norm: 19.41744303769248
PROGRESS    Completed epoch 1205 / 2000;    current loss: 0.23848482966423035
INFO Gradient norm: 16.28744803224583
PROGRESS    Completed epoch 1206 / 2000;    current loss: 0.2366311103105545
INFO Gradient norm: 19.231607208084288
PROGRESS    Completed epoch 1207 / 2000;    current loss: 0.23798373341560364
INFO Gradient norm: 16.496140584934658
PROGRESS    Completed epoch 1208 / 2000;    current loss: 0.2364431619644165
INFO Gradient norm: 18.29623994848183
PROGRESS    Completed epoch 1209 / 2000;    current loss: 0.23754912614822388
INFO Gradient norm: 15.409219691988316
PROGRESS    Completed epoch 1210 / 2000;    current loss: 0.23592010140419006
INFO Gradient norm: 19.562524666617545
PROGRESS    Completed epoch 1211 / 2000;    current loss: 0.23788149654865265
INFO Gradient norm: 16.441012648041305
PROGRESS    Completed epoch 1212 / 2000;    current loss: 0.2361217588186264
INFO Gradient norm: 18.60521537700726
PROGRESS    Completed epoch 1213 / 2000;    current loss: 0.2374376654624939
INFO Gradient norm: 15.950831476680047
PROGRESS    Completed epoch 1214 / 2000;    current loss: 0.23591364920139313
INFO Gradient norm: 18.98162603550858
PROGRESS    Completed epoch 1215 / 2000;    current loss: 0.23729127645492554
INFO Gradient norm: 15.803971534470058
PROGRESS    Completed epoch 1216 / 2000;    current loss: 0.23555141687393188
INFO Gradient norm: 19.032426354956336
PROGRESS    Completed epoch 1217 / 2000;    current loss: 0.23744520545005798
INFO Gradient norm: 16.15353857809693
PROGRESS    Completed epoch 1218 / 2000;    current loss: 0.23577195405960083
INFO Gradient norm: 18.941775751827247
PROGRESS    Completed epoch 1219 / 2000;    current loss: 0.2370450645685196
INFO Gradient norm: 16.06745895666113
PROGRESS    Completed epoch 1220 / 2000;    current loss: 0.23544451594352722
INFO Gradient norm: 18.600768268724316
PROGRESS    Completed epoch 1221 / 2000;    current loss: 0.23694276809692383
INFO Gradient norm: 15.715157990429933
PROGRESS    Completed epoch 1222 / 2000;    current loss: 0.23526835441589355
INFO Gradient norm: 19.20848391378352
PROGRESS    Completed epoch 1223 / 2000;    current loss: 0.23688609898090363
INFO Gradient norm: 16.156070603015852
PROGRESS    Completed epoch 1224 / 2000;    current loss: 0.2351997047662735
INFO Gradient norm: 18.497505729281045
PROGRESS    Completed epoch 1225 / 2000;    current loss: 0.23659507930278778
INFO Gradient norm: 15.65280810450136
PROGRESS    Completed epoch 1226 / 2000;    current loss: 0.23499463498592377
INFO Gradient norm: 19.329034485730627
PROGRESS    Completed epoch 1227 / 2000;    current loss: 0.23673327267169952
INFO Gradient norm: 16.211814114001648
PROGRESS    Completed epoch 1228 / 2000;    current loss: 0.23501884937286377
INFO Gradient norm: 18.771827431996453
PROGRESS    Completed epoch 1229 / 2000;    current loss: 0.23653501272201538
INFO Gradient norm: 16.116082386526827
PROGRESS    Completed epoch 1230 / 2000;    current loss: 0.23499491810798645
INFO Gradient norm: 18.725219256046653
PROGRESS    Completed epoch 1231 / 2000;    current loss: 0.23613864183425903
INFO Gradient norm: 15.634688137175043
PROGRESS    Completed epoch 1232 / 2000;    current loss: 0.23448239266872406
INFO Gradient norm: 18.994125012840733
PROGRESS    Completed epoch 1233 / 2000;    current loss: 0.2364034354686737
INFO Gradient norm: 16.12970384811391
PROGRESS    Completed epoch 1234 / 2000;    current loss: 0.23472122848033905
INFO Gradient norm: 18.694314130775478
PROGRESS    Completed epoch 1235 / 2000;    current loss: 0.23583665490150452
INFO Gradient norm: 15.994749812375444
PROGRESS    Completed epoch 1236 / 2000;    current loss: 0.23438474535942078
INFO Gradient norm: 18.317161425458195
PROGRESS    Completed epoch 1237 / 2000;    current loss: 0.2357427030801773
INFO Gradient norm: 15.430450364975966
PROGRESS    Completed epoch 1238 / 2000;    current loss: 0.23413336277008057
INFO Gradient norm: 19.293790416088157
PROGRESS    Completed epoch 1239 / 2000;    current loss: 0.23595958948135376
INFO Gradient norm: 16.214118332740398
PROGRESS    Completed epoch 1240 / 2000;    current loss: 0.23426130414009094
INFO Gradient norm: 18.451582069505776
PROGRESS    Completed epoch 1241 / 2000;    current loss: 0.2355765998363495
INFO Gradient norm: 15.831290457100286
PROGRESS    Completed epoch 1242 / 2000;    current loss: 0.23408429324626923
INFO Gradient norm: 18.606880279369033
PROGRESS    Completed epoch 1243 / 2000;    current loss: 0.23530663549900055
INFO Gradient norm: 15.535941240529045
PROGRESS    Completed epoch 1244 / 2000;    current loss: 0.23366986215114594
INFO Gradient norm: 18.687252166466102
PROGRESS    Completed epoch 1245 / 2000;    current loss: 0.23545394837856293
INFO Gradient norm: 15.775468092302942
PROGRESS    Completed epoch 1246 / 2000;    current loss: 0.23380783200263977
INFO Gradient norm: 19.049597792714536
PROGRESS    Completed epoch 1247 / 2000;    current loss: 0.23532907664775848
INFO Gradient norm: 16.124238713698333
PROGRESS    Completed epoch 1248 / 2000;    current loss: 0.23373627662658691
INFO Gradient norm: 17.7473404548498
PROGRESS    Completed epoch 1249 / 2000;    current loss: 0.23470735549926758
INFO Gradient norm: 11.946728247208885
PROGRESS    Completed epoch 1250 / 2000;    current loss: 0.23222720623016357
INFO Gradient norm: 24.925192693227363
PROGRESS    Completed epoch 1251 / 2000;    current loss: 0.23944337666034698
INFO Gradient norm: 22.45174396055327
PROGRESS    Completed epoch 1252 / 2000;    current loss: 0.2379380613565445
INFO Gradient norm: 13.5451534134798
PROGRESS    Completed epoch 1253 / 2000;    current loss: 0.23338006436824799
INFO Gradient norm: 12.633378328272219
PROGRESS    Completed epoch 1254 / 2000;    current loss: 0.23314262926578522
INFO Gradient norm: 19.99179264311629
PROGRESS    Completed epoch 1255 / 2000;    current loss: 0.23682667315006256
INFO Gradient norm: 14.581790694308179
PROGRESS    Completed epoch 1256 / 2000;    current loss: 0.2341596484184265
INFO Gradient norm: 21.978278720175133
PROGRESS    Completed epoch 1257 / 2000;    current loss: 0.23833869397640228
INFO Gradient norm: 20.17906792914676
PROGRESS    Completed epoch 1258 / 2000;    current loss: 0.23718038201332092
INFO Gradient norm: 14.766557055487548
PROGRESS    Completed epoch 1259 / 2000;    current loss: 0.23427730798721313
INFO Gradient norm: 12.799241219938011
PROGRESS    Completed epoch 1260 / 2000;    current loss: 0.23343832790851593
INFO Gradient norm: 18.41970219580303
PROGRESS    Completed epoch 1261 / 2000;    current loss: 0.2364114671945572
INFO Gradient norm: 9.485769631446118
PROGRESS    Completed epoch 1262 / 2000;    current loss: 0.2330608367919922
INFO Gradient norm: 24.757486307048207
PROGRESS    Completed epoch 1263 / 2000;    current loss: 0.24167494475841522
INFO Gradient norm: 25.19936137231764
PROGRESS    Completed epoch 1264 / 2000;    current loss: 0.24258564412593842
INFO Gradient norm: 3.9329841704629556
PROGRESS    Completed epoch 1265 / 2000;    current loss: 0.23341812193393707
INFO Gradient norm: 12.65091951054959
PROGRESS    Completed epoch 1266 / 2000;    current loss: 0.23515623807907104
INFO Gradient norm: 5.844157920824337
PROGRESS    Completed epoch 1267 / 2000;    current loss: 0.23254762589931488
INFO Gradient norm: 1.6817695013066045
PROGRESS    Completed epoch 1268 / 2000;    current loss: 0.2314625382423401
INFO Gradient norm: 2.3005875355017635
PROGRESS    Completed epoch 1269 / 2000;    current loss: 0.23071379959583282
INFO Gradient norm: 9.273644435647043
PROGRESS    Completed epoch 1270 / 2000;    current loss: 0.2313573658466339
INFO Gradient norm: 6.271721588144185
PROGRESS    Completed epoch 1271 / 2000;    current loss: 0.23039144277572632
INFO Gradient norm: 9.030635484783353
PROGRESS    Completed epoch 1272 / 2000;    current loss: 0.23071931302547455
INFO Gradient norm: 2.2318145142767745
PROGRESS    Completed epoch 1273 / 2000;    current loss: 0.22943253815174103
INFO Gradient norm: 11.746607711334162
PROGRESS    Completed epoch 1274 / 2000;    current loss: 0.23098424077033997
INFO Gradient norm: 3.5424368444995564
PROGRESS    Completed epoch 1275 / 2000;    current loss: 0.22863325476646423
INFO Gradient norm: 3.2887090142364244
PROGRESS    Completed epoch 1276 / 2000;    current loss: 0.22838877141475677
INFO Gradient norm: 12.037937721098517
PROGRESS    Completed epoch 1277 / 2000;    current loss: 0.2301611304283142
INFO Gradient norm: 3.633415448724343
PROGRESS    Completed epoch 1278 / 2000;    current loss: 0.22823676466941833
INFO Gradient norm: 6.458762585513177
PROGRESS    Completed epoch 1279 / 2000;    current loss: 0.22884969413280487
INFO Gradient norm: 8.853701956161135
PROGRESS    Completed epoch 1280 / 2000;    current loss: 0.2294229120016098
INFO Gradient norm: 7.382642739537271
PROGRESS    Completed epoch 1281 / 2000;    current loss: 0.22989867627620697
INFO Gradient norm: 8.811361465442525
PROGRESS    Completed epoch 1282 / 2000;    current loss: 0.23062987625598907
INFO Gradient norm: 8.061430723790425
PROGRESS    Completed epoch 1283 / 2000;    current loss: 0.23087731003761292
INFO Gradient norm: 6.669997575566248
PROGRESS    Completed epoch 1284 / 2000;    current loss: 0.2308572381734848
INFO Gradient norm: 5.938934176399269
PROGRESS    Completed epoch 1285 / 2000;    current loss: 0.23035681247711182
INFO Gradient norm: 9.672340758010975
PROGRESS    Completed epoch 1286 / 2000;    current loss: 0.2303203046321869
INFO Gradient norm: 7.99203222462385
PROGRESS    Completed epoch 1287 / 2000;    current loss: 0.22930550575256348
INFO Gradient norm: 4.161119921549811
PROGRESS    Completed epoch 1288 / 2000;    current loss: 0.22836533188819885
INFO Gradient norm: 6.479890568571737
PROGRESS    Completed epoch 1289 / 2000;    current loss: 0.22820839285850525
INFO Gradient norm: 1.890090384996629
PROGRESS    Completed epoch 1290 / 2000;    current loss: 0.22833633422851562
INFO Gradient norm: 7.953567001305989
PROGRESS    Completed epoch 1291 / 2000;    current loss: 0.2293594926595688
INFO Gradient norm: 13.233422956001347
PROGRESS    Completed epoch 1292 / 2000;    current loss: 0.2314673513174057
INFO Gradient norm: 4.7709229521876075
PROGRESS    Completed epoch 1293 / 2000;    current loss: 0.2294522523880005
INFO Gradient norm: 22.895945200197982
PROGRESS    Completed epoch 1294 / 2000;    current loss: 0.23770062625408173
INFO Gradient norm: 19.51926169112854
PROGRESS    Completed epoch 1295 / 2000;    current loss: 0.23541131615638733
INFO Gradient norm: 8.294321780997025
PROGRESS    Completed epoch 1296 / 2000;    current loss: 0.23040850460529327
INFO Gradient norm: 8.483697702568692
PROGRESS    Completed epoch 1297 / 2000;    current loss: 0.2304830402135849
INFO Gradient norm: 15.460713687809744
PROGRESS    Completed epoch 1298 / 2000;    current loss: 0.23315390944480896
INFO Gradient norm: 9.565488399190777
PROGRESS    Completed epoch 1299 / 2000;    current loss: 0.23067706823349
INFO Gradient norm: 21.46408205709137
PROGRESS    Completed epoch 1300 / 2000;    current loss: 0.23620924353599548
INFO Gradient norm: 20.349235514918963
PROGRESS    Completed epoch 1301 / 2000;    current loss: 0.23542705178260803
INFO Gradient norm: 8.405668769084325
PROGRESS    Completed epoch 1302 / 2000;    current loss: 0.23012202978134155
INFO Gradient norm: 8.100791519177456
PROGRESS    Completed epoch 1303 / 2000;    current loss: 0.22998903691768646
INFO Gradient norm: 17.15668575293522
PROGRESS    Completed epoch 1304 / 2000;    current loss: 0.23339290916919708
INFO Gradient norm: 11.64671245535456
PROGRESS    Completed epoch 1305 / 2000;    current loss: 0.23089230060577393
INFO Gradient norm: 18.579839610020052
PROGRESS    Completed epoch 1306 / 2000;    current loss: 0.2342679798603058
INFO Gradient norm: 17.566626753952615
PROGRESS    Completed epoch 1307 / 2000;    current loss: 0.2335382103919983
INFO Gradient norm: 10.473001149583785
PROGRESS    Completed epoch 1308 / 2000;    current loss: 0.23009762167930603
INFO Gradient norm: 9.60260445219317
PROGRESS    Completed epoch 1309 / 2000;    current loss: 0.2296476811170578
INFO Gradient norm: 15.988025843048513
PROGRESS    Completed epoch 1310 / 2000;    current loss: 0.23215362429618835
INFO Gradient norm: 9.96391686780423
PROGRESS    Completed epoch 1311 / 2000;    current loss: 0.2294994443655014
INFO Gradient norm: 25.968973988870243
PROGRESS    Completed epoch 1312 / 2000;    current loss: 0.2377108633518219
INFO Gradient norm: 23.270621769929672
PROGRESS    Completed epoch 1313 / 2000;    current loss: 0.2357393354177475
INFO Gradient norm: 11.25301775901417
PROGRESS    Completed epoch 1314 / 2000;    current loss: 0.22978001832962036
INFO Gradient norm: 5.75583831042422
PROGRESS    Completed epoch 1315 / 2000;    current loss: 0.22875215113162994
INFO Gradient norm: 21.648877425999284
PROGRESS    Completed epoch 1316 / 2000;    current loss: 0.23592157661914825
INFO Gradient norm: 17.324783441975377
PROGRESS    Completed epoch 1317 / 2000;    current loss: 0.23378770053386688
INFO Gradient norm: 12.80020096975026
PROGRESS    Completed epoch 1318 / 2000;    current loss: 0.23205208778381348
INFO Gradient norm: 12.759252277249276
PROGRESS    Completed epoch 1319 / 2000;    current loss: 0.2323661595582962
INFO Gradient norm: 13.102436015048749
PROGRESS    Completed epoch 1320 / 2000;    current loss: 0.23273666203022003
INFO Gradient norm: 10.568874769069094
PROGRESS    Completed epoch 1321 / 2000;    current loss: 0.2319980263710022
INFO Gradient norm: 14.019223320862457
PROGRESS    Completed epoch 1322 / 2000;    current loss: 0.2337951362133026
INFO Gradient norm: 8.991274823086359
PROGRESS    Completed epoch 1323 / 2000;    current loss: 0.23229865729808807
INFO Gradient norm: 20.070515797442358
PROGRESS    Completed epoch 1324 / 2000;    current loss: 0.23762501776218414
INFO Gradient norm: 18.564879634244075
PROGRESS    Completed epoch 1325 / 2000;    current loss: 0.23699191212654114
INFO Gradient norm: 9.728723281122587
PROGRESS    Completed epoch 1326 / 2000;    current loss: 0.23319768905639648
INFO Gradient norm: 9.356138943223291
PROGRESS    Completed epoch 1327 / 2000;    current loss: 0.23310616612434387
INFO Gradient norm: 15.69969974073011
PROGRESS    Completed epoch 1328 / 2000;    current loss: 0.23548772931098938
INFO Gradient norm: 10.876744205613159
PROGRESS    Completed epoch 1329 / 2000;    current loss: 0.23324836790561676
INFO Gradient norm: 17.390957832779204
PROGRESS    Completed epoch 1330 / 2000;    current loss: 0.23615723848342896
INFO Gradient norm: 15.194690739997743
PROGRESS    Completed epoch 1331 / 2000;    current loss: 0.23486977815628052
INFO Gradient norm: 13.141986577224587
PROGRESS    Completed epoch 1332 / 2000;    current loss: 0.23362626135349274
INFO Gradient norm: 12.14567730517312
PROGRESS    Completed epoch 1333 / 2000;    current loss: 0.23301446437835693
INFO Gradient norm: 13.91385235085459
PROGRESS    Completed epoch 1334 / 2000;    current loss: 0.2336515337228775
INFO Gradient norm: 10.538529561250359
PROGRESS    Completed epoch 1335 / 2000;    current loss: 0.23203541338443756
INFO Gradient norm: 17.83769030792565
PROGRESS    Completed epoch 1336 / 2000;    current loss: 0.23487688601016998
INFO Gradient norm: 15.636732789197751
PROGRESS    Completed epoch 1337 / 2000;    current loss: 0.23352965712547302
INFO Gradient norm: 11.499294677292822
PROGRESS    Completed epoch 1338 / 2000;    current loss: 0.23178711533546448
INFO Gradient norm: 6.309624647975141
PROGRESS    Completed epoch 1339 / 2000;    current loss: 0.23049324750900269
INFO Gradient norm: 21.43260286546484
PROGRESS    Completed epoch 1340 / 2000;    current loss: 0.23708146810531616
INFO Gradient norm: 17.406647106446407
PROGRESS    Completed epoch 1341 / 2000;    current loss: 0.2348114252090454
INFO Gradient norm: 12.301481057005175
PROGRESS    Completed epoch 1342 / 2000;    current loss: 0.2327650934457779
INFO Gradient norm: 12.134366636026975
PROGRESS    Completed epoch 1343 / 2000;    current loss: 0.23287180066108704
INFO Gradient norm: 14.026973656031828
PROGRESS    Completed epoch 1344 / 2000;    current loss: 0.23366107046604156
INFO Gradient norm: 10.679504827190266
PROGRESS    Completed epoch 1345 / 2000;    current loss: 0.23236453533172607
INFO Gradient norm: 17.072016337879084
PROGRESS    Completed epoch 1346 / 2000;    current loss: 0.23511706292629242
INFO Gradient norm: 14.24972791502795
PROGRESS    Completed epoch 1347 / 2000;    current loss: 0.23348522186279297
INFO Gradient norm: 14.976292161485318
PROGRESS    Completed epoch 1348 / 2000;    current loss: 0.23343247175216675
INFO Gradient norm: 13.894431060451296
PROGRESS    Completed epoch 1349 / 2000;    current loss: 0.23270247876644135
INFO Gradient norm: 13.210824912328755
PROGRESS    Completed epoch 1350 / 2000;    current loss: 0.23228785395622253
INFO Gradient norm: 10.346820477064721
PROGRESS    Completed epoch 1351 / 2000;    current loss: 0.23095905780792236
INFO Gradient norm: 18.025248290012446
PROGRESS    Completed epoch 1352 / 2000;    current loss: 0.23387707769870758
INFO Gradient norm: 15.124865697766754
PROGRESS    Completed epoch 1353 / 2000;    current loss: 0.2322411686182022
INFO Gradient norm: 13.960191587825758
PROGRESS    Completed epoch 1354 / 2000;    current loss: 0.23175910115242004
INFO Gradient norm: 12.532743565939109
PROGRESS    Completed epoch 1355 / 2000;    current loss: 0.23097653687000275
INFO Gradient norm: 15.128710633519677
PROGRESS    Completed epoch 1356 / 2000;    current loss: 0.23170161247253418
INFO Gradient norm: 12.350696799978735
PROGRESS    Completed epoch 1357 / 2000;    current loss: 0.23040331900119781
INFO Gradient norm: 12.642285942214576
PROGRESS    Completed epoch 1358 / 2000;    current loss: 0.23065990209579468
INFO Gradient norm: 1.761562172892339
PROGRESS    Completed epoch 1359 / 2000;    current loss: 0.22876444458961487
INFO Gradient norm: 19.024653963409655
PROGRESS    Completed epoch 1360 / 2000;    current loss: 0.23396164178848267
INFO Gradient norm: 4.509370853800313
PROGRESS    Completed epoch 1361 / 2000;    current loss: 0.2288103699684143
INFO Gradient norm: 29.766371265755033
PROGRESS    Completed epoch 1362 / 2000;    current loss: 0.24196745455265045
INFO Gradient norm: 26.088421195125377
PROGRESS    Completed epoch 1363 / 2000;    current loss: 0.2387010157108307
INFO Gradient norm: 10.55707552503005
PROGRESS    Completed epoch 1364 / 2000;    current loss: 0.23019054532051086
INFO Gradient norm: 13.85467978334949
PROGRESS    Completed epoch 1365 / 2000;    current loss: 0.23148484528064728
INFO Gradient norm: 13.723641014316032
PROGRESS    Completed epoch 1366 / 2000;    current loss: 0.2313833236694336
INFO Gradient norm: 7.883266784108213
PROGRESS    Completed epoch 1367 / 2000;    current loss: 0.22951056063175201
INFO Gradient norm: 24.376495620677566
PROGRESS    Completed epoch 1368 / 2000;    current loss: 0.23730841279029846
INFO Gradient norm: 19.642130313371926
PROGRESS    Completed epoch 1369 / 2000;    current loss: 0.2342161238193512
INFO Gradient norm: 15.820441879316776
PROGRESS    Completed epoch 1370 / 2000;    current loss: 0.23206982016563416
INFO Gradient norm: 16.027002450792722
PROGRESS    Completed epoch 1371 / 2000;    current loss: 0.23207531869411469
INFO Gradient norm: 14.268080391210132
PROGRESS    Completed epoch 1372 / 2000;    current loss: 0.23126056790351868
INFO Gradient norm: 10.311244290506501
PROGRESS    Completed epoch 1373 / 2000;    current loss: 0.22970332205295563
INFO Gradient norm: 21.362022264722647
PROGRESS    Completed epoch 1374 / 2000;    current loss: 0.23480597138404846
INFO Gradient norm: 17.685488116725807
PROGRESS    Completed epoch 1375 / 2000;    current loss: 0.2325035035610199
INFO Gradient norm: 16.349598120906453
PROGRESS    Completed epoch 1376 / 2000;    current loss: 0.23171460628509521
INFO Gradient norm: 15.316078876029717
PROGRESS    Completed epoch 1377 / 2000;    current loss: 0.2311132252216339
INFO Gradient norm: 15.741695373409904
PROGRESS    Completed epoch 1378 / 2000;    current loss: 0.23117177188396454
INFO Gradient norm: 12.54346714278954
PROGRESS    Completed epoch 1379 / 2000;    current loss: 0.2296929955482483
INFO Gradient norm: 19.61738963277119
PROGRESS    Completed epoch 1380 / 2000;    current loss: 0.2329518049955368
INFO Gradient norm: 16.261607140336682
PROGRESS    Completed epoch 1381 / 2000;    current loss: 0.23108744621276855
INFO Gradient norm: 16.774018816064917
PROGRESS    Completed epoch 1382 / 2000;    current loss: 0.23128901422023773
INFO Gradient norm: 15.171783220370495
PROGRESS    Completed epoch 1383 / 2000;    current loss: 0.23042315244674683
INFO Gradient norm: 16.188800401215744
PROGRESS    Completed epoch 1384 / 2000;    current loss: 0.23078520596027374
INFO Gradient norm: 13.159449242438564
PROGRESS    Completed epoch 1385 / 2000;    current loss: 0.22938989102840424
INFO Gradient norm: 16.565040278843977
PROGRESS    Completed epoch 1386 / 2000;    current loss: 0.23099425435066223
INFO Gradient norm: 10.588076916455613
PROGRESS    Completed epoch 1387 / 2000;    current loss: 0.22866880893707275
INFO Gradient norm: 23.273578400860632
PROGRESS    Completed epoch 1388 / 2000;    current loss: 0.23518435657024384
INFO Gradient norm: 20.959666266369414
PROGRESS    Completed epoch 1389 / 2000;    current loss: 0.23383723199367523
INFO Gradient norm: 12.334270967811959
PROGRESS    Completed epoch 1390 / 2000;    current loss: 0.2296561449766159
INFO Gradient norm: 11.098366740708837
PROGRESS    Completed epoch 1391 / 2000;    current loss: 0.22944997251033783
INFO Gradient norm: 14.898899171785756
PROGRESS    Completed epoch 1392 / 2000;    current loss: 0.23121660947799683
INFO Gradient norm: 9.26361104295434
PROGRESS    Completed epoch 1393 / 2000;    current loss: 0.22954806685447693
INFO Gradient norm: 19.312949473281773
PROGRESS    Completed epoch 1394 / 2000;    current loss: 0.23435422778129578
INFO Gradient norm: 17.415810666582896
PROGRESS    Completed epoch 1395 / 2000;    current loss: 0.23332230746746063
INFO Gradient norm: 10.97620318179851
PROGRESS    Completed epoch 1396 / 2000;    current loss: 0.23035091161727905
INFO Gradient norm: 12.101250078862183
PROGRESS    Completed epoch 1397 / 2000;    current loss: 0.2305951565504074
INFO Gradient norm: 9.732729900981262
PROGRESS    Completed epoch 1398 / 2000;    current loss: 0.23055441677570343
INFO Gradient norm: 3.570379001396338
PROGRESS    Completed epoch 1399 / 2000;    current loss: 0.2298266887664795
INFO Gradient norm: 16.905964118083343
PROGRESS    Completed epoch 1400 / 2000;    current loss: 0.23354510962963104
INFO Gradient norm: 7.582733409051979
PROGRESS    Completed epoch 1401 / 2000;    current loss: 0.22974860668182373
INFO Gradient norm: 22.995989650321306
PROGRESS    Completed epoch 1402 / 2000;    current loss: 0.23694509267807007
INFO Gradient norm: 22.509892942246008
PROGRESS    Completed epoch 1403 / 2000;    current loss: 0.23625066876411438
INFO Gradient norm: 5.120035609327221
PROGRESS    Completed epoch 1404 / 2000;    current loss: 0.2282690405845642
INFO Gradient norm: 9.129644921283264
PROGRESS    Completed epoch 1405 / 2000;    current loss: 0.22869041562080383
INFO Gradient norm: 7.564930639810128
PROGRESS    Completed epoch 1406 / 2000;    current loss: 0.22845402359962463
INFO Gradient norm: 2.61737533488842
PROGRESS    Completed epoch 1407 / 2000;    current loss: 0.22764533758163452
INFO Gradient norm: 4.698127237015588
PROGRESS    Completed epoch 1408 / 2000;    current loss: 0.22767862677574158
INFO Gradient norm: 10.241225907973822
PROGRESS    Completed epoch 1409 / 2000;    current loss: 0.22867393493652344
INFO Gradient norm: 1.5443712619947065
PROGRESS    Completed epoch 1410 / 2000;    current loss: 0.2270948588848114
INFO Gradient norm: 11.14610640080771
PROGRESS    Completed epoch 1411 / 2000;    current loss: 0.22890667617321014
INFO Gradient norm: 3.7988973298675224
PROGRESS    Completed epoch 1412 / 2000;    current loss: 0.22709982097148895
INFO Gradient norm: 2.778621880605911
PROGRESS    Completed epoch 1413 / 2000;    current loss: 0.22672200202941895
INFO Gradient norm: 13.072370314903573
PROGRESS    Completed epoch 1414 / 2000;    current loss: 0.2288561761379242
INFO Gradient norm: 2.4818525164270513
PROGRESS    Completed epoch 1415 / 2000;    current loss: 0.22637905180454254
INFO Gradient norm: 2.189376300827848
PROGRESS    Completed epoch 1416 / 2000;    current loss: 0.22572112083435059
INFO Gradient norm: 13.719748924222237
PROGRESS    Completed epoch 1417 / 2000;    current loss: 0.22816051542758942
INFO Gradient norm: 6.315086963730027
PROGRESS    Completed epoch 1418 / 2000;    current loss: 0.22648559510707855
INFO Gradient norm: 21.701298908930553
PROGRESS    Completed epoch 1419 / 2000;    current loss: 0.2337053269147873
INFO Gradient norm: 19.077753344402105
PROGRESS    Completed epoch 1420 / 2000;    current loss: 0.2324056625366211
INFO Gradient norm: 10.319589316127667
PROGRESS    Completed epoch 1421 / 2000;    current loss: 0.2286660224199295
INFO Gradient norm: 11.760856281582635
PROGRESS    Completed epoch 1422 / 2000;    current loss: 0.22930815815925598
INFO Gradient norm: 8.80981174536983
PROGRESS    Completed epoch 1423 / 2000;    current loss: 0.22892199456691742
INFO Gradient norm: 4.113438631042492
PROGRESS    Completed epoch 1424 / 2000;    current loss: 0.22900356352329254
INFO Gradient norm: 4.8995000119827905
PROGRESS    Completed epoch 1425 / 2000;    current loss: 0.2294340282678604
INFO Gradient norm: 7.153241980796211
PROGRESS    Completed epoch 1426 / 2000;    current loss: 0.22953012585639954
INFO Gradient norm: 9.493818390737061
PROGRESS    Completed epoch 1427 / 2000;    current loss: 0.22997422516345978
INFO Gradient norm: 4.199784520434115
PROGRESS    Completed epoch 1428 / 2000;    current loss: 0.2286394089460373
INFO Gradient norm: 5.786907854141992
PROGRESS    Completed epoch 1429 / 2000;    current loss: 0.2285141795873642
INFO Gradient norm: 9.587896458969249
PROGRESS    Completed epoch 1430 / 2000;    current loss: 0.2287028282880783
INFO Gradient norm: 5.141614752438988
PROGRESS    Completed epoch 1431 / 2000;    current loss: 0.22775092720985413
INFO Gradient norm: 5.406692721613122
PROGRESS    Completed epoch 1432 / 2000;    current loss: 0.22722145915031433
INFO Gradient norm: 9.019925031500884
PROGRESS    Completed epoch 1433 / 2000;    current loss: 0.22804389894008636
INFO Gradient norm: 7.5329014203349445
PROGRESS    Completed epoch 1434 / 2000;    current loss: 0.22721770405769348
INFO Gradient norm: 4.160476084648949
PROGRESS    Completed epoch 1435 / 2000;    current loss: 0.2264782190322876
INFO Gradient norm: 7.5622704557496325
PROGRESS    Completed epoch 1436 / 2000;    current loss: 0.22684527933597565
INFO Gradient norm: 6.175151880005846
PROGRESS    Completed epoch 1437 / 2000;    current loss: 0.2264813631772995
INFO Gradient norm: 7.2000323150048064
PROGRESS    Completed epoch 1438 / 2000;    current loss: 0.22661137580871582
INFO Gradient norm: 7.188060830100043
PROGRESS    Completed epoch 1439 / 2000;    current loss: 0.22649814188480377
INFO Gradient norm: 6.282589905630023
PROGRESS    Completed epoch 1440 / 2000;    current loss: 0.22625897824764252
INFO Gradient norm: 5.617526616785888
PROGRESS    Completed epoch 1441 / 2000;    current loss: 0.2261132448911667
INFO Gradient norm: 9.452699545903583
PROGRESS    Completed epoch 1442 / 2000;    current loss: 0.22720851004123688
INFO Gradient norm: 2.195711027286645
PROGRESS    Completed epoch 1443 / 2000;    current loss: 0.2260945588350296
INFO Gradient norm: 1.465612043135627
PROGRESS    Completed epoch 1444 / 2000;    current loss: 0.2256796509027481
INFO Gradient norm: 1.6083513415760273
PROGRESS    Completed epoch 1445 / 2000;    current loss: 0.22506466507911682
INFO Gradient norm: 8.410511599875731
PROGRESS    Completed epoch 1446 / 2000;    current loss: 0.22567614912986755
INFO Gradient norm: 4.900300083040958
PROGRESS    Completed epoch 1447 / 2000;    current loss: 0.22530779242515564
INFO Gradient norm: 9.444898174412538
PROGRESS    Completed epoch 1448 / 2000;    current loss: 0.22675178945064545
INFO Gradient norm: 7.301161312961126
PROGRESS    Completed epoch 1449 / 2000;    current loss: 0.22664016485214233
INFO Gradient norm: 5.281253248779104
PROGRESS    Completed epoch 1450 / 2000;    current loss: 0.22669634222984314
INFO Gradient norm: 8.703971054894172
PROGRESS    Completed epoch 1451 / 2000;    current loss: 0.22747328877449036
INFO Gradient norm: 7.799337791582078
PROGRESS    Completed epoch 1452 / 2000;    current loss: 0.2274114489555359
INFO Gradient norm: 6.279960222432262
PROGRESS    Completed epoch 1453 / 2000;    current loss: 0.22698359191417694
INFO Gradient norm: 6.109074299258477
PROGRESS    Completed epoch 1454 / 2000;    current loss: 0.226701557636261
INFO Gradient norm: 9.454928215682598
PROGRESS    Completed epoch 1455 / 2000;    current loss: 0.22694097459316254
INFO Gradient norm: 6.300325748392942
PROGRESS    Completed epoch 1456 / 2000;    current loss: 0.22594478726387024
INFO Gradient norm: 2.4094880033129398
PROGRESS    Completed epoch 1457 / 2000;    current loss: 0.22546245157718658
INFO Gradient norm: 5.258840459679509
PROGRESS    Completed epoch 1458 / 2000;    current loss: 0.22532713413238525
INFO Gradient norm: 9.49399585838325
PROGRESS    Completed epoch 1459 / 2000;    current loss: 0.22610267996788025
INFO Gradient norm: 3.159852925587852
PROGRESS    Completed epoch 1460 / 2000;    current loss: 0.22419264912605286
INFO Gradient norm: 3.893227142932627
PROGRESS    Completed epoch 1461 / 2000;    current loss: 0.22429980337619781
INFO Gradient norm: 13.665932077658473
PROGRESS    Completed epoch 1462 / 2000;    current loss: 0.22695380449295044
INFO Gradient norm: 2.226290923687587
PROGRESS    Completed epoch 1463 / 2000;    current loss: 0.22469085454940796
INFO Gradient norm: 2.4437958747465363
PROGRESS    Completed epoch 1464 / 2000;    current loss: 0.2248104363679886
INFO Gradient norm: 13.848311692619031
PROGRESS    Completed epoch 1465 / 2000;    current loss: 0.22742994129657745
INFO Gradient norm: 2.3076982574444447
PROGRESS    Completed epoch 1466 / 2000;    current loss: 0.22484305500984192
INFO Gradient norm: 2.98827242434408
PROGRESS    Completed epoch 1467 / 2000;    current loss: 0.22471335530281067
INFO Gradient norm: 13.417066005459175
PROGRESS    Completed epoch 1468 / 2000;    current loss: 0.22707690298557281
INFO Gradient norm: 3.779523542629392
PROGRESS    Completed epoch 1469 / 2000;    current loss: 0.22486791014671326
INFO Gradient norm: 1.4844958298856983
PROGRESS    Completed epoch 1470 / 2000;    current loss: 0.22474469244480133
INFO Gradient norm: 1.5626987720670973
PROGRESS    Completed epoch 1471 / 2000;    current loss: 0.22449073195457458
INFO Gradient norm: 7.874370885885076
PROGRESS    Completed epoch 1472 / 2000;    current loss: 0.22509001195430756
INFO Gradient norm: 7.62770120719339
PROGRESS    Completed epoch 1473 / 2000;    current loss: 0.22476983070373535
INFO Gradient norm: 13.44456922547954
PROGRESS    Completed epoch 1474 / 2000;    current loss: 0.22696177661418915
INFO Gradient norm: 1.8958528071144232
PROGRESS    Completed epoch 1475 / 2000;    current loss: 0.22484950721263885
INFO Gradient norm: 16.373277882719933
PROGRESS    Completed epoch 1476 / 2000;    current loss: 0.22871848940849304
INFO Gradient norm: 2.1552505783124944
PROGRESS    Completed epoch 1477 / 2000;    current loss: 0.2253054976463318
INFO Gradient norm: 7.063912160351791
PROGRESS    Completed epoch 1478 / 2000;    current loss: 0.22591249644756317
INFO Gradient norm: 14.05176778946748
PROGRESS    Completed epoch 1479 / 2000;    current loss: 0.22792230546474457
INFO Gradient norm: 2.693450634462405
PROGRESS    Completed epoch 1480 / 2000;    current loss: 0.22518551349639893
INFO Gradient norm: 23.75036622353294
PROGRESS    Completed epoch 1481 / 2000;    current loss: 0.23272277414798737
INFO Gradient norm: 13.589087697472776
PROGRESS    Completed epoch 1482 / 2000;    current loss: 0.22724027931690216
INFO Gradient norm: 24.48990712804712
PROGRESS    Completed epoch 1483 / 2000;    current loss: 0.23347723484039307
INFO Gradient norm: 22.40106761332956
PROGRESS    Completed epoch 1484 / 2000;    current loss: 0.23245199024677277
INFO Gradient norm: 4.543684749985251
PROGRESS    Completed epoch 1485 / 2000;    current loss: 0.2251257449388504
INFO Gradient norm: 7.5231738481108525
PROGRESS    Completed epoch 1486 / 2000;    current loss: 0.22568321228027344
INFO Gradient norm: 12.190788673408582
PROGRESS    Completed epoch 1487 / 2000;    current loss: 0.22707094252109528
INFO Gradient norm: 4.797748344892436
PROGRESS    Completed epoch 1488 / 2000;    current loss: 0.22505460679531097
INFO Gradient norm: 21.881606104697152
PROGRESS    Completed epoch 1489 / 2000;    current loss: 0.2315254509449005
INFO Gradient norm: 17.684213930322567
PROGRESS    Completed epoch 1490 / 2000;    current loss: 0.2289675623178482
INFO Gradient norm: 12.088205327115013
PROGRESS    Completed epoch 1491 / 2000;    current loss: 0.22682590782642365
INFO Gradient norm: 12.981257320191386
PROGRESS    Completed epoch 1492 / 2000;    current loss: 0.2270328849554062
INFO Gradient norm: 11.415441376902152
PROGRESS    Completed epoch 1493 / 2000;    current loss: 0.22619444131851196
INFO Gradient norm: 8.342427720728999
PROGRESS    Completed epoch 1494 / 2000;    current loss: 0.22514280676841736
INFO Gradient norm: 14.16535782451652
PROGRESS    Completed epoch 1495 / 2000;    current loss: 0.22720813751220703
INFO Gradient norm: 7.025464122620295
PROGRESS    Completed epoch 1496 / 2000;    current loss: 0.22478295862674713
INFO Gradient norm: 26.61164692667075
PROGRESS    Completed epoch 1497 / 2000;    current loss: 0.234154611825943
INFO Gradient norm: 23.31883914175628
PROGRESS    Completed epoch 1498 / 2000;    current loss: 0.23215121030807495
INFO Gradient norm: 8.005418063675224
PROGRESS    Completed epoch 1499 / 2000;    current loss: 0.22597640752792358
INFO Gradient norm: 5.406259703234079
PROGRESS    Completed epoch 1500 / 2000;    current loss: 0.22645606100559235
INFO Gradient norm: 15.172696384446937
PROGRESS    Completed epoch 1501 / 2000;    current loss: 0.2298443615436554
INFO Gradient norm: 7.704289470219426
PROGRESS    Completed epoch 1502 / 2000;    current loss: 0.2276695966720581
INFO Gradient norm: 20.632903004814164
PROGRESS    Completed epoch 1503 / 2000;    current loss: 0.23369425535202026
INFO Gradient norm: 19.234839130160875
PROGRESS    Completed epoch 1504 / 2000;    current loss: 0.23284174501895905
INFO Gradient norm: 7.991819896138516
PROGRESS    Completed epoch 1505 / 2000;    current loss: 0.22783859074115753
INFO Gradient norm: 9.672126969783472
PROGRESS    Completed epoch 1506 / 2000;    current loss: 0.22806979715824127
INFO Gradient norm: 12.002054724157913
PROGRESS    Completed epoch 1507 / 2000;    current loss: 0.22857815027236938
INFO Gradient norm: 6.395507381519529
PROGRESS    Completed epoch 1508 / 2000;    current loss: 0.22674930095672607
INFO Gradient norm: 19.966813558199817
PROGRESS    Completed epoch 1509 / 2000;    current loss: 0.23159486055374146
INFO Gradient norm: 16.698456451212305
PROGRESS    Completed epoch 1510 / 2000;    current loss: 0.22958293557167053
INFO Gradient norm: 11.233886522500782
PROGRESS    Completed epoch 1511 / 2000;    current loss: 0.2275870442390442
INFO Gradient norm: 11.193356716698501
PROGRESS    Completed epoch 1512 / 2000;    current loss: 0.22740714251995087
INFO Gradient norm: 13.126060223859009
PROGRESS    Completed epoch 1513 / 2000;    current loss: 0.2275208830833435
INFO Gradient norm: 9.920774205599525
PROGRESS    Completed epoch 1514 / 2000;    current loss: 0.22625799477100372
INFO Gradient norm: 14.829691439427737
PROGRESS    Completed epoch 1515 / 2000;    current loss: 0.228397935628891
INFO Gradient norm: 8.186531385510703
PROGRESS    Completed epoch 1516 / 2000;    current loss: 0.22620131075382233
INFO Gradient norm: 21.369234250740465
PROGRESS    Completed epoch 1517 / 2000;    current loss: 0.2316359430551529
INFO Gradient norm: 20.277603868496445
PROGRESS    Completed epoch 1518 / 2000;    current loss: 0.23116305470466614
INFO Gradient norm: 7.391118712836563
PROGRESS    Completed epoch 1519 / 2000;    current loss: 0.22620047628879547
INFO Gradient norm: 8.835542823192627
PROGRESS    Completed epoch 1520 / 2000;    current loss: 0.2266554832458496
INFO Gradient norm: 13.501891666599418
PROGRESS    Completed epoch 1521 / 2000;    current loss: 0.22822678089141846
INFO Gradient norm: 7.979926572696024
PROGRESS    Completed epoch 1522 / 2000;    current loss: 0.22647878527641296
INFO Gradient norm: 18.998041381846544
PROGRESS    Completed epoch 1523 / 2000;    current loss: 0.23082709312438965
INFO Gradient norm: 16.45959383378539
PROGRESS    Completed epoch 1524 / 2000;    current loss: 0.22929300367832184
INFO Gradient norm: 11.75304134630107
PROGRESS    Completed epoch 1525 / 2000;    current loss: 0.22707049548625946
INFO Gradient norm: 12.227196648818435
PROGRESS    Completed epoch 1526 / 2000;    current loss: 0.22701658308506012
INFO Gradient norm: 11.965560794083562
PROGRESS    Completed epoch 1527 / 2000;    current loss: 0.22674700617790222
INFO Gradient norm: 6.586527594580335
PROGRESS    Completed epoch 1528 / 2000;    current loss: 0.2252010554075241
INFO Gradient norm: 24.447030496593868
PROGRESS    Completed epoch 1529 / 2000;    current loss: 0.23279738426208496
INFO Gradient norm: 19.39460686588877
PROGRESS    Completed epoch 1530 / 2000;    current loss: 0.22972968220710754
INFO Gradient norm: 15.09900345520925
PROGRESS    Completed epoch 1531 / 2000;    current loss: 0.22775989770889282
INFO Gradient norm: 11.035869150399515
PROGRESS    Completed epoch 1532 / 2000;    current loss: 0.2266465723514557
INFO Gradient norm: 16.95264360113253
PROGRESS    Completed epoch 1533 / 2000;    current loss: 0.2294343262910843
INFO Gradient norm: 15.461414921426513
PROGRESS    Completed epoch 1534 / 2000;    current loss: 0.22912739217281342
INFO Gradient norm: 10.923687404948135
PROGRESS    Completed epoch 1535 / 2000;    current loss: 0.22769372165203094
INFO Gradient norm: 9.788407640616276
PROGRESS    Completed epoch 1536 / 2000;    current loss: 0.227607861161232
INFO Gradient norm: 14.825237312953144
PROGRESS    Completed epoch 1537 / 2000;    current loss: 0.22962616384029388
INFO Gradient norm: 11.21164684274802
PROGRESS    Completed epoch 1538 / 2000;    current loss: 0.22830797731876373
INFO Gradient norm: 15.418212142553323
PROGRESS    Completed epoch 1539 / 2000;    current loss: 0.22993585467338562
INFO Gradient norm: 13.685119252009256
PROGRESS    Completed epoch 1540 / 2000;    current loss: 0.2290760576725006
INFO Gradient norm: 12.46720316285764
PROGRESS    Completed epoch 1541 / 2000;    current loss: 0.22848258912563324
INFO Gradient norm: 11.548320030023914
PROGRESS    Completed epoch 1542 / 2000;    current loss: 0.22806283831596375
INFO Gradient norm: 12.772764586832709
PROGRESS    Completed epoch 1543 / 2000;    current loss: 0.22840158641338348
INFO Gradient norm: 9.785254181295654
PROGRESS    Completed epoch 1544 / 2000;    current loss: 0.2272641360759735
INFO Gradient norm: 16.403460821818765
PROGRESS    Completed epoch 1545 / 2000;    current loss: 0.22963498532772064
INFO Gradient norm: 13.967534836055552
PROGRESS    Completed epoch 1546 / 2000;    current loss: 0.2284201979637146
INFO Gradient norm: 8.979087496599574
PROGRESS    Completed epoch 1547 / 2000;    current loss: 0.22703143954277039
INFO Gradient norm: 4.839962051990418
PROGRESS    Completed epoch 1548 / 2000;    current loss: 0.22657710313796997
INFO Gradient norm: 17.598195707638236
PROGRESS    Completed epoch 1549 / 2000;    current loss: 0.23085364699363708
INFO Gradient norm: 11.704841295837058
PROGRESS    Completed epoch 1550 / 2000;    current loss: 0.22845686972141266
INFO Gradient norm: 16.839818300707293
PROGRESS    Completed epoch 1551 / 2000;    current loss: 0.23076340556144714
INFO Gradient norm: 16.865814869602865
PROGRESS    Completed epoch 1552 / 2000;    current loss: 0.23073996603488922
INFO Gradient norm: 8.048182653215296
PROGRESS    Completed epoch 1553 / 2000;    current loss: 0.22734524309635162
INFO Gradient norm: 8.07450570587552
PROGRESS    Completed epoch 1554 / 2000;    current loss: 0.2272043526172638
INFO Gradient norm: 13.761310034343309
PROGRESS    Completed epoch 1555 / 2000;    current loss: 0.22888943552970886
INFO Gradient norm: 8.481057210479806
PROGRESS    Completed epoch 1556 / 2000;    current loss: 0.2269435077905655
INFO Gradient norm: 19.334447232424868
PROGRESS    Completed epoch 1557 / 2000;    current loss: 0.2310423105955124
INFO Gradient norm: 18.0521066260503
PROGRESS    Completed epoch 1558 / 2000;    current loss: 0.2302357256412506
INFO Gradient norm: 8.36415888503719
PROGRESS    Completed epoch 1559 / 2000;    current loss: 0.226466104388237
INFO Gradient norm: 8.577221296877328
PROGRESS    Completed epoch 1560 / 2000;    current loss: 0.2263924777507782
INFO Gradient norm: 14.148556369132004
PROGRESS    Completed epoch 1561 / 2000;    current loss: 0.22806130349636078
INFO Gradient norm: 9.509958332576463
PROGRESS    Completed epoch 1562 / 2000;    current loss: 0.22638633847236633
INFO Gradient norm: 16.948719849771162
PROGRESS    Completed epoch 1563 / 2000;    current loss: 0.22923798859119415
INFO Gradient norm: 15.345870178689033
PROGRESS    Completed epoch 1564 / 2000;    current loss: 0.22829993069171906
INFO Gradient norm: 10.683305933267452
PROGRESS    Completed epoch 1565 / 2000;    current loss: 0.22626812756061554
INFO Gradient norm: 10.369510751474715
PROGRESS    Completed epoch 1566 / 2000;    current loss: 0.22600562870502472
INFO Gradient norm: 12.918661172622816
PROGRESS    Completed epoch 1567 / 2000;    current loss: 0.22674734890460968
INFO Gradient norm: 9.289003608297635
PROGRESS    Completed epoch 1568 / 2000;    current loss: 0.22541511058807373
INFO Gradient norm: 17.204137504761853
PROGRESS    Completed epoch 1569 / 2000;    current loss: 0.22815825045108795
INFO Gradient norm: 15.261275828263495
PROGRESS    Completed epoch 1570 / 2000;    current loss: 0.22713081538677216
INFO Gradient norm: 8.898084388719282
PROGRESS    Completed epoch 1571 / 2000;    current loss: 0.22495914995670319
INFO Gradient norm: 2.288945638880165
PROGRESS    Completed epoch 1572 / 2000;    current loss: 0.2242545187473297
INFO Gradient norm: 17.50962386414669
PROGRESS    Completed epoch 1573 / 2000;    current loss: 0.22837939858436584
INFO Gradient norm: 4.963844773990202
PROGRESS    Completed epoch 1574 / 2000;    current loss: 0.22437934577465057
INFO Gradient norm: 27.128632687922295
PROGRESS    Completed epoch 1575 / 2000;    current loss: 0.2343839854001999
INFO Gradient norm: 25.27465258584992
PROGRESS    Completed epoch 1576 / 2000;    current loss: 0.23285292088985443
INFO Gradient norm: 6.132949472989936
PROGRESS    Completed epoch 1577 / 2000;    current loss: 0.2241959422826767
INFO Gradient norm: 11.828805464101341
PROGRESS    Completed epoch 1578 / 2000;    current loss: 0.22560153901576996
INFO Gradient norm: 9.447692399838703
PROGRESS    Completed epoch 1579 / 2000;    current loss: 0.22490033507347107
INFO Gradient norm: 2.5643561429125272
PROGRESS    Completed epoch 1580 / 2000;    current loss: 0.22379343211650848
INFO Gradient norm: 17.947607396053066
PROGRESS    Completed epoch 1581 / 2000;    current loss: 0.22785203158855438
INFO Gradient norm: 5.873118218601304
PROGRESS    Completed epoch 1582 / 2000;    current loss: 0.22354523837566376
INFO Gradient norm: 25.02830656672086
PROGRESS    Completed epoch 1583 / 2000;    current loss: 0.2317926287651062
INFO Gradient norm: 20.62261379343734
PROGRESS    Completed epoch 1584 / 2000;    current loss: 0.2289096713066101
INFO Gradient norm: 13.133952540589728
PROGRESS    Completed epoch 1585 / 2000;    current loss: 0.22539366781711578
INFO Gradient norm: 14.812776293065275
PROGRESS    Completed epoch 1586 / 2000;    current loss: 0.2260144203901291
INFO Gradient norm: 6.014537257365262
PROGRESS    Completed epoch 1587 / 2000;    current loss: 0.22404228150844574
INFO Gradient norm: 1.9755776349933054
PROGRESS    Completed epoch 1588 / 2000;    current loss: 0.2242826670408249
INFO Gradient norm: 6.881704362370319
PROGRESS    Completed epoch 1589 / 2000;    current loss: 0.2249094694852829
INFO Gradient norm: 7.9661673296033255
PROGRESS    Completed epoch 1590 / 2000;    current loss: 0.22506707906723022
INFO Gradient norm: 1.3402120520969365
PROGRESS    Completed epoch 1591 / 2000;    current loss: 0.22417020797729492
INFO Gradient norm: 7.236348229694186
PROGRESS    Completed epoch 1592 / 2000;    current loss: 0.22466328740119934
INFO Gradient norm: 7.68560603507372
PROGRESS    Completed epoch 1593 / 2000;    current loss: 0.22460798919200897
INFO Gradient norm: 2.132698530910061
PROGRESS    Completed epoch 1594 / 2000;    current loss: 0.22373057901859283
INFO Gradient norm: 1.6168471187275013
PROGRESS    Completed epoch 1595 / 2000;    current loss: 0.2233085185289383
INFO Gradient norm: 4.343251079343431
PROGRESS    Completed epoch 1596 / 2000;    current loss: 0.222768634557724
INFO Gradient norm: 9.8146137744222
PROGRESS    Completed epoch 1597 / 2000;    current loss: 0.22323079407215118
INFO Gradient norm: 2.4505846224876926
PROGRESS    Completed epoch 1598 / 2000;    current loss: 0.22186829149723053
INFO Gradient norm: 14.954272722020093
PROGRESS    Completed epoch 1599 / 2000;    current loss: 0.22537699341773987
INFO Gradient norm: 3.1215026949701477
PROGRESS    Completed epoch 1600 / 2000;    current loss: 0.22340640425682068
INFO Gradient norm: 18.134146792676646
PROGRESS    Completed epoch 1601 / 2000;    current loss: 0.22783531248569489
INFO Gradient norm: 5.6219355300257385
PROGRESS    Completed epoch 1602 / 2000;    current loss: 0.22355443239212036
INFO Gradient norm: 23.824477781738473
PROGRESS    Completed epoch 1603 / 2000;    current loss: 0.23108360171318054
INFO Gradient norm: 16.05547628188232
PROGRESS    Completed epoch 1604 / 2000;    current loss: 0.22741389274597168
INFO Gradient norm: 16.393555046549935
PROGRESS    Completed epoch 1605 / 2000;    current loss: 0.22830580174922943
INFO Gradient norm: 19.588799645403597
PROGRESS    Completed epoch 1606 / 2000;    current loss: 0.2303597778081894
INFO Gradient norm: 4.914699717989596
PROGRESS    Completed epoch 1607 / 2000;    current loss: 0.2253694236278534
INFO Gradient norm: 7.426861466481321
PROGRESS    Completed epoch 1608 / 2000;    current loss: 0.22576124966144562
INFO Gradient norm: 10.486409219253527
PROGRESS    Completed epoch 1609 / 2000;    current loss: 0.22622305154800415
INFO Gradient norm: 3.5623650139485097
PROGRESS    Completed epoch 1610 / 2000;    current loss: 0.2243867963552475
INFO Gradient norm: 13.58606895688655
PROGRESS    Completed epoch 1611 / 2000;    current loss: 0.22591428458690643
INFO Gradient norm: 3.7068903761236482
PROGRESS    Completed epoch 1612 / 2000;    current loss: 0.2229657620191574
INFO Gradient norm: 22.314207098309897
PROGRESS    Completed epoch 1613 / 2000;    current loss: 0.2292613536119461
INFO Gradient norm: 19.12293311504216
PROGRESS    Completed epoch 1614 / 2000;    current loss: 0.22752761840820312
INFO Gradient norm: 2.6905271057146956
PROGRESS    Completed epoch 1615 / 2000;    current loss: 0.22308984398841858
INFO Gradient norm: 7.290926430639313
PROGRESS    Completed epoch 1616 / 2000;    current loss: 0.2237844318151474
INFO Gradient norm: 12.429747073771836
PROGRESS    Completed epoch 1617 / 2000;    current loss: 0.22525537014007568
INFO Gradient norm: 1.5326898148933488
PROGRESS    Completed epoch 1618 / 2000;    current loss: 0.2233847677707672
INFO Gradient norm: 3.5457054412141513
PROGRESS    Completed epoch 1619 / 2000;    current loss: 0.2235552817583084
INFO Gradient norm: 14.579770691281619
PROGRESS    Completed epoch 1620 / 2000;    current loss: 0.22641970217227936
INFO Gradient norm: 1.7730533955737682
PROGRESS    Completed epoch 1621 / 2000;    current loss: 0.223579540848732
INFO Gradient norm: 17.797440309519043
PROGRESS    Completed epoch 1622 / 2000;    current loss: 0.22799569368362427
INFO Gradient norm: 5.192729617792429
PROGRESS    Completed epoch 1623 / 2000;    current loss: 0.22375424206256866
INFO Gradient norm: 27.797555392723407
PROGRESS    Completed epoch 1624 / 2000;    current loss: 0.23304709792137146
INFO Gradient norm: 24.86878206636649
PROGRESS    Completed epoch 1625 / 2000;    current loss: 0.23077741265296936
INFO Gradient norm: 5.023375980844911
PROGRESS    Completed epoch 1626 / 2000;    current loss: 0.22329871356487274
INFO Gradient norm: 9.37281919741781
PROGRESS    Completed epoch 1627 / 2000;    current loss: 0.2241879105567932
INFO Gradient norm: 13.717958090858737
PROGRESS    Completed epoch 1628 / 2000;    current loss: 0.22535504400730133
INFO Gradient norm: 5.112296633413159
PROGRESS    Completed epoch 1629 / 2000;    current loss: 0.22320516407489777
INFO Gradient norm: 24.109072881999793
PROGRESS    Completed epoch 1630 / 2000;    current loss: 0.23072023689746857
INFO Gradient norm: 19.330762327448085
PROGRESS    Completed epoch 1631 / 2000;    current loss: 0.22777391970157623
INFO Gradient norm: 15.310496897303555
PROGRESS    Completed epoch 1632 / 2000;    current loss: 0.22578108310699463
INFO Gradient norm: 16.592456084864907
PROGRESS    Completed epoch 1633 / 2000;    current loss: 0.22623300552368164
INFO Gradient norm: 10.391291263973855
PROGRESS    Completed epoch 1634 / 2000;    current loss: 0.2240927517414093
INFO Gradient norm: 3.030783249668484
PROGRESS    Completed epoch 1635 / 2000;    current loss: 0.22318574786186218
INFO Gradient norm: 17.527718742892024
PROGRESS    Completed epoch 1636 / 2000;    current loss: 0.22751547396183014
INFO Gradient norm: 8.009030070700344
PROGRESS    Completed epoch 1637 / 2000;    current loss: 0.22438357770442963
INFO Gradient norm: 20.914990366806098
PROGRESS    Completed epoch 1638 / 2000;    current loss: 0.22991999983787537
INFO Gradient norm: 21.543794254107848
PROGRESS    Completed epoch 1639 / 2000;    current loss: 0.23073448240756989
INFO Gradient norm: 3.055559237807352
PROGRESS    Completed epoch 1640 / 2000;    current loss: 0.22392167150974274
INFO Gradient norm: 9.0605174702568
PROGRESS    Completed epoch 1641 / 2000;    current loss: 0.22475360333919525
INFO Gradient norm: 7.423959570150474
PROGRESS    Completed epoch 1642 / 2000;    current loss: 0.2241273820400238
INFO Gradient norm: 1.4276930615897578
PROGRESS    Completed epoch 1643 / 2000;    current loss: 0.22316014766693115
INFO Gradient norm: 9.441203794517374
PROGRESS    Completed epoch 1644 / 2000;    current loss: 0.2238161414861679
INFO Gradient norm: 4.52997279980126
PROGRESS    Completed epoch 1645 / 2000;    current loss: 0.22245629131793976
INFO Gradient norm: 2.6230230305365865
PROGRESS    Completed epoch 1646 / 2000;    current loss: 0.22191818058490753
INFO Gradient norm: 4.196879220473334
PROGRESS    Completed epoch 1647 / 2000;    current loss: 0.2216632217168808
INFO Gradient norm: 18.48115936090842
PROGRESS    Completed epoch 1648 / 2000;    current loss: 0.22582098841667175
INFO Gradient norm: 9.416209430020977
PROGRESS    Completed epoch 1649 / 2000;    current loss: 0.22269195318222046
INFO Gradient norm: 23.021610170378917
PROGRESS    Completed epoch 1650 / 2000;    current loss: 0.22880379855632782
INFO Gradient norm: 20.552639328806304
PROGRESS    Completed epoch 1651 / 2000;    current loss: 0.2277141809463501
INFO Gradient norm: 11.265310022896001
PROGRESS    Completed epoch 1652 / 2000;    current loss: 0.224365696310997
INFO Gradient norm: 12.123313307627448
PROGRESS    Completed epoch 1653 / 2000;    current loss: 0.22508998215198517
INFO Gradient norm: 14.963550210596294
PROGRESS    Completed epoch 1654 / 2000;    current loss: 0.2262871265411377
INFO Gradient norm: 10.688401671792555
PROGRESS    Completed epoch 1655 / 2000;    current loss: 0.225164532661438
INFO Gradient norm: 19.87810758079757
PROGRESS    Completed epoch 1656 / 2000;    current loss: 0.2292782962322235
INFO Gradient norm: 16.369447678781533
PROGRESS    Completed epoch 1657 / 2000;    current loss: 0.2276945412158966
INFO Gradient norm: 15.891493422704944
PROGRESS    Completed epoch 1658 / 2000;    current loss: 0.2271890938282013
INFO Gradient norm: 15.571266886133671
PROGRESS    Completed epoch 1659 / 2000;    current loss: 0.22701115906238556
INFO Gradient norm: 13.23692090504852
PROGRESS    Completed epoch 1660 / 2000;    current loss: 0.226327583193779
INFO Gradient norm: 10.26361430857664
PROGRESS    Completed epoch 1661 / 2000;    current loss: 0.2252311110496521
INFO Gradient norm: 19.02393231795607
PROGRESS    Completed epoch 1662 / 2000;    current loss: 0.228192538022995
INFO Gradient norm: 15.692260344894503
PROGRESS    Completed epoch 1663 / 2000;    current loss: 0.22647128999233246
INFO Gradient norm: 15.63661342819863
PROGRESS    Completed epoch 1664 / 2000;    current loss: 0.2264944463968277
INFO Gradient norm: 14.264833597105532
PROGRESS    Completed epoch 1665 / 2000;    current loss: 0.2257566601037979
INFO Gradient norm: 15.89789984335094
PROGRESS    Completed epoch 1666 / 2000;    current loss: 0.2260684370994568
INFO Gradient norm: 13.26614185356343
PROGRESS    Completed epoch 1667 / 2000;    current loss: 0.22491775453090668
INFO Gradient norm: 17.578165935103417
PROGRESS    Completed epoch 1668 / 2000;    current loss: 0.22663100063800812
INFO Gradient norm: 14.75025050107379
PROGRESS    Completed epoch 1669 / 2000;    current loss: 0.2252989113330841
INFO Gradient norm: 16.425966136453617
PROGRESS    Completed epoch 1670 / 2000;    current loss: 0.2257712185382843
INFO Gradient norm: 14.640058573058475
PROGRESS    Completed epoch 1671 / 2000;    current loss: 0.22491870820522308
INFO Gradient norm: 15.051045136017892
PROGRESS    Completed epoch 1672 / 2000;    current loss: 0.22507575154304504
INFO Gradient norm: 10.399534586639962
PROGRESS    Completed epoch 1673 / 2000;    current loss: 0.22350628674030304
INFO Gradient norm: 19.431458551757085
PROGRESS    Completed epoch 1674 / 2000;    current loss: 0.22703979909420013
INFO Gradient norm: 17.118847824576136
PROGRESS    Completed epoch 1675 / 2000;    current loss: 0.225885272026062
INFO Gradient norm: 13.207884368674335
PROGRESS    Completed epoch 1676 / 2000;    current loss: 0.2243749499320984
INFO Gradient norm: 12.659706957604822
PROGRESS    Completed epoch 1677 / 2000;    current loss: 0.22416448593139648
INFO Gradient norm: 14.845593041576707
PROGRESS    Completed epoch 1678 / 2000;    current loss: 0.2252105176448822
INFO Gradient norm: 11.40574343166143
PROGRESS    Completed epoch 1679 / 2000;    current loss: 0.22400829195976257
INFO Gradient norm: 18.240941656065026
PROGRESS    Completed epoch 1680 / 2000;    current loss: 0.22663018107414246
INFO Gradient norm: 15.602431381210453
PROGRESS    Completed epoch 1681 / 2000;    current loss: 0.22544477880001068
INFO Gradient norm: 14.498545343033827
PROGRESS    Completed epoch 1682 / 2000;    current loss: 0.22504344582557678
INFO Gradient norm: 13.415702387237648
PROGRESS    Completed epoch 1683 / 2000;    current loss: 0.2246098667383194
INFO Gradient norm: 14.778927537904321
PROGRESS    Completed epoch 1684 / 2000;    current loss: 0.22504939138889313
INFO Gradient norm: 11.927643739044113
PROGRESS    Completed epoch 1685 / 2000;    current loss: 0.2240181714296341
INFO Gradient norm: 16.96174464111224
PROGRESS    Completed epoch 1686 / 2000;    current loss: 0.22595620155334473
INFO Gradient norm: 14.38990471830793
PROGRESS    Completed epoch 1687 / 2000;    current loss: 0.22480328381061554
INFO Gradient norm: 15.411374905065278
PROGRESS    Completed epoch 1688 / 2000;    current loss: 0.22507244348526
INFO Gradient norm: 13.905344665837108
PROGRESS    Completed epoch 1689 / 2000;    current loss: 0.22443483769893646
INFO Gradient norm: 12.729346989118948
PROGRESS    Completed epoch 1690 / 2000;    current loss: 0.2241750955581665
INFO Gradient norm: 7.278966161140766
PROGRESS    Completed epoch 1691 / 2000;    current loss: 0.22294017672538757
INFO Gradient norm: 18.307026455496242
PROGRESS    Completed epoch 1692 / 2000;    current loss: 0.22703400254249573
INFO Gradient norm: 16.75704388548265
PROGRESS    Completed epoch 1693 / 2000;    current loss: 0.22661544382572174
INFO Gradient norm: 8.06937254361641
PROGRESS    Completed epoch 1694 / 2000;    current loss: 0.22395604848861694
INFO Gradient norm: 8.89797413986485
PROGRESS    Completed epoch 1695 / 2000;    current loss: 0.22435623407363892
INFO Gradient norm: 11.70075317375753
PROGRESS    Completed epoch 1696 / 2000;    current loss: 0.2253105342388153
INFO Gradient norm: 7.720811621442112
PROGRESS    Completed epoch 1697 / 2000;    current loss: 0.22433632612228394
INFO Gradient norm: 11.985512512944794
PROGRESS    Completed epoch 1698 / 2000;    current loss: 0.22605356574058533
INFO Gradient norm: 6.75168008352846
PROGRESS    Completed epoch 1699 / 2000;    current loss: 0.22514142096042633
INFO Gradient norm: 17.221060071265825
PROGRESS    Completed epoch 1700 / 2000;    current loss: 0.22877991199493408
INFO Gradient norm: 14.117703550806274
PROGRESS    Completed epoch 1701 / 2000;    current loss: 0.22760723531246185
INFO Gradient norm: 11.920510394995732
PROGRESS    Completed epoch 1702 / 2000;    current loss: 0.22693392634391785
INFO Gradient norm: 11.89570064844978
PROGRESS    Completed epoch 1703 / 2000;    current loss: 0.22691109776496887
INFO Gradient norm: 11.120607595474413
PROGRESS    Completed epoch 1704 / 2000;    current loss: 0.2265242636203766
INFO Gradient norm: 9.202755118975496
PROGRESS    Completed epoch 1705 / 2000;    current loss: 0.22582802176475525
INFO Gradient norm: 13.417137885105587
PROGRESS    Completed epoch 1706 / 2000;    current loss: 0.2270503044128418
INFO Gradient norm: 10.078699601634296
PROGRESS    Completed epoch 1707 / 2000;    current loss: 0.2257155328989029
INFO Gradient norm: 15.531159836586038
PROGRESS    Completed epoch 1708 / 2000;    current loss: 0.2270362228155136
INFO Gradient norm: 14.12631770198982
PROGRESS    Completed epoch 1709 / 2000;    current loss: 0.22627291083335876
INFO Gradient norm: 10.557128058178694
PROGRESS    Completed epoch 1710 / 2000;    current loss: 0.22520779073238373
INFO Gradient norm: 9.604466959032862
PROGRESS    Completed epoch 1711 / 2000;    current loss: 0.22473904490470886
INFO Gradient norm: 13.570933538577615
PROGRESS    Completed epoch 1712 / 2000;    current loss: 0.22540031373500824
INFO Gradient norm: 10.661783123333556
PROGRESS    Completed epoch 1713 / 2000;    current loss: 0.22426888346672058
INFO Gradient norm: 13.837946296993929
PROGRESS    Completed epoch 1714 / 2000;    current loss: 0.22552531957626343
INFO Gradient norm: 11.98545523681491
PROGRESS    Completed epoch 1715 / 2000;    current loss: 0.22466424107551575
INFO Gradient norm: 12.706690243434082
PROGRESS    Completed epoch 1716 / 2000;    current loss: 0.22426944971084595
INFO Gradient norm: 11.622065440148768
PROGRESS    Completed epoch 1717 / 2000;    current loss: 0.22376486659049988
INFO Gradient norm: 11.71981239569228
PROGRESS    Completed epoch 1718 / 2000;    current loss: 0.22407077252864838
INFO Gradient norm: 9.491743378448202
PROGRESS    Completed epoch 1719 / 2000;    current loss: 0.2232486754655838
INFO Gradient norm: 14.657341751215256
PROGRESS    Completed epoch 1720 / 2000;    current loss: 0.22442424297332764
INFO Gradient norm: 12.317914987071523
PROGRESS    Completed epoch 1721 / 2000;    current loss: 0.22347323596477509
INFO Gradient norm: 12.411579059211789
PROGRESS    Completed epoch 1722 / 2000;    current loss: 0.2237863689661026
INFO Gradient norm: 11.20751655541864
PROGRESS    Completed epoch 1723 / 2000;    current loss: 0.2232750654220581
INFO Gradient norm: 12.556511406608134
PROGRESS    Completed epoch 1724 / 2000;    current loss: 0.22323042154312134
INFO Gradient norm: 10.608863875304209
PROGRESS    Completed epoch 1725 / 2000;    current loss: 0.22280406951904297
INFO Gradient norm: 8.588124485770717
PROGRESS    Completed epoch 1726 / 2000;    current loss: 0.2225056290626526
INFO Gradient norm: 2.472314724517552
PROGRESS    Completed epoch 1727 / 2000;    current loss: 0.2222202867269516
INFO Gradient norm: 3.104585003965474
PROGRESS    Completed epoch 1728 / 2000;    current loss: 0.22263994812965393
INFO Gradient norm: 6.512823585581207
PROGRESS    Completed epoch 1729 / 2000;    current loss: 0.22275561094284058
INFO Gradient norm: 8.540518879118517
PROGRESS    Completed epoch 1730 / 2000;    current loss: 0.22319182753562927
INFO Gradient norm: 2.4918217312419535
PROGRESS    Completed epoch 1731 / 2000;    current loss: 0.22189992666244507
INFO Gradient norm: 3.137924715595729
PROGRESS    Completed epoch 1732 / 2000;    current loss: 0.22190919518470764
INFO Gradient norm: 7.49418362030886
PROGRESS    Completed epoch 1733 / 2000;    current loss: 0.22182810306549072
INFO Gradient norm: 6.862424628496946
PROGRESS    Completed epoch 1734 / 2000;    current loss: 0.2216140627861023
INFO Gradient norm: 3.602225478257221
PROGRESS    Completed epoch 1735 / 2000;    current loss: 0.22070641815662384
INFO Gradient norm: 1.4461229911721611
PROGRESS    Completed epoch 1736 / 2000;    current loss: 0.22051621973514557
INFO Gradient norm: 1.36694340295868
PROGRESS    Completed epoch 1737 / 2000;    current loss: 0.22038643062114716
INFO Gradient norm: 4.269463323395714
PROGRESS    Completed epoch 1738 / 2000;    current loss: 0.22049273550510406
INFO Gradient norm: 11.061466068518955
PROGRESS    Completed epoch 1739 / 2000;    current loss: 0.22182777523994446
INFO Gradient norm: 3.200433098565487
PROGRESS    Completed epoch 1740 / 2000;    current loss: 0.22035254538059235
INFO Gradient norm: 20.815176879736836
PROGRESS    Completed epoch 1741 / 2000;    current loss: 0.22549434006214142
INFO Gradient norm: 13.48235343564104
PROGRESS    Completed epoch 1742 / 2000;    current loss: 0.2223469614982605
INFO Gradient norm: 9.520586643696532
PROGRESS    Completed epoch 1743 / 2000;    current loss: 0.22189171612262726
INFO Gradient norm: 7.0809351212339084
PROGRESS    Completed epoch 1744 / 2000;    current loss: 0.2221330851316452
INFO Gradient norm: 14.196466823686968
PROGRESS    Completed epoch 1745 / 2000;    current loss: 0.22433513402938843
INFO Gradient norm: 9.061240790022309
PROGRESS    Completed epoch 1746 / 2000;    current loss: 0.22286516427993774
INFO Gradient norm: 12.035943777931486
PROGRESS    Completed epoch 1747 / 2000;    current loss: 0.2244882881641388
INFO Gradient norm: 5.304687281289257
PROGRESS    Completed epoch 1748 / 2000;    current loss: 0.2240637093782425
INFO Gradient norm: 14.248745714779812
PROGRESS    Completed epoch 1749 / 2000;    current loss: 0.22593627870082855
INFO Gradient norm: 3.5636115582286783
PROGRESS    Completed epoch 1750 / 2000;    current loss: 0.2228866070508957
INFO Gradient norm: 14.157431276899255
PROGRESS    Completed epoch 1751 / 2000;    current loss: 0.22376765310764313
INFO Gradient norm: 2.2670377609939933
PROGRESS    Completed epoch 1752 / 2000;    current loss: 0.22072374820709229
INFO Gradient norm: 19.21313574356438
PROGRESS    Completed epoch 1753 / 2000;    current loss: 0.22508202493190765
INFO Gradient norm: 13.393964818364143
PROGRESS    Completed epoch 1754 / 2000;    current loss: 0.22306126356124878
INFO Gradient norm: 8.85198248768856
PROGRESS    Completed epoch 1755 / 2000;    current loss: 0.2231145203113556
INFO Gradient norm: 2.554472019159067
PROGRESS    Completed epoch 1756 / 2000;    current loss: 0.2229515016078949
INFO Gradient norm: 11.05916269983969
PROGRESS    Completed epoch 1757 / 2000;    current loss: 0.2246842086315155
INFO Gradient norm: 1.6550044209184274
PROGRESS    Completed epoch 1758 / 2000;    current loss: 0.2233331799507141
INFO Gradient norm: 9.81336830219352
PROGRESS    Completed epoch 1759 / 2000;    current loss: 0.22450660169124603
INFO Gradient norm: 2.9749141271226747
PROGRESS    Completed epoch 1760 / 2000;    current loss: 0.223293274641037
INFO Gradient norm: 1.8591384138837512
PROGRESS    Completed epoch 1761 / 2000;    current loss: 0.2228735089302063
INFO Gradient norm: 1.8042572255252847
PROGRESS    Completed epoch 1762 / 2000;    current loss: 0.2224234789609909
INFO Gradient norm: 3.407287791430875
PROGRESS    Completed epoch 1763 / 2000;    current loss: 0.22189921140670776
INFO Gradient norm: 5.446205693701773
PROGRESS    Completed epoch 1764 / 2000;    current loss: 0.22165414690971375
INFO Gradient norm: 3.5266522934546014
PROGRESS    Completed epoch 1765 / 2000;    current loss: 0.22134418785572052
INFO Gradient norm: 6.582163548834164
PROGRESS    Completed epoch 1766 / 2000;    current loss: 0.22176164388656616
INFO Gradient norm: 4.50402735947447
PROGRESS    Completed epoch 1767 / 2000;    current loss: 0.2214452475309372
INFO Gradient norm: 4.231112652071824
PROGRESS    Completed epoch 1768 / 2000;    current loss: 0.22136762738227844
INFO Gradient norm: 3.383406079198464
PROGRESS    Completed epoch 1769 / 2000;    current loss: 0.2212783843278885
INFO Gradient norm: 13.0848334564917
PROGRESS    Completed epoch 1770 / 2000;    current loss: 0.22350534796714783
INFO Gradient norm: 1.1580348182176163
PROGRESS    Completed epoch 1771 / 2000;    current loss: 0.22159603238105774
INFO Gradient norm: 11.002996898741609
PROGRESS    Completed epoch 1772 / 2000;    current loss: 0.22326511144638062
INFO Gradient norm: 5.451398608321747
PROGRESS    Completed epoch 1773 / 2000;    current loss: 0.221854105591774
INFO Gradient norm: 2.3703746972785513
PROGRESS    Completed epoch 1774 / 2000;    current loss: 0.2216968685388565
INFO Gradient norm: 4.215915547997768
PROGRESS    Completed epoch 1775 / 2000;    current loss: 0.22116562724113464
INFO Gradient norm: 10.47892266223222
PROGRESS    Completed epoch 1776 / 2000;    current loss: 0.22215241193771362
INFO Gradient norm: 2.79751787766095
PROGRESS    Completed epoch 1777 / 2000;    current loss: 0.22023166716098785
INFO Gradient norm: 2.4855174261158566
PROGRESS    Completed epoch 1778 / 2000;    current loss: 0.2198076844215393
INFO Gradient norm: 10.593340341615244
PROGRESS    Completed epoch 1779 / 2000;    current loss: 0.22089800238609314
INFO Gradient norm: 3.296135032269349
PROGRESS    Completed epoch 1780 / 2000;    current loss: 0.2195669561624527
INFO Gradient norm: 17.365872475832894
PROGRESS    Completed epoch 1781 / 2000;    current loss: 0.22341874241828918
INFO Gradient norm: 11.149147139648486
PROGRESS    Completed epoch 1782 / 2000;    current loss: 0.22107382118701935
INFO Gradient norm: 21.918643908649354
PROGRESS    Completed epoch 1783 / 2000;    current loss: 0.2256176620721817
INFO Gradient norm: 20.568939606372798
PROGRESS    Completed epoch 1784 / 2000;    current loss: 0.22508569061756134
INFO Gradient norm: 8.826279213301612
PROGRESS    Completed epoch 1785 / 2000;    current loss: 0.22097186744213104
INFO Gradient norm: 7.163982259890772
PROGRESS    Completed epoch 1786 / 2000;    current loss: 0.2213417887687683
INFO Gradient norm: 13.623094309299686
PROGRESS    Completed epoch 1787 / 2000;    current loss: 0.22366802394390106
INFO Gradient norm: 9.382073383858879
PROGRESS    Completed epoch 1788 / 2000;    current loss: 0.22280913591384888
INFO Gradient norm: 15.05567883177015
PROGRESS    Completed epoch 1789 / 2000;    current loss: 0.22483187913894653
INFO Gradient norm: 13.71260046391502
PROGRESS    Completed epoch 1790 / 2000;    current loss: 0.22447046637535095
INFO Gradient norm: 10.25609813553084
PROGRESS    Completed epoch 1791 / 2000;    current loss: 0.22355972230434418
INFO Gradient norm: 10.338945950526117
PROGRESS    Completed epoch 1792 / 2000;    current loss: 0.22353824973106384
INFO Gradient norm: 10.797768482437188
PROGRESS    Completed epoch 1793 / 2000;    current loss: 0.22375452518463135
INFO Gradient norm: 7.699640754724892
PROGRESS    Completed epoch 1794 / 2000;    current loss: 0.2225789874792099
INFO Gradient norm: 14.677447947120779
PROGRESS    Completed epoch 1795 / 2000;    current loss: 0.22443705797195435
INFO Gradient norm: 11.800213727499479
PROGRESS    Completed epoch 1796 / 2000;    current loss: 0.22319789230823517
INFO Gradient norm: 12.038132162633035
PROGRESS    Completed epoch 1797 / 2000;    current loss: 0.22346264123916626
INFO Gradient norm: 11.025205683148371
PROGRESS    Completed epoch 1798 / 2000;    current loss: 0.22300565242767334
INFO Gradient norm: 11.598923175746698
PROGRESS    Completed epoch 1799 / 2000;    current loss: 0.22266530990600586
INFO Gradient norm: 10.147944566718582
PROGRESS    Completed epoch 1800 / 2000;    current loss: 0.22210107743740082
INFO Gradient norm: 9.078557552357085
PROGRESS    Completed epoch 1801 / 2000;    current loss: 0.22229605913162231
INFO Gradient norm: 4.250854649994707
PROGRESS    Completed epoch 1802 / 2000;    current loss: 0.22160041332244873
INFO Gradient norm: 16.060465739186927
PROGRESS    Completed epoch 1803 / 2000;    current loss: 0.2243334800004959
INFO Gradient norm: 10.514124007850084
PROGRESS    Completed epoch 1804 / 2000;    current loss: 0.2223583459854126
INFO Gradient norm: 15.365255156154825
PROGRESS    Completed epoch 1805 / 2000;    current loss: 0.2242954969406128
INFO Gradient norm: 15.177899683440693
PROGRESS    Completed epoch 1806 / 2000;    current loss: 0.2240859568119049
INFO Gradient norm: 7.932767071058553
PROGRESS    Completed epoch 1807 / 2000;    current loss: 0.22141772508621216
INFO Gradient norm: 8.604087884028216
PROGRESS    Completed epoch 1808 / 2000;    current loss: 0.2213759422302246
INFO Gradient norm: 11.118327458701161
PROGRESS    Completed epoch 1809 / 2000;    current loss: 0.22179588675498962
INFO Gradient norm: 6.732319479796524
PROGRESS    Completed epoch 1810 / 2000;    current loss: 0.22055721282958984
INFO Gradient norm: 17.170835754569527
PROGRESS    Completed epoch 1811 / 2000;    current loss: 0.22347983717918396
INFO Gradient norm: 14.647588284368112
PROGRESS    Completed epoch 1812 / 2000;    current loss: 0.22230315208435059
INFO Gradient norm: 5.933680774933685
PROGRESS    Completed epoch 1813 / 2000;    current loss: 0.22020223736763
INFO Gradient norm: 2.6260960690552295
PROGRESS    Completed epoch 1814 / 2000;    current loss: 0.2201530486345291
INFO Gradient norm: 13.77389492720257
PROGRESS    Completed epoch 1815 / 2000;    current loss: 0.22247402369976044
INFO Gradient norm: 1.909154231347535
PROGRESS    Completed epoch 1816 / 2000;    current loss: 0.22005021572113037
INFO Gradient norm: 19.668786663069667
PROGRESS    Completed epoch 1817 / 2000;    current loss: 0.2249675691127777
INFO Gradient norm: 11.666050807861106
PROGRESS    Completed epoch 1818 / 2000;    current loss: 0.2213394194841385
INFO Gradient norm: 20.74556989590598
PROGRESS    Completed epoch 1819 / 2000;    current loss: 0.22498896718025208
INFO Gradient norm: 22.886708328204165
PROGRESS    Completed epoch 1820 / 2000;    current loss: 0.22608409821987152
INFO Gradient norm: 2.406842034678259
PROGRESS    Completed epoch 1821 / 2000;    current loss: 0.2196773886680603
INFO Gradient norm: 11.062042394357377
PROGRESS    Completed epoch 1822 / 2000;    current loss: 0.22096556425094604
INFO Gradient norm: 3.7553450679156057
PROGRESS    Completed epoch 1823 / 2000;    current loss: 0.21956326067447662
INFO Gradient norm: 2.9158662361937986
PROGRESS    Completed epoch 1824 / 2000;    current loss: 0.21934473514556885
INFO Gradient norm: 6.60713751435304
PROGRESS    Completed epoch 1825 / 2000;    current loss: 0.21959355473518372
INFO Gradient norm: 5.419784380558089
PROGRESS    Completed epoch 1826 / 2000;    current loss: 0.21926474571228027
INFO Gradient norm: 5.463444644309646
PROGRESS    Completed epoch 1827 / 2000;    current loss: 0.21920804679393768
INFO Gradient norm: 1.2342695532112506
PROGRESS    Completed epoch 1828 / 2000;    current loss: 0.21906273066997528
INFO Gradient norm: 4.611237115756699
PROGRESS    Completed epoch 1829 / 2000;    current loss: 0.21968136727809906
INFO Gradient norm: 8.006057865610781
PROGRESS    Completed epoch 1830 / 2000;    current loss: 0.21992895007133484
INFO Gradient norm: 1.9476780324263299
PROGRESS    Completed epoch 1831 / 2000;    current loss: 0.21906569600105286
INFO Gradient norm: 1.4056404764095494
PROGRESS    Completed epoch 1832 / 2000;    current loss: 0.21861408650875092
INFO Gradient norm: 8.339839304241107
PROGRESS    Completed epoch 1833 / 2000;    current loss: 0.2191164642572403
INFO Gradient norm: 1.4176788698668457
PROGRESS    Completed epoch 1834 / 2000;    current loss: 0.21848028898239136
INFO Gradient norm: 2.8649211487899926
PROGRESS    Completed epoch 1835 / 2000;    current loss: 0.21846400201320648
INFO Gradient norm: 11.454946222029017
PROGRESS    Completed epoch 1836 / 2000;    current loss: 0.2198723554611206
INFO Gradient norm: 2.405752935656022
PROGRESS    Completed epoch 1837 / 2000;    current loss: 0.2182195484638214
INFO Gradient norm: 12.08273219188635
PROGRESS    Completed epoch 1838 / 2000;    current loss: 0.22037461400032043
INFO Gradient norm: 4.358850677413449
PROGRESS    Completed epoch 1839 / 2000;    current loss: 0.2191745638847351
INFO Gradient norm: 18.691655406632975
PROGRESS    Completed epoch 1840 / 2000;    current loss: 0.2235059142112732
INFO Gradient norm: 14.792473676747063
PROGRESS    Completed epoch 1841 / 2000;    current loss: 0.22208353877067566
INFO Gradient norm: 11.532632906839305
PROGRESS    Completed epoch 1842 / 2000;    current loss: 0.2210921049118042
INFO Gradient norm: 12.33983547678156
PROGRESS    Completed epoch 1843 / 2000;    current loss: 0.22144564986228943
INFO Gradient norm: 9.601695007921847
PROGRESS    Completed epoch 1844 / 2000;    current loss: 0.22075441479682922
INFO Gradient norm: 8.092634590107078
PROGRESS    Completed epoch 1845 / 2000;    current loss: 0.22033143043518066
INFO Gradient norm: 13.32120433252843
PROGRESS    Completed epoch 1846 / 2000;    current loss: 0.22150373458862305
INFO Gradient norm: 9.486133351916862
PROGRESS    Completed epoch 1847 / 2000;    current loss: 0.22016867995262146
INFO Gradient norm: 15.784478992101297
PROGRESS    Completed epoch 1848 / 2000;    current loss: 0.22194334864616394
INFO Gradient norm: 14.867314390704777
PROGRESS    Completed epoch 1849 / 2000;    current loss: 0.22139222919940948
INFO Gradient norm: 5.523815601687761
PROGRESS    Completed epoch 1850 / 2000;    current loss: 0.2191964089870453
INFO Gradient norm: 3.4442376267816233
PROGRESS    Completed epoch 1851 / 2000;    current loss: 0.21917550265789032
INFO Gradient norm: 13.539415143031427
PROGRESS    Completed epoch 1852 / 2000;    current loss: 0.22115972638130188
INFO Gradient norm: 1.6232950948642964
PROGRESS    Completed epoch 1853 / 2000;    current loss: 0.2187921702861786
INFO Gradient norm: 17.231674726269816
PROGRESS    Completed epoch 1854 / 2000;    current loss: 0.22206233441829681
INFO Gradient norm: 4.007063541929183
PROGRESS    Completed epoch 1855 / 2000;    current loss: 0.21866397559642792
INFO Gradient norm: 23.53010869954952
PROGRESS    Completed epoch 1856 / 2000;    current loss: 0.22500187158584595
INFO Gradient norm: 17.80663921180671
PROGRESS    Completed epoch 1857 / 2000;    current loss: 0.22218580543994904
INFO Gradient norm: 14.011657888627854
PROGRESS    Completed epoch 1858 / 2000;    current loss: 0.22130462527275085
INFO Gradient norm: 16.17293282435602
PROGRESS    Completed epoch 1859 / 2000;    current loss: 0.22225195169448853
INFO Gradient norm: 8.195874045545425
PROGRESS    Completed epoch 1860 / 2000;    current loss: 0.21995410323143005
INFO Gradient norm: 7.117115043311988
PROGRESS    Completed epoch 1861 / 2000;    current loss: 0.21983645856380463
INFO Gradient norm: 12.773865003221003
PROGRESS    Completed epoch 1862 / 2000;    current loss: 0.22143444418907166
INFO Gradient norm: 4.908958048997876
PROGRESS    Completed epoch 1863 / 2000;    current loss: 0.21998097002506256
INFO Gradient norm: 19.061884816010362
PROGRESS    Completed epoch 1864 / 2000;    current loss: 0.22437602281570435
INFO Gradient norm: 17.17313929758577
PROGRESS    Completed epoch 1865 / 2000;    current loss: 0.2237814962863922
INFO Gradient norm: 6.978266616898002
PROGRESS    Completed epoch 1866 / 2000;    current loss: 0.22093261778354645
INFO Gradient norm: 8.286760860470366
PROGRESS    Completed epoch 1867 / 2000;    current loss: 0.2214408665895462
INFO Gradient norm: 11.138807138763342
PROGRESS    Completed epoch 1868 / 2000;    current loss: 0.22239802777767181
INFO Gradient norm: 7.383922011678105
PROGRESS    Completed epoch 1869 / 2000;    current loss: 0.22169414162635803
INFO Gradient norm: 14.765697818058094
PROGRESS    Completed epoch 1870 / 2000;    current loss: 0.22382299602031708
INFO Gradient norm: 12.178485876677646
PROGRESS    Completed epoch 1871 / 2000;    current loss: 0.2229282110929489
INFO Gradient norm: 12.02112156205703
PROGRESS    Completed epoch 1872 / 2000;    current loss: 0.2227982133626938
INFO Gradient norm: 12.171018957756164
PROGRESS    Completed epoch 1873 / 2000;    current loss: 0.22274169325828552
INFO Gradient norm: 9.250906576990445
PROGRESS    Completed epoch 1874 / 2000;    current loss: 0.2218909114599228
INFO Gradient norm: 7.617926986740591
PROGRESS    Completed epoch 1875 / 2000;    current loss: 0.22141972184181213
INFO Gradient norm: 13.57315859559347
PROGRESS    Completed epoch 1876 / 2000;    current loss: 0.22276152670383453
INFO Gradient norm: 10.783721987762878
PROGRESS    Completed epoch 1877 / 2000;    current loss: 0.2218281626701355
INFO Gradient norm: 10.799741773963744
PROGRESS    Completed epoch 1878 / 2000;    current loss: 0.22195099294185638
INFO Gradient norm: 8.75930639029322
PROGRESS    Completed epoch 1879 / 2000;    current loss: 0.2214539349079132
INFO Gradient norm: 13.629003043446358
PROGRESS    Completed epoch 1880 / 2000;    current loss: 0.22267033159732819
INFO Gradient norm: 11.711651173642329
PROGRESS    Completed epoch 1881 / 2000;    current loss: 0.22204811871051788
INFO Gradient norm: 11.11435172116847
PROGRESS    Completed epoch 1882 / 2000;    current loss: 0.22191780805587769
INFO Gradient norm: 9.997063298826241
PROGRESS    Completed epoch 1883 / 2000;    current loss: 0.2215263545513153
INFO Gradient norm: 12.046175049387099
PROGRESS    Completed epoch 1884 / 2000;    current loss: 0.22187462449073792
INFO Gradient norm: 10.311711058147484
PROGRESS    Completed epoch 1885 / 2000;    current loss: 0.22131729125976562
INFO Gradient norm: 11.736602555815674
PROGRESS    Completed epoch 1886 / 2000;    current loss: 0.2216472029685974
INFO Gradient norm: 9.848009549644923
PROGRESS    Completed epoch 1887 / 2000;    current loss: 0.2210136353969574
INFO Gradient norm: 12.752842937306308
PROGRESS    Completed epoch 1888 / 2000;    current loss: 0.22161240875720978
INFO Gradient norm: 11.311189893558359
PROGRESS    Completed epoch 1889 / 2000;    current loss: 0.22106723487377167
INFO Gradient norm: 10.84243503955068
PROGRESS    Completed epoch 1890 / 2000;    current loss: 0.22087672352790833
INFO Gradient norm: 9.402709076360061
PROGRESS    Completed epoch 1891 / 2000;    current loss: 0.22038604319095612
INFO Gradient norm: 12.52402630522255
PROGRESS    Completed epoch 1892 / 2000;    current loss: 0.22102949023246765
INFO Gradient norm: 10.549096875752177
PROGRESS    Completed epoch 1893 / 2000;    current loss: 0.22036588191986084
INFO Gradient norm: 10.18098673035372
PROGRESS    Completed epoch 1894 / 2000;    current loss: 0.22032248973846436
INFO Gradient norm: 6.468084949845499
PROGRESS    Completed epoch 1895 / 2000;    current loss: 0.21965157985687256
INFO Gradient norm: 15.589665539226075
PROGRESS    Completed epoch 1896 / 2000;    current loss: 0.2220727950334549
INFO Gradient norm: 12.428272592996745
PROGRESS    Completed epoch 1897 / 2000;    current loss: 0.22103306651115417
INFO Gradient norm: 11.934052650436499
PROGRESS    Completed epoch 1898 / 2000;    current loss: 0.22095754742622375
INFO Gradient norm: 10.906315587948523
PROGRESS    Completed epoch 1899 / 2000;    current loss: 0.2206992208957672
INFO Gradient norm: 15.324946383817641
PROGRESS    Completed epoch 1900 / 2000;    current loss: 0.222220316529274
INFO Gradient norm: 12.055142808126842
PROGRESS    Completed epoch 1901 / 2000;    current loss: 0.22125324606895447
INFO Gradient norm: 15.979973779128992
PROGRESS    Completed epoch 1902 / 2000;    current loss: 0.22251716256141663
INFO Gradient norm: 14.810762441634376
PROGRESS    Completed epoch 1903 / 2000;    current loss: 0.22212828695774078
INFO Gradient norm: 11.991516934215271
PROGRESS    Completed epoch 1904 / 2000;    current loss: 0.22131642699241638
INFO Gradient norm: 10.65698254885627
PROGRESS    Completed epoch 1905 / 2000;    current loss: 0.2209661453962326
INFO Gradient norm: 14.943249190349727
PROGRESS    Completed epoch 1906 / 2000;    current loss: 0.22216592729091644
INFO Gradient norm: 12.050934892665316
PROGRESS    Completed epoch 1907 / 2000;    current loss: 0.22120368480682373
INFO Gradient norm: 15.29202585418274
PROGRESS    Completed epoch 1908 / 2000;    current loss: 0.22224782407283783
INFO Gradient norm: 13.347769654268824
PROGRESS    Completed epoch 1909 / 2000;    current loss: 0.22154706716537476
INFO Gradient norm: 13.337419116769796
PROGRESS    Completed epoch 1910 / 2000;    current loss: 0.22153320908546448
INFO Gradient norm: 8.608200874678314
PROGRESS    Completed epoch 1911 / 2000;    current loss: 0.22060388326644897
INFO Gradient norm: 15.647801819564338
PROGRESS    Completed epoch 1912 / 2000;    current loss: 0.22293581068515778
INFO Gradient norm: 14.892677833514124
PROGRESS    Completed epoch 1913 / 2000;    current loss: 0.222966730594635
INFO Gradient norm: 7.711718356950299
PROGRESS    Completed epoch 1914 / 2000;    current loss: 0.22121967375278473
INFO Gradient norm: 8.757181438959842
PROGRESS    Completed epoch 1915 / 2000;    current loss: 0.2215205878019333
INFO Gradient norm: 9.950122316832676
PROGRESS    Completed epoch 1916 / 2000;    current loss: 0.2218429446220398
INFO Gradient norm: 6.546194291712008
PROGRESS    Completed epoch 1917 / 2000;    current loss: 0.22113725543022156
INFO Gradient norm: 14.182781308771611
PROGRESS    Completed epoch 1918 / 2000;    current loss: 0.22302474081516266
INFO Gradient norm: 11.173057461882895
PROGRESS    Completed epoch 1919 / 2000;    current loss: 0.2219548374414444
INFO Gradient norm: 12.26389527238692
PROGRESS    Completed epoch 1920 / 2000;    current loss: 0.2220613658428192
INFO Gradient norm: 12.358646438417235
PROGRESS    Completed epoch 1921 / 2000;    current loss: 0.2219873070716858
INFO Gradient norm: 8.149235395400972
PROGRESS    Completed epoch 1922 / 2000;    current loss: 0.22087962925434113
INFO Gradient norm: 7.0861200336388945
PROGRESS    Completed epoch 1923 / 2000;    current loss: 0.22058948874473572
INFO Gradient norm: 12.466509430328006
PROGRESS    Completed epoch 1924 / 2000;    current loss: 0.22172901034355164
INFO Gradient norm: 11.545668860151007
PROGRESS    Completed epoch 1925 / 2000;    current loss: 0.2215438038110733
INFO Gradient norm: 9.42668453646007
PROGRESS    Completed epoch 1926 / 2000;    current loss: 0.22114592790603638
INFO Gradient norm: 8.348642652188156
PROGRESS    Completed epoch 1927 / 2000;    current loss: 0.22092971205711365
INFO Gradient norm: 11.904732434366917
PROGRESS    Completed epoch 1928 / 2000;    current loss: 0.2217370718717575
INFO Gradient norm: 9.530632898635455
PROGRESS    Completed epoch 1929 / 2000;    current loss: 0.221146360039711
INFO Gradient norm: 11.858296248863057
PROGRESS    Completed epoch 1930 / 2000;    current loss: 0.22180362045764923
INFO Gradient norm: 10.344411086174427
PROGRESS    Completed epoch 1931 / 2000;    current loss: 0.22133982181549072
INFO Gradient norm: 11.10812314833994
PROGRESS    Completed epoch 1932 / 2000;    current loss: 0.22142022848129272
INFO Gradient norm: 10.147117266773419
PROGRESS    Completed epoch 1933 / 2000;    current loss: 0.22114130854606628
INFO Gradient norm: 10.330848647468676
PROGRESS    Completed epoch 1934 / 2000;    current loss: 0.2211512327194214
INFO Gradient norm: 8.630853974494913
PROGRESS    Completed epoch 1935 / 2000;    current loss: 0.22066621482372284
INFO Gradient norm: 12.19820497883794
PROGRESS    Completed epoch 1936 / 2000;    current loss: 0.22143419086933136
INFO Gradient norm: 10.289485764504624
PROGRESS    Completed epoch 1937 / 2000;    current loss: 0.22082896530628204
INFO Gradient norm: 10.99257421153332
PROGRESS    Completed epoch 1938 / 2000;    current loss: 0.2209518849849701
INFO Gradient norm: 9.801192145108772
PROGRESS    Completed epoch 1939 / 2000;    current loss: 0.22053386270999908
INFO Gradient norm: 11.03640227437051
PROGRESS    Completed epoch 1940 / 2000;    current loss: 0.2207089513540268
INFO Gradient norm: 9.669734476418368
PROGRESS    Completed epoch 1941 / 2000;    current loss: 0.22023893892765045
INFO Gradient norm: 10.8229081203372
PROGRESS    Completed epoch 1942 / 2000;    current loss: 0.22047314047813416
INFO Gradient norm: 9.083438636776384
PROGRESS    Completed epoch 1943 / 2000;    current loss: 0.21992361545562744
INFO Gradient norm: 11.920642270293147
PROGRESS    Completed epoch 1944 / 2000;    current loss: 0.22044038772583008
INFO Gradient norm: 10.426701734741512
PROGRESS    Completed epoch 1945 / 2000;    current loss: 0.21994060277938843
INFO Gradient norm: 10.483331030342889
PROGRESS    Completed epoch 1946 / 2000;    current loss: 0.21990150213241577
INFO Gradient norm: 8.49679962543652
PROGRESS    Completed epoch 1947 / 2000;    current loss: 0.21935376524925232
INFO Gradient norm: 12.680219927722057
PROGRESS    Completed epoch 1948 / 2000;    current loss: 0.22030122578144073
INFO Gradient norm: 10.88245585718954
PROGRESS    Completed epoch 1949 / 2000;    current loss: 0.2197105586528778
INFO Gradient norm: 10.61335795742573
PROGRESS    Completed epoch 1950 / 2000;    current loss: 0.21963195502758026
INFO Gradient norm: 9.62033912450366
PROGRESS    Completed epoch 1951 / 2000;    current loss: 0.21931593120098114
INFO Gradient norm: 11.086116828888105
PROGRESS    Completed epoch 1952 / 2000;    current loss: 0.21949036419391632
INFO Gradient norm: 9.508626233120243
PROGRESS    Completed epoch 1953 / 2000;    current loss: 0.2190139889717102
INFO Gradient norm: 11.197956308594383
PROGRESS    Completed epoch 1954 / 2000;    current loss: 0.21939945220947266
INFO Gradient norm: 9.29001927788115
PROGRESS    Completed epoch 1955 / 2000;    current loss: 0.21882109344005585
INFO Gradient norm: 12.191251452365382
PROGRESS    Completed epoch 1956 / 2000;    current loss: 0.21938292682170868
INFO Gradient norm: 11.47019054212303
PROGRESS    Completed epoch 1957 / 2000;    current loss: 0.21901865303516388
INFO Gradient norm: 6.692672186874074
PROGRESS    Completed epoch 1958 / 2000;    current loss: 0.2183552086353302
INFO Gradient norm: 3.3027681383416327
PROGRESS    Completed epoch 1959 / 2000;    current loss: 0.2182806432247162
INFO Gradient norm: 12.690086325642527
PROGRESS    Completed epoch 1960 / 2000;    current loss: 0.22015881538391113
INFO Gradient norm: 6.174114169796734
PROGRESS    Completed epoch 1961 / 2000;    current loss: 0.21877580881118774
INFO Gradient norm: 16.546469236196078
PROGRESS    Completed epoch 1962 / 2000;    current loss: 0.22166508436203003
INFO Gradient norm: 15.333571227578897
PROGRESS    Completed epoch 1963 / 2000;    current loss: 0.22112537920475006
INFO Gradient norm: 7.062935024746289
PROGRESS    Completed epoch 1964 / 2000;    current loss: 0.21874630451202393
INFO Gradient norm: 9.361832077781681
PROGRESS    Completed epoch 1965 / 2000;    current loss: 0.2190432846546173
INFO Gradient norm: 7.789745907329513
PROGRESS    Completed epoch 1966 / 2000;    current loss: 0.21860353648662567
INFO Gradient norm: 4.546082101223023
PROGRESS    Completed epoch 1967 / 2000;    current loss: 0.21794472634792328
INFO Gradient norm: 13.593537129944488
PROGRESS    Completed epoch 1968 / 2000;    current loss: 0.2192762792110443
INFO Gradient norm: 9.198450995184505
PROGRESS    Completed epoch 1969 / 2000;    current loss: 0.21785800158977509
INFO Gradient norm: 9.874813247236279
PROGRESS    Completed epoch 1970 / 2000;    current loss: 0.21862582862377167
INFO Gradient norm: 5.233322716502514
PROGRESS    Completed epoch 1971 / 2000;    current loss: 0.21811117231845856
INFO Gradient norm: 14.920239599862015
PROGRESS    Completed epoch 1972 / 2000;    current loss: 0.2203579843044281
INFO Gradient norm: 11.818904891464069
PROGRESS    Completed epoch 1973 / 2000;    current loss: 0.21959742903709412
INFO Gradient norm: 10.818353889126682
PROGRESS    Completed epoch 1974 / 2000;    current loss: 0.219803586602211
INFO Gradient norm: 11.041823324432388
PROGRESS    Completed epoch 1975 / 2000;    current loss: 0.21999385952949524
INFO Gradient norm: 8.779511098612037
PROGRESS    Completed epoch 1976 / 2000;    current loss: 0.2193441540002823
INFO Gradient norm: 7.887761919108795
PROGRESS    Completed epoch 1977 / 2000;    current loss: 0.21919019520282745
INFO Gradient norm: 10.944488022241613
PROGRESS    Completed epoch 1978 / 2000;    current loss: 0.21980562806129456
INFO Gradient norm: 7.958467425509536
PROGRESS    Completed epoch 1979 / 2000;    current loss: 0.21904872357845306
INFO Gradient norm: 13.150583667619346
PROGRESS    Completed epoch 1980 / 2000;    current loss: 0.22026655077934265
INFO Gradient norm: 11.650616702343486
PROGRESS    Completed epoch 1981 / 2000;    current loss: 0.2196945995092392
INFO Gradient norm: 9.356370748520838
PROGRESS    Completed epoch 1982 / 2000;    current loss: 0.21894770860671997
INFO Gradient norm: 8.865494249737202
PROGRESS    Completed epoch 1983 / 2000;    current loss: 0.21870754659175873
INFO Gradient norm: 10.534395117515833
PROGRESS    Completed epoch 1984 / 2000;    current loss: 0.21900933980941772
INFO Gradient norm: 8.551932590556014
PROGRESS    Completed epoch 1985 / 2000;    current loss: 0.21842916309833527
INFO Gradient norm: 11.429563582722192
PROGRESS    Completed epoch 1986 / 2000;    current loss: 0.21895922720432281
INFO Gradient norm: 9.4447841690366
PROGRESS    Completed epoch 1987 / 2000;    current loss: 0.21830658614635468
INFO Gradient norm: 11.541358821308151
PROGRESS    Completed epoch 1988 / 2000;    current loss: 0.21871039271354675
INFO Gradient norm: 11.074143688362964
PROGRESS    Completed epoch 1989 / 2000;    current loss: 0.21837078034877777
INFO Gradient norm: 6.787395280502785
PROGRESS    Completed epoch 1990 / 2000;    current loss: 0.21765147149562836
INFO Gradient norm: 4.969318431259617
PROGRESS    Completed epoch 1991 / 2000;    current loss: 0.21750999987125397
INFO Gradient norm: 11.872076017367867
PROGRESS    Completed epoch 1992 / 2000;    current loss: 0.21895860135555267
INFO Gradient norm: 7.276194334320799
PROGRESS    Completed epoch 1993 / 2000;    current loss: 0.21793244779109955
INFO Gradient norm: 13.887954674384813
PROGRESS    Completed epoch 1994 / 2000;    current loss: 0.2198520451784134
INFO Gradient norm: 12.506069646739409
PROGRESS    Completed epoch 1995 / 2000;    current loss: 0.21935319900512695
INFO Gradient norm: 10.412049335191188
PROGRESS    Completed epoch 1996 / 2000;    current loss: 0.21868222951889038
INFO Gradient norm: 11.981899910700683
PROGRESS    Completed epoch 1997 / 2000;    current loss: 0.21916046738624573
INFO Gradient norm: 6.271221633435044
PROGRESS    Completed epoch 1998 / 2000;    current loss: 0.2178451418876648
INFO Gradient norm: 6.0380823007215225
PROGRESS    Completed epoch 1999 / 2000;    current loss: 0.21775437891483307
INFO Gradient norm: 10.51037068357571
PROGRESS    Completed epoch 2000 / 2000;    current loss: 0.21861965954303741
INFO    Saving model weights ...
INFO Model weights saved successfully to /home/hoang/utopya_output/Dengue/250605-150403/data/uni01/data_npc_checkpoint.pth
INFO    Simulation run finished.
INFO    Wrapping up ...
SUCCESS    All done.

---
end of log. exit code: 0

