Log of 'out' stream of WorkerTask 'uni10'
---

INFO    Using 'cpu' as training device. Number of threads: 10
INFO    Loading training data ...
INFO    Initializing the neural net ...
INFO    Initialized model 'Dengue'.
INFO    Now commencing training for 2000 epochs ...
INFO Gradient norm: 2044.679948992969
PROGRESS    Completed epoch 1 / 2000;    current loss: 622.3908081054688
INFO Gradient norm: 2046.3729652643722
PROGRESS    Completed epoch 2 / 2000;    current loss: 621.7036743164062
INFO Gradient norm: 2048.0511135920024
PROGRESS    Completed epoch 3 / 2000;    current loss: 621.0152587890625
INFO Gradient norm: 2049.71521391373
PROGRESS    Completed epoch 4 / 2000;    current loss: 620.3251342773438
INFO Gradient norm: 2051.3628881591458
PROGRESS    Completed epoch 5 / 2000;    current loss: 619.6327514648438
INFO Gradient norm: 2052.9994792651873
PROGRESS    Completed epoch 6 / 2000;    current loss: 618.9376220703125
INFO Gradient norm: 2054.6229274595926
PROGRESS    Completed epoch 7 / 2000;    current loss: 618.2396850585938
INFO Gradient norm: 2056.2318026369658
PROGRESS    Completed epoch 8 / 2000;    current loss: 617.5384521484375
INFO Gradient norm: 2057.831053348241
PROGRESS    Completed epoch 9 / 2000;    current loss: 616.8338623046875
INFO Gradient norm: 2059.417763070422
PROGRESS    Completed epoch 10 / 2000;    current loss: 616.1246948242188
INFO Gradient norm: 2060.9943911057485
PROGRESS    Completed epoch 11 / 2000;    current loss: 615.4110107421875
INFO Gradient norm: 2062.560717573041
PROGRESS    Completed epoch 12 / 2000;    current loss: 614.6926879882812
INFO Gradient norm: 2064.1158062397203
PROGRESS    Completed epoch 13 / 2000;    current loss: 613.9688720703125
INFO Gradient norm: 2065.6616537157433
PROGRESS    Completed epoch 14 / 2000;    current loss: 613.2392578125
INFO Gradient norm: 2067.1965646380622
PROGRESS    Completed epoch 15 / 2000;    current loss: 612.5035400390625
INFO Gradient norm: 2068.7237331958445
PROGRESS    Completed epoch 16 / 2000;    current loss: 611.7613525390625
INFO Gradient norm: 2070.2413534112943
PROGRESS    Completed epoch 17 / 2000;    current loss: 611.0118408203125
INFO Gradient norm: 2071.749160732725
PROGRESS    Completed epoch 18 / 2000;    current loss: 610.2550659179688
INFO Gradient norm: 2073.2474369725937
PROGRESS    Completed epoch 19 / 2000;    current loss: 609.490478515625
INFO Gradient norm: 2074.7358962300436
PROGRESS    Completed epoch 20 / 2000;    current loss: 608.71728515625
INFO Gradient norm: 2076.2176979108367
PROGRESS    Completed epoch 21 / 2000;    current loss: 607.9359130859375
INFO Gradient norm: 2077.6867683788473
PROGRESS    Completed epoch 22 / 2000;    current loss: 607.1448364257812
INFO Gradient norm: 2079.1484522910964
PROGRESS    Completed epoch 23 / 2000;    current loss: 606.344482421875
INFO Gradient norm: 2080.5994108004647
PROGRESS    Completed epoch 24 / 2000;    current loss: 605.53369140625
INFO Gradient norm: 2082.0388100989417
PROGRESS    Completed epoch 25 / 2000;    current loss: 604.7127685546875
INFO Gradient norm: 2083.467631630761
PROGRESS    Completed epoch 26 / 2000;    current loss: 603.880859375
INFO Gradient norm: 2084.8853903683025
PROGRESS    Completed epoch 27 / 2000;    current loss: 603.0372924804688
INFO Gradient norm: 2086.289933970504
PROGRESS    Completed epoch 28 / 2000;    current loss: 602.1817626953125
INFO Gradient norm: 2087.682044637485
PROGRESS    Completed epoch 29 / 2000;    current loss: 601.3140869140625
INFO Gradient norm: 2089.059133211202
PROGRESS    Completed epoch 30 / 2000;    current loss: 600.433349609375
INFO Gradient norm: 2090.4224204077177
PROGRESS    Completed epoch 31 / 2000;    current loss: 599.5397338867188
INFO Gradient norm: 2091.7699176419046
PROGRESS    Completed epoch 32 / 2000;    current loss: 598.6324462890625
INFO Gradient norm: 2093.10025983853
PROGRESS    Completed epoch 33 / 2000;    current loss: 597.7109375
INFO Gradient norm: 2094.4119328828638
PROGRESS    Completed epoch 34 / 2000;    current loss: 596.774658203125
INFO Gradient norm: 2095.7051669835178
PROGRESS    Completed epoch 35 / 2000;    current loss: 595.8233642578125
INFO Gradient norm: 2096.9753874867797
PROGRESS    Completed epoch 36 / 2000;    current loss: 594.856201171875
INFO Gradient norm: 2098.22446991891
PROGRESS    Completed epoch 37 / 2000;    current loss: 593.87353515625
INFO Gradient norm: 2099.4480256554343
PROGRESS    Completed epoch 38 / 2000;    current loss: 592.874267578125
INFO Gradient norm: 2100.6443381786144
PROGRESS    Completed epoch 39 / 2000;    current loss: 591.85791015625
INFO Gradient norm: 2101.8107804665765
PROGRESS    Completed epoch 40 / 2000;    current loss: 590.8239135742188
INFO Gradient norm: 2102.9457515593494
PROGRESS    Completed epoch 41 / 2000;    current loss: 589.771728515625
INFO Gradient norm: 2104.0486480274435
PROGRESS    Completed epoch 42 / 2000;    current loss: 588.7015991210938
INFO Gradient norm: 2105.114447995478
PROGRESS    Completed epoch 43 / 2000;    current loss: 587.6123657226562
INFO Gradient norm: 2106.1408947906143
PROGRESS    Completed epoch 44 / 2000;    current loss: 586.5037231445312
INFO Gradient norm: 2107.124136792034
PROGRESS    Completed epoch 45 / 2000;    current loss: 585.3751831054688
INFO Gradient norm: 2108.0617100036543
PROGRESS    Completed epoch 46 / 2000;    current loss: 584.2267456054688
INFO Gradient norm: 2108.949289187763
PROGRESS    Completed epoch 47 / 2000;    current loss: 583.0564575195312
INFO Gradient norm: 2109.7855374125766
PROGRESS    Completed epoch 48 / 2000;    current loss: 581.8656005859375
INFO Gradient norm: 2110.563501998024
PROGRESS    Completed epoch 49 / 2000;    current loss: 580.65283203125
INFO Gradient norm: 2111.279005476495
PROGRESS    Completed epoch 50 / 2000;    current loss: 579.4172973632812
INFO Gradient norm: 2111.929552041554
PROGRESS    Completed epoch 51 / 2000;    current loss: 578.1596069335938
INFO Gradient norm: 2112.508136007227
PROGRESS    Completed epoch 52 / 2000;    current loss: 576.87841796875
INFO Gradient norm: 2113.012975759931
PROGRESS    Completed epoch 53 / 2000;    current loss: 575.5734252929688
INFO Gradient norm: 2113.437937694923
PROGRESS    Completed epoch 54 / 2000;    current loss: 574.2447509765625
INFO Gradient norm: 2113.7747062775165
PROGRESS    Completed epoch 55 / 2000;    current loss: 572.8905029296875
INFO Gradient norm: 2114.019335947611
PROGRESS    Completed epoch 56 / 2000;    current loss: 571.5119018554688
INFO Gradient norm: 2114.166394823634
PROGRESS    Completed epoch 57 / 2000;    current loss: 570.1076049804688
INFO Gradient norm: 2114.208453941381
PROGRESS    Completed epoch 58 / 2000;    current loss: 568.677001953125
INFO Gradient norm: 2114.139381641007
PROGRESS    Completed epoch 59 / 2000;    current loss: 567.219970703125
INFO Gradient norm: 2113.9520198808846
PROGRESS    Completed epoch 60 / 2000;    current loss: 565.7359619140625
INFO Gradient norm: 2113.6381611136844
PROGRESS    Completed epoch 61 / 2000;    current loss: 564.224609375
INFO Gradient norm: 2113.192751250347
PROGRESS    Completed epoch 62 / 2000;    current loss: 562.6858520507812
INFO Gradient norm: 2112.605095172483
PROGRESS    Completed epoch 63 / 2000;    current loss: 561.118408203125
INFO Gradient norm: 2111.868366497996
PROGRESS    Completed epoch 64 / 2000;    current loss: 559.5230102539062
INFO Gradient norm: 2110.9705570823025
PROGRESS    Completed epoch 65 / 2000;    current loss: 557.897705078125
INFO Gradient norm: 2109.9080439244094
PROGRESS    Completed epoch 66 / 2000;    current loss: 556.24365234375
INFO Gradient norm: 2108.666318053909
PROGRESS    Completed epoch 67 / 2000;    current loss: 554.559326171875
INFO Gradient norm: 2107.2378857115923
PROGRESS    Completed epoch 68 / 2000;    current loss: 552.8446655273438
INFO Gradient norm: 2105.61136305555
PROGRESS    Completed epoch 69 / 2000;    current loss: 551.0999755859375
INFO Gradient norm: 2103.7742473267986
PROGRESS    Completed epoch 70 / 2000;    current loss: 549.3231201171875
INFO Gradient norm: 2101.6846337134757
PROGRESS    Completed epoch 71 / 2000;    current loss: 547.5133666992188
INFO Gradient norm: 2099.352508034473
PROGRESS    Completed epoch 72 / 2000;    current loss: 545.671142578125
INFO Gradient norm: 2096.77316755801
PROGRESS    Completed epoch 73 / 2000;    current loss: 543.797607421875
INFO Gradient norm: 2093.942986467425
PROGRESS    Completed epoch 74 / 2000;    current loss: 541.8927001953125
INFO Gradient norm: 2090.869254633732
PROGRESS    Completed epoch 75 / 2000;    current loss: 539.9581298828125
INFO Gradient norm: 2091.7807276400567
PROGRESS    Completed epoch 76 / 2000;    current loss: 538.0032348632812
INFO Gradient norm: 2088.0810559446627
PROGRESS    Completed epoch 77 / 2000;    current loss: 536.0399780273438
INFO Gradient norm: 2084.0876051068203
PROGRESS    Completed epoch 78 / 2000;    current loss: 534.0394287109375
INFO Gradient norm: 2079.8314992142027
PROGRESS    Completed epoch 79 / 2000;    current loss: 532.0045776367188
INFO Gradient norm: 2075.2869030176444
PROGRESS    Completed epoch 80 / 2000;    current loss: 529.935791015625
INFO Gradient norm: 2070.4341857951326
PROGRESS    Completed epoch 81 / 2000;    current loss: 527.8310546875
INFO Gradient norm: 2065.2574316643986
PROGRESS    Completed epoch 82 / 2000;    current loss: 525.6915283203125
INFO Gradient norm: 2059.7416992716094
PROGRESS    Completed epoch 83 / 2000;    current loss: 523.5164794921875
INFO Gradient norm: 2053.872443094731
PROGRESS    Completed epoch 84 / 2000;    current loss: 521.3064575195312
INFO Gradient norm: 2047.633578614834
PROGRESS    Completed epoch 85 / 2000;    current loss: 519.0616455078125
INFO Gradient norm: 2041.0080066307012
PROGRESS    Completed epoch 86 / 2000;    current loss: 516.7821655273438
INFO Gradient norm: 2033.988152944754
PROGRESS    Completed epoch 87 / 2000;    current loss: 514.4691772460938
INFO Gradient norm: 2026.5872247339516
PROGRESS    Completed epoch 88 / 2000;    current loss: 512.12451171875
INFO Gradient norm: 2018.8475086728752
PROGRESS    Completed epoch 89 / 2000;    current loss: 509.75225830078125
INFO Gradient norm: 2006.1637806514022
PROGRESS    Completed epoch 90 / 2000;    current loss: 507.35614013671875
INFO Gradient norm: 1997.3158996403597
PROGRESS    Completed epoch 91 / 2000;    current loss: 504.93280029296875
INFO Gradient norm: 1988.1593885080024
PROGRESS    Completed epoch 92 / 2000;    current loss: 502.48333740234375
INFO Gradient norm: 1978.5980900255058
PROGRESS    Completed epoch 93 / 2000;    current loss: 500.00372314453125
INFO Gradient norm: 1968.5741753130903
PROGRESS    Completed epoch 94 / 2000;    current loss: 497.4923095703125
INFO Gradient norm: 1958.0738509069934
PROGRESS    Completed epoch 95 / 2000;    current loss: 494.9494934082031
INFO Gradient norm: 1947.0802384384376
PROGRESS    Completed epoch 96 / 2000;    current loss: 492.3753662109375
INFO Gradient norm: 1935.5901807191738
PROGRESS    Completed epoch 97 / 2000;    current loss: 489.7713317871094
INFO Gradient norm: 1923.582186799055
PROGRESS    Completed epoch 98 / 2000;    current loss: 487.1373291015625
INFO Gradient norm: 1911.0523594045937
PROGRESS    Completed epoch 99 / 2000;    current loss: 484.4745788574219
INFO Gradient norm: 1897.986114810514
PROGRESS    Completed epoch 100 / 2000;    current loss: 481.78399658203125
INFO Gradient norm: 1884.403268899222
PROGRESS    Completed epoch 101 / 2000;    current loss: 479.06732177734375
INFO Gradient norm: 1870.308008676042
PROGRESS    Completed epoch 102 / 2000;    current loss: 476.3262023925781
INFO Gradient norm: 1855.6973467863434
PROGRESS    Completed epoch 103 / 2000;    current loss: 473.5619201660156
INFO Gradient norm: 1840.6223387787281
PROGRESS    Completed epoch 104 / 2000;    current loss: 470.77691650390625
INFO Gradient norm: 1825.172197015277
PROGRESS    Completed epoch 105 / 2000;    current loss: 467.9758605957031
INFO Gradient norm: 1812.9390901016948
PROGRESS    Completed epoch 106 / 2000;    current loss: 465.1439208984375
INFO Gradient norm: 1796.209105734851
PROGRESS    Completed epoch 107 / 2000;    current loss: 462.30743408203125
INFO Gradient norm: 1779.1248681291777
PROGRESS    Completed epoch 108 / 2000;    current loss: 459.4557800292969
INFO Gradient norm: 1761.4131288601661
PROGRESS    Completed epoch 109 / 2000;    current loss: 456.57958984375
INFO Gradient norm: 1743.3077007590514
PROGRESS    Completed epoch 110 / 2000;    current loss: 453.6888122558594
INFO Gradient norm: 1724.715512359749
PROGRESS    Completed epoch 111 / 2000;    current loss: 450.78076171875
INFO Gradient norm: 1701.8549921946685
PROGRESS    Completed epoch 112 / 2000;    current loss: 447.8619079589844
INFO Gradient norm: 1682.2799514005485
PROGRESS    Completed epoch 113 / 2000;    current loss: 444.9356994628906
INFO Gradient norm: 1662.27042421712
PROGRESS    Completed epoch 114 / 2000;    current loss: 441.9990234375
INFO Gradient norm: 1641.8209267656816
PROGRESS    Completed epoch 115 / 2000;    current loss: 439.05218505859375
INFO Gradient norm: 1621.0015097592461
PROGRESS    Completed epoch 116 / 2000;    current loss: 436.0989990234375
INFO Gradient norm: 1599.7855236906764
PROGRESS    Completed epoch 117 / 2000;    current loss: 433.13946533203125
INFO Gradient norm: 1578.2023520820376
PROGRESS    Completed epoch 118 / 2000;    current loss: 430.1746826171875
INFO Gradient norm: 1556.2469388524876
PROGRESS    Completed epoch 119 / 2000;    current loss: 427.2052001953125
INFO Gradient norm: 1537.2408400123804
PROGRESS    Completed epoch 120 / 2000;    current loss: 424.2381896972656
INFO Gradient norm: 1514.7203522221246
PROGRESS    Completed epoch 121 / 2000;    current loss: 421.27642822265625
INFO Gradient norm: 1491.966925026655
PROGRESS    Completed epoch 122 / 2000;    current loss: 418.3144836425781
INFO Gradient norm: 1465.9858319100967
PROGRESS    Completed epoch 123 / 2000;    current loss: 415.3569641113281
INFO Gradient norm: 1442.9683743996422
PROGRESS    Completed epoch 124 / 2000;    current loss: 412.4097900390625
INFO Gradient norm: 1419.8253236686603
PROGRESS    Completed epoch 125 / 2000;    current loss: 409.4691162109375
INFO Gradient norm: 1396.6184232213434
PROGRESS    Completed epoch 126 / 2000;    current loss: 406.5370788574219
INFO Gradient norm: 1373.317226379097
PROGRESS    Completed epoch 127 / 2000;    current loss: 403.61468505859375
INFO Gradient norm: 1352.650597983449
PROGRESS    Completed epoch 128 / 2000;    current loss: 400.70501708984375
INFO Gradient norm: 1326.8326648297857
PROGRESS    Completed epoch 129 / 2000;    current loss: 397.8105163574219
INFO Gradient norm: 1306.0549756251899
PROGRESS    Completed epoch 130 / 2000;    current loss: 394.9308776855469
INFO Gradient norm: 1280.597712282069
PROGRESS    Completed epoch 131 / 2000;    current loss: 392.06829833984375
INFO Gradient norm: 1257.669604445932
PROGRESS    Completed epoch 132 / 2000;    current loss: 389.22320556640625
INFO Gradient norm: 1234.964542063465
PROGRESS    Completed epoch 133 / 2000;    current loss: 386.39678955078125
INFO Gradient norm: 1212.4646763547837
PROGRESS    Completed epoch 134 / 2000;    current loss: 383.5897216796875
INFO Gradient norm: 1192.1950513832965
PROGRESS    Completed epoch 135 / 2000;    current loss: 380.8077697753906
INFO Gradient norm: 1170.2256246517804
PROGRESS    Completed epoch 136 / 2000;    current loss: 378.0464782714844
INFO Gradient norm: 1146.8687617786452
PROGRESS    Completed epoch 137 / 2000;    current loss: 375.3088073730469
INFO Gradient norm: 1125.7799926361863
PROGRESS    Completed epoch 138 / 2000;    current loss: 372.5979919433594
INFO Gradient norm: 1105.1181312589124
PROGRESS    Completed epoch 139 / 2000;    current loss: 369.9120788574219
INFO Gradient norm: 1084.925497469761
PROGRESS    Completed epoch 140 / 2000;    current loss: 367.2523193359375
INFO Gradient norm: 1066.6256816584003
PROGRESS    Completed epoch 141 / 2000;    current loss: 364.6188659667969
INFO Gradient norm: 1046.1073366527885
PROGRESS    Completed epoch 142 / 2000;    current loss: 362.015869140625
INFO Gradient norm: 1027.5332224775855
PROGRESS    Completed epoch 143 / 2000;    current loss: 359.4400634765625
INFO Gradient norm: 1010.6949855465764
PROGRESS    Completed epoch 144 / 2000;    current loss: 356.89459228515625
INFO Gradient norm: 992.1703512027068
PROGRESS    Completed epoch 145 / 2000;    current loss: 354.37774658203125
INFO Gradient norm: 975.4236408368403
PROGRESS    Completed epoch 146 / 2000;    current loss: 351.890869140625
INFO Gradient norm: 960.2475060236591
PROGRESS    Completed epoch 147 / 2000;    current loss: 349.43450927734375
INFO Gradient norm: 943.8778655237705
PROGRESS    Completed epoch 148 / 2000;    current loss: 347.00799560546875
INFO Gradient norm: 929.0954665506927
PROGRESS    Completed epoch 149 / 2000;    current loss: 344.6122131347656
INFO Gradient norm: 915.6892958447835
PROGRESS    Completed epoch 150 / 2000;    current loss: 342.2464904785156
INFO Gradient norm: 901.5357832309985
PROGRESS    Completed epoch 151 / 2000;    current loss: 339.9118347167969
INFO Gradient norm: 888.7572239970483
PROGRESS    Completed epoch 152 / 2000;    current loss: 337.6067810058594
INFO Gradient norm: 876.6286060146925
PROGRESS    Completed epoch 153 / 2000;    current loss: 335.3312683105469
INFO Gradient norm: 865.6488005905518
PROGRESS    Completed epoch 154 / 2000;    current loss: 333.0857849121094
INFO Gradient norm: 854.7658471285803
PROGRESS    Completed epoch 155 / 2000;    current loss: 330.8682861328125
INFO Gradient norm: 844.1485049796091
PROGRESS    Completed epoch 156 / 2000;    current loss: 328.68121337890625
INFO Gradient norm: 834.5669574427084
PROGRESS    Completed epoch 157 / 2000;    current loss: 326.52154541015625
INFO Gradient norm: 825.5611317067218
PROGRESS    Completed epoch 158 / 2000;    current loss: 324.38861083984375
INFO Gradient norm: 817.114523577565
PROGRESS    Completed epoch 159 / 2000;    current loss: 322.2815246582031
INFO Gradient norm: 809.221812463928
PROGRESS    Completed epoch 160 / 2000;    current loss: 320.2003479003906
INFO Gradient norm: 802.068743489243
PROGRESS    Completed epoch 161 / 2000;    current loss: 318.14324951171875
INFO Gradient norm: 795.184304205442
PROGRESS    Completed epoch 162 / 2000;    current loss: 316.1094055175781
INFO Gradient norm: 788.74934097376
PROGRESS    Completed epoch 163 / 2000;    current loss: 314.09637451171875
INFO Gradient norm: 782.6244622912533
PROGRESS    Completed epoch 164 / 2000;    current loss: 312.1037292480469
INFO Gradient norm: 777.0438392741509
PROGRESS    Completed epoch 165 / 2000;    current loss: 310.1297607421875
INFO Gradient norm: 771.8207067564462
PROGRESS    Completed epoch 166 / 2000;    current loss: 308.17205810546875
INFO Gradient norm: 766.9185776445588
PROGRESS    Completed epoch 167 / 2000;    current loss: 306.2294921875
INFO Gradient norm: 762.360691125958
PROGRESS    Completed epoch 168 / 2000;    current loss: 304.3006591796875
INFO Gradient norm: 757.9978825689715
PROGRESS    Completed epoch 169 / 2000;    current loss: 302.3834228515625
INFO Gradient norm: 753.858281971245
PROGRESS    Completed epoch 170 / 2000;    current loss: 300.47705078125
INFO Gradient norm: 749.9095235788399
PROGRESS    Completed epoch 171 / 2000;    current loss: 298.5795593261719
INFO Gradient norm: 746.1592479088164
PROGRESS    Completed epoch 172 / 2000;    current loss: 296.6903076171875
INFO Gradient norm: 742.5590699996728
PROGRESS    Completed epoch 173 / 2000;    current loss: 294.8080139160156
INFO Gradient norm: 739.0847784206723
PROGRESS    Completed epoch 174 / 2000;    current loss: 292.9310302734375
INFO Gradient norm: 735.7192219595219
PROGRESS    Completed epoch 175 / 2000;    current loss: 291.0589904785156
INFO Gradient norm: 732.4434215005289
PROGRESS    Completed epoch 176 / 2000;    current loss: 289.1905517578125
INFO Gradient norm: 729.2392981063225
PROGRESS    Completed epoch 177 / 2000;    current loss: 287.32452392578125
INFO Gradient norm: 726.0936738485171
PROGRESS    Completed epoch 178 / 2000;    current loss: 285.46044921875
INFO Gradient norm: 722.9940913767804
PROGRESS    Completed epoch 179 / 2000;    current loss: 283.5976257324219
INFO Gradient norm: 719.9288741580051
PROGRESS    Completed epoch 180 / 2000;    current loss: 281.7351989746094
INFO Gradient norm: 716.8899515172333
PROGRESS    Completed epoch 181 / 2000;    current loss: 279.87310791015625
INFO Gradient norm: 713.8681030394501
PROGRESS    Completed epoch 182 / 2000;    current loss: 278.010986328125
INFO Gradient norm: 710.8565053782229
PROGRESS    Completed epoch 183 / 2000;    current loss: 276.1477355957031
INFO Gradient norm: 707.8493780187226
PROGRESS    Completed epoch 184 / 2000;    current loss: 274.2839660644531
INFO Gradient norm: 704.8414554737462
PROGRESS    Completed epoch 185 / 2000;    current loss: 272.4189147949219
INFO Gradient norm: 701.8292751255914
PROGRESS    Completed epoch 186 / 2000;    current loss: 270.55303955078125
INFO Gradient norm: 698.809481540665
PROGRESS    Completed epoch 187 / 2000;    current loss: 268.6860046386719
INFO Gradient norm: 695.7794654486243
PROGRESS    Completed epoch 188 / 2000;    current loss: 266.81793212890625
INFO Gradient norm: 692.7364230172969
PROGRESS    Completed epoch 189 / 2000;    current loss: 264.9487609863281
INFO Gradient norm: 689.6803204624006
PROGRESS    Completed epoch 190 / 2000;    current loss: 263.0788879394531
INFO Gradient norm: 686.6087886131241
PROGRESS    Completed epoch 191 / 2000;    current loss: 261.2078552246094
INFO Gradient norm: 683.5220430850837
PROGRESS    Completed epoch 192 / 2000;    current loss: 259.336181640625
INFO Gradient norm: 680.4198326996759
PROGRESS    Completed epoch 193 / 2000;    current loss: 257.4644775390625
INFO Gradient norm: 677.3011809706273
PROGRESS    Completed epoch 194 / 2000;    current loss: 255.59169006347656
INFO Gradient norm: 674.16718530424
PROGRESS    Completed epoch 195 / 2000;    current loss: 253.7191162109375
INFO Gradient norm: 671.0176516921358
PROGRESS    Completed epoch 196 / 2000;    current loss: 251.84634399414062
INFO Gradient norm: 667.8519009454135
PROGRESS    Completed epoch 197 / 2000;    current loss: 249.97296142578125
INFO Gradient norm: 664.6717367961378
PROGRESS    Completed epoch 198 / 2000;    current loss: 248.10012817382812
INFO Gradient norm: 661.4759980873623
PROGRESS    Completed epoch 199 / 2000;    current loss: 246.2272491455078
INFO Gradient norm: 658.2662360374944
PROGRESS    Completed epoch 200 / 2000;    current loss: 244.3549041748047
INFO Gradient norm: 655.0412615298741
PROGRESS    Completed epoch 201 / 2000;    current loss: 242.4825439453125
INFO Gradient norm: 651.8012996782603
PROGRESS    Completed epoch 202 / 2000;    current loss: 240.61029052734375
INFO Gradient norm: 648.5476094133933
PROGRESS    Completed epoch 203 / 2000;    current loss: 238.7386474609375
INFO Gradient norm: 645.2805207994319
PROGRESS    Completed epoch 204 / 2000;    current loss: 236.86785888671875
INFO Gradient norm: 642.0007933808503
PROGRESS    Completed epoch 205 / 2000;    current loss: 234.99693298339844
INFO Gradient norm: 638.7094374332485
PROGRESS    Completed epoch 206 / 2000;    current loss: 233.12644958496094
INFO Gradient norm: 635.408045111523
PROGRESS    Completed epoch 207 / 2000;    current loss: 231.25662231445312
INFO Gradient norm: 632.0957802319944
PROGRESS    Completed epoch 208 / 2000;    current loss: 229.38636779785156
INFO Gradient norm: 628.7762294216492
PROGRESS    Completed epoch 209 / 2000;    current loss: 227.51699829101562
INFO Gradient norm: 625.4459299966367
PROGRESS    Completed epoch 210 / 2000;    current loss: 225.6471710205078
INFO Gradient norm: 622.1109685282529
PROGRESS    Completed epoch 211 / 2000;    current loss: 223.77735900878906
INFO Gradient norm: 618.7674592341024
PROGRESS    Completed epoch 212 / 2000;    current loss: 221.90768432617188
INFO Gradient norm: 615.4150242435213
PROGRESS    Completed epoch 213 / 2000;    current loss: 220.03749084472656
INFO Gradient norm: 611.975140950147
PROGRESS    Completed epoch 214 / 2000;    current loss: 218.17135620117188
INFO Gradient norm: 608.645510500884
PROGRESS    Completed epoch 215 / 2000;    current loss: 216.30833435058594
INFO Gradient norm: 605.3055858108846
PROGRESS    Completed epoch 216 / 2000;    current loss: 214.4434356689453
INFO Gradient norm: 601.9576264640912
PROGRESS    Completed epoch 217 / 2000;    current loss: 212.57725524902344
INFO Gradient norm: 598.6022908892827
PROGRESS    Completed epoch 218 / 2000;    current loss: 210.70860290527344
INFO Gradient norm: 595.2412877593272
PROGRESS    Completed epoch 219 / 2000;    current loss: 208.83856201171875
INFO Gradient norm: 591.8756838984414
PROGRESS    Completed epoch 220 / 2000;    current loss: 206.9668731689453
INFO Gradient norm: 588.50622207063
PROGRESS    Completed epoch 221 / 2000;    current loss: 205.09335327148438
INFO Gradient norm: 585.1332814826707
PROGRESS    Completed epoch 222 / 2000;    current loss: 203.21852111816406
INFO Gradient norm: 581.7579448645884
PROGRESS    Completed epoch 223 / 2000;    current loss: 201.34226989746094
INFO Gradient norm: 578.3785213867626
PROGRESS    Completed epoch 224 / 2000;    current loss: 199.46449279785156
INFO Gradient norm: 574.9949383082874
PROGRESS    Completed epoch 225 / 2000;    current loss: 197.58567810058594
INFO Gradient norm: 571.605674901674
PROGRESS    Completed epoch 226 / 2000;    current loss: 195.70578002929688
INFO Gradient norm: 568.2107452479787
PROGRESS    Completed epoch 227 / 2000;    current loss: 193.82510375976562
INFO Gradient norm: 564.8102330337701
PROGRESS    Completed epoch 228 / 2000;    current loss: 191.94381713867188
INFO Gradient norm: 561.4012141903905
PROGRESS    Completed epoch 229 / 2000;    current loss: 190.06173706054688
INFO Gradient norm: 557.9840704414706
PROGRESS    Completed epoch 230 / 2000;    current loss: 188.17965698242188
INFO Gradient norm: 554.5591632404912
PROGRESS    Completed epoch 231 / 2000;    current loss: 186.29742431640625
INFO Gradient norm: 551.1244192365923
PROGRESS    Completed epoch 232 / 2000;    current loss: 184.4151611328125
INFO Gradient norm: 547.6807533846255
PROGRESS    Completed epoch 233 / 2000;    current loss: 182.5333251953125
INFO Gradient norm: 544.2651512344185
PROGRESS    Completed epoch 234 / 2000;    current loss: 180.65167236328125
INFO Gradient norm: 540.8112613323274
PROGRESS    Completed epoch 235 / 2000;    current loss: 178.77218627929688
INFO Gradient norm: 537.3448542958176
PROGRESS    Completed epoch 236 / 2000;    current loss: 176.89288330078125
INFO Gradient norm: 533.864694108946
PROGRESS    Completed epoch 237 / 2000;    current loss: 175.01412963867188
INFO Gradient norm: 530.3709544642188
PROGRESS    Completed epoch 238 / 2000;    current loss: 173.1360321044922
INFO Gradient norm: 526.863509690638
PROGRESS    Completed epoch 239 / 2000;    current loss: 171.2591094970703
INFO Gradient norm: 523.322547220653
PROGRESS    Completed epoch 240 / 2000;    current loss: 169.3838348388672
INFO Gradient norm: 519.8006092046359
PROGRESS    Completed epoch 241 / 2000;    current loss: 167.51051330566406
INFO Gradient norm: 516.2642278404946
PROGRESS    Completed epoch 242 / 2000;    current loss: 165.63839721679688
INFO Gradient norm: 512.7137353547414
PROGRESS    Completed epoch 243 / 2000;    current loss: 163.768310546875
INFO Gradient norm: 509.14952465396533
PROGRESS    Completed epoch 244 / 2000;    current loss: 161.90023803710938
INFO Gradient norm: 505.5712755092676
PROGRESS    Completed epoch 245 / 2000;    current loss: 160.03439331054688
INFO Gradient norm: 501.97912407619106
PROGRESS    Completed epoch 246 / 2000;    current loss: 158.1709747314453
INFO Gradient norm: 498.37362170671025
PROGRESS    Completed epoch 247 / 2000;    current loss: 156.31045532226562
INFO Gradient norm: 494.7537551174724
PROGRESS    Completed epoch 248 / 2000;    current loss: 154.45263671875
INFO Gradient norm: 491.12161425742437
PROGRESS    Completed epoch 249 / 2000;    current loss: 152.59805297851562
INFO Gradient norm: 487.48668006273476
PROGRESS    Completed epoch 250 / 2000;    current loss: 150.74656677246094
INFO Gradient norm: 483.8302935519888
PROGRESS    Completed epoch 251 / 2000;    current loss: 148.89869689941406
INFO Gradient norm: 480.16008371520076
PROGRESS    Completed epoch 252 / 2000;    current loss: 147.0543670654297
INFO Gradient norm: 476.47692024347725
PROGRESS    Completed epoch 253 / 2000;    current loss: 145.21377563476562
INFO Gradient norm: 472.7818631930499
PROGRESS    Completed epoch 254 / 2000;    current loss: 143.37744140625
INFO Gradient norm: 469.0771478305695
PROGRESS    Completed epoch 255 / 2000;    current loss: 141.54470825195312
INFO Gradient norm: 465.36661393092294
PROGRESS    Completed epoch 256 / 2000;    current loss: 139.7165985107422
INFO Gradient norm: 461.64471247778795
PROGRESS    Completed epoch 257 / 2000;    current loss: 137.89297485351562
INFO Gradient norm: 457.9145027525322
PROGRESS    Completed epoch 258 / 2000;    current loss: 136.07400512695312
INFO Gradient norm: 454.1755083535945
PROGRESS    Completed epoch 259 / 2000;    current loss: 134.25970458984375
INFO Gradient norm: 450.42994595504234
PROGRESS    Completed epoch 260 / 2000;    current loss: 132.45045471191406
INFO Gradient norm: 446.6774743046598
PROGRESS    Completed epoch 261 / 2000;    current loss: 130.64645385742188
INFO Gradient norm: 442.9191789325803
PROGRESS    Completed epoch 262 / 2000;    current loss: 128.84756469726562
INFO Gradient norm: 439.15550029234424
PROGRESS    Completed epoch 263 / 2000;    current loss: 127.05384063720703
INFO Gradient norm: 435.3876132867963
PROGRESS    Completed epoch 264 / 2000;    current loss: 125.2658462524414
INFO Gradient norm: 431.6168834655684
PROGRESS    Completed epoch 265 / 2000;    current loss: 123.48331451416016
INFO Gradient norm: 427.84496588385684
PROGRESS    Completed epoch 266 / 2000;    current loss: 121.70692443847656
INFO Gradient norm: 424.0718731860483
PROGRESS    Completed epoch 267 / 2000;    current loss: 119.93629455566406
INFO Gradient norm: 420.2977577489396
PROGRESS    Completed epoch 268 / 2000;    current loss: 118.17138671875
INFO Gradient norm: 416.5271292039822
PROGRESS    Completed epoch 269 / 2000;    current loss: 116.41311645507812
INFO Gradient norm: 412.7578417159289
PROGRESS    Completed epoch 270 / 2000;    current loss: 114.660888671875
INFO Gradient norm: 408.9917289646566
PROGRESS    Completed epoch 271 / 2000;    current loss: 112.91508483886719
INFO Gradient norm: 405.23071205757697
PROGRESS    Completed epoch 272 / 2000;    current loss: 111.17597198486328
INFO Gradient norm: 401.47561018234245
PROGRESS    Completed epoch 273 / 2000;    current loss: 109.44347381591797
INFO Gradient norm: 397.7283005893807
PROGRESS    Completed epoch 274 / 2000;    current loss: 107.7178726196289
INFO Gradient norm: 393.9892634872356
PROGRESS    Completed epoch 275 / 2000;    current loss: 105.99894714355469
INFO Gradient norm: 390.2599788412481
PROGRESS    Completed epoch 276 / 2000;    current loss: 104.28706359863281
INFO Gradient norm: 386.5423250848365
PROGRESS    Completed epoch 277 / 2000;    current loss: 102.58223724365234
INFO Gradient norm: 382.83707416125816
PROGRESS    Completed epoch 278 / 2000;    current loss: 100.88449096679688
INFO Gradient norm: 379.14635022457503
PROGRESS    Completed epoch 279 / 2000;    current loss: 99.19390869140625
INFO Gradient norm: 375.47183048619974
PROGRESS    Completed epoch 280 / 2000;    current loss: 97.51065063476562
INFO Gradient norm: 371.81663338004574
PROGRESS    Completed epoch 281 / 2000;    current loss: 95.83478546142578
INFO Gradient norm: 368.1818274013867
PROGRESS    Completed epoch 282 / 2000;    current loss: 94.16624450683594
INFO Gradient norm: 364.5699301825177
PROGRESS    Completed epoch 283 / 2000;    current loss: 92.50541687011719
INFO Gradient norm: 360.9841004558581
PROGRESS    Completed epoch 284 / 2000;    current loss: 90.85226440429688
INFO Gradient norm: 357.42629073197094
PROGRESS    Completed epoch 285 / 2000;    current loss: 89.20699310302734
INFO Gradient norm: 353.9002498834806
PROGRESS    Completed epoch 286 / 2000;    current loss: 87.56953430175781
INFO Gradient norm: 350.40805044980556
PROGRESS    Completed epoch 287 / 2000;    current loss: 85.94026947021484
INFO Gradient norm: 346.95335481797
PROGRESS    Completed epoch 288 / 2000;    current loss: 84.31953430175781
INFO Gradient norm: 343.53786633281106
PROGRESS    Completed epoch 289 / 2000;    current loss: 82.70752716064453
INFO Gradient norm: 340.1623080833462
PROGRESS    Completed epoch 290 / 2000;    current loss: 81.1043701171875
INFO Gradient norm: 336.82573780292233
PROGRESS    Completed epoch 291 / 2000;    current loss: 79.5106201171875
INFO Gradient norm: 333.5260918985324
PROGRESS    Completed epoch 292 / 2000;    current loss: 77.92658996582031
INFO Gradient norm: 330.2582142100641
PROGRESS    Completed epoch 293 / 2000;    current loss: 76.3525161743164
INFO Gradient norm: 327.1545849864961
PROGRESS    Completed epoch 294 / 2000;    current loss: 74.79074096679688
INFO Gradient norm: 324.0315574506413
PROGRESS    Completed epoch 295 / 2000;    current loss: 73.24004364013672
INFO Gradient norm: 320.9115048089572
PROGRESS    Completed epoch 296 / 2000;    current loss: 71.69984436035156
INFO Gradient norm: 317.7997045042716
PROGRESS    Completed epoch 297 / 2000;    current loss: 70.1698226928711
INFO Gradient norm: 314.7073780587156
PROGRESS    Completed epoch 298 / 2000;    current loss: 68.65057373046875
INFO Gradient norm: 311.64562890933075
PROGRESS    Completed epoch 299 / 2000;    current loss: 67.1422348022461
INFO Gradient norm: 308.6301943560767
PROGRESS    Completed epoch 300 / 2000;    current loss: 65.64584350585938
INFO Gradient norm: 305.7330286159286
PROGRESS    Completed epoch 301 / 2000;    current loss: 64.16645812988281
INFO Gradient norm: 303.0278293786369
PROGRESS    Completed epoch 302 / 2000;    current loss: 62.70170211791992
INFO Gradient norm: 300.474493187963
PROGRESS    Completed epoch 303 / 2000;    current loss: 61.25244140625
INFO Gradient norm: 298.1466674740784
PROGRESS    Completed epoch 304 / 2000;    current loss: 59.82048797607422
INFO Gradient norm: 295.441331249308
PROGRESS    Completed epoch 305 / 2000;    current loss: 58.403228759765625
INFO Gradient norm: 292.16794021674554
PROGRESS    Completed epoch 306 / 2000;    current loss: 56.99561309814453
INFO Gradient norm: 288.24553804899546
PROGRESS    Completed epoch 307 / 2000;    current loss: 55.59585189819336
INFO Gradient norm: 283.9075338300172
PROGRESS    Completed epoch 308 / 2000;    current loss: 54.20804977416992
INFO Gradient norm: 279.06109535803654
PROGRESS    Completed epoch 309 / 2000;    current loss: 52.83488464355469
INFO Gradient norm: 273.95610265905685
PROGRESS    Completed epoch 310 / 2000;    current loss: 51.47823715209961
INFO Gradient norm: 269.3488933734496
PROGRESS    Completed epoch 311 / 2000;    current loss: 50.1380500793457
INFO Gradient norm: 265.119703891158
PROGRESS    Completed epoch 312 / 2000;    current loss: 48.811256408691406
INFO Gradient norm: 261.2779644958633
PROGRESS    Completed epoch 313 / 2000;    current loss: 47.497352600097656
INFO Gradient norm: 257.72861220896715
PROGRESS    Completed epoch 314 / 2000;    current loss: 46.19473648071289
INFO Gradient norm: 254.45142074052458
PROGRESS    Completed epoch 315 / 2000;    current loss: 44.90449905395508
INFO Gradient norm: 251.51896486541983
PROGRESS    Completed epoch 316 / 2000;    current loss: 43.62950897216797
INFO Gradient norm: 249.12365493765256
PROGRESS    Completed epoch 317 / 2000;    current loss: 42.374183654785156
INFO Gradient norm: 246.23528557996934
PROGRESS    Completed epoch 318 / 2000;    current loss: 41.137542724609375
INFO Gradient norm: 242.53974093616844
PROGRESS    Completed epoch 319 / 2000;    current loss: 39.91603088378906
INFO Gradient norm: 237.9389051146278
PROGRESS    Completed epoch 320 / 2000;    current loss: 38.708431243896484
INFO Gradient norm: 232.81876303648653
PROGRESS    Completed epoch 321 / 2000;    current loss: 37.51959991455078
INFO Gradient norm: 228.98264914581105
PROGRESS    Completed epoch 322 / 2000;    current loss: 36.36785888671875
INFO Gradient norm: 226.12956501417713
PROGRESS    Completed epoch 323 / 2000;    current loss: 35.25069046020508
INFO Gradient norm: 222.44502411215902
PROGRESS    Completed epoch 324 / 2000;    current loss: 34.14631271362305
INFO Gradient norm: 217.96951054286913
PROGRESS    Completed epoch 325 / 2000;    current loss: 33.05424499511719
INFO Gradient norm: 212.85392266311766
PROGRESS    Completed epoch 326 / 2000;    current loss: 31.976970672607422
INFO Gradient norm: 208.62872786153815
PROGRESS    Completed epoch 327 / 2000;    current loss: 30.915817260742188
INFO Gradient norm: 205.0393892643367
PROGRESS    Completed epoch 328 / 2000;    current loss: 29.868648529052734
INFO Gradient norm: 202.2512960586827
PROGRESS    Completed epoch 329 / 2000;    current loss: 28.838394165039062
INFO Gradient norm: 198.67024718651248
PROGRESS    Completed epoch 330 / 2000;    current loss: 27.82445526123047
INFO Gradient norm: 194.0916679689463
PROGRESS    Completed epoch 331 / 2000;    current loss: 26.82574462890625
INFO Gradient norm: 189.18139002761185
PROGRESS    Completed epoch 332 / 2000;    current loss: 25.847206115722656
INFO Gradient norm: 185.23745456897427
PROGRESS    Completed epoch 333 / 2000;    current loss: 24.885744094848633
INFO Gradient norm: 181.91883305668696
PROGRESS    Completed epoch 334 / 2000;    current loss: 23.93968963623047
INFO Gradient norm: 179.77925801948078
PROGRESS    Completed epoch 335 / 2000;    current loss: 23.014892578125
INFO Gradient norm: 176.54048274428482
PROGRESS    Completed epoch 336 / 2000;    current loss: 22.110084533691406
INFO Gradient norm: 171.44664767210799
PROGRESS    Completed epoch 337 / 2000;    current loss: 21.22110939025879
INFO Gradient norm: 166.38615381577114
PROGRESS    Completed epoch 338 / 2000;    current loss: 20.35675621032715
INFO Gradient norm: 162.58252331881286
PROGRESS    Completed epoch 339 / 2000;    current loss: 19.518096923828125
INFO Gradient norm: 159.56894359556435
PROGRESS    Completed epoch 340 / 2000;    current loss: 18.692935943603516
INFO Gradient norm: 158.39063273515185
PROGRESS    Completed epoch 341 / 2000;    current loss: 17.88884925842285
INFO Gradient norm: 154.73062803759473
PROGRESS    Completed epoch 342 / 2000;    current loss: 17.101198196411133
INFO Gradient norm: 148.7433427764624
PROGRESS    Completed epoch 343 / 2000;    current loss: 16.331008911132812
INFO Gradient norm: 143.08314363942264
PROGRESS    Completed epoch 344 / 2000;    current loss: 15.583995819091797
INFO Gradient norm: 139.76560098608
PROGRESS    Completed epoch 345 / 2000;    current loss: 14.855830192565918
INFO Gradient norm: 135.48986517420263
PROGRESS    Completed epoch 346 / 2000;    current loss: 14.136224746704102
INFO Gradient norm: 134.8648697251786
PROGRESS    Completed epoch 347 / 2000;    current loss: 13.444414138793945
INFO Gradient norm: 133.8484778513513
PROGRESS    Completed epoch 348 / 2000;    current loss: 12.773930549621582
INFO Gradient norm: 125.60339972281334
PROGRESS    Completed epoch 349 / 2000;    current loss: 12.110635757446289
INFO Gradient norm: 121.08698712123493
PROGRESS    Completed epoch 350 / 2000;    current loss: 11.484081268310547
INFO Gradient norm: 118.21523176185026
PROGRESS    Completed epoch 351 / 2000;    current loss: 10.872199058532715
INFO Gradient norm: 112.50997234630952
PROGRESS    Completed epoch 352 / 2000;    current loss: 10.268913269042969
INFO Gradient norm: 122.98620215713846
PROGRESS    Completed epoch 353 / 2000;    current loss: 9.701154708862305
INFO Gradient norm: 120.73766655018834
PROGRESS    Completed epoch 354 / 2000;    current loss: 9.14297103881836
INFO Gradient norm: 101.38920353222731
PROGRESS    Completed epoch 355 / 2000;    current loss: 8.59300708770752
INFO Gradient norm: 97.93338272683219
PROGRESS    Completed epoch 356 / 2000;    current loss: 8.083422660827637
INFO Gradient norm: 104.07949246573887
PROGRESS    Completed epoch 357 / 2000;    current loss: 7.5930585861206055
INFO Gradient norm: 93.73958550928467
PROGRESS    Completed epoch 358 / 2000;    current loss: 7.109296798706055
INFO Gradient norm: 98.42435168477529
PROGRESS    Completed epoch 359 / 2000;    current loss: 6.653645992279053
INFO Gradient norm: 94.18009926601839
PROGRESS    Completed epoch 360 / 2000;    current loss: 6.210709571838379
INFO Gradient norm: 86.75338891013983
PROGRESS    Completed epoch 361 / 2000;    current loss: 5.784465312957764
INFO Gradient norm: 81.42725723042024
PROGRESS    Completed epoch 362 / 2000;    current loss: 5.380268096923828
INFO Gradient norm: 91.50227103666852
PROGRESS    Completed epoch 363 / 2000;    current loss: 5.00166654586792
INFO Gradient norm: 82.73958442810294
PROGRESS    Completed epoch 364 / 2000;    current loss: 4.628852844238281
INFO Gradient norm: 101.2645728987351
PROGRESS    Completed epoch 365 / 2000;    current loss: 4.286271572113037
INFO Gradient norm: 91.62621196898972
PROGRESS    Completed epoch 366 / 2000;    current loss: 3.9602694511413574
INFO Gradient norm: 100.94299938877047
PROGRESS    Completed epoch 367 / 2000;    current loss: 3.6628060340881348
INFO Gradient norm: 100.4511981081814
PROGRESS    Completed epoch 368 / 2000;    current loss: 3.376254081726074
INFO Gradient norm: 77.0292330300365
PROGRESS    Completed epoch 369 / 2000;    current loss: 3.098517417907715
INFO Gradient norm: 52.88631697452321
PROGRESS    Completed epoch 370 / 2000;    current loss: 2.8422739505767822
INFO Gradient norm: 136.79076367164527
PROGRESS    Completed epoch 371 / 2000;    current loss: 2.6315805912017822
INFO Gradient norm: 82.51424311733405
PROGRESS    Completed epoch 372 / 2000;    current loss: 2.3935396671295166
INFO Gradient norm: 210.6484172048545
PROGRESS    Completed epoch 373 / 2000;    current loss: 2.226703405380249
INFO Gradient norm: 214.29080867901234
PROGRESS    Completed epoch 374 / 2000;    current loss: 2.0357666015625
INFO Gradient norm: 73.80946976716132
PROGRESS    Completed epoch 375 / 2000;    current loss: 1.8204253911972046
INFO Gradient norm: 73.51076911459414
PROGRESS    Completed epoch 376 / 2000;    current loss: 1.6570649147033691
INFO Gradient norm: 238.68921697989805
PROGRESS    Completed epoch 377 / 2000;    current loss: 1.5531795024871826
INFO Gradient norm: 171.52587488414764
PROGRESS    Completed epoch 378 / 2000;    current loss: 1.3975236415863037
INFO Gradient norm: 207.70772426181938
PROGRESS    Completed epoch 379 / 2000;    current loss: 1.302295446395874
INFO Gradient norm: 222.31568934624465
PROGRESS    Completed epoch 380 / 2000;    current loss: 1.2015079259872437
INFO Gradient norm: 107.76468144531799
PROGRESS    Completed epoch 381 / 2000;    current loss: 1.0639336109161377
INFO Gradient norm: 73.84267884301862
PROGRESS    Completed epoch 382 / 2000;    current loss: 0.9688803553581238
INFO Gradient norm: 271.4750486835135
PROGRESS    Completed epoch 383 / 2000;    current loss: 0.9506441950798035
INFO Gradient norm: 208.54963365576972
PROGRESS    Completed epoch 384 / 2000;    current loss: 0.8472083210945129
INFO Gradient norm: 282.3488679644799
PROGRESS    Completed epoch 385 / 2000;    current loss: 0.7972633838653564
INFO Gradient norm: 272.3210105901625
PROGRESS    Completed epoch 386 / 2000;    current loss: 0.7391744256019592
INFO Gradient norm: 196.49401951398457
PROGRESS    Completed epoch 387 / 2000;    current loss: 0.6771341562271118
INFO Gradient norm: 168.25188261572842
PROGRESS    Completed epoch 388 / 2000;    current loss: 0.6279426217079163
INFO Gradient norm: 351.42965657659556
PROGRESS    Completed epoch 389 / 2000;    current loss: 0.6422257423400879
INFO Gradient norm: 283.0427584216581
PROGRESS    Completed epoch 390 / 2000;    current loss: 0.589715838432312
INFO Gradient norm: 274.3004275300527
PROGRESS    Completed epoch 391 / 2000;    current loss: 0.5758870244026184
INFO Gradient norm: 255.09211029960605
PROGRESS    Completed epoch 392 / 2000;    current loss: 0.5524423718452454
INFO Gradient norm: 305.41796375179473
PROGRESS    Completed epoch 393 / 2000;    current loss: 0.5476474165916443
INFO Gradient norm: 240.49654805784564
PROGRESS    Completed epoch 394 / 2000;    current loss: 0.5212002992630005
INFO Gradient norm: 331.98141509109064
PROGRESS    Completed epoch 395 / 2000;    current loss: 0.5587835311889648
INFO Gradient norm: 302.97897500575107
PROGRESS    Completed epoch 396 / 2000;    current loss: 0.5399835109710693
INFO Gradient norm: 283.1153959350241
PROGRESS    Completed epoch 397 / 2000;    current loss: 0.517452597618103
INFO Gradient norm: 221.63069626754324
PROGRESS    Completed epoch 398 / 2000;    current loss: 0.49963444471359253
INFO Gradient norm: 359.3202287138961
PROGRESS    Completed epoch 399 / 2000;    current loss: 0.5579406023025513
INFO Gradient norm: 324.055668807295
PROGRESS    Completed epoch 400 / 2000;    current loss: 0.5385541319847107
INFO Gradient norm: 278.5772392489237
PROGRESS    Completed epoch 401 / 2000;    current loss: 0.508497416973114
INFO Gradient norm: 219.27914543451755
PROGRESS    Completed epoch 402 / 2000;    current loss: 0.49351078271865845
INFO Gradient norm: 368.30733511865577
PROGRESS    Completed epoch 403 / 2000;    current loss: 0.5571662187576294
INFO Gradient norm: 329.42679544922896
PROGRESS    Completed epoch 404 / 2000;    current loss: 0.5369954705238342
INFO Gradient norm: 284.4274547798671
PROGRESS    Completed epoch 405 / 2000;    current loss: 0.5072453022003174
INFO Gradient norm: 225.93412552538842
PROGRESS    Completed epoch 406 / 2000;    current loss: 0.4928911328315735
INFO Gradient norm: 367.6870129665648
PROGRESS    Completed epoch 407 / 2000;    current loss: 0.554607629776001
INFO Gradient norm: 326.95844650064015
PROGRESS    Completed epoch 408 / 2000;    current loss: 0.5342475175857544
INFO Gradient norm: 294.7548108196126
PROGRESS    Completed epoch 409 / 2000;    current loss: 0.5088427066802979
INFO Gradient norm: 236.08883250730972
PROGRESS    Completed epoch 410 / 2000;    current loss: 0.4942568838596344
INFO Gradient norm: 363.03788235760965
PROGRESS    Completed epoch 411 / 2000;    current loss: 0.5512059926986694
INFO Gradient norm: 321.51385226004726
PROGRESS    Completed epoch 412 / 2000;    current loss: 0.5310893058776855
INFO Gradient norm: 305.6225115998885
PROGRESS    Completed epoch 413 / 2000;    current loss: 0.5112373232841492
INFO Gradient norm: 246.29260358356905
PROGRESS    Completed epoch 414 / 2000;    current loss: 0.49610635638237
INFO Gradient norm: 357.45008970204975
PROGRESS    Completed epoch 415 / 2000;    current loss: 0.5478463172912598
INFO Gradient norm: 315.73621508920195
PROGRESS    Completed epoch 416 / 2000;    current loss: 0.528173565864563
INFO Gradient norm: 315.0027049153593
PROGRESS    Completed epoch 417 / 2000;    current loss: 0.513486385345459
INFO Gradient norm: 254.80266892736117
PROGRESS    Completed epoch 418 / 2000;    current loss: 0.4977744519710541
INFO Gradient norm: 352.5106089710946
PROGRESS    Completed epoch 419 / 2000;    current loss: 0.5450548529624939
INFO Gradient norm: 310.8720271648565
PROGRESS    Completed epoch 420 / 2000;    current loss: 0.5258179903030396
INFO Gradient norm: 322.14539132718005
PROGRESS    Completed epoch 421 / 2000;    current loss: 0.5152186155319214
INFO Gradient norm: 261.18074394776875
PROGRESS    Completed epoch 422 / 2000;    current loss: 0.49901342391967773
INFO Gradient norm: 348.72411271523293
PROGRESS    Completed epoch 423 / 2000;    current loss: 0.5429356098175049
INFO Gradient norm: 307.2676809526393
PROGRESS    Completed epoch 424 / 2000;    current loss: 0.5240513682365417
INFO Gradient norm: 327.0077445309371
PROGRESS    Completed epoch 425 / 2000;    current loss: 0.5163397192955017
INFO Gradient norm: 265.4183190120719
PROGRESS    Completed epoch 426 / 2000;    current loss: 0.49977418780326843
INFO Gradient norm: 346.12936776515915
PROGRESS    Completed epoch 427 / 2000;    current loss: 0.5414276719093323
INFO Gradient norm: 304.88155778372453
PROGRESS    Completed epoch 428 / 2000;    current loss: 0.522834300994873
INFO Gradient norm: 330.0603312022143
PROGRESS    Completed epoch 429 / 2000;    current loss: 0.5169638395309448
INFO Gradient norm: 268.0063033828877
PROGRESS    Completed epoch 430 / 2000;    current loss: 0.5001342296600342
INFO Gradient norm: 344.51095914013405
PROGRESS    Completed epoch 431 / 2000;    current loss: 0.5404163002967834
INFO Gradient norm: 303.4297373453579
PROGRESS    Completed epoch 432 / 2000;    current loss: 0.5219990015029907
INFO Gradient norm: 331.6954452476076
PROGRESS    Completed epoch 433 / 2000;    current loss: 0.5171703100204468
INFO Gradient norm: 269.35654964142833
PROGRESS    Completed epoch 434 / 2000;    current loss: 0.5002077221870422
INFO Gradient norm: 343.61652012871787
PROGRESS    Completed epoch 435 / 2000;    current loss: 0.5397577285766602
INFO Gradient norm: 302.6700283073219
PROGRESS    Completed epoch 436 / 2000;    current loss: 0.5214548110961914
INFO Gradient norm: 332.43488853682567
PROGRESS    Completed epoch 437 / 2000;    current loss: 0.5171225070953369
INFO Gradient norm: 269.9351929426414
PROGRESS    Completed epoch 438 / 2000;    current loss: 0.5000907778739929
INFO Gradient norm: 343.1660199837089
PROGRESS    Completed epoch 439 / 2000;    current loss: 0.5393246412277222
INFO Gradient norm: 302.26608455680713
PROGRESS    Completed epoch 440 / 2000;    current loss: 0.5210767388343811
INFO Gradient norm: 332.62324925094384
PROGRESS    Completed epoch 441 / 2000;    current loss: 0.5169253349304199
INFO Gradient norm: 270.0726166773871
PROGRESS    Completed epoch 442 / 2000;    current loss: 0.4998778998851776
INFO Gradient norm: 342.9433089484283
PROGRESS    Completed epoch 443 / 2000;    current loss: 0.5390087366104126
INFO Gradient norm: 302.1112806961805
PROGRESS    Completed epoch 444 / 2000;    current loss: 0.5207998156547546
INFO Gradient norm: 332.53978547601616
PROGRESS    Completed epoch 445 / 2000;    current loss: 0.5166717767715454
INFO Gradient norm: 269.9352402838431
PROGRESS    Completed epoch 446 / 2000;    current loss: 0.4996088147163391
INFO Gradient norm: 342.81467164365137
PROGRESS    Completed epoch 447 / 2000;    current loss: 0.538753867149353
INFO Gradient norm: 302.02145009813984
PROGRESS    Completed epoch 448 / 2000;    current loss: 0.5205719470977783
INFO Gradient norm: 332.32432273460023
PROGRESS    Completed epoch 449 / 2000;    current loss: 0.5163878798484802
INFO Gradient norm: 269.7713216923028
PROGRESS    Completed epoch 450 / 2000;    current loss: 0.49935850501060486
INFO Gradient norm: 342.703447800204
PROGRESS    Completed epoch 451 / 2000;    current loss: 0.5385262370109558
INFO Gradient norm: 301.9134803275747
PROGRESS    Completed epoch 452 / 2000;    current loss: 0.5203506946563721
INFO Gradient norm: 332.1299391021799
PROGRESS    Completed epoch 453 / 2000;    current loss: 0.5161322951316833
INFO Gradient norm: 269.6660255015059
PROGRESS    Completed epoch 454 / 2000;    current loss: 0.4991363286972046
INFO Gradient norm: 342.5588481368767
PROGRESS    Completed epoch 455 / 2000;    current loss: 0.5382874608039856
INFO Gradient norm: 301.75110402904124
PROGRESS    Completed epoch 456 / 2000;    current loss: 0.5201289057731628
INFO Gradient norm: 332.00608852116926
PROGRESS    Completed epoch 457 / 2000;    current loss: 0.5159115791320801
INFO Gradient norm: 269.61187535791476
PROGRESS    Completed epoch 458 / 2000;    current loss: 0.4989399313926697
INFO Gradient norm: 342.32732623994707
PROGRESS    Completed epoch 459 / 2000;    current loss: 0.5380455255508423
INFO Gradient norm: 301.5427006147471
PROGRESS    Completed epoch 460 / 2000;    current loss: 0.5198890566825867
INFO Gradient norm: 331.9440200530997
PROGRESS    Completed epoch 461 / 2000;    current loss: 0.5157217383384705
INFO Gradient norm: 269.5516969447509
PROGRESS    Completed epoch 462 / 2000;    current loss: 0.4987545609474182
INFO Gradient norm: 342.05216655940626
PROGRESS    Completed epoch 463 / 2000;    current loss: 0.5377721786499023
INFO Gradient norm: 301.24998435968547
PROGRESS    Completed epoch 464 / 2000;    current loss: 0.5196397304534912
INFO Gradient norm: 331.9433045513024
PROGRESS    Completed epoch 465 / 2000;    current loss: 0.5155581831932068
INFO Gradient norm: 269.6053313236452
PROGRESS    Completed epoch 466 / 2000;    current loss: 0.49860867857933044
INFO Gradient norm: 341.71028288632294
PROGRESS    Completed epoch 467 / 2000;    current loss: 0.5374775528907776
INFO Gradient norm: 300.92117145373305
PROGRESS    Completed epoch 468 / 2000;    current loss: 0.5193655490875244
INFO Gradient norm: 331.93302150812485
PROGRESS    Completed epoch 469 / 2000;    current loss: 0.5154068470001221
INFO Gradient norm: 269.7203238154046
PROGRESS    Completed epoch 470 / 2000;    current loss: 0.4984850287437439
INFO Gradient norm: 341.3638514915059
PROGRESS    Completed epoch 471 / 2000;    current loss: 0.5371979475021362
INFO Gradient norm: 300.57664102660897
PROGRESS    Completed epoch 472 / 2000;    current loss: 0.519100546836853
INFO Gradient norm: 332.009934742972
PROGRESS    Completed epoch 473 / 2000;    current loss: 0.5152861475944519
INFO Gradient norm: 269.7751488126204
PROGRESS    Completed epoch 474 / 2000;    current loss: 0.49835675954818726
INFO Gradient norm: 340.9747428072262
PROGRESS    Completed epoch 475 / 2000;    current loss: 0.5368963479995728
INFO Gradient norm: 300.21015933764687
PROGRESS    Completed epoch 476 / 2000;    current loss: 0.5188358426094055
INFO Gradient norm: 332.0586315736336
PROGRESS    Completed epoch 477 / 2000;    current loss: 0.5151695013046265
INFO Gradient norm: 269.8774301352174
PROGRESS    Completed epoch 478 / 2000;    current loss: 0.4982423186302185
INFO Gradient norm: 340.5781073709756
PROGRESS    Completed epoch 479 / 2000;    current loss: 0.536602795124054
INFO Gradient norm: 299.84022194049726
PROGRESS    Completed epoch 480 / 2000;    current loss: 0.5185714364051819
INFO Gradient norm: 332.1124049741796
PROGRESS    Completed epoch 481 / 2000;    current loss: 0.5150542259216309
INFO Gradient norm: 269.97880516567676
PROGRESS    Completed epoch 482 / 2000;    current loss: 0.49813613295555115
INFO Gradient norm: 340.1719025722245
PROGRESS    Completed epoch 483 / 2000;    current loss: 0.5363065600395203
INFO Gradient norm: 299.4516530522579
PROGRESS    Completed epoch 484 / 2000;    current loss: 0.518305242061615
INFO Gradient norm: 332.1751325998325
PROGRESS    Completed epoch 485 / 2000;    current loss: 0.5149545073509216
INFO Gradient norm: 270.034655058375
PROGRESS    Completed epoch 486 / 2000;    current loss: 0.49802473187446594
INFO Gradient norm: 339.7885783051928
PROGRESS    Completed epoch 487 / 2000;    current loss: 0.5360270142555237
INFO Gradient norm: 299.07843138959913
PROGRESS    Completed epoch 488 / 2000;    current loss: 0.518047571182251
INFO Gradient norm: 332.1599477125435
PROGRESS    Completed epoch 489 / 2000;    current loss: 0.5148305892944336
INFO Gradient norm: 270.0924176027079
PROGRESS    Completed epoch 490 / 2000;    current loss: 0.49791350960731506
INFO Gradient norm: 339.40595333923443
PROGRESS    Completed epoch 491 / 2000;    current loss: 0.5357457399368286
INFO Gradient norm: 298.7191260207723
PROGRESS    Completed epoch 492 / 2000;    current loss: 0.5177971720695496
INFO Gradient norm: 332.1023713205596
PROGRESS    Completed epoch 493 / 2000;    current loss: 0.5146986246109009
INFO Gradient norm: 270.0987993843833
PROGRESS    Completed epoch 494 / 2000;    current loss: 0.4977937340736389
INFO Gradient norm: 339.03302699847626
PROGRESS    Completed epoch 495 / 2000;    current loss: 0.5354811549186707
INFO Gradient norm: 298.3869251159601
PROGRESS    Completed epoch 496 / 2000;    current loss: 0.517566978931427
INFO Gradient norm: 332.0498724481449
PROGRESS    Completed epoch 497 / 2000;    current loss: 0.5145679116249084
INFO Gradient norm: 270.10045544176626
PROGRESS    Completed epoch 498 / 2000;    current loss: 0.497683584690094
INFO Gradient norm: 338.6645568190501
PROGRESS    Completed epoch 499 / 2000;    current loss: 0.5352102518081665
INFO Gradient norm: 298.0572576322858
PROGRESS    Completed epoch 500 / 2000;    current loss: 0.5173311233520508
INFO Gradient norm: 331.9937976270925
PROGRESS    Completed epoch 501 / 2000;    current loss: 0.5144370198249817
INFO Gradient norm: 270.0910913737231
PROGRESS    Completed epoch 502 / 2000;    current loss: 0.49756506085395813
INFO Gradient norm: 338.30122506288984
PROGRESS    Completed epoch 503 / 2000;    current loss: 0.5349440574645996
INFO Gradient norm: 297.70828260999684
PROGRESS    Completed epoch 504 / 2000;    current loss: 0.5170915126800537
INFO Gradient norm: 331.88748440367516
PROGRESS    Completed epoch 505 / 2000;    current loss: 0.514297366142273
INFO Gradient norm: 270.04126596518245
PROGRESS    Completed epoch 506 / 2000;    current loss: 0.4974372684955597
INFO Gradient norm: 337.9354948626341
PROGRESS    Completed epoch 507 / 2000;    current loss: 0.5346795916557312
INFO Gradient norm: 297.37015829645816
PROGRESS    Completed epoch 508 / 2000;    current loss: 0.5168614983558655
INFO Gradient norm: 331.81432983845855
PROGRESS    Completed epoch 509 / 2000;    current loss: 0.5141726136207581
INFO Gradient norm: 269.9763833568171
PROGRESS    Completed epoch 510 / 2000;    current loss: 0.49730634689331055
INFO Gradient norm: 337.5999405844713
PROGRESS    Completed epoch 511 / 2000;    current loss: 0.5344427824020386
INFO Gradient norm: 297.05883009142735
PROGRESS    Completed epoch 512 / 2000;    current loss: 0.5166417360305786
INFO Gradient norm: 331.659605365826
PROGRESS    Completed epoch 513 / 2000;    current loss: 0.5140233039855957
INFO Gradient norm: 269.90802399613415
PROGRESS    Completed epoch 514 / 2000;    current loss: 0.4971843957901001
INFO Gradient norm: 337.24048961552296
PROGRESS    Completed epoch 515 / 2000;    current loss: 0.5341851711273193
INFO Gradient norm: 296.7526745442452
PROGRESS    Completed epoch 516 / 2000;    current loss: 0.5164252519607544
INFO Gradient norm: 331.50930932142603
PROGRESS    Completed epoch 517 / 2000;    current loss: 0.5138763785362244
INFO Gradient norm: 269.7850852482749
PROGRESS    Completed epoch 518 / 2000;    current loss: 0.4970457851886749
INFO Gradient norm: 336.90764892857226
PROGRESS    Completed epoch 519 / 2000;    current loss: 0.5339407324790955
INFO Gradient norm: 296.4244567369276
PROGRESS    Completed epoch 520 / 2000;    current loss: 0.5161968469619751
INFO Gradient norm: 331.32336051232625
PROGRESS    Completed epoch 521 / 2000;    current loss: 0.5137176513671875
INFO Gradient norm: 269.6693725722302
PROGRESS    Completed epoch 522 / 2000;    current loss: 0.49691009521484375
INFO Gradient norm: 336.5799549357396
PROGRESS    Completed epoch 523 / 2000;    current loss: 0.5336959362030029
INFO Gradient norm: 296.09868261879774
PROGRESS    Completed epoch 524 / 2000;    current loss: 0.5159670114517212
INFO Gradient norm: 331.16427503126084
PROGRESS    Completed epoch 525 / 2000;    current loss: 0.5135753154754639
INFO Gradient norm: 269.5819170500186
PROGRESS    Completed epoch 526 / 2000;    current loss: 0.49678266048431396
INFO Gradient norm: 336.2278633508712
PROGRESS    Completed epoch 527 / 2000;    current loss: 0.5334517955780029
INFO Gradient norm: 295.818071463864
PROGRESS    Completed epoch 528 / 2000;    current loss: 0.5157674551010132
INFO Gradient norm: 330.94735298548295
PROGRESS    Completed epoch 529 / 2000;    current loss: 0.5134063959121704
INFO Gradient norm: 269.44202670760365
PROGRESS    Completed epoch 530 / 2000;    current loss: 0.4966355860233307
INFO Gradient norm: 335.88036054982246
PROGRESS    Completed epoch 531 / 2000;    current loss: 0.5331994295120239
INFO Gradient norm: 295.5071462567224
PROGRESS    Completed epoch 532 / 2000;    current loss: 0.5155447125434875
INFO Gradient norm: 330.75629886558363
PROGRESS    Completed epoch 533 / 2000;    current loss: 0.5132485628128052
INFO Gradient norm: 269.2946557442238
PROGRESS    Completed epoch 534 / 2000;    current loss: 0.4964977502822876
INFO Gradient norm: 335.5706694437917
PROGRESS    Completed epoch 535 / 2000;    current loss: 0.5329769849777222
INFO Gradient norm: 295.201893675449
PROGRESS    Completed epoch 536 / 2000;    current loss: 0.5153346061706543
INFO Gradient norm: 330.5361092260993
PROGRESS    Completed epoch 537 / 2000;    current loss: 0.5130873322486877
INFO Gradient norm: 269.1336301525971
PROGRESS    Completed epoch 538 / 2000;    current loss: 0.4963473379611969
INFO Gradient norm: 335.2022161520635
PROGRESS    Completed epoch 539 / 2000;    current loss: 0.532715916633606
INFO Gradient norm: 294.89824766971054
PROGRESS    Completed epoch 540 / 2000;    current loss: 0.5151200890541077
INFO Gradient norm: 330.31296940507286
PROGRESS    Completed epoch 541 / 2000;    current loss: 0.5129244327545166
INFO Gradient norm: 268.98110151649365
PROGRESS    Completed epoch 542 / 2000;    current loss: 0.49620896577835083
INFO Gradient norm: 334.8589764572307
PROGRESS    Completed epoch 543 / 2000;    current loss: 0.5324704647064209
INFO Gradient norm: 294.6134949857494
PROGRESS    Completed epoch 544 / 2000;    current loss: 0.514915943145752
INFO Gradient norm: 330.09720764449736
PROGRESS    Completed epoch 545 / 2000;    current loss: 0.5127596259117126
INFO Gradient norm: 268.8242877441875
PROGRESS    Completed epoch 546 / 2000;    current loss: 0.4960598051548004
INFO Gradient norm: 334.53242571773006
PROGRESS    Completed epoch 547 / 2000;    current loss: 0.5322397351264954
INFO Gradient norm: 294.2862342229214
PROGRESS    Completed epoch 548 / 2000;    current loss: 0.5146897435188293
INFO Gradient norm: 329.87586148271106
PROGRESS    Completed epoch 549 / 2000;    current loss: 0.5126004219055176
INFO Gradient norm: 268.6795418636806
PROGRESS    Completed epoch 550 / 2000;    current loss: 0.49592259526252747
INFO Gradient norm: 334.1895847496968
PROGRESS    Completed epoch 551 / 2000;    current loss: 0.5319819450378418
INFO Gradient norm: 293.9860534995459
PROGRESS    Completed epoch 552 / 2000;    current loss: 0.5144767761230469
INFO Gradient norm: 329.5691305078069
PROGRESS    Completed epoch 553 / 2000;    current loss: 0.5124124884605408
INFO Gradient norm: 268.46052305832063
PROGRESS    Completed epoch 554 / 2000;    current loss: 0.49576735496520996
INFO Gradient norm: 333.84310947671395
PROGRESS    Completed epoch 555 / 2000;    current loss: 0.5317408442497253
INFO Gradient norm: 293.6778004802676
PROGRESS    Completed epoch 556 / 2000;    current loss: 0.5142655372619629
INFO Gradient norm: 329.31597618195354
PROGRESS    Completed epoch 557 / 2000;    current loss: 0.5122410655021667
INFO Gradient norm: 268.29057759450313
PROGRESS    Completed epoch 558 / 2000;    current loss: 0.49561911821365356
INFO Gradient norm: 333.5156460256761
PROGRESS    Completed epoch 559 / 2000;    current loss: 0.5315058827400208
INFO Gradient norm: 293.38772970398475
PROGRESS    Completed epoch 560 / 2000;    current loss: 0.5140524506568909
INFO Gradient norm: 329.0535441525613
PROGRESS    Completed epoch 561 / 2000;    current loss: 0.5120712518692017
INFO Gradient norm: 268.07145919058524
PROGRESS    Completed epoch 562 / 2000;    current loss: 0.49546629190444946
INFO Gradient norm: 333.18715833819294
PROGRESS    Completed epoch 563 / 2000;    current loss: 0.5312658548355103
INFO Gradient norm: 293.0637118499392
PROGRESS    Completed epoch 564 / 2000;    current loss: 0.5138407945632935
INFO Gradient norm: 328.7855247824654
PROGRESS    Completed epoch 565 / 2000;    current loss: 0.5118924975395203
INFO Gradient norm: 267.8749864456728
PROGRESS    Completed epoch 566 / 2000;    current loss: 0.49530813097953796
INFO Gradient norm: 332.8229591624155
PROGRESS    Completed epoch 567 / 2000;    current loss: 0.5310136079788208
INFO Gradient norm: 292.76265449504837
PROGRESS    Completed epoch 568 / 2000;    current loss: 0.5136222243309021
INFO Gradient norm: 328.49622083475936
PROGRESS    Completed epoch 569 / 2000;    current loss: 0.5117121338844299
INFO Gradient norm: 267.6606427214294
PROGRESS    Completed epoch 570 / 2000;    current loss: 0.4951539933681488
INFO Gradient norm: 332.47181794405316
PROGRESS    Completed epoch 571 / 2000;    current loss: 0.530762255191803
INFO Gradient norm: 292.4643197739978
PROGRESS    Completed epoch 572 / 2000;    current loss: 0.5134094953536987
INFO Gradient norm: 328.2190143334147
PROGRESS    Completed epoch 573 / 2000;    current loss: 0.5115342736244202
INFO Gradient norm: 267.437548952153
PROGRESS    Completed epoch 574 / 2000;    current loss: 0.49499452114105225
INFO Gradient norm: 332.1367469664879
PROGRESS    Completed epoch 575 / 2000;    current loss: 0.5305229425430298
INFO Gradient norm: 292.15156161490154
PROGRESS    Completed epoch 576 / 2000;    current loss: 0.5131944417953491
INFO Gradient norm: 327.9159624536591
PROGRESS    Completed epoch 577 / 2000;    current loss: 0.5113450884819031
INFO Gradient norm: 267.2628813354006
PROGRESS    Completed epoch 578 / 2000;    current loss: 0.49485042691230774
INFO Gradient norm: 331.76953101473254
PROGRESS    Completed epoch 579 / 2000;    current loss: 0.5302739143371582
INFO Gradient norm: 291.84134111069517
PROGRESS    Completed epoch 580 / 2000;    current loss: 0.5129798054695129
INFO Gradient norm: 327.61256718885653
PROGRESS    Completed epoch 581 / 2000;    current loss: 0.511160135269165
INFO Gradient norm: 267.03969210877676
PROGRESS    Completed epoch 582 / 2000;    current loss: 0.4946928322315216
INFO Gradient norm: 331.42855983438693
PROGRESS    Completed epoch 583 / 2000;    current loss: 0.5300253033638
INFO Gradient norm: 291.52001596761517
PROGRESS    Completed epoch 584 / 2000;    current loss: 0.5127589106559753
INFO Gradient norm: 327.30272077900213
PROGRESS    Completed epoch 585 / 2000;    current loss: 0.5109772086143494
INFO Gradient norm: 266.8020753696027
PROGRESS    Completed epoch 586 / 2000;    current loss: 0.4945347309112549
INFO Gradient norm: 331.0827168342128
PROGRESS    Completed epoch 587 / 2000;    current loss: 0.5297806859016418
INFO Gradient norm: 291.21888620685223
PROGRESS    Completed epoch 588 / 2000;    current loss: 0.5125460624694824
INFO Gradient norm: 327.0122926208574
PROGRESS    Completed epoch 589 / 2000;    current loss: 0.5107934474945068
INFO Gradient norm: 266.56833458251543
PROGRESS    Completed epoch 590 / 2000;    current loss: 0.49437013268470764
INFO Gradient norm: 330.73256141741786
PROGRESS    Completed epoch 591 / 2000;    current loss: 0.529533326625824
INFO Gradient norm: 290.909874226506
PROGRESS    Completed epoch 592 / 2000;    current loss: 0.5123243927955627
INFO Gradient norm: 326.67231531537584
PROGRESS    Completed epoch 593 / 2000;    current loss: 0.5105964541435242
INFO Gradient norm: 266.32767243571976
PROGRESS    Completed epoch 594 / 2000;    current loss: 0.4942035675048828
INFO Gradient norm: 330.3936002092152
PROGRESS    Completed epoch 595 / 2000;    current loss: 0.5292925834655762
INFO Gradient norm: 290.59139493801376
PROGRESS    Completed epoch 596 / 2000;    current loss: 0.5121069550514221
INFO Gradient norm: 326.3709330124257
PROGRESS    Completed epoch 597 / 2000;    current loss: 0.5104098320007324
INFO Gradient norm: 266.0659478724375
PROGRESS    Completed epoch 598 / 2000;    current loss: 0.4940383732318878
INFO Gradient norm: 330.0165759036456
PROGRESS    Completed epoch 599 / 2000;    current loss: 0.529029130935669
INFO Gradient norm: 290.28232102016966
PROGRESS    Completed epoch 600 / 2000;    current loss: 0.5118960738182068
INFO Gradient norm: 326.0643380522774
PROGRESS    Completed epoch 601 / 2000;    current loss: 0.5102241635322571
INFO Gradient norm: 265.846445730961
PROGRESS    Completed epoch 602 / 2000;    current loss: 0.4938775300979614
INFO Gradient norm: 329.6709771053356
PROGRESS    Completed epoch 603 / 2000;    current loss: 0.5287829041481018
INFO Gradient norm: 289.9671322865741
PROGRESS    Completed epoch 604 / 2000;    current loss: 0.5116739869117737
INFO Gradient norm: 325.70509253217557
PROGRESS    Completed epoch 605 / 2000;    current loss: 0.5100226402282715
INFO Gradient norm: 265.61257653126484
PROGRESS    Completed epoch 606 / 2000;    current loss: 0.4937134087085724
INFO Gradient norm: 329.32062910477845
PROGRESS    Completed epoch 607 / 2000;    current loss: 0.5285388231277466
INFO Gradient norm: 289.64306781344084
PROGRESS    Completed epoch 608 / 2000;    current loss: 0.5114566087722778
INFO Gradient norm: 325.3592817947702
PROGRESS    Completed epoch 609 / 2000;    current loss: 0.509821891784668
INFO Gradient norm: 265.34492399739264
PROGRESS    Completed epoch 610 / 2000;    current loss: 0.49354612827301025
INFO Gradient norm: 328.957996146986
PROGRESS    Completed epoch 611 / 2000;    current loss: 0.5282801985740662
INFO Gradient norm: 289.342520763832
PROGRESS    Completed epoch 612 / 2000;    current loss: 0.5112394094467163
INFO Gradient norm: 325.03258114425324
PROGRESS    Completed epoch 613 / 2000;    current loss: 0.5096304416656494
INFO Gradient norm: 265.085274544477
PROGRESS    Completed epoch 614 / 2000;    current loss: 0.49337178468704224
INFO Gradient norm: 328.579817684756
PROGRESS    Completed epoch 615 / 2000;    current loss: 0.5280246138572693
INFO Gradient norm: 289.0272677026952
PROGRESS    Completed epoch 616 / 2000;    current loss: 0.511016845703125
INFO Gradient norm: 324.66778215606126
PROGRESS    Completed epoch 617 / 2000;    current loss: 0.5094229578971863
INFO Gradient norm: 264.8352713997889
PROGRESS    Completed epoch 618 / 2000;    current loss: 0.49320897459983826
INFO Gradient norm: 328.2071607352239
PROGRESS    Completed epoch 619 / 2000;    current loss: 0.5277620553970337
INFO Gradient norm: 288.69045365511755
PROGRESS    Completed epoch 620 / 2000;    current loss: 0.5107868909835815
INFO Gradient norm: 324.34818590649655
PROGRESS    Completed epoch 621 / 2000;    current loss: 0.5092387795448303
INFO Gradient norm: 264.57829067473165
PROGRESS    Completed epoch 622 / 2000;    current loss: 0.493036687374115
INFO Gradient norm: 327.82522816156603
PROGRESS    Completed epoch 623 / 2000;    current loss: 0.5275018215179443
INFO Gradient norm: 288.37460774561305
PROGRESS    Completed epoch 624 / 2000;    current loss: 0.5105693340301514
INFO Gradient norm: 323.97013843764796
PROGRESS    Completed epoch 625 / 2000;    current loss: 0.5090258121490479
INFO Gradient norm: 264.2939455856229
PROGRESS    Completed epoch 626 / 2000;    current loss: 0.4928617477416992
INFO Gradient norm: 327.4707200880288
PROGRESS    Completed epoch 627 / 2000;    current loss: 0.527254045009613
INFO Gradient norm: 288.02941488127436
PROGRESS    Completed epoch 628 / 2000;    current loss: 0.5103405714035034
INFO Gradient norm: 323.64629054747826
PROGRESS    Completed epoch 629 / 2000;    current loss: 0.5088372826576233
INFO Gradient norm: 264.02728483187394
PROGRESS    Completed epoch 630 / 2000;    current loss: 0.49269476532936096
INFO Gradient norm: 327.0980333508646
PROGRESS    Completed epoch 631 / 2000;    current loss: 0.5269931554794312
INFO Gradient norm: 287.700570309044
PROGRESS    Completed epoch 632 / 2000;    current loss: 0.5101142525672913
INFO Gradient norm: 323.253939831712
PROGRESS    Completed epoch 633 / 2000;    current loss: 0.5086190700531006
INFO Gradient norm: 263.740950369793
PROGRESS    Completed epoch 634 / 2000;    current loss: 0.4925137758255005
INFO Gradient norm: 326.72940832648794
PROGRESS    Completed epoch 635 / 2000;    current loss: 0.5267358422279358
INFO Gradient norm: 287.38302118939777
PROGRESS    Completed epoch 636 / 2000;    current loss: 0.509894073009491
INFO Gradient norm: 322.8918405465321
PROGRESS    Completed epoch 637 / 2000;    current loss: 0.5084214210510254
INFO Gradient norm: 263.49454751725784
PROGRESS    Completed epoch 638 / 2000;    current loss: 0.49234968423843384
INFO Gradient norm: 326.3462339025048
PROGRESS    Completed epoch 639 / 2000;    current loss: 0.5264689922332764
INFO Gradient norm: 287.05023663072683
PROGRESS    Completed epoch 640 / 2000;    current loss: 0.5096667408943176
INFO Gradient norm: 322.5535334957099
PROGRESS    Completed epoch 641 / 2000;    current loss: 0.5082185864448547
INFO Gradient norm: 263.23080192873437
PROGRESS    Completed epoch 642 / 2000;    current loss: 0.49217984080314636
INFO Gradient norm: 325.96789937409443
PROGRESS    Completed epoch 643 / 2000;    current loss: 0.5262071490287781
INFO Gradient norm: 286.71447305061184
PROGRESS    Completed epoch 644 / 2000;    current loss: 0.5094390511512756
INFO Gradient norm: 322.18786371902564
PROGRESS    Completed epoch 645 / 2000;    current loss: 0.5080136656761169
INFO Gradient norm: 262.9674267608071
PROGRESS    Completed epoch 646 / 2000;    current loss: 0.492002010345459
INFO Gradient norm: 325.5626334952642
PROGRESS    Completed epoch 647 / 2000;    current loss: 0.5259310603141785
INFO Gradient norm: 286.35184497697276
PROGRESS    Completed epoch 648 / 2000;    current loss: 0.5091989636421204
INFO Gradient norm: 321.8203337951126
PROGRESS    Completed epoch 649 / 2000;    current loss: 0.5078064799308777
INFO Gradient norm: 262.69179919907094
PROGRESS    Completed epoch 650 / 2000;    current loss: 0.4918351173400879
INFO Gradient norm: 325.175239089854
PROGRESS    Completed epoch 651 / 2000;    current loss: 0.5256657004356384
INFO Gradient norm: 286.02113961973174
PROGRESS    Completed epoch 652 / 2000;    current loss: 0.5089709758758545
INFO Gradient norm: 321.45782766457677
PROGRESS    Completed epoch 653 / 2000;    current loss: 0.5075996518135071
INFO Gradient norm: 262.388280530778
PROGRESS    Completed epoch 654 / 2000;    current loss: 0.4916519522666931
INFO Gradient norm: 324.7981454548261
PROGRESS    Completed epoch 655 / 2000;    current loss: 0.5253980159759521
INFO Gradient norm: 285.6772455608703
PROGRESS    Completed epoch 656 / 2000;    current loss: 0.508739709854126
INFO Gradient norm: 321.0715593341752
PROGRESS    Completed epoch 657 / 2000;    current loss: 0.5073887705802917
INFO Gradient norm: 262.11283651737546
PROGRESS    Completed epoch 658 / 2000;    current loss: 0.49147161841392517
INFO Gradient norm: 324.38223767574164
PROGRESS    Completed epoch 659 / 2000;    current loss: 0.5251244306564331
INFO Gradient norm: 285.333509614114
PROGRESS    Completed epoch 660 / 2000;    current loss: 0.5085062384605408
INFO Gradient norm: 320.7109152755203
PROGRESS    Completed epoch 661 / 2000;    current loss: 0.5071805119514465
INFO Gradient norm: 261.8513245855834
PROGRESS    Completed epoch 662 / 2000;    current loss: 0.49130430817604065
INFO Gradient norm: 323.98352004448986
PROGRESS    Completed epoch 663 / 2000;    current loss: 0.524847686290741
INFO Gradient norm: 284.99328036036064
PROGRESS    Completed epoch 664 / 2000;    current loss: 0.5082777142524719
INFO Gradient norm: 320.30392020334114
PROGRESS    Completed epoch 665 / 2000;    current loss: 0.5069597363471985
INFO Gradient norm: 261.5618884822656
PROGRESS    Completed epoch 666 / 2000;    current loss: 0.49111682176589966
INFO Gradient norm: 323.595720482017
PROGRESS    Completed epoch 667 / 2000;    current loss: 0.524584949016571
INFO Gradient norm: 284.64519868776466
PROGRESS    Completed epoch 668 / 2000;    current loss: 0.5080392360687256
INFO Gradient norm: 319.9095537343624
PROGRESS    Completed epoch 669 / 2000;    current loss: 0.5067428350448608
INFO Gradient norm: 261.28306646456616
PROGRESS    Completed epoch 670 / 2000;    current loss: 0.49094948172569275
INFO Gradient norm: 323.21018855553086
PROGRESS    Completed epoch 671 / 2000;    current loss: 0.5243118405342102
INFO Gradient norm: 284.28145273845695
PROGRESS    Completed epoch 672 / 2000;    current loss: 0.5078026652336121
INFO Gradient norm: 319.56616031212576
PROGRESS    Completed epoch 673 / 2000;    current loss: 0.5065447688102722
INFO Gradient norm: 260.98944349701696
PROGRESS    Completed epoch 674 / 2000;    current loss: 0.4907686710357666
INFO Gradient norm: 322.8078389324728
PROGRESS    Completed epoch 675 / 2000;    current loss: 0.524040162563324
INFO Gradient norm: 283.9394855745509
PROGRESS    Completed epoch 676 / 2000;    current loss: 0.5075702667236328
INFO Gradient norm: 319.1413895872573
PROGRESS    Completed epoch 677 / 2000;    current loss: 0.5063209533691406
INFO Gradient norm: 260.69305843998
PROGRESS    Completed epoch 678 / 2000;    current loss: 0.49057990312576294
INFO Gradient norm: 322.4124089845664
PROGRESS    Completed epoch 679 / 2000;    current loss: 0.5237676501274109
INFO Gradient norm: 283.5834652672446
PROGRESS    Completed epoch 680 / 2000;    current loss: 0.5073259472846985
INFO Gradient norm: 318.72685906913455
PROGRESS    Completed epoch 681 / 2000;    current loss: 0.5061027407646179
INFO Gradient norm: 260.3976069815803
PROGRESS    Completed epoch 682 / 2000;    current loss: 0.4904020428657532
INFO Gradient norm: 321.99035991490797
PROGRESS    Completed epoch 683 / 2000;    current loss: 0.5234878063201904
INFO Gradient norm: 283.2390130660619
PROGRESS    Completed epoch 684 / 2000;    current loss: 0.5070977210998535
INFO Gradient norm: 318.3583651688902
PROGRESS    Completed epoch 685 / 2000;    current loss: 0.5058863162994385
INFO Gradient norm: 260.0646464473902
PROGRESS    Completed epoch 686 / 2000;    current loss: 0.49020805954933167
INFO Gradient norm: 321.5993972772254
PROGRESS    Completed epoch 687 / 2000;    current loss: 0.5232149958610535
INFO Gradient norm: 282.87719083796793
PROGRESS    Completed epoch 688 / 2000;    current loss: 0.5068519711494446
INFO Gradient norm: 317.94492084679257
PROGRESS    Completed epoch 689 / 2000;    current loss: 0.505670964717865
INFO Gradient norm: 259.7709459941881
PROGRESS    Completed epoch 690 / 2000;    current loss: 0.49002569913864136
INFO Gradient norm: 321.18336641201194
PROGRESS    Completed epoch 691 / 2000;    current loss: 0.5229355692863464
INFO Gradient norm: 282.52973451375436
PROGRESS    Completed epoch 692 / 2000;    current loss: 0.5066162943840027
INFO Gradient norm: 317.49871506288224
PROGRESS    Completed epoch 693 / 2000;    current loss: 0.5054322481155396
INFO Gradient norm: 259.43866974175694
PROGRESS    Completed epoch 694 / 2000;    current loss: 0.4898338317871094
INFO Gradient norm: 320.7753434529925
PROGRESS    Completed epoch 695 / 2000;    current loss: 0.5226567983627319
INFO Gradient norm: 282.1638472082217
PROGRESS    Completed epoch 696 / 2000;    current loss: 0.506373941898346
INFO Gradient norm: 317.1037597226344
PROGRESS    Completed epoch 697 / 2000;    current loss: 0.5052157044410706
INFO Gradient norm: 259.16746484826353
PROGRESS    Completed epoch 698 / 2000;    current loss: 0.4896657466888428
INFO Gradient norm: 320.35428957253305
PROGRESS    Completed epoch 699 / 2000;    current loss: 0.5223667621612549
INFO Gradient norm: 281.8089110429289
PROGRESS    Completed epoch 700 / 2000;    current loss: 0.5061395168304443
INFO Gradient norm: 316.6851648486801
PROGRESS    Completed epoch 701 / 2000;    current loss: 0.5049940347671509
INFO Gradient norm: 258.8377003288485
PROGRESS    Completed epoch 702 / 2000;    current loss: 0.48947155475616455
INFO Gradient norm: 319.91818699285557
PROGRESS    Completed epoch 703 / 2000;    current loss: 0.5220825672149658
INFO Gradient norm: 281.4460035532602
PROGRESS    Completed epoch 704 / 2000;    current loss: 0.5058894753456116
INFO Gradient norm: 316.27777075096145
PROGRESS    Completed epoch 705 / 2000;    current loss: 0.5047679543495178
INFO Gradient norm: 258.53095632083426
PROGRESS    Completed epoch 706 / 2000;    current loss: 0.48928868770599365
INFO Gradient norm: 319.5335858090131
PROGRESS    Completed epoch 707 / 2000;    current loss: 0.5218098759651184
INFO Gradient norm: 281.0737874454916
PROGRESS    Completed epoch 708 / 2000;    current loss: 0.5056484341621399
INFO Gradient norm: 315.8606052679995
PROGRESS    Completed epoch 709 / 2000;    current loss: 0.5045472383499146
INFO Gradient norm: 258.2317048380604
PROGRESS    Completed epoch 710 / 2000;    current loss: 0.4891001582145691
INFO Gradient norm: 319.10074251424
PROGRESS    Completed epoch 711 / 2000;    current loss: 0.5215218663215637
INFO Gradient norm: 280.68987667864485
PROGRESS    Completed epoch 712 / 2000;    current loss: 0.5053955316543579
INFO Gradient norm: 315.46648842549627
PROGRESS    Completed epoch 713 / 2000;    current loss: 0.5043245553970337
INFO Gradient norm: 257.89587606161774
PROGRESS    Completed epoch 714 / 2000;    current loss: 0.48890307545661926
INFO Gradient norm: 318.6688920275566
PROGRESS    Completed epoch 715 / 2000;    current loss: 0.5212336182594299
INFO Gradient norm: 280.331563086302
PROGRESS    Completed epoch 716 / 2000;    current loss: 0.5051558017730713
INFO Gradient norm: 314.9987521589591
PROGRESS    Completed epoch 717 / 2000;    current loss: 0.504084587097168
INFO Gradient norm: 257.60414906175197
PROGRESS    Completed epoch 718 / 2000;    current loss: 0.48872071504592896
INFO Gradient norm: 318.24145015154073
PROGRESS    Completed epoch 719 / 2000;    current loss: 0.520943284034729
INFO Gradient norm: 279.95872654072963
PROGRESS    Completed epoch 720 / 2000;    current loss: 0.5049129724502563
INFO Gradient norm: 314.5543180583705
PROGRESS    Completed epoch 721 / 2000;    current loss: 0.5038489103317261
INFO Gradient norm: 257.24534904370705
PROGRESS    Completed epoch 722 / 2000;    current loss: 0.4885222017765045
INFO Gradient norm: 317.8207043921625
PROGRESS    Completed epoch 723 / 2000;    current loss: 0.5206602811813354
INFO Gradient norm: 279.6018092001556
PROGRESS    Completed epoch 724 / 2000;    current loss: 0.5046679377555847
INFO Gradient norm: 314.12871347594074
PROGRESS    Completed epoch 725 / 2000;    current loss: 0.5036233067512512
INFO Gradient norm: 256.91169177907494
PROGRESS    Completed epoch 726 / 2000;    current loss: 0.4883294701576233
INFO Gradient norm: 317.39186534704174
PROGRESS    Completed epoch 727 / 2000;    current loss: 0.5203713178634644
INFO Gradient norm: 279.22956267765665
PROGRESS    Completed epoch 728 / 2000;    current loss: 0.5044254064559937
INFO Gradient norm: 313.72172460342847
PROGRESS    Completed epoch 729 / 2000;    current loss: 0.5034011602401733
INFO Gradient norm: 256.6189118673593
PROGRESS    Completed epoch 730 / 2000;    current loss: 0.48814377188682556
INFO Gradient norm: 316.94205342164895
PROGRESS    Completed epoch 731 / 2000;    current loss: 0.5200701355934143
INFO Gradient norm: 278.83544625596454
PROGRESS    Completed epoch 732 / 2000;    current loss: 0.5041674375534058
INFO Gradient norm: 313.2862246946749
PROGRESS    Completed epoch 733 / 2000;    current loss: 0.5031656622886658
INFO Gradient norm: 256.2911357234827
PROGRESS    Completed epoch 734 / 2000;    current loss: 0.4879486858844757
INFO Gradient norm: 316.52152661018386
PROGRESS    Completed epoch 735 / 2000;    current loss: 0.5197928547859192
INFO Gradient norm: 278.4480026092563
PROGRESS    Completed epoch 736 / 2000;    current loss: 0.5039095282554626
INFO Gradient norm: 312.8630409015708
PROGRESS    Completed epoch 737 / 2000;    current loss: 0.5029385089874268
INFO Gradient norm: 255.95420902208252
PROGRESS    Completed epoch 738 / 2000;    current loss: 0.48775514960289
INFO Gradient norm: 316.0648287616755
PROGRESS    Completed epoch 739 / 2000;    current loss: 0.5194921493530273
INFO Gradient norm: 278.0597490801107
PROGRESS    Completed epoch 740 / 2000;    current loss: 0.5036618709564209
INFO Gradient norm: 312.42624030611347
PROGRESS    Completed epoch 741 / 2000;    current loss: 0.5027035474777222
INFO Gradient norm: 255.62213646613412
PROGRESS    Completed epoch 742 / 2000;    current loss: 0.4875583350658417
INFO Gradient norm: 315.6311198852123
PROGRESS    Completed epoch 743 / 2000;    current loss: 0.5191985964775085
INFO Gradient norm: 277.69110246484644
PROGRESS    Completed epoch 744 / 2000;    current loss: 0.5034147500991821
INFO Gradient norm: 311.94498360642314
PROGRESS    Completed epoch 745 / 2000;    current loss: 0.5024624466896057
INFO Gradient norm: 255.32158449148042
PROGRESS    Completed epoch 746 / 2000;    current loss: 0.48737001419067383
INFO Gradient norm: 315.1759094453965
PROGRESS    Completed epoch 747 / 2000;    current loss: 0.5188902020454407
INFO Gradient norm: 277.28848850309106
PROGRESS    Completed epoch 748 / 2000;    current loss: 0.5031548738479614
INFO Gradient norm: 311.4947488395923
PROGRESS    Completed epoch 749 / 2000;    current loss: 0.5022236704826355
INFO Gradient norm: 254.95388353794146
PROGRESS    Completed epoch 750 / 2000;    current loss: 0.4871689975261688
INFO Gradient norm: 314.7432869374405
PROGRESS    Completed epoch 751 / 2000;    current loss: 0.5186068415641785
INFO Gradient norm: 276.9076821986934
PROGRESS    Completed epoch 752 / 2000;    current loss: 0.5029062032699585
INFO Gradient norm: 311.06685312993153
PROGRESS    Completed epoch 753 / 2000;    current loss: 0.5019965171813965
INFO Gradient norm: 254.61418047443354
PROGRESS    Completed epoch 754 / 2000;    current loss: 0.48696795105934143
INFO Gradient norm: 314.2865284179956
PROGRESS    Completed epoch 755 / 2000;    current loss: 0.5183002948760986
INFO Gradient norm: 276.5015306306244
PROGRESS    Completed epoch 756 / 2000;    current loss: 0.5026429891586304
INFO Gradient norm: 310.60846024667916
PROGRESS    Completed epoch 757 / 2000;    current loss: 0.5017550587654114
INFO Gradient norm: 254.24393694946872
PROGRESS    Completed epoch 758 / 2000;    current loss: 0.4867687225341797
INFO Gradient norm: 313.8334624503459
PROGRESS    Completed epoch 759 / 2000;    current loss: 0.5180006623268127
INFO Gradient norm: 276.12677406669
PROGRESS    Completed epoch 760 / 2000;    current loss: 0.5023921728134155
INFO Gradient norm: 310.15168291673007
PROGRESS    Completed epoch 761 / 2000;    current loss: 0.5015192627906799
INFO Gradient norm: 253.9498561022433
PROGRESS    Completed epoch 762 / 2000;    current loss: 0.48658210039138794
INFO Gradient norm: 313.38836743599296
PROGRESS    Completed epoch 763 / 2000;    current loss: 0.5177062749862671
INFO Gradient norm: 275.72598955377316
PROGRESS    Completed epoch 764 / 2000;    current loss: 0.502135694026947
INFO Gradient norm: 309.68308407276254
PROGRESS    Completed epoch 765 / 2000;    current loss: 0.5012733340263367
INFO Gradient norm: 253.58409583579413
PROGRESS    Completed epoch 766 / 2000;    current loss: 0.48637789487838745
INFO Gradient norm: 312.93911933460305
PROGRESS    Completed epoch 767 / 2000;    current loss: 0.5174063444137573
INFO Gradient norm: 275.3381428712928
PROGRESS    Completed epoch 768 / 2000;    current loss: 0.5018802285194397
INFO Gradient norm: 309.24613225411105
PROGRESS    Completed epoch 769 / 2000;    current loss: 0.5010420680046082
INFO Gradient norm: 253.25826192794366
PROGRESS    Completed epoch 770 / 2000;    current loss: 0.4861818253993988
INFO Gradient norm: 312.46768488771005
PROGRESS    Completed epoch 771 / 2000;    current loss: 0.5170968770980835
INFO Gradient norm: 274.927122154411
PROGRESS    Completed epoch 772 / 2000;    current loss: 0.5016152262687683
INFO Gradient norm: 308.76239371466175
PROGRESS    Completed epoch 773 / 2000;    current loss: 0.5007914304733276
INFO Gradient norm: 252.91783310982728
PROGRESS    Completed epoch 774 / 2000;    current loss: 0.485981822013855
INFO Gradient norm: 312.0046599108748
PROGRESS    Completed epoch 775 / 2000;    current loss: 0.5167882442474365
INFO Gradient norm: 274.5113844822948
PROGRESS    Completed epoch 776 / 2000;    current loss: 0.5013511180877686
INFO Gradient norm: 308.3197966354165
PROGRESS    Completed epoch 777 / 2000;    current loss: 0.5005533695220947
INFO Gradient norm: 252.56020126145953
PROGRESS    Completed epoch 778 / 2000;    current loss: 0.4857795536518097
INFO Gradient norm: 311.5328274242673
PROGRESS    Completed epoch 779 / 2000;    current loss: 0.5164794921875
INFO Gradient norm: 274.10545208252864
PROGRESS    Completed epoch 780 / 2000;    current loss: 0.5010843873023987
INFO Gradient norm: 307.8623363841194
PROGRESS    Completed epoch 781 / 2000;    current loss: 0.5003150105476379
INFO Gradient norm: 252.21744422581924
PROGRESS    Completed epoch 782 / 2000;    current loss: 0.48557302355766296
INFO Gradient norm: 311.07867549256764
PROGRESS    Completed epoch 783 / 2000;    current loss: 0.5161842107772827
INFO Gradient norm: 273.71202123070486
PROGRESS    Completed epoch 784 / 2000;    current loss: 0.5008310079574585
INFO Gradient norm: 307.3691709808127
PROGRESS    Completed epoch 785 / 2000;    current loss: 0.5000647306442261
INFO Gradient norm: 251.8837174681041
PROGRESS    Completed epoch 786 / 2000;    current loss: 0.48537999391555786
INFO Gradient norm: 310.5878218273326
PROGRESS    Completed epoch 787 / 2000;    current loss: 0.5158644318580627
INFO Gradient norm: 273.2780421721936
PROGRESS    Completed epoch 788 / 2000;    current loss: 0.5005601048469543
INFO Gradient norm: 306.95548616020847
PROGRESS    Completed epoch 789 / 2000;    current loss: 0.49983444809913635
INFO Gradient norm: 251.55014657174894
PROGRESS    Completed epoch 790 / 2000;    current loss: 0.48518282175064087
INFO Gradient norm: 310.1072714034687
PROGRESS    Completed epoch 791 / 2000;    current loss: 0.5155500173568726
INFO Gradient norm: 272.86649563153645
PROGRESS    Completed epoch 792 / 2000;    current loss: 0.500293493270874
INFO Gradient norm: 306.44370605626864
PROGRESS    Completed epoch 793 / 2000;    current loss: 0.4995737373828888
INFO Gradient norm: 251.17191545057113
PROGRESS    Completed epoch 794 / 2000;    current loss: 0.48497098684310913
INFO Gradient norm: 309.6346311493633
PROGRESS    Completed epoch 795 / 2000;    current loss: 0.515231728553772
INFO Gradient norm: 272.4648148362825
PROGRESS    Completed epoch 796 / 2000;    current loss: 0.5000303983688354
INFO Gradient norm: 305.97247511479435
PROGRESS    Completed epoch 797 / 2000;    current loss: 0.49933186173439026
INFO Gradient norm: 250.79947058339465
PROGRESS    Completed epoch 798 / 2000;    current loss: 0.4847613573074341
INFO Gradient norm: 309.17421473086347
PROGRESS    Completed epoch 799 / 2000;    current loss: 0.5149274468421936
INFO Gradient norm: 272.0640933671301
PROGRESS    Completed epoch 800 / 2000;    current loss: 0.4997676908969879
INFO Gradient norm: 305.46990804212436
PROGRESS    Completed epoch 801 / 2000;    current loss: 0.49907058477401733
INFO Gradient norm: 250.45823621557832
PROGRESS    Completed epoch 802 / 2000;    current loss: 0.4845585823059082
INFO Gradient norm: 308.6883586711406
PROGRESS    Completed epoch 803 / 2000;    current loss: 0.5146123170852661
INFO Gradient norm: 271.62782186675986
PROGRESS    Completed epoch 804 / 2000;    current loss: 0.49949151277542114
INFO Gradient norm: 305.01114706974056
PROGRESS    Completed epoch 805 / 2000;    current loss: 0.4988286793231964
INFO Gradient norm: 250.07173854997558
PROGRESS    Completed epoch 806 / 2000;    current loss: 0.4843484163284302
INFO Gradient norm: 308.2268866402929
PROGRESS    Completed epoch 807 / 2000;    current loss: 0.5143060684204102
INFO Gradient norm: 271.2302975299439
PROGRESS    Completed epoch 808 / 2000;    current loss: 0.4992371201515198
INFO Gradient norm: 304.5062590802581
PROGRESS    Completed epoch 809 / 2000;    current loss: 0.4985791742801666
INFO Gradient norm: 249.69914134129868
PROGRESS    Completed epoch 810 / 2000;    current loss: 0.4841381311416626
INFO Gradient norm: 307.73907855998874
PROGRESS    Completed epoch 811 / 2000;    current loss: 0.513986349105835
INFO Gradient norm: 270.8139119995193
PROGRESS    Completed epoch 812 / 2000;    current loss: 0.4989612102508545
INFO Gradient norm: 304.01340476029225
PROGRESS    Completed epoch 813 / 2000;    current loss: 0.49831974506378174
INFO Gradient norm: 249.35545715044307
PROGRESS    Completed epoch 814 / 2000;    current loss: 0.4839320480823517
INFO Gradient norm: 307.2587449207466
PROGRESS    Completed epoch 815 / 2000;    current loss: 0.5136737823486328
INFO Gradient norm: 270.4063658318445
PROGRESS    Completed epoch 816 / 2000;    current loss: 0.49870410561561584
INFO Gradient norm: 303.53711755120247
PROGRESS    Completed epoch 817 / 2000;    current loss: 0.4980683922767639
INFO Gradient norm: 248.99277111767225
PROGRESS    Completed epoch 818 / 2000;    current loss: 0.48372310400009155
INFO Gradient norm: 306.7448149058356
PROGRESS    Completed epoch 819 / 2000;    current loss: 0.5133423805236816
INFO Gradient norm: 269.95997949070585
PROGRESS    Completed epoch 820 / 2000;    current loss: 0.4984249472618103
INFO Gradient norm: 303.0694235403239
PROGRESS    Completed epoch 821 / 2000;    current loss: 0.4978194534778595
INFO Gradient norm: 248.6126996082003
PROGRESS    Completed epoch 822 / 2000;    current loss: 0.4835106432437897
INFO Gradient norm: 306.25287793221815
PROGRESS    Completed epoch 823 / 2000;    current loss: 0.5130205154418945
INFO Gradient norm: 269.52426776618927
PROGRESS    Completed epoch 824 / 2000;    current loss: 0.4981427788734436
INFO Gradient norm: 302.5915570197506
PROGRESS    Completed epoch 825 / 2000;    current loss: 0.49756962060928345
INFO Gradient norm: 248.2345497961788
PROGRESS    Completed epoch 826 / 2000;    current loss: 0.4833005368709564
INFO Gradient norm: 305.75737726396557
PROGRESS    Completed epoch 827 / 2000;    current loss: 0.5126994848251343
INFO Gradient norm: 269.1079439648188
PROGRESS    Completed epoch 828 / 2000;    current loss: 0.49787330627441406
INFO Gradient norm: 302.08254197473985
PROGRESS    Completed epoch 829 / 2000;    current loss: 0.49731001257896423
INFO Gradient norm: 247.89544290815394
PROGRESS    Completed epoch 830 / 2000;    current loss: 0.48309531807899475
INFO Gradient norm: 305.258741610507
PROGRESS    Completed epoch 831 / 2000;    current loss: 0.5123767852783203
INFO Gradient norm: 268.64061844155486
PROGRESS    Completed epoch 832 / 2000;    current loss: 0.4975896179676056
INFO Gradient norm: 301.6256784726878
PROGRESS    Completed epoch 833 / 2000;    current loss: 0.49706465005874634
INFO Gradient norm: 247.53376859875857
PROGRESS    Completed epoch 834 / 2000;    current loss: 0.48288777470588684
INFO Gradient norm: 304.7447177352171
PROGRESS    Completed epoch 835 / 2000;    current loss: 0.5120471119880676
INFO Gradient norm: 268.21728544561597
PROGRESS    Completed epoch 836 / 2000;    current loss: 0.49731627106666565
INFO Gradient norm: 301.11393354614194
PROGRESS    Completed epoch 837 / 2000;    current loss: 0.4968036115169525
INFO Gradient norm: 247.16452233692794
PROGRESS    Completed epoch 838 / 2000;    current loss: 0.48267602920532227
INFO Gradient norm: 304.2481614477957
PROGRESS    Completed epoch 839 / 2000;    current loss: 0.5117250084877014
INFO Gradient norm: 267.79193408428705
PROGRESS    Completed epoch 840 / 2000;    current loss: 0.49704331159591675
INFO Gradient norm: 300.6367473111956
PROGRESS    Completed epoch 841 / 2000;    current loss: 0.49654749035835266
INFO Gradient norm: 246.7839989298621
PROGRESS    Completed epoch 842 / 2000;    current loss: 0.4824608862400055
INFO Gradient norm: 303.76075660293606
PROGRESS    Completed epoch 843 / 2000;    current loss: 0.5114004015922546
INFO Gradient norm: 267.3608760858793
PROGRESS    Completed epoch 844 / 2000;    current loss: 0.4967654049396515
INFO Gradient norm: 300.09382517682
PROGRESS    Completed epoch 845 / 2000;    current loss: 0.4962783753871918
INFO Gradient norm: 246.39254149272824
PROGRESS    Completed epoch 846 / 2000;    current loss: 0.4822409749031067
INFO Gradient norm: 303.26420094676115
PROGRESS    Completed epoch 847 / 2000;    current loss: 0.5110793709754944
INFO Gradient norm: 266.9318345838239
PROGRESS    Completed epoch 848 / 2000;    current loss: 0.49648892879486084
INFO Gradient norm: 299.5913584805656
PROGRESS    Completed epoch 849 / 2000;    current loss: 0.4960190951824188
INFO Gradient norm: 246.02152906945875
PROGRESS    Completed epoch 850 / 2000;    current loss: 0.48202574253082275
INFO Gradient norm: 302.77956002048114
PROGRESS    Completed epoch 851 / 2000;    current loss: 0.5107598304748535
INFO Gradient norm: 266.4846429440345
PROGRESS    Completed epoch 852 / 2000;    current loss: 0.4962109923362732
INFO Gradient norm: 299.0657463060328
PROGRESS    Completed epoch 853 / 2000;    current loss: 0.49575141072273254
INFO Gradient norm: 245.64246639881634
PROGRESS    Completed epoch 854 / 2000;    current loss: 0.4818110167980194
INFO Gradient norm: 302.2788143450129
PROGRESS    Completed epoch 855 / 2000;    current loss: 0.5104363560676575
INFO Gradient norm: 266.0691906312092
PROGRESS    Completed epoch 856 / 2000;    current loss: 0.49593982100486755
INFO Gradient norm: 298.57872967250574
PROGRESS    Completed epoch 857 / 2000;    current loss: 0.4955005645751953
INFO Gradient norm: 245.27312737100928
PROGRESS    Completed epoch 858 / 2000;    current loss: 0.4815938174724579
INFO Gradient norm: 301.7500901279599
PROGRESS    Completed epoch 859 / 2000;    current loss: 0.5100938677787781
INFO Gradient norm: 265.627803606458
PROGRESS    Completed epoch 860 / 2000;    current loss: 0.49565914273262024
INFO Gradient norm: 298.0560379187021
PROGRESS    Completed epoch 861 / 2000;    current loss: 0.49523255228996277
INFO Gradient norm: 244.8401949988025
PROGRESS    Completed epoch 862 / 2000;    current loss: 0.48137012124061584
INFO Gradient norm: 301.25030980078003
PROGRESS    Completed epoch 863 / 2000;    current loss: 0.5097683072090149
INFO Gradient norm: 265.1539653909016
PROGRESS    Completed epoch 864 / 2000;    current loss: 0.49536430835723877
INFO Gradient norm: 297.52174000084284
PROGRESS    Completed epoch 865 / 2000;    current loss: 0.4949618875980377
INFO Gradient norm: 244.45325359286926
PROGRESS    Completed epoch 866 / 2000;    current loss: 0.4811494052410126
INFO Gradient norm: 300.7417192525213
PROGRESS    Completed epoch 867 / 2000;    current loss: 0.509438693523407
INFO Gradient norm: 264.74313646848987
PROGRESS    Completed epoch 868 / 2000;    current loss: 0.4950939416885376
INFO Gradient norm: 297.0024306442661
PROGRESS    Completed epoch 869 / 2000;    current loss: 0.4946957230567932
INFO Gradient norm: 244.0806453430173
PROGRESS    Completed epoch 870 / 2000;    current loss: 0.48093417286872864
INFO Gradient norm: 300.251186211756
PROGRESS    Completed epoch 871 / 2000;    current loss: 0.5091149210929871
INFO Gradient norm: 264.2991452197229
PROGRESS    Completed epoch 872 / 2000;    current loss: 0.49481162428855896
INFO Gradient norm: 296.4854476089407
PROGRESS    Completed epoch 873 / 2000;    current loss: 0.4944264888763428
INFO Gradient norm: 243.69001295909186
PROGRESS    Completed epoch 874 / 2000;    current loss: 0.4807060956954956
INFO Gradient norm: 299.710299341158
PROGRESS    Completed epoch 875 / 2000;    current loss: 0.5087761282920837
INFO Gradient norm: 263.8418738201772
PROGRESS    Completed epoch 876 / 2000;    current loss: 0.49451833963394165
INFO Gradient norm: 295.96902508871915
PROGRESS    Completed epoch 877 / 2000;    current loss: 0.4941638112068176
INFO Gradient norm: 243.30813169987005
PROGRESS    Completed epoch 878 / 2000;    current loss: 0.4804933965206146
INFO Gradient norm: 299.1771386639496
PROGRESS    Completed epoch 879 / 2000;    current loss: 0.5084316730499268
INFO Gradient norm: 263.3633221122992
PROGRESS    Completed epoch 880 / 2000;    current loss: 0.49422597885131836
INFO Gradient norm: 295.4476992947531
PROGRESS    Completed epoch 881 / 2000;    current loss: 0.4938940405845642
INFO Gradient norm: 242.92362747036023
PROGRESS    Completed epoch 882 / 2000;    current loss: 0.48027387261390686
INFO Gradient norm: 298.645097153853
PROGRESS    Completed epoch 883 / 2000;    current loss: 0.5080915689468384
INFO Gradient norm: 262.924169914462
PROGRESS    Completed epoch 884 / 2000;    current loss: 0.4939449429512024
INFO Gradient norm: 294.96555862421013
PROGRESS    Completed epoch 885 / 2000;    current loss: 0.4936358332633972
INFO Gradient norm: 242.55854446231677
PROGRESS    Completed epoch 886 / 2000;    current loss: 0.48005345463752747
INFO Gradient norm: 298.1343381320486
PROGRESS    Completed epoch 887 / 2000;    current loss: 0.5077577233314514
INFO Gradient norm: 262.462774472712
PROGRESS    Completed epoch 888 / 2000;    current loss: 0.49365314841270447
INFO Gradient norm: 294.4276688853795
PROGRESS    Completed epoch 889 / 2000;    current loss: 0.4933611750602722
INFO Gradient norm: 242.14001003580702
PROGRESS    Completed epoch 890 / 2000;    current loss: 0.47982466220855713
INFO Gradient norm: 297.59872832176467
PROGRESS    Completed epoch 891 / 2000;    current loss: 0.5074129700660706
INFO Gradient norm: 262.0011928136003
PROGRESS    Completed epoch 892 / 2000;    current loss: 0.49336710572242737
INFO Gradient norm: 293.8877300328177
PROGRESS    Completed epoch 893 / 2000;    current loss: 0.4930843114852905
INFO Gradient norm: 241.76340265406145
PROGRESS    Completed epoch 894 / 2000;    current loss: 0.47960585355758667
INFO Gradient norm: 297.06805341381823
PROGRESS    Completed epoch 895 / 2000;    current loss: 0.5070725679397583
INFO Gradient norm: 261.550969253173
PROGRESS    Completed epoch 896 / 2000;    current loss: 0.4930761456489563
INFO Gradient norm: 293.3633682188344
PROGRESS    Completed epoch 897 / 2000;    current loss: 0.4928157329559326
INFO Gradient norm: 241.3556325019013
PROGRESS    Completed epoch 898 / 2000;    current loss: 0.47937384247779846
INFO Gradient norm: 296.5477081534976
PROGRESS    Completed epoch 899 / 2000;    current loss: 0.5067353248596191
INFO Gradient norm: 261.0782825462899
PROGRESS    Completed epoch 900 / 2000;    current loss: 0.4927818775177002
INFO Gradient norm: 292.8621511043669
PROGRESS    Completed epoch 901 / 2000;    current loss: 0.4925530254840851
INFO Gradient norm: 241.01065884622193
PROGRESS    Completed epoch 902 / 2000;    current loss: 0.4791649580001831
INFO Gradient norm: 295.9842712768489
PROGRESS    Completed epoch 903 / 2000;    current loss: 0.5063770413398743
INFO Gradient norm: 260.6147497062455
PROGRESS    Completed epoch 904 / 2000;    current loss: 0.4924912452697754
INFO Gradient norm: 292.3504794099375
PROGRESS    Completed epoch 905 / 2000;    current loss: 0.492281049489975
INFO Gradient norm: 240.630919208962
PROGRESS    Completed epoch 906 / 2000;    current loss: 0.47894448041915894
INFO Gradient norm: 295.44742496833123
PROGRESS    Completed epoch 907 / 2000;    current loss: 0.506034791469574
INFO Gradient norm: 260.1482062038729
PROGRESS    Completed epoch 908 / 2000;    current loss: 0.49219411611557007
INFO Gradient norm: 291.8232636788033
PROGRESS    Completed epoch 909 / 2000;    current loss: 0.49200770258903503
INFO Gradient norm: 240.20641483564933
PROGRESS    Completed epoch 910 / 2000;    current loss: 0.4787084460258484
INFO Gradient norm: 294.92239887327804
PROGRESS    Completed epoch 911 / 2000;    current loss: 0.5056940913200378
INFO Gradient norm: 259.68127519276015
PROGRESS    Completed epoch 912 / 2000;    current loss: 0.4919000566005707
INFO Gradient norm: 291.2802283822263
PROGRESS    Completed epoch 913 / 2000;    current loss: 0.49172693490982056
INFO Gradient norm: 239.81722980764908
PROGRESS    Completed epoch 914 / 2000;    current loss: 0.4784873425960541
INFO Gradient norm: 294.38226183781234
PROGRESS    Completed epoch 915 / 2000;    current loss: 0.505342423915863
INFO Gradient norm: 259.1974843858069
PROGRESS    Completed epoch 916 / 2000;    current loss: 0.4915999472141266
INFO Gradient norm: 290.7295598400964
PROGRESS    Completed epoch 917 / 2000;    current loss: 0.491446316242218
INFO Gradient norm: 239.42429298144708
PROGRESS    Completed epoch 918 / 2000;    current loss: 0.47825637459754944
INFO Gradient norm: 293.8293771699692
PROGRESS    Completed epoch 919 / 2000;    current loss: 0.5049911737442017
INFO Gradient norm: 258.73759931038734
PROGRESS    Completed epoch 920 / 2000;    current loss: 0.4913046956062317
INFO Gradient norm: 290.2650766234111
PROGRESS    Completed epoch 921 / 2000;    current loss: 0.49119067192077637
INFO Gradient norm: 239.033001997463
PROGRESS    Completed epoch 922 / 2000;    current loss: 0.47802966833114624
INFO Gradient norm: 293.2748787715407
PROGRESS    Completed epoch 923 / 2000;    current loss: 0.5046435594558716
INFO Gradient norm: 258.26547529507695
PROGRESS    Completed epoch 924 / 2000;    current loss: 0.49100708961486816
INFO Gradient norm: 289.70820686169475
PROGRESS    Completed epoch 925 / 2000;    current loss: 0.490909606218338
INFO Gradient norm: 238.6525832232279
PROGRESS    Completed epoch 926 / 2000;    current loss: 0.4778086841106415
INFO Gradient norm: 292.76372238877696
PROGRESS    Completed epoch 927 / 2000;    current loss: 0.5043016672134399
INFO Gradient norm: 257.7926043468845
PROGRESS    Completed epoch 928 / 2000;    current loss: 0.4907131791114807
INFO Gradient norm: 289.1696080510162
PROGRESS    Completed epoch 929 / 2000;    current loss: 0.4906228482723236
INFO Gradient norm: 238.2194874542686
PROGRESS    Completed epoch 930 / 2000;    current loss: 0.4775712192058563
INFO Gradient norm: 292.21639135539493
PROGRESS    Completed epoch 931 / 2000;    current loss: 0.5039563179016113
INFO Gradient norm: 257.3304559759985
PROGRESS    Completed epoch 932 / 2000;    current loss: 0.4904087483882904
INFO Gradient norm: 288.6040206020192
PROGRESS    Completed epoch 933 / 2000;    current loss: 0.4903419315814972
INFO Gradient norm: 237.8053298536687
PROGRESS    Completed epoch 934 / 2000;    current loss: 0.47732821106910706
INFO Gradient norm: 291.65199973906425
PROGRESS    Completed epoch 935 / 2000;    current loss: 0.5035938620567322
INFO Gradient norm: 256.85558764171833
PROGRESS    Completed epoch 936 / 2000;    current loss: 0.49011415243148804
INFO Gradient norm: 288.0868616183766
PROGRESS    Completed epoch 937 / 2000;    current loss: 0.49006468057632446
INFO Gradient norm: 237.41734277532368
PROGRESS    Completed epoch 938 / 2000;    current loss: 0.47710373997688293
INFO Gradient norm: 291.1356637780206
PROGRESS    Completed epoch 939 / 2000;    current loss: 0.5032496452331543
INFO Gradient norm: 256.3771205166115
PROGRESS    Completed epoch 940 / 2000;    current loss: 0.48981690406799316
INFO Gradient norm: 287.53920603155467
PROGRESS    Completed epoch 941 / 2000;    current loss: 0.4897804260253906
INFO Gradient norm: 237.01528878913825
PROGRESS    Completed epoch 942 / 2000;    current loss: 0.4768727719783783
INFO Gradient norm: 290.55414687602934
PROGRESS    Completed epoch 943 / 2000;    current loss: 0.5028862357139587
INFO Gradient norm: 255.88760799580487
PROGRESS    Completed epoch 944 / 2000;    current loss: 0.48951032757759094
INFO Gradient norm: 287.0104772210995
PROGRESS    Completed epoch 945 / 2000;    current loss: 0.48950448632240295
INFO Gradient norm: 236.6096827713488
PROGRESS    Completed epoch 946 / 2000;    current loss: 0.4766358733177185
INFO Gradient norm: 290.00693989335383
PROGRESS    Completed epoch 947 / 2000;    current loss: 0.5025343298912048
INFO Gradient norm: 255.40943653010112
PROGRESS    Completed epoch 948 / 2000;    current loss: 0.4892057776451111
INFO Gradient norm: 286.475821866228
PROGRESS    Completed epoch 949 / 2000;    current loss: 0.48922446370124817
INFO Gradient norm: 236.2337641255425
PROGRESS    Completed epoch 950 / 2000;    current loss: 0.47641274333000183
INFO Gradient norm: 289.4359731098703
PROGRESS    Completed epoch 951 / 2000;    current loss: 0.5021702647209167
INFO Gradient norm: 254.9385876012209
PROGRESS    Completed epoch 952 / 2000;    current loss: 0.48890528082847595
INFO Gradient norm: 285.90725991977723
PROGRESS    Completed epoch 953 / 2000;    current loss: 0.48893216252326965
INFO Gradient norm: 235.8060997051327
PROGRESS    Completed epoch 954 / 2000;    current loss: 0.4761714041233063
INFO Gradient norm: 288.9123792868098
PROGRESS    Completed epoch 955 / 2000;    current loss: 0.5018256306648254
INFO Gradient norm: 254.4683124546712
PROGRESS    Completed epoch 956 / 2000;    current loss: 0.48860830068588257
INFO Gradient norm: 285.36608962698045
PROGRESS    Completed epoch 957 / 2000;    current loss: 0.48864227533340454
INFO Gradient norm: 235.3793357310298
PROGRESS    Completed epoch 958 / 2000;    current loss: 0.47592979669570923
INFO Gradient norm: 288.35462972901524
PROGRESS    Completed epoch 959 / 2000;    current loss: 0.5014643669128418
INFO Gradient norm: 253.98218314035057
PROGRESS    Completed epoch 960 / 2000;    current loss: 0.4883003830909729
INFO Gradient norm: 284.8006588654521
PROGRESS    Completed epoch 961 / 2000;    current loss: 0.48835259675979614
INFO Gradient norm: 234.95600111581976
PROGRESS    Completed epoch 962 / 2000;    current loss: 0.4756900668144226
INFO Gradient norm: 287.7791014683402
PROGRESS    Completed epoch 963 / 2000;    current loss: 0.5011036992073059
INFO Gradient norm: 253.4899296055231
PROGRESS    Completed epoch 964 / 2000;    current loss: 0.48798811435699463
INFO Gradient norm: 284.26163447516524
PROGRESS    Completed epoch 965 / 2000;    current loss: 0.488077849149704
INFO Gradient norm: 234.59056951832406
PROGRESS    Completed epoch 966 / 2000;    current loss: 0.47546058893203735
INFO Gradient norm: 287.23106423097494
PROGRESS    Completed epoch 967 / 2000;    current loss: 0.5007491707801819
INFO Gradient norm: 253.00276263551325
PROGRESS    Completed epoch 968 / 2000;    current loss: 0.48767855763435364
INFO Gradient norm: 283.7302082314929
PROGRESS    Completed epoch 969 / 2000;    current loss: 0.48778727650642395
INFO Gradient norm: 234.1574311269793
PROGRESS    Completed epoch 970 / 2000;    current loss: 0.47522029280662537
INFO Gradient norm: 286.66986982633085
PROGRESS    Completed epoch 971 / 2000;    current loss: 0.50038743019104
INFO Gradient norm: 252.5135645829655
PROGRESS    Completed epoch 972 / 2000;    current loss: 0.48737701773643494
INFO Gradient norm: 283.18957081696396
PROGRESS    Completed epoch 973 / 2000;    current loss: 0.4875031113624573
INFO Gradient norm: 233.76028231827792
PROGRESS    Completed epoch 974 / 2000;    current loss: 0.47498223185539246
INFO Gradient norm: 286.10008506954244
PROGRESS    Completed epoch 975 / 2000;    current loss: 0.5000199675559998
INFO Gradient norm: 252.02294004640697
PROGRESS    Completed epoch 976 / 2000;    current loss: 0.48706933856010437
INFO Gradient norm: 282.58930332225253
PROGRESS    Completed epoch 977 / 2000;    current loss: 0.4872016906738281
INFO Gradient norm: 233.32635436438395
PROGRESS    Completed epoch 978 / 2000;    current loss: 0.47474029660224915
INFO Gradient norm: 285.5402274337357
PROGRESS    Completed epoch 979 / 2000;    current loss: 0.49966415762901306
INFO Gradient norm: 251.53340257345204
PROGRESS    Completed epoch 980 / 2000;    current loss: 0.48675140738487244
INFO Gradient norm: 282.03737161564305
PROGRESS    Completed epoch 981 / 2000;    current loss: 0.4869147837162018
INFO Gradient norm: 232.9177261480248
PROGRESS    Completed epoch 982 / 2000;    current loss: 0.4744964838027954
INFO Gradient norm: 284.9873497311183
PROGRESS    Completed epoch 983 / 2000;    current loss: 0.49930837750434875
INFO Gradient norm: 251.05660041966752
PROGRESS    Completed epoch 984 / 2000;    current loss: 0.4864497184753418
INFO Gradient norm: 281.48826526709826
PROGRESS    Completed epoch 985 / 2000;    current loss: 0.48662346601486206
INFO Gradient norm: 232.47877220509798
PROGRESS    Completed epoch 986 / 2000;    current loss: 0.47425270080566406
INFO Gradient norm: 284.395476967075
PROGRESS    Completed epoch 987 / 2000;    current loss: 0.4989299476146698
INFO Gradient norm: 250.55105433581193
PROGRESS    Completed epoch 988 / 2000;    current loss: 0.48613542318344116
INFO Gradient norm: 280.9414840598698
PROGRESS    Completed epoch 989 / 2000;    current loss: 0.4863346517086029
INFO Gradient norm: 232.07430137046845
PROGRESS    Completed epoch 990 / 2000;    current loss: 0.47401273250579834
INFO Gradient norm: 283.82916688863486
PROGRESS    Completed epoch 991 / 2000;    current loss: 0.4985628128051758
INFO Gradient norm: 250.0375353427709
PROGRESS    Completed epoch 992 / 2000;    current loss: 0.48581719398498535
INFO Gradient norm: 280.36672171770067
PROGRESS    Completed epoch 993 / 2000;    current loss: 0.4860343039035797
INFO Gradient norm: 231.64709016666743
PROGRESS    Completed epoch 994 / 2000;    current loss: 0.47376421093940735
INFO Gradient norm: 283.2673270198291
PROGRESS    Completed epoch 995 / 2000;    current loss: 0.49820274114608765
INFO Gradient norm: 249.54736435323755
PROGRESS    Completed epoch 996 / 2000;    current loss: 0.4854992926120758
INFO Gradient norm: 279.8232299909134
PROGRESS    Completed epoch 997 / 2000;    current loss: 0.48574140667915344
INFO Gradient norm: 231.23965945922336
PROGRESS    Completed epoch 998 / 2000;    current loss: 0.47352612018585205
INFO Gradient norm: 282.7062008904711
PROGRESS    Completed epoch 999 / 2000;    current loss: 0.49783915281295776
INFO Gradient norm: 249.080211703797
PROGRESS    Completed epoch 1000 / 2000;    current loss: 0.4851987063884735
INFO Gradient norm: 279.24595667406044
PROGRESS    Completed epoch 1001 / 2000;    current loss: 0.485451877117157
INFO Gradient norm: 230.79133670454397
PROGRESS    Completed epoch 1002 / 2000;    current loss: 0.4732695519924164
INFO Gradient norm: 282.1218369316686
PROGRESS    Completed epoch 1003 / 2000;    current loss: 0.4974648952484131
INFO Gradient norm: 248.57972466886656
PROGRESS    Completed epoch 1004 / 2000;    current loss: 0.4848869740962982
INFO Gradient norm: 278.6741121199508
PROGRESS    Completed epoch 1005 / 2000;    current loss: 0.4851507842540741
INFO Gradient norm: 230.3578469727208
PROGRESS    Completed epoch 1006 / 2000;    current loss: 0.47302019596099854
INFO Gradient norm: 281.5445458614024
PROGRESS    Completed epoch 1007 / 2000;    current loss: 0.4970947802066803
INFO Gradient norm: 248.07607322984103
PROGRESS    Completed epoch 1008 / 2000;    current loss: 0.484571635723114
INFO Gradient norm: 278.10685822687435
PROGRESS    Completed epoch 1009 / 2000;    current loss: 0.4848514199256897
INFO Gradient norm: 229.9735580161637
PROGRESS    Completed epoch 1010 / 2000;    current loss: 0.47278672456741333
INFO Gradient norm: 280.96769048459186
PROGRESS    Completed epoch 1011 / 2000;    current loss: 0.4967294931411743
INFO Gradient norm: 247.5780841527389
PROGRESS    Completed epoch 1012 / 2000;    current loss: 0.48425179719924927
INFO Gradient norm: 277.53606788070124
PROGRESS    Completed epoch 1013 / 2000;    current loss: 0.4845533072948456
INFO Gradient norm: 229.52789041584268
PROGRESS    Completed epoch 1014 / 2000;    current loss: 0.4725323021411896
INFO Gradient norm: 280.4044876357178
PROGRESS    Completed epoch 1015 / 2000;    current loss: 0.4963586628437042
INFO Gradient norm: 247.0895584012679
PROGRESS    Completed epoch 1016 / 2000;    current loss: 0.4839363396167755
INFO Gradient norm: 276.9862516941143
PROGRESS    Completed epoch 1017 / 2000;    current loss: 0.48425883054733276
INFO Gradient norm: 229.0638894693928
PROGRESS    Completed epoch 1018 / 2000;    current loss: 0.4722731411457062
INFO Gradient norm: 279.82021938203525
PROGRESS    Completed epoch 1019 / 2000;    current loss: 0.4959874153137207
INFO Gradient norm: 246.57169858550606
PROGRESS    Completed epoch 1020 / 2000;    current loss: 0.4836132228374481
INFO Gradient norm: 276.36908192764247
PROGRESS    Completed epoch 1021 / 2000;    current loss: 0.48394715785980225
INFO Gradient norm: 228.65410163293507
PROGRESS    Completed epoch 1022 / 2000;    current loss: 0.4720335304737091
INFO Gradient norm: 279.24929160744955
PROGRESS    Completed epoch 1023 / 2000;    current loss: 0.49562057852745056
INFO Gradient norm: 246.09142707747736
PROGRESS    Completed epoch 1024 / 2000;    current loss: 0.48330312967300415
INFO Gradient norm: 275.8103622437508
PROGRESS    Completed epoch 1025 / 2000;    current loss: 0.48364585638046265
INFO Gradient norm: 228.24484179124443
PROGRESS    Completed epoch 1026 / 2000;    current loss: 0.4717870354652405
INFO Gradient norm: 278.67771148291484
PROGRESS    Completed epoch 1027 / 2000;    current loss: 0.49525052309036255
INFO Gradient norm: 245.59156255086947
PROGRESS    Completed epoch 1028 / 2000;    current loss: 0.4829867482185364
INFO Gradient norm: 275.24379241934537
PROGRESS    Completed epoch 1029 / 2000;    current loss: 0.48334765434265137
INFO Gradient norm: 227.77806428974344
PROGRESS    Completed epoch 1030 / 2000;    current loss: 0.4715224802494049
INFO Gradient norm: 278.07647502681465
PROGRESS    Completed epoch 1031 / 2000;    current loss: 0.49487200379371643
INFO Gradient norm: 245.09484738296726
PROGRESS    Completed epoch 1032 / 2000;    current loss: 0.48267221450805664
INFO Gradient norm: 274.65709181923427
PROGRESS    Completed epoch 1033 / 2000;    current loss: 0.4830389618873596
INFO Gradient norm: 227.3383714448618
PROGRESS    Completed epoch 1034 / 2000;    current loss: 0.4712733030319214
INFO Gradient norm: 277.49515709258026
PROGRESS    Completed epoch 1035 / 2000;    current loss: 0.4944932162761688
INFO Gradient norm: 244.56602316998675
PROGRESS    Completed epoch 1036 / 2000;    current loss: 0.4823376536369324
INFO Gradient norm: 274.07603729302923
PROGRESS    Completed epoch 1037 / 2000;    current loss: 0.4827333092689514
INFO Gradient norm: 226.90730409392742
PROGRESS    Completed epoch 1038 / 2000;    current loss: 0.4710148274898529
INFO Gradient norm: 276.93632765038615
PROGRESS    Completed epoch 1039 / 2000;    current loss: 0.4941299259662628
INFO Gradient norm: 244.0719764674812
PROGRESS    Completed epoch 1040 / 2000;    current loss: 0.4820249378681183
INFO Gradient norm: 273.4974660028856
PROGRESS    Completed epoch 1041 / 2000;    current loss: 0.482439786195755
INFO Gradient norm: 226.46852558251257
PROGRESS    Completed epoch 1042 / 2000;    current loss: 0.4707605838775635
INFO Gradient norm: 276.34582682795025
PROGRESS    Completed epoch 1043 / 2000;    current loss: 0.4937530755996704
INFO Gradient norm: 243.5688569476787
PROGRESS    Completed epoch 1044 / 2000;    current loss: 0.481701135635376
INFO Gradient norm: 272.92407271330626
PROGRESS    Completed epoch 1045 / 2000;    current loss: 0.48212987184524536
INFO Gradient norm: 226.0150744635104
PROGRESS    Completed epoch 1046 / 2000;    current loss: 0.4705023467540741
INFO Gradient norm: 275.7545524222332
PROGRESS    Completed epoch 1047 / 2000;    current loss: 0.4933704435825348
INFO Gradient norm: 243.05999837756477
PROGRESS    Completed epoch 1048 / 2000;    current loss: 0.4813835620880127
INFO Gradient norm: 272.31258352148825
PROGRESS    Completed epoch 1049 / 2000;    current loss: 0.48181191086769104
INFO Gradient norm: 225.6091985147962
PROGRESS    Completed epoch 1050 / 2000;    current loss: 0.4702525734901428
INFO Gradient norm: 275.1603299822419
PROGRESS    Completed epoch 1051 / 2000;    current loss: 0.4929888844490051
INFO Gradient norm: 242.5580421842809
PROGRESS    Completed epoch 1052 / 2000;    current loss: 0.4810599982738495
INFO Gradient norm: 271.73308158812955
PROGRESS    Completed epoch 1053 / 2000;    current loss: 0.48150748014450073
INFO Gradient norm: 225.15841778547912
PROGRESS    Completed epoch 1054 / 2000;    current loss: 0.4699956476688385
INFO Gradient norm: 274.6027449891425
PROGRESS    Completed epoch 1055 / 2000;    current loss: 0.4926232397556305
INFO Gradient norm: 242.05729864856863
PROGRESS    Completed epoch 1056 / 2000;    current loss: 0.48073920607566833
INFO Gradient norm: 271.1324531349499
PROGRESS    Completed epoch 1057 / 2000;    current loss: 0.4811912775039673
INFO Gradient norm: 224.7097309789219
PROGRESS    Completed epoch 1058 / 2000;    current loss: 0.4697363078594208
INFO Gradient norm: 274.0057916964215
PROGRESS    Completed epoch 1059 / 2000;    current loss: 0.4922482371330261
INFO Gradient norm: 241.54679685683237
PROGRESS    Completed epoch 1060 / 2000;    current loss: 0.4804155230522156
INFO Gradient norm: 270.5312034762116
PROGRESS    Completed epoch 1061 / 2000;    current loss: 0.4808764159679413
INFO Gradient norm: 224.26647036940452
PROGRESS    Completed epoch 1062 / 2000;    current loss: 0.46947523951530457
INFO Gradient norm: 273.38098251297953
PROGRESS    Completed epoch 1063 / 2000;    current loss: 0.4918562173843384
INFO Gradient norm: 241.01187897250637
PROGRESS    Completed epoch 1064 / 2000;    current loss: 0.4800766706466675
INFO Gradient norm: 269.94363828838624
PROGRESS    Completed epoch 1065 / 2000;    current loss: 0.4805719554424286
INFO Gradient norm: 223.82099522447263
PROGRESS    Completed epoch 1066 / 2000;    current loss: 0.4692162871360779
INFO Gradient norm: 272.80376231441096
PROGRESS    Completed epoch 1067 / 2000;    current loss: 0.4914782643318176
INFO Gradient norm: 240.52051940365845
PROGRESS    Completed epoch 1068 / 2000;    current loss: 0.47976362705230713
INFO Gradient norm: 269.36302264632445
PROGRESS    Completed epoch 1069 / 2000;    current loss: 0.48025891184806824
INFO Gradient norm: 223.3688962549416
PROGRESS    Completed epoch 1070 / 2000;    current loss: 0.4689525067806244
INFO Gradient norm: 272.2222934258285
PROGRESS    Completed epoch 1071 / 2000;    current loss: 0.4910981357097626
INFO Gradient norm: 239.99553161335038
PROGRESS    Completed epoch 1072 / 2000;    current loss: 0.47943100333213806
INFO Gradient norm: 268.77176308249796
PROGRESS    Completed epoch 1073 / 2000;    current loss: 0.4799513518810272
INFO Gradient norm: 222.93612562559565
PROGRESS    Completed epoch 1074 / 2000;    current loss: 0.4686910808086395
INFO Gradient norm: 271.62776034660135
PROGRESS    Completed epoch 1075 / 2000;    current loss: 0.4907231330871582
INFO Gradient norm: 239.48262655736852
PROGRESS    Completed epoch 1076 / 2000;    current loss: 0.4791024923324585
INFO Gradient norm: 268.1723165076481
PROGRESS    Completed epoch 1077 / 2000;    current loss: 0.47963693737983704
INFO Gradient norm: 222.46041816666292
PROGRESS    Completed epoch 1078 / 2000;    current loss: 0.46842628717422485
INFO Gradient norm: 271.0191463867063
PROGRESS    Completed epoch 1079 / 2000;    current loss: 0.4903358817100525
INFO Gradient norm: 238.97017213076126
PROGRESS    Completed epoch 1080 / 2000;    current loss: 0.4787766933441162
INFO Gradient norm: 267.58316837560335
PROGRESS    Completed epoch 1081 / 2000;    current loss: 0.47932565212249756
INFO Gradient norm: 222.02052800068964
PROGRESS    Completed epoch 1082 / 2000;    current loss: 0.46816545724868774
INFO Gradient norm: 270.4347947673589
PROGRESS    Completed epoch 1083 / 2000;    current loss: 0.48995277285575867
INFO Gradient norm: 238.45914795806186
PROGRESS    Completed epoch 1084 / 2000;    current loss: 0.4784504175186157
INFO Gradient norm: 266.96802513035067
PROGRESS    Completed epoch 1085 / 2000;    current loss: 0.4790012240409851
INFO Gradient norm: 221.571688381033
PROGRESS    Completed epoch 1086 / 2000;    current loss: 0.4679062068462372
INFO Gradient norm: 269.83697679959744
PROGRESS    Completed epoch 1087 / 2000;    current loss: 0.48957106471061707
INFO Gradient norm: 237.93429975513686
PROGRESS    Completed epoch 1088 / 2000;    current loss: 0.47811755537986755
INFO Gradient norm: 266.37757743478926
PROGRESS    Completed epoch 1089 / 2000;    current loss: 0.4786873161792755
INFO Gradient norm: 221.12515871596125
PROGRESS    Completed epoch 1090 / 2000;    current loss: 0.46763846278190613
INFO Gradient norm: 269.2366474885641
PROGRESS    Completed epoch 1091 / 2000;    current loss: 0.4891895353794098
INFO Gradient norm: 237.41267786438118
PROGRESS    Completed epoch 1092 / 2000;    current loss: 0.4777899980545044
INFO Gradient norm: 265.77844124005344
PROGRESS    Completed epoch 1093 / 2000;    current loss: 0.4783650040626526
INFO Gradient norm: 220.6536264593524
PROGRESS    Completed epoch 1094 / 2000;    current loss: 0.46737006306648254
INFO Gradient norm: 268.6306402266469
PROGRESS    Completed epoch 1095 / 2000;    current loss: 0.48880308866500854
INFO Gradient norm: 236.89948269578505
PROGRESS    Completed epoch 1096 / 2000;    current loss: 0.47745856642723083
INFO Gradient norm: 265.18566827237044
PROGRESS    Completed epoch 1097 / 2000;    current loss: 0.47805213928222656
INFO Gradient norm: 220.18854694753801
PROGRESS    Completed epoch 1098 / 2000;    current loss: 0.4671027660369873
INFO Gradient norm: 268.0175296325919
PROGRESS    Completed epoch 1099 / 2000;    current loss: 0.48841455578804016
INFO Gradient norm: 236.37040118297605
PROGRESS    Completed epoch 1100 / 2000;    current loss: 0.4771251082420349
INFO Gradient norm: 264.60117480131805
PROGRESS    Completed epoch 1101 / 2000;    current loss: 0.4777432084083557
INFO Gradient norm: 219.7730583531754
PROGRESS    Completed epoch 1102 / 2000;    current loss: 0.46684688329696655
INFO Gradient norm: 267.38316834702954
PROGRESS    Completed epoch 1103 / 2000;    current loss: 0.4880097210407257
INFO Gradient norm: 235.82655481302768
PROGRESS    Completed epoch 1104 / 2000;    current loss: 0.4767856001853943
INFO Gradient norm: 263.9999642061957
PROGRESS    Completed epoch 1105 / 2000;    current loss: 0.4774245619773865
INFO Gradient norm: 219.32374092290345
PROGRESS    Completed epoch 1106 / 2000;    current loss: 0.466574102640152
INFO Gradient norm: 266.7908753477123
PROGRESS    Completed epoch 1107 / 2000;    current loss: 0.4876295030117035
INFO Gradient norm: 235.29189101903438
PROGRESS    Completed epoch 1108 / 2000;    current loss: 0.47644975781440735
INFO Gradient norm: 263.4231982365212
PROGRESS    Completed epoch 1109 / 2000;    current loss: 0.47711220383644104
INFO Gradient norm: 218.88661537725199
PROGRESS    Completed epoch 1110 / 2000;    current loss: 0.4663129448890686
INFO Gradient norm: 266.1898650220636
PROGRESS    Completed epoch 1111 / 2000;    current loss: 0.48724156618118286
INFO Gradient norm: 234.7850082345958
PROGRESS    Completed epoch 1112 / 2000;    current loss: 0.47612088918685913
INFO Gradient norm: 262.80281311848796
PROGRESS    Completed epoch 1113 / 2000;    current loss: 0.47678279876708984
INFO Gradient norm: 218.42187700654728
PROGRESS    Completed epoch 1114 / 2000;    current loss: 0.46603789925575256
INFO Gradient norm: 265.5808836020484
PROGRESS    Completed epoch 1115 / 2000;    current loss: 0.4868541657924652
INFO Gradient norm: 234.24884007503547
PROGRESS    Completed epoch 1116 / 2000;    current loss: 0.4757854640483856
INFO Gradient norm: 262.20960744994755
PROGRESS    Completed epoch 1117 / 2000;    current loss: 0.47646617889404297
INFO Gradient norm: 217.970000970735
PROGRESS    Completed epoch 1118 / 2000;    current loss: 0.46577176451683044
INFO Gradient norm: 264.94894300739384
PROGRESS    Completed epoch 1119 / 2000;    current loss: 0.4864632487297058
INFO Gradient norm: 233.72801274911052
PROGRESS    Completed epoch 1120 / 2000;    current loss: 0.4754510521888733
INFO Gradient norm: 261.5999576266733
PROGRESS    Completed epoch 1121 / 2000;    current loss: 0.476142019033432
INFO Gradient norm: 217.5158444039622
PROGRESS    Completed epoch 1122 / 2000;    current loss: 0.46550577878952026
INFO Gradient norm: 264.3498862232125
PROGRESS    Completed epoch 1123 / 2000;    current loss: 0.48607492446899414
INFO Gradient norm: 233.18340541108958
PROGRESS    Completed epoch 1124 / 2000;    current loss: 0.47511234879493713
INFO Gradient norm: 261.00833492489284
PROGRESS    Completed epoch 1125 / 2000;    current loss: 0.47582927346229553
INFO Gradient norm: 217.0770278636965
PROGRESS    Completed epoch 1126 / 2000;    current loss: 0.4652364253997803
INFO Gradient norm: 263.7342974934702
PROGRESS    Completed epoch 1127 / 2000;    current loss: 0.48567503690719604
INFO Gradient norm: 232.64353133433846
PROGRESS    Completed epoch 1128 / 2000;    current loss: 0.47477221488952637
INFO Gradient norm: 260.4201549017187
PROGRESS    Completed epoch 1129 / 2000;    current loss: 0.47550657391548157
INFO Gradient norm: 216.64683723700253
PROGRESS    Completed epoch 1130 / 2000;    current loss: 0.464974045753479
INFO Gradient norm: 263.0670204558651
PROGRESS    Completed epoch 1131 / 2000;    current loss: 0.48527204990386963
INFO Gradient norm: 232.1146378089155
PROGRESS    Completed epoch 1132 / 2000;    current loss: 0.47443443536758423
INFO Gradient norm: 259.81500467079
PROGRESS    Completed epoch 1133 / 2000;    current loss: 0.4751841127872467
INFO Gradient norm: 216.15722108393115
PROGRESS    Completed epoch 1134 / 2000;    current loss: 0.46469107270240784
INFO Gradient norm: 262.48267387061196
PROGRESS    Completed epoch 1135 / 2000;    current loss: 0.48488670587539673
INFO Gradient norm: 231.58720555099023
PROGRESS    Completed epoch 1136 / 2000;    current loss: 0.47409749031066895
INFO Gradient norm: 259.2158600421787
PROGRESS    Completed epoch 1137 / 2000;    current loss: 0.4748710095882416
INFO Gradient norm: 215.72493802118763
PROGRESS    Completed epoch 1138 / 2000;    current loss: 0.464424729347229
INFO Gradient norm: 261.85346598449274
PROGRESS    Completed epoch 1139 / 2000;    current loss: 0.4844883680343628
INFO Gradient norm: 231.015810399467
PROGRESS    Completed epoch 1140 / 2000;    current loss: 0.47375237941741943
INFO Gradient norm: 258.5976035521241
PROGRESS    Completed epoch 1141 / 2000;    current loss: 0.47453904151916504
INFO Gradient norm: 215.25308336857663
PROGRESS    Completed epoch 1142 / 2000;    current loss: 0.46415311098098755
INFO Gradient norm: 260.6822411666503
PROGRESS    Completed epoch 1143 / 2000;    current loss: 0.48395878076553345
INFO Gradient norm: 223.31862995744314
PROGRESS    Completed epoch 1144 / 2000;    current loss: 0.47117406129837036
INFO Gradient norm: 269.92892523049403
PROGRESS    Completed epoch 1145 / 2000;    current loss: 0.4773138463497162
INFO Gradient norm: 232.34711863478643
PROGRESS    Completed epoch 1146 / 2000;    current loss: 0.4677342474460602
INFO Gradient norm: 239.42795067148543
PROGRESS    Completed epoch 1147 / 2000;    current loss: 0.4761812388896942
INFO Gradient norm: 205.95756550461104
PROGRESS    Completed epoch 1148 / 2000;    current loss: 0.465695858001709
INFO Gradient norm: 283.99748614002675
PROGRESS    Completed epoch 1149 / 2000;    current loss: 0.48089224100112915
INFO Gradient norm: 241.86034102311115
PROGRESS    Completed epoch 1150 / 2000;    current loss: 0.4697115421295166
INFO Gradient norm: 232.65917054733293
PROGRESS    Completed epoch 1151 / 2000;    current loss: 0.47364556789398193
INFO Gradient norm: 202.1508433837656
PROGRESS    Completed epoch 1152 / 2000;    current loss: 0.4642926752567291
INFO Gradient norm: 282.1010043126497
PROGRESS    Completed epoch 1153 / 2000;    current loss: 0.4800909757614136
INFO Gradient norm: 237.50538690409374
PROGRESS    Completed epoch 1154 / 2000;    current loss: 0.4683181047439575
INFO Gradient norm: 235.22577410833352
PROGRESS    Completed epoch 1155 / 2000;    current loss: 0.47419247031211853
INFO Gradient norm: 206.52464662228113
PROGRESS    Completed epoch 1156 / 2000;    current loss: 0.4651923179626465
INFO Gradient norm: 271.4851461211727
PROGRESS    Completed epoch 1157 / 2000;    current loss: 0.47685790061950684
INFO Gradient norm: 226.30592620864329
PROGRESS    Completed epoch 1158 / 2000;    current loss: 0.4653126001358032
INFO Gradient norm: 241.82833556961046
PROGRESS    Completed epoch 1159 / 2000;    current loss: 0.47614800930023193
INFO Gradient norm: 213.80981750737823
PROGRESS    Completed epoch 1160 / 2000;    current loss: 0.46699827909469604
INFO Gradient norm: 258.64560702736827
PROGRESS    Completed epoch 1161 / 2000;    current loss: 0.47313353419303894
INFO Gradient norm: 214.1571889331249
PROGRESS    Completed epoch 1162 / 2000;    current loss: 0.46222251653671265
INFO Gradient norm: 248.49199624768886
PROGRESS    Completed epoch 1163 / 2000;    current loss: 0.4782341718673706
INFO Gradient norm: 220.41321689318977
PROGRESS    Completed epoch 1164 / 2000;    current loss: 0.46873340010643005
INFO Gradient norm: 247.72587670497578
PROGRESS    Completed epoch 1165 / 2000;    current loss: 0.4700533151626587
INFO Gradient norm: 204.50285452230526
PROGRESS    Completed epoch 1166 / 2000;    current loss: 0.45982474088668823
INFO Gradient norm: 253.0331414589764
PROGRESS    Completed epoch 1167 / 2000;    current loss: 0.47966375946998596
INFO Gradient norm: 224.54307758464873
PROGRESS    Completed epoch 1168 / 2000;    current loss: 0.46978771686553955
INFO Gradient norm: 240.59050969798426
PROGRESS    Completed epoch 1169 / 2000;    current loss: 0.4680393636226654
INFO Gradient norm: 198.72389038495402
PROGRESS    Completed epoch 1170 / 2000;    current loss: 0.4583452343940735
INFO Gradient norm: 254.83837265828447
PROGRESS    Completed epoch 1171 / 2000;    current loss: 0.4801478385925293
INFO Gradient norm: 225.85941043825105
PROGRESS    Completed epoch 1172 / 2000;    current loss: 0.470012366771698
INFO Gradient norm: 237.26131712458275
PROGRESS    Completed epoch 1173 / 2000;    current loss: 0.4670223295688629
INFO Gradient norm: 196.41436572512407
PROGRESS    Completed epoch 1174 / 2000;    current loss: 0.4576551020145416
INFO Gradient norm: 254.30554734299002
PROGRESS    Completed epoch 1175 / 2000;    current loss: 0.47978878021240234
INFO Gradient norm: 224.99969278943144
PROGRESS    Completed epoch 1176 / 2000;    current loss: 0.46955010294914246
INFO Gradient norm: 236.66912038445344
PROGRESS    Completed epoch 1177 / 2000;    current loss: 0.46669453382492065
INFO Gradient norm: 196.53714178361363
PROGRESS    Completed epoch 1178 / 2000;    current loss: 0.4574853181838989
INFO Gradient norm: 252.31457131408453
PROGRESS    Completed epoch 1179 / 2000;    current loss: 0.4788992404937744
INFO Gradient norm: 222.91007316256798
PROGRESS    Completed epoch 1180 / 2000;    current loss: 0.4687090218067169
INFO Gradient norm: 237.4571870245233
PROGRESS    Completed epoch 1181 / 2000;    current loss: 0.4667209982872009
INFO Gradient norm: 197.6683746881414
PROGRESS    Completed epoch 1182 / 2000;    current loss: 0.45753446221351624
INFO Gradient norm: 249.80633133451883
PROGRESS    Completed epoch 1183 / 2000;    current loss: 0.47782832384109497
INFO Gradient norm: 220.4837985191575
PROGRESS    Completed epoch 1184 / 2000;    current loss: 0.46777838468551636
INFO Gradient norm: 238.55866369035473
PROGRESS    Completed epoch 1185 / 2000;    current loss: 0.46682217717170715
INFO Gradient norm: 198.87964497198766
PROGRESS    Completed epoch 1186 / 2000;    current loss: 0.4576021432876587
INFO Gradient norm: 247.40692855355292
PROGRESS    Completed epoch 1187 / 2000;    current loss: 0.47680768370628357
INFO Gradient norm: 218.28679298313557
PROGRESS    Completed epoch 1188 / 2000;    current loss: 0.46691423654556274
INFO Gradient norm: 239.18510375101778
PROGRESS    Completed epoch 1189 / 2000;    current loss: 0.4668114483356476
INFO Gradient norm: 199.52143527605747
PROGRESS    Completed epoch 1190 / 2000;    current loss: 0.4575451612472534
INFO Gradient norm: 245.45031316733608
PROGRESS    Completed epoch 1191 / 2000;    current loss: 0.47594574093818665
INFO Gradient norm: 216.55567359091057
PROGRESS    Completed epoch 1192 / 2000;    current loss: 0.4661921560764313
INFO Gradient norm: 239.13583219204693
PROGRESS    Completed epoch 1193 / 2000;    current loss: 0.4666263163089752
INFO Gradient norm: 199.4959807555743
PROGRESS    Completed epoch 1194 / 2000;    current loss: 0.4573425352573395
INFO Gradient norm: 243.99898581464274
PROGRESS    Completed epoch 1195 / 2000;    current loss: 0.4752582907676697
INFO Gradient norm: 215.3447881908681
PROGRESS    Completed epoch 1196 / 2000;    current loss: 0.4656318724155426
INFO Gradient norm: 238.44061000429696
PROGRESS    Completed epoch 1197 / 2000;    current loss: 0.4662659764289856
INFO Gradient norm: 198.86001911504943
PROGRESS    Completed epoch 1198 / 2000;    current loss: 0.45700204372406006
INFO Gradient norm: 242.97199675432876
PROGRESS    Completed epoch 1199 / 2000;    current loss: 0.47472405433654785
INFO Gradient norm: 214.46823705012153
PROGRESS    Completed epoch 1200 / 2000;    current loss: 0.4651790261268616
INFO Gradient norm: 237.34480759000428
PROGRESS    Completed epoch 1201 / 2000;    current loss: 0.46580323576927185
INFO Gradient norm: 197.94964159200487
PROGRESS    Completed epoch 1202 / 2000;    current loss: 0.45660462975502014
INFO Gradient norm: 242.08537981310866
PROGRESS    Completed epoch 1203 / 2000;    current loss: 0.47423744201660156
INFO Gradient norm: 213.79985160647078
PROGRESS    Completed epoch 1204 / 2000;    current loss: 0.46477726101875305
INFO Gradient norm: 236.08755850850437
PROGRESS    Completed epoch 1205 / 2000;    current loss: 0.4652984142303467
INFO Gradient norm: 196.87113477625792
PROGRESS    Completed epoch 1206 / 2000;    current loss: 0.45616859197616577
INFO Gradient norm: 241.33159078632426
PROGRESS    Completed epoch 1207 / 2000;    current loss: 0.47379857301712036
INFO Gradient norm: 213.13167195618328
PROGRESS    Completed epoch 1208 / 2000;    current loss: 0.46437668800354004
INFO Gradient norm: 234.81476065556737
PROGRESS    Completed epoch 1209 / 2000;    current loss: 0.46479547023773193
INFO Gradient norm: 195.84086404052408
PROGRESS    Completed epoch 1210 / 2000;    current loss: 0.4557380676269531
INFO Gradient norm: 240.48293190352618
PROGRESS    Completed epoch 1211 / 2000;    current loss: 0.47332116961479187
INFO Gradient norm: 212.42253619356174
PROGRESS    Completed epoch 1212 / 2000;    current loss: 0.4639660716056824
INFO Gradient norm: 233.66730998137047
PROGRESS    Completed epoch 1213 / 2000;    current loss: 0.4643142819404602
INFO Gradient norm: 194.94075554490405
PROGRESS    Completed epoch 1214 / 2000;    current loss: 0.4553341567516327
INFO Gradient norm: 239.57921274455114
PROGRESS    Completed epoch 1215 / 2000;    current loss: 0.47282975912094116
INFO Gradient norm: 211.58889334858048
PROGRESS    Completed epoch 1216 / 2000;    current loss: 0.4635162055492401
INFO Gradient norm: 232.70963349360179
PROGRESS    Completed epoch 1217 / 2000;    current loss: 0.4638868272304535
INFO Gradient norm: 194.2179102829336
PROGRESS    Completed epoch 1218 / 2000;    current loss: 0.45496875047683716
INFO Gradient norm: 238.53942101186544
PROGRESS    Completed epoch 1219 / 2000;    current loss: 0.4722808003425598
INFO Gradient norm: 210.69122735139874
PROGRESS    Completed epoch 1220 / 2000;    current loss: 0.46303942799568176
INFO Gradient norm: 231.78614495673924
PROGRESS    Completed epoch 1221 / 2000;    current loss: 0.46345973014831543
INFO Gradient norm: 193.5447384103226
PROGRESS    Completed epoch 1222 / 2000;    current loss: 0.4546130299568176
INFO Gradient norm: 237.49290106527891
PROGRESS    Completed epoch 1223 / 2000;    current loss: 0.4717344045639038
INFO Gradient norm: 209.7297439621385
PROGRESS    Completed epoch 1224 / 2000;    current loss: 0.46255555748939514
INFO Gradient norm: 231.0005692312893
PROGRESS    Completed epoch 1225 / 2000;    current loss: 0.4630714952945709
INFO Gradient norm: 192.91925570822693
PROGRESS    Completed epoch 1226 / 2000;    current loss: 0.4542713761329651
INFO Gradient norm: 236.41265055521268
PROGRESS    Completed epoch 1227 / 2000;    current loss: 0.47117915749549866
INFO Gradient norm: 208.78255104087955
PROGRESS    Completed epoch 1228 / 2000;    current loss: 0.46207037568092346
INFO Gradient norm: 230.19290546969862
PROGRESS    Completed epoch 1229 / 2000;    current loss: 0.462675005197525
INFO Gradient norm: 192.32325772863788
PROGRESS    Completed epoch 1230 / 2000;    current loss: 0.4539303183555603
INFO Gradient norm: 235.3255644093172
PROGRESS    Completed epoch 1231 / 2000;    current loss: 0.4706171452999115
INFO Gradient norm: 207.8063843271322
PROGRESS    Completed epoch 1232 / 2000;    current loss: 0.461576908826828
INFO Gradient norm: 229.38019381914694
PROGRESS    Completed epoch 1233 / 2000;    current loss: 0.4622519314289093
INFO Gradient norm: 191.6999252048753
PROGRESS    Completed epoch 1234 / 2000;    current loss: 0.45355114340782166
INFO Gradient norm: 234.28386677723583
PROGRESS    Completed epoch 1235 / 2000;    current loss: 0.47007590532302856
INFO Gradient norm: 206.89124696750872
PROGRESS    Completed epoch 1236 / 2000;    current loss: 0.46109893918037415
INFO Gradient norm: 228.54360073539706
PROGRESS    Completed epoch 1237 / 2000;    current loss: 0.4618423581123352
INFO Gradient norm: 191.09098254466286
PROGRESS    Completed epoch 1238 / 2000;    current loss: 0.45320719480514526
INFO Gradient norm: 233.22127026916124
PROGRESS    Completed epoch 1239 / 2000;    current loss: 0.4695195257663727
INFO Gradient norm: 205.9394654033859
PROGRESS    Completed epoch 1240 / 2000;    current loss: 0.46061304211616516
INFO Gradient norm: 227.6776004671649
PROGRESS    Completed epoch 1241 / 2000;    current loss: 0.46142953634262085
INFO Gradient norm: 190.41658721554165
PROGRESS    Completed epoch 1242 / 2000;    current loss: 0.4528430700302124
INFO Gradient norm: 232.19834444114088
PROGRESS    Completed epoch 1243 / 2000;    current loss: 0.46897977590560913
INFO Gradient norm: 205.05529499662754
PROGRESS    Completed epoch 1244 / 2000;    current loss: 0.46012455224990845
INFO Gradient norm: 226.83572165022355
PROGRESS    Completed epoch 1245 / 2000;    current loss: 0.46101197600364685
INFO Gradient norm: 189.74670248468306
PROGRESS    Completed epoch 1246 / 2000;    current loss: 0.45249006152153015
INFO Gradient norm: 231.19490847385813
PROGRESS    Completed epoch 1247 / 2000;    current loss: 0.4684232175350189
INFO Gradient norm: 204.16001122089008
PROGRESS    Completed epoch 1248 / 2000;    current loss: 0.45964738726615906
INFO Gradient norm: 225.95028947316237
PROGRESS    Completed epoch 1249 / 2000;    current loss: 0.46059495210647583
INFO Gradient norm: 189.08287976018678
PROGRESS    Completed epoch 1250 / 2000;    current loss: 0.45212069153785706
INFO Gradient norm: 230.17506557090346
PROGRESS    Completed epoch 1251 / 2000;    current loss: 0.46788063645362854
INFO Gradient norm: 203.2900150575601
PROGRESS    Completed epoch 1252 / 2000;    current loss: 0.459188848733902
INFO Gradient norm: 225.0669998531505
PROGRESS    Completed epoch 1253 / 2000;    current loss: 0.4601728916168213
INFO Gradient norm: 188.40307433500615
PROGRESS    Completed epoch 1254 / 2000;    current loss: 0.45175594091415405
INFO Gradient norm: 229.17825452929557
PROGRESS    Completed epoch 1255 / 2000;    current loss: 0.46734821796417236
INFO Gradient norm: 202.37219372358473
PROGRESS    Completed epoch 1256 / 2000;    current loss: 0.4587024748325348
INFO Gradient norm: 224.24313192364127
PROGRESS    Completed epoch 1257 / 2000;    current loss: 0.45975667238235474
INFO Gradient norm: 187.78526183132624
PROGRESS    Completed epoch 1258 / 2000;    current loss: 0.45140987634658813
INFO Gradient norm: 228.1514630663278
PROGRESS    Completed epoch 1259 / 2000;    current loss: 0.4668039381504059
INFO Gradient norm: 201.49537063827898
PROGRESS    Completed epoch 1260 / 2000;    current loss: 0.45823073387145996
INFO Gradient norm: 223.38974659651328
PROGRESS    Completed epoch 1261 / 2000;    current loss: 0.4593406915664673
INFO Gradient norm: 187.113068174634
PROGRESS    Completed epoch 1262 / 2000;    current loss: 0.4510364532470703
INFO Gradient norm: 227.17607371651073
PROGRESS    Completed epoch 1263 / 2000;    current loss: 0.4662775695323944
INFO Gradient norm: 200.59847477297484
PROGRESS    Completed epoch 1264 / 2000;    current loss: 0.457755982875824
INFO Gradient norm: 222.57046730067927
PROGRESS    Completed epoch 1265 / 2000;    current loss: 0.4589279294013977
INFO Gradient norm: 186.49623185613126
PROGRESS    Completed epoch 1266 / 2000;    current loss: 0.45068618655204773
INFO Gradient norm: 226.15109339806412
PROGRESS    Completed epoch 1267 / 2000;    current loss: 0.4657374918460846
INFO Gradient norm: 199.72822237742787
PROGRESS    Completed epoch 1268 / 2000;    current loss: 0.457285076379776
INFO Gradient norm: 221.72752951470994
PROGRESS    Completed epoch 1269 / 2000;    current loss: 0.45851343870162964
INFO Gradient norm: 185.82577354622654
PROGRESS    Completed epoch 1270 / 2000;    current loss: 0.4503142833709717
INFO Gradient norm: 225.14985882651987
PROGRESS    Completed epoch 1271 / 2000;    current loss: 0.46519243717193604
INFO Gradient norm: 198.82309046822934
PROGRESS    Completed epoch 1272 / 2000;    current loss: 0.45680373907089233
INFO Gradient norm: 220.93235557893948
PROGRESS    Completed epoch 1273 / 2000;    current loss: 0.4581027626991272
INFO Gradient norm: 185.19618027728788
PROGRESS    Completed epoch 1274 / 2000;    current loss: 0.44995439052581787
INFO Gradient norm: 224.16088478885757
PROGRESS    Completed epoch 1275 / 2000;    current loss: 0.46465784311294556
INFO Gradient norm: 197.9580472207485
PROGRESS    Completed epoch 1276 / 2000;    current loss: 0.4563368260860443
INFO Gradient norm: 220.0655257994435
PROGRESS    Completed epoch 1277 / 2000;    current loss: 0.4576820135116577
INFO Gradient norm: 184.5358432594888
PROGRESS    Completed epoch 1278 / 2000;    current loss: 0.4495837986469269
INFO Gradient norm: 223.16146347975064
PROGRESS    Completed epoch 1279 / 2000;    current loss: 0.464134156703949
INFO Gradient norm: 197.0705364921078
PROGRESS    Completed epoch 1280 / 2000;    current loss: 0.4558587968349457
INFO Gradient norm: 219.25672515399137
PROGRESS    Completed epoch 1281 / 2000;    current loss: 0.4572663903236389
INFO Gradient norm: 183.93903623658676
PROGRESS    Completed epoch 1282 / 2000;    current loss: 0.4492264986038208
INFO Gradient norm: 222.17012852371684
PROGRESS    Completed epoch 1283 / 2000;    current loss: 0.4635894298553467
INFO Gradient norm: 196.21720691953365
PROGRESS    Completed epoch 1284 / 2000;    current loss: 0.4553968906402588
INFO Gradient norm: 218.41559707489188
PROGRESS    Completed epoch 1285 / 2000;    current loss: 0.4568391740322113
INFO Gradient norm: 183.2722950010641
PROGRESS    Completed epoch 1286 / 2000;    current loss: 0.4488537907600403
INFO Gradient norm: 221.20478902478
PROGRESS    Completed epoch 1287 / 2000;    current loss: 0.46306368708610535
INFO Gradient norm: 195.32777176270673
PROGRESS    Completed epoch 1288 / 2000;    current loss: 0.4549088180065155
INFO Gradient norm: 217.58983324819513
PROGRESS    Completed epoch 1289 / 2000;    current loss: 0.45642584562301636
INFO Gradient norm: 182.6676109952735
PROGRESS    Completed epoch 1290 / 2000;    current loss: 0.4485015571117401
INFO Gradient norm: 220.20260157783963
PROGRESS    Completed epoch 1291 / 2000;    current loss: 0.4625220000743866
INFO Gradient norm: 194.4750749760215
PROGRESS    Completed epoch 1292 / 2000;    current loss: 0.4544484615325928
INFO Gradient norm: 216.76354066103355
PROGRESS    Completed epoch 1293 / 2000;    current loss: 0.4560032784938812
INFO Gradient norm: 182.00624846645283
PROGRESS    Completed epoch 1294 / 2000;    current loss: 0.4481181204319
INFO Gradient norm: 219.25837057303528
PROGRESS    Completed epoch 1295 / 2000;    current loss: 0.4620009660720825
INFO Gradient norm: 193.62302928042413
PROGRESS    Completed epoch 1296 / 2000;    current loss: 0.4539814889431
INFO Gradient norm: 215.95389663574304
PROGRESS    Completed epoch 1297 / 2000;    current loss: 0.4555870592594147
INFO Gradient norm: 181.37174971846818
PROGRESS    Completed epoch 1298 / 2000;    current loss: 0.44775891304016113
INFO Gradient norm: 218.29789440724878
PROGRESS    Completed epoch 1299 / 2000;    current loss: 0.46147188544273376
INFO Gradient norm: 192.76905417827228
PROGRESS    Completed epoch 1300 / 2000;    current loss: 0.4535089135169983
INFO Gradient norm: 215.09806757910786
PROGRESS    Completed epoch 1301 / 2000;    current loss: 0.4551544785499573
INFO Gradient norm: 180.72002819877352
PROGRESS    Completed epoch 1302 / 2000;    current loss: 0.44738227128982544
INFO Gradient norm: 217.33429823736532
PROGRESS    Completed epoch 1303 / 2000;    current loss: 0.46094709634780884
INFO Gradient norm: 191.9447654837113
PROGRESS    Completed epoch 1304 / 2000;    current loss: 0.4530494809150696
INFO Gradient norm: 214.2739132906296
PROGRESS    Completed epoch 1305 / 2000;    current loss: 0.454730361700058
INFO Gradient norm: 180.08991924995698
PROGRESS    Completed epoch 1306 / 2000;    current loss: 0.4470178484916687
INFO Gradient norm: 216.35693526688652
PROGRESS    Completed epoch 1307 / 2000;    current loss: 0.4604146480560303
INFO Gradient norm: 191.09331671969164
PROGRESS    Completed epoch 1308 / 2000;    current loss: 0.4525805711746216
INFO Gradient norm: 213.43761730944294
PROGRESS    Completed epoch 1309 / 2000;    current loss: 0.45430997014045715
INFO Gradient norm: 179.41946803394595
PROGRESS    Completed epoch 1310 / 2000;    current loss: 0.44663193821907043
INFO Gradient norm: 215.44242921373473
PROGRESS    Completed epoch 1311 / 2000;    current loss: 0.4598970115184784
INFO Gradient norm: 190.25863702354627
PROGRESS    Completed epoch 1312 / 2000;    current loss: 0.4521198868751526
INFO Gradient norm: 212.65851048441806
PROGRESS    Completed epoch 1313 / 2000;    current loss: 0.4538920819759369
INFO Gradient norm: 178.80801968442682
PROGRESS    Completed epoch 1314 / 2000;    current loss: 0.44627076387405396
INFO Gradient norm: 214.46899818560775
PROGRESS    Completed epoch 1315 / 2000;    current loss: 0.4593632221221924
INFO Gradient norm: 189.42031242004646
PROGRESS    Completed epoch 1316 / 2000;    current loss: 0.45165199041366577
INFO Gradient norm: 211.8015953551404
PROGRESS    Completed epoch 1317 / 2000;    current loss: 0.45346254110336304
INFO Gradient norm: 178.14071673538285
PROGRESS    Completed epoch 1318 / 2000;    current loss: 0.44589003920555115
INFO Gradient norm: 213.54430474917285
PROGRESS    Completed epoch 1319 / 2000;    current loss: 0.458848774433136
INFO Gradient norm: 188.59995331218389
PROGRESS    Completed epoch 1320 / 2000;    current loss: 0.4511951804161072
INFO Gradient norm: 210.9984576114986
PROGRESS    Completed epoch 1321 / 2000;    current loss: 0.4530421495437622
INFO Gradient norm: 177.54005871370936
PROGRESS    Completed epoch 1322 / 2000;    current loss: 0.44552361965179443
INFO Gradient norm: 212.59478735908925
PROGRESS    Completed epoch 1323 / 2000;    current loss: 0.4583248198032379
INFO Gradient norm: 187.7792973449712
PROGRESS    Completed epoch 1324 / 2000;    current loss: 0.45072951912879944
INFO Gradient norm: 210.18177129985727
PROGRESS    Completed epoch 1325 / 2000;    current loss: 0.4526151418685913
INFO Gradient norm: 176.9059929812719
PROGRESS    Completed epoch 1326 / 2000;    current loss: 0.44515496492385864
INFO Gradient norm: 211.6683372332231
PROGRESS    Completed epoch 1327 / 2000;    current loss: 0.45779895782470703
INFO Gradient norm: 186.96907200489386
PROGRESS    Completed epoch 1328 / 2000;    current loss: 0.4502665400505066
INFO Gradient norm: 209.33544180358444
PROGRESS    Completed epoch 1329 / 2000;    current loss: 0.4521844983100891
INFO Gradient norm: 176.2728868379112
PROGRESS    Completed epoch 1330 / 2000;    current loss: 0.4447828233242035
INFO Gradient norm: 210.73075287173813
PROGRESS    Completed epoch 1331 / 2000;    current loss: 0.4572758674621582
INFO Gradient norm: 186.1307697578991
PROGRESS    Completed epoch 1332 / 2000;    current loss: 0.4498012661933899
INFO Gradient norm: 208.53000805633224
PROGRESS    Completed epoch 1333 / 2000;    current loss: 0.45176056027412415
INFO Gradient norm: 175.62601322455822
PROGRESS    Completed epoch 1334 / 2000;    current loss: 0.44440579414367676
INFO Gradient norm: 209.80476007706184
PROGRESS    Completed epoch 1335 / 2000;    current loss: 0.45676544308662415
INFO Gradient norm: 185.3073940284195
PROGRESS    Completed epoch 1336 / 2000;    current loss: 0.4493339955806732
INFO Gradient norm: 207.70573910359965
PROGRESS    Completed epoch 1337 / 2000;    current loss: 0.4513377547264099
INFO Gradient norm: 174.99301553484307
PROGRESS    Completed epoch 1338 / 2000;    current loss: 0.4440290033817291
INFO Gradient norm: 208.88817572747533
PROGRESS    Completed epoch 1339 / 2000;    current loss: 0.45625039935112
INFO Gradient norm: 184.52014757923
PROGRESS    Completed epoch 1340 / 2000;    current loss: 0.44887682795524597
INFO Gradient norm: 206.91326386671676
PROGRESS    Completed epoch 1341 / 2000;    current loss: 0.45090988278388977
INFO Gradient norm: 174.33386334635574
PROGRESS    Completed epoch 1342 / 2000;    current loss: 0.44364669919013977
INFO Gradient norm: 207.98913588383124
PROGRESS    Completed epoch 1343 / 2000;    current loss: 0.45573458075523376
INFO Gradient norm: 183.7276177005072
PROGRESS    Completed epoch 1344 / 2000;    current loss: 0.44842398166656494
INFO Gradient norm: 206.09649783235648
PROGRESS    Completed epoch 1345 / 2000;    current loss: 0.4504833221435547
INFO Gradient norm: 173.71466317009146
PROGRESS    Completed epoch 1346 / 2000;    current loss: 0.44327419996261597
INFO Gradient norm: 207.08223483814155
PROGRESS    Completed epoch 1347 / 2000;    current loss: 0.45520925521850586
INFO Gradient norm: 182.93044679008005
PROGRESS    Completed epoch 1348 / 2000;    current loss: 0.44796934723854065
INFO Gradient norm: 205.2502259586147
PROGRESS    Completed epoch 1349 / 2000;    current loss: 0.4500376880168915
INFO Gradient norm: 173.04890864480615
PROGRESS    Completed epoch 1350 / 2000;    current loss: 0.4428863227367401
INFO Gradient norm: 206.196907771504
PROGRESS    Completed epoch 1351 / 2000;    current loss: 0.45470842719078064
INFO Gradient norm: 182.14275901968628
PROGRESS    Completed epoch 1352 / 2000;    current loss: 0.4475163221359253
INFO Gradient norm: 204.44938012938036
PROGRESS    Completed epoch 1353 / 2000;    current loss: 0.44962263107299805
INFO Gradient norm: 172.4514860721948
PROGRESS    Completed epoch 1354 / 2000;    current loss: 0.4425160884857178
INFO Gradient norm: 205.26204981780094
PROGRESS    Completed epoch 1355 / 2000;    current loss: 0.454188734292984
INFO Gradient norm: 181.32425305508204
PROGRESS    Completed epoch 1356 / 2000;    current loss: 0.44704824686050415
INFO Gradient norm: 203.6552939674004
PROGRESS    Completed epoch 1357 / 2000;    current loss: 0.4491935074329376
INFO Gradient norm: 171.80662839385846
PROGRESS    Completed epoch 1358 / 2000;    current loss: 0.4421341121196747
INFO Gradient norm: 204.3595431185834
PROGRESS    Completed epoch 1359 / 2000;    current loss: 0.4536777138710022
INFO Gradient norm: 180.54014213715675
PROGRESS    Completed epoch 1360 / 2000;    current loss: 0.4465900659561157
INFO Gradient norm: 202.8620717944041
PROGRESS    Completed epoch 1361 / 2000;    current loss: 0.4487656354904175
INFO Gradient norm: 171.227751160509
PROGRESS    Completed epoch 1362 / 2000;    current loss: 0.4417654275894165
INFO Gradient norm: 203.4663802584266
PROGRESS    Completed epoch 1363 / 2000;    current loss: 0.4531669318675995
INFO Gradient norm: 179.73849860747018
PROGRESS    Completed epoch 1364 / 2000;    current loss: 0.44612622261047363
INFO Gradient norm: 202.09007370546186
PROGRESS    Completed epoch 1365 / 2000;    current loss: 0.44834306836128235
INFO Gradient norm: 170.5753562153062
PROGRESS    Completed epoch 1366 / 2000;    current loss: 0.44137808680534363
INFO Gradient norm: 202.57050191089775
PROGRESS    Completed epoch 1367 / 2000;    current loss: 0.4526524841785431
INFO Gradient norm: 178.97325012444787
PROGRESS    Completed epoch 1368 / 2000;    current loss: 0.4456727206707001
INFO Gradient norm: 201.25807965104605
PROGRESS    Completed epoch 1369 / 2000;    current loss: 0.4479040205478668
INFO Gradient norm: 169.9656278985227
PROGRESS    Completed epoch 1370 / 2000;    current loss: 0.44100189208984375
INFO Gradient norm: 201.68353532638577
PROGRESS    Completed epoch 1371 / 2000;    current loss: 0.4521377682685852
INFO Gradient norm: 178.1753044153811
PROGRESS    Completed epoch 1372 / 2000;    current loss: 0.44522354006767273
INFO Gradient norm: 200.4787499411322
PROGRESS    Completed epoch 1373 / 2000;    current loss: 0.44748303294181824
INFO Gradient norm: 169.3189552111786
PROGRESS    Completed epoch 1374 / 2000;    current loss: 0.4406183660030365
INFO Gradient norm: 200.80884320602382
PROGRESS    Completed epoch 1375 / 2000;    current loss: 0.45163434743881226
INFO Gradient norm: 177.4232274215767
PROGRESS    Completed epoch 1376 / 2000;    current loss: 0.44477179646492004
INFO Gradient norm: 199.65768494479283
PROGRESS    Completed epoch 1377 / 2000;    current loss: 0.4470420181751251
INFO Gradient norm: 168.71065176633184
PROGRESS    Completed epoch 1378 / 2000;    current loss: 0.4402436912059784
INFO Gradient norm: 199.93228848863143
PROGRESS    Completed epoch 1379 / 2000;    current loss: 0.45112180709838867
INFO Gradient norm: 176.64499567870507
PROGRESS    Completed epoch 1380 / 2000;    current loss: 0.44431400299072266
INFO Gradient norm: 198.8864145771624
PROGRESS    Completed epoch 1381 / 2000;    current loss: 0.4466150104999542
INFO Gradient norm: 168.09920125903585
PROGRESS    Completed epoch 1382 / 2000;    current loss: 0.43985623121261597
INFO Gradient norm: 199.02956272800174
PROGRESS    Completed epoch 1383 / 2000;    current loss: 0.45060834288597107
INFO Gradient norm: 175.88491356766434
PROGRESS    Completed epoch 1384 / 2000;    current loss: 0.4438616633415222
INFO Gradient norm: 198.10128619905362
PROGRESS    Completed epoch 1385 / 2000;    current loss: 0.4461868405342102
INFO Gradient norm: 167.47829058857482
PROGRESS    Completed epoch 1386 / 2000;    current loss: 0.4394797086715698
INFO Gradient norm: 198.18335788651243
PROGRESS    Completed epoch 1387 / 2000;    current loss: 0.4501073360443115
INFO Gradient norm: 175.11582520546463
PROGRESS    Completed epoch 1388 / 2000;    current loss: 0.4434027671813965
INFO Gradient norm: 197.3227603782407
PROGRESS    Completed epoch 1389 / 2000;    current loss: 0.44575685262680054
INFO Gradient norm: 166.85935385296452
PROGRESS    Completed epoch 1390 / 2000;    current loss: 0.43909189105033875
INFO Gradient norm: 197.31547407404437
PROGRESS    Completed epoch 1391 / 2000;    current loss: 0.4496018886566162
INFO Gradient norm: 174.3528391689719
PROGRESS    Completed epoch 1392 / 2000;    current loss: 0.44294628500938416
INFO Gradient norm: 196.50260750525038
PROGRESS    Completed epoch 1393 / 2000;    current loss: 0.4453147053718567
INFO Gradient norm: 166.2308455701171
PROGRESS    Completed epoch 1394 / 2000;    current loss: 0.43870803713798523
INFO Gradient norm: 196.4503653194769
PROGRESS    Completed epoch 1395 / 2000;    current loss: 0.4490967094898224
INFO Gradient norm: 173.61572333007422
PROGRESS    Completed epoch 1396 / 2000;    current loss: 0.4425008296966553
INFO Gradient norm: 195.75640296083918
PROGRESS    Completed epoch 1397 / 2000;    current loss: 0.4448939263820648
INFO Gradient norm: 165.64861926160722
PROGRESS    Completed epoch 1398 / 2000;    current loss: 0.43832704424858093
INFO Gradient norm: 195.57222955378202
PROGRESS    Completed epoch 1399 / 2000;    current loss: 0.4485814571380615
INFO Gradient norm: 172.84825166622528
PROGRESS    Completed epoch 1400 / 2000;    current loss: 0.4420452117919922
INFO Gradient norm: 195.0012247286159
PROGRESS    Completed epoch 1401 / 2000;    current loss: 0.4444606304168701
INFO Gradient norm: 165.0480644406581
PROGRESS    Completed epoch 1402 / 2000;    current loss: 0.43794241547584534
INFO Gradient norm: 194.71444908570817
PROGRESS    Completed epoch 1403 / 2000;    current loss: 0.44807806611061096
INFO Gradient norm: 172.0910882016677
PROGRESS    Completed epoch 1404 / 2000;    current loss: 0.4415876269340515
INFO Gradient norm: 194.2203072064509
PROGRESS    Completed epoch 1405 / 2000;    current loss: 0.44402581453323364
INFO Gradient norm: 164.42318480115554
PROGRESS    Completed epoch 1406 / 2000;    current loss: 0.437554270029068
INFO Gradient norm: 193.86683041048477
PROGRESS    Completed epoch 1407 / 2000;    current loss: 0.4475763738155365
INFO Gradient norm: 171.31962654936325
PROGRESS    Completed epoch 1408 / 2000;    current loss: 0.4411281943321228
INFO Gradient norm: 193.41836840280848
PROGRESS    Completed epoch 1409 / 2000;    current loss: 0.44357994198799133
INFO Gradient norm: 163.80711461661363
PROGRESS    Completed epoch 1410 / 2000;    current loss: 0.4371611773967743
INFO Gradient norm: 193.03688087552862
PROGRESS    Completed epoch 1411 / 2000;    current loss: 0.44707635045051575
INFO Gradient norm: 170.6010725303011
PROGRESS    Completed epoch 1412 / 2000;    current loss: 0.4406830966472626
INFO Gradient norm: 192.6675086279487
PROGRESS    Completed epoch 1413 / 2000;    current loss: 0.44315391778945923
INFO Gradient norm: 163.22063312021828
PROGRESS    Completed epoch 1414 / 2000;    current loss: 0.4367813766002655
INFO Gradient norm: 192.1630596640913
PROGRESS    Completed epoch 1415 / 2000;    current loss: 0.4465610980987549
INFO Gradient norm: 169.86617399361114
PROGRESS    Completed epoch 1416 / 2000;    current loss: 0.44023340940475464
INFO Gradient norm: 191.8928047652426
PROGRESS    Completed epoch 1417 / 2000;    current loss: 0.4427158534526825
INFO Gradient norm: 162.588235198913
PROGRESS    Completed epoch 1418 / 2000;    current loss: 0.4363768696784973
INFO Gradient norm: 191.35683785007342
PROGRESS    Completed epoch 1419 / 2000;    current loss: 0.44607630372047424
INFO Gradient norm: 169.15891357132998
PROGRESS    Completed epoch 1420 / 2000;    current loss: 0.43978020548820496
INFO Gradient norm: 191.09875583219858
PROGRESS    Completed epoch 1421 / 2000;    current loss: 0.4422719180583954
INFO Gradient norm: 161.94203488203848
PROGRESS    Completed epoch 1422 / 2000;    current loss: 0.4359791874885559
INFO Gradient norm: 190.53078514326114
PROGRESS    Completed epoch 1423 / 2000;    current loss: 0.44556936621665955
INFO Gradient norm: 168.4243967362464
PROGRESS    Completed epoch 1424 / 2000;    current loss: 0.43933066725730896
INFO Gradient norm: 190.3238945013074
PROGRESS    Completed epoch 1425 / 2000;    current loss: 0.4418255686759949
INFO Gradient norm: 161.3541907453674
PROGRESS    Completed epoch 1426 / 2000;    current loss: 0.4355927109718323
INFO Gradient norm: 189.7076756748326
PROGRESS    Completed epoch 1427 / 2000;    current loss: 0.44506946206092834
INFO Gradient norm: 167.7008231853484
PROGRESS    Completed epoch 1428 / 2000;    current loss: 0.4388822615146637
INFO Gradient norm: 189.5633895543166
PROGRESS    Completed epoch 1429 / 2000;    current loss: 0.44138890504837036
INFO Gradient norm: 160.76797181318997
PROGRESS    Completed epoch 1430 / 2000;    current loss: 0.4352114498615265
INFO Gradient norm: 188.84649113434227
PROGRESS    Completed epoch 1431 / 2000;    current loss: 0.4445573091506958
INFO Gradient norm: 166.96509061175408
PROGRESS    Completed epoch 1432 / 2000;    current loss: 0.4384257197380066
INFO Gradient norm: 188.8217825194706
PROGRESS    Completed epoch 1433 / 2000;    current loss: 0.44095730781555176
INFO Gradient norm: 160.1429323450904
PROGRESS    Completed epoch 1434 / 2000;    current loss: 0.43480947613716125
INFO Gradient norm: 188.0633097168513
PROGRESS    Completed epoch 1435 / 2000;    current loss: 0.44407036900520325
INFO Gradient norm: 166.23918790628778
PROGRESS    Completed epoch 1436 / 2000;    current loss: 0.4379635751247406
INFO Gradient norm: 188.0364576834161
PROGRESS    Completed epoch 1437 / 2000;    current loss: 0.44051361083984375
INFO Gradient norm: 159.55947374345126
PROGRESS    Completed epoch 1438 / 2000;    current loss: 0.4344095289707184
INFO Gradient norm: 187.22612986186982
PROGRESS    Completed epoch 1439 / 2000;    current loss: 0.44356074929237366
INFO Gradient norm: 165.5260530634471
PROGRESS    Completed epoch 1440 / 2000;    current loss: 0.4375174939632416
INFO Gradient norm: 187.2934700003291
PROGRESS    Completed epoch 1441 / 2000;    current loss: 0.4400703012943268
INFO Gradient norm: 158.94392212613508
PROGRESS    Completed epoch 1442 / 2000;    current loss: 0.4340183138847351
INFO Gradient norm: 186.41944088942157
PROGRESS    Completed epoch 1443 / 2000;    current loss: 0.4430662989616394
INFO Gradient norm: 164.8179550574651
PROGRESS    Completed epoch 1444 / 2000;    current loss: 0.4370647966861725
INFO Gradient norm: 186.53816911657418
PROGRESS    Completed epoch 1445 / 2000;    current loss: 0.43963512778282166
INFO Gradient norm: 158.3884604578577
PROGRESS    Completed epoch 1446 / 2000;    current loss: 0.43362417817115784
INFO Gradient norm: 185.60572781846344
PROGRESS    Completed epoch 1447 / 2000;    current loss: 0.44256532192230225
INFO Gradient norm: 164.11676766158197
PROGRESS    Completed epoch 1448 / 2000;    current loss: 0.43661609292030334
INFO Gradient norm: 185.80824634104184
PROGRESS    Completed epoch 1449 / 2000;    current loss: 0.43919405341148376
INFO Gradient norm: 157.76721964635473
PROGRESS    Completed epoch 1450 / 2000;    current loss: 0.43321648240089417
INFO Gradient norm: 184.79780864769182
PROGRESS    Completed epoch 1451 / 2000;    current loss: 0.4420624375343323
INFO Gradient norm: 163.41148348056612
PROGRESS    Completed epoch 1452 / 2000;    current loss: 0.4361623227596283
INFO Gradient norm: 185.01605011032356
PROGRESS    Completed epoch 1453 / 2000;    current loss: 0.43874433636665344
INFO Gradient norm: 157.1521612062138
PROGRESS    Completed epoch 1454 / 2000;    current loss: 0.4328155815601349
INFO Gradient norm: 184.00686201285012
PROGRESS    Completed epoch 1455 / 2000;    current loss: 0.44157344102859497
INFO Gradient norm: 162.72637965481834
PROGRESS    Completed epoch 1456 / 2000;    current loss: 0.4357178509235382
INFO Gradient norm: 184.26544789730818
PROGRESS    Completed epoch 1457 / 2000;    current loss: 0.4382972717285156
INFO Gradient norm: 156.5644376133626
PROGRESS    Completed epoch 1458 / 2000;    current loss: 0.4324237108230591
INFO Gradient norm: 183.20419083897212
PROGRESS    Completed epoch 1459 / 2000;    current loss: 0.4410662055015564
INFO Gradient norm: 162.00667613626493
PROGRESS    Completed epoch 1460 / 2000;    current loss: 0.4352600872516632
INFO Gradient norm: 183.52597452324747
PROGRESS    Completed epoch 1461 / 2000;    current loss: 0.43786129355430603
INFO Gradient norm: 155.98260195991446
PROGRESS    Completed epoch 1462 / 2000;    current loss: 0.43202221393585205
INFO Gradient norm: 182.3803120438076
PROGRESS    Completed epoch 1463 / 2000;    current loss: 0.4405635595321655
INFO Gradient norm: 161.30281236039303
PROGRESS    Completed epoch 1464 / 2000;    current loss: 0.4348054826259613
INFO Gradient norm: 182.76789636826905
PROGRESS    Completed epoch 1465 / 2000;    current loss: 0.4374130368232727
INFO Gradient norm: 155.38898355330033
PROGRESS    Completed epoch 1466 / 2000;    current loss: 0.43162474036216736
INFO Gradient norm: 181.59968068126605
PROGRESS    Completed epoch 1467 / 2000;    current loss: 0.44007110595703125
INFO Gradient norm: 160.64078425328765
PROGRESS    Completed epoch 1468 / 2000;    current loss: 0.43436333537101746
INFO Gradient norm: 182.0050419815753
PROGRESS    Completed epoch 1469 / 2000;    current loss: 0.4369644820690155
INFO Gradient norm: 154.7896905199389
PROGRESS    Completed epoch 1470 / 2000;    current loss: 0.4312179386615753
INFO Gradient norm: 180.81526515286484
PROGRESS    Completed epoch 1471 / 2000;    current loss: 0.4395807087421417
INFO Gradient norm: 159.92921229099238
PROGRESS    Completed epoch 1472 / 2000;    current loss: 0.4339084029197693
INFO Gradient norm: 181.28248492653427
PROGRESS    Completed epoch 1473 / 2000;    current loss: 0.4365151822566986
INFO Gradient norm: 154.19089466479605
PROGRESS    Completed epoch 1474 / 2000;    current loss: 0.4308108389377594
INFO Gradient norm: 180.02721748673332
PROGRESS    Completed epoch 1475 / 2000;    current loss: 0.43907278776168823
INFO Gradient norm: 159.25733376370044
PROGRESS    Completed epoch 1476 / 2000;    current loss: 0.4334680736064911
INFO Gradient norm: 180.50750440795684
PROGRESS    Completed epoch 1477 / 2000;    current loss: 0.43606454133987427
INFO Gradient norm: 153.57771424775305
PROGRESS    Completed epoch 1478 / 2000;    current loss: 0.4304155707359314
INFO Gradient norm: 179.23874859566712
PROGRESS    Completed epoch 1479 / 2000;    current loss: 0.4385855495929718
INFO Gradient norm: 158.54336853055935
PROGRESS    Completed epoch 1480 / 2000;    current loss: 0.4330083429813385
INFO Gradient norm: 179.79928257348365
PROGRESS    Completed epoch 1481 / 2000;    current loss: 0.43562400341033936
INFO Gradient norm: 153.02793473790356
PROGRESS    Completed epoch 1482 / 2000;    current loss: 0.4300183057785034
INFO Gradient norm: 178.4424348529295
PROGRESS    Completed epoch 1483 / 2000;    current loss: 0.4380805492401123
INFO Gradient norm: 157.8638597486402
PROGRESS    Completed epoch 1484 / 2000;    current loss: 0.43255332112312317
INFO Gradient norm: 179.05332390706408
PROGRESS    Completed epoch 1485 / 2000;    current loss: 0.4351722300052643
INFO Gradient norm: 152.42905955080838
PROGRESS    Completed epoch 1486 / 2000;    current loss: 0.42960748076438904
INFO Gradient norm: 177.67172688894394
PROGRESS    Completed epoch 1487 / 2000;    current loss: 0.43758678436279297
INFO Gradient norm: 157.18751462319184
PROGRESS    Completed epoch 1488 / 2000;    current loss: 0.43210330605506897
INFO Gradient norm: 178.3127778825742
PROGRESS    Completed epoch 1489 / 2000;    current loss: 0.434720516204834
INFO Gradient norm: 151.83779737337048
PROGRESS    Completed epoch 1490 / 2000;    current loss: 0.42919790744781494
INFO Gradient norm: 176.88814992887893
PROGRESS    Completed epoch 1491 / 2000;    current loss: 0.4370901882648468
INFO Gradient norm: 156.50584849060763
PROGRESS    Completed epoch 1492 / 2000;    current loss: 0.43165475130081177
INFO Gradient norm: 177.5821975692171
PROGRESS    Completed epoch 1493 / 2000;    current loss: 0.4342738091945648
INFO Gradient norm: 151.24778755868616
PROGRESS    Completed epoch 1494 / 2000;    current loss: 0.428792804479599
INFO Gradient norm: 176.10300611465917
PROGRESS    Completed epoch 1495 / 2000;    current loss: 0.436590313911438
INFO Gradient norm: 155.81993000214237
PROGRESS    Completed epoch 1496 / 2000;    current loss: 0.4312036335468292
INFO Gradient norm: 176.85151084933906
PROGRESS    Completed epoch 1497 / 2000;    current loss: 0.43382757902145386
INFO Gradient norm: 150.68022530105372
PROGRESS    Completed epoch 1498 / 2000;    current loss: 0.4283815920352936
INFO Gradient norm: 175.31406114367874
PROGRESS    Completed epoch 1499 / 2000;    current loss: 0.43608930706977844
INFO Gradient norm: 155.1471860042314
PROGRESS    Completed epoch 1500 / 2000;    current loss: 0.4307464361190796
INFO Gradient norm: 176.13035651490551
PROGRESS    Completed epoch 1501 / 2000;    current loss: 0.4333740174770355
INFO Gradient norm: 150.09871257096026
PROGRESS    Completed epoch 1502 / 2000;    current loss: 0.4279840588569641
INFO Gradient norm: 174.53861437164537
PROGRESS    Completed epoch 1503 / 2000;    current loss: 0.43558672070503235
INFO Gradient norm: 154.4599971875502
PROGRESS    Completed epoch 1504 / 2000;    current loss: 0.430291086435318
INFO Gradient norm: 175.4094929513679
PROGRESS    Completed epoch 1505 / 2000;    current loss: 0.43293046951293945
INFO Gradient norm: 149.5296618212142
PROGRESS    Completed epoch 1506 / 2000;    current loss: 0.42757418751716614
INFO Gradient norm: 173.77389565472498
PROGRESS    Completed epoch 1507 / 2000;    current loss: 0.4350951313972473
INFO Gradient norm: 153.78862910020527
PROGRESS    Completed epoch 1508 / 2000;    current loss: 0.42984265089035034
INFO Gradient norm: 174.67100078146484
PROGRESS    Completed epoch 1509 / 2000;    current loss: 0.43247634172439575
INFO Gradient norm: 148.94492166966486
PROGRESS    Completed epoch 1510 / 2000;    current loss: 0.42716121673583984
INFO Gradient norm: 172.9993285273958
PROGRESS    Completed epoch 1511 / 2000;    current loss: 0.4346005618572235
INFO Gradient norm: 153.09580823252685
PROGRESS    Completed epoch 1512 / 2000;    current loss: 0.42937737703323364
INFO Gradient norm: 173.97179711486808
PROGRESS    Completed epoch 1513 / 2000;    current loss: 0.4320254325866699
INFO Gradient norm: 148.40811511573688
PROGRESS    Completed epoch 1514 / 2000;    current loss: 0.42675384879112244
INFO Gradient norm: 172.21778398122342
PROGRESS    Completed epoch 1515 / 2000;    current loss: 0.43409058451652527
INFO Gradient norm: 152.45791921752723
PROGRESS    Completed epoch 1516 / 2000;    current loss: 0.42892777919769287
INFO Gradient norm: 173.26629489014735
PROGRESS    Completed epoch 1517 / 2000;    current loss: 0.4315832555294037
INFO Gradient norm: 147.81828878580367
PROGRESS    Completed epoch 1518 / 2000;    current loss: 0.4263390600681305
INFO Gradient norm: 171.44870284045788
PROGRESS    Completed epoch 1519 / 2000;    current loss: 0.4335932731628418
INFO Gradient norm: 151.74630412733296
PROGRESS    Completed epoch 1520 / 2000;    current loss: 0.4284662902355194
INFO Gradient norm: 172.55324332412167
PROGRESS    Completed epoch 1521 / 2000;    current loss: 0.4311310052871704
INFO Gradient norm: 147.29954182212472
PROGRESS    Completed epoch 1522 / 2000;    current loss: 0.4259417951107025
INFO Gradient norm: 170.68144617157932
PROGRESS    Completed epoch 1523 / 2000;    current loss: 0.43309760093688965
INFO Gradient norm: 151.0868043715564
PROGRESS    Completed epoch 1524 / 2000;    current loss: 0.4280102849006653
INFO Gradient norm: 171.85645576237374
PROGRESS    Completed epoch 1525 / 2000;    current loss: 0.4306879937648773
INFO Gradient norm: 146.69112476194442
PROGRESS    Completed epoch 1526 / 2000;    current loss: 0.4255295991897583
INFO Gradient norm: 169.9238461881322
PROGRESS    Completed epoch 1527 / 2000;    current loss: 0.4325942397117615
INFO Gradient norm: 150.41837371869553
PROGRESS    Completed epoch 1528 / 2000;    current loss: 0.4275584816932678
INFO Gradient norm: 171.1355390328026
PROGRESS    Completed epoch 1529 / 2000;    current loss: 0.43022942543029785
INFO Gradient norm: 146.16617642485477
PROGRESS    Completed epoch 1530 / 2000;    current loss: 0.4251260459423065
INFO Gradient norm: 169.14210886237018
PROGRESS    Completed epoch 1531 / 2000;    current loss: 0.43208417296409607
INFO Gradient norm: 149.73059532668196
PROGRESS    Completed epoch 1532 / 2000;    current loss: 0.4270872175693512
INFO Gradient norm: 170.42339768543675
PROGRESS    Completed epoch 1533 / 2000;    current loss: 0.4297747313976288
INFO Gradient norm: 145.5537589344553
PROGRESS    Completed epoch 1534 / 2000;    current loss: 0.4247037172317505
INFO Gradient norm: 168.40485918249257
PROGRESS    Completed epoch 1535 / 2000;    current loss: 0.43160006403923035
INFO Gradient norm: 149.0873804790669
PROGRESS    Completed epoch 1536 / 2000;    current loss: 0.42663928866386414
INFO Gradient norm: 169.70061988063762
PROGRESS    Completed epoch 1537 / 2000;    current loss: 0.4293103814125061
INFO Gradient norm: 145.0273947789964
PROGRESS    Completed epoch 1538 / 2000;    current loss: 0.4242899417877197
INFO Gradient norm: 167.62458680538177
PROGRESS    Completed epoch 1539 / 2000;    current loss: 0.43108639121055603
INFO Gradient norm: 148.42131596048637
PROGRESS    Completed epoch 1540 / 2000;    current loss: 0.4261775016784668
INFO Gradient norm: 169.01517177610117
PROGRESS    Completed epoch 1541 / 2000;    current loss: 0.42885956168174744
INFO Gradient norm: 144.43594797408693
PROGRESS    Completed epoch 1542 / 2000;    current loss: 0.4238671660423279
INFO Gradient norm: 166.90852276454407
PROGRESS    Completed epoch 1543 / 2000;    current loss: 0.43059447407722473
INFO Gradient norm: 147.76941775098044
PROGRESS    Completed epoch 1544 / 2000;    current loss: 0.42571744322776794
INFO Gradient norm: 168.28560281195655
PROGRESS    Completed epoch 1545 / 2000;    current loss: 0.4283980429172516
INFO Gradient norm: 143.89849905913204
PROGRESS    Completed epoch 1546 / 2000;    current loss: 0.42345109581947327
INFO Gradient norm: 166.12956821686856
PROGRESS    Completed epoch 1547 / 2000;    current loss: 0.4300866723060608
INFO Gradient norm: 147.10469669687959
PROGRESS    Completed epoch 1548 / 2000;    current loss: 0.4252569377422333
INFO Gradient norm: 167.60816730365022
PROGRESS    Completed epoch 1549 / 2000;    current loss: 0.4279417097568512
INFO Gradient norm: 143.32616788150432
PROGRESS    Completed epoch 1550 / 2000;    current loss: 0.42303329706192017
INFO Gradient norm: 165.4152189301068
PROGRESS    Completed epoch 1551 / 2000;    current loss: 0.4295995831489563
INFO Gradient norm: 146.48193781344287
PROGRESS    Completed epoch 1552 / 2000;    current loss: 0.42480331659317017
INFO Gradient norm: 166.89473410522842
PROGRESS    Completed epoch 1553 / 2000;    current loss: 0.42748314142227173
INFO Gradient norm: 142.77619006016496
PROGRESS    Completed epoch 1554 / 2000;    current loss: 0.4226192533969879
INFO Gradient norm: 164.6505488916572
PROGRESS    Completed epoch 1555 / 2000;    current loss: 0.42909109592437744
INFO Gradient norm: 145.8164371970815
PROGRESS    Completed epoch 1556 / 2000;    current loss: 0.4243425726890564
INFO Gradient norm: 166.2107215986248
PROGRESS    Completed epoch 1557 / 2000;    current loss: 0.4270377457141876
INFO Gradient norm: 142.2124113067601
PROGRESS    Completed epoch 1558 / 2000;    current loss: 0.42219674587249756
INFO Gradient norm: 163.9091338014353
PROGRESS    Completed epoch 1559 / 2000;    current loss: 0.4285932183265686
INFO Gradient norm: 145.1600823183042
PROGRESS    Completed epoch 1560 / 2000;    current loss: 0.42387884855270386
INFO Gradient norm: 165.5299952946252
PROGRESS    Completed epoch 1561 / 2000;    current loss: 0.426572322845459
INFO Gradient norm: 141.6794857880045
PROGRESS    Completed epoch 1562 / 2000;    current loss: 0.42177867889404297
INFO Gradient norm: 163.16402285560437
PROGRESS    Completed epoch 1563 / 2000;    current loss: 0.42808955907821655
INFO Gradient norm: 144.51201793260063
PROGRESS    Completed epoch 1564 / 2000;    current loss: 0.42342084646224976
INFO Gradient norm: 164.82212173378164
PROGRESS    Completed epoch 1565 / 2000;    current loss: 0.4261149764060974
INFO Gradient norm: 141.09565741195115
PROGRESS    Completed epoch 1566 / 2000;    current loss: 0.42135584354400635
INFO Gradient norm: 162.4528457307353
PROGRESS    Completed epoch 1567 / 2000;    current loss: 0.4275982081890106
INFO Gradient norm: 143.91154135418358
PROGRESS    Completed epoch 1568 / 2000;    current loss: 0.42296379804611206
INFO Gradient norm: 164.09726957296957
PROGRESS    Completed epoch 1569 / 2000;    current loss: 0.42564892768859863
INFO Gradient norm: 140.52658946827714
PROGRESS    Completed epoch 1570 / 2000;    current loss: 0.42093002796173096
INFO Gradient norm: 161.7374323374786
PROGRESS    Completed epoch 1571 / 2000;    current loss: 0.4271007180213928
INFO Gradient norm: 143.25519757700832
PROGRESS    Completed epoch 1572 / 2000;    current loss: 0.4225047826766968
INFO Gradient norm: 163.41909577178131
PROGRESS    Completed epoch 1573 / 2000;    current loss: 0.42519256472587585
INFO Gradient norm: 139.9522347614407
PROGRESS    Completed epoch 1574 / 2000;    current loss: 0.42049872875213623
INFO Gradient norm: 161.01188062291772
PROGRESS    Completed epoch 1575 / 2000;    current loss: 0.4265977740287781
INFO Gradient norm: 142.65422375010436
PROGRESS    Completed epoch 1576 / 2000;    current loss: 0.4220505952835083
INFO Gradient norm: 162.67903396632258
PROGRESS    Completed epoch 1577 / 2000;    current loss: 0.42471402883529663
INFO Gradient norm: 139.4096104879389
PROGRESS    Completed epoch 1578 / 2000;    current loss: 0.42008379101753235
INFO Gradient norm: 160.30092881638453
PROGRESS    Completed epoch 1579 / 2000;    current loss: 0.42610687017440796
INFO Gradient norm: 142.01136027767626
PROGRESS    Completed epoch 1580 / 2000;    current loss: 0.4215943217277527
INFO Gradient norm: 162.0127633410627
PROGRESS    Completed epoch 1581 / 2000;    current loss: 0.42425301671028137
INFO Gradient norm: 138.85528242196224
PROGRESS    Completed epoch 1582 / 2000;    current loss: 0.4196520149707794
INFO Gradient norm: 159.56091167473278
PROGRESS    Completed epoch 1583 / 2000;    current loss: 0.4255782961845398
INFO Gradient norm: 141.3440367177978
PROGRESS    Completed epoch 1584 / 2000;    current loss: 0.4210960566997528
INFO Gradient norm: 161.28940847120003
PROGRESS    Completed epoch 1585 / 2000;    current loss: 0.42378172278404236
INFO Gradient norm: 138.25751235757843
PROGRESS    Completed epoch 1586 / 2000;    current loss: 0.41922083497047424
INFO Gradient norm: 158.83344772020197
PROGRESS    Completed epoch 1587 / 2000;    current loss: 0.4250781536102295
INFO Gradient norm: 140.72347790380067
PROGRESS    Completed epoch 1588 / 2000;    current loss: 0.4206390976905823
INFO Gradient norm: 160.59367947735424
PROGRESS    Completed epoch 1589 / 2000;    current loss: 0.4233127236366272
INFO Gradient norm: 137.6780024837428
PROGRESS    Completed epoch 1590 / 2000;    current loss: 0.4187791645526886
INFO Gradient norm: 158.1043703211243
PROGRESS    Completed epoch 1591 / 2000;    current loss: 0.42458078265190125
INFO Gradient norm: 140.12678964374774
PROGRESS    Completed epoch 1592 / 2000;    current loss: 0.42018818855285645
INFO Gradient norm: 159.870368360343
PROGRESS    Completed epoch 1593 / 2000;    current loss: 0.42283663153648376
INFO Gradient norm: 137.12214865385707
PROGRESS    Completed epoch 1594 / 2000;    current loss: 0.41835251450538635
INFO Gradient norm: 157.40489904515454
PROGRESS    Completed epoch 1595 / 2000;    current loss: 0.42408517003059387
INFO Gradient norm: 139.46877743759643
PROGRESS    Completed epoch 1596 / 2000;    current loss: 0.41971808671951294
INFO Gradient norm: 159.2051288953279
PROGRESS    Completed epoch 1597 / 2000;    current loss: 0.4223775863647461
INFO Gradient norm: 136.5893293323515
PROGRESS    Completed epoch 1598 / 2000;    current loss: 0.4179280996322632
INFO Gradient norm: 156.67099537160706
PROGRESS    Completed epoch 1599 / 2000;    current loss: 0.4235798418521881
INFO Gradient norm: 138.86498789705573
PROGRESS    Completed epoch 1600 / 2000;    current loss: 0.4192609190940857
INFO Gradient norm: 158.47809393022686
PROGRESS    Completed epoch 1601 / 2000;    current loss: 0.42189857363700867
INFO Gradient norm: 136.02719474319906
PROGRESS    Completed epoch 1602 / 2000;    current loss: 0.4174931049346924
INFO Gradient norm: 155.96158472768192
PROGRESS    Completed epoch 1603 / 2000;    current loss: 0.42308205366134644
INFO Gradient norm: 138.21664475629197
PROGRESS    Completed epoch 1604 / 2000;    current loss: 0.4187934696674347
INFO Gradient norm: 157.81105187255503
PROGRESS    Completed epoch 1605 / 2000;    current loss: 0.42143577337265015
INFO Gradient norm: 135.488993709454
PROGRESS    Completed epoch 1606 / 2000;    current loss: 0.41706424951553345
INFO Gradient norm: 155.24462424190105
PROGRESS    Completed epoch 1607 / 2000;    current loss: 0.4225771725177765
INFO Gradient norm: 137.60555230936114
PROGRESS    Completed epoch 1608 / 2000;    current loss: 0.4183379113674164
INFO Gradient norm: 157.10873862488606
PROGRESS    Completed epoch 1609 / 2000;    current loss: 0.42096778750419617
INFO Gradient norm: 134.90141587732168
PROGRESS    Completed epoch 1610 / 2000;    current loss: 0.4166248142719269
INFO Gradient norm: 154.52877679727635
PROGRESS    Completed epoch 1611 / 2000;    current loss: 0.42208200693130493
INFO Gradient norm: 136.9732680090847
PROGRESS    Completed epoch 1612 / 2000;    current loss: 0.41786956787109375
INFO Gradient norm: 156.44416081217594
PROGRESS    Completed epoch 1613 / 2000;    current loss: 0.42049434781074524
INFO Gradient norm: 134.3549326194123
PROGRESS    Completed epoch 1614 / 2000;    current loss: 0.4161967933177948
INFO Gradient norm: 153.80823296187285
PROGRESS    Completed epoch 1615 / 2000;    current loss: 0.42157813906669617
INFO Gradient norm: 136.3574747568814
PROGRESS    Completed epoch 1616 / 2000;    current loss: 0.417412132024765
INFO Gradient norm: 155.7520753558432
PROGRESS    Completed epoch 1617 / 2000;    current loss: 0.42002683877944946
INFO Gradient norm: 133.821794893699
PROGRESS    Completed epoch 1618 / 2000;    current loss: 0.41576337814331055
INFO Gradient norm: 153.1166280275112
PROGRESS    Completed epoch 1619 / 2000;    current loss: 0.4210837781429291
INFO Gradient norm: 135.7285050284622
PROGRESS    Completed epoch 1620 / 2000;    current loss: 0.4169442057609558
INFO Gradient norm: 155.0659740026206
PROGRESS    Completed epoch 1621 / 2000;    current loss: 0.4195578992366791
INFO Gradient norm: 133.31304153278649
PROGRESS    Completed epoch 1622 / 2000;    current loss: 0.4153100252151489
INFO Gradient norm: 152.37887417764026
PROGRESS    Completed epoch 1623 / 2000;    current loss: 0.4205792248249054
INFO Gradient norm: 135.1201382428405
PROGRESS    Completed epoch 1624 / 2000;    current loss: 0.4164845943450928
INFO Gradient norm: 154.3959120779536
PROGRESS    Completed epoch 1625 / 2000;    current loss: 0.419060617685318
INFO Gradient norm: 132.73833812140504
PROGRESS    Completed epoch 1626 / 2000;    current loss: 0.4148654639720917
INFO Gradient norm: 151.70872353113464
PROGRESS    Completed epoch 1627 / 2000;    current loss: 0.4200887084007263
INFO Gradient norm: 134.50959839001976
PROGRESS    Completed epoch 1628 / 2000;    current loss: 0.416016161441803
INFO Gradient norm: 153.66993657839913
PROGRESS    Completed epoch 1629 / 2000;    current loss: 0.4185740649700165
INFO Gradient norm: 132.14295188445308
PROGRESS    Completed epoch 1630 / 2000;    current loss: 0.4144246280193329
INFO Gradient norm: 151.0110726533278
PROGRESS    Completed epoch 1631 / 2000;    current loss: 0.4195942282676697
INFO Gradient norm: 133.92246621266005
PROGRESS    Completed epoch 1632 / 2000;    current loss: 0.4155638813972473
INFO Gradient norm: 152.9932044472981
PROGRESS    Completed epoch 1633 / 2000;    current loss: 0.41810569167137146
INFO Gradient norm: 131.54154976695773
PROGRESS    Completed epoch 1634 / 2000;    current loss: 0.41397368907928467
INFO Gradient norm: 150.32946033368836
PROGRESS    Completed epoch 1635 / 2000;    current loss: 0.41909390687942505
INFO Gradient norm: 133.3282600237894
PROGRESS    Completed epoch 1636 / 2000;    current loss: 0.4151068329811096
INFO Gradient norm: 152.2907568896191
PROGRESS    Completed epoch 1637 / 2000;    current loss: 0.41762417554855347
INFO Gradient norm: 130.9978324165943
PROGRESS    Completed epoch 1638 / 2000;    current loss: 0.4135403633117676
INFO Gradient norm: 149.6158535305212
PROGRESS    Completed epoch 1639 / 2000;    current loss: 0.4185875952243805
INFO Gradient norm: 132.70432522725875
PROGRESS    Completed epoch 1640 / 2000;    current loss: 0.41463837027549744
INFO Gradient norm: 151.60239766951563
PROGRESS    Completed epoch 1641 / 2000;    current loss: 0.41715314984321594
INFO Gradient norm: 130.46005131759597
PROGRESS    Completed epoch 1642 / 2000;    current loss: 0.4131045937538147
INFO Gradient norm: 148.9157011555262
PROGRESS    Completed epoch 1643 / 2000;    current loss: 0.4180896580219269
INFO Gradient norm: 132.0902932389137
PROGRESS    Completed epoch 1644 / 2000;    current loss: 0.41417163610458374
INFO Gradient norm: 150.93783472261694
PROGRESS    Completed epoch 1645 / 2000;    current loss: 0.41668006777763367
INFO Gradient norm: 129.92194089105374
PROGRESS    Completed epoch 1646 / 2000;    current loss: 0.41266506910324097
INFO Gradient norm: 148.2026505611603
PROGRESS    Completed epoch 1647 / 2000;    current loss: 0.4175886809825897
INFO Gradient norm: 131.4713334890971
PROGRESS    Completed epoch 1648 / 2000;    current loss: 0.41370517015457153
INFO Gradient norm: 150.26388828494484
PROGRESS    Completed epoch 1649 / 2000;    current loss: 0.41620317101478577
INFO Gradient norm: 129.35296256321865
PROGRESS    Completed epoch 1650 / 2000;    current loss: 0.41221919655799866
INFO Gradient norm: 147.51773454395226
PROGRESS    Completed epoch 1651 / 2000;    current loss: 0.4170932173728943
INFO Gradient norm: 130.85873852629737
PROGRESS    Completed epoch 1652 / 2000;    current loss: 0.41323724389076233
INFO Gradient norm: 149.56267539171344
PROGRESS    Completed epoch 1653 / 2000;    current loss: 0.41571879386901855
INFO Gradient norm: 128.7999389774949
PROGRESS    Completed epoch 1654 / 2000;    current loss: 0.41177207231521606
INFO Gradient norm: 146.80230989901048
PROGRESS    Completed epoch 1655 / 2000;    current loss: 0.4165833294391632
INFO Gradient norm: 130.25654876850237
PROGRESS    Completed epoch 1656 / 2000;    current loss: 0.41277050971984863
INFO Gradient norm: 148.86437011922007
PROGRESS    Completed epoch 1657 / 2000;    current loss: 0.4152405858039856
INFO Gradient norm: 128.2102071655388
PROGRESS    Completed epoch 1658 / 2000;    current loss: 0.411329060792923
INFO Gradient norm: 146.13490658154984
PROGRESS    Completed epoch 1659 / 2000;    current loss: 0.4160885214805603
INFO Gradient norm: 129.67380140707627
PROGRESS    Completed epoch 1660 / 2000;    current loss: 0.41230884194374084
INFO Gradient norm: 148.17463832978783
PROGRESS    Completed epoch 1661 / 2000;    current loss: 0.4147616922855377
INFO Gradient norm: 127.68712817982404
PROGRESS    Completed epoch 1662 / 2000;    current loss: 0.4108927845954895
INFO Gradient norm: 145.42921704389627
PROGRESS    Completed epoch 1663 / 2000;    current loss: 0.4155930280685425
INFO Gradient norm: 129.06050366899825
PROGRESS    Completed epoch 1664 / 2000;    current loss: 0.4118395745754242
INFO Gradient norm: 147.49656188490246
PROGRESS    Completed epoch 1665 / 2000;    current loss: 0.41428446769714355
INFO Gradient norm: 127.0784587187231
PROGRESS    Completed epoch 1666 / 2000;    current loss: 0.41043442487716675
INFO Gradient norm: 144.77246001513043
PROGRESS    Completed epoch 1667 / 2000;    current loss: 0.41509121656417847
INFO Gradient norm: 128.46218406304806
PROGRESS    Completed epoch 1668 / 2000;    current loss: 0.41137373447418213
INFO Gradient norm: 146.8110404742208
PROGRESS    Completed epoch 1669 / 2000;    current loss: 0.413798987865448
INFO Gradient norm: 126.57124236606695
PROGRESS    Completed epoch 1670 / 2000;    current loss: 0.4099997878074646
INFO Gradient norm: 144.06124923814568
PROGRESS    Completed epoch 1671 / 2000;    current loss: 0.41458773612976074
INFO Gradient norm: 127.87257729160187
PROGRESS    Completed epoch 1672 / 2000;    current loss: 0.4109111428260803
INFO Gradient norm: 146.13445016389653
PROGRESS    Completed epoch 1673 / 2000;    current loss: 0.41332876682281494
INFO Gradient norm: 125.99159014530116
PROGRESS    Completed epoch 1674 / 2000;    current loss: 0.4095477759838104
INFO Gradient norm: 143.4006464692276
PROGRESS    Completed epoch 1675 / 2000;    current loss: 0.414092093706131
INFO Gradient norm: 127.27552870410832
PROGRESS    Completed epoch 1676 / 2000;    current loss: 0.4104463756084442
INFO Gradient norm: 145.45413676997995
PROGRESS    Completed epoch 1677 / 2000;    current loss: 0.4128461182117462
INFO Gradient norm: 125.45114222948217
PROGRESS    Completed epoch 1678 / 2000;    current loss: 0.40910136699676514
INFO Gradient norm: 142.72838945843498
PROGRESS    Completed epoch 1679 / 2000;    current loss: 0.4135955274105072
INFO Gradient norm: 126.68272042882982
PROGRESS    Completed epoch 1680 / 2000;    current loss: 0.40997520089149475
INFO Gradient norm: 144.7673873354366
PROGRESS    Completed epoch 1681 / 2000;    current loss: 0.41236433386802673
INFO Gradient norm: 124.88813644278856
PROGRESS    Completed epoch 1682 / 2000;    current loss: 0.4086541533470154
INFO Gradient norm: 142.01615197884203
PROGRESS    Completed epoch 1683 / 2000;    current loss: 0.41308751702308655
INFO Gradient norm: 126.06462469360955
PROGRESS    Completed epoch 1684 / 2000;    current loss: 0.40950271487236023
INFO Gradient norm: 144.10302286312782
PROGRESS    Completed epoch 1685 / 2000;    current loss: 0.411884605884552
INFO Gradient norm: 124.35549013281702
PROGRESS    Completed epoch 1686 / 2000;    current loss: 0.4082053303718567
INFO Gradient norm: 141.31727248281362
PROGRESS    Completed epoch 1687 / 2000;    current loss: 0.412577360868454
INFO Gradient norm: 125.47133413335632
PROGRESS    Completed epoch 1688 / 2000;    current loss: 0.40903377532958984
INFO Gradient norm: 143.42761739649785
PROGRESS    Completed epoch 1689 / 2000;    current loss: 0.4113953113555908
INFO Gradient norm: 123.80161932875247
PROGRESS    Completed epoch 1690 / 2000;    current loss: 0.40775737166404724
INFO Gradient norm: 140.65177101969337
PROGRESS    Completed epoch 1691 / 2000;    current loss: 0.41208383440971375
INFO Gradient norm: 124.85136974305362
PROGRESS    Completed epoch 1692 / 2000;    current loss: 0.40856096148490906
INFO Gradient norm: 142.75768365707108
PROGRESS    Completed epoch 1693 / 2000;    current loss: 0.4109167158603668
INFO Gradient norm: 123.25747387359833
PROGRESS    Completed epoch 1694 / 2000;    current loss: 0.4073124825954437
INFO Gradient norm: 139.95537230781215
PROGRESS    Completed epoch 1695 / 2000;    current loss: 0.41157644987106323
INFO Gradient norm: 124.27615536225885
PROGRESS    Completed epoch 1696 / 2000;    current loss: 0.40808725357055664
INFO Gradient norm: 142.06441533075562
PROGRESS    Completed epoch 1697 / 2000;    current loss: 0.4104320704936981
INFO Gradient norm: 122.68508863194364
PROGRESS    Completed epoch 1698 / 2000;    current loss: 0.4068550169467926
INFO Gradient norm: 139.30082658598536
PROGRESS    Completed epoch 1699 / 2000;    current loss: 0.411079466342926
INFO Gradient norm: 123.69141264216545
PROGRESS    Completed epoch 1700 / 2000;    current loss: 0.4076281785964966
INFO Gradient norm: 141.4004459727015
PROGRESS    Completed epoch 1701 / 2000;    current loss: 0.40994977951049805
INFO Gradient norm: 122.1344669844384
PROGRESS    Completed epoch 1702 / 2000;    current loss: 0.40640565752983093
INFO Gradient norm: 138.60547976034212
PROGRESS    Completed epoch 1703 / 2000;    current loss: 0.4105752110481262
INFO Gradient norm: 123.11707429344713
PROGRESS    Completed epoch 1704 / 2000;    current loss: 0.40715742111206055
INFO Gradient norm: 140.70066033587233
PROGRESS    Completed epoch 1705 / 2000;    current loss: 0.4094623923301697
INFO Gradient norm: 121.5679086967137
PROGRESS    Completed epoch 1706 / 2000;    current loss: 0.40594881772994995
INFO Gradient norm: 137.96042716299766
PROGRESS    Completed epoch 1707 / 2000;    current loss: 0.41001635789871216
INFO Gradient norm: 122.52300801431169
PROGRESS    Completed epoch 1708 / 2000;    current loss: 0.4066230356693268
INFO Gradient norm: 140.00772869389394
PROGRESS    Completed epoch 1709 / 2000;    current loss: 0.40891560912132263
INFO Gradient norm: 121.01578233437911
PROGRESS    Completed epoch 1710 / 2000;    current loss: 0.4054460823535919
INFO Gradient norm: 137.25209268638076
PROGRESS    Completed epoch 1711 / 2000;    current loss: 0.40951284766197205
INFO Gradient norm: 121.9410465114298
PROGRESS    Completed epoch 1712 / 2000;    current loss: 0.4061587154865265
INFO Gradient norm: 139.34219893807548
PROGRESS    Completed epoch 1713 / 2000;    current loss: 0.4084332287311554
INFO Gradient norm: 120.46690790812939
PROGRESS    Completed epoch 1714 / 2000;    current loss: 0.40498819947242737
INFO Gradient norm: 136.58805318289058
PROGRESS    Completed epoch 1715 / 2000;    current loss: 0.40901198983192444
INFO Gradient norm: 121.32084522556137
PROGRESS    Completed epoch 1716 / 2000;    current loss: 0.4056878685951233
INFO Gradient norm: 138.69279393827904
PROGRESS    Completed epoch 1717 / 2000;    current loss: 0.407956600189209
INFO Gradient norm: 119.92255471095375
PROGRESS    Completed epoch 1718 / 2000;    current loss: 0.40454575419425964
INFO Gradient norm: 135.88073673127838
PROGRESS    Completed epoch 1719 / 2000;    current loss: 0.4085102379322052
INFO Gradient norm: 120.73251331190075
PROGRESS    Completed epoch 1720 / 2000;    current loss: 0.4052131474018097
INFO Gradient norm: 138.0254613894558
PROGRESS    Completed epoch 1721 / 2000;    current loss: 0.4074746072292328
INFO Gradient norm: 119.3904427055456
PROGRESS    Completed epoch 1722 / 2000;    current loss: 0.40409335494041443
INFO Gradient norm: 135.24333013902358
PROGRESS    Completed epoch 1723 / 2000;    current loss: 0.40801334381103516
INFO Gradient norm: 120.1326915112036
PROGRESS    Completed epoch 1724 / 2000;    current loss: 0.4047389030456543
INFO Gradient norm: 137.34143709666992
PROGRESS    Completed epoch 1725 / 2000;    current loss: 0.40698254108428955
INFO Gradient norm: 118.8146334689879
PROGRESS    Completed epoch 1726 / 2000;    current loss: 0.40364083647727966
INFO Gradient norm: 134.5648772054735
PROGRESS    Completed epoch 1727 / 2000;    current loss: 0.4075128734111786
INFO Gradient norm: 119.56807860358751
PROGRESS    Completed epoch 1728 / 2000;    current loss: 0.4042791724205017
INFO Gradient norm: 136.6750168759075
PROGRESS    Completed epoch 1729 / 2000;    current loss: 0.4065091609954834
INFO Gradient norm: 118.25094506861674
PROGRESS    Completed epoch 1730 / 2000;    current loss: 0.4031846821308136
INFO Gradient norm: 133.89648178265085
PROGRESS    Completed epoch 1731 / 2000;    current loss: 0.40701428055763245
INFO Gradient norm: 118.96831379331691
PROGRESS    Completed epoch 1732 / 2000;    current loss: 0.4038044512271881
INFO Gradient norm: 135.97603986681187
PROGRESS    Completed epoch 1733 / 2000;    current loss: 0.40601617097854614
INFO Gradient norm: 117.69439476785584
PROGRESS    Completed epoch 1734 / 2000;    current loss: 0.4027334153652191
INFO Gradient norm: 133.23737370752727
PROGRESS    Completed epoch 1735 / 2000;    current loss: 0.4065205454826355
INFO Gradient norm: 118.41973019130211
PROGRESS    Completed epoch 1736 / 2000;    current loss: 0.4033443033695221
INFO Gradient norm: 135.29304509279245
PROGRESS    Completed epoch 1737 / 2000;    current loss: 0.40553387999534607
INFO Gradient norm: 117.12145474988915
PROGRESS    Completed epoch 1738 / 2000;    current loss: 0.4022772014141083
INFO Gradient norm: 132.5691509872626
PROGRESS    Completed epoch 1739 / 2000;    current loss: 0.4060240685939789
INFO Gradient norm: 117.806261891163
PROGRESS    Completed epoch 1740 / 2000;    current loss: 0.4028737246990204
INFO Gradient norm: 134.62542573222973
PROGRESS    Completed epoch 1741 / 2000;    current loss: 0.4050537049770355
INFO Gradient norm: 116.5809503719938
PROGRESS    Completed epoch 1742 / 2000;    current loss: 0.40182098746299744
INFO Gradient norm: 131.89595011633486
PROGRESS    Completed epoch 1743 / 2000;    current loss: 0.40552303194999695
INFO Gradient norm: 117.23984388350337
PROGRESS    Completed epoch 1744 / 2000;    current loss: 0.40240901708602905
INFO Gradient norm: 133.9381949667136
PROGRESS    Completed epoch 1745 / 2000;    current loss: 0.4045654237270355
INFO Gradient norm: 116.02014807522845
PROGRESS    Completed epoch 1746 / 2000;    current loss: 0.40137121081352234
INFO Gradient norm: 131.21138871320764
PROGRESS    Completed epoch 1747 / 2000;    current loss: 0.4050274193286896
INFO Gradient norm: 116.6223235545004
PROGRESS    Completed epoch 1748 / 2000;    current loss: 0.40193501114845276
INFO Gradient norm: 133.22016741523672
PROGRESS    Completed epoch 1749 / 2000;    current loss: 0.40404650568962097
INFO Gradient norm: 115.45701703225731
PROGRESS    Completed epoch 1750 / 2000;    current loss: 0.4009193181991577
INFO Gradient norm: 130.54490056505128
PROGRESS    Completed epoch 1751 / 2000;    current loss: 0.40452659130096436
INFO Gradient norm: 116.06727231031704
PROGRESS    Completed epoch 1752 / 2000;    current loss: 0.4014768898487091
INFO Gradient norm: 132.54376681684454
PROGRESS    Completed epoch 1753 / 2000;    current loss: 0.40356528759002686
INFO Gradient norm: 114.86428059812495
PROGRESS    Completed epoch 1754 / 2000;    current loss: 0.4004252851009369
INFO Gradient norm: 129.8535104791812
PROGRESS    Completed epoch 1755 / 2000;    current loss: 0.40402930974960327
INFO Gradient norm: 115.44165687628005
PROGRESS    Completed epoch 1756 / 2000;    current loss: 0.40100181102752686
INFO Gradient norm: 131.92123728471523
PROGRESS    Completed epoch 1757 / 2000;    current loss: 0.40308573842048645
INFO Gradient norm: 114.33523744262212
PROGRESS    Completed epoch 1758 / 2000;    current loss: 0.39997369050979614
INFO Gradient norm: 129.17392386631352
PROGRESS    Completed epoch 1759 / 2000;    current loss: 0.4035329222679138
INFO Gradient norm: 114.84176074397351
PROGRESS    Completed epoch 1760 / 2000;    current loss: 0.4005349576473236
INFO Gradient norm: 131.2603837607516
PROGRESS    Completed epoch 1761 / 2000;    current loss: 0.4026048183441162
INFO Gradient norm: 113.8290468847718
PROGRESS    Completed epoch 1762 / 2000;    current loss: 0.3995329737663269
INFO Gradient norm: 128.4784821651872
PROGRESS    Completed epoch 1763 / 2000;    current loss: 0.40302813053131104
INFO Gradient norm: 114.2408448202536
PROGRESS    Completed epoch 1764 / 2000;    current loss: 0.4000612795352936
INFO Gradient norm: 130.6221949495016
PROGRESS    Completed epoch 1765 / 2000;    current loss: 0.4021323025226593
INFO Gradient norm: 113.2858908525251
PROGRESS    Completed epoch 1766 / 2000;    current loss: 0.3990830183029175
INFO Gradient norm: 127.83438630864191
PROGRESS    Completed epoch 1767 / 2000;    current loss: 0.4025416970252991
INFO Gradient norm: 113.69154199905346
PROGRESS    Completed epoch 1768 / 2000;    current loss: 0.3996049761772156
INFO Gradient norm: 129.91091956292516
PROGRESS    Completed epoch 1769 / 2000;    current loss: 0.40164458751678467
INFO Gradient norm: 112.6908702519596
PROGRESS    Completed epoch 1770 / 2000;    current loss: 0.3986286520957947
INFO Gradient norm: 127.15411937482556
PROGRESS    Completed epoch 1771 / 2000;    current loss: 0.4020514488220215
INFO Gradient norm: 113.09484085045759
PROGRESS    Completed epoch 1772 / 2000;    current loss: 0.3991384506225586
INFO Gradient norm: 129.24885033703868
PROGRESS    Completed epoch 1773 / 2000;    current loss: 0.40116655826568604
INFO Gradient norm: 112.13052267224315
PROGRESS    Completed epoch 1774 / 2000;    current loss: 0.3981703817844391
INFO Gradient norm: 126.52814593256367
PROGRESS    Completed epoch 1775 / 2000;    current loss: 0.40156349539756775
INFO Gradient norm: 112.5605669374637
PROGRESS    Completed epoch 1776 / 2000;    current loss: 0.3986859619617462
INFO Gradient norm: 128.54475952268785
PROGRESS    Completed epoch 1777 / 2000;    current loss: 0.40068092942237854
INFO Gradient norm: 111.57731468402471
PROGRESS    Completed epoch 1778 / 2000;    current loss: 0.39772406220436096
INFO Gradient norm: 125.84368980121599
PROGRESS    Completed epoch 1779 / 2000;    current loss: 0.4010698199272156
INFO Gradient norm: 111.95779402307045
PROGRESS    Completed epoch 1780 / 2000;    current loss: 0.3982236385345459
INFO Gradient norm: 127.86754525275559
PROGRESS    Completed epoch 1781 / 2000;    current loss: 0.40020036697387695
INFO Gradient norm: 110.99632265511141
PROGRESS    Completed epoch 1782 / 2000;    current loss: 0.39726588129997253
INFO Gradient norm: 125.18832730916695
PROGRESS    Completed epoch 1783 / 2000;    current loss: 0.40058523416519165
INFO Gradient norm: 111.38419073790982
PROGRESS    Completed epoch 1784 / 2000;    current loss: 0.3977642357349396
INFO Gradient norm: 127.19216650046104
PROGRESS    Completed epoch 1785 / 2000;    current loss: 0.39971551299095154
INFO Gradient norm: 110.46796589640705
PROGRESS    Completed epoch 1786 / 2000;    current loss: 0.3968304395675659
INFO Gradient norm: 124.5144083587189
PROGRESS    Completed epoch 1787 / 2000;    current loss: 0.400094211101532
INFO Gradient norm: 110.80711260991104
PROGRESS    Completed epoch 1788 / 2000;    current loss: 0.39730340242385864
INFO Gradient norm: 126.52391009822273
PROGRESS    Completed epoch 1789 / 2000;    current loss: 0.39924439787864685
INFO Gradient norm: 109.86620710992221
PROGRESS    Completed epoch 1790 / 2000;    current loss: 0.39637434482574463
INFO Gradient norm: 123.89422164937882
PROGRESS    Completed epoch 1791 / 2000;    current loss: 0.3996187150478363
INFO Gradient norm: 110.24841956264423
PROGRESS    Completed epoch 1792 / 2000;    current loss: 0.3968493342399597
INFO Gradient norm: 125.83409604494774
PROGRESS    Completed epoch 1793 / 2000;    current loss: 0.39876788854599
INFO Gradient norm: 109.32610172591103
PROGRESS    Completed epoch 1794 / 2000;    current loss: 0.39592617750167847
INFO Gradient norm: 123.2016894155732
PROGRESS    Completed epoch 1795 / 2000;    current loss: 0.39912149310112
INFO Gradient norm: 109.65355270757071
PROGRESS    Completed epoch 1796 / 2000;    current loss: 0.39639583230018616
INFO Gradient norm: 125.18316891022228
PROGRESS    Completed epoch 1797 / 2000;    current loss: 0.398293137550354
INFO Gradient norm: 108.74632888608782
PROGRESS    Completed epoch 1798 / 2000;    current loss: 0.39547544717788696
INFO Gradient norm: 122.6180052649185
PROGRESS    Completed epoch 1799 / 2000;    current loss: 0.39872977137565613
INFO Gradient norm: 109.13127105012553
PROGRESS    Completed epoch 1800 / 2000;    current loss: 0.39602088928222656
INFO Gradient norm: 124.46980639705468
PROGRESS    Completed epoch 1801 / 2000;    current loss: 0.3978075683116913
INFO Gradient norm: 108.20099269490771
PROGRESS    Completed epoch 1802 / 2000;    current loss: 0.3950287997722626
INFO Gradient norm: 121.92059426274132
PROGRESS    Completed epoch 1803 / 2000;    current loss: 0.39824122190475464
INFO Gradient norm: 108.53978686096967
PROGRESS    Completed epoch 1804 / 2000;    current loss: 0.39556336402893066
INFO Gradient norm: 123.80245550103123
PROGRESS    Completed epoch 1805 / 2000;    current loss: 0.39733749628067017
INFO Gradient norm: 107.62679022300657
PROGRESS    Completed epoch 1806 / 2000;    current loss: 0.3945814073085785
INFO Gradient norm: 121.29056721783866
PROGRESS    Completed epoch 1807 / 2000;    current loss: 0.3977704644203186
INFO Gradient norm: 107.97818131800868
PROGRESS    Completed epoch 1808 / 2000;    current loss: 0.3951159417629242
INFO Gradient norm: 123.12057691162158
PROGRESS    Completed epoch 1809 / 2000;    current loss: 0.3968692421913147
INFO Gradient norm: 107.08758432284773
PROGRESS    Completed epoch 1810 / 2000;    current loss: 0.39414554834365845
INFO Gradient norm: 120.59523333369317
PROGRESS    Completed epoch 1811 / 2000;    current loss: 0.3972761631011963
INFO Gradient norm: 107.37966136212756
PROGRESS    Completed epoch 1812 / 2000;    current loss: 0.3946519196033478
INFO Gradient norm: 122.43608704687927
PROGRESS    Completed epoch 1813 / 2000;    current loss: 0.39639317989349365
INFO Gradient norm: 106.48393570753157
PROGRESS    Completed epoch 1814 / 2000;    current loss: 0.3936878442764282
INFO Gradient norm: 119.96478643011878
PROGRESS    Completed epoch 1815 / 2000;    current loss: 0.3968120515346527
INFO Gradient norm: 106.80843976428048
PROGRESS    Completed epoch 1816 / 2000;    current loss: 0.3942008912563324
INFO Gradient norm: 121.7566392278752
PROGRESS    Completed epoch 1817 / 2000;    current loss: 0.39592233300209045
INFO Gradient norm: 105.92264655638493
PROGRESS    Completed epoch 1818 / 2000;    current loss: 0.39324313402175903
INFO Gradient norm: 119.31531457152616
PROGRESS    Completed epoch 1819 / 2000;    current loss: 0.3963317573070526
INFO Gradient norm: 106.25723972855066
PROGRESS    Completed epoch 1820 / 2000;    current loss: 0.3937552571296692
INFO Gradient norm: 121.07634368894237
PROGRESS    Completed epoch 1821 / 2000;    current loss: 0.39544928073883057
INFO Gradient norm: 105.36279677427878
PROGRESS    Completed epoch 1822 / 2000;    current loss: 0.3928087055683136
INFO Gradient norm: 118.6375158522917
PROGRESS    Completed epoch 1823 / 2000;    current loss: 0.39585310220718384
INFO Gradient norm: 105.6540955108258
PROGRESS    Completed epoch 1824 / 2000;    current loss: 0.3933037221431732
INFO Gradient norm: 120.4170270891257
PROGRESS    Completed epoch 1825 / 2000;    current loss: 0.3949873745441437
INFO Gradient norm: 104.80760690250732
PROGRESS    Completed epoch 1826 / 2000;    current loss: 0.3923713266849518
INFO Gradient norm: 117.96843110904754
PROGRESS    Completed epoch 1827 / 2000;    current loss: 0.39537471532821655
INFO Gradient norm: 105.1185983650325
PROGRESS    Completed epoch 1828 / 2000;    current loss: 0.3928636610507965
INFO Gradient norm: 119.72518576275571
PROGRESS    Completed epoch 1829 / 2000;    current loss: 0.3945208191871643
INFO Gradient norm: 104.25259482211035
PROGRESS    Completed epoch 1830 / 2000;    current loss: 0.3919331431388855
INFO Gradient norm: 117.31683964511507
PROGRESS    Completed epoch 1831 / 2000;    current loss: 0.394911527633667
INFO Gradient norm: 104.48927624847823
PROGRESS    Completed epoch 1832 / 2000;    current loss: 0.3924092948436737
INFO Gradient norm: 119.06911536823841
PROGRESS    Completed epoch 1833 / 2000;    current loss: 0.39405524730682373
INFO Gradient norm: 103.68479923705095
PROGRESS    Completed epoch 1834 / 2000;    current loss: 0.3914949893951416
INFO Gradient norm: 116.65035282172883
PROGRESS    Completed epoch 1835 / 2000;    current loss: 0.3944343626499176
INFO Gradient norm: 103.92064135093331
PROGRESS    Completed epoch 1836 / 2000;    current loss: 0.3919696509838104
INFO Gradient norm: 118.38506357643449
PROGRESS    Completed epoch 1837 / 2000;    current loss: 0.3935971260070801
INFO Gradient norm: 103.1265548989351
PROGRESS    Completed epoch 1838 / 2000;    current loss: 0.3910588324069977
INFO Gradient norm: 115.96754551190702
PROGRESS    Completed epoch 1839 / 2000;    current loss: 0.3939649760723114
INFO Gradient norm: 103.3337859478764
PROGRESS    Completed epoch 1840 / 2000;    current loss: 0.3915211856365204
INFO Gradient norm: 117.73246068677734
PROGRESS    Completed epoch 1841 / 2000;    current loss: 0.3931346535682678
INFO Gradient norm: 102.56417013293013
PROGRESS    Completed epoch 1842 / 2000;    current loss: 0.3906250596046448
INFO Gradient norm: 115.31759191736847
PROGRESS    Completed epoch 1843 / 2000;    current loss: 0.39349496364593506
INFO Gradient norm: 102.74945837658667
PROGRESS    Completed epoch 1844 / 2000;    current loss: 0.3910846710205078
INFO Gradient norm: 117.03830061966737
PROGRESS    Completed epoch 1845 / 2000;    current loss: 0.39267751574516296
INFO Gradient norm: 102.02304299930962
PROGRESS    Completed epoch 1846 / 2000;    current loss: 0.3901968002319336
INFO Gradient norm: 114.64556329468714
PROGRESS    Completed epoch 1847 / 2000;    current loss: 0.393033504486084
INFO Gradient norm: 102.15645366679752
PROGRESS    Completed epoch 1848 / 2000;    current loss: 0.3906385898590088
INFO Gradient norm: 116.36576948588296
PROGRESS    Completed epoch 1849 / 2000;    current loss: 0.3922114372253418
INFO Gradient norm: 101.43139176872761
PROGRESS    Completed epoch 1850 / 2000;    current loss: 0.389766126871109
INFO Gradient norm: 113.982081908285
PROGRESS    Completed epoch 1851 / 2000;    current loss: 0.39257073402404785
INFO Gradient norm: 101.58709525146386
PROGRESS    Completed epoch 1852 / 2000;    current loss: 0.3902103006839752
INFO Gradient norm: 115.69035201877396
PROGRESS    Completed epoch 1853 / 2000;    current loss: 0.39175674319267273
INFO Gradient norm: 100.88021462972421
PROGRESS    Completed epoch 1854 / 2000;    current loss: 0.38933032751083374
INFO Gradient norm: 113.31935449456061
PROGRESS    Completed epoch 1855 / 2000;    current loss: 0.3921023905277252
INFO Gradient norm: 101.00937665493427
PROGRESS    Completed epoch 1856 / 2000;    current loss: 0.3897666037082672
INFO Gradient norm: 115.01789090518923
PROGRESS    Completed epoch 1857 / 2000;    current loss: 0.39130330085754395
INFO Gradient norm: 100.31146627798846
PROGRESS    Completed epoch 1858 / 2000;    current loss: 0.3888980448246002
INFO Gradient norm: 112.65712381546464
PROGRESS    Completed epoch 1859 / 2000;    current loss: 0.3916456401348114
INFO Gradient norm: 100.41325732080394
PROGRESS    Completed epoch 1860 / 2000;    current loss: 0.3893328011035919
INFO Gradient norm: 114.34512534461335
PROGRESS    Completed epoch 1861 / 2000;    current loss: 0.3908464312553406
INFO Gradient norm: 99.75751946875711
PROGRESS    Completed epoch 1862 / 2000;    current loss: 0.3884744644165039
INFO Gradient norm: 112.00582212098314
PROGRESS    Completed epoch 1863 / 2000;    current loss: 0.3911898136138916
INFO Gradient norm: 99.85697626650617
PROGRESS    Completed epoch 1864 / 2000;    current loss: 0.38890430331230164
INFO Gradient norm: 113.66843852453812
PROGRESS    Completed epoch 1865 / 2000;    current loss: 0.39039313793182373
INFO Gradient norm: 99.18968719536419
PROGRESS    Completed epoch 1866 / 2000;    current loss: 0.3880463242530823
INFO Gradient norm: 111.33887576461022
PROGRESS    Completed epoch 1867 / 2000;    current loss: 0.3907373547554016
INFO Gradient norm: 99.26061111175962
PROGRESS    Completed epoch 1868 / 2000;    current loss: 0.3884618878364563
INFO Gradient norm: 112.99398411691378
PROGRESS    Completed epoch 1869 / 2000;    current loss: 0.3899401128292084
INFO Gradient norm: 98.59336824712139
PROGRESS    Completed epoch 1870 / 2000;    current loss: 0.3876137435436249
INFO Gradient norm: 110.69167719349782
PROGRESS    Completed epoch 1871 / 2000;    current loss: 0.39027780294418335
INFO Gradient norm: 98.70850670045537
PROGRESS    Completed epoch 1872 / 2000;    current loss: 0.388043075799942
INFO Gradient norm: 112.27982243952913
PROGRESS    Completed epoch 1873 / 2000;    current loss: 0.3894861340522766
INFO Gradient norm: 98.03183512539059
PROGRESS    Completed epoch 1874 / 2000;    current loss: 0.3871914744377136
INFO Gradient norm: 110.04064739074606
PROGRESS    Completed epoch 1875 / 2000;    current loss: 0.38983097672462463
INFO Gradient norm: 98.1225262257287
PROGRESS    Completed epoch 1876 / 2000;    current loss: 0.38761746883392334
INFO Gradient norm: 111.60043057408224
PROGRESS    Completed epoch 1877 / 2000;    current loss: 0.38903841376304626
INFO Gradient norm: 97.43061943719512
PROGRESS    Completed epoch 1878 / 2000;    current loss: 0.3867599368095398
INFO Gradient norm: 109.40847059385638
PROGRESS    Completed epoch 1879 / 2000;    current loss: 0.38938668370246887
INFO Gradient norm: 97.58430831065978
PROGRESS    Completed epoch 1880 / 2000;    current loss: 0.38719305396080017
INFO Gradient norm: 110.91865454485902
PROGRESS    Completed epoch 1881 / 2000;    current loss: 0.38859325647354126
INFO Gradient norm: 96.86933567611617
PROGRESS    Completed epoch 1882 / 2000;    current loss: 0.3863382637500763
INFO Gradient norm: 108.75045752388753
PROGRESS    Completed epoch 1883 / 2000;    current loss: 0.3889370858669281
INFO Gradient norm: 96.98518667757904
PROGRESS    Completed epoch 1884 / 2000;    current loss: 0.3867689073085785
INFO Gradient norm: 110.24147504616309
PROGRESS    Completed epoch 1885 / 2000;    current loss: 0.3881434202194214
INFO Gradient norm: 96.30230898347003
PROGRESS    Completed epoch 1886 / 2000;    current loss: 0.3859219253063202
INFO Gradient norm: 108.07424205573568
PROGRESS    Completed epoch 1887 / 2000;    current loss: 0.3884887993335724
INFO Gradient norm: 96.39481552530442
PROGRESS    Completed epoch 1888 / 2000;    current loss: 0.38634708523750305
INFO Gradient norm: 109.5788213195511
PROGRESS    Completed epoch 1889 / 2000;    current loss: 0.38770565390586853
INFO Gradient norm: 95.77863994316564
PROGRESS    Completed epoch 1890 / 2000;    current loss: 0.3855092525482178
INFO Gradient norm: 107.41342628567138
PROGRESS    Completed epoch 1891 / 2000;    current loss: 0.38804081082344055
INFO Gradient norm: 95.8205102236999
PROGRESS    Completed epoch 1892 / 2000;    current loss: 0.3859230875968933
INFO Gradient norm: 108.90782831212705
PROGRESS    Completed epoch 1893 / 2000;    current loss: 0.3872658312320709
INFO Gradient norm: 95.17596786684594
PROGRESS    Completed epoch 1894 / 2000;    current loss: 0.38508591055870056
INFO Gradient norm: 106.776401405454
PROGRESS    Completed epoch 1895 / 2000;    current loss: 0.38760605454444885
INFO Gradient norm: 95.26622989321118
PROGRESS    Completed epoch 1896 / 2000;    current loss: 0.3855140805244446
INFO Gradient norm: 108.20964418592338
PROGRESS    Completed epoch 1897 / 2000;    current loss: 0.3868209719657898
INFO Gradient norm: 94.60981079204744
PROGRESS    Completed epoch 1898 / 2000;    current loss: 0.38467735052108765
INFO Gradient norm: 106.11687204171305
PROGRESS    Completed epoch 1899 / 2000;    current loss: 0.3871621787548065
INFO Gradient norm: 94.6855566187243
PROGRESS    Completed epoch 1900 / 2000;    current loss: 0.3850939869880676
INFO Gradient norm: 107.54873570488894
PROGRESS    Completed epoch 1901 / 2000;    current loss: 0.38638314604759216
INFO Gradient norm: 94.03977997271564
PROGRESS    Completed epoch 1902 / 2000;    current loss: 0.38426172733306885
INFO Gradient norm: 105.44902054642357
PROGRESS    Completed epoch 1903 / 2000;    current loss: 0.3867250680923462
INFO Gradient norm: 94.10248292230794
PROGRESS    Completed epoch 1904 / 2000;    current loss: 0.38467809557914734
INFO Gradient norm: 106.87061566966108
PROGRESS    Completed epoch 1905 / 2000;    current loss: 0.38594555854797363
INFO Gradient norm: 93.4695328111616
PROGRESS    Completed epoch 1906 / 2000;    current loss: 0.38384535908699036
INFO Gradient norm: 104.82671554217127
PROGRESS    Completed epoch 1907 / 2000;    current loss: 0.38629183173179626
INFO Gradient norm: 93.56388476629097
PROGRESS    Completed epoch 1908 / 2000;    current loss: 0.3842705488204956
INFO Gradient norm: 106.17671526902281
PROGRESS    Completed epoch 1909 / 2000;    current loss: 0.38550853729248047
INFO Gradient norm: 92.90222431975337
PROGRESS    Completed epoch 1910 / 2000;    current loss: 0.38343629240989685
INFO Gradient norm: 104.13672920263289
PROGRESS    Completed epoch 1911 / 2000;    current loss: 0.3858594596385956
INFO Gradient norm: 92.95812318225899
PROGRESS    Completed epoch 1912 / 2000;    current loss: 0.38385626673698425
INFO Gradient norm: 105.5433300310432
PROGRESS    Completed epoch 1913 / 2000;    current loss: 0.38508129119873047
INFO Gradient norm: 92.35211453668805
PROGRESS    Completed epoch 1914 / 2000;    current loss: 0.3830295503139496
INFO Gradient norm: 103.48631858277514
PROGRESS    Completed epoch 1915 / 2000;    current loss: 0.38542816042900085
INFO Gradient norm: 92.38868649625714
PROGRESS    Completed epoch 1916 / 2000;    current loss: 0.3834538161754608
INFO Gradient norm: 104.86089747474638
PROGRESS    Completed epoch 1917 / 2000;    current loss: 0.3846491277217865
INFO Gradient norm: 91.7889113132585
PROGRESS    Completed epoch 1918 / 2000;    current loss: 0.3826226592063904
INFO Gradient norm: 102.84166544429138
PROGRESS    Completed epoch 1919 / 2000;    current loss: 0.38500145077705383
INFO Gradient norm: 91.81902136260642
PROGRESS    Completed epoch 1920 / 2000;    current loss: 0.38304373621940613
INFO Gradient norm: 104.16644188948965
PROGRESS    Completed epoch 1921 / 2000;    current loss: 0.38422253727912903
INFO Gradient norm: 91.19321543612882
PROGRESS    Completed epoch 1922 / 2000;    current loss: 0.38247203826904297
INFO Gradient norm: 102.20782045669412
PROGRESS    Completed epoch 1923 / 2000;    current loss: 0.38458067178726196
INFO Gradient norm: 91.24542571753375
PROGRESS    Completed epoch 1924 / 2000;    current loss: 0.38263973593711853
INFO Gradient norm: 103.50744683534003
PROGRESS    Completed epoch 1925 / 2000;    current loss: 0.3840551972389221
INFO Gradient norm: 90.63716080401197
PROGRESS    Completed epoch 1926 / 2000;    current loss: 0.3820790648460388
INFO Gradient norm: 101.55950469882507
PROGRESS    Completed epoch 1927 / 2000;    current loss: 0.38415834307670593
INFO Gradient norm: 90.69556069672755
PROGRESS    Completed epoch 1928 / 2000;    current loss: 0.38225057721138
INFO Gradient norm: 102.78740984479278
PROGRESS    Completed epoch 1929 / 2000;    current loss: 0.38363513350486755
INFO Gradient norm: 90.03071106571215
PROGRESS    Completed epoch 1930 / 2000;    current loss: 0.3816802203655243
INFO Gradient norm: 100.93509548886576
PROGRESS    Completed epoch 1931 / 2000;    current loss: 0.38374027609825134
INFO Gradient norm: 90.14416121250649
PROGRESS    Completed epoch 1932 / 2000;    current loss: 0.3818491995334625
INFO Gradient norm: 102.11135973949544
PROGRESS    Completed epoch 1933 / 2000;    current loss: 0.38321951031684875
INFO Gradient norm: 89.42533466474336
PROGRESS    Completed epoch 1934 / 2000;    current loss: 0.3812843859195709
INFO Gradient norm: 100.29523878852308
PROGRESS    Completed epoch 1935 / 2000;    current loss: 0.3833257257938385
INFO Gradient norm: 89.56769836640315
PROGRESS    Completed epoch 1936 / 2000;    current loss: 0.3814566433429718
INFO Gradient norm: 101.43956010567729
PROGRESS    Completed epoch 1937 / 2000;    current loss: 0.38280969858169556
INFO Gradient norm: 88.86709903792715
PROGRESS    Completed epoch 1938 / 2000;    current loss: 0.38089895248413086
INFO Gradient norm: 99.61475283674349
PROGRESS    Completed epoch 1939 / 2000;    current loss: 0.3829030394554138
INFO Gradient norm: 88.98723641011158
PROGRESS    Completed epoch 1940 / 2000;    current loss: 0.3810575604438782
INFO Gradient norm: 100.7734921578224
PROGRESS    Completed epoch 1941 / 2000;    current loss: 0.38239455223083496
INFO Gradient norm: 88.3167253874144
PROGRESS    Completed epoch 1942 / 2000;    current loss: 0.38052037358283997
INFO Gradient norm: 98.95872040444559
PROGRESS    Completed epoch 1943 / 2000;    current loss: 0.3824864625930786
INFO Gradient norm: 88.40632952120835
PROGRESS    Completed epoch 1944 / 2000;    current loss: 0.3806648850440979
INFO Gradient norm: 100.07872810148169
PROGRESS    Completed epoch 1945 / 2000;    current loss: 0.38199108839035034
INFO Gradient norm: 87.74278961917055
PROGRESS    Completed epoch 1946 / 2000;    current loss: 0.38013291358947754
INFO Gradient norm: 98.30914324797894
PROGRESS    Completed epoch 1947 / 2000;    current loss: 0.3820762634277344
INFO Gradient norm: 87.83246841266322
PROGRESS    Completed epoch 1948 / 2000;    current loss: 0.3802748918533325
INFO Gradient norm: 99.42870449349932
PROGRESS    Completed epoch 1949 / 2000;    current loss: 0.3815895617008209
INFO Gradient norm: 87.13809677732988
PROGRESS    Completed epoch 1950 / 2000;    current loss: 0.37974250316619873
INFO Gradient norm: 97.69438055964258
PROGRESS    Completed epoch 1951 / 2000;    current loss: 0.38167306780815125
INFO Gradient norm: 87.30752794194339
PROGRESS    Completed epoch 1952 / 2000;    current loss: 0.3798973262310028
INFO Gradient norm: 98.70654284614143
PROGRESS    Completed epoch 1953 / 2000;    current loss: 0.3811814785003662
INFO Gradient norm: 86.56390831794711
PROGRESS    Completed epoch 1954 / 2000;    current loss: 0.37936514616012573
INFO Gradient norm: 97.03370369738145
PROGRESS    Completed epoch 1955 / 2000;    current loss: 0.38126444816589355
INFO Gradient norm: 86.72293721659406
PROGRESS    Completed epoch 1956 / 2000;    current loss: 0.37951046228408813
INFO Gradient norm: 98.0425233962326
PROGRESS    Completed epoch 1957 / 2000;    current loss: 0.38078370690345764
INFO Gradient norm: 85.98716686937027
PROGRESS    Completed epoch 1958 / 2000;    current loss: 0.37898868322372437
INFO Gradient norm: 96.39439190016583
PROGRESS    Completed epoch 1959 / 2000;    current loss: 0.38085758686065674
INFO Gradient norm: 86.12505732872168
PROGRESS    Completed epoch 1960 / 2000;    current loss: 0.3791203200817108
INFO Gradient norm: 97.40619586976699
PROGRESS    Completed epoch 1961 / 2000;    current loss: 0.380393385887146
INFO Gradient norm: 85.43308228425037
PROGRESS    Completed epoch 1962 / 2000;    current loss: 0.3786204159259796
INFO Gradient norm: 95.73881334926375
PROGRESS    Completed epoch 1963 / 2000;    current loss: 0.380460649728775
INFO Gradient norm: 85.57722218326879
PROGRESS    Completed epoch 1964 / 2000;    current loss: 0.37874317169189453
INFO Gradient norm: 96.70234618532136
PROGRESS    Completed epoch 1965 / 2000;    current loss: 0.37999048829078674
INFO Gradient norm: 84.84368937516027
PROGRESS    Completed epoch 1966 / 2000;    current loss: 0.3782455027103424
INFO Gradient norm: 95.09760580358083
PROGRESS    Completed epoch 1967 / 2000;    current loss: 0.38006070256233215
INFO Gradient norm: 84.98715190592712
PROGRESS    Completed epoch 1968 / 2000;    current loss: 0.37835806608200073
INFO Gradient norm: 96.01573667477211
PROGRESS    Completed epoch 1969 / 2000;    current loss: 0.3796025812625885
INFO Gradient norm: 84.24588334063978
PROGRESS    Completed epoch 1970 / 2000;    current loss: 0.3778628706932068
INFO Gradient norm: 94.48153432206615
PROGRESS    Completed epoch 1971 / 2000;    current loss: 0.37967073917388916
INFO Gradient norm: 84.4326149693544
PROGRESS    Completed epoch 1972 / 2000;    current loss: 0.377988338470459
INFO Gradient norm: 95.34851504888502
PROGRESS    Completed epoch 1973 / 2000;    current loss: 0.379204660654068
INFO Gradient norm: 83.67798080174575
PROGRESS    Completed epoch 1974 / 2000;    current loss: 0.37749624252319336
INFO Gradient norm: 93.81129924267435
PROGRESS    Completed epoch 1975 / 2000;    current loss: 0.3792682886123657
INFO Gradient norm: 83.86523159118886
PROGRESS    Completed epoch 1976 / 2000;    current loss: 0.3776097595691681
INFO Gradient norm: 94.67779778794821
PROGRESS    Completed epoch 1977 / 2000;    current loss: 0.3788190484046936
INFO Gradient norm: 83.10937312817752
PROGRESS    Completed epoch 1978 / 2000;    current loss: 0.3771284222602844
INFO Gradient norm: 93.17156445083997
PROGRESS    Completed epoch 1979 / 2000;    current loss: 0.37888142466545105
INFO Gradient norm: 83.27296242048982
PROGRESS    Completed epoch 1980 / 2000;    current loss: 0.37723833322525024
INFO Gradient norm: 94.00272783745886
PROGRESS    Completed epoch 1981 / 2000;    current loss: 0.37843337655067444
INFO Gradient norm: 82.53532784834525
PROGRESS    Completed epoch 1982 / 2000;    current loss: 0.3767649531364441
INFO Gradient norm: 92.52011438643568
PROGRESS    Completed epoch 1983 / 2000;    current loss: 0.3784860074520111
INFO Gradient norm: 82.74878036076471
PROGRESS    Completed epoch 1984 / 2000;    current loss: 0.3768719434738159
INFO Gradient norm: 93.28842722167076
PROGRESS    Completed epoch 1985 / 2000;    current loss: 0.37804877758026123
INFO Gradient norm: 81.91585260520333
PROGRESS    Completed epoch 1986 / 2000;    current loss: 0.37639379501342773
INFO Gradient norm: 91.9170719525468
PROGRESS    Completed epoch 1987 / 2000;    current loss: 0.3781050145626068
INFO Gradient norm: 82.19488274315228
PROGRESS    Completed epoch 1988 / 2000;    current loss: 0.37650853395462036
INFO Gradient norm: 92.59557737739247
PROGRESS    Completed epoch 1989 / 2000;    current loss: 0.37766653299331665
INFO Gradient norm: 81.32738906651042
PROGRESS    Completed epoch 1990 / 2000;    current loss: 0.3760395050048828
INFO Gradient norm: 91.27998176846636
PROGRESS    Completed epoch 1991 / 2000;    current loss: 0.3777245283126831
INFO Gradient norm: 81.62967999983097
PROGRESS    Completed epoch 1992 / 2000;    current loss: 0.3761453330516815
INFO Gradient norm: 91.93681385388636
PROGRESS    Completed epoch 1993 / 2000;    current loss: 0.3772839307785034
INFO Gradient norm: 80.77877946539876
PROGRESS    Completed epoch 1994 / 2000;    current loss: 0.375668466091156
INFO Gradient norm: 90.60922643514746
PROGRESS    Completed epoch 1995 / 2000;    current loss: 0.3773358166217804
INFO Gradient norm: 81.06173477645173
PROGRESS    Completed epoch 1996 / 2000;    current loss: 0.37577900290489197
INFO Gradient norm: 91.25772824843466
PROGRESS    Completed epoch 1997 / 2000;    current loss: 0.3768966794013977
INFO Gradient norm: 80.18368076992641
PROGRESS    Completed epoch 1998 / 2000;    current loss: 0.3753136694431305
INFO Gradient norm: 89.98714921811391
PROGRESS    Completed epoch 1999 / 2000;    current loss: 0.37695547938346863
INFO Gradient norm: 80.47311632362309
PROGRESS    Completed epoch 2000 / 2000;    current loss: 0.3754148483276367
INFO    Saving model weights ...
INFO Model weights saved successfully to /home/hoang/utopya_output/Dengue/250605-202430/data/uni10/data_npc_checkpoint.pth
INFO    Simulation run finished.
INFO    Wrapping up ...
SUCCESS    All done.

---
end of log. exit code: 0

