Log of 'out' stream of WorkerTask 'uni06'
---

INFO    Using 'cpu' as training device. Number of threads: 10
INFO    Loading training data ...
INFO    Initializing the neural net ...
INFO    Initialized model 'Dengue'.
INFO    Now commencing training for 2000 epochs ...
INFO Gradient norm: 728.0402455157664
PROGRESS    Completed epoch 1 / 2000;    current loss: 381.1767883300781
INFO Gradient norm: 728.949988685804
PROGRESS    Completed epoch 2 / 2000;    current loss: 380.95263671875
INFO Gradient norm: 729.857818956121
PROGRESS    Completed epoch 3 / 2000;    current loss: 380.7283630371094
INFO Gradient norm: 733.0091386295628
PROGRESS    Completed epoch 4 / 2000;    current loss: 380.5164794921875
INFO Gradient norm: 733.2135111132495
PROGRESS    Completed epoch 5 / 2000;    current loss: 380.3471374511719
INFO Gradient norm: 733.5454109073768
PROGRESS    Completed epoch 6 / 2000;    current loss: 380.16424560546875
INFO Gradient norm: 733.9618956346804
PROGRESS    Completed epoch 7 / 2000;    current loss: 379.9721374511719
INFO Gradient norm: 734.4393572045117
PROGRESS    Completed epoch 8 / 2000;    current loss: 379.7738342285156
INFO Gradient norm: 734.9611607228412
PROGRESS    Completed epoch 9 / 2000;    current loss: 379.5687561035156
INFO Gradient norm: 735.5202478960824
PROGRESS    Completed epoch 10 / 2000;    current loss: 379.3608703613281
INFO Gradient norm: 733.4093225283619
PROGRESS    Completed epoch 11 / 2000;    current loss: 379.17254638671875
INFO Gradient norm: 733.7027262928038
PROGRESS    Completed epoch 12 / 2000;    current loss: 378.9853515625
INFO Gradient norm: 734.064557176999
PROGRESS    Completed epoch 13 / 2000;    current loss: 378.79144287109375
INFO Gradient norm: 734.4864717523109
PROGRESS    Completed epoch 14 / 2000;    current loss: 378.59283447265625
INFO Gradient norm: 734.9586862065794
PROGRESS    Completed epoch 15 / 2000;    current loss: 378.3883972167969
INFO Gradient norm: 735.4758419059432
PROGRESS    Completed epoch 16 / 2000;    current loss: 378.17926025390625
INFO Gradient norm: 736.0321859895246
PROGRESS    Completed epoch 17 / 2000;    current loss: 377.96533203125
INFO Gradient norm: 738.8023042886394
PROGRESS    Completed epoch 18 / 2000;    current loss: 377.7704772949219
INFO Gradient norm: 739.1295372853801
PROGRESS    Completed epoch 19 / 2000;    current loss: 377.57330322265625
INFO Gradient norm: 739.4983361737494
PROGRESS    Completed epoch 20 / 2000;    current loss: 377.3708801269531
INFO Gradient norm: 739.9041449382833
PROGRESS    Completed epoch 21 / 2000;    current loss: 377.16192626953125
INFO Gradient norm: 740.3443051977719
PROGRESS    Completed epoch 22 / 2000;    current loss: 376.94781494140625
INFO Gradient norm: 740.816487531255
PROGRESS    Completed epoch 23 / 2000;    current loss: 376.7283935546875
INFO Gradient norm: 741.3175188709806
PROGRESS    Completed epoch 24 / 2000;    current loss: 376.5032653808594
INFO Gradient norm: 741.8446362639764
PROGRESS    Completed epoch 25 / 2000;    current loss: 376.27191162109375
INFO Gradient norm: 742.3978194421969
PROGRESS    Completed epoch 26 / 2000;    current loss: 376.0362854003906
INFO Gradient norm: 740.2615137840977
PROGRESS    Completed epoch 27 / 2000;    current loss: 375.8197326660156
INFO Gradient norm: 740.6071926879023
PROGRESS    Completed epoch 28 / 2000;    current loss: 375.5992736816406
INFO Gradient norm: 740.998839630007
PROGRESS    Completed epoch 29 / 2000;    current loss: 375.3702392578125
INFO Gradient norm: 741.4370621218809
PROGRESS    Completed epoch 30 / 2000;    current loss: 375.135986328125
INFO Gradient norm: 741.9174884734991
PROGRESS    Completed epoch 31 / 2000;    current loss: 374.89593505859375
INFO Gradient norm: 742.4378416632808
PROGRESS    Completed epoch 32 / 2000;    current loss: 374.6485595703125
INFO Gradient norm: 742.9966929625726
PROGRESS    Completed epoch 33 / 2000;    current loss: 374.3948669433594
INFO Gradient norm: 743.5908771206401
PROGRESS    Completed epoch 34 / 2000;    current loss: 374.13470458984375
INFO Gradient norm: 746.4803368547912
PROGRESS    Completed epoch 35 / 2000;    current loss: 373.8888854980469
INFO Gradient norm: 746.8695848985824
PROGRESS    Completed epoch 36 / 2000;    current loss: 373.6420593261719
INFO Gradient norm: 747.2945809228718
PROGRESS    Completed epoch 37 / 2000;    current loss: 373.3878173828125
INFO Gradient norm: 747.7541274334717
PROGRESS    Completed epoch 38 / 2000;    current loss: 373.12615966796875
INFO Gradient norm: 748.2449161589096
PROGRESS    Completed epoch 39 / 2000;    current loss: 372.8558349609375
INFO Gradient norm: 748.7678729493512
PROGRESS    Completed epoch 40 / 2000;    current loss: 372.5790100097656
INFO Gradient norm: 749.3196749992511
PROGRESS    Completed epoch 41 / 2000;    current loss: 372.2939147949219
INFO Gradient norm: 749.8990063879245
PROGRESS    Completed epoch 42 / 2000;    current loss: 372.00115966796875
INFO Gradient norm: 750.5039858373042
PROGRESS    Completed epoch 43 / 2000;    current loss: 371.7005310058594
INFO Gradient norm: 748.4482181093551
PROGRESS    Completed epoch 44 / 2000;    current loss: 371.41558837890625
INFO Gradient norm: 748.8631830094217
PROGRESS    Completed epoch 45 / 2000;    current loss: 371.1274108886719
INFO Gradient norm: 749.3258346528627
PROGRESS    Completed epoch 46 / 2000;    current loss: 370.8294677734375
INFO Gradient norm: 749.8348216627028
PROGRESS    Completed epoch 47 / 2000;    current loss: 370.52239990234375
INFO Gradient norm: 750.3879040827015
PROGRESS    Completed epoch 48 / 2000;    current loss: 370.2062072753906
INFO Gradient norm: 750.9833727892623
PROGRESS    Completed epoch 49 / 2000;    current loss: 369.881591796875
INFO Gradient norm: 751.6171912916965
PROGRESS    Completed epoch 50 / 2000;    current loss: 369.54742431640625
INFO Gradient norm: 754.667999778833
PROGRESS    Completed epoch 51 / 2000;    current loss: 369.2142639160156
INFO Gradient norm: 755.1294656904024
PROGRESS    Completed epoch 52 / 2000;    current loss: 368.8895263671875
INFO Gradient norm: 755.6263011466028
PROGRESS    Completed epoch 53 / 2000;    current loss: 368.5545959472656
INFO Gradient norm: 756.1547154884892
PROGRESS    Completed epoch 54 / 2000;    current loss: 368.2082214355469
INFO Gradient norm: 756.7147352824129
PROGRESS    Completed epoch 55 / 2000;    current loss: 367.8529357910156
INFO Gradient norm: 757.3017992145093
PROGRESS    Completed epoch 56 / 2000;    current loss: 367.48590087890625
INFO Gradient norm: 757.9141128627873
PROGRESS    Completed epoch 57 / 2000;    current loss: 367.1077880859375
INFO Gradient norm: 755.9586462947
PROGRESS    Completed epoch 58 / 2000;    current loss: 366.73626708984375
INFO Gradient norm: 756.4372343358119
PROGRESS    Completed epoch 59 / 2000;    current loss: 366.365478515625
INFO Gradient norm: 756.9620809216449
PROGRESS    Completed epoch 60 / 2000;    current loss: 365.981689453125
INFO Gradient norm: 757.5309672850879
PROGRESS    Completed epoch 61 / 2000;    current loss: 365.5857849121094
INFO Gradient norm: 758.1417797632639
PROGRESS    Completed epoch 62 / 2000;    current loss: 365.17926025390625
INFO Gradient norm: 761.2005460219376
PROGRESS    Completed epoch 63 / 2000;    current loss: 364.76654052734375
INFO Gradient norm: 761.697661012614
PROGRESS    Completed epoch 64 / 2000;    current loss: 364.3592529296875
INFO Gradient norm: 762.2244038722952
PROGRESS    Completed epoch 65 / 2000;    current loss: 363.94012451171875
INFO Gradient norm: 762.7758953617911
PROGRESS    Completed epoch 66 / 2000;    current loss: 363.5075378417969
INFO Gradient norm: 763.350095951129
PROGRESS    Completed epoch 67 / 2000;    current loss: 363.0633850097656
INFO Gradient norm: 761.3886634000042
PROGRESS    Completed epoch 68 / 2000;    current loss: 362.62640380859375
INFO Gradient norm: 761.875779987797
PROGRESS    Completed epoch 69 / 2000;    current loss: 362.1792297363281
INFO Gradient norm: 762.40467602663
PROGRESS    Completed epoch 70 / 2000;    current loss: 361.7183837890625
INFO Gradient norm: 762.9721974158209
PROGRESS    Completed epoch 71 / 2000;    current loss: 361.24420166015625
INFO Gradient norm: 765.9262945161953
PROGRESS    Completed epoch 72 / 2000;    current loss: 360.765380859375
INFO Gradient norm: 766.394838723014
PROGRESS    Completed epoch 73 / 2000;    current loss: 360.2889099121094
INFO Gradient norm: 766.8825107156655
PROGRESS    Completed epoch 74 / 2000;    current loss: 359.7973937988281
INFO Gradient norm: 767.3851707943812
PROGRESS    Completed epoch 75 / 2000;    current loss: 359.291015625
INFO Gradient norm: 765.4855087073383
PROGRESS    Completed epoch 76 / 2000;    current loss: 358.77838134765625
INFO Gradient norm: 765.9343920441228
PROGRESS    Completed epoch 77 / 2000;    current loss: 358.2633056640625
INFO Gradient norm: 766.4160760016177
PROGRESS    Completed epoch 78 / 2000;    current loss: 357.73291015625
INFO Gradient norm: 769.2015018975723
PROGRESS    Completed epoch 79 / 2000;    current loss: 357.2041931152344
INFO Gradient norm: 769.6130445328076
PROGRESS    Completed epoch 80 / 2000;    current loss: 356.6644287109375
INFO Gradient norm: 770.0340415158586
PROGRESS    Completed epoch 81 / 2000;    current loss: 356.10870361328125
INFO Gradient norm: 770.4584465150317
PROGRESS    Completed epoch 82 / 2000;    current loss: 355.53662109375
INFO Gradient norm: 768.4557390230996
PROGRESS    Completed epoch 83 / 2000;    current loss: 354.9819030761719
INFO Gradient norm: 768.8016212025843
PROGRESS    Completed epoch 84 / 2000;    current loss: 354.409423828125
INFO Gradient norm: 769.1717710881421
PROGRESS    Completed epoch 85 / 2000;    current loss: 353.8199768066406
INFO Gradient norm: 769.5573339108126
PROGRESS    Completed epoch 86 / 2000;    current loss: 353.2122802734375
INFO Gradient norm: 772.182812618685
PROGRESS    Completed epoch 87 / 2000;    current loss: 352.59649658203125
INFO Gradient norm: 772.4738499323566
PROGRESS    Completed epoch 88 / 2000;    current loss: 351.988037109375
INFO Gradient norm: 772.7482222415575
PROGRESS    Completed epoch 89 / 2000;    current loss: 351.3620300292969
INFO Gradient norm: 773.0113449811664
PROGRESS    Completed epoch 90 / 2000;    current loss: 350.7177429199219
INFO Gradient norm: 771.0147197455278
PROGRESS    Completed epoch 91 / 2000;    current loss: 350.07867431640625
INFO Gradient norm: 771.2183094336723
PROGRESS    Completed epoch 92 / 2000;    current loss: 349.4294128417969
INFO Gradient norm: 771.4270833406224
PROGRESS    Completed epoch 93 / 2000;    current loss: 348.7613525390625
INFO Gradient norm: 771.629286206293
PROGRESS    Completed epoch 94 / 2000;    current loss: 348.0726013183594
INFO Gradient norm: 773.8932407583368
PROGRESS    Completed epoch 95 / 2000;    current loss: 347.40936279296875
INFO Gradient norm: 773.9930837878975
PROGRESS    Completed epoch 96 / 2000;    current loss: 346.7266540527344
INFO Gradient norm: 774.0659709485292
PROGRESS    Completed epoch 97 / 2000;    current loss: 346.0239562988281
INFO Gradient norm: 774.1042390678094
PROGRESS    Completed epoch 98 / 2000;    current loss: 345.30096435546875
INFO Gradient norm: 774.1002228302083
PROGRESS    Completed epoch 99 / 2000;    current loss: 344.5586853027344
INFO Gradient norm: 772.0245549513362
PROGRESS    Completed epoch 100 / 2000;    current loss: 343.82720947265625
INFO Gradient norm: 771.9746689158058
PROGRESS    Completed epoch 101 / 2000;    current loss: 343.0954895019531
INFO Gradient norm: 771.9032285281656
PROGRESS    Completed epoch 102 / 2000;    current loss: 342.3406677246094
INFO Gradient norm: 771.8015455655822
PROGRESS    Completed epoch 103 / 2000;    current loss: 341.5643005371094
INFO Gradient norm: 771.6620451770323
PROGRESS    Completed epoch 104 / 2000;    current loss: 340.76715087890625
INFO Gradient norm: 773.4388748469414
PROGRESS    Completed epoch 105 / 2000;    current loss: 340.0086975097656
INFO Gradient norm: 773.2514091356876
PROGRESS    Completed epoch 106 / 2000;    current loss: 339.2294006347656
INFO Gradient norm: 772.9915344840903
PROGRESS    Completed epoch 107 / 2000;    current loss: 338.4268493652344
INFO Gradient norm: 772.6659824542683
PROGRESS    Completed epoch 108 / 2000;    current loss: 337.6029357910156
INFO Gradient norm: 772.2658556460284
PROGRESS    Completed epoch 109 / 2000;    current loss: 336.7566223144531
INFO Gradient norm: 771.7871316829043
PROGRESS    Completed epoch 110 / 2000;    current loss: 335.8909912109375
INFO Gradient norm: 769.5889227598874
PROGRESS    Completed epoch 111 / 2000;    current loss: 335.0522155761719
INFO Gradient norm: 769.1768928304314
PROGRESS    Completed epoch 112 / 2000;    current loss: 334.2098693847656
INFO Gradient norm: 768.6916920509967
PROGRESS    Completed epoch 113 / 2000;    current loss: 333.341796875
INFO Gradient norm: 768.1418262327353
PROGRESS    Completed epoch 114 / 2000;    current loss: 332.4486389160156
INFO Gradient norm: 767.5249404088291
PROGRESS    Completed epoch 115 / 2000;    current loss: 331.5338439941406
INFO Gradient norm: 768.4548403954228
PROGRESS    Completed epoch 116 / 2000;    current loss: 330.6163330078125
INFO Gradient norm: 767.6383163659883
PROGRESS    Completed epoch 117 / 2000;    current loss: 329.72198486328125
INFO Gradient norm: 766.9535780978972
PROGRESS    Completed epoch 118 / 2000;    current loss: 328.80609130859375
INFO Gradient norm: 766.1664214277489
PROGRESS    Completed epoch 119 / 2000;    current loss: 327.86676025390625
INFO Gradient norm: 765.2758342633124
PROGRESS    Completed epoch 120 / 2000;    current loss: 326.9060974121094
INFO Gradient norm: 763.039063172117
PROGRESS    Completed epoch 121 / 2000;    current loss: 325.9551696777344
INFO Gradient norm: 762.2299900114401
PROGRESS    Completed epoch 122 / 2000;    current loss: 324.99957275390625
INFO Gradient norm: 761.3335750509556
PROGRESS    Completed epoch 123 / 2000;    current loss: 324.0198974609375
INFO Gradient norm: 760.3488452807353
PROGRESS    Completed epoch 124 / 2000;    current loss: 323.0140380859375
INFO Gradient norm: 760.6149820135603
PROGRESS    Completed epoch 125 / 2000;    current loss: 322.0087585449219
INFO Gradient norm: 759.6231399495279
PROGRESS    Completed epoch 126 / 2000;    current loss: 321.00457763671875
INFO Gradient norm: 758.517054263807
PROGRESS    Completed epoch 127 / 2000;    current loss: 319.978515625
INFO Gradient norm: 757.2976004766505
PROGRESS    Completed epoch 128 / 2000;    current loss: 318.92974853515625
INFO Gradient norm: 755.0371149495281
PROGRESS    Completed epoch 129 / 2000;    current loss: 317.88909912109375
INFO Gradient norm: 753.8988976950949
PROGRESS    Completed epoch 130 / 2000;    current loss: 316.8386535644531
INFO Gradient norm: 752.6679485312899
PROGRESS    Completed epoch 131 / 2000;    current loss: 315.76348876953125
INFO Gradient norm: 751.3530292520904
PROGRESS    Completed epoch 132 / 2000;    current loss: 314.6647644042969
INFO Gradient norm: 751.1330217439154
PROGRESS    Completed epoch 133 / 2000;    current loss: 313.5881652832031
INFO Gradient norm: 749.8713147250464
PROGRESS    Completed epoch 134 / 2000;    current loss: 312.4950256347656
INFO Gradient norm: 748.5121409298176
PROGRESS    Completed epoch 135 / 2000;    current loss: 311.380126953125
INFO Gradient norm: 747.0699275314787
PROGRESS    Completed epoch 136 / 2000;    current loss: 310.2434387207031
INFO Gradient norm: 745.631905267926
PROGRESS    Completed epoch 137 / 2000;    current loss: 309.0877990722656
INFO Gradient norm: 743.4313421152041
PROGRESS    Completed epoch 138 / 2000;    current loss: 307.9461364746094
INFO Gradient norm: 742.0796940468306
PROGRESS    Completed epoch 139 / 2000;    current loss: 306.79644775390625
INFO Gradient norm: 740.6449134086434
PROGRESS    Completed epoch 140 / 2000;    current loss: 305.62249755859375
INFO Gradient norm: 740.274569395403
PROGRESS    Completed epoch 141 / 2000;    current loss: 304.426513671875
INFO Gradient norm: 739.0573157079752
PROGRESS    Completed epoch 142 / 2000;    current loss: 303.2322998046875
INFO Gradient norm: 737.8893999868997
PROGRESS    Completed epoch 143 / 2000;    current loss: 302.04034423828125
INFO Gradient norm: 735.2982880441525
PROGRESS    Completed epoch 144 / 2000;    current loss: 300.82757568359375
INFO Gradient norm: 733.3287490752739
PROGRESS    Completed epoch 145 / 2000;    current loss: 299.59490966796875
INFO Gradient norm: 731.4076803416943
PROGRESS    Completed epoch 146 / 2000;    current loss: 298.3450012207031
INFO Gradient norm: 729.4792040135889
PROGRESS    Completed epoch 147 / 2000;    current loss: 297.12109375
INFO Gradient norm: 727.8730388739515
PROGRESS    Completed epoch 148 / 2000;    current loss: 295.8766174316406
INFO Gradient norm: 726.1721328099359
PROGRESS    Completed epoch 149 / 2000;    current loss: 294.60833740234375
INFO Gradient norm: 724.3657830927823
PROGRESS    Completed epoch 150 / 2000;    current loss: 293.32037353515625
INFO Gradient norm: 722.9924959695247
PROGRESS    Completed epoch 151 / 2000;    current loss: 292.0308532714844
INFO Gradient norm: 721.3634742212314
PROGRESS    Completed epoch 152 / 2000;    current loss: 290.74957275390625
INFO Gradient norm: 719.6469491521309
PROGRESS    Completed epoch 153 / 2000;    current loss: 289.4498596191406
INFO Gradient norm: 717.8330997973117
PROGRESS    Completed epoch 154 / 2000;    current loss: 288.1317138671875
INFO Gradient norm: 715.9573527424905
PROGRESS    Completed epoch 155 / 2000;    current loss: 286.7973937988281
INFO Gradient norm: 714.1034038633263
PROGRESS    Completed epoch 156 / 2000;    current loss: 285.4910888671875
INFO Gradient norm: 712.3996598248036
PROGRESS    Completed epoch 157 / 2000;    current loss: 284.1626281738281
INFO Gradient norm: 710.6178441400542
PROGRESS    Completed epoch 158 / 2000;    current loss: 282.81341552734375
INFO Gradient norm: 708.7701796262313
PROGRESS    Completed epoch 159 / 2000;    current loss: 281.44415283203125
INFO Gradient norm: 707.2352161987424
PROGRESS    Completed epoch 160 / 2000;    current loss: 280.07958984375
INFO Gradient norm: 705.5170775963354
PROGRESS    Completed epoch 161 / 2000;    current loss: 278.722412109375
INFO Gradient norm: 703.7124599511196
PROGRESS    Completed epoch 162 / 2000;    current loss: 277.3471374511719
INFO Gradient norm: 701.8466982040192
PROGRESS    Completed epoch 163 / 2000;    current loss: 275.9553527832031
INFO Gradient norm: 699.9246025618017
PROGRESS    Completed epoch 164 / 2000;    current loss: 274.5484619140625
INFO Gradient norm: 698.0492319432379
PROGRESS    Completed epoch 165 / 2000;    current loss: 273.15631103515625
INFO Gradient norm: 696.2450365225301
PROGRESS    Completed epoch 166 / 2000;    current loss: 271.752685546875
INFO Gradient norm: 694.3690326177482
PROGRESS    Completed epoch 167 / 2000;    current loss: 270.3294677734375
INFO Gradient norm: 692.428102377192
PROGRESS    Completed epoch 168 / 2000;    current loss: 268.8887634277344
INFO Gradient norm: 690.5633924771131
PROGRESS    Completed epoch 169 / 2000;    current loss: 267.4622802734375
INFO Gradient norm: 688.724722720985
PROGRESS    Completed epoch 170 / 2000;    current loss: 266.0299377441406
INFO Gradient norm: 686.8215402225652
PROGRESS    Completed epoch 171 / 2000;    current loss: 264.58349609375
INFO Gradient norm: 684.857624178019
PROGRESS    Completed epoch 172 / 2000;    current loss: 263.1219177246094
INFO Gradient norm: 682.84757691476
PROGRESS    Completed epoch 173 / 2000;    current loss: 261.6470642089844
INFO Gradient norm: 680.8636495985687
PROGRESS    Completed epoch 174 / 2000;    current loss: 260.16986083984375
INFO Gradient norm: 678.9276951345952
PROGRESS    Completed epoch 175 / 2000;    current loss: 258.6961669921875
INFO Gradient norm: 676.9284040956682
PROGRESS    Completed epoch 176 / 2000;    current loss: 257.2052917480469
INFO Gradient norm: 674.8969669897708
PROGRESS    Completed epoch 177 / 2000;    current loss: 255.71044921875
INFO Gradient norm: 672.9086651269168
PROGRESS    Completed epoch 178 / 2000;    current loss: 254.21337890625
INFO Gradient norm: 670.8671234770677
PROGRESS    Completed epoch 179 / 2000;    current loss: 252.7041778564453
INFO Gradient norm: 668.8653052773924
PROGRESS    Completed epoch 180 / 2000;    current loss: 251.18222045898438
INFO Gradient norm: 666.9070516983634
PROGRESS    Completed epoch 181 / 2000;    current loss: 249.6683349609375
INFO Gradient norm: 664.8472537787553
PROGRESS    Completed epoch 182 / 2000;    current loss: 248.14170837402344
INFO Gradient norm: 662.73427124218
PROGRESS    Completed epoch 183 / 2000;    current loss: 246.5989990234375
INFO Gradient norm: 660.5709695422024
PROGRESS    Completed epoch 184 / 2000;    current loss: 245.0567626953125
INFO Gradient norm: 658.467068756579
PROGRESS    Completed epoch 185 / 2000;    current loss: 243.51168823242188
INFO Gradient norm: 656.2662510064968
PROGRESS    Completed epoch 186 / 2000;    current loss: 241.95648193359375
INFO Gradient norm: 654.0911101438936
PROGRESS    Completed epoch 187 / 2000;    current loss: 240.38894653320312
INFO Gradient norm: 651.8686240666509
PROGRESS    Completed epoch 188 / 2000;    current loss: 238.810546875
INFO Gradient norm: 649.7161982399102
PROGRESS    Completed epoch 189 / 2000;    current loss: 237.22824096679688
INFO Gradient norm: 647.4895574367903
PROGRESS    Completed epoch 190 / 2000;    current loss: 235.64549255371094
INFO Gradient norm: 645.1413877670998
PROGRESS    Completed epoch 191 / 2000;    current loss: 234.0524444580078
INFO Gradient norm: 642.8608719162779
PROGRESS    Completed epoch 192 / 2000;    current loss: 232.45767211914062
INFO Gradient norm: 640.680579004382
PROGRESS    Completed epoch 193 / 2000;    current loss: 230.852294921875
INFO Gradient norm: 638.2857944409866
PROGRESS    Completed epoch 194 / 2000;    current loss: 229.24786376953125
INFO Gradient norm: 635.9375470341677
PROGRESS    Completed epoch 195 / 2000;    current loss: 227.633544921875
INFO Gradient norm: 633.5417755206638
PROGRESS    Completed epoch 196 / 2000;    current loss: 226.01083374023438
INFO Gradient norm: 631.2391526645033
PROGRESS    Completed epoch 197 / 2000;    current loss: 224.39205932617188
INFO Gradient norm: 628.8297698474775
PROGRESS    Completed epoch 198 / 2000;    current loss: 222.7621612548828
INFO Gradient norm: 626.2766032719292
PROGRESS    Completed epoch 199 / 2000;    current loss: 221.1206817626953
INFO Gradient norm: 623.8289529324626
PROGRESS    Completed epoch 200 / 2000;    current loss: 219.48434448242188
INFO Gradient norm: 621.3411493059288
PROGRESS    Completed epoch 201 / 2000;    current loss: 217.83935546875
INFO Gradient norm: 618.930728655219
PROGRESS    Completed epoch 202 / 2000;    current loss: 216.1936492919922
INFO Gradient norm: 616.4274893560197
PROGRESS    Completed epoch 203 / 2000;    current loss: 214.537841796875
INFO Gradient norm: 613.8007187002552
PROGRESS    Completed epoch 204 / 2000;    current loss: 212.8861541748047
INFO Gradient norm: 611.2413259041078
PROGRESS    Completed epoch 205 / 2000;    current loss: 211.22930908203125
INFO Gradient norm: 608.6339978415472
PROGRESS    Completed epoch 206 / 2000;    current loss: 209.56625366210938
INFO Gradient norm: 605.9950053677331
PROGRESS    Completed epoch 207 / 2000;    current loss: 207.89410400390625
INFO Gradient norm: 603.3348193702489
PROGRESS    Completed epoch 208 / 2000;    current loss: 206.21798706054688
INFO Gradient norm: 600.779443095027
PROGRESS    Completed epoch 209 / 2000;    current loss: 204.5468292236328
INFO Gradient norm: 598.0937568327952
PROGRESS    Completed epoch 210 / 2000;    current loss: 202.87059020996094
INFO Gradient norm: 595.3679011898524
PROGRESS    Completed epoch 211 / 2000;    current loss: 201.18585205078125
INFO Gradient norm: 592.5535754789883
PROGRESS    Completed epoch 212 / 2000;    current loss: 199.50863647460938
INFO Gradient norm: 589.8129784813914
PROGRESS    Completed epoch 213 / 2000;    current loss: 197.82781982421875
INFO Gradient norm: 587.0294989582183
PROGRESS    Completed epoch 214 / 2000;    current loss: 196.14414978027344
INFO Gradient norm: 584.2330715706913
PROGRESS    Completed epoch 215 / 2000;    current loss: 194.45204162597656
INFO Gradient norm: 581.3977263485394
PROGRESS    Completed epoch 216 / 2000;    current loss: 192.75685119628906
INFO Gradient norm: 578.5257796144157
PROGRESS    Completed epoch 217 / 2000;    current loss: 191.0586700439453
INFO Gradient norm: 575.7277555202102
PROGRESS    Completed epoch 218 / 2000;    current loss: 189.36245727539062
INFO Gradient norm: 572.8202482794703
PROGRESS    Completed epoch 219 / 2000;    current loss: 187.66812133789062
INFO Gradient norm: 569.8017194624737
PROGRESS    Completed epoch 220 / 2000;    current loss: 185.9669189453125
INFO Gradient norm: 566.857329755588
PROGRESS    Completed epoch 221 / 2000;    current loss: 184.26937866210938
INFO Gradient norm: 563.968377117926
PROGRESS    Completed epoch 222 / 2000;    current loss: 182.56982421875
INFO Gradient norm: 560.8880115260691
PROGRESS    Completed epoch 223 / 2000;    current loss: 180.87353515625
INFO Gradient norm: 557.8657179365373
PROGRESS    Completed epoch 224 / 2000;    current loss: 179.17547607421875
INFO Gradient norm: 554.8098939584759
PROGRESS    Completed epoch 225 / 2000;    current loss: 177.47470092773438
INFO Gradient norm: 551.8226465167669
PROGRESS    Completed epoch 226 / 2000;    current loss: 175.77584838867188
INFO Gradient norm: 548.7180479253997
PROGRESS    Completed epoch 227 / 2000;    current loss: 174.0763702392578
INFO Gradient norm: 545.5215493754985
PROGRESS    Completed epoch 228 / 2000;    current loss: 172.38302612304688
INFO Gradient norm: 542.3809505106012
PROGRESS    Completed epoch 229 / 2000;    current loss: 170.6884002685547
INFO Gradient norm: 539.2073468169655
PROGRESS    Completed epoch 230 / 2000;    current loss: 168.99212646484375
INFO Gradient norm: 536.002938703143
PROGRESS    Completed epoch 231 / 2000;    current loss: 167.2956085205078
INFO Gradient norm: 532.7700998756978
PROGRESS    Completed epoch 232 / 2000;    current loss: 165.59803771972656
INFO Gradient norm: 529.6204762115104
PROGRESS    Completed epoch 233 / 2000;    current loss: 163.90866088867188
INFO Gradient norm: 526.3552885033499
PROGRESS    Completed epoch 234 / 2000;    current loss: 162.2185516357422
INFO Gradient norm: 523.0522768769977
PROGRESS    Completed epoch 235 / 2000;    current loss: 160.52664184570312
INFO Gradient norm: 519.6824349101025
PROGRESS    Completed epoch 236 / 2000;    current loss: 158.84507751464844
INFO Gradient norm: 516.3735632404904
PROGRESS    Completed epoch 237 / 2000;    current loss: 157.165283203125
INFO Gradient norm: 513.0308371759995
PROGRESS    Completed epoch 238 / 2000;    current loss: 155.48504638671875
INFO Gradient norm: 509.6451452237374
PROGRESS    Completed epoch 239 / 2000;    current loss: 153.80560302734375
INFO Gradient norm: 506.23228399671575
PROGRESS    Completed epoch 240 / 2000;    current loss: 152.1273651123047
INFO Gradient norm: 502.7939072004964
PROGRESS    Completed epoch 241 / 2000;    current loss: 150.45062255859375
INFO Gradient norm: 499.41194207572255
PROGRESS    Completed epoch 242 / 2000;    current loss: 148.77662658691406
INFO Gradient norm: 495.9558020167931
PROGRESS    Completed epoch 243 / 2000;    current loss: 147.11105346679688
INFO Gradient norm: 492.40753791091885
PROGRESS    Completed epoch 244 / 2000;    current loss: 145.44882202148438
INFO Gradient norm: 488.9154003775588
PROGRESS    Completed epoch 245 / 2000;    current loss: 143.7904815673828
INFO Gradient norm: 485.4021903670504
PROGRESS    Completed epoch 246 / 2000;    current loss: 142.13406372070312
INFO Gradient norm: 481.9442379874074
PROGRESS    Completed epoch 247 / 2000;    current loss: 140.48291015625
INFO Gradient norm: 478.39975397160214
PROGRESS    Completed epoch 248 / 2000;    current loss: 138.8345489501953
INFO Gradient norm: 474.7931824493814
PROGRESS    Completed epoch 249 / 2000;    current loss: 137.1956787109375
INFO Gradient norm: 471.2353431037585
PROGRESS    Completed epoch 250 / 2000;    current loss: 135.5593719482422
INFO Gradient norm: 467.6584652466993
PROGRESS    Completed epoch 251 / 2000;    current loss: 133.925048828125
INFO Gradient norm: 464.0671921706244
PROGRESS    Completed epoch 252 / 2000;    current loss: 132.29434204101562
INFO Gradient norm: 460.45782540499806
PROGRESS    Completed epoch 253 / 2000;    current loss: 130.66659545898438
INFO Gradient norm: 456.911907559696
PROGRESS    Completed epoch 254 / 2000;    current loss: 129.04718017578125
INFO Gradient norm: 453.29022643421564
PROGRESS    Completed epoch 255 / 2000;    current loss: 127.43199920654297
INFO Gradient norm: 449.5879785355857
PROGRESS    Completed epoch 256 / 2000;    current loss: 125.82008361816406
INFO Gradient norm: 445.9459468345025
PROGRESS    Completed epoch 257 / 2000;    current loss: 124.21602630615234
INFO Gradient norm: 442.2871575036082
PROGRESS    Completed epoch 258 / 2000;    current loss: 122.61624145507812
INFO Gradient norm: 438.6817827270105
PROGRESS    Completed epoch 259 / 2000;    current loss: 121.02366638183594
INFO Gradient norm: 434.99494588511493
PROGRESS    Completed epoch 260 / 2000;    current loss: 119.43423461914062
INFO Gradient norm: 431.253639625992
PROGRESS    Completed epoch 261 / 2000;    current loss: 117.85597229003906
INFO Gradient norm: 427.5529976443894
PROGRESS    Completed epoch 262 / 2000;    current loss: 116.28181457519531
INFO Gradient norm: 423.83663785407634
PROGRESS    Completed epoch 263 / 2000;    current loss: 114.71257019042969
INFO Gradient norm: 420.0989645874009
PROGRESS    Completed epoch 264 / 2000;    current loss: 113.14788818359375
INFO Gradient norm: 416.3461811452105
PROGRESS    Completed epoch 265 / 2000;    current loss: 111.58814239501953
INFO Gradient norm: 412.64257392918614
PROGRESS    Completed epoch 266 / 2000;    current loss: 110.03843688964844
INFO Gradient norm: 408.8732176740041
PROGRESS    Completed epoch 267 / 2000;    current loss: 108.4964370727539
INFO Gradient norm: 405.0273934612239
PROGRESS    Completed epoch 268 / 2000;    current loss: 106.9589614868164
INFO Gradient norm: 401.2352278921458
PROGRESS    Completed epoch 269 / 2000;    current loss: 105.4312515258789
INFO Gradient norm: 397.42465197176097
PROGRESS    Completed epoch 270 / 2000;    current loss: 103.90968322753906
INFO Gradient norm: 393.6639447952026
PROGRESS    Completed epoch 271 / 2000;    current loss: 102.3970718383789
INFO Gradient norm: 389.827860424219
PROGRESS    Completed epoch 272 / 2000;    current loss: 100.89051818847656
INFO Gradient norm: 385.9424544214113
PROGRESS    Completed epoch 273 / 2000;    current loss: 99.39683532714844
INFO Gradient norm: 382.09976411789205
PROGRESS    Completed epoch 274 / 2000;    current loss: 97.90947723388672
INFO Gradient norm: 378.23876347999754
PROGRESS    Completed epoch 275 / 2000;    current loss: 96.4286117553711
INFO Gradient norm: 374.3629278768454
PROGRESS    Completed epoch 276 / 2000;    current loss: 94.9547119140625
INFO Gradient norm: 370.4720259170684
PROGRESS    Completed epoch 277 / 2000;    current loss: 93.48832702636719
INFO Gradient norm: 366.65728107716996
PROGRESS    Completed epoch 278 / 2000;    current loss: 92.03602600097656
INFO Gradient norm: 362.76691377369616
PROGRESS    Completed epoch 279 / 2000;    current loss: 90.5899658203125
INFO Gradient norm: 358.8482268955088
PROGRESS    Completed epoch 280 / 2000;    current loss: 89.150634765625
INFO Gradient norm: 354.8915547772453
PROGRESS    Completed epoch 281 / 2000;    current loss: 87.72401428222656
INFO Gradient norm: 350.99133687352975
PROGRESS    Completed epoch 282 / 2000;    current loss: 86.30748748779297
INFO Gradient norm: 347.0811098095132
PROGRESS    Completed epoch 283 / 2000;    current loss: 84.89836883544922
INFO Gradient norm: 343.1643825880504
PROGRESS    Completed epoch 284 / 2000;    current loss: 83.49656677246094
INFO Gradient norm: 339.24206052816066
PROGRESS    Completed epoch 285 / 2000;    current loss: 82.10322570800781
INFO Gradient norm: 335.3862750458073
PROGRESS    Completed epoch 286 / 2000;    current loss: 80.71985626220703
INFO Gradient norm: 331.49821456944966
PROGRESS    Completed epoch 287 / 2000;    current loss: 79.34790802001953
INFO Gradient norm: 327.5498974334705
PROGRESS    Completed epoch 288 / 2000;    current loss: 77.98357391357422
INFO Gradient norm: 323.6870571169152
PROGRESS    Completed epoch 289 / 2000;    current loss: 76.62975311279297
INFO Gradient norm: 319.89925118085716
PROGRESS    Completed epoch 290 / 2000;    current loss: 75.28535461425781
INFO Gradient norm: 316.0198637537904
PROGRESS    Completed epoch 291 / 2000;    current loss: 73.94941711425781
INFO Gradient norm: 312.22509649998096
PROGRESS    Completed epoch 292 / 2000;    current loss: 72.62309265136719
INFO Gradient norm: 308.53617797177424
PROGRESS    Completed epoch 293 / 2000;    current loss: 71.30683135986328
INFO Gradient norm: 304.80277824009005
PROGRESS    Completed epoch 294 / 2000;    current loss: 69.99760437011719
INFO Gradient norm: 301.06814032366856
PROGRESS    Completed epoch 295 / 2000;    current loss: 68.70001220703125
INFO Gradient norm: 297.434863369813
PROGRESS    Completed epoch 296 / 2000;    current loss: 67.4110107421875
INFO Gradient norm: 293.82704510464544
PROGRESS    Completed epoch 297 / 2000;    current loss: 66.12894439697266
INFO Gradient norm: 290.2459916056021
PROGRESS    Completed epoch 298 / 2000;    current loss: 64.85386657714844
INFO Gradient norm: 286.8375571726237
PROGRESS    Completed epoch 299 / 2000;    current loss: 63.59199142456055
INFO Gradient norm: 283.3975832490489
PROGRESS    Completed epoch 300 / 2000;    current loss: 62.33869171142578
INFO Gradient norm: 279.97093676897964
PROGRESS    Completed epoch 301 / 2000;    current loss: 61.09083557128906
INFO Gradient norm: 276.59885040457243
PROGRESS    Completed epoch 302 / 2000;    current loss: 59.86012649536133
INFO Gradient norm: 273.3680161097183
PROGRESS    Completed epoch 303 / 2000;    current loss: 58.63887023925781
INFO Gradient norm: 270.156118631398
PROGRESS    Completed epoch 304 / 2000;    current loss: 57.42522430419922
INFO Gradient norm: 266.94826618157265
PROGRESS    Completed epoch 305 / 2000;    current loss: 56.21847915649414
INFO Gradient norm: 263.73030963898253
PROGRESS    Completed epoch 306 / 2000;    current loss: 55.01968765258789
INFO Gradient norm: 260.76796321407386
PROGRESS    Completed epoch 307 / 2000;    current loss: 53.83897399902344
INFO Gradient norm: 257.7121268448991
PROGRESS    Completed epoch 308 / 2000;    current loss: 52.670021057128906
INFO Gradient norm: 254.57880628245934
PROGRESS    Completed epoch 309 / 2000;    current loss: 51.505428314208984
INFO Gradient norm: 251.3859043748422
PROGRESS    Completed epoch 310 / 2000;    current loss: 50.35676193237305
INFO Gradient norm: 248.4339189377694
PROGRESS    Completed epoch 311 / 2000;    current loss: 49.22356033325195
INFO Gradient norm: 245.43448981614603
PROGRESS    Completed epoch 312 / 2000;    current loss: 48.0963020324707
INFO Gradient norm: 242.37917360545106
PROGRESS    Completed epoch 313 / 2000;    current loss: 46.97494125366211
INFO Gradient norm: 239.57595337494521
PROGRESS    Completed epoch 314 / 2000;    current loss: 45.868045806884766
INFO Gradient norm: 236.68784399629496
PROGRESS    Completed epoch 315 / 2000;    current loss: 44.775821685791016
INFO Gradient norm: 233.62853267426624
PROGRESS    Completed epoch 316 / 2000;    current loss: 43.694087982177734
INFO Gradient norm: 230.80773001699424
PROGRESS    Completed epoch 317 / 2000;    current loss: 42.62636184692383
INFO Gradient norm: 228.0557041135029
PROGRESS    Completed epoch 318 / 2000;    current loss: 41.565277099609375
INFO Gradient norm: 225.1583957437786
PROGRESS    Completed epoch 319 / 2000;    current loss: 40.525108337402344
INFO Gradient norm: 222.27473228114692
PROGRESS    Completed epoch 320 / 2000;    current loss: 39.490081787109375
INFO Gradient norm: 219.8428859354605
PROGRESS    Completed epoch 321 / 2000;    current loss: 38.48005294799805
INFO Gradient norm: 217.00199206624424
PROGRESS    Completed epoch 322 / 2000;    current loss: 37.471885681152344
INFO Gradient norm: 213.9526271844291
PROGRESS    Completed epoch 323 / 2000;    current loss: 36.47483444213867
INFO Gradient norm: 211.16038897413358
PROGRESS    Completed epoch 324 / 2000;    current loss: 35.49676513671875
INFO Gradient norm: 207.97161403659214
PROGRESS    Completed epoch 325 / 2000;    current loss: 34.52063751220703
INFO Gradient norm: 205.3386096688191
PROGRESS    Completed epoch 326 / 2000;    current loss: 33.576683044433594
INFO Gradient norm: 202.09872007957438
PROGRESS    Completed epoch 327 / 2000;    current loss: 32.63170623779297
INFO Gradient norm: 198.4161742978914
PROGRESS    Completed epoch 328 / 2000;    current loss: 31.685232162475586
INFO Gradient norm: 193.90805400255132
PROGRESS    Completed epoch 329 / 2000;    current loss: 30.873706817626953
INFO Gradient norm: 189.3947163255234
PROGRESS    Completed epoch 330 / 2000;    current loss: 30.06340980529785
INFO Gradient norm: 184.65767107946004
PROGRESS    Completed epoch 331 / 2000;    current loss: 29.24896240234375
INFO Gradient norm: 179.93782330357635
PROGRESS    Completed epoch 332 / 2000;    current loss: 28.433935165405273
INFO Gradient norm: 175.53975944365652
PROGRESS    Completed epoch 333 / 2000;    current loss: 27.62578582763672
INFO Gradient norm: 171.87567862091484
PROGRESS    Completed epoch 334 / 2000;    current loss: 26.839759826660156
INFO Gradient norm: 168.29473777658202
PROGRESS    Completed epoch 335 / 2000;    current loss: 26.053905487060547
INFO Gradient norm: 165.0157664601665
PROGRESS    Completed epoch 336 / 2000;    current loss: 25.277446746826172
INFO Gradient norm: 162.09696716354077
PROGRESS    Completed epoch 337 / 2000;    current loss: 24.513704299926758
INFO Gradient norm: 159.15964298354416
PROGRESS    Completed epoch 338 / 2000;    current loss: 23.750150680541992
INFO Gradient norm: 156.9828541906745
PROGRESS    Completed epoch 339 / 2000;    current loss: 23.00981330871582
INFO Gradient norm: 154.81957812472078
PROGRESS    Completed epoch 340 / 2000;    current loss: 22.274559020996094
INFO Gradient norm: 152.41042672107943
PROGRESS    Completed epoch 341 / 2000;    current loss: 21.538896560668945
INFO Gradient norm: 149.94652309533168
PROGRESS    Completed epoch 342 / 2000;    current loss: 20.81502914428711
INFO Gradient norm: 147.92790796341666
PROGRESS    Completed epoch 343 / 2000;    current loss: 20.109867095947266
INFO Gradient norm: 146.28921352555682
PROGRESS    Completed epoch 344 / 2000;    current loss: 19.424888610839844
INFO Gradient norm: 143.49912855966915
PROGRESS    Completed epoch 345 / 2000;    current loss: 18.795133590698242
INFO Gradient norm: 140.07610137356622
PROGRESS    Completed epoch 346 / 2000;    current loss: 18.159521102905273
INFO Gradient norm: 136.99934034312068
PROGRESS    Completed epoch 347 / 2000;    current loss: 17.532155990600586
INFO Gradient norm: 134.19843288777466
PROGRESS    Completed epoch 348 / 2000;    current loss: 16.910383224487305
INFO Gradient norm: 130.2917386386548
PROGRESS    Completed epoch 349 / 2000;    current loss: 16.308717727661133
INFO Gradient norm: 126.61005422817883
PROGRESS    Completed epoch 350 / 2000;    current loss: 15.741198539733887
INFO Gradient norm: 123.55945415408105
PROGRESS    Completed epoch 351 / 2000;    current loss: 15.172119140625
INFO Gradient norm: 120.54539552174838
PROGRESS    Completed epoch 352 / 2000;    current loss: 14.609074592590332
INFO Gradient norm: 118.41677790056555
PROGRESS    Completed epoch 353 / 2000;    current loss: 14.049840927124023
INFO Gradient norm: 116.1542403655381
PROGRESS    Completed epoch 354 / 2000;    current loss: 13.524906158447266
INFO Gradient norm: 114.45719892566048
PROGRESS    Completed epoch 355 / 2000;    current loss: 13.0150785446167
INFO Gradient norm: 111.07127870500612
PROGRESS    Completed epoch 356 / 2000;    current loss: 12.496885299682617
INFO Gradient norm: 108.13488817579318
PROGRESS    Completed epoch 357 / 2000;    current loss: 12.005732536315918
INFO Gradient norm: 104.4626290733364
PROGRESS    Completed epoch 358 / 2000;    current loss: 11.53305435180664
INFO Gradient norm: 101.21966568722787
PROGRESS    Completed epoch 359 / 2000;    current loss: 11.05261516571045
INFO Gradient norm: 99.47825823481155
PROGRESS    Completed epoch 360 / 2000;    current loss: 10.611795425415039
INFO Gradient norm: 97.8285381782002
PROGRESS    Completed epoch 361 / 2000;    current loss: 10.172554016113281
INFO Gradient norm: 97.09144843923768
PROGRESS    Completed epoch 362 / 2000;    current loss: 9.727093696594238
INFO Gradient norm: 93.29789913177494
PROGRESS    Completed epoch 363 / 2000;    current loss: 9.301030158996582
INFO Gradient norm: 90.88729304452455
PROGRESS    Completed epoch 364 / 2000;    current loss: 8.904752731323242
INFO Gradient norm: 88.88482143881124
PROGRESS    Completed epoch 365 / 2000;    current loss: 8.506671905517578
INFO Gradient norm: 87.62786182349332
PROGRESS    Completed epoch 366 / 2000;    current loss: 8.145866394042969
INFO Gradient norm: 84.60039954210866
PROGRESS    Completed epoch 367 / 2000;    current loss: 7.788450717926025
INFO Gradient norm: 82.81686918341872
PROGRESS    Completed epoch 368 / 2000;    current loss: 7.42397403717041
INFO Gradient norm: 81.14546679535577
PROGRESS    Completed epoch 369 / 2000;    current loss: 7.065706729888916
INFO Gradient norm: 81.5932692277265
PROGRESS    Completed epoch 370 / 2000;    current loss: 6.748471260070801
INFO Gradient norm: 78.27346928239315
PROGRESS    Completed epoch 371 / 2000;    current loss: 6.4335222244262695
INFO Gradient norm: 79.78055878794966
PROGRESS    Completed epoch 372 / 2000;    current loss: 6.1344099044799805
INFO Gradient norm: 85.4754255920677
PROGRESS    Completed epoch 373 / 2000;    current loss: 5.850033760070801
INFO Gradient norm: 75.40632912403323
PROGRESS    Completed epoch 374 / 2000;    current loss: 5.557356834411621
INFO Gradient norm: 77.66573436771623
PROGRESS    Completed epoch 375 / 2000;    current loss: 5.328033924102783
INFO Gradient norm: 78.84341224088826
PROGRESS    Completed epoch 376 / 2000;    current loss: 5.091727256774902
INFO Gradient norm: 68.56611698200582
PROGRESS    Completed epoch 377 / 2000;    current loss: 4.838448524475098
INFO Gradient norm: 70.60472868836489
PROGRESS    Completed epoch 378 / 2000;    current loss: 4.605819225311279
INFO Gradient norm: 66.31671776255457
PROGRESS    Completed epoch 379 / 2000;    current loss: 4.397417068481445
INFO Gradient norm: 64.9615816361992
PROGRESS    Completed epoch 380 / 2000;    current loss: 4.197773456573486
INFO Gradient norm: 65.92384906106155
PROGRESS    Completed epoch 381 / 2000;    current loss: 4.009464740753174
INFO Gradient norm: 72.97659409199045
PROGRESS    Completed epoch 382 / 2000;    current loss: 3.849355936050415
INFO Gradient norm: 68.6628909053112
PROGRESS    Completed epoch 383 / 2000;    current loss: 3.7111055850982666
INFO Gradient norm: 75.9882948473447
PROGRESS    Completed epoch 384 / 2000;    current loss: 3.595426559448242
INFO Gradient norm: 67.81102977028897
PROGRESS    Completed epoch 385 / 2000;    current loss: 3.473559617996216
INFO Gradient norm: 79.35255933899184
PROGRESS    Completed epoch 386 / 2000;    current loss: 3.3616275787353516
INFO Gradient norm: 63.59426378441211
PROGRESS    Completed epoch 387 / 2000;    current loss: 3.2372260093688965
INFO Gradient norm: 63.59917050261876
PROGRESS    Completed epoch 388 / 2000;    current loss: 3.14229679107666
INFO Gradient norm: 81.56779893783255
PROGRESS    Completed epoch 389 / 2000;    current loss: 3.0422635078430176
INFO Gradient norm: 67.94797800275292
PROGRESS    Completed epoch 390 / 2000;    current loss: 2.9059078693389893
INFO Gradient norm: 64.74838610694304
PROGRESS    Completed epoch 391 / 2000;    current loss: 2.848785638809204
INFO Gradient norm: 70.90481759348305
PROGRESS    Completed epoch 392 / 2000;    current loss: 2.7703166007995605
INFO Gradient norm: 61.32709998941051
PROGRESS    Completed epoch 393 / 2000;    current loss: 2.6611132621765137
INFO Gradient norm: 68.60559442439629
PROGRESS    Completed epoch 394 / 2000;    current loss: 2.53187894821167
INFO Gradient norm: 64.71845530525046
PROGRESS    Completed epoch 395 / 2000;    current loss: 2.4872336387634277
INFO Gradient norm: 70.16188604173603
PROGRESS    Completed epoch 396 / 2000;    current loss: 2.4230220317840576
INFO Gradient norm: 60.2949595808653
PROGRESS    Completed epoch 397 / 2000;    current loss: 2.3200440406799316
INFO Gradient norm: 81.993928289907
PROGRESS    Completed epoch 398 / 2000;    current loss: 2.20759916305542
INFO Gradient norm: 62.49401993919432
PROGRESS    Completed epoch 399 / 2000;    current loss: 2.0703346729278564
INFO Gradient norm: 55.19944416797463
PROGRESS    Completed epoch 400 / 2000;    current loss: 2.0344388484954834
INFO Gradient norm: 54.54331028339005
PROGRESS    Completed epoch 401 / 2000;    current loss: 1.970826506614685
INFO Gradient norm: 54.98069758828998
PROGRESS    Completed epoch 402 / 2000;    current loss: 1.877543568611145
INFO Gradient norm: 59.325406933937174
PROGRESS    Completed epoch 403 / 2000;    current loss: 1.7745821475982666
INFO Gradient norm: 54.59788946452721
PROGRESS    Completed epoch 404 / 2000;    current loss: 1.6562094688415527
INFO Gradient norm: 64.29720587870486
PROGRESS    Completed epoch 405 / 2000;    current loss: 1.6085152626037598
INFO Gradient norm: 68.42242861604956
PROGRESS    Completed epoch 406 / 2000;    current loss: 1.5625804662704468
INFO Gradient norm: 44.25072240272304
PROGRESS    Completed epoch 407 / 2000;    current loss: 1.4859139919281006
INFO Gradient norm: 44.6900322238653
PROGRESS    Completed epoch 408 / 2000;    current loss: 1.4013980627059937
INFO Gradient norm: 45.33755287430143
PROGRESS    Completed epoch 409 / 2000;    current loss: 1.302740216255188
INFO Gradient norm: 47.543166978567236
PROGRESS    Completed epoch 410 / 2000;    current loss: 1.2345958948135376
INFO Gradient norm: 40.32632208541154
PROGRESS    Completed epoch 411 / 2000;    current loss: 1.1792267560958862
INFO Gradient norm: 37.772933823406674
PROGRESS    Completed epoch 412 / 2000;    current loss: 1.1098839044570923
INFO Gradient norm: 36.66187920512074
PROGRESS    Completed epoch 413 / 2000;    current loss: 1.031680941581726
INFO Gradient norm: 29.167757325733536
PROGRESS    Completed epoch 414 / 2000;    current loss: 0.963178813457489
INFO Gradient norm: 35.049505918641046
PROGRESS    Completed epoch 415 / 2000;    current loss: 0.9102432131767273
INFO Gradient norm: 27.15306954737593
PROGRESS    Completed epoch 416 / 2000;    current loss: 0.8468372821807861
INFO Gradient norm: 23.629414056716975
PROGRESS    Completed epoch 417 / 2000;    current loss: 0.7805322408676147
INFO Gradient norm: 38.269050814898485
PROGRESS    Completed epoch 418 / 2000;    current loss: 0.7306868433952332
INFO Gradient norm: 21.620768622530413
PROGRESS    Completed epoch 419 / 2000;    current loss: 0.67554771900177
INFO Gradient norm: 47.70285403101829
PROGRESS    Completed epoch 420 / 2000;    current loss: 0.6373692750930786
INFO Gradient norm: 37.85060643864345
PROGRESS    Completed epoch 421 / 2000;    current loss: 0.583536684513092
INFO Gradient norm: 26.94376001902829
PROGRESS    Completed epoch 422 / 2000;    current loss: 0.5343460440635681
INFO Gradient norm: 24.015214353154846
PROGRESS    Completed epoch 423 / 2000;    current loss: 0.4924648106098175
INFO Gradient norm: 25.317336065202568
PROGRESS    Completed epoch 424 / 2000;    current loss: 0.4566909074783325
INFO Gradient norm: 16.806779086434815
PROGRESS    Completed epoch 425 / 2000;    current loss: 0.42115142941474915
INFO Gradient norm: 31.38445331331911
PROGRESS    Completed epoch 426 / 2000;    current loss: 0.3977992832660675
INFO Gradient norm: 21.879674198820872
PROGRESS    Completed epoch 427 / 2000;    current loss: 0.3675888776779175
INFO Gradient norm: 32.62761419038273
PROGRESS    Completed epoch 428 / 2000;    current loss: 0.35166510939598083
INFO Gradient norm: 34.52196871040997
PROGRESS    Completed epoch 429 / 2000;    current loss: 0.33579909801483154
INFO Gradient norm: 10.007784892406082
PROGRESS    Completed epoch 430 / 2000;    current loss: 0.31246110796928406
INFO Gradient norm: 13.878896570256343
PROGRESS    Completed epoch 431 / 2000;    current loss: 0.29901233315467834
INFO Gradient norm: 16.97280603817488
PROGRESS    Completed epoch 432 / 2000;    current loss: 0.2844557464122772
INFO Gradient norm: 7.956277733610302
PROGRESS    Completed epoch 433 / 2000;    current loss: 0.26935309171676636
INFO Gradient norm: 8.420201301372007
PROGRESS    Completed epoch 434 / 2000;    current loss: 0.25508904457092285
INFO Gradient norm: 10.902103925373035
PROGRESS    Completed epoch 435 / 2000;    current loss: 0.24235568940639496
INFO Gradient norm: 10.383129106849431
PROGRESS    Completed epoch 436 / 2000;    current loss: 0.2301015555858612
INFO Gradient norm: 8.977475703121975
PROGRESS    Completed epoch 437 / 2000;    current loss: 0.2212706059217453
INFO Gradient norm: 7.507192668159977
PROGRESS    Completed epoch 438 / 2000;    current loss: 0.21423693001270294
INFO Gradient norm: 8.26452359289429
PROGRESS    Completed epoch 439 / 2000;    current loss: 0.20970037579536438
INFO Gradient norm: 14.620827611544676
PROGRESS    Completed epoch 440 / 2000;    current loss: 0.20810501277446747
INFO Gradient norm: 5.378294202655542
PROGRESS    Completed epoch 441 / 2000;    current loss: 0.20450828969478607
INFO Gradient norm: 7.531086672321347
PROGRESS    Completed epoch 442 / 2000;    current loss: 0.2034539133310318
INFO Gradient norm: 13.84693938556966
PROGRESS    Completed epoch 443 / 2000;    current loss: 0.20418065786361694
INFO Gradient norm: 5.593850624404786
PROGRESS    Completed epoch 444 / 2000;    current loss: 0.2020365595817566
INFO Gradient norm: 8.610653747731781
PROGRESS    Completed epoch 445 / 2000;    current loss: 0.20242708921432495
INFO Gradient norm: 13.70665060993887
PROGRESS    Completed epoch 446 / 2000;    current loss: 0.20402763783931732
INFO Gradient norm: 4.715323834155528
PROGRESS    Completed epoch 447 / 2000;    current loss: 0.20236752927303314
INFO Gradient norm: 5.3415339300753555
PROGRESS    Completed epoch 448 / 2000;    current loss: 0.20276916027069092
INFO Gradient norm: 16.32833982064462
PROGRESS    Completed epoch 449 / 2000;    current loss: 0.2054826021194458
INFO Gradient norm: 3.16245445968042
PROGRESS    Completed epoch 450 / 2000;    current loss: 0.2027730941772461
INFO Gradient norm: 6.043216305812403
PROGRESS    Completed epoch 451 / 2000;    current loss: 0.20293375849723816
INFO Gradient norm: 17.89540623324517
PROGRESS    Completed epoch 452 / 2000;    current loss: 0.20602041482925415
INFO Gradient norm: 1.5432906468273118
PROGRESS    Completed epoch 453 / 2000;    current loss: 0.2024802416563034
INFO Gradient norm: 3.973897463526203
PROGRESS    Completed epoch 454 / 2000;    current loss: 0.20230752229690552
INFO Gradient norm: 21.322863542160643
PROGRESS    Completed epoch 455 / 2000;    current loss: 0.20642320811748505
INFO Gradient norm: 1.5081285359229575
PROGRESS    Completed epoch 456 / 2000;    current loss: 0.20155490934848785
INFO Gradient norm: 30.561406730938568
PROGRESS    Completed epoch 457 / 2000;    current loss: 0.21161657571792603
INFO Gradient norm: 17.527085059483756
PROGRESS    Completed epoch 458 / 2000;    current loss: 0.2040138691663742
INFO Gradient norm: 35.80784904624374
PROGRESS    Completed epoch 459 / 2000;    current loss: 0.21323181688785553
INFO Gradient norm: 37.80268976123597
PROGRESS    Completed epoch 460 / 2000;    current loss: 0.21461206674575806
INFO Gradient norm: 5.084781784430418
PROGRESS    Completed epoch 461 / 2000;    current loss: 0.20052114129066467
INFO Gradient norm: 12.941196361506762
PROGRESS    Completed epoch 462 / 2000;    current loss: 0.20175935328006744
INFO Gradient norm: 19.122590740066354
PROGRESS    Completed epoch 463 / 2000;    current loss: 0.20363789796829224
INFO Gradient norm: 5.348379016640769
PROGRESS    Completed epoch 464 / 2000;    current loss: 0.19995635747909546
INFO Gradient norm: 35.45405078007484
PROGRESS    Completed epoch 465 / 2000;    current loss: 0.21355511248111725
INFO Gradient norm: 29.597912131043323
PROGRESS    Completed epoch 466 / 2000;    current loss: 0.2089657336473465
INFO Gradient norm: 17.629728145205476
PROGRESS    Completed epoch 467 / 2000;    current loss: 0.20231316983699799
INFO Gradient norm: 18.049086017208314
PROGRESS    Completed epoch 468 / 2000;    current loss: 0.20238785445690155
INFO Gradient norm: 22.326767748194413
PROGRESS    Completed epoch 469 / 2000;    current loss: 0.20459537208080292
INFO Gradient norm: 15.550030900264987
PROGRESS    Completed epoch 470 / 2000;    current loss: 0.20180681347846985
INFO Gradient norm: 31.865902026256496
PROGRESS    Completed epoch 471 / 2000;    current loss: 0.20891845226287842
INFO Gradient norm: 27.88932573512244
PROGRESS    Completed epoch 472 / 2000;    current loss: 0.2066783905029297
INFO Gradient norm: 18.42045184551269
PROGRESS    Completed epoch 473 / 2000;    current loss: 0.20285454392433167
INFO Gradient norm: 16.406639381759273
PROGRESS    Completed epoch 474 / 2000;    current loss: 0.202044278383255
INFO Gradient norm: 26.087345392777692
PROGRESS    Completed epoch 475 / 2000;    current loss: 0.2057466208934784
INFO Gradient norm: 19.063390742203122
PROGRESS    Completed epoch 476 / 2000;    current loss: 0.2026228904724121
INFO Gradient norm: 26.637667944476178
PROGRESS    Completed epoch 477 / 2000;    current loss: 0.20681612193584442
INFO Gradient norm: 24.18981142447612
PROGRESS    Completed epoch 478 / 2000;    current loss: 0.20537759363651276
INFO Gradient norm: 18.9721185341754
PROGRESS    Completed epoch 479 / 2000;    current loss: 0.20254294574260712
INFO Gradient norm: 15.291246791569355
PROGRESS    Completed epoch 480 / 2000;    current loss: 0.20124180614948273
INFO Gradient norm: 26.287876596767763
PROGRESS    Completed epoch 481 / 2000;    current loss: 0.20648877322673798
INFO Gradient norm: 21.149192533888215
PROGRESS    Completed epoch 482 / 2000;    current loss: 0.20367127656936646
INFO Gradient norm: 24.27972848212597
PROGRESS    Completed epoch 483 / 2000;    current loss: 0.2047334462404251
INFO Gradient norm: 21.392402205582638
PROGRESS    Completed epoch 484 / 2000;    current loss: 0.20339904725551605
INFO Gradient norm: 21.430039264618827
PROGRESS    Completed epoch 485 / 2000;    current loss: 0.20370133221149445
INFO Gradient norm: 17.543276812280443
PROGRESS    Completed epoch 486 / 2000;    current loss: 0.20196408033370972
INFO Gradient norm: 26.002279614589245
PROGRESS    Completed epoch 487 / 2000;    current loss: 0.205506831407547
INFO Gradient norm: 21.11173256235326
PROGRESS    Completed epoch 488 / 2000;    current loss: 0.203184574842453
INFO Gradient norm: 22.81253093523275
PROGRESS    Completed epoch 489 / 2000;    current loss: 0.2042759358882904
INFO Gradient norm: 19.960110953464504
PROGRESS    Completed epoch 490 / 2000;    current loss: 0.20285233855247498
INFO Gradient norm: 22.59895628187902
PROGRESS    Completed epoch 491 / 2000;    current loss: 0.20381231606006622
INFO Gradient norm: 18.04009573901711
PROGRESS    Completed epoch 492 / 2000;    current loss: 0.20190703868865967
INFO Gradient norm: 24.474563642874987
PROGRESS    Completed epoch 493 / 2000;    current loss: 0.20511886477470398
INFO Gradient norm: 20.730906817914978
PROGRESS    Completed epoch 494 / 2000;    current loss: 0.2031603902578354
INFO Gradient norm: 22.596217606757595
PROGRESS    Completed epoch 495 / 2000;    current loss: 0.2037965953350067
INFO Gradient norm: 19.012618260439297
PROGRESS    Completed epoch 496 / 2000;    current loss: 0.20226486027240753
INFO Gradient norm: 22.958145251125515
PROGRESS    Completed epoch 497 / 2000;    current loss: 0.20430676639080048
INFO Gradient norm: 18.970947453140187
PROGRESS    Completed epoch 498 / 2000;    current loss: 0.20239070057868958
INFO Gradient norm: 24.27019251953964
PROGRESS    Completed epoch 499 / 2000;    current loss: 0.2045750766992569
INFO Gradient norm: 20.252693873109912
PROGRESS    Completed epoch 500 / 2000;    current loss: 0.20272064208984375
INFO Gradient norm: 22.287364428403983
PROGRESS    Completed epoch 501 / 2000;    current loss: 0.20391447842121124
INFO Gradient norm: 18.909895453634523
PROGRESS    Completed epoch 502 / 2000;    current loss: 0.20226630568504333
INFO Gradient norm: 23.542843760232145
PROGRESS    Completed epoch 503 / 2000;    current loss: 0.20410650968551636
INFO Gradient norm: 18.700255094457052
PROGRESS    Completed epoch 504 / 2000;    current loss: 0.20205967128276825
INFO Gradient norm: 24.0850963748116
PROGRESS    Completed epoch 505 / 2000;    current loss: 0.20488044619560242
INFO Gradient norm: 20.778187768424818
PROGRESS    Completed epoch 506 / 2000;    current loss: 0.2031480073928833
INFO Gradient norm: 22.104557605994223
PROGRESS    Completed epoch 507 / 2000;    current loss: 0.20349174737930298
INFO Gradient norm: 18.32579641631458
PROGRESS    Completed epoch 508 / 2000;    current loss: 0.2019064724445343
INFO Gradient norm: 23.639447567433468
PROGRESS    Completed epoch 509 / 2000;    current loss: 0.20459714531898499
INFO Gradient norm: 19.595032911727024
PROGRESS    Completed epoch 510 / 2000;    current loss: 0.20257198810577393
INFO Gradient norm: 23.964912249341022
PROGRESS    Completed epoch 511 / 2000;    current loss: 0.20429401099681854
INFO Gradient norm: 20.204319973079304
PROGRESS    Completed epoch 512 / 2000;    current loss: 0.20260457694530487
INFO Gradient norm: 22.337163468311186
PROGRESS    Completed epoch 513 / 2000;    current loss: 0.2038838267326355
INFO Gradient norm: 18.747897160785474
PROGRESS    Completed epoch 514 / 2000;    current loss: 0.20217986404895782
INFO Gradient norm: 24.20219624130555
PROGRESS    Completed epoch 515 / 2000;    current loss: 0.20437222719192505
INFO Gradient norm: 19.814931588294982
PROGRESS    Completed epoch 516 / 2000;    current loss: 0.20240016281604767
INFO Gradient norm: 22.95648553359842
PROGRESS    Completed epoch 517 / 2000;    current loss: 0.20416954159736633
INFO Gradient norm: 19.612446301911717
PROGRESS    Completed epoch 518 / 2000;    current loss: 0.20251518487930298
INFO Gradient norm: 23.064689491406387
PROGRESS    Completed epoch 519 / 2000;    current loss: 0.20376095175743103
INFO Gradient norm: 18.87774073353568
PROGRESS    Completed epoch 520 / 2000;    current loss: 0.2019348442554474
INFO Gradient norm: 23.35439196614359
PROGRESS    Completed epoch 521 / 2000;    current loss: 0.2043175995349884
INFO Gradient norm: 19.941235313414072
PROGRESS    Completed epoch 522 / 2000;    current loss: 0.2026117593050003
INFO Gradient norm: 22.618758111152417
PROGRESS    Completed epoch 523 / 2000;    current loss: 0.20354491472244263
INFO Gradient norm: 18.62869175319314
PROGRESS    Completed epoch 524 / 2000;    current loss: 0.20186538994312286
INFO Gradient norm: 23.3393387183883
PROGRESS    Completed epoch 525 / 2000;    current loss: 0.20434162020683289
INFO Gradient norm: 19.55579282865402
PROGRESS    Completed epoch 526 / 2000;    current loss: 0.2024471014738083
INFO Gradient norm: 23.43171419618487
PROGRESS    Completed epoch 527 / 2000;    current loss: 0.2039167284965515
INFO Gradient norm: 19.568681050351177
PROGRESS    Completed epoch 528 / 2000;    current loss: 0.20220772922039032
INFO Gradient norm: 22.54744335711226
PROGRESS    Completed epoch 529 / 2000;    current loss: 0.20388160645961761
INFO Gradient norm: 18.931509010143124
PROGRESS    Completed epoch 530 / 2000;    current loss: 0.20212505757808685
INFO Gradient norm: 23.73365110781554
PROGRESS    Completed epoch 531 / 2000;    current loss: 0.20399390161037445
INFO Gradient norm: 19.403355320015045
PROGRESS    Completed epoch 532 / 2000;    current loss: 0.20209164917469025
INFO Gradient norm: 23.035146025677832
PROGRESS    Completed epoch 533 / 2000;    current loss: 0.20412364602088928
INFO Gradient norm: 19.629800092595964
PROGRESS    Completed epoch 534 / 2000;    current loss: 0.2024299055337906
INFO Gradient norm: 22.935129812926625
PROGRESS    Completed epoch 535 / 2000;    current loss: 0.20361989736557007
INFO Gradient norm: 18.881490421013204
PROGRESS    Completed epoch 536 / 2000;    current loss: 0.20186345279216766
INFO Gradient norm: 23.12949529502394
PROGRESS    Completed epoch 537 / 2000;    current loss: 0.20413877069950104
INFO Gradient norm: 19.46003128877672
PROGRESS    Completed epoch 538 / 2000;    current loss: 0.2023010104894638
INFO Gradient norm: 23.029834213041475
PROGRESS    Completed epoch 539 / 2000;    current loss: 0.20364029705524445
INFO Gradient norm: 19.00567802024182
PROGRESS    Completed epoch 540 / 2000;    current loss: 0.20190539956092834
INFO Gradient norm: 22.921429494406425
PROGRESS    Completed epoch 541 / 2000;    current loss: 0.2040250152349472
INFO Gradient norm: 19.29638065541553
PROGRESS    Completed epoch 542 / 2000;    current loss: 0.20222468674182892
INFO Gradient norm: 23.29285915726021
PROGRESS    Completed epoch 543 / 2000;    current loss: 0.2037341296672821
INFO Gradient norm: 19.040600418087067
PROGRESS    Completed epoch 544 / 2000;    current loss: 0.2019105851650238
INFO Gradient norm: 23.163311793357618
PROGRESS    Completed epoch 545 / 2000;    current loss: 0.20417019724845886
INFO Gradient norm: 19.649644962926494
PROGRESS    Completed epoch 546 / 2000;    current loss: 0.20241917669773102
INFO Gradient norm: 23.00018455951816
PROGRESS    Completed epoch 547 / 2000;    current loss: 0.20366019010543823
INFO Gradient norm: 19.042876451629134
PROGRESS    Completed epoch 548 / 2000;    current loss: 0.20194250345230103
INFO Gradient norm: 22.938676571648287
PROGRESS    Completed epoch 549 / 2000;    current loss: 0.2040405124425888
INFO Gradient norm: 19.255765105350097
PROGRESS    Completed epoch 550 / 2000;    current loss: 0.20222896337509155
INFO Gradient norm: 23.468247598865457
PROGRESS    Completed epoch 551 / 2000;    current loss: 0.20383907854557037
INFO Gradient norm: 19.473433341476692
PROGRESS    Completed epoch 552 / 2000;    current loss: 0.20206809043884277
INFO Gradient norm: 22.591745855211286
PROGRESS    Completed epoch 553 / 2000;    current loss: 0.20382148027420044
INFO Gradient norm: 19.050724786783466
PROGRESS    Completed epoch 554 / 2000;    current loss: 0.2020813524723053
INFO Gradient norm: 23.409035462529125
PROGRESS    Completed epoch 555 / 2000;    current loss: 0.20374098420143127
INFO Gradient norm: 19.093751884050395
PROGRESS    Completed epoch 556 / 2000;    current loss: 0.20186354219913483
INFO Gradient norm: 22.959349300443158
PROGRESS    Completed epoch 557 / 2000;    current loss: 0.20398177206516266
INFO Gradient norm: 19.550957884869128
PROGRESS    Completed epoch 558 / 2000;    current loss: 0.20229053497314453
INFO Gradient norm: 22.706012171926922
PROGRESS    Completed epoch 559 / 2000;    current loss: 0.2034156769514084
INFO Gradient norm: 18.729441306144757
PROGRESS    Completed epoch 560 / 2000;    current loss: 0.20170800387859344
INFO Gradient norm: 22.899607560705498
PROGRESS    Completed epoch 561 / 2000;    current loss: 0.20391717553138733
INFO Gradient norm: 19.26374104285808
PROGRESS    Completed epoch 562 / 2000;    current loss: 0.20211000740528107
INFO Gradient norm: 22.978558059958782
PROGRESS    Completed epoch 563 / 2000;    current loss: 0.20351369678974152
INFO Gradient norm: 18.93458788547628
PROGRESS    Completed epoch 564 / 2000;    current loss: 0.20177431404590607
INFO Gradient norm: 22.813341329877996
PROGRESS    Completed epoch 565 / 2000;    current loss: 0.20388086140155792
INFO Gradient norm: 19.235426389975462
PROGRESS    Completed epoch 566 / 2000;    current loss: 0.20211005210876465
INFO Gradient norm: 23.092831527190537
PROGRESS    Completed epoch 567 / 2000;    current loss: 0.2035677582025528
INFO Gradient norm: 19.131785034992276
PROGRESS    Completed epoch 568 / 2000;    current loss: 0.20183487236499786
INFO Gradient norm: 22.569208574685852
PROGRESS    Completed epoch 569 / 2000;    current loss: 0.2037183940410614
INFO Gradient norm: 19.016240119909384
PROGRESS    Completed epoch 570 / 2000;    current loss: 0.20197835564613342
INFO Gradient norm: 23.053431192642492
PROGRESS    Completed epoch 571 / 2000;    current loss: 0.20351563394069672
INFO Gradient norm: 18.69434910329374
PROGRESS    Completed epoch 572 / 2000;    current loss: 0.2016821801662445
INFO Gradient norm: 23.27057964657323
PROGRESS    Completed epoch 573 / 2000;    current loss: 0.20412611961364746
INFO Gradient norm: 19.796375267930568
PROGRESS    Completed epoch 574 / 2000;    current loss: 0.20238186419010162
INFO Gradient norm: 22.594245599316054
PROGRESS    Completed epoch 575 / 2000;    current loss: 0.20336531102657318
INFO Gradient norm: 18.7532226357788
PROGRESS    Completed epoch 576 / 2000;    current loss: 0.2017248570919037
INFO Gradient norm: 22.845115792927214
PROGRESS    Completed epoch 577 / 2000;    current loss: 0.2038956582546234
INFO Gradient norm: 19.0875877292728
PROGRESS    Completed epoch 578 / 2000;    current loss: 0.202049121260643
INFO Gradient norm: 23.47888479989321
PROGRESS    Completed epoch 579 / 2000;    current loss: 0.2037542760372162
INFO Gradient norm: 19.549689712757214
PROGRESS    Completed epoch 580 / 2000;    current loss: 0.20200617611408234
INFO Gradient norm: 22.29876604300762
PROGRESS    Completed epoch 581 / 2000;    current loss: 0.20356625318527222
INFO Gradient norm: 18.80201777696095
PROGRESS    Completed epoch 582 / 2000;    current loss: 0.20188312232494354
INFO Gradient norm: 23.362604875195306
PROGRESS    Completed epoch 583 / 2000;    current loss: 0.20363610982894897
INFO Gradient norm: 19.17815428652758
PROGRESS    Completed epoch 584 / 2000;    current loss: 0.2017805427312851
INFO Gradient norm: 22.622925102548635
PROGRESS    Completed epoch 585 / 2000;    current loss: 0.20367902517318726
INFO Gradient norm: 19.193904704976752
PROGRESS    Completed epoch 586 / 2000;    current loss: 0.2019743174314499
INFO Gradient norm: 22.340346482235713
PROGRESS    Completed epoch 587 / 2000;    current loss: 0.20314034819602966
INFO Gradient norm: 17.99768607760117
PROGRESS    Completed epoch 588 / 2000;    current loss: 0.2013627141714096
INFO Gradient norm: 23.54720731784388
PROGRESS    Completed epoch 589 / 2000;    current loss: 0.20422868430614471
INFO Gradient norm: 19.94283876746806
PROGRESS    Completed epoch 590 / 2000;    current loss: 0.20239771902561188
INFO Gradient norm: 22.40276422563315
PROGRESS    Completed epoch 591 / 2000;    current loss: 0.2032213658094406
INFO Gradient norm: 18.772853009712545
PROGRESS    Completed epoch 592 / 2000;    current loss: 0.20166783034801483
INFO Gradient norm: 22.536385436867814
PROGRESS    Completed epoch 593 / 2000;    current loss: 0.20366469025611877
INFO Gradient norm: 18.720013684437426
PROGRESS    Completed epoch 594 / 2000;    current loss: 0.2018275409936905
INFO Gradient norm: 23.687777414874198
PROGRESS    Completed epoch 595 / 2000;    current loss: 0.2037910521030426
INFO Gradient norm: 19.713162144869344
PROGRESS    Completed epoch 596 / 2000;    current loss: 0.2020183801651001
INFO Gradient norm: 22.06596037422126
PROGRESS    Completed epoch 597 / 2000;    current loss: 0.2033911943435669
INFO Gradient norm: 18.683106008614697
PROGRESS    Completed epoch 598 / 2000;    current loss: 0.20178179442882538
INFO Gradient norm: 23.17382048585969
PROGRESS    Completed epoch 599 / 2000;    current loss: 0.20352694392204285
INFO Gradient norm: 18.93827289308236
PROGRESS    Completed epoch 600 / 2000;    current loss: 0.20166151225566864
INFO Gradient norm: 22.658673633005503
PROGRESS    Completed epoch 601 / 2000;    current loss: 0.2036675661802292
INFO Gradient norm: 19.2476165138855
PROGRESS    Completed epoch 602 / 2000;    current loss: 0.20197242498397827
INFO Gradient norm: 22.541280608870192
PROGRESS    Completed epoch 603 / 2000;    current loss: 0.20313933491706848
INFO Gradient norm: 18.494067890818474
PROGRESS    Completed epoch 604 / 2000;    current loss: 0.20141181349754333
INFO Gradient norm: 22.93647888799049
PROGRESS    Completed epoch 605 / 2000;    current loss: 0.20378078520298004
INFO Gradient norm: 19.41496087047337
PROGRESS    Completed epoch 606 / 2000;    current loss: 0.2020195722579956
INFO Gradient norm: 22.56081273307181
PROGRESS    Completed epoch 607 / 2000;    current loss: 0.20313259959220886
INFO Gradient norm: 18.762290868284698
PROGRESS    Completed epoch 608 / 2000;    current loss: 0.20150718092918396
INFO Gradient norm: 22.41856635364424
PROGRESS    Completed epoch 609 / 2000;    current loss: 0.203471377491951
INFO Gradient norm: 18.759920419503143
PROGRESS    Completed epoch 610 / 2000;    current loss: 0.201679527759552
INFO Gradient norm: 22.979970742828176
PROGRESS    Completed epoch 611 / 2000;    current loss: 0.20331691205501556
INFO Gradient norm: 18.761738111287396
PROGRESS    Completed epoch 612 / 2000;    current loss: 0.20152652263641357
INFO Gradient norm: 22.706041518940573
PROGRESS    Completed epoch 613 / 2000;    current loss: 0.2036534696817398
INFO Gradient norm: 19.312149446494164
PROGRESS    Completed epoch 614 / 2000;    current loss: 0.2019868642091751
INFO Gradient norm: 22.489350184566113
PROGRESS    Completed epoch 615 / 2000;    current loss: 0.20314010977745056
INFO Gradient norm: 18.59495233928682
PROGRESS    Completed epoch 616 / 2000;    current loss: 0.2014853060245514
INFO Gradient norm: 22.59198141690116
PROGRESS    Completed epoch 617 / 2000;    current loss: 0.2035885602235794
INFO Gradient norm: 18.952551820768328
PROGRESS    Completed epoch 618 / 2000;    current loss: 0.20180965960025787
INFO Gradient norm: 22.997056916920638
PROGRESS    Completed epoch 619 / 2000;    current loss: 0.20334205031394958
INFO Gradient norm: 19.111421703742163
PROGRESS    Completed epoch 620 / 2000;    current loss: 0.20164643228054047
INFO Gradient norm: 22.139635980144437
PROGRESS    Completed epoch 621 / 2000;    current loss: 0.20332393050193787
INFO Gradient norm: 18.640203505732124
PROGRESS    Completed epoch 622 / 2000;    current loss: 0.20162729918956757
INFO Gradient norm: 23.017662251359273
PROGRESS    Completed epoch 623 / 2000;    current loss: 0.20330514013767242
INFO Gradient norm: 18.949134503863664
PROGRESS    Completed epoch 624 / 2000;    current loss: 0.20150825381278992
INFO Gradient norm: 22.259493561274322
PROGRESS    Completed epoch 625 / 2000;    current loss: 0.2033054530620575
INFO Gradient norm: 18.972571022453604
PROGRESS    Completed epoch 626 / 2000;    current loss: 0.2016984522342682
INFO Gradient norm: 22.342028372800296
PROGRESS    Completed epoch 627 / 2000;    current loss: 0.20293833315372467
INFO Gradient norm: 18.207492904128575
PROGRESS    Completed epoch 628 / 2000;    current loss: 0.20120492577552795
INFO Gradient norm: 22.88089786730021
PROGRESS    Completed epoch 629 / 2000;    current loss: 0.20365968346595764
INFO Gradient norm: 19.296164743951227
PROGRESS    Completed epoch 630 / 2000;    current loss: 0.2018672227859497
INFO Gradient norm: 22.468061452057796
PROGRESS    Completed epoch 631 / 2000;    current loss: 0.20299048721790314
INFO Gradient norm: 18.741762835094388
PROGRESS    Completed epoch 632 / 2000;    current loss: 0.20138384401798248
INFO Gradient norm: 22.158661409550508
PROGRESS    Completed epoch 633 / 2000;    current loss: 0.2032204568386078
INFO Gradient norm: 18.524539011722272
PROGRESS    Completed epoch 634 / 2000;    current loss: 0.20145997405052185
INFO Gradient norm: 22.761769378644757
PROGRESS    Completed epoch 635 / 2000;    current loss: 0.20312049984931946
INFO Gradient norm: 18.529803001792327
PROGRESS    Completed epoch 636 / 2000;    current loss: 0.20133361220359802
INFO Gradient norm: 22.6656165939083
PROGRESS    Completed epoch 637 / 2000;    current loss: 0.2035408765077591
INFO Gradient norm: 19.27650340790457
PROGRESS    Completed epoch 638 / 2000;    current loss: 0.2018677145242691
INFO Gradient norm: 22.269432304192545
PROGRESS    Completed epoch 639 / 2000;    current loss: 0.2029438614845276
INFO Gradient norm: 18.4295352264209
PROGRESS    Completed epoch 640 / 2000;    current loss: 0.2013145387172699
INFO Gradient norm: 22.434245048680147
PROGRESS    Completed epoch 641 / 2000;    current loss: 0.2034103125333786
INFO Gradient norm: 18.790729006653557
PROGRESS    Completed epoch 642 / 2000;    current loss: 0.2016419768333435
INFO Gradient norm: 22.92632048027811
PROGRESS    Completed epoch 643 / 2000;    current loss: 0.20322099328041077
INFO Gradient norm: 19.07324478766422
PROGRESS    Completed epoch 644 / 2000;    current loss: 0.20152752101421356
INFO Gradient norm: 21.94114561738174
PROGRESS    Completed epoch 645 / 2000;    current loss: 0.2031221091747284
INFO Gradient norm: 18.481562424005833
PROGRESS    Completed epoch 646 / 2000;    current loss: 0.20146071910858154
INFO Gradient norm: 22.86627086263777
PROGRESS    Completed epoch 647 / 2000;    current loss: 0.2031409740447998
INFO Gradient norm: 18.810562338647863
PROGRESS    Completed epoch 648 / 2000;    current loss: 0.20136331021785736
INFO Gradient norm: 22.14639241514792
PROGRESS    Completed epoch 649 / 2000;    current loss: 0.20316588878631592
INFO Gradient norm: 18.762112561334835
PROGRESS    Completed epoch 650 / 2000;    current loss: 0.20149964094161987
INFO Gradient norm: 22.070034643787956
PROGRESS    Completed epoch 651 / 2000;    current loss: 0.20273208618164062
INFO Gradient norm: 17.748846434966033
PROGRESS    Completed epoch 652 / 2000;    current loss: 0.20097236335277557
INFO Gradient norm: 23.143254808052376
PROGRESS    Completed epoch 653 / 2000;    current loss: 0.20374183356761932
INFO Gradient norm: 19.636507701242255
PROGRESS    Completed epoch 654 / 2000;    current loss: 0.20198236405849457
INFO Gradient norm: 21.99125050009563
PROGRESS    Completed epoch 655 / 2000;    current loss: 0.20275574922561646
INFO Gradient norm: 18.426834145365508
PROGRESS    Completed epoch 656 / 2000;    current loss: 0.20125485956668854
INFO Gradient norm: 22.15877371848445
PROGRESS    Completed epoch 657 / 2000;    current loss: 0.20319582521915436
INFO Gradient norm: 18.386243663347972
PROGRESS    Completed epoch 658 / 2000;    current loss: 0.20140421390533447
INFO Gradient norm: 23.309075085264823
PROGRESS    Completed epoch 659 / 2000;    current loss: 0.20334486663341522
INFO Gradient norm: 19.419122184656572
PROGRESS    Completed epoch 660 / 2000;    current loss: 0.20160825550556183
INFO Gradient norm: 21.66893562659494
PROGRESS    Completed epoch 661 / 2000;    current loss: 0.20292270183563232
INFO Gradient norm: 18.349122782748932
PROGRESS    Completed epoch 662 / 2000;    current loss: 0.20134693384170532
INFO Gradient norm: 22.79303222535074
PROGRESS    Completed epoch 663 / 2000;    current loss: 0.20305794477462769
INFO Gradient norm: 18.615061101891424
PROGRESS    Completed epoch 664 / 2000;    current loss: 0.2012331634759903
INFO Gradient norm: 22.301594630346422
PROGRESS    Completed epoch 665 / 2000;    current loss: 0.2032117396593094
INFO Gradient norm: 18.942456342353843
PROGRESS    Completed epoch 666 / 2000;    current loss: 0.20154555141925812
INFO Gradient norm: 22.166936614376073
PROGRESS    Completed epoch 667 / 2000;    current loss: 0.20267188549041748
INFO Gradient norm: 18.086020737913923
PROGRESS    Completed epoch 668 / 2000;    current loss: 0.20096969604492188
INFO Gradient norm: 22.500475606562663
PROGRESS    Completed epoch 669 / 2000;    current loss: 0.20327401161193848
INFO Gradient norm: 19.027572891294977
PROGRESS    Completed epoch 670 / 2000;    current loss: 0.20156513154506683
INFO Gradient norm: 22.102006130737845
PROGRESS    Completed epoch 671 / 2000;    current loss: 0.20265509188175201
INFO Gradient norm: 18.395223942623574
PROGRESS    Completed epoch 672 / 2000;    current loss: 0.20106934010982513
INFO Gradient norm: 21.940689932437767
PROGRESS    Completed epoch 673 / 2000;    current loss: 0.20294751226902008
INFO Gradient norm: 18.356323552426243
PROGRESS    Completed epoch 674 / 2000;    current loss: 0.20122864842414856
INFO Gradient norm: 22.63386210510993
PROGRESS    Completed epoch 675 / 2000;    current loss: 0.20284977555274963
INFO Gradient norm: 18.43954756581937
PROGRESS    Completed epoch 676 / 2000;    current loss: 0.201096773147583
INFO Gradient norm: 22.354959817535757
PROGRESS    Completed epoch 677 / 2000;    current loss: 0.20320382714271545
INFO Gradient norm: 19.02262920629999
PROGRESS    Completed epoch 678 / 2000;    current loss: 0.2015807181596756
INFO Gradient norm: 22.04234386391416
PROGRESS    Completed epoch 679 / 2000;    current loss: 0.20265693962574005
INFO Gradient norm: 18.22698714273768
PROGRESS    Completed epoch 680 / 2000;    current loss: 0.20103849470615387
INFO Gradient norm: 22.20174652172175
PROGRESS    Completed epoch 681 / 2000;    current loss: 0.203115314245224
INFO Gradient norm: 18.595944444392437
PROGRESS    Completed epoch 682 / 2000;    current loss: 0.20137770473957062
INFO Gradient norm: 22.63580039404422
PROGRESS    Completed epoch 683 / 2000;    current loss: 0.20289310812950134
INFO Gradient norm: 18.8380918558351
PROGRESS    Completed epoch 684 / 2000;    current loss: 0.20123863220214844
INFO Gradient norm: 21.705739311057698
PROGRESS    Completed epoch 685 / 2000;    current loss: 0.20282196998596191
INFO Gradient norm: 18.27538616297436
PROGRESS    Completed epoch 686 / 2000;    current loss: 0.2011781483888626
INFO Gradient norm: 22.638952190024046
PROGRESS    Completed epoch 687 / 2000;    current loss: 0.20282471179962158
INFO Gradient norm: 18.620854192464705
PROGRESS    Completed epoch 688 / 2000;    current loss: 0.2010711133480072
INFO Gradient norm: 21.88849230536224
PROGRESS    Completed epoch 689 / 2000;    current loss: 0.20283855497837067
INFO Gradient norm: 18.665863130594577
PROGRESS    Completed epoch 690 / 2000;    current loss: 0.20127958059310913
INFO Gradient norm: 21.76191281186432
PROGRESS    Completed epoch 691 / 2000;    current loss: 0.20240141451358795
INFO Gradient norm: 17.747660641271924
PROGRESS    Completed epoch 692 / 2000;    current loss: 0.20073996484279633
INFO Gradient norm: 22.398757237422497
PROGRESS    Completed epoch 693 / 2000;    current loss: 0.20312710106372833
INFO Gradient norm: 18.859992375082143
PROGRESS    Completed epoch 694 / 2000;    current loss: 0.2013840228319168
INFO Gradient norm: 22.04382367856284
PROGRESS    Completed epoch 695 / 2000;    current loss: 0.20251423120498657
INFO Gradient norm: 18.423505292805032
PROGRESS    Completed epoch 696 / 2000;    current loss: 0.20096427202224731
INFO Gradient norm: 21.60900178650176
PROGRESS    Completed epoch 697 / 2000;    current loss: 0.2026684731245041
INFO Gradient norm: 18.06619913247029
PROGRESS    Completed epoch 698 / 2000;    current loss: 0.2009826898574829
INFO Gradient norm: 22.369289249839756
PROGRESS    Completed epoch 699 / 2000;    current loss: 0.20264379680156708
INFO Gradient norm: 18.15917065980317
PROGRESS    Completed epoch 700 / 2000;    current loss: 0.2008899599313736
INFO Gradient norm: 22.319702157271024
PROGRESS    Completed epoch 701 / 2000;    current loss: 0.2030889093875885
INFO Gradient norm: 19.016802726417907
PROGRESS    Completed epoch 702 / 2000;    current loss: 0.20147183537483215
INFO Gradient norm: 21.75484026829419
PROGRESS    Completed epoch 703 / 2000;    current loss: 0.2024262398481369
INFO Gradient norm: 18.04383160066942
PROGRESS    Completed epoch 704 / 2000;    current loss: 0.2008703500032425
INFO Gradient norm: 22.022644901540055
PROGRESS    Completed epoch 705 / 2000;    current loss: 0.20292754471302032
INFO Gradient norm: 18.39884979338725
PROGRESS    Completed epoch 706 / 2000;    current loss: 0.20119312405586243
INFO Gradient norm: 22.565412469788903
PROGRESS    Completed epoch 707 / 2000;    current loss: 0.20276221632957458
INFO Gradient norm: 18.803243925041787
PROGRESS    Completed epoch 708 / 2000;    current loss: 0.2011232227087021
INFO Gradient norm: 21.466292014629175
PROGRESS    Completed epoch 709 / 2000;    current loss: 0.20260460674762726
INFO Gradient norm: 18.094178384060623
PROGRESS    Completed epoch 710 / 2000;    current loss: 0.20100945234298706
INFO Gradient norm: 22.467311626369405
PROGRESS    Completed epoch 711 / 2000;    current loss: 0.20265637338161469
INFO Gradient norm: 18.460855711750465
PROGRESS    Completed epoch 712 / 2000;    current loss: 0.200914666056633
INFO Gradient norm: 21.77004993701909
PROGRESS    Completed epoch 713 / 2000;    current loss: 0.20269310474395752
INFO Gradient norm: 18.464996815587448
PROGRESS    Completed epoch 714 / 2000;    current loss: 0.2010864019393921
INFO Gradient norm: 21.508289058955008
PROGRESS    Completed epoch 715 / 2000;    current loss: 0.20219823718070984
INFO Gradient norm: 17.333016266793834
PROGRESS    Completed epoch 716 / 2000;    current loss: 0.20052291452884674
INFO Gradient norm: 22.619320711731596
PROGRESS    Completed epoch 717 / 2000;    current loss: 0.20318883657455444
INFO Gradient norm: 19.136711362985366
PROGRESS    Completed epoch 718 / 2000;    current loss: 0.20146328210830688
INFO Gradient norm: 21.581040372996373
PROGRESS    Completed epoch 719 / 2000;    current loss: 0.2022804319858551
INFO Gradient norm: 18.11273467620234
PROGRESS    Completed epoch 720 / 2000;    current loss: 0.2008255422115326
INFO Gradient norm: 21.60040770564091
PROGRESS    Completed epoch 721 / 2000;    current loss: 0.20264269411563873
INFO Gradient norm: 17.927976308293918
PROGRESS    Completed epoch 722 / 2000;    current loss: 0.2009187787771225
INFO Gradient norm: 22.78773311811174
PROGRESS    Completed epoch 723 / 2000;    current loss: 0.202810138463974
INFO Gradient norm: 18.941328327319773
PROGRESS    Completed epoch 724 / 2000;    current loss: 0.20111393928527832
INFO Gradient norm: 21.217168847016534
PROGRESS    Completed epoch 725 / 2000;    current loss: 0.20242010056972504
INFO Gradient norm: 18.004295688000113
PROGRESS    Completed epoch 726 / 2000;    current loss: 0.2009163647890091
INFO Gradient norm: 22.167991429047724
PROGRESS    Completed epoch 727 / 2000;    current loss: 0.20248064398765564
INFO Gradient norm: 18.109930391625788
PROGRESS    Completed epoch 728 / 2000;    current loss: 0.20074771344661713
INFO Gradient norm: 21.80804286321323
PROGRESS    Completed epoch 729 / 2000;    current loss: 0.20266865193843842
INFO Gradient norm: 18.502275051267894
PROGRESS    Completed epoch 730 / 2000;    current loss: 0.20105190575122833
INFO Gradient norm: 21.65538023174359
PROGRESS    Completed epoch 731 / 2000;    current loss: 0.20215535163879395
INFO Gradient norm: 17.649654125026494
PROGRESS    Completed epoch 732 / 2000;    current loss: 0.20050783455371857
INFO Gradient norm: 22.095923446659324
PROGRESS    Completed epoch 733 / 2000;    current loss: 0.2028014063835144
INFO Gradient norm: 18.652001190295756
PROGRESS    Completed epoch 734 / 2000;    current loss: 0.20111612975597382
INFO Gradient norm: 21.71986973991071
PROGRESS    Completed epoch 735 / 2000;    current loss: 0.202204167842865
INFO Gradient norm: 18.131174178515778
PROGRESS    Completed epoch 736 / 2000;    current loss: 0.2006804347038269
INFO Gradient norm: 21.430023777901148
PROGRESS    Completed epoch 737 / 2000;    current loss: 0.20242413878440857
INFO Gradient norm: 17.913551788998248
PROGRESS    Completed epoch 738 / 2000;    current loss: 0.20075231790542603
INFO Gradient norm: 22.320073337568406
PROGRESS    Completed epoch 739 / 2000;    current loss: 0.20242151618003845
INFO Gradient norm: 18.199077077012074
PROGRESS    Completed epoch 740 / 2000;    current loss: 0.20068831741809845
INFO Gradient norm: 21.695027477251305
PROGRESS    Completed epoch 741 / 2000;    current loss: 0.2025703489780426
INFO Gradient norm: 18.527698612071617
PROGRESS    Completed epoch 742 / 2000;    current loss: 0.20105859637260437
INFO Gradient norm: 21.46295616518853
PROGRESS    Completed epoch 743 / 2000;    current loss: 0.20208625495433807
INFO Gradient norm: 17.698434067073517
PROGRESS    Completed epoch 744 / 2000;    current loss: 0.2005312740802765
INFO Gradient norm: 21.758852542859707
PROGRESS    Completed epoch 745 / 2000;    current loss: 0.20260250568389893
INFO Gradient norm: 18.25327781241129
PROGRESS    Completed epoch 746 / 2000;    current loss: 0.20092123746871948
INFO Gradient norm: 21.986753988630745
PROGRESS    Completed epoch 747 / 2000;    current loss: 0.20229944586753845
INFO Gradient norm: 18.32795295193758
PROGRESS    Completed epoch 748 / 2000;    current loss: 0.20073039829730988
INFO Gradient norm: 21.139334741706655
PROGRESS    Completed epoch 749 / 2000;    current loss: 0.20223233103752136
INFO Gradient norm: 13.326181865349085
PROGRESS    Completed epoch 750 / 2000;    current loss: 0.19921565055847168
INFO Gradient norm: 29.7931293094612
PROGRESS    Completed epoch 751 / 2000;    current loss: 0.20674148201942444
INFO Gradient norm: 26.885270876293458
PROGRESS    Completed epoch 752 / 2000;    current loss: 0.20517614483833313
INFO Gradient norm: 13.87473672184972
PROGRESS    Completed epoch 753 / 2000;    current loss: 0.19978773593902588
INFO Gradient norm: 12.899680177465278
PROGRESS    Completed epoch 754 / 2000;    current loss: 0.1995552033185959
INFO Gradient norm: 22.55989199240207
PROGRESS    Completed epoch 755 / 2000;    current loss: 0.20330995321273804
INFO Gradient norm: 15.083206872389914
PROGRESS    Completed epoch 756 / 2000;    current loss: 0.20033526420593262
INFO Gradient norm: 24.978412827211322
PROGRESS    Completed epoch 757 / 2000;    current loss: 0.20549824833869934
INFO Gradient norm: 22.91730185846967
PROGRESS    Completed epoch 758 / 2000;    current loss: 0.20428982377052307
INFO Gradient norm: 14.735620357598885
PROGRESS    Completed epoch 759 / 2000;    current loss: 0.20036078989505768
INFO Gradient norm: 12.631584292238607
PROGRESS    Completed epoch 760 / 2000;    current loss: 0.1997223198413849
INFO Gradient norm: 22.34941227274004
PROGRESS    Completed epoch 761 / 2000;    current loss: 0.20403993129730225
INFO Gradient norm: 16.77748039407113
PROGRESS    Completed epoch 762 / 2000;    current loss: 0.20129503309726715
INFO Gradient norm: 23.626345866062163
PROGRESS    Completed epoch 763 / 2000;    current loss: 0.20419204235076904
INFO Gradient norm: 21.071650422457317
PROGRESS    Completed epoch 764 / 2000;    current loss: 0.20298247039318085
INFO Gradient norm: 17.015907023839077
PROGRESS    Completed epoch 765 / 2000;    current loss: 0.2014717161655426
INFO Gradient norm: 14.419652017729712
PROGRESS    Completed epoch 766 / 2000;    current loss: 0.2004816234111786
INFO Gradient norm: 22.493284981296302
PROGRESS    Completed epoch 767 / 2000;    current loss: 0.20377783477306366
INFO Gradient norm: 17.28767213354856
PROGRESS    Completed epoch 768 / 2000;    current loss: 0.2014751136302948
INFO Gradient norm: 21.430636516230674
PROGRESS    Completed epoch 769 / 2000;    current loss: 0.20365867018699646
INFO Gradient norm: 19.03104294787793
PROGRESS    Completed epoch 770 / 2000;    current loss: 0.20242013037204742
INFO Gradient norm: 18.31141578553148
PROGRESS    Completed epoch 771 / 2000;    current loss: 0.20190368592739105
INFO Gradient norm: 15.059247726842743
PROGRESS    Completed epoch 772 / 2000;    current loss: 0.2006387710571289
INFO Gradient norm: 21.281816122446195
PROGRESS    Completed epoch 773 / 2000;    current loss: 0.20351241528987885
INFO Gradient norm: 17.222151875322727
PROGRESS    Completed epoch 774 / 2000;    current loss: 0.20149150490760803
INFO Gradient norm: 21.435859203286526
PROGRESS    Completed epoch 775 / 2000;    current loss: 0.2031443864107132
INFO Gradient norm: 18.249833935917575
PROGRESS    Completed epoch 776 / 2000;    current loss: 0.20172902941703796
INFO Gradient norm: 19.268732583303134
PROGRESS    Completed epoch 777 / 2000;    current loss: 0.20240962505340576
INFO Gradient norm: 16.196916150583775
PROGRESS    Completed epoch 778 / 2000;    current loss: 0.2010207325220108
INFO Gradient norm: 21.459760470668737
PROGRESS    Completed epoch 779 / 2000;    current loss: 0.20314037799835205
INFO Gradient norm: 17.460836579952737
PROGRESS    Completed epoch 780 / 2000;    current loss: 0.20137237012386322
INFO Gradient norm: 20.385199985433484
PROGRESS    Completed epoch 781 / 2000;    current loss: 0.20291560888290405
INFO Gradient norm: 17.441888107876125
PROGRESS    Completed epoch 782 / 2000;    current loss: 0.20148535072803497
INFO Gradient norm: 20.236667865563618
PROGRESS    Completed epoch 783 / 2000;    current loss: 0.20247699320316315
INFO Gradient norm: 16.524986117489217
PROGRESS    Completed epoch 784 / 2000;    current loss: 0.20093199610710144
INFO Gradient norm: 20.745830478884333
PROGRESS    Completed epoch 785 / 2000;    current loss: 0.20303213596343994
INFO Gradient norm: 17.44065137134788
PROGRESS    Completed epoch 786 / 2000;    current loss: 0.2014198750257492
INFO Gradient norm: 20.551243853100175
PROGRESS    Completed epoch 787 / 2000;    current loss: 0.20255228877067566
INFO Gradient norm: 17.234161020339425
PROGRESS    Completed epoch 788 / 2000;    current loss: 0.2011173814535141
INFO Gradient norm: 19.968288692856515
PROGRESS    Completed epoch 789 / 2000;    current loss: 0.20253801345825195
INFO Gradient norm: 16.89322174903592
PROGRESS    Completed epoch 790 / 2000;    current loss: 0.20113089680671692
INFO Gradient norm: 20.828858888090554
PROGRESS    Completed epoch 791 / 2000;    current loss: 0.20264111459255219
INFO Gradient norm: 17.135667161866685
PROGRESS    Completed epoch 792 / 2000;    current loss: 0.2010718584060669
INFO Gradient norm: 20.34868223170063
PROGRESS    Completed epoch 793 / 2000;    current loss: 0.20275264978408813
INFO Gradient norm: 17.19148696872065
PROGRESS    Completed epoch 794 / 2000;    current loss: 0.2012481838464737
INFO Gradient norm: 20.6489620801333
PROGRESS    Completed epoch 795 / 2000;    current loss: 0.2025253176689148
INFO Gradient norm: 17.125636889693382
PROGRESS    Completed epoch 796 / 2000;    current loss: 0.20101259648799896
INFO Gradient norm: 20.191732289356633
PROGRESS    Completed epoch 797 / 2000;    current loss: 0.20258736610412598
INFO Gradient norm: 16.95162562178554
PROGRESS    Completed epoch 798 / 2000;    current loss: 0.20104116201400757
INFO Gradient norm: 20.625531379855108
PROGRESS    Completed epoch 799 / 2000;    current loss: 0.20244306325912476
INFO Gradient norm: 16.716592946568237
PROGRESS    Completed epoch 800 / 2000;    current loss: 0.2008458375930786
INFO Gradient norm: 20.852275279275418
PROGRESS    Completed epoch 801 / 2000;    current loss: 0.20294414460659027
INFO Gradient norm: 17.671764173483698
PROGRESS    Completed epoch 802 / 2000;    current loss: 0.2014055699110031
INFO Gradient norm: 20.36323307529136
PROGRESS    Completed epoch 803 / 2000;    current loss: 0.20236331224441528
INFO Gradient norm: 17.035585964379724
PROGRESS    Completed epoch 804 / 2000;    current loss: 0.2009604424238205
INFO Gradient norm: 20.222700196575158
PROGRESS    Completed epoch 805 / 2000;    current loss: 0.20257733762264252
INFO Gradient norm: 16.80099531488425
PROGRESS    Completed epoch 806 / 2000;    current loss: 0.20098240673542023
INFO Gradient norm: 21.31475923917839
PROGRESS    Completed epoch 807 / 2000;    current loss: 0.2027440220117569
INFO Gradient norm: 17.760526726810586
PROGRESS    Completed epoch 808 / 2000;    current loss: 0.2011702060699463
INFO Gradient norm: 19.863009410670095
PROGRESS    Completed epoch 809 / 2000;    current loss: 0.20232424139976501
INFO Gradient norm: 16.79789949800842
PROGRESS    Completed epoch 810 / 2000;    current loss: 0.2008945494890213
INFO Gradient norm: 20.88802042232461
PROGRESS    Completed epoch 811 / 2000;    current loss: 0.20243388414382935
INFO Gradient norm: 17.130547800337435
PROGRESS    Completed epoch 812 / 2000;    current loss: 0.20081786811351776
INFO Gradient norm: 20.33187483461473
PROGRESS    Completed epoch 813 / 2000;    current loss: 0.20245036482810974
INFO Gradient norm: 17.310968197265414
PROGRESS    Completed epoch 814 / 2000;    current loss: 0.2010054886341095
INFO Gradient norm: 20.066952319604
PROGRESS    Completed epoch 815 / 2000;    current loss: 0.20199550688266754
INFO Gradient norm: 16.429787007065624
PROGRESS    Completed epoch 816 / 2000;    current loss: 0.20051638782024384
INFO Gradient norm: 20.66015837981115
PROGRESS    Completed epoch 817 / 2000;    current loss: 0.20260874927043915
INFO Gradient norm: 17.298034642603366
PROGRESS    Completed epoch 818 / 2000;    current loss: 0.20099279284477234
INFO Gradient norm: 20.647609353791434
PROGRESS    Completed epoch 819 / 2000;    current loss: 0.20222124457359314
INFO Gradient norm: 17.342369701642525
PROGRESS    Completed epoch 820 / 2000;    current loss: 0.20079948008060455
INFO Gradient norm: 19.79469681148028
PROGRESS    Completed epoch 821 / 2000;    current loss: 0.20208726823329926
INFO Gradient norm: 16.54795957900862
PROGRESS    Completed epoch 822 / 2000;    current loss: 0.20058278739452362
INFO Gradient norm: 20.798497573301177
PROGRESS    Completed epoch 823 / 2000;    current loss: 0.20223911106586456
INFO Gradient norm: 16.792239267633093
PROGRESS    Completed epoch 824 / 2000;    current loss: 0.2005983591079712
INFO Gradient norm: 20.77543818849909
PROGRESS    Completed epoch 825 / 2000;    current loss: 0.20260725915431976
INFO Gradient norm: 17.70896285084757
PROGRESS    Completed epoch 826 / 2000;    current loss: 0.20114141702651978
INFO Gradient norm: 20.133960386447225
PROGRESS    Completed epoch 827 / 2000;    current loss: 0.20197442173957825
INFO Gradient norm: 16.792951506036147
PROGRESS    Completed epoch 828 / 2000;    current loss: 0.20059537887573242
INFO Gradient norm: 20.294713337779086
PROGRESS    Completed epoch 829 / 2000;    current loss: 0.20232801139354706
INFO Gradient norm: 16.853788225195554
PROGRESS    Completed epoch 830 / 2000;    current loss: 0.2007215917110443
INFO Gradient norm: 21.200479142246966
PROGRESS    Completed epoch 831 / 2000;    current loss: 0.20240354537963867
INFO Gradient norm: 17.7291810602627
PROGRESS    Completed epoch 832 / 2000;    current loss: 0.20087963342666626
INFO Gradient norm: 19.746047699501506
PROGRESS    Completed epoch 833 / 2000;    current loss: 0.20198538899421692
INFO Gradient norm: 16.67111521244419
PROGRESS    Completed epoch 834 / 2000;    current loss: 0.200568288564682
INFO Gradient norm: 20.903812963610655
PROGRESS    Completed epoch 835 / 2000;    current loss: 0.20215833187103271
INFO Gradient norm: 17.132269982169433
PROGRESS    Completed epoch 836 / 2000;    current loss: 0.20053710043430328
INFO Gradient norm: 20.256666358502017
PROGRESS    Completed epoch 837 / 2000;    current loss: 0.20213103294372559
INFO Gradient norm: 17.249602644240465
PROGRESS    Completed epoch 838 / 2000;    current loss: 0.2007034868001938
INFO Gradient norm: 19.981063108935942
PROGRESS    Completed epoch 839 / 2000;    current loss: 0.2016812264919281
INFO Gradient norm: 16.336027856014685
PROGRESS    Completed epoch 840 / 2000;    current loss: 0.20020730793476105
INFO Gradient norm: 20.636072426900686
PROGRESS    Completed epoch 841 / 2000;    current loss: 0.20231008529663086
INFO Gradient norm: 17.28980750115239
PROGRESS    Completed epoch 842 / 2000;    current loss: 0.20071148872375488
INFO Gradient norm: 20.530874364396695
PROGRESS    Completed epoch 843 / 2000;    current loss: 0.20188766717910767
INFO Gradient norm: 17.26009193776796
PROGRESS    Completed epoch 844 / 2000;    current loss: 0.20049723982810974
INFO Gradient norm: 19.725247764875764
PROGRESS    Completed epoch 845 / 2000;    current loss: 0.20177434384822845
INFO Gradient norm: 16.489667797656246
PROGRESS    Completed epoch 846 / 2000;    current loss: 0.2002902626991272
INFO Gradient norm: 20.680467156149156
PROGRESS    Completed epoch 847 / 2000;    current loss: 0.20191054046154022
INFO Gradient norm: 16.72075869173334
PROGRESS    Completed epoch 848 / 2000;    current loss: 0.20030595362186432
INFO Gradient norm: 20.69395998253923
PROGRESS    Completed epoch 849 / 2000;    current loss: 0.20229870080947876
INFO Gradient norm: 17.632003361479804
PROGRESS    Completed epoch 850 / 2000;    current loss: 0.20083937048912048
INFO Gradient norm: 20.071539284119666
PROGRESS    Completed epoch 851 / 2000;    current loss: 0.20167768001556396
INFO Gradient norm: 16.749509656961727
PROGRESS    Completed epoch 852 / 2000;    current loss: 0.20031392574310303
INFO Gradient norm: 20.201630637809316
PROGRESS    Completed epoch 853 / 2000;    current loss: 0.20201250910758972
INFO Gradient norm: 16.785502422112522
PROGRESS    Completed epoch 854 / 2000;    current loss: 0.200435608625412
INFO Gradient norm: 21.117343030303047
PROGRESS    Completed epoch 855 / 2000;    current loss: 0.2020823210477829
INFO Gradient norm: 17.636284594284387
PROGRESS    Completed epoch 856 / 2000;    current loss: 0.20058423280715942
INFO Gradient norm: 19.696197042520957
PROGRESS    Completed epoch 857 / 2000;    current loss: 0.2016938179731369
INFO Gradient norm: 16.644309117338295
PROGRESS    Completed epoch 858 / 2000;    current loss: 0.20029959082603455
INFO Gradient norm: 20.785204267685664
PROGRESS    Completed epoch 859 / 2000;    current loss: 0.20183774828910828
INFO Gradient norm: 17.034778327612827
PROGRESS    Completed epoch 860 / 2000;    current loss: 0.20024609565734863
INFO Gradient norm: 20.191752708891865
PROGRESS    Completed epoch 861 / 2000;    current loss: 0.20183917880058289
INFO Gradient norm: 17.136274406139503
PROGRESS    Completed epoch 862 / 2000;    current loss: 0.20039904117584229
INFO Gradient norm: 19.93599882189026
PROGRESS    Completed epoch 863 / 2000;    current loss: 0.2013913094997406
INFO Gradient norm: 16.30633502165607
PROGRESS    Completed epoch 864 / 2000;    current loss: 0.1999412626028061
INFO Gradient norm: 20.51965011802857
PROGRESS    Completed epoch 865 / 2000;    current loss: 0.20198212563991547
INFO Gradient norm: 17.209437725789677
PROGRESS    Completed epoch 866 / 2000;    current loss: 0.20041893422603607
INFO Gradient norm: 20.41776330699701
PROGRESS    Completed epoch 867 / 2000;    current loss: 0.20156970620155334
INFO Gradient norm: 17.147289753775965
PROGRESS    Completed epoch 868 / 2000;    current loss: 0.20019200444221497
INFO Gradient norm: 19.67744738533361
PROGRESS    Completed epoch 869 / 2000;    current loss: 0.2014848291873932
INFO Gradient norm: 16.48646282965211
PROGRESS    Completed epoch 870 / 2000;    current loss: 0.20003417134284973
INFO Gradient norm: 20.702540156800058
PROGRESS    Completed epoch 871 / 2000;    current loss: 0.20163822174072266
INFO Gradient norm: 16.942799359717657
PROGRESS    Completed epoch 872 / 2000;    current loss: 0.20007970929145813
INFO Gradient norm: 20.160784424902182
PROGRESS    Completed epoch 873 / 2000;    current loss: 0.20170627534389496
INFO Gradient norm: 17.140027090377338
PROGRESS    Completed epoch 874 / 2000;    current loss: 0.20029589533805847
INFO Gradient norm: 20.140297268128393
PROGRESS    Completed epoch 875 / 2000;    current loss: 0.20135384798049927
INFO Gradient norm: 16.679264259053554
PROGRESS    Completed epoch 876 / 2000;    current loss: 0.19993554055690765
INFO Gradient norm: 20.061548323254936
PROGRESS    Completed epoch 877 / 2000;    current loss: 0.20160149037837982
INFO Gradient norm: 16.894232746244352
PROGRESS    Completed epoch 878 / 2000;    current loss: 0.20012398064136505
INFO Gradient norm: 20.407975687055533
PROGRESS    Completed epoch 879 / 2000;    current loss: 0.20141656696796417
INFO Gradient norm: 16.86425003383183
PROGRESS    Completed epoch 880 / 2000;    current loss: 0.19995622336864471
INFO Gradient norm: 20.056718380199552
PROGRESS    Completed epoch 881 / 2000;    current loss: 0.20156444609165192
INFO Gradient norm: 16.882404627704272
PROGRESS    Completed epoch 882 / 2000;    current loss: 0.20009563863277435
INFO Gradient norm: 20.45550532933964
PROGRESS    Completed epoch 883 / 2000;    current loss: 0.20139861106872559
INFO Gradient norm: 16.76152548123012
PROGRESS    Completed epoch 884 / 2000;    current loss: 0.1999058574438095
INFO Gradient norm: 20.200169611901185
PROGRESS    Completed epoch 885 / 2000;    current loss: 0.20162257552146912
INFO Gradient norm: 17.11666182359262
PROGRESS    Completed epoch 886 / 2000;    current loss: 0.20020148158073425
INFO Gradient norm: 20.203276501747656
PROGRESS    Completed epoch 887 / 2000;    current loss: 0.20131345093250275
INFO Gradient norm: 16.80665206723293
PROGRESS    Completed epoch 888 / 2000;    current loss: 0.19990970194339752
INFO Gradient norm: 19.95619056014915
PROGRESS    Completed epoch 889 / 2000;    current loss: 0.20147475600242615
INFO Gradient norm: 16.723297840780244
PROGRESS    Completed epoch 890 / 2000;    current loss: 0.1999977082014084
INFO Gradient norm: 20.625260913225322
PROGRESS    Completed epoch 891 / 2000;    current loss: 0.2014247626066208
INFO Gradient norm: 17.14584815635038
PROGRESS    Completed epoch 892 / 2000;    current loss: 0.19996070861816406
INFO Gradient norm: 19.716880422195885
PROGRESS    Completed epoch 893 / 2000;    current loss: 0.201273113489151
INFO Gradient norm: 16.650296950849842
PROGRESS    Completed epoch 894 / 2000;    current loss: 0.19986635446548462
INFO Gradient norm: 20.17751576582128
PROGRESS    Completed epoch 895 / 2000;    current loss: 0.20116667449474335
INFO Gradient norm: 16.247111140118168
PROGRESS    Completed epoch 896 / 2000;    current loss: 0.19963020086288452
INFO Gradient norm: 20.68927692615465
PROGRESS    Completed epoch 897 / 2000;    current loss: 0.20177306234836578
INFO Gradient norm: 17.569388648663917
PROGRESS    Completed epoch 898 / 2000;    current loss: 0.2003055214881897
INFO Gradient norm: 19.877881332371313
PROGRESS    Completed epoch 899 / 2000;    current loss: 0.20107725262641907
INFO Gradient norm: 16.697173113898195
PROGRESS    Completed epoch 900 / 2000;    current loss: 0.19978488981723785
INFO Gradient norm: 19.862060410095513
PROGRESS    Completed epoch 901 / 2000;    current loss: 0.20132829248905182
INFO Gradient norm: 16.469303236924443
PROGRESS    Completed epoch 902 / 2000;    current loss: 0.19980701804161072
INFO Gradient norm: 21.030929241674716
PROGRESS    Completed epoch 903 / 2000;    current loss: 0.2015383094549179
INFO Gradient norm: 17.534993181801404
PROGRESS    Completed epoch 904 / 2000;    current loss: 0.2000454068183899
INFO Gradient norm: 19.516303336927535
PROGRESS    Completed epoch 905 / 2000;    current loss: 0.20109818875789642
INFO Gradient norm: 16.561813218307876
PROGRESS    Completed epoch 906 / 2000;    current loss: 0.19977377355098724
INFO Gradient norm: 20.433400760626185
PROGRESS    Completed epoch 907 / 2000;    current loss: 0.2011866569519043
INFO Gradient norm: 16.717694296359113
PROGRESS    Completed epoch 908 / 2000;    current loss: 0.19963952898979187
INFO Gradient norm: 20.10452568407576
PROGRESS    Completed epoch 909 / 2000;    current loss: 0.20130068063735962
INFO Gradient norm: 17.03752386940964
PROGRESS    Completed epoch 910 / 2000;    current loss: 0.1998668611049652
INFO Gradient norm: 19.599839038951163
PROGRESS    Completed epoch 911 / 2000;    current loss: 0.20077411830425262
INFO Gradient norm: 15.909478361452539
PROGRESS    Completed epoch 912 / 2000;    current loss: 0.19935652613639832
INFO Gradient norm: 20.6095621197359
PROGRESS    Completed epoch 913 / 2000;    current loss: 0.2015809267759323
INFO Gradient norm: 17.31318226558265
PROGRESS    Completed epoch 914 / 2000;    current loss: 0.20004400610923767
INFO Gradient norm: 20.135797274159664
PROGRESS    Completed epoch 915 / 2000;    current loss: 0.20102176070213318
INFO Gradient norm: 17.007901927113288
PROGRESS    Completed epoch 916 / 2000;    current loss: 0.1997479498386383
INFO Gradient norm: 19.528363857404464
PROGRESS    Completed epoch 917 / 2000;    current loss: 0.20101024210453033
INFO Gradient norm: 16.264265283103914
PROGRESS    Completed epoch 918 / 2000;    current loss: 0.19957630336284637
INFO Gradient norm: 20.940949888970376
PROGRESS    Completed epoch 919 / 2000;    current loss: 0.2013372927904129
INFO Gradient norm: 17.316407197727365
PROGRESS    Completed epoch 920 / 2000;    current loss: 0.19981665909290314
INFO Gradient norm: 19.62323399251917
PROGRESS    Completed epoch 921 / 2000;    current loss: 0.20101211965084076
INFO Gradient norm: 16.72348607107512
PROGRESS    Completed epoch 922 / 2000;    current loss: 0.1997106671333313
INFO Gradient norm: 20.105195796020023
PROGRESS    Completed epoch 923 / 2000;    current loss: 0.20091864466667175
INFO Gradient norm: 16.493134468833333
PROGRESS    Completed epoch 924 / 2000;    current loss: 0.1994413584470749
INFO Gradient norm: 20.029476084651417
PROGRESS    Completed epoch 925 / 2000;    current loss: 0.2011331468820572
INFO Gradient norm: 16.887913375643368
PROGRESS    Completed epoch 926 / 2000;    current loss: 0.19968181848526
INFO Gradient norm: 20.06900273644656
PROGRESS    Completed epoch 927 / 2000;    current loss: 0.20079590380191803
INFO Gradient norm: 16.489510243633166
PROGRESS    Completed epoch 928 / 2000;    current loss: 0.19936567544937134
INFO Gradient norm: 20.055116463183598
PROGRESS    Completed epoch 929 / 2000;    current loss: 0.2010970562696457
INFO Gradient norm: 16.93659167603108
PROGRESS    Completed epoch 930 / 2000;    current loss: 0.1996704339981079
INFO Gradient norm: 20.095615424480695
PROGRESS    Completed epoch 931 / 2000;    current loss: 0.20079012215137482
INFO Gradient norm: 16.770442689005332
PROGRESS    Completed epoch 932 / 2000;    current loss: 0.19943135976791382
INFO Gradient norm: 19.629553293614105
PROGRESS    Completed epoch 933 / 2000;    current loss: 0.2008426934480667
INFO Gradient norm: 16.45338158374533
PROGRESS    Completed epoch 934 / 2000;    current loss: 0.19941744208335876
INFO Gradient norm: 20.47085785142464
PROGRESS    Completed epoch 935 / 2000;    current loss: 0.20087453722953796
INFO Gradient norm: 16.699785630040427
PROGRESS    Completed epoch 936 / 2000;    current loss: 0.1993681639432907
INFO Gradient norm: 19.663949355550784
PROGRESS    Completed epoch 937 / 2000;    current loss: 0.20087438821792603
INFO Gradient norm: 13.159240715014565
PROGRESS    Completed epoch 938 / 2000;    current loss: 0.19838038086891174
INFO Gradient norm: 25.16167801334113
PROGRESS    Completed epoch 939 / 2000;    current loss: 0.203424334526062
INFO Gradient norm: 22.911055070846032
PROGRESS    Completed epoch 940 / 2000;    current loss: 0.20236502587795258
INFO Gradient norm: 13.025370708888735
PROGRESS    Completed epoch 941 / 2000;    current loss: 0.1986074000597
INFO Gradient norm: 11.788778518152242
PROGRESS    Completed epoch 942 / 2000;    current loss: 0.19829902052879333
INFO Gradient norm: 20.417831244506676
PROGRESS    Completed epoch 943 / 2000;    current loss: 0.20147408545017242
INFO Gradient norm: 14.368241297132217
PROGRESS    Completed epoch 944 / 2000;    current loss: 0.19916899502277374
INFO Gradient norm: 21.299497981712904
PROGRESS    Completed epoch 945 / 2000;    current loss: 0.2024141252040863
INFO Gradient norm: 19.450018180490883
PROGRESS    Completed epoch 946 / 2000;    current loss: 0.20146054029464722
INFO Gradient norm: 14.18163808419075
PROGRESS    Completed epoch 947 / 2000;    current loss: 0.19919027388095856
INFO Gradient norm: 12.089753034284362
PROGRESS    Completed epoch 948 / 2000;    current loss: 0.1985245794057846
INFO Gradient norm: 19.496677362876667
PROGRESS    Completed epoch 949 / 2000;    current loss: 0.2014598399400711
INFO Gradient norm: 14.938586845704203
PROGRESS    Completed epoch 950 / 2000;    current loss: 0.19941240549087524
INFO Gradient norm: 20.295851520621646
PROGRESS    Completed epoch 951 / 2000;    current loss: 0.20153853297233582
INFO Gradient norm: 17.68977896781848
PROGRESS    Completed epoch 952 / 2000;    current loss: 0.20045913755893707
INFO Gradient norm: 16.36837010712194
PROGRESS    Completed epoch 953 / 2000;    current loss: 0.20010772347450256
INFO Gradient norm: 13.899942800970887
PROGRESS    Completed epoch 954 / 2000;    current loss: 0.19918838143348694
INFO Gradient norm: 19.69430894515344
PROGRESS    Completed epoch 955 / 2000;    current loss: 0.20138151943683624
INFO Gradient norm: 15.70447600862305
PROGRESS    Completed epoch 956 / 2000;    current loss: 0.19977661967277527
INFO Gradient norm: 18.70518295315909
PROGRESS    Completed epoch 957 / 2000;    current loss: 0.2011914849281311
INFO Gradient norm: 16.322508141185555
PROGRESS    Completed epoch 958 / 2000;    current loss: 0.20012950897216797
INFO Gradient norm: 17.46668937439439
PROGRESS    Completed epoch 959 / 2000;    current loss: 0.2004462480545044
INFO Gradient norm: 14.490641357936601
PROGRESS    Completed epoch 960 / 2000;    current loss: 0.19932419061660767
INFO Gradient norm: 18.70484622437653
PROGRESS    Completed epoch 961 / 2000;    current loss: 0.20114806294441223
INFO Gradient norm: 15.444078639005927
PROGRESS    Completed epoch 962 / 2000;    current loss: 0.19971899688243866
INFO Gradient norm: 19.01333068116374
PROGRESS    Completed epoch 963 / 2000;    current loss: 0.20099100470542908
INFO Gradient norm: 16.234688771463418
PROGRESS    Completed epoch 964 / 2000;    current loss: 0.1998339146375656
INFO Gradient norm: 17.32292037517893
PROGRESS    Completed epoch 965 / 2000;    current loss: 0.20042608678340912
INFO Gradient norm: 14.52905649476839
PROGRESS    Completed epoch 966 / 2000;    current loss: 0.19926369190216064
INFO Gradient norm: 19.239267152999496
PROGRESS    Completed epoch 967 / 2000;    current loss: 0.20095771551132202
INFO Gradient norm: 15.824045957242562
PROGRESS    Completed epoch 968 / 2000;    current loss: 0.19954629242420197
INFO Gradient norm: 17.964800056042733
PROGRESS    Completed epoch 969 / 2000;    current loss: 0.20059725642204285
INFO Gradient norm: 15.520730512367223
PROGRESS    Completed epoch 970 / 2000;    current loss: 0.199536994099617
INFO Gradient norm: 17.664432349736614
PROGRESS    Completed epoch 971 / 2000;    current loss: 0.200245201587677
INFO Gradient norm: 14.41569228977245
PROGRESS    Completed epoch 972 / 2000;    current loss: 0.19904597103595734
INFO Gradient norm: 18.667847957905778
PROGRESS    Completed epoch 973 / 2000;    current loss: 0.200935959815979
INFO Gradient norm: 15.66037057825611
PROGRESS    Completed epoch 974 / 2000;    current loss: 0.19959767162799835
INFO Gradient norm: 18.281773659203594
PROGRESS    Completed epoch 975 / 2000;    current loss: 0.20047128200531006
INFO Gradient norm: 15.575357311545734
PROGRESS    Completed epoch 976 / 2000;    current loss: 0.19939003884792328
INFO Gradient norm: 17.43746265867421
PROGRESS    Completed epoch 977 / 2000;    current loss: 0.2002863734960556
INFO Gradient norm: 14.514345310717465
PROGRESS    Completed epoch 978 / 2000;    current loss: 0.19906312227249146
INFO Gradient norm: 18.863270963244094
PROGRESS    Completed epoch 979 / 2000;    current loss: 0.20066125690937042
INFO Gradient norm: 15.354949793911802
PROGRESS    Completed epoch 980 / 2000;    current loss: 0.1993049830198288
INFO Gradient norm: 18.24570138060682
PROGRESS    Completed epoch 981 / 2000;    current loss: 0.20070186257362366
INFO Gradient norm: 15.667231018867165
PROGRESS    Completed epoch 982 / 2000;    current loss: 0.1995759755373001
INFO Gradient norm: 17.87848720465566
PROGRESS    Completed epoch 983 / 2000;    current loss: 0.2003065049648285
INFO Gradient norm: 14.911128871521555
PROGRESS    Completed epoch 984 / 2000;    current loss: 0.19917543232440948
INFO Gradient norm: 18.100158623737205
PROGRESS    Completed epoch 985 / 2000;    current loss: 0.200615793466568
INFO Gradient norm: 15.097292030361363
PROGRESS    Completed epoch 986 / 2000;    current loss: 0.1993325650691986
INFO Gradient norm: 18.70394480657008
PROGRESS    Completed epoch 987 / 2000;    current loss: 0.20060105621814728
INFO Gradient norm: 15.764395409153847
PROGRESS    Completed epoch 988 / 2000;    current loss: 0.19940966367721558
INFO Gradient norm: 17.415310612082088
PROGRESS    Completed epoch 989 / 2000;    current loss: 0.20023758709430695
INFO Gradient norm: 14.689331071734797
PROGRESS    Completed epoch 990 / 2000;    current loss: 0.1990911066532135
INFO Gradient norm: 18.66354959755215
PROGRESS    Completed epoch 991 / 2000;    current loss: 0.20048020780086517
INFO Gradient norm: 15.424947401205607
PROGRESS    Completed epoch 992 / 2000;    current loss: 0.19917967915534973
INFO Gradient norm: 17.764042304209273
PROGRESS    Completed epoch 993 / 2000;    current loss: 0.20028840005397797
INFO Gradient norm: 15.29746558263059
PROGRESS    Completed epoch 994 / 2000;    current loss: 0.19924156367778778
INFO Gradient norm: 17.606701470235432
PROGRESS    Completed epoch 995 / 2000;    current loss: 0.20001685619354248
INFO Gradient norm: 14.483154962531529
PROGRESS    Completed epoch 996 / 2000;    current loss: 0.19885806739330292
INFO Gradient norm: 18.20154824283784
PROGRESS    Completed epoch 997 / 2000;    current loss: 0.20050391554832458
INFO Gradient norm: 15.2737865391968
PROGRESS    Completed epoch 998 / 2000;    current loss: 0.1992301493883133
INFO Gradient norm: 18.14587123952991
PROGRESS    Completed epoch 999 / 2000;    current loss: 0.20020925998687744
INFO Gradient norm: 15.38494502141283
PROGRESS    Completed epoch 1000 / 2000;    current loss: 0.19911454617977142
INFO Gradient norm: 17.270233220417833
PROGRESS    Completed epoch 1001 / 2000;    current loss: 0.20000438392162323
INFO Gradient norm: 14.464326488496475
PROGRESS    Completed epoch 1002 / 2000;    current loss: 0.19883966445922852
INFO Gradient norm: 18.38610851051501
PROGRESS    Completed epoch 1003 / 2000;    current loss: 0.20026057958602905
INFO Gradient norm: 14.9610593413862
PROGRESS    Completed epoch 1004 / 2000;    current loss: 0.1989654302597046
INFO Gradient norm: 18.108977927753827
PROGRESS    Completed epoch 1005 / 2000;    current loss: 0.20044153928756714
INFO Gradient norm: 15.498015558686193
PROGRESS    Completed epoch 1006 / 2000;    current loss: 0.19931122660636902
INFO Gradient norm: 17.655347275406513
PROGRESS    Completed epoch 1007 / 2000;    current loss: 0.20001626014709473
INFO Gradient norm: 14.799019072833792
PROGRESS    Completed epoch 1008 / 2000;    current loss: 0.19893862307071686
INFO Gradient norm: 17.770585071306076
PROGRESS    Completed epoch 1009 / 2000;    current loss: 0.20026253163814545
INFO Gradient norm: 14.815438458064609
PROGRESS    Completed epoch 1010 / 2000;    current loss: 0.19900298118591309
INFO Gradient norm: 18.519590265704085
PROGRESS    Completed epoch 1011 / 2000;    current loss: 0.2003203183412552
INFO Gradient norm: 15.594467112648275
PROGRESS    Completed epoch 1012 / 2000;    current loss: 0.19914376735687256
INFO Gradient norm: 17.19899545549937
PROGRESS    Completed epoch 1013 / 2000;    current loss: 0.19992929697036743
INFO Gradient norm: 14.5537184793811
PROGRESS    Completed epoch 1014 / 2000;    current loss: 0.1988375335931778
INFO Gradient norm: 18.341889306166166
PROGRESS    Completed epoch 1015 / 2000;    current loss: 0.20014367997646332
INFO Gradient norm: 15.149920517683446
PROGRESS    Completed epoch 1016 / 2000;    current loss: 0.19888265430927277
INFO Gradient norm: 17.587551202900677
PROGRESS    Completed epoch 1017 / 2000;    current loss: 0.20001138746738434
INFO Gradient norm: 15.129138932412358
PROGRESS    Completed epoch 1018 / 2000;    current loss: 0.1989687830209732
INFO Gradient norm: 17.36842532359155
PROGRESS    Completed epoch 1019 / 2000;    current loss: 0.1997225135564804
INFO Gradient norm: 14.320644784011687
PROGRESS    Completed epoch 1020 / 2000;    current loss: 0.1985924392938614
INFO Gradient norm: 17.94069640662352
PROGRESS    Completed epoch 1021 / 2000;    current loss: 0.2001792937517166
INFO Gradient norm: 15.058387342184696
PROGRESS    Completed epoch 1022 / 2000;    current loss: 0.1989452838897705
INFO Gradient norm: 17.930645050995626
PROGRESS    Completed epoch 1023 / 2000;    current loss: 0.19991296529769897
INFO Gradient norm: 15.194088322157661
PROGRESS    Completed epoch 1024 / 2000;    current loss: 0.19884151220321655
INFO Gradient norm: 17.044457760827413
PROGRESS    Completed epoch 1025 / 2000;    current loss: 0.1997058391571045
INFO Gradient norm: 14.289730541739784
PROGRESS    Completed epoch 1026 / 2000;    current loss: 0.19857415556907654
INFO Gradient norm: 18.101523050895906
PROGRESS    Completed epoch 1027 / 2000;    current loss: 0.19993934035301208
INFO Gradient norm: 14.731975689488614
PROGRESS    Completed epoch 1028 / 2000;    current loss: 0.1986846923828125
INFO Gradient norm: 17.9079752170509
PROGRESS    Completed epoch 1029 / 2000;    current loss: 0.20014435052871704
INFO Gradient norm: 15.327863567265776
PROGRESS    Completed epoch 1030 / 2000;    current loss: 0.19903936982154846
INFO Gradient norm: 17.41050902682515
PROGRESS    Completed epoch 1031 / 2000;    current loss: 0.19971227645874023
INFO Gradient norm: 14.614731962968559
PROGRESS    Completed epoch 1032 / 2000;    current loss: 0.1986662745475769
INFO Gradient norm: 17.51533427784506
PROGRESS    Completed epoch 1033 / 2000;    current loss: 0.19994717836380005
INFO Gradient norm: 14.593127622876727
PROGRESS    Completed epoch 1034 / 2000;    current loss: 0.19871492683887482
INFO Gradient norm: 18.289156359317627
PROGRESS    Completed epoch 1035 / 2000;    current loss: 0.2000158578157425
INFO Gradient norm: 15.405569455041217
PROGRESS    Completed epoch 1036 / 2000;    current loss: 0.19886831939220428
INFO Gradient norm: 16.96880960014378
PROGRESS    Completed epoch 1037 / 2000;    current loss: 0.19963616132736206
INFO Gradient norm: 14.374869114972375
PROGRESS    Completed epoch 1038 / 2000;    current loss: 0.19857090711593628
INFO Gradient norm: 18.055327706019277
PROGRESS    Completed epoch 1039 / 2000;    current loss: 0.1998281031847
INFO Gradient norm: 14.917317444498645
PROGRESS    Completed epoch 1040 / 2000;    current loss: 0.19859151542186737
INFO Gradient norm: 17.376892357739088
PROGRESS    Completed epoch 1041 / 2000;    current loss: 0.19971191883087158
INFO Gradient norm: 14.949104460596962
PROGRESS    Completed epoch 1042 / 2000;    current loss: 0.19869928061962128
INFO Gradient norm: 17.118727180866713
PROGRESS    Completed epoch 1043 / 2000;    current loss: 0.1994173526763916
INFO Gradient norm: 14.12668387820604
PROGRESS    Completed epoch 1044 / 2000;    current loss: 0.19832883775234222
INFO Gradient norm: 17.693913784329332
PROGRESS    Completed epoch 1045 / 2000;    current loss: 0.19987350702285767
INFO Gradient norm: 14.840597225827802
PROGRESS    Completed epoch 1046 / 2000;    current loss: 0.1986599862575531
INFO Gradient norm: 17.704850133789837
PROGRESS    Completed epoch 1047 / 2000;    current loss: 0.19962872564792633
INFO Gradient norm: 15.016650403143952
PROGRESS    Completed epoch 1048 / 2000;    current loss: 0.198579341173172
INFO Gradient norm: 16.805577552155757
PROGRESS    Completed epoch 1049 / 2000;    current loss: 0.1994156539440155
INFO Gradient norm: 14.099067345582492
PROGRESS    Completed epoch 1050 / 2000;    current loss: 0.19830383360385895
INFO Gradient norm: 17.84983385115654
PROGRESS    Completed epoch 1051 / 2000;    current loss: 0.19963820278644562
INFO Gradient norm: 14.531550736937838
PROGRESS    Completed epoch 1052 / 2000;    current loss: 0.19841213524341583
INFO Gradient norm: 17.66019262672242
PROGRESS    Completed epoch 1053 / 2000;    current loss: 0.1998293101787567
INFO Gradient norm: 15.124430941949232
PROGRESS    Completed epoch 1054 / 2000;    current loss: 0.19875821471214294
INFO Gradient norm: 17.149196026919704
PROGRESS    Completed epoch 1055 / 2000;    current loss: 0.19940835237503052
INFO Gradient norm: 14.396218553602424
PROGRESS    Completed epoch 1056 / 2000;    current loss: 0.19838480651378632
INFO Gradient norm: 17.274101903438684
PROGRESS    Completed epoch 1057 / 2000;    current loss: 0.1996372640132904
INFO Gradient norm: 14.404229090171519
PROGRESS    Completed epoch 1058 / 2000;    current loss: 0.1984625607728958
INFO Gradient norm: 18.028546225204973
PROGRESS    Completed epoch 1059 / 2000;    current loss: 0.19970758259296417
INFO Gradient norm: 15.20696785519591
PROGRESS    Completed epoch 1060 / 2000;    current loss: 0.19860297441482544
INFO Gradient norm: 16.731083401185728
PROGRESS    Completed epoch 1061 / 2000;    current loss: 0.19933301210403442
INFO Gradient norm: 14.174515637453366
PROGRESS    Completed epoch 1062 / 2000;    current loss: 0.1982875019311905
INFO Gradient norm: 17.80050634758831
PROGRESS    Completed epoch 1063 / 2000;    current loss: 0.19952599704265594
INFO Gradient norm: 14.709859431413948
PROGRESS    Completed epoch 1064 / 2000;    current loss: 0.19832873344421387
INFO Gradient norm: 17.14375078662752
PROGRESS    Completed epoch 1065 / 2000;    current loss: 0.19941088557243347
INFO Gradient norm: 14.808731157701006
PROGRESS    Completed epoch 1066 / 2000;    current loss: 0.19845855236053467
INFO Gradient norm: 16.8250767256666
PROGRESS    Completed epoch 1067 / 2000;    current loss: 0.1991156041622162
INFO Gradient norm: 13.912802652211804
PROGRESS    Completed epoch 1068 / 2000;    current loss: 0.19806145131587982
INFO Gradient norm: 17.4499858071715
PROGRESS    Completed epoch 1069 / 2000;    current loss: 0.19957129657268524
INFO Gradient norm: 14.623359838023308
PROGRESS    Completed epoch 1070 / 2000;    current loss: 0.19838427007198334
INFO Gradient norm: 17.501787749433795
PROGRESS    Completed epoch 1071 / 2000;    current loss: 0.19934754073619843
INFO Gradient norm: 14.859921598594093
PROGRESS    Completed epoch 1072 / 2000;    current loss: 0.19832640886306763
INFO Gradient norm: 16.5419534115169
PROGRESS    Completed epoch 1073 / 2000;    current loss: 0.19911283254623413
INFO Gradient norm: 13.8933286138728
PROGRESS    Completed epoch 1074 / 2000;    current loss: 0.1980396956205368
INFO Gradient norm: 17.64064909250144
PROGRESS    Completed epoch 1075 / 2000;    current loss: 0.1993488073348999
INFO Gradient norm: 14.354091221124362
PROGRESS    Completed epoch 1076 / 2000;    current loss: 0.19815167784690857
INFO Gradient norm: 17.41198960798143
PROGRESS    Completed epoch 1077 / 2000;    current loss: 0.19951830804347992
INFO Gradient norm: 14.945783739353988
PROGRESS    Completed epoch 1078 / 2000;    current loss: 0.19849395751953125
INFO Gradient norm: 16.85947359253249
PROGRESS    Completed epoch 1079 / 2000;    current loss: 0.19908596575260162
INFO Gradient norm: 14.156983947839375
PROGRESS    Completed epoch 1080 / 2000;    current loss: 0.19810117781162262
INFO Gradient norm: 17.047903597258934
PROGRESS    Completed epoch 1081 / 2000;    current loss: 0.19934199750423431
INFO Gradient norm: 14.215629878678557
PROGRESS    Completed epoch 1082 / 2000;    current loss: 0.1981818526983261
INFO Gradient norm: 17.773966907097073
PROGRESS    Completed epoch 1083 / 2000;    current loss: 0.19940629601478577
INFO Gradient norm: 15.006056655970418
PROGRESS    Completed epoch 1084 / 2000;    current loss: 0.19832049310207367
INFO Gradient norm: 16.46570342878701
PROGRESS    Completed epoch 1085 / 2000;    current loss: 0.1990203708410263
INFO Gradient norm: 13.963016603818843
PROGRESS    Completed epoch 1086 / 2000;    current loss: 0.19800956547260284
INFO Gradient norm: 17.544258464109944
PROGRESS    Completed epoch 1087 / 2000;    current loss: 0.19921167194843292
INFO Gradient norm: 14.499216716994205
PROGRESS    Completed epoch 1088 / 2000;    current loss: 0.19805249571800232
INFO Gradient norm: 16.91233761444606
PROGRESS    Completed epoch 1089 / 2000;    current loss: 0.1991073340177536
INFO Gradient norm: 14.696146071206124
PROGRESS    Completed epoch 1090 / 2000;    current loss: 0.19822388887405396
INFO Gradient norm: 16.50831541337415
PROGRESS    Completed epoch 1091 / 2000;    current loss: 0.19879668951034546
INFO Gradient norm: 13.67658912832584
PROGRESS    Completed epoch 1092 / 2000;    current loss: 0.1977936178445816
INFO Gradient norm: 17.19890133554245
PROGRESS    Completed epoch 1093 / 2000;    current loss: 0.19927439093589783
INFO Gradient norm: 14.380946045386471
PROGRESS    Completed epoch 1094 / 2000;    current loss: 0.19810353219509125
INFO Gradient norm: 17.314316030993368
PROGRESS    Completed epoch 1095 / 2000;    current loss: 0.1990860104560852
INFO Gradient norm: 14.736350458827138
PROGRESS    Completed epoch 1096 / 2000;    current loss: 0.19809763133525848
INFO Gradient norm: 16.248169719389136
PROGRESS    Completed epoch 1097 / 2000;    current loss: 0.19879694283008575
INFO Gradient norm: 13.669692789031993
PROGRESS    Completed epoch 1098 / 2000;    current loss: 0.19776351749897003
INFO Gradient norm: 17.455796082122053
PROGRESS    Completed epoch 1099 / 2000;    current loss: 0.19907252490520477
INFO Gradient norm: 14.174423117009887
PROGRESS    Completed epoch 1100 / 2000;    current loss: 0.19788740575313568
INFO Gradient norm: 17.2154204152966
PROGRESS    Completed epoch 1101 / 2000;    current loss: 0.19921813905239105
INFO Gradient norm: 10.779612474661244
PROGRESS    Completed epoch 1102 / 2000;    current loss: 0.19705645740032196
INFO Gradient norm: 23.728383809245557
PROGRESS    Completed epoch 1103 / 2000;    current loss: 0.20240086317062378
INFO Gradient norm: 21.465823637125276
PROGRESS    Completed epoch 1104 / 2000;    current loss: 0.2013487070798874
INFO Gradient norm: 11.347592320391794
PROGRESS    Completed epoch 1105 / 2000;    current loss: 0.19757138192653656
INFO Gradient norm: 10.934090461309147
PROGRESS    Completed epoch 1106 / 2000;    current loss: 0.1975220888853073
INFO Gradient norm: 17.384854532688372
PROGRESS    Completed epoch 1107 / 2000;    current loss: 0.19979539513587952
INFO Gradient norm: 11.694457883720293
PROGRESS    Completed epoch 1108 / 2000;    current loss: 0.19784174859523773
INFO Gradient norm: 20.281349823609414
PROGRESS    Completed epoch 1109 / 2000;    current loss: 0.20158684253692627
INFO Gradient norm: 18.30159049783931
PROGRESS    Completed epoch 1110 / 2000;    current loss: 0.20058169960975647
INFO Gradient norm: 12.633131732120841
PROGRESS    Completed epoch 1111 / 2000;    current loss: 0.19819584488868713
INFO Gradient norm: 11.447655604420111
PROGRESS    Completed epoch 1112 / 2000;    current loss: 0.1978173702955246
INFO Gradient norm: 16.795876381897326
PROGRESS    Completed epoch 1113 / 2000;    current loss: 0.19985431432724
INFO Gradient norm: 12.435099711938447
PROGRESS    Completed epoch 1114 / 2000;    current loss: 0.19812004268169403
INFO Gradient norm: 19.451777413058306
PROGRESS    Completed epoch 1115 / 2000;    current loss: 0.20078325271606445
INFO Gradient norm: 16.75705556101449
PROGRESS    Completed epoch 1116 / 2000;    current loss: 0.19964830577373505
INFO Gradient norm: 14.396742064260295
PROGRESS    Completed epoch 1117 / 2000;    current loss: 0.19890592992305756
INFO Gradient norm: 12.847825019986177
PROGRESS    Completed epoch 1118 / 2000;    current loss: 0.1983603686094284
INFO Gradient norm: 16.515964991764687
PROGRESS    Completed epoch 1119 / 2000;    current loss: 0.19963745772838593
INFO Gradient norm: 12.736349642718316
PROGRESS    Completed epoch 1120 / 2000;    current loss: 0.19827258586883545
INFO Gradient norm: 17.822520484769868
PROGRESS    Completed epoch 1121 / 2000;    current loss: 0.20041805505752563
INFO Gradient norm: 15.442546228644405
PROGRESS    Completed epoch 1122 / 2000;    current loss: 0.19931991398334503
INFO Gradient norm: 15.111620559576224
PROGRESS    Completed epoch 1123 / 2000;    current loss: 0.19905352592468262
INFO Gradient norm: 13.013343612415277
PROGRESS    Completed epoch 1124 / 2000;    current loss: 0.19829203188419342
INFO Gradient norm: 16.257881201019284
PROGRESS    Completed epoch 1125 / 2000;    current loss: 0.19959589838981628
INFO Gradient norm: 13.133603526043517
PROGRESS    Completed epoch 1126 / 2000;    current loss: 0.19831913709640503
INFO Gradient norm: 17.653454546267124
PROGRESS    Completed epoch 1127 / 2000;    current loss: 0.1999322772026062
INFO Gradient norm: 15.031238269470377
PROGRESS    Completed epoch 1128 / 2000;    current loss: 0.19883719086647034
INFO Gradient norm: 15.26528619972506
PROGRESS    Completed epoch 1129 / 2000;    current loss: 0.1990215927362442
INFO Gradient norm: 13.148659700505135
PROGRESS    Completed epoch 1130 / 2000;    current loss: 0.19815967977046967
INFO Gradient norm: 16.260935547601303
PROGRESS    Completed epoch 1131 / 2000;    current loss: 0.1992449313402176
INFO Gradient norm: 12.723497169957446
PROGRESS    Completed epoch 1132 / 2000;    current loss: 0.1980057954788208
INFO Gradient norm: 17.555776997626992
PROGRESS    Completed epoch 1133 / 2000;    current loss: 0.200035959482193
INFO Gradient norm: 15.060152573832369
PROGRESS    Completed epoch 1134 / 2000;    current loss: 0.1989338994026184
INFO Gradient norm: 15.569307579919991
PROGRESS    Completed epoch 1135 / 2000;    current loss: 0.19899414479732513
INFO Gradient norm: 13.434675062136908
PROGRESS    Completed epoch 1136 / 2000;    current loss: 0.19820909202098846
INFO Gradient norm: 16.036986497494762
PROGRESS    Completed epoch 1137 / 2000;    current loss: 0.19929446280002594
INFO Gradient norm: 13.05252306472092
PROGRESS    Completed epoch 1138 / 2000;    current loss: 0.19810311496257782
INFO Gradient norm: 17.636744896646036
PROGRESS    Completed epoch 1139 / 2000;    current loss: 0.19971676170825958
INFO Gradient norm: 14.884123134335363
PROGRESS    Completed epoch 1140 / 2000;    current loss: 0.19859503209590912
INFO Gradient norm: 15.543135281153049
PROGRESS    Completed epoch 1141 / 2000;    current loss: 0.19897645711898804
INFO Gradient norm: 13.406399003765236
PROGRESS    Completed epoch 1142 / 2000;    current loss: 0.1981116235256195
INFO Gradient norm: 16.491584015091675
PROGRESS    Completed epoch 1143 / 2000;    current loss: 0.19911067187786102
INFO Gradient norm: 13.404882695839962
PROGRESS    Completed epoch 1144 / 2000;    current loss: 0.1979382038116455
INFO Gradient norm: 16.691234042537577
PROGRESS    Completed epoch 1145 / 2000;    current loss: 0.19931522011756897
INFO Gradient norm: 14.228673342798668
PROGRESS    Completed epoch 1146 / 2000;    current loss: 0.19825159013271332
INFO Gradient norm: 15.54127272505425
PROGRESS    Completed epoch 1147 / 2000;    current loss: 0.198665589094162
INFO Gradient norm: 12.817575362569238
PROGRESS    Completed epoch 1148 / 2000;    current loss: 0.1977427750825882
INFO Gradient norm: 15.810509188243447
PROGRESS    Completed epoch 1149 / 2000;    current loss: 0.1989743560552597
INFO Gradient norm: 9.000236204793284
PROGRESS    Completed epoch 1150 / 2000;    current loss: 0.19684332609176636
INFO Gradient norm: 23.931131876143894
PROGRESS    Completed epoch 1151 / 2000;    current loss: 0.20285539329051971
INFO Gradient norm: 21.245062818826103
PROGRESS    Completed epoch 1152 / 2000;    current loss: 0.201494961977005
INFO Gradient norm: 11.012143427063393
PROGRESS    Completed epoch 1153 / 2000;    current loss: 0.1976156383752823
INFO Gradient norm: 11.301964426512704
PROGRESS    Completed epoch 1154 / 2000;    current loss: 0.19774335622787476
INFO Gradient norm: 15.479108553561533
PROGRESS    Completed epoch 1155 / 2000;    current loss: 0.19913625717163086
INFO Gradient norm: 9.948008669174355
PROGRESS    Completed epoch 1156 / 2000;    current loss: 0.19740471243858337
INFO Gradient norm: 20.259447793065878
PROGRESS    Completed epoch 1157 / 2000;    current loss: 0.2017270177602768
INFO Gradient norm: 17.711101988718664
PROGRESS    Completed epoch 1158 / 2000;    current loss: 0.20039741694927216
INFO Gradient norm: 12.81189926406785
PROGRESS    Completed epoch 1159 / 2000;    current loss: 0.19827181100845337
INFO Gradient norm: 12.134906388952444
PROGRESS    Completed epoch 1160 / 2000;    current loss: 0.1980310082435608
INFO Gradient norm: 15.101365768121456
PROGRESS    Completed epoch 1161 / 2000;    current loss: 0.19918270409107208
INFO Gradient norm: 11.06627998380665
PROGRESS    Completed epoch 1162 / 2000;    current loss: 0.1977066695690155
INFO Gradient norm: 19.243092421270752
PROGRESS    Completed epoch 1163 / 2000;    current loss: 0.200765922665596
INFO Gradient norm: 16.13306500448689
PROGRESS    Completed epoch 1164 / 2000;    current loss: 0.19939325749874115
INFO Gradient norm: 14.431962774063106
PROGRESS    Completed epoch 1165 / 2000;    current loss: 0.19888660311698914
INFO Gradient norm: 13.273963279476632
PROGRESS    Completed epoch 1166 / 2000;    current loss: 0.19846053421497345
INFO Gradient norm: 14.858713551108783
PROGRESS    Completed epoch 1167 / 2000;    current loss: 0.19896525144577026
INFO Gradient norm: 11.449881222848838
PROGRESS    Completed epoch 1168 / 2000;    current loss: 0.19780515134334564
INFO Gradient norm: 17.412692825029158
PROGRESS    Completed epoch 1169 / 2000;    current loss: 0.20022353529930115
INFO Gradient norm: 14.563281419065593
PROGRESS    Completed epoch 1170 / 2000;    current loss: 0.19892576336860657
INFO Gradient norm: 15.351678841717327
PROGRESS    Completed epoch 1171 / 2000;    current loss: 0.19908210635185242
INFO Gradient norm: 13.344014583161341
PROGRESS    Completed epoch 1172 / 2000;    current loss: 0.1983533352613449
INFO Gradient norm: 15.121883008483515
PROGRESS    Completed epoch 1173 / 2000;    current loss: 0.19914069771766663
INFO Gradient norm: 12.414257738264741
PROGRESS    Completed epoch 1174 / 2000;    current loss: 0.19810031354427338
INFO Gradient norm: 16.82561999527657
PROGRESS    Completed epoch 1175 / 2000;    current loss: 0.19967985153198242
INFO Gradient norm: 13.938914192668433
PROGRESS    Completed epoch 1176 / 2000;    current loss: 0.19853916764259338
INFO Gradient norm: 15.370798658448356
PROGRESS    Completed epoch 1177 / 2000;    current loss: 0.19921012222766876
INFO Gradient norm: 13.314514760192528
PROGRESS    Completed epoch 1178 / 2000;    current loss: 0.19836488366127014
INFO Gradient norm: 15.283062731505654
PROGRESS    Completed epoch 1179 / 2000;    current loss: 0.19901137053966522
INFO Gradient norm: 12.239851918357669
PROGRESS    Completed epoch 1180 / 2000;    current loss: 0.1979692578315735
INFO Gradient norm: 16.559143338288628
PROGRESS    Completed epoch 1181 / 2000;    current loss: 0.19977131485939026
INFO Gradient norm: 13.922660918834053
PROGRESS    Completed epoch 1182 / 2000;    current loss: 0.19865714013576508
INFO Gradient norm: 15.563274626970871
PROGRESS    Completed epoch 1183 / 2000;    current loss: 0.19915896654129028
INFO Gradient norm: 13.38804923525968
PROGRESS    Completed epoch 1184 / 2000;    current loss: 0.19835318624973297
INFO Gradient norm: 15.143583176271349
PROGRESS    Completed epoch 1185 / 2000;    current loss: 0.19911827147006989
INFO Gradient norm: 12.544612447751206
PROGRESS    Completed epoch 1186 / 2000;    current loss: 0.1981021761894226
INFO Gradient norm: 16.526744903740678
PROGRESS    Completed epoch 1187 / 2000;    current loss: 0.19947519898414612
INFO Gradient norm: 13.671444883902764
PROGRESS    Completed epoch 1188 / 2000;    current loss: 0.19835877418518066
INFO Gradient norm: 15.407708348103675
PROGRESS    Completed epoch 1189 / 2000;    current loss: 0.19913353025913239
INFO Gradient norm: 13.279211891930316
PROGRESS    Completed epoch 1190 / 2000;    current loss: 0.1982516348361969
INFO Gradient norm: 15.046908814557266
PROGRESS    Completed epoch 1191 / 2000;    current loss: 0.19884511828422546
INFO Gradient norm: 12.095582568175368
PROGRESS    Completed epoch 1192 / 2000;    current loss: 0.19785287976264954
INFO Gradient norm: 16.417115721537947
PROGRESS    Completed epoch 1193 / 2000;    current loss: 0.19963109493255615
INFO Gradient norm: 13.755625396283158
PROGRESS    Completed epoch 1194 / 2000;    current loss: 0.19853048026561737
INFO Gradient norm: 15.538221431501311
PROGRESS    Completed epoch 1195 / 2000;    current loss: 0.1990940272808075
INFO Gradient norm: 13.369968503744413
PROGRESS    Completed epoch 1196 / 2000;    current loss: 0.19828194379806519
INFO Gradient norm: 14.99493226374593
PROGRESS    Completed epoch 1197 / 2000;    current loss: 0.19899776577949524
INFO Gradient norm: 12.454903706456152
PROGRESS    Completed epoch 1198 / 2000;    current loss: 0.19802139699459076
INFO Gradient norm: 16.33780371155477
PROGRESS    Completed epoch 1199 / 2000;    current loss: 0.19935733079910278
INFO Gradient norm: 13.487866055418143
PROGRESS    Completed epoch 1200 / 2000;    current loss: 0.19826975464820862
INFO Gradient norm: 15.362749726768012
PROGRESS    Completed epoch 1201 / 2000;    current loss: 0.19907823204994202
INFO Gradient norm: 13.232672966424648
PROGRESS    Completed epoch 1202 / 2000;    current loss: 0.19820670783519745
INFO Gradient norm: 15.247725027238456
PROGRESS    Completed epoch 1203 / 2000;    current loss: 0.1988297998905182
INFO Gradient norm: 12.59536284225773
PROGRESS    Completed epoch 1204 / 2000;    current loss: 0.1978442370891571
INFO Gradient norm: 15.751992129882979
PROGRESS    Completed epoch 1205 / 2000;    current loss: 0.19913284480571747
INFO Gradient norm: 13.29574790599122
PROGRESS    Completed epoch 1206 / 2000;    current loss: 0.19812555611133575
INFO Gradient norm: 15.23634968490274
PROGRESS    Completed epoch 1207 / 2000;    current loss: 0.19878235459327698
INFO Gradient norm: 12.703401363376125
PROGRESS    Completed epoch 1208 / 2000;    current loss: 0.19789999723434448
INFO Gradient norm: 15.499170730463593
PROGRESS    Completed epoch 1209 / 2000;    current loss: 0.19906780123710632
INFO Gradient norm: 12.97354560212718
PROGRESS    Completed epoch 1210 / 2000;    current loss: 0.1980666071176529
INFO Gradient norm: 15.765312050743741
PROGRESS    Completed epoch 1211 / 2000;    current loss: 0.19900794327259064
INFO Gradient norm: 13.26431549910361
PROGRESS    Completed epoch 1212 / 2000;    current loss: 0.19807469844818115
INFO Gradient norm: 15.08438159193877
PROGRESS    Completed epoch 1213 / 2000;    current loss: 0.19885583221912384
INFO Gradient norm: 12.7761511168638
PROGRESS    Completed epoch 1214 / 2000;    current loss: 0.1979435682296753
INFO Gradient norm: 15.623117809078405
PROGRESS    Completed epoch 1215 / 2000;    current loss: 0.19888755679130554
INFO Gradient norm: 12.923089381099901
PROGRESS    Completed epoch 1216 / 2000;    current loss: 0.19787868857383728
INFO Gradient norm: 15.35715376438196
PROGRESS    Completed epoch 1217 / 2000;    current loss: 0.19887712597846985
INFO Gradient norm: 13.153487389652133
PROGRESS    Completed epoch 1218 / 2000;    current loss: 0.19799929857254028
INFO Gradient norm: 15.093342138550879
PROGRESS    Completed epoch 1219 / 2000;    current loss: 0.19861912727355957
INFO Gradient norm: 12.466014116445486
PROGRESS    Completed epoch 1220 / 2000;    current loss: 0.19769690930843353
INFO Gradient norm: 15.563991802433593
PROGRESS    Completed epoch 1221 / 2000;    current loss: 0.1989656239748001
INFO Gradient norm: 13.03381017248675
PROGRESS    Completed epoch 1222 / 2000;    current loss: 0.19795288145542145
INFO Gradient norm: 15.565554604699704
PROGRESS    Completed epoch 1223 / 2000;    current loss: 0.1987716257572174
INFO Gradient norm: 13.17002428259278
PROGRESS    Completed epoch 1224 / 2000;    current loss: 0.19787655770778656
INFO Gradient norm: 14.902538199075275
PROGRESS    Completed epoch 1225 / 2000;    current loss: 0.1986149549484253
INFO Gradient norm: 12.70862435860996
PROGRESS    Completed epoch 1226 / 2000;    current loss: 0.19777649641036987
INFO Gradient norm: 15.323330866292052
PROGRESS    Completed epoch 1227 / 2000;    current loss: 0.19865459203720093
INFO Gradient norm: 12.587080382171623
PROGRESS    Completed epoch 1228 / 2000;    current loss: 0.1976817399263382
INFO Gradient norm: 15.456133197571408
PROGRESS    Completed epoch 1229 / 2000;    current loss: 0.1988564282655716
INFO Gradient norm: 13.097277226353178
PROGRESS    Completed epoch 1230 / 2000;    current loss: 0.1979077309370041
INFO Gradient norm: 15.185814729004326
PROGRESS    Completed epoch 1231 / 2000;    current loss: 0.19855761528015137
INFO Gradient norm: 12.780939476654016
PROGRESS    Completed epoch 1232 / 2000;    current loss: 0.19768142700195312
INFO Gradient norm: 15.145836890597199
PROGRESS    Completed epoch 1233 / 2000;    current loss: 0.19867348670959473
INFO Gradient norm: 12.763871734403377
PROGRESS    Completed epoch 1234 / 2000;    current loss: 0.1977386474609375
INFO Gradient norm: 15.347097602985835
PROGRESS    Completed epoch 1235 / 2000;    current loss: 0.19859960675239563
INFO Gradient norm: 12.67299943244436
PROGRESS    Completed epoch 1236 / 2000;    current loss: 0.19765597581863403
INFO Gradient norm: 15.263349306809866
PROGRESS    Completed epoch 1237 / 2000;    current loss: 0.19873230159282684
INFO Gradient norm: 12.964210583185519
PROGRESS    Completed epoch 1238 / 2000;    current loss: 0.1978365033864975
INFO Gradient norm: 15.140256573526656
PROGRESS    Completed epoch 1239 / 2000;    current loss: 0.19853781163692474
INFO Gradient norm: 12.69841085410133
PROGRESS    Completed epoch 1240 / 2000;    current loss: 0.19765964150428772
INFO Gradient norm: 15.008201033385863
PROGRESS    Completed epoch 1241 / 2000;    current loss: 0.19858680665493011
INFO Gradient norm: 12.626542020575933
PROGRESS    Completed epoch 1242 / 2000;    current loss: 0.1976601630449295
INFO Gradient norm: 15.403211942541033
PROGRESS    Completed epoch 1243 / 2000;    current loss: 0.19856607913970947
INFO Gradient norm: 12.852501733285205
PROGRESS    Completed epoch 1244 / 2000;    current loss: 0.19762589037418365
INFO Gradient norm: 15.096899117211999
PROGRESS    Completed epoch 1245 / 2000;    current loss: 0.1985739767551422
INFO Gradient norm: 12.912543658298253
PROGRESS    Completed epoch 1246 / 2000;    current loss: 0.1977163553237915
INFO Gradient norm: 14.971595543367076
PROGRESS    Completed epoch 1247 / 2000;    current loss: 0.19835485517978668
INFO Gradient norm: 12.47407491554955
PROGRESS    Completed epoch 1248 / 2000;    current loss: 0.19747565686702728
INFO Gradient norm: 15.10724108358745
PROGRESS    Completed epoch 1249 / 2000;    current loss: 0.19853191077709198
INFO Gradient norm: 12.732414114633345
PROGRESS    Completed epoch 1250 / 2000;    current loss: 0.1976042091846466
INFO Gradient norm: 15.023890313783113
PROGRESS    Completed epoch 1251 / 2000;    current loss: 0.19836904108524323
INFO Gradient norm: 12.433250150436544
PROGRESS    Completed epoch 1252 / 2000;    current loss: 0.19747355580329895
INFO Gradient norm: 15.176073867586828
PROGRESS    Completed epoch 1253 / 2000;    current loss: 0.19859331846237183
INFO Gradient norm: 12.815929935910516
PROGRESS    Completed epoch 1254 / 2000;    current loss: 0.19767752289772034
INFO Gradient norm: 15.142942775111813
PROGRESS    Completed epoch 1255 / 2000;    current loss: 0.19843654334545135
INFO Gradient norm: 12.762493632157375
PROGRESS    Completed epoch 1256 / 2000;    current loss: 0.1975846141576767
INFO Gradient norm: 14.76760572666447
PROGRESS    Completed epoch 1257 / 2000;    current loss: 0.19839738309383392
INFO Gradient norm: 12.450717990573052
PROGRESS    Completed epoch 1258 / 2000;    current loss: 0.197506383061409
INFO Gradient norm: 15.307055330012677
PROGRESS    Completed epoch 1259 / 2000;    current loss: 0.19842901825904846
INFO Gradient norm: 12.732585658731693
PROGRESS    Completed epoch 1260 / 2000;    current loss: 0.19748428463935852
INFO Gradient norm: 14.850568871165066
PROGRESS    Completed epoch 1261 / 2000;    current loss: 0.1983363777399063
INFO Gradient norm: 12.75385181771393
PROGRESS    Completed epoch 1262 / 2000;    current loss: 0.19753289222717285
INFO Gradient norm: 14.62015613714587
PROGRESS    Completed epoch 1263 / 2000;    current loss: 0.19812199473381042
INFO Gradient norm: 12.074536316191042
PROGRESS    Completed epoch 1264 / 2000;    current loss: 0.19726122915744781
INFO Gradient norm: 15.165331912575862
PROGRESS    Completed epoch 1265 / 2000;    current loss: 0.19848166406154633
INFO Gradient norm: 12.720053647737684
PROGRESS    Completed epoch 1266 / 2000;    current loss: 0.19752316176891327
INFO Gradient norm: 15.046992263093166
PROGRESS    Completed epoch 1267 / 2000;    current loss: 0.198256254196167
INFO Gradient norm: 12.764949014739724
PROGRESS    Completed epoch 1268 / 2000;    current loss: 0.1974233090877533
INFO Gradient norm: 14.467993644666368
PROGRESS    Completed epoch 1269 / 2000;    current loss: 0.19811460375785828
INFO Gradient norm: 12.321850780887328
PROGRESS    Completed epoch 1270 / 2000;    current loss: 0.19731728732585907
INFO Gradient norm: 14.980991220224466
PROGRESS    Completed epoch 1271 / 2000;    current loss: 0.19819417595863342
INFO Gradient norm: 12.320519201423105
PROGRESS    Completed epoch 1272 / 2000;    current loss: 0.19725923240184784
INFO Gradient norm: 15.021495689054701
PROGRESS    Completed epoch 1273 / 2000;    current loss: 0.19834738969802856
INFO Gradient norm: 12.766907790317125
PROGRESS    Completed epoch 1274 / 2000;    current loss: 0.19746345281600952
INFO Gradient norm: 14.744287727877088
PROGRESS    Completed epoch 1275 / 2000;    current loss: 0.19806869328022003
INFO Gradient norm: 12.349795701515433
PROGRESS    Completed epoch 1276 / 2000;    current loss: 0.19723613560199738
INFO Gradient norm: 14.733608395886876
PROGRESS    Completed epoch 1277 / 2000;    current loss: 0.19818060100078583
INFO Gradient norm: 12.419996153095001
PROGRESS    Completed epoch 1278 / 2000;    current loss: 0.19730165600776672
INFO Gradient norm: 14.968181612807308
PROGRESS    Completed epoch 1279 / 2000;    current loss: 0.19812041521072388
INFO Gradient norm: 12.463243200577985
PROGRESS    Completed epoch 1280 / 2000;    current loss: 0.19724565744400024
INFO Gradient norm: 14.706644041081882
PROGRESS    Completed epoch 1281 / 2000;    current loss: 0.1981523633003235
INFO Gradient norm: 12.499653557726235
PROGRESS    Completed epoch 1282 / 2000;    current loss: 0.19729912281036377
INFO Gradient norm: 14.74769635274613
PROGRESS    Completed epoch 1283 / 2000;    current loss: 0.19801349937915802
INFO Gradient norm: 12.183680596930365
PROGRESS    Completed epoch 1284 / 2000;    current loss: 0.19715261459350586
INFO Gradient norm: 14.860211987610995
PROGRESS    Completed epoch 1285 / 2000;    current loss: 0.1982143521308899
INFO Gradient norm: 12.594665769092007
PROGRESS    Completed epoch 1286 / 2000;    current loss: 0.19735078513622284
INFO Gradient norm: 14.696583879386022
PROGRESS    Completed epoch 1287 / 2000;    current loss: 0.198009192943573
INFO Gradient norm: 12.389697617227228
PROGRESS    Completed epoch 1288 / 2000;    current loss: 0.19719968736171722
INFO Gradient norm: 14.474985488316875
PROGRESS    Completed epoch 1289 / 2000;    current loss: 0.19802868366241455
INFO Gradient norm: 12.185762020309856
PROGRESS    Completed epoch 1290 / 2000;    current loss: 0.19716468453407288
INFO Gradient norm: 14.935829652742692
PROGRESS    Completed epoch 1291 / 2000;    current loss: 0.19803699851036072
INFO Gradient norm: 12.433684329317133
PROGRESS    Completed epoch 1292 / 2000;    current loss: 0.1971367597579956
INFO Gradient norm: 14.670273071607012
PROGRESS    Completed epoch 1293 / 2000;    current loss: 0.19804422557353973
INFO Gradient norm: 12.580707444139026
PROGRESS    Completed epoch 1294 / 2000;    current loss: 0.1972406953573227
INFO Gradient norm: 14.443408223383294
PROGRESS    Completed epoch 1295 / 2000;    current loss: 0.19781850278377533
INFO Gradient norm: 12.080547518922593
PROGRESS    Completed epoch 1296 / 2000;    current loss: 0.19699539244174957
INFO Gradient norm: 14.61314805223256
PROGRESS    Completed epoch 1297 / 2000;    current loss: 0.19797636568546295
INFO Gradient norm: 12.310342881332392
PROGRESS    Completed epoch 1298 / 2000;    current loss: 0.19710607826709747
INFO Gradient norm: 14.577031212353603
PROGRESS    Completed epoch 1299 / 2000;    current loss: 0.19784367084503174
INFO Gradient norm: 12.105091892946268
PROGRESS    Completed epoch 1300 / 2000;    current loss: 0.19702190160751343
INFO Gradient norm: 14.663872085448881
PROGRESS    Completed epoch 1301 / 2000;    current loss: 0.19803763926029205
INFO Gradient norm: 12.39908973591906
PROGRESS    Completed epoch 1302 / 2000;    current loss: 0.19718623161315918
INFO Gradient norm: 14.654428441489703
PROGRESS    Completed epoch 1303 / 2000;    current loss: 0.19789256155490875
INFO Gradient norm: 12.346654555656245
PROGRESS    Completed epoch 1304 / 2000;    current loss: 0.1970941424369812
INFO Gradient norm: 14.312016237202592
PROGRESS    Completed epoch 1305 / 2000;    current loss: 0.19785745441913605
INFO Gradient norm: 12.094607175706377
PROGRESS    Completed epoch 1306 / 2000;    current loss: 0.19703799486160278
INFO Gradient norm: 14.770664918770692
PROGRESS    Completed epoch 1307 / 2000;    current loss: 0.19786854088306427
INFO Gradient norm: 12.321672427059964
PROGRESS    Completed epoch 1308 / 2000;    current loss: 0.19700287282466888
INFO Gradient norm: 14.38280922879854
PROGRESS    Completed epoch 1309 / 2000;    current loss: 0.19779619574546814
INFO Gradient norm: 12.419689664207596
PROGRESS    Completed epoch 1310 / 2000;    current loss: 0.197074294090271
INFO Gradient norm: 14.115195553030668
PROGRESS    Completed epoch 1311 / 2000;    current loss: 0.19759629666805267
INFO Gradient norm: 11.709744641004884
PROGRESS    Completed epoch 1312 / 2000;    current loss: 0.19680677354335785
INFO Gradient norm: 14.645143418680107
PROGRESS    Completed epoch 1313 / 2000;    current loss: 0.19791850447654724
INFO Gradient norm: 12.272194150951023
PROGRESS    Completed epoch 1314 / 2000;    current loss: 0.19701719284057617
INFO Gradient norm: 14.618333968497698
PROGRESS    Completed epoch 1315 / 2000;    current loss: 0.19776076078414917
INFO Gradient norm: 12.408701453912414
PROGRESS    Completed epoch 1316 / 2000;    current loss: 0.1969725787639618
INFO Gradient norm: 14.003144258836127
PROGRESS    Completed epoch 1317 / 2000;    current loss: 0.19759996235370636
INFO Gradient norm: 11.896615904982996
PROGRESS    Completed epoch 1318 / 2000;    current loss: 0.1968267858028412
INFO Gradient norm: 14.486358759704723
PROGRESS    Completed epoch 1319 / 2000;    current loss: 0.19765205681324005
INFO Gradient norm: 11.89476738763687
PROGRESS    Completed epoch 1320 / 2000;    current loss: 0.19677801430225372
INFO Gradient norm: 14.575902418012708
PROGRESS    Completed epoch 1321 / 2000;    current loss: 0.19780239462852478
INFO Gradient norm: 12.41719074367321
PROGRESS    Completed epoch 1322 / 2000;    current loss: 0.19699051976203918
INFO Gradient norm: 14.182466839117506
PROGRESS    Completed epoch 1323 / 2000;    current loss: 0.19751478731632233
INFO Gradient norm: 11.838844362683025
PROGRESS    Completed epoch 1324 / 2000;    current loss: 0.19675445556640625
INFO Gradient norm: 14.34105082176317
PROGRESS    Completed epoch 1325 / 2000;    current loss: 0.19771462678909302
INFO Gradient norm: 12.082863922608906
PROGRESS    Completed epoch 1326 / 2000;    current loss: 0.19687967002391815
INFO Gradient norm: 14.482994635951085
PROGRESS    Completed epoch 1327 / 2000;    current loss: 0.19765189290046692
INFO Gradient norm: 12.204646165878232
PROGRESS    Completed epoch 1328 / 2000;    current loss: 0.19686013460159302
INFO Gradient norm: 14.023142320308585
PROGRESS    Completed epoch 1329 / 2000;    current loss: 0.19755348563194275
INFO Gradient norm: 11.894692221631319
PROGRESS    Completed epoch 1330 / 2000;    current loss: 0.1967712789773941
INFO Gradient norm: 14.395340340862308
PROGRESS    Completed epoch 1331 / 2000;    current loss: 0.1975436955690384
INFO Gradient norm: 11.947722096550923
PROGRESS    Completed epoch 1332 / 2000;    current loss: 0.1967008113861084
INFO Gradient norm: 14.376081506556567
PROGRESS    Completed epoch 1333 / 2000;    current loss: 0.19764067232608795
INFO Gradient norm: 12.30146124150089
PROGRESS    Completed epoch 1334 / 2000;    current loss: 0.19686384499073029
INFO Gradient norm: 14.043568037025597
PROGRESS    Completed epoch 1335 / 2000;    current loss: 0.19737952947616577
INFO Gradient norm: 11.818023528241737
PROGRESS    Completed epoch 1336 / 2000;    current loss: 0.196628138422966
INFO Gradient norm: 14.124868482876526
PROGRESS    Completed epoch 1337 / 2000;    current loss: 0.19750434160232544
INFO Gradient norm: 11.889540261544171
PROGRESS    Completed epoch 1338 / 2000;    current loss: 0.1966872364282608
INFO Gradient norm: 14.237927135620748
PROGRESS    Completed epoch 1339 / 2000;    current loss: 0.1974305957555771
INFO Gradient norm: 11.804287249089862
PROGRESS    Completed epoch 1340 / 2000;    current loss: 0.19663463532924652
INFO Gradient norm: 14.2578723538654
PROGRESS    Completed epoch 1341 / 2000;    current loss: 0.19757840037345886
INFO Gradient norm: 12.100571221745925
PROGRESS    Completed epoch 1342 / 2000;    current loss: 0.1967942714691162
INFO Gradient norm: 14.168795291624098
PROGRESS    Completed epoch 1343 / 2000;    current loss: 0.19742943346500397
INFO Gradient norm: 11.952874143755299
PROGRESS    Completed epoch 1344 / 2000;    current loss: 0.1966814249753952
INFO Gradient norm: 13.943499978224256
PROGRESS    Completed epoch 1345 / 2000;    current loss: 0.19742237031459808
INFO Gradient norm: 11.773643583335392
PROGRESS    Completed epoch 1346 / 2000;    current loss: 0.19663575291633606
INFO Gradient norm: 14.359959754302333
PROGRESS    Completed epoch 1347 / 2000;    current loss: 0.19742892682552338
INFO Gradient norm: 12.00392082472998
PROGRESS    Completed epoch 1348 / 2000;    current loss: 0.19659775495529175
INFO Gradient norm: 13.952459509770867
PROGRESS    Completed epoch 1349 / 2000;    current loss: 0.19734297692775726
INFO Gradient norm: 12.03630727092443
PROGRESS    Completed epoch 1350 / 2000;    current loss: 0.19664835929870605
INFO Gradient norm: 13.788827972030758
PROGRESS    Completed epoch 1351 / 2000;    current loss: 0.197174534201622
INFO Gradient norm: 11.44199471537722
PROGRESS    Completed epoch 1352 / 2000;    current loss: 0.1964181810617447
INFO Gradient norm: 14.221343793989979
PROGRESS    Completed epoch 1353 / 2000;    current loss: 0.1974465548992157
INFO Gradient norm: 11.967328777007111
PROGRESS    Completed epoch 1354 / 2000;    current loss: 0.19662298262119293
INFO Gradient norm: 14.120135601140838
PROGRESS    Completed epoch 1355 / 2000;    current loss: 0.1972712129354477
INFO Gradient norm: 11.988267405457961
PROGRESS    Completed epoch 1356 / 2000;    current loss: 0.19654063880443573
INFO Gradient norm: 13.658242715426898
PROGRESS    Completed epoch 1357 / 2000;    current loss: 0.19717708230018616
INFO Gradient norm: 11.672732182192094
PROGRESS    Completed epoch 1358 / 2000;    current loss: 0.19648313522338867
INFO Gradient norm: 14.004657321676262
PROGRESS    Completed epoch 1359 / 2000;    current loss: 0.1972065567970276
INFO Gradient norm: 11.593777152541076
PROGRESS    Completed epoch 1360 / 2000;    current loss: 0.1964060217142105
INFO Gradient norm: 14.04350560318735
PROGRESS    Completed epoch 1361 / 2000;    current loss: 0.19731423258781433
INFO Gradient norm: 11.931686877183433
PROGRESS    Completed epoch 1362 / 2000;    current loss: 0.19654051959514618
INFO Gradient norm: 13.810895905376379
PROGRESS    Completed epoch 1363 / 2000;    current loss: 0.19709540903568268
INFO Gradient norm: 11.476513755065247
PROGRESS    Completed epoch 1364 / 2000;    current loss: 0.19636747241020203
INFO Gradient norm: 14.050587850620214
PROGRESS    Completed epoch 1365 / 2000;    current loss: 0.19732193648815155
INFO Gradient norm: 11.85575145306032
PROGRESS    Completed epoch 1366 / 2000;    current loss: 0.19653768837451935
INFO Gradient norm: 14.015065141218377
PROGRESS    Completed epoch 1367 / 2000;    current loss: 0.1971934735774994
INFO Gradient norm: 11.865223599039975
PROGRESS    Completed epoch 1368 / 2000;    current loss: 0.19647815823554993
INFO Gradient norm: 13.604491967267448
PROGRESS    Completed epoch 1369 / 2000;    current loss: 0.1971231997013092
INFO Gradient norm: 11.51913082252666
PROGRESS    Completed epoch 1370 / 2000;    current loss: 0.19638365507125854
INFO Gradient norm: 14.09829918881847
PROGRESS    Completed epoch 1371 / 2000;    current loss: 0.19716203212738037
INFO Gradient norm: 11.749731816768875
PROGRESS    Completed epoch 1372 / 2000;    current loss: 0.19635702669620514
INFO Gradient norm: 13.77609020988238
PROGRESS    Completed epoch 1373 / 2000;    current loss: 0.19710825383663177
INFO Gradient norm: 11.90439493378196
PROGRESS    Completed epoch 1374 / 2000;    current loss: 0.19643941521644592
INFO Gradient norm: 13.498960433875759
PROGRESS    Completed epoch 1375 / 2000;    current loss: 0.19690901041030884
INFO Gradient norm: 11.231607173637563
PROGRESS    Completed epoch 1376 / 2000;    current loss: 0.19618849456310272
INFO Gradient norm: 13.946504573360595
PROGRESS    Completed epoch 1377 / 2000;    current loss: 0.19717583060264587
INFO Gradient norm: 11.7175571709619
PROGRESS    Completed epoch 1378 / 2000;    current loss: 0.1963755488395691
INFO Gradient norm: 13.923078943860654
PROGRESS    Completed epoch 1379 / 2000;    current loss: 0.1970355063676834
INFO Gradient norm: 11.817327756460958
PROGRESS    Completed epoch 1380 / 2000;    current loss: 0.19632039964199066
INFO Gradient norm: 13.4121610853639
PROGRESS    Completed epoch 1381 / 2000;    current loss: 0.19692154228687286
INFO Gradient norm: 11.472703805030735
PROGRESS    Completed epoch 1382 / 2000;    current loss: 0.19625210762023926
INFO Gradient norm: 13.735713485957547
PROGRESS    Completed epoch 1383 / 2000;    current loss: 0.19693386554718018
INFO Gradient norm: 11.37135701472474
PROGRESS    Completed epoch 1384 / 2000;    current loss: 0.19617244601249695
INFO Gradient norm: 13.813174954903017
PROGRESS    Completed epoch 1385 / 2000;    current loss: 0.1970546543598175
INFO Gradient norm: 11.743831459755272
PROGRESS    Completed epoch 1386 / 2000;    current loss: 0.19631043076515198
INFO Gradient norm: 13.500590296261159
PROGRESS    Completed epoch 1387 / 2000;    current loss: 0.19682972133159637
INFO Gradient norm: 11.257682134380502
PROGRESS    Completed epoch 1388 / 2000;    current loss: 0.19614458084106445
INFO Gradient norm: 13.792944228200538
PROGRESS    Completed epoch 1389 / 2000;    current loss: 0.19706130027770996
INFO Gradient norm: 11.623392109137686
PROGRESS    Completed epoch 1390 / 2000;    current loss: 0.19629564881324768
INFO Gradient norm: 13.797799762763544
PROGRESS    Completed epoch 1391 / 2000;    current loss: 0.19695860147476196
INFO Gradient norm: 11.706501894809973
PROGRESS    Completed epoch 1392 / 2000;    current loss: 0.19626384973526
INFO Gradient norm: 13.342948826111323
PROGRESS    Completed epoch 1393 / 2000;    current loss: 0.1968681663274765
INFO Gradient norm: 11.318713615693898
PROGRESS    Completed epoch 1394 / 2000;    current loss: 0.19616027176380157
INFO Gradient norm: 13.829237435857513
PROGRESS    Completed epoch 1395 / 2000;    current loss: 0.19690239429473877
INFO Gradient norm: 11.517023896073738
PROGRESS    Completed epoch 1396 / 2000;    current loss: 0.19612452387809753
INFO Gradient norm: 13.020115846991974
PROGRESS    Completed epoch 1397 / 2000;    current loss: 0.19668693840503693
INFO Gradient norm: 8.108231827558974
PROGRESS    Completed epoch 1398 / 2000;    current loss: 0.1954132616519928
INFO Gradient norm: 18.225451550573673
PROGRESS    Completed epoch 1399 / 2000;    current loss: 0.19891178607940674
INFO Gradient norm: 15.623564958222318
PROGRESS    Completed epoch 1400 / 2000;    current loss: 0.1979052573442459
INFO Gradient norm: 10.965369369751912
PROGRESS    Completed epoch 1401 / 2000;    current loss: 0.19648975133895874
INFO Gradient norm: 11.00094405134006
PROGRESS    Completed epoch 1402 / 2000;    current loss: 0.1965569108724594
INFO Gradient norm: 11.647419858807632
PROGRESS    Completed epoch 1403 / 2000;    current loss: 0.19671805202960968
INFO Gradient norm: 8.205865767905026
PROGRESS    Completed epoch 1404 / 2000;    current loss: 0.1958501785993576
INFO Gradient norm: 15.661991681726365
PROGRESS    Completed epoch 1405 / 2000;    current loss: 0.1984197497367859
INFO Gradient norm: 12.83033063522099
PROGRESS    Completed epoch 1406 / 2000;    current loss: 0.197262704372406
INFO Gradient norm: 12.70636586051936
PROGRESS    Completed epoch 1407 / 2000;    current loss: 0.19712944328784943
INFO Gradient norm: 11.671229045486562
PROGRESS    Completed epoch 1408 / 2000;    current loss: 0.19682469964027405
INFO Gradient norm: 11.785413812599863
PROGRESS    Completed epoch 1409 / 2000;    current loss: 0.19694852828979492
INFO Gradient norm: 9.613621645468946
PROGRESS    Completed epoch 1410 / 2000;    current loss: 0.19629257917404175
INFO Gradient norm: 14.210303975775858
PROGRESS    Completed epoch 1411 / 2000;    current loss: 0.19776639342308044
INFO Gradient norm: 11.414848443254153
PROGRESS    Completed epoch 1412 / 2000;    current loss: 0.19681353867053986
INFO Gradient norm: 13.138730224046641
PROGRESS    Completed epoch 1413 / 2000;    current loss: 0.19743740558624268
INFO Gradient norm: 11.688440117066285
PROGRESS    Completed epoch 1414 / 2000;    current loss: 0.19690066576004028
INFO Gradient norm: 12.010321487981605
PROGRESS    Completed epoch 1415 / 2000;    current loss: 0.1969633400440216
INFO Gradient norm: 9.87426173095752
PROGRESS    Completed epoch 1416 / 2000;    current loss: 0.196343794465065
INFO Gradient norm: 13.45096388380475
PROGRESS    Completed epoch 1417 / 2000;    current loss: 0.1975466012954712
INFO Gradient norm: 11.045988033172181
PROGRESS    Completed epoch 1418 / 2000;    current loss: 0.19668714702129364
INFO Gradient norm: 13.34057949917766
PROGRESS    Completed epoch 1419 / 2000;    current loss: 0.19742096960544586
INFO Gradient norm: 11.602699357916904
PROGRESS    Completed epoch 1420 / 2000;    current loss: 0.19682461023330688
INFO Gradient norm: 12.103436780008934
PROGRESS    Completed epoch 1421 / 2000;    current loss: 0.19699417054653168
INFO Gradient norm: 10.316595956951447
PROGRESS    Completed epoch 1422 / 2000;    current loss: 0.19639542698860168
INFO Gradient norm: 13.244268156734774
PROGRESS    Completed epoch 1423 / 2000;    current loss: 0.19728152453899384
INFO Gradient norm: 10.776929960144978
PROGRESS    Completed epoch 1424 / 2000;    current loss: 0.19645559787750244
INFO Gradient norm: 13.233292421353731
PROGRESS    Completed epoch 1425 / 2000;    current loss: 0.197296142578125
INFO Gradient norm: 11.478048221542979
PROGRESS    Completed epoch 1426 / 2000;    current loss: 0.19665642082691193
INFO Gradient norm: 12.191676938998848
PROGRESS    Completed epoch 1427 / 2000;    current loss: 0.1968570500612259
INFO Gradient norm: 10.244417830319106
PROGRESS    Completed epoch 1428 / 2000;    current loss: 0.19628213346004486
INFO Gradient norm: 13.070889793016129
PROGRESS    Completed epoch 1429 / 2000;    current loss: 0.19722628593444824
INFO Gradient norm: 10.770303387685681
PROGRESS    Completed epoch 1430 / 2000;    current loss: 0.19643527269363403
INFO Gradient norm: 13.402790528962997
PROGRESS    Completed epoch 1431 / 2000;    current loss: 0.19723227620124817
INFO Gradient norm: 11.44195413085171
PROGRESS    Completed epoch 1432 / 2000;    current loss: 0.1965726912021637
INFO Gradient norm: 12.347673270108288
PROGRESS    Completed epoch 1433 / 2000;    current loss: 0.19689840078353882
INFO Gradient norm: 10.613887160484461
PROGRESS    Completed epoch 1434 / 2000;    current loss: 0.19630146026611328
INFO Gradient norm: 12.9109997025718
PROGRESS    Completed epoch 1435 / 2000;    current loss: 0.19695959985256195
INFO Gradient norm: 10.588579368777669
PROGRESS    Completed epoch 1436 / 2000;    current loss: 0.19620245695114136
INFO Gradient norm: 13.147195445504813
PROGRESS    Completed epoch 1437 / 2000;    current loss: 0.19707003235816956
INFO Gradient norm: 11.283115839423441
PROGRESS    Completed epoch 1438 / 2000;    current loss: 0.19639843702316284
INFO Gradient norm: 12.377847903838868
PROGRESS    Completed epoch 1439 / 2000;    current loss: 0.19672216475009918
INFO Gradient norm: 10.431081291021986
PROGRESS    Completed epoch 1440 / 2000;    current loss: 0.1961379200220108
INFO Gradient norm: 12.865428964556251
PROGRESS    Completed epoch 1441 / 2000;    current loss: 0.1969527006149292
INFO Gradient norm: 10.698180647051704
PROGRESS    Completed epoch 1442 / 2000;    current loss: 0.1962076723575592
INFO Gradient norm: 13.208774377809943
PROGRESS    Completed epoch 1443 / 2000;    current loss: 0.19697771966457367
INFO Gradient norm: 11.204698393101172
PROGRESS    Completed epoch 1444 / 2000;    current loss: 0.1963057518005371
INFO Gradient norm: 11.814459263751212
PROGRESS    Completed epoch 1445 / 2000;    current loss: 0.19653165340423584
INFO Gradient norm: 7.347885282116611
PROGRESS    Completed epoch 1446 / 2000;    current loss: 0.19536995887756348
INFO Gradient norm: 16.375848806596846
PROGRESS    Completed epoch 1447 / 2000;    current loss: 0.19825971126556396
INFO Gradient norm: 14.25354234194927
PROGRESS    Completed epoch 1448 / 2000;    current loss: 0.19743666052818298
INFO Gradient norm: 9.498589614383489
PROGRESS    Completed epoch 1449 / 2000;    current loss: 0.19599686563014984
INFO Gradient norm: 9.672783261980882
PROGRESS    Completed epoch 1450 / 2000;    current loss: 0.19608743488788605
INFO Gradient norm: 10.668543356293364
PROGRESS    Completed epoch 1451 / 2000;    current loss: 0.19636142253875732
INFO Gradient norm: 7.4471667837507685
PROGRESS    Completed epoch 1452 / 2000;    current loss: 0.19559700787067413
INFO Gradient norm: 14.23512393557754
PROGRESS    Completed epoch 1453 / 2000;    current loss: 0.19775836169719696
INFO Gradient norm: 11.687430921568213
PROGRESS    Completed epoch 1454 / 2000;    current loss: 0.19678895175457
INFO Gradient norm: 11.510502975999746
PROGRESS    Completed epoch 1455 / 2000;    current loss: 0.19668738543987274
INFO Gradient norm: 10.703631780167349
PROGRESS    Completed epoch 1456 / 2000;    current loss: 0.19647830724716187
INFO Gradient norm: 10.510304676650186
PROGRESS    Completed epoch 1457 / 2000;    current loss: 0.19645951688289642
INFO Gradient norm: 8.49211877971665
PROGRESS    Completed epoch 1458 / 2000;    current loss: 0.1959204226732254
INFO Gradient norm: 13.091075027935116
PROGRESS    Completed epoch 1459 / 2000;    current loss: 0.19729284942150116
INFO Gradient norm: 10.476840343594173
PROGRESS    Completed epoch 1460 / 2000;    current loss: 0.19644518196582794
INFO Gradient norm: 11.988669086823647
PROGRESS    Completed epoch 1461 / 2000;    current loss: 0.19694723188877106
INFO Gradient norm: 10.70880445049328
PROGRESS    Completed epoch 1462 / 2000;    current loss: 0.19650806486606598
INFO Gradient norm: 10.917474727121116
PROGRESS    Completed epoch 1463 / 2000;    current loss: 0.19653944671154022
INFO Gradient norm: 9.263896796981067
PROGRESS    Completed epoch 1464 / 2000;    current loss: 0.19604456424713135
INFO Gradient norm: 11.893789348989772
PROGRESS    Completed epoch 1465 / 2000;    current loss: 0.19682779908180237
INFO Gradient norm: 9.681282235829565
PROGRESS    Completed epoch 1466 / 2000;    current loss: 0.19611288607120514
INFO Gradient norm: 12.394072686874292
PROGRESS    Completed epoch 1467 / 2000;    current loss: 0.1969330906867981
INFO Gradient norm: 10.643582567928815
PROGRESS    Completed epoch 1468 / 2000;    current loss: 0.19639143347740173
INFO Gradient norm: 11.10180973056312
PROGRESS    Completed epoch 1469 / 2000;    current loss: 0.19656041264533997
INFO Gradient norm: 9.552589675391557
PROGRESS    Completed epoch 1470 / 2000;    current loss: 0.19608871638774872
INFO Gradient norm: 11.885206991904553
PROGRESS    Completed epoch 1471 / 2000;    current loss: 0.19675134122371674
INFO Gradient norm: 9.780662900929125
PROGRESS    Completed epoch 1472 / 2000;    current loss: 0.19610480964183807
INFO Gradient norm: 11.838082652424331
PROGRESS    Completed epoch 1473 / 2000;    current loss: 0.19675278663635254
INFO Gradient norm: 10.068439826024692
PROGRESS    Completed epoch 1474 / 2000;    current loss: 0.1961555927991867
INFO Gradient norm: 11.568713678825114
PROGRESS    Completed epoch 1475 / 2000;    current loss: 0.19655969738960266
INFO Gradient norm: 9.689807325488713
PROGRESS    Completed epoch 1476 / 2000;    current loss: 0.1960284411907196
INFO Gradient norm: 11.71807484137363
PROGRESS    Completed epoch 1477 / 2000;    current loss: 0.1966952085494995
INFO Gradient norm: 9.79319460324918
PROGRESS    Completed epoch 1478 / 2000;    current loss: 0.1960838884115219
INFO Gradient norm: 12.072216986579344
PROGRESS    Completed epoch 1479 / 2000;    current loss: 0.19674186408519745
INFO Gradient norm: 10.33090368774716
PROGRESS    Completed epoch 1480 / 2000;    current loss: 0.19618934392929077
INFO Gradient norm: 11.189834310068406
PROGRESS    Completed epoch 1481 / 2000;    current loss: 0.196476012468338
INFO Gradient norm: 9.526174501985448
PROGRESS    Completed epoch 1482 / 2000;    current loss: 0.1959499567747116
INFO Gradient norm: 11.910184313767353
PROGRESS    Completed epoch 1483 / 2000;    current loss: 0.1965993195772171
INFO Gradient norm: 9.90448337315827
PROGRESS    Completed epoch 1484 / 2000;    current loss: 0.19597283005714417
INFO Gradient norm: 11.58125502900401
PROGRESS    Completed epoch 1485 / 2000;    current loss: 0.19650140404701233
INFO Gradient norm: 9.888210776533462
PROGRESS    Completed epoch 1486 / 2000;    current loss: 0.19594033062458038
INFO Gradient norm: 11.369557174652417
PROGRESS    Completed epoch 1487 / 2000;    current loss: 0.19635818898677826
INFO Gradient norm: 9.535687220885505
PROGRESS    Completed epoch 1488 / 2000;    current loss: 0.19582751393318176
INFO Gradient norm: 11.547921125408182
PROGRESS    Completed epoch 1489 / 2000;    current loss: 0.19645309448242188
INFO Gradient norm: 9.655272060710955
PROGRESS    Completed epoch 1490 / 2000;    current loss: 0.1958443522453308
INFO Gradient norm: 11.836225719838984
PROGRESS    Completed epoch 1491 / 2000;    current loss: 0.19645020365715027
INFO Gradient norm: 10.100902934895695
PROGRESS    Completed epoch 1492 / 2000;    current loss: 0.19590289890766144
INFO Gradient norm: 11.162428053725838
PROGRESS    Completed epoch 1493 / 2000;    current loss: 0.1962527483701706
INFO Gradient norm: 9.530463586672651
PROGRESS    Completed epoch 1494 / 2000;    current loss: 0.19573211669921875
INFO Gradient norm: 11.492664887984798
PROGRESS    Completed epoch 1495 / 2000;    current loss: 0.19630920886993408
INFO Gradient norm: 9.503782757117166
PROGRESS    Completed epoch 1496 / 2000;    current loss: 0.19574055075645447
INFO Gradient norm: 11.593620495275717
PROGRESS    Completed epoch 1497 / 2000;    current loss: 0.19639763236045837
INFO Gradient norm: 9.812170622020485
PROGRESS    Completed epoch 1498 / 2000;    current loss: 0.19583015143871307
INFO Gradient norm: 11.527342559439052
PROGRESS    Completed epoch 1499 / 2000;    current loss: 0.1962980180978775
INFO Gradient norm: 9.869547775273416
PROGRESS    Completed epoch 1500 / 2000;    current loss: 0.19579574465751648
INFO Gradient norm: 11.070988441872622
PROGRESS    Completed epoch 1501 / 2000;    current loss: 0.1961534321308136
INFO Gradient norm: 9.341210254996838
PROGRESS    Completed epoch 1502 / 2000;    current loss: 0.19561684131622314
INFO Gradient norm: 11.713767685994034
PROGRESS    Completed epoch 1503 / 2000;    current loss: 0.19625750184059143
INFO Gradient norm: 9.686894458205698
PROGRESS    Completed epoch 1504 / 2000;    current loss: 0.1956566721200943
INFO Gradient norm: 11.510612268318882
PROGRESS    Completed epoch 1505 / 2000;    current loss: 0.19624526798725128
INFO Gradient norm: 9.876800132519175
PROGRESS    Completed epoch 1506 / 2000;    current loss: 0.19572024047374725
INFO Gradient norm: 11.297978438923407
PROGRESS    Completed epoch 1507 / 2000;    current loss: 0.19609712064266205
INFO Gradient norm: 9.650469993418477
PROGRESS    Completed epoch 1508 / 2000;    current loss: 0.19560506939888
INFO Gradient norm: 11.134736444328263
PROGRESS    Completed epoch 1509 / 2000;    current loss: 0.19605901837348938
INFO Gradient norm: 9.30059242731659
PROGRESS    Completed epoch 1510 / 2000;    current loss: 0.19548536837100983
INFO Gradient norm: 11.599765809582314
PROGRESS    Completed epoch 1511 / 2000;    current loss: 0.19613902270793915
INFO Gradient norm: 9.639716779057654
PROGRESS    Completed epoch 1512 / 2000;    current loss: 0.19558356702327728
INFO Gradient norm: 11.313773526464068
PROGRESS    Completed epoch 1513 / 2000;    current loss: 0.19611422717571259
INFO Gradient norm: 9.6864790073416
PROGRESS    Completed epoch 1514 / 2000;    current loss: 0.19561420381069183
INFO Gradient norm: 11.26216402223991
PROGRESS    Completed epoch 1515 / 2000;    current loss: 0.19603334367275238
INFO Gradient norm: 9.553021970338058
PROGRESS    Completed epoch 1516 / 2000;    current loss: 0.19553273916244507
INFO Gradient norm: 11.110426975048437
PROGRESS    Completed epoch 1517 / 2000;    current loss: 0.19599734246730804
INFO Gradient norm: 9.344216630663226
PROGRESS    Completed epoch 1518 / 2000;    current loss: 0.1954493373632431
INFO Gradient norm: 11.537880428861543
PROGRESS    Completed epoch 1519 / 2000;    current loss: 0.19603899121284485
INFO Gradient norm: 9.74279241171761
PROGRESS    Completed epoch 1520 / 2000;    current loss: 0.19548599421977997
INFO Gradient norm: 10.999360327054637
PROGRESS    Completed epoch 1521 / 2000;    current loss: 0.19585616886615753
INFO Gradient norm: 9.565551808459695
PROGRESS    Completed epoch 1522 / 2000;    current loss: 0.1954270750284195
INFO Gradient norm: 11.07393877509886
PROGRESS    Completed epoch 1523 / 2000;    current loss: 0.19584053754806519
INFO Gradient norm: 9.252638127329849
PROGRESS    Completed epoch 1524 / 2000;    current loss: 0.1953354924917221
INFO Gradient norm: 11.295440119228516
PROGRESS    Completed epoch 1525 / 2000;    current loss: 0.19595007598400116
INFO Gradient norm: 9.445387146104464
PROGRESS    Completed epoch 1526 / 2000;    current loss: 0.1953766644001007
INFO Gradient norm: 11.519117872787545
PROGRESS    Completed epoch 1527 / 2000;    current loss: 0.19592970609664917
INFO Gradient norm: 9.867877690584896
PROGRESS    Completed epoch 1528 / 2000;    current loss: 0.19542670249938965
INFO Gradient norm: 10.750272638912419
PROGRESS    Completed epoch 1529 / 2000;    current loss: 0.19569078087806702
INFO Gradient norm: 9.167115143054883
PROGRESS    Completed epoch 1530 / 2000;    current loss: 0.19520945847034454
INFO Gradient norm: 11.144638602373165
PROGRESS    Completed epoch 1531 / 2000;    current loss: 0.19576795399188995
INFO Gradient norm: 9.123254336358444
PROGRESS    Completed epoch 1532 / 2000;    current loss: 0.19521982967853546
INFO Gradient norm: 11.404223211956015
PROGRESS    Completed epoch 1533 / 2000;    current loss: 0.19591432809829712
INFO Gradient norm: 9.681106292910261
PROGRESS    Completed epoch 1534 / 2000;    current loss: 0.19538003206253052
INFO Gradient norm: 11.090524697009501
PROGRESS    Completed epoch 1535 / 2000;    current loss: 0.19574785232543945
INFO Gradient norm: 9.555965202359781
PROGRESS    Completed epoch 1536 / 2000;    current loss: 0.19530673325061798
INFO Gradient norm: 10.715874708268124
PROGRESS    Completed epoch 1537 / 2000;    current loss: 0.19564679265022278
INFO Gradient norm: 8.997659381035893
PROGRESS    Completed epoch 1538 / 2000;    current loss: 0.19513165950775146
INFO Gradient norm: 11.43864055046797
PROGRESS    Completed epoch 1539 / 2000;    current loss: 0.19578015804290771
INFO Gradient norm: 9.550423576467688
PROGRESS    Completed epoch 1540 / 2000;    current loss: 0.1952112466096878
INFO Gradient norm: 10.940406385109753
PROGRESS    Completed epoch 1541 / 2000;    current loss: 0.19561037421226501
INFO Gradient norm: 9.496524875884575
PROGRESS    Completed epoch 1542 / 2000;    current loss: 0.195158913731575
INFO Gradient norm: 10.7776023146161
PROGRESS    Completed epoch 1543 / 2000;    current loss: 0.19550223648548126
INFO Gradient norm: 9.019705007147984
PROGRESS    Completed epoch 1544 / 2000;    current loss: 0.1950232833623886
INFO Gradient norm: 11.117752607139602
PROGRESS    Completed epoch 1545 / 2000;    current loss: 0.19564354419708252
INFO Gradient norm: 9.257824897770577
PROGRESS    Completed epoch 1546 / 2000;    current loss: 0.19507353007793427
INFO Gradient norm: 11.372251808774429
PROGRESS    Completed epoch 1547 / 2000;    current loss: 0.19563673436641693
INFO Gradient norm: 9.764583060212791
PROGRESS    Completed epoch 1548 / 2000;    current loss: 0.19514720141887665
INFO Gradient norm: 10.526626576191592
PROGRESS    Completed epoch 1549 / 2000;    current loss: 0.1953778862953186
INFO Gradient norm: 9.09102971015269
PROGRESS    Completed epoch 1550 / 2000;    current loss: 0.19496513903141022
INFO Gradient norm: 10.903735251778134
PROGRESS    Completed epoch 1551 / 2000;    current loss: 0.19544917345046997
INFO Gradient norm: 8.989272957639077
PROGRESS    Completed epoch 1552 / 2000;    current loss: 0.1949215680360794
INFO Gradient norm: 11.128087623520381
PROGRESS    Completed epoch 1553 / 2000;    current loss: 0.1955469846725464
INFO Gradient norm: 9.40871400227435
PROGRESS    Completed epoch 1554 / 2000;    current loss: 0.19501203298568726
INFO Gradient norm: 10.94890616257947
PROGRESS    Completed epoch 1555 / 2000;    current loss: 0.19540195167064667
INFO Gradient norm: 9.380972969386134
PROGRESS    Completed epoch 1556 / 2000;    current loss: 0.19495762884616852
INFO Gradient norm: 10.682294690797528
PROGRESS    Completed epoch 1557 / 2000;    current loss: 0.19534556567668915
INFO Gradient norm: 9.037117446709878
PROGRESS    Completed epoch 1558 / 2000;    current loss: 0.19487112760543823
INFO Gradient norm: 11.143152694429554
PROGRESS    Completed epoch 1559 / 2000;    current loss: 0.19541412591934204
INFO Gradient norm: 9.352668993709178
PROGRESS    Completed epoch 1560 / 2000;    current loss: 0.19490014016628265
INFO Gradient norm: 10.581929101804706
PROGRESS    Completed epoch 1561 / 2000;    current loss: 0.19526095688343048
INFO Gradient norm: 6.077690537695874
PROGRESS    Completed epoch 1562 / 2000;    current loss: 0.194275364279747
INFO Gradient norm: 15.340371740214003
PROGRESS    Completed epoch 1563 / 2000;    current loss: 0.1970657855272293
INFO Gradient norm: 12.934802078597594
PROGRESS    Completed epoch 1564 / 2000;    current loss: 0.19623707234859467
INFO Gradient norm: 9.311403798579944
PROGRESS    Completed epoch 1565 / 2000;    current loss: 0.1952494978904724
INFO Gradient norm: 9.607961210374862
PROGRESS    Completed epoch 1566 / 2000;    current loss: 0.1953919529914856
INFO Gradient norm: 9.127526801018606
PROGRESS    Completed epoch 1567 / 2000;    current loss: 0.19525675475597382
INFO Gradient norm: 6.6388044947675535
PROGRESS    Completed epoch 1568 / 2000;    current loss: 0.19474206864833832
INFO Gradient norm: 12.652394525985168
PROGRESS    Completed epoch 1569 / 2000;    current loss: 0.1964845061302185
INFO Gradient norm: 9.896650492107037
PROGRESS    Completed epoch 1570 / 2000;    current loss: 0.19556958973407745
INFO Gradient norm: 11.57886042229988
PROGRESS    Completed epoch 1571 / 2000;    current loss: 0.19601048529148102
INFO Gradient norm: 10.681990804116973
PROGRESS    Completed epoch 1572 / 2000;    current loss: 0.195755735039711
INFO Gradient norm: 9.230497643983309
PROGRESS    Completed epoch 1573 / 2000;    current loss: 0.1953934282064438
INFO Gradient norm: 8.066071892839249
PROGRESS    Completed epoch 1574 / 2000;    current loss: 0.19510282576084137
INFO Gradient norm: 10.96473840840446
PROGRESS    Completed epoch 1575 / 2000;    current loss: 0.19588413834571838
INFO Gradient norm: 8.373692515906901
PROGRESS    Completed epoch 1576 / 2000;    current loss: 0.19517098367214203
INFO Gradient norm: 11.740710795892774
PROGRESS    Completed epoch 1577 / 2000;    current loss: 0.19616425037384033
INFO Gradient norm: 10.205088756980237
PROGRESS    Completed epoch 1578 / 2000;    current loss: 0.19563516974449158
INFO Gradient norm: 9.739523768359245
PROGRESS    Completed epoch 1579 / 2000;    current loss: 0.19551023840904236
INFO Gradient norm: 8.56519916076082
PROGRESS    Completed epoch 1580 / 2000;    current loss: 0.19521218538284302
INFO Gradient norm: 10.48040250501977
PROGRESS    Completed epoch 1581 / 2000;    current loss: 0.19575388729572296
INFO Gradient norm: 8.382380312351508
PROGRESS    Completed epoch 1582 / 2000;    current loss: 0.195151224732399
INFO Gradient norm: 11.599688038338021
PROGRESS    Completed epoch 1583 / 2000;    current loss: 0.196062833070755
INFO Gradient norm: 9.8023269344525
PROGRESS    Completed epoch 1584 / 2000;    current loss: 0.19549916684627533
INFO Gradient norm: 10.277811008764932
PROGRESS    Completed epoch 1585 / 2000;    current loss: 0.19562332332134247
INFO Gradient norm: 9.125947285827468
PROGRESS    Completed epoch 1586 / 2000;    current loss: 0.19527395069599152
INFO Gradient norm: 10.254518992470485
PROGRESS    Completed epoch 1587 / 2000;    current loss: 0.19553622603416443
INFO Gradient norm: 8.436600536306816
PROGRESS    Completed epoch 1588 / 2000;    current loss: 0.1950245201587677
INFO Gradient norm: 9.940221074764526
PROGRESS    Completed epoch 1589 / 2000;    current loss: 0.19542112946510315
INFO Gradient norm: 5.569646349052537
PROGRESS    Completed epoch 1590 / 2000;    current loss: 0.1945008486509323
INFO Gradient norm: 14.81902134706846
PROGRESS    Completed epoch 1591 / 2000;    current loss: 0.19718937575817108
INFO Gradient norm: 12.283278143639437
PROGRESS    Completed epoch 1592 / 2000;    current loss: 0.1962784379720688
INFO Gradient norm: 9.32060070233247
PROGRESS    Completed epoch 1593 / 2000;    current loss: 0.1954934298992157
INFO Gradient norm: 9.678916711265062
PROGRESS    Completed epoch 1594 / 2000;    current loss: 0.1956213116645813
INFO Gradient norm: 8.477243781386326
PROGRESS    Completed epoch 1595 / 2000;    current loss: 0.19525450468063354
INFO Gradient norm: 6.333602344344058
PROGRESS    Completed epoch 1596 / 2000;    current loss: 0.19481773674488068
INFO Gradient norm: 11.98645232555103
PROGRESS    Completed epoch 1597 / 2000;    current loss: 0.1963929682970047
INFO Gradient norm: 9.087984819401132
PROGRESS    Completed epoch 1598 / 2000;    current loss: 0.19545535743236542
INFO Gradient norm: 11.657780187666244
PROGRESS    Completed epoch 1599 / 2000;    current loss: 0.19617801904678345
INFO Gradient norm: 10.58464357227855
PROGRESS    Completed epoch 1600 / 2000;    current loss: 0.19586744904518127
INFO Gradient norm: 8.92231397031524
PROGRESS    Completed epoch 1601 / 2000;    current loss: 0.19544607400894165
INFO Gradient norm: 7.997287326750944
PROGRESS    Completed epoch 1602 / 2000;    current loss: 0.19522809982299805
INFO Gradient norm: 10.35955990812084
PROGRESS    Completed epoch 1603 / 2000;    current loss: 0.19586704671382904
INFO Gradient norm: 7.902051147357299
PROGRESS    Completed epoch 1604 / 2000;    current loss: 0.19521941244602203
INFO Gradient norm: 11.471514216680552
PROGRESS    Completed epoch 1605 / 2000;    current loss: 0.19624748826026917
INFO Gradient norm: 9.86162308508522
PROGRESS    Completed epoch 1606 / 2000;    current loss: 0.19571354985237122
INFO Gradient norm: 9.829862104369418
PROGRESS    Completed epoch 1607 / 2000;    current loss: 0.19566984474658966
INFO Gradient norm: 8.90022080852723
PROGRESS    Completed epoch 1608 / 2000;    current loss: 0.19537971913814545
INFO Gradient norm: 9.662265896679523
PROGRESS    Completed epoch 1609 / 2000;    current loss: 0.19556665420532227
INFO Gradient norm: 8.001943654285979
PROGRESS    Completed epoch 1610 / 2000;    current loss: 0.19511693716049194
INFO Gradient norm: 10.900654532346197
PROGRESS    Completed epoch 1611 / 2000;    current loss: 0.19591307640075684
INFO Gradient norm: 8.868282141068883
PROGRESS    Completed epoch 1612 / 2000;    current loss: 0.1953330934047699
INFO Gradient norm: 10.547811478817847
PROGRESS    Completed epoch 1613 / 2000;    current loss: 0.19582711160182953
INFO Gradient norm: 9.271001702092164
PROGRESS    Completed epoch 1614 / 2000;    current loss: 0.1954345852136612
INFO Gradient norm: 9.7984922597677
PROGRESS    Completed epoch 1615 / 2000;    current loss: 0.19553522765636444
INFO Gradient norm: 8.301207962406465
PROGRESS    Completed epoch 1616 / 2000;    current loss: 0.19514524936676025
INFO Gradient norm: 10.380899893529563
PROGRESS    Completed epoch 1617 / 2000;    current loss: 0.1957479864358902
INFO Gradient norm: 8.580548772519819
PROGRESS    Completed epoch 1618 / 2000;    current loss: 0.19521884620189667
INFO Gradient norm: 10.679797944940981
PROGRESS    Completed epoch 1619 / 2000;    current loss: 0.19577011466026306
INFO Gradient norm: 9.145876258363414
PROGRESS    Completed epoch 1620 / 2000;    current loss: 0.19531653821468353
INFO Gradient norm: 9.91151418899618
PROGRESS    Completed epoch 1621 / 2000;    current loss: 0.19554279744625092
INFO Gradient norm: 8.66526407552527
PROGRESS    Completed epoch 1622 / 2000;    current loss: 0.19517622888088226
INFO Gradient norm: 10.030860757417779
PROGRESS    Completed epoch 1623 / 2000;    current loss: 0.19552689790725708
INFO Gradient norm: 8.26554172837128
PROGRESS    Completed epoch 1624 / 2000;    current loss: 0.19505402445793152
INFO Gradient norm: 10.548716865597317
PROGRESS    Completed epoch 1625 / 2000;    current loss: 0.1957089751958847
INFO Gradient norm: 8.889282026750388
PROGRESS    Completed epoch 1626 / 2000;    current loss: 0.19519826769828796
INFO Gradient norm: 10.224465859833387
PROGRESS    Completed epoch 1627 / 2000;    current loss: 0.19553418457508087
INFO Gradient norm: 8.748714564970161
PROGRESS    Completed epoch 1628 / 2000;    current loss: 0.1951364129781723
INFO Gradient norm: 9.996401911648547
PROGRESS    Completed epoch 1629 / 2000;    current loss: 0.19550830125808716
INFO Gradient norm: 8.49726128824498
PROGRESS    Completed epoch 1630 / 2000;    current loss: 0.19508405029773712
INFO Gradient norm: 10.290428609166591
PROGRESS    Completed epoch 1631 / 2000;    current loss: 0.19554775953292847
INFO Gradient norm: 8.62491097098962
PROGRESS    Completed epoch 1632 / 2000;    current loss: 0.19507046043872833
INFO Gradient norm: 10.15526442539652
PROGRESS    Completed epoch 1633 / 2000;    current loss: 0.1954929530620575
INFO Gradient norm: 8.70802890999398
PROGRESS    Completed epoch 1634 / 2000;    current loss: 0.19505871832370758
INFO Gradient norm: 9.941449028528837
PROGRESS    Completed epoch 1635 / 2000;    current loss: 0.19538597762584686
INFO Gradient norm: 8.290449482767942
PROGRESS    Completed epoch 1636 / 2000;    current loss: 0.19495852291584015
INFO Gradient norm: 10.286884774884106
PROGRESS    Completed epoch 1637 / 2000;    current loss: 0.19552189111709595
INFO Gradient norm: 8.669050507417507
PROGRESS    Completed epoch 1638 / 2000;    current loss: 0.19505830109119415
INFO Gradient norm: 10.242484011842706
PROGRESS    Completed epoch 1639 / 2000;    current loss: 0.19546276330947876
INFO Gradient norm: 8.79438016199389
PROGRESS    Completed epoch 1640 / 2000;    current loss: 0.1950491964817047
INFO Gradient norm: 9.83593241197339
PROGRESS    Completed epoch 1641 / 2000;    current loss: 0.1953432261943817
INFO Gradient norm: 8.394054480994708
PROGRESS    Completed epoch 1642 / 2000;    current loss: 0.19492207467556
INFO Gradient norm: 10.169940619109854
PROGRESS    Completed epoch 1643 / 2000;    current loss: 0.19535624980926514
INFO Gradient norm: 8.45398664460905
PROGRESS    Completed epoch 1644 / 2000;    current loss: 0.1948675513267517
INFO Gradient norm: 10.265755407467251
PROGRESS    Completed epoch 1645 / 2000;    current loss: 0.19539691507816315
INFO Gradient norm: 8.870052585948082
PROGRESS    Completed epoch 1646 / 2000;    current loss: 0.1949860006570816
INFO Gradient norm: 9.798898811831258
PROGRESS    Completed epoch 1647 / 2000;    current loss: 0.19520999491214752
INFO Gradient norm: 8.40022892565628
PROGRESS    Completed epoch 1648 / 2000;    current loss: 0.1948261260986328
INFO Gradient norm: 9.883123445891211
PROGRESS    Completed epoch 1649 / 2000;    current loss: 0.1952226608991623
INFO Gradient norm: 8.360146123449933
PROGRESS    Completed epoch 1650 / 2000;    current loss: 0.1947980374097824
INFO Gradient norm: 10.157712727442473
PROGRESS    Completed epoch 1651 / 2000;    current loss: 0.1952616572380066
INFO Gradient norm: 8.531737097441834
PROGRESS    Completed epoch 1652 / 2000;    current loss: 0.19482003152370453
INFO Gradient norm: 9.988186049907798
PROGRESS    Completed epoch 1653 / 2000;    current loss: 0.19523638486862183
INFO Gradient norm: 8.561601182573412
PROGRESS    Completed epoch 1654 / 2000;    current loss: 0.19481195509433746
INFO Gradient norm: 9.88813404415735
PROGRESS    Completed epoch 1655 / 2000;    current loss: 0.19513890147209167
INFO Gradient norm: 8.286392046218753
PROGRESS    Completed epoch 1656 / 2000;    current loss: 0.19472163915634155
INFO Gradient norm: 10.06128518182615
PROGRESS    Completed epoch 1657 / 2000;    current loss: 0.19521941244602203
INFO Gradient norm: 8.531315113756317
PROGRESS    Completed epoch 1658 / 2000;    current loss: 0.19478800892829895
INFO Gradient norm: 9.987847477465955
PROGRESS    Completed epoch 1659 / 2000;    current loss: 0.19514921307563782
INFO Gradient norm: 8.525603385435627
PROGRESS    Completed epoch 1660 / 2000;    current loss: 0.19474272429943085
INFO Gradient norm: 9.746317015058105
PROGRESS    Completed epoch 1661 / 2000;    current loss: 0.1950712651014328
INFO Predicted parameters contain zero-value: tensor([1.2778e+00, 0.0000e+00, 2.1561e+00, 2.2972e+00, 1.9595e+00, 1.9484e-01,
        6.7515e-02, 8.5732e-01, 2.6330e-01, 1.5566e-03, 1.3987e+00, 6.6537e-03,
        2.1346e-01, 5.2588e-02], grad_fn=<AbsBackward0>)
INFO Gradient norm: 1072.6058491352953
PROGRESS    Completed epoch 1662 / 2000;    current loss: 24.361879348754883
INFO Gradient norm: 16.760420259883556
PROGRESS    Completed epoch 1663 / 2000;    current loss: 0.19763833284378052
INFO Gradient norm: 19.43972943322374
PROGRESS    Completed epoch 1664 / 2000;    current loss: 0.19898487627506256
INFO Gradient norm: 1.5055037444612
PROGRESS    Completed epoch 1665 / 2000;    current loss: 0.19371524453163147
INFO Gradient norm: 21.922739363769907
PROGRESS    Completed epoch 1666 / 2000;    current loss: 0.20098404586315155
INFO Gradient norm: 22.991313710231854
PROGRESS    Completed epoch 1667 / 2000;    current loss: 0.2017335444688797
INFO Gradient norm: 4.832030987684053
PROGRESS    Completed epoch 1668 / 2000;    current loss: 0.1939735859632492
INFO Gradient norm: 27.044552262029036
PROGRESS    Completed epoch 1669 / 2000;    current loss: 0.2039104700088501
INFO Gradient norm: 34.383495902306564
PROGRESS    Completed epoch 1670 / 2000;    current loss: 0.21003201603889465
INFO Gradient norm: 18.31996262441696
PROGRESS    Completed epoch 1671 / 2000;    current loss: 0.19853606820106506
INFO Gradient norm: 12.933667814186812
PROGRESS    Completed epoch 1672 / 2000;    current loss: 0.19617708027362823
INFO Gradient norm: 18.282541656557804
PROGRESS    Completed epoch 1673 / 2000;    current loss: 0.19890445470809937
INFO Gradient norm: 4.61077271352113
PROGRESS    Completed epoch 1674 / 2000;    current loss: 0.19418670237064362
INFO Gradient norm: 22.28719154463271
PROGRESS    Completed epoch 1675 / 2000;    current loss: 0.20116519927978516
INFO Gradient norm: 25.985561618220252
PROGRESS    Completed epoch 1676 / 2000;    current loss: 0.20377850532531738
INFO Gradient norm: 8.430103860550785
PROGRESS    Completed epoch 1677 / 2000;    current loss: 0.19521450996398926
INFO Gradient norm: 21.903446137735227
PROGRESS    Completed epoch 1678 / 2000;    current loss: 0.2018307000398636
INFO Gradient norm: 29.16433699145149
PROGRESS    Completed epoch 1679 / 2000;    current loss: 0.20805618166923523
INFO Gradient norm: 17.03316448215957
PROGRESS    Completed epoch 1680 / 2000;    current loss: 0.1988760381937027
INFO Gradient norm: 12.595056549408696
PROGRESS    Completed epoch 1681 / 2000;    current loss: 0.19667364656925201
INFO Gradient norm: 21.32736072637702
PROGRESS    Completed epoch 1682 / 2000;    current loss: 0.2010626345872879
INFO Gradient norm: 9.095879821028216
PROGRESS    Completed epoch 1683 / 2000;    current loss: 0.1957167387008667
INFO Gradient norm: 17.34127163167053
PROGRESS    Completed epoch 1684 / 2000;    current loss: 0.1993129700422287
INFO Gradient norm: 22.079588709897596
PROGRESS    Completed epoch 1685 / 2000;    current loss: 0.20241250097751617
INFO Gradient norm: 8.123971403075078
PROGRESS    Completed epoch 1686 / 2000;    current loss: 0.19562166929244995
INFO Gradient norm: 21.218768199354926
PROGRESS    Completed epoch 1687 / 2000;    current loss: 0.20124171674251556
INFO Gradient norm: 28.026794077472093
PROGRESS    Completed epoch 1688 / 2000;    current loss: 0.20605158805847168
INFO Gradient norm: 13.299574201633318
PROGRESS    Completed epoch 1689 / 2000;    current loss: 0.19729666411876678
INFO Gradient norm: 16.116479827730156
PROGRESS    Completed epoch 1690 / 2000;    current loss: 0.19876807928085327
INFO Gradient norm: 23.541653493140224
PROGRESS    Completed epoch 1691 / 2000;    current loss: 0.20363366603851318
INFO Gradient norm: 12.189386441398822
PROGRESS    Completed epoch 1692 / 2000;    current loss: 0.19695518910884857
INFO Gradient norm: 15.473313186617444
PROGRESS    Completed epoch 1693 / 2000;    current loss: 0.19826315343379974
INFO Gradient norm: 22.271029447779597
PROGRESS    Completed epoch 1694 / 2000;    current loss: 0.20205990970134735
INFO Gradient norm: 8.770816267663951
PROGRESS    Completed epoch 1695 / 2000;    current loss: 0.19578704237937927
INFO Gradient norm: 18.098054346015555
PROGRESS    Completed epoch 1696 / 2000;    current loss: 0.19982179999351501
INFO Gradient norm: 23.58145919647515
PROGRESS    Completed epoch 1697 / 2000;    current loss: 0.20360487699508667
INFO Gradient norm: 10.714845298870157
PROGRESS    Completed epoch 1698 / 2000;    current loss: 0.19626951217651367
INFO Gradient norm: 17.735141130718045
PROGRESS    Completed epoch 1699 / 2000;    current loss: 0.1992831975221634
INFO Gradient norm: 24.911411896306042
PROGRESS    Completed epoch 1700 / 2000;    current loss: 0.203824982047081
INFO Gradient norm: 11.423524164821316
PROGRESS    Completed epoch 1701 / 2000;    current loss: 0.19659288227558136
INFO Gradient norm: 16.278460709615818
PROGRESS    Completed epoch 1702 / 2000;    current loss: 0.19880948960781097
INFO Gradient norm: 22.70933026556687
PROGRESS    Completed epoch 1703 / 2000;    current loss: 0.20296330749988556
INFO Gradient norm: 10.787101409566823
PROGRESS    Completed epoch 1704 / 2000;    current loss: 0.196402445435524
INFO Gradient norm: 16.985186777995374
PROGRESS    Completed epoch 1705 / 2000;    current loss: 0.19898317754268646
INFO Gradient norm: 23.821241324841672
PROGRESS    Completed epoch 1706 / 2000;    current loss: 0.20307593047618866
INFO Gradient norm: 10.263462468208933
PROGRESS    Completed epoch 1707 / 2000;    current loss: 0.19621095061302185
INFO Gradient norm: 17.0724495573928
PROGRESS    Completed epoch 1708 / 2000;    current loss: 0.19919531047344208
INFO Gradient norm: 23.193337614237045
PROGRESS    Completed epoch 1709 / 2000;    current loss: 0.20326074957847595
INFO Gradient norm: 11.044529325992974
PROGRESS    Completed epoch 1710 / 2000;    current loss: 0.1964004933834076
INFO Gradient norm: 16.925404612601586
PROGRESS    Completed epoch 1711 / 2000;    current loss: 0.1988048106431961
INFO Gradient norm: 24.037612376673426
PROGRESS    Completed epoch 1712 / 2000;    current loss: 0.20304155349731445
INFO Gradient norm: 10.771770803964888
PROGRESS    Completed epoch 1713 / 2000;    current loss: 0.19619214534759521
INFO Gradient norm: 16.415798290523046
PROGRESS    Completed epoch 1714 / 2000;    current loss: 0.19867311418056488
INFO Gradient norm: 22.56856820081127
PROGRESS    Completed epoch 1715 / 2000;    current loss: 0.2026062309741974
INFO Gradient norm: 10.601379288044802
PROGRESS    Completed epoch 1716 / 2000;    current loss: 0.19605740904808044
INFO Gradient norm: 16.942280624579656
PROGRESS    Completed epoch 1717 / 2000;    current loss: 0.1986093968153
INFO Gradient norm: 23.466894843095545
PROGRESS    Completed epoch 1718 / 2000;    current loss: 0.20252005755901337
INFO Gradient norm: 9.888883640457419
PROGRESS    Completed epoch 1719 / 2000;    current loss: 0.19584347307682037
INFO Gradient norm: 17.191905178583422
PROGRESS    Completed epoch 1720 / 2000;    current loss: 0.19906334578990936
INFO Gradient norm: 23.28092160452895
PROGRESS    Completed epoch 1721 / 2000;    current loss: 0.20314283668994904
INFO Gradient norm: 11.292901728553147
PROGRESS    Completed epoch 1722 / 2000;    current loss: 0.19633984565734863
INFO Gradient norm: 16.407127168775666
PROGRESS    Completed epoch 1723 / 2000;    current loss: 0.198419451713562
INFO Gradient norm: 23.594469881091573
PROGRESS    Completed epoch 1724 / 2000;    current loss: 0.2026234269142151
INFO Gradient norm: 10.636319329474901
PROGRESS    Completed epoch 1725 / 2000;    current loss: 0.19605384767055511
INFO Gradient norm: 16.106337880991116
PROGRESS    Completed epoch 1726 / 2000;    current loss: 0.19840528070926666
INFO Gradient norm: 22.137725395389598
PROGRESS    Completed epoch 1727 / 2000;    current loss: 0.20219023525714874
INFO Gradient norm: 10.218370471115964
PROGRESS    Completed epoch 1728 / 2000;    current loss: 0.19585636258125305
INFO Gradient norm: 17.060126952287096
PROGRESS    Completed epoch 1729 / 2000;    current loss: 0.19860240817070007
INFO Gradient norm: 23.7751500078071
PROGRESS    Completed epoch 1730 / 2000;    current loss: 0.20258958637714386
INFO Gradient norm: 10.493269240862848
PROGRESS    Completed epoch 1731 / 2000;    current loss: 0.19584228098392487
INFO Gradient norm: 16.358087779654028
PROGRESS    Completed epoch 1732 / 2000;    current loss: 0.19837278127670288
INFO Gradient norm: 22.542864604897968
PROGRESS    Completed epoch 1733 / 2000;    current loss: 0.20231397449970245
INFO Gradient norm: 11.029819539778838
PROGRESS    Completed epoch 1734 / 2000;    current loss: 0.1959768682718277
INFO Gradient norm: 15.820707252381487
PROGRESS    Completed epoch 1735 / 2000;    current loss: 0.19789724051952362
INFO Gradient norm: 22.546504149491035
PROGRESS    Completed epoch 1736 / 2000;    current loss: 0.20170089602470398
INFO Gradient norm: 9.583393445390076
PROGRESS    Completed epoch 1737 / 2000;    current loss: 0.1955447942018509
INFO Gradient norm: 16.70047175120429
PROGRESS    Completed epoch 1738 / 2000;    current loss: 0.19855447113513947
INFO Gradient norm: 22.482888561011457
PROGRESS    Completed epoch 1739 / 2000;    current loss: 0.20227310061454773
INFO Gradient norm: 10.528384033210733
PROGRESS    Completed epoch 1740 / 2000;    current loss: 0.1958123743534088
INFO Gradient norm: 16.71451682183753
PROGRESS    Completed epoch 1741 / 2000;    current loss: 0.19830679893493652
INFO Gradient norm: 23.67728031773228
PROGRESS    Completed epoch 1742 / 2000;    current loss: 0.20240166783332825
INFO Gradient norm: 10.810956283499264
PROGRESS    Completed epoch 1743 / 2000;    current loss: 0.19584426283836365
INFO Gradient norm: 15.682268428861287
PROGRESS    Completed epoch 1744 / 2000;    current loss: 0.1979210078716278
INFO Gradient norm: 21.822252296023436
PROGRESS    Completed epoch 1745 / 2000;    current loss: 0.2016778141260147
INFO Gradient norm: 10.321956851273223
PROGRESS    Completed epoch 1746 / 2000;    current loss: 0.19562089443206787
INFO Gradient norm: 16.29450128230799
PROGRESS    Completed epoch 1747 / 2000;    current loss: 0.1979561746120453
INFO Gradient norm: 22.752356183607127
PROGRESS    Completed epoch 1748 / 2000;    current loss: 0.20165826380252838
INFO Gradient norm: 9.6544198123599
PROGRESS    Completed epoch 1749 / 2000;    current loss: 0.19538940489292145
INFO Gradient norm: 16.615071326422466
PROGRESS    Completed epoch 1750 / 2000;    current loss: 0.19833815097808838
INFO Gradient norm: 22.576684384510912
PROGRESS    Completed epoch 1751 / 2000;    current loss: 0.2021835893392563
INFO Gradient norm: 10.940526160976024
PROGRESS    Completed epoch 1752 / 2000;    current loss: 0.19579313695430756
INFO Gradient norm: 15.887970804991848
PROGRESS    Completed epoch 1753 / 2000;    current loss: 0.19774599373340607
INFO Gradient norm: 22.857004355912597
PROGRESS    Completed epoch 1754 / 2000;    current loss: 0.20167845487594604
INFO Gradient norm: 10.319221824222607
PROGRESS    Completed epoch 1755 / 2000;    current loss: 0.1955258548259735
INFO Gradient norm: 15.627565352599282
PROGRESS    Completed epoch 1756 / 2000;    current loss: 0.19772619009017944
INFO Gradient norm: 21.521383292778115
PROGRESS    Completed epoch 1757 / 2000;    current loss: 0.20130006968975067
INFO Gradient norm: 9.985661633842115
PROGRESS    Completed epoch 1758 / 2000;    current loss: 0.19534948468208313
INFO Gradient norm: 16.249334701392446
PROGRESS    Completed epoch 1759 / 2000;    current loss: 0.19781559705734253
INFO Gradient norm: 22.618881487038088
PROGRESS    Completed epoch 1760 / 2000;    current loss: 0.20145857334136963
INFO Gradient norm: 9.686681835836291
PROGRESS    Completed epoch 1761 / 2000;    current loss: 0.1953127384185791
INFO Gradient norm: 16.327545108415976
PROGRESS    Completed epoch 1762 / 2000;    current loss: 0.19808031618595123
INFO Gradient norm: 22.274402546290176
PROGRESS    Completed epoch 1763 / 2000;    current loss: 0.2018471360206604
INFO Gradient norm: 10.815418369218033
PROGRESS    Completed epoch 1764 / 2000;    current loss: 0.19567103683948517
INFO Gradient norm: 15.683253063051492
PROGRESS    Completed epoch 1765 / 2000;    current loss: 0.19756269454956055
INFO Gradient norm: 22.5634709821282
PROGRESS    Completed epoch 1766 / 2000;    current loss: 0.20139308273792267
INFO Gradient norm: 10.13273939854262
PROGRESS    Completed epoch 1767 / 2000;    current loss: 0.19540217518806458
INFO Gradient norm: 15.533876312790921
PROGRESS    Completed epoch 1768 / 2000;    current loss: 0.1976078748703003
INFO Gradient norm: 20.385099945270508
PROGRESS    Completed epoch 1769 / 2000;    current loss: 0.20049536228179932
INFO Gradient norm: 8.782897816554563
PROGRESS    Completed epoch 1770 / 2000;    current loss: 0.19497857987880707
INFO Gradient norm: 16.611352289244792
PROGRESS    Completed epoch 1771 / 2000;    current loss: 0.197942852973938
INFO Gradient norm: 23.14988531055184
PROGRESS    Completed epoch 1772 / 2000;    current loss: 0.2017529308795929
INFO Gradient norm: 11.382942862777732
PROGRESS    Completed epoch 1773 / 2000;    current loss: 0.1957450658082962
INFO Gradient norm: 13.362141161614307
PROGRESS    Completed epoch 1774 / 2000;    current loss: 0.19659915566444397
INFO Gradient norm: 19.53006365706525
PROGRESS    Completed epoch 1775 / 2000;    current loss: 0.19992664456367493
INFO Gradient norm: 9.598960772033466
PROGRESS    Completed epoch 1776 / 2000;    current loss: 0.19519802927970886
INFO Gradient norm: 14.213537611572988
PROGRESS    Completed epoch 1777 / 2000;    current loss: 0.1968425214290619
INFO Gradient norm: 19.859412494668746
PROGRESS    Completed epoch 1778 / 2000;    current loss: 0.1997309774160385
INFO Gradient norm: 8.047795996099024
PROGRESS    Completed epoch 1779 / 2000;    current loss: 0.19478735327720642
INFO Gradient norm: 15.559544853375145
PROGRESS    Completed epoch 1780 / 2000;    current loss: 0.19766132533550262
INFO Gradient norm: 20.74193018694721
PROGRESS    Completed epoch 1781 / 2000;    current loss: 0.2007894217967987
INFO Gradient norm: 9.967350996078785
PROGRESS    Completed epoch 1782 / 2000;    current loss: 0.1953003853559494
INFO Gradient norm: 14.58509398352708
PROGRESS    Completed epoch 1783 / 2000;    current loss: 0.19701555371284485
INFO Gradient norm: 21.067546639875214
PROGRESS    Completed epoch 1784 / 2000;    current loss: 0.2004714459180832
INFO Gradient norm: 9.891997975513135
PROGRESS    Completed epoch 1785 / 2000;    current loss: 0.19528494775295258
INFO Gradient norm: 13.759893665894243
PROGRESS    Completed epoch 1786 / 2000;    current loss: 0.19678302109241486
INFO Gradient norm: 19.223625044633092
PROGRESS    Completed epoch 1787 / 2000;    current loss: 0.19976311922073364
INFO Gradient norm: 8.854609558944393
PROGRESS    Completed epoch 1788 / 2000;    current loss: 0.1949578821659088
INFO Gradient norm: 15.032515188532246
PROGRESS    Completed epoch 1789 / 2000;    current loss: 0.1971745491027832
INFO Gradient norm: 20.75041022090207
PROGRESS    Completed epoch 1790 / 2000;    current loss: 0.20025506615638733
INFO Gradient norm: 9.08518462432707
PROGRESS    Completed epoch 1791 / 2000;    current loss: 0.19502964615821838
INFO Gradient norm: 14.616242861304084
PROGRESS    Completed epoch 1792 / 2000;    current loss: 0.19717010855674744
INFO Gradient norm: 20.148106735163633
PROGRESS    Completed epoch 1793 / 2000;    current loss: 0.20036852359771729
INFO Gradient norm: 9.901456621550771
PROGRESS    Completed epoch 1794 / 2000;    current loss: 0.19526241719722748
INFO Gradient norm: 14.017877456087023
PROGRESS    Completed epoch 1795 / 2000;    current loss: 0.1967347413301468
INFO Gradient norm: 20.229568000323678
PROGRESS    Completed epoch 1796 / 2000;    current loss: 0.19990770518779755
INFO Gradient norm: 9.169865765692759
PROGRESS    Completed epoch 1797 / 2000;    current loss: 0.19497989118099213
INFO Gradient norm: 14.003380403511109
PROGRESS    Completed epoch 1798 / 2000;    current loss: 0.1968134045600891
INFO Gradient norm: 19.260986150098805
PROGRESS    Completed epoch 1799 / 2000;    current loss: 0.19968140125274658
INFO Gradient norm: 9.017110521784332
PROGRESS    Completed epoch 1800 / 2000;    current loss: 0.1949118822813034
INFO Gradient norm: 14.607535151668674
PROGRESS    Completed epoch 1801 / 2000;    current loss: 0.19691230356693268
INFO Gradient norm: 20.478416137598373
PROGRESS    Completed epoch 1802 / 2000;    current loss: 0.2000027894973755
INFO Gradient norm: 9.139684041842475
PROGRESS    Completed epoch 1803 / 2000;    current loss: 0.1949625164270401
INFO Gradient norm: 14.184305087768546
PROGRESS    Completed epoch 1804 / 2000;    current loss: 0.19688816368579865
INFO Gradient norm: 19.591009878805124
PROGRESS    Completed epoch 1805 / 2000;    current loss: 0.1999140828847885
INFO Gradient norm: 9.406436572413748
PROGRESS    Completed epoch 1806 / 2000;    current loss: 0.19502784311771393
INFO Gradient norm: 14.205921767816632
PROGRESS    Completed epoch 1807 / 2000;    current loss: 0.19671644270420074
INFO Gradient norm: 20.254029521554738
PROGRESS    Completed epoch 1808 / 2000;    current loss: 0.19981537759304047
INFO Gradient norm: 9.187228077824967
PROGRESS    Completed epoch 1809 / 2000;    current loss: 0.19489967823028564
INFO Gradient norm: 13.854510213925108
PROGRESS    Completed epoch 1810 / 2000;    current loss: 0.19665426015853882
INFO Gradient norm: 19.16082002803034
PROGRESS    Completed epoch 1811 / 2000;    current loss: 0.19954168796539307
INFO Gradient norm: 9.04842344366321
PROGRESS    Completed epoch 1812 / 2000;    current loss: 0.1948137730360031
INFO Gradient norm: 14.133364555609791
PROGRESS    Completed epoch 1813 / 2000;    current loss: 0.1966068595647812
INFO Gradient norm: 19.92099995670568
PROGRESS    Completed epoch 1814 / 2000;    current loss: 0.1995750516653061
INFO Gradient norm: 8.807853109912534
PROGRESS    Completed epoch 1815 / 2000;    current loss: 0.19476628303527832
INFO Gradient norm: 14.05262716526718
PROGRESS    Completed epoch 1816 / 2000;    current loss: 0.19672514498233795
INFO Gradient norm: 19.3155186383709
PROGRESS    Completed epoch 1817 / 2000;    current loss: 0.19964152574539185
INFO Gradient norm: 9.232759585554605
PROGRESS    Completed epoch 1818 / 2000;    current loss: 0.19487465918064117
INFO Gradient norm: 14.02127643016301
PROGRESS    Completed epoch 1819 / 2000;    current loss: 0.19655166566371918
INFO Gradient norm: 19.983006034967282
PROGRESS    Completed epoch 1820 / 2000;    current loss: 0.19957676529884338
INFO Gradient norm: 9.119800532524575
PROGRESS    Completed epoch 1821 / 2000;    current loss: 0.19478191435337067
INFO Gradient norm: 13.550602032630357
PROGRESS    Completed epoch 1822 / 2000;    current loss: 0.19641822576522827
INFO Gradient norm: 18.809309337528447
PROGRESS    Completed epoch 1823 / 2000;    current loss: 0.1992282122373581
INFO Gradient norm: 8.96646372809861
PROGRESS    Completed epoch 1824 / 2000;    current loss: 0.194707989692688
INFO Gradient norm: 13.893196622347446
PROGRESS    Completed epoch 1825 / 2000;    current loss: 0.1964314579963684
INFO Gradient norm: 19.59786213353907
PROGRESS    Completed epoch 1826 / 2000;    current loss: 0.199310764670372
INFO Gradient norm: 8.665776027366269
PROGRESS    Completed epoch 1827 / 2000;    current loss: 0.19464276731014252
INFO Gradient norm: 13.863917758870471
PROGRESS    Completed epoch 1828 / 2000;    current loss: 0.19655808806419373
INFO Gradient norm: 19.04278763113983
PROGRESS    Completed epoch 1829 / 2000;    current loss: 0.1993853598833084
INFO Gradient norm: 9.057083792205999
PROGRESS    Completed epoch 1830 / 2000;    current loss: 0.19473204016685486
INFO Gradient norm: 13.913301389849025
PROGRESS    Completed epoch 1831 / 2000;    current loss: 0.19640307128429413
INFO Gradient norm: 19.811694542136607
PROGRESS    Completed epoch 1832 / 2000;    current loss: 0.19937637448310852
INFO Gradient norm: 9.088695718814341
PROGRESS    Completed epoch 1833 / 2000;    current loss: 0.19468288123607635
INFO Gradient norm: 13.330500232447873
PROGRESS    Completed epoch 1834 / 2000;    current loss: 0.19623291492462158
INFO Gradient norm: 18.560558493986846
PROGRESS    Completed epoch 1835 / 2000;    current loss: 0.19898788630962372
INFO Gradient norm: 8.818310722907075
PROGRESS    Completed epoch 1836 / 2000;    current loss: 0.19456909596920013
INFO Gradient norm: 13.641107029867303
PROGRESS    Completed epoch 1837 / 2000;    current loss: 0.19622616469860077
INFO Gradient norm: 19.230460942403962
PROGRESS    Completed epoch 1838 / 2000;    current loss: 0.19900912046432495
INFO Gradient norm: 8.4479026066545
PROGRESS    Completed epoch 1839 / 2000;    current loss: 0.1944928765296936
INFO Gradient norm: 13.725080322613115
PROGRESS    Completed epoch 1840 / 2000;    current loss: 0.19640257954597473
INFO Gradient norm: 18.82819106448494
PROGRESS    Completed epoch 1841 / 2000;    current loss: 0.1991523951292038
INFO Gradient norm: 8.995623918393887
PROGRESS    Completed epoch 1842 / 2000;    current loss: 0.19461911916732788
INFO Gradient norm: 13.61042603485014
PROGRESS    Completed epoch 1843 / 2000;    current loss: 0.19619539380073547
INFO Gradient norm: 19.43118554152
PROGRESS    Completed epoch 1844 / 2000;    current loss: 0.19906911253929138
INFO Gradient norm: 8.918747326255982
PROGRESS    Completed epoch 1845 / 2000;    current loss: 0.19454152882099152
INFO Gradient norm: 13.11132281954251
PROGRESS    Completed epoch 1846 / 2000;    current loss: 0.19603706896305084
INFO Gradient norm: 18.254883773978516
PROGRESS    Completed epoch 1847 / 2000;    current loss: 0.19870096445083618
INFO Gradient norm: 8.705138466345954
PROGRESS    Completed epoch 1848 / 2000;    current loss: 0.1944454461336136
INFO Gradient norm: 13.47461224798378
PROGRESS    Completed epoch 1849 / 2000;    current loss: 0.19607536494731903
INFO Gradient norm: 19.015314383307068
PROGRESS    Completed epoch 1850 / 2000;    current loss: 0.19880220293998718
INFO Gradient norm: 8.401541812432468
PROGRESS    Completed epoch 1851 / 2000;    current loss: 0.19438782334327698
INFO Gradient norm: 13.474409906582085
PROGRESS    Completed epoch 1852 / 2000;    current loss: 0.19620108604431152
INFO Gradient norm: 18.519141491361246
PROGRESS    Completed epoch 1853 / 2000;    current loss: 0.1988806575536728
INFO Gradient norm: 8.815754444866139
PROGRESS    Completed epoch 1854 / 2000;    current loss: 0.19448286294937134
INFO Gradient norm: 13.472143677478439
PROGRESS    Completed epoch 1855 / 2000;    current loss: 0.19604182243347168
INFO Gradient norm: 19.208616206179236
PROGRESS    Completed epoch 1856 / 2000;    current loss: 0.19885464012622833
INFO Gradient norm: 8.827206232578583
PROGRESS    Completed epoch 1857 / 2000;    current loss: 0.19441626965999603
INFO Gradient norm: 12.928588055059077
PROGRESS    Completed epoch 1858 / 2000;    current loss: 0.19587242603302002
INFO Gradient norm: 18.041127074872907
PROGRESS    Completed epoch 1859 / 2000;    current loss: 0.19848670065402985
INFO Gradient norm: 8.577443073455932
PROGRESS    Completed epoch 1860 / 2000;    current loss: 0.1943269819021225
INFO Gradient norm: 13.234089799313942
PROGRESS    Completed epoch 1861 / 2000;    current loss: 0.19588163495063782
INFO Gradient norm: 18.673227933547125
PROGRESS    Completed epoch 1862 / 2000;    current loss: 0.1985160857439041
INFO Gradient norm: 8.221913870966297
PROGRESS    Completed epoch 1863 / 2000;    current loss: 0.19425302743911743
INFO Gradient norm: 13.309764736385462
PROGRESS    Completed epoch 1864 / 2000;    current loss: 0.1960342675447464
INFO Gradient norm: 18.276988794083984
PROGRESS    Completed epoch 1865 / 2000;    current loss: 0.1986379325389862
INFO Gradient norm: 8.718087340492659
PROGRESS    Completed epoch 1866 / 2000;    current loss: 0.19435739517211914
INFO Gradient norm: 13.205154530644947
PROGRESS    Completed epoch 1867 / 2000;    current loss: 0.19584107398986816
INFO Gradient norm: 18.86201477068847
PROGRESS    Completed epoch 1868 / 2000;    current loss: 0.19857414066791534
INFO Gradient norm: 8.65734009187943
PROGRESS    Completed epoch 1869 / 2000;    current loss: 0.1942819505929947
INFO Gradient norm: 12.74327081894543
PROGRESS    Completed epoch 1870 / 2000;    current loss: 0.19570928812026978
INFO Gradient norm: 17.443149703369286
PROGRESS    Completed epoch 1871 / 2000;    current loss: 0.1980169713497162
INFO Gradient norm: 6.666572806775983
PROGRESS    Completed epoch 1872 / 2000;    current loss: 0.19380590319633484
INFO Gradient norm: 16.032440992154502
PROGRESS    Completed epoch 1873 / 2000;    current loss: 0.19707781076431274
INFO Gradient norm: 21.152899058592
PROGRESS    Completed epoch 1874 / 2000;    current loss: 0.1999468356370926
INFO Gradient norm: 9.402332369281343
PROGRESS    Completed epoch 1875 / 2000;    current loss: 0.1945548802614212
INFO Gradient norm: 13.951815311457972
PROGRESS    Completed epoch 1876 / 2000;    current loss: 0.19631943106651306
INFO Gradient norm: 19.91087040624232
PROGRESS    Completed epoch 1877 / 2000;    current loss: 0.19967323541641235
INFO Gradient norm: 10.52740333248716
PROGRESS    Completed epoch 1878 / 2000;    current loss: 0.19494859874248505
INFO Gradient norm: 11.993400928501183
PROGRESS    Completed epoch 1879 / 2000;    current loss: 0.19541321694850922
INFO Gradient norm: 18.057623426473857
PROGRESS    Completed epoch 1880 / 2000;    current loss: 0.198171928524971
INFO Gradient norm: 7.763521444843231
PROGRESS    Completed epoch 1881 / 2000;    current loss: 0.19410169124603271
INFO Gradient norm: 13.737564858543921
PROGRESS    Completed epoch 1882 / 2000;    current loss: 0.19617407023906708
INFO Gradient norm: 18.3413037087098
PROGRESS    Completed epoch 1883 / 2000;    current loss: 0.19861499965190887
INFO Gradient norm: 8.002241355788707
PROGRESS    Completed epoch 1884 / 2000;    current loss: 0.19410136342048645
INFO Gradient norm: 14.593102451867482
PROGRESS    Completed epoch 1885 / 2000;    current loss: 0.19640661776065826
INFO Gradient norm: 20.205673806618528
PROGRESS    Completed epoch 1886 / 2000;    current loss: 0.19936737418174744
INFO Gradient norm: 9.268388278891916
PROGRESS    Completed epoch 1887 / 2000;    current loss: 0.1944800168275833
INFO Gradient norm: 13.200654903161617
PROGRESS    Completed epoch 1888 / 2000;    current loss: 0.19592581689357758
INFO Gradient norm: 18.770020064419995
PROGRESS    Completed epoch 1889 / 2000;    current loss: 0.19887952506542206
INFO Gradient norm: 9.346179529378027
PROGRESS    Completed epoch 1890 / 2000;    current loss: 0.19449058175086975
INFO Gradient norm: 12.764743352845189
PROGRESS    Completed epoch 1891 / 2000;    current loss: 0.1956365406513214
INFO Gradient norm: 18.475247877586767
PROGRESS    Completed epoch 1892 / 2000;    current loss: 0.19832591712474823
INFO Gradient norm: 8.020116957948774
PROGRESS    Completed epoch 1893 / 2000;    current loss: 0.19408060610294342
INFO Gradient norm: 13.5546800652258
PROGRESS    Completed epoch 1894 / 2000;    current loss: 0.1959999054670334
INFO Gradient norm: 18.45651131503287
PROGRESS    Completed epoch 1895 / 2000;    current loss: 0.1985873281955719
INFO Gradient norm: 8.609128076652336
PROGRESS    Completed epoch 1896 / 2000;    current loss: 0.1941889524459839
INFO Gradient norm: 13.622623897112666
PROGRESS    Completed epoch 1897 / 2000;    current loss: 0.19590987265110016
INFO Gradient norm: 19.31806300030134
PROGRESS    Completed epoch 1898 / 2000;    current loss: 0.1987537145614624
INFO Gradient norm: 8.790022586873995
PROGRESS    Completed epoch 1899 / 2000;    current loss: 0.1942453682422638
INFO Gradient norm: 13.06686712299384
PROGRESS    Completed epoch 1900 / 2000;    current loss: 0.19576643407344818
INFO Gradient norm: 18.32616737349116
PROGRESS    Completed epoch 1901 / 2000;    current loss: 0.1984931230545044
INFO Gradient norm: 8.810474736873271
PROGRESS    Completed epoch 1902 / 2000;    current loss: 0.19422264397144318
INFO Gradient norm: 13.106360018578373
PROGRESS    Completed epoch 1903 / 2000;    current loss: 0.1956516057252884
INFO Gradient norm: 18.70852361393266
PROGRESS    Completed epoch 1904 / 2000;    current loss: 0.19831432402133942
INFO Gradient norm: 8.279803372767983
PROGRESS    Completed epoch 1905 / 2000;    current loss: 0.19402025640010834
INFO Gradient norm: 13.279730238540232
PROGRESS    Completed epoch 1906 / 2000;    current loss: 0.19575046002864838
INFO Gradient norm: 18.3449681376489
PROGRESS    Completed epoch 1907 / 2000;    current loss: 0.19838541746139526
INFO Gradient norm: 8.770069349448713
PROGRESS    Completed epoch 1908 / 2000;    current loss: 0.19410353899002075
INFO Gradient norm: 13.114197578803605
PROGRESS    Completed epoch 1909 / 2000;    current loss: 0.1955530196428299
INFO Gradient norm: 18.760894292641247
PROGRESS    Completed epoch 1910 / 2000;    current loss: 0.19825752079486847
INFO Gradient norm: 8.433690618134248
PROGRESS    Completed epoch 1911 / 2000;    current loss: 0.19398392736911774
INFO Gradient norm: 13.019205489949561
PROGRESS    Completed epoch 1912 / 2000;    current loss: 0.19557030498981476
INFO Gradient norm: 18.11531894641092
PROGRESS    Completed epoch 1913 / 2000;    current loss: 0.19816581904888153
INFO Gradient norm: 8.63960434931131
PROGRESS    Completed epoch 1914 / 2000;    current loss: 0.19400852918624878
INFO Gradient norm: 13.028855794207235
PROGRESS    Completed epoch 1915 / 2000;    current loss: 0.1954542100429535
INFO Gradient norm: 18.574968080172795
PROGRESS    Completed epoch 1916 / 2000;    current loss: 0.19809599220752716
INFO Gradient norm: 8.273647658456259
PROGRESS    Completed epoch 1917 / 2000;    current loss: 0.19389070570468903
INFO Gradient norm: 13.032784758804011
PROGRESS    Completed epoch 1918 / 2000;    current loss: 0.19551917910575867
INFO Gradient norm: 18.08174221417807
PROGRESS    Completed epoch 1919 / 2000;    current loss: 0.19809840619564056
INFO Gradient norm: 8.642747380552455
PROGRESS    Completed epoch 1920 / 2000;    current loss: 0.19394811987876892
INFO Gradient norm: 12.915035539366844
PROGRESS    Completed epoch 1921 / 2000;    current loss: 0.19536453485488892
INFO Gradient norm: 18.464446638332248
PROGRESS    Completed epoch 1922 / 2000;    current loss: 0.19798438251018524
INFO Gradient norm: 8.277482423133666
PROGRESS    Completed epoch 1923 / 2000;    current loss: 0.1938484013080597
INFO Gradient norm: 12.8762679671418
PROGRESS    Completed epoch 1924 / 2000;    current loss: 0.19539953768253326
INFO Gradient norm: 17.897354423396436
PROGRESS    Completed epoch 1925 / 2000;    current loss: 0.19793130457401276
INFO Gradient norm: 8.507945704855143
PROGRESS    Completed epoch 1926 / 2000;    current loss: 0.19385670125484467
INFO Gradient norm: 12.901415982873244
PROGRESS    Completed epoch 1927 / 2000;    current loss: 0.19528385996818542
INFO Gradient norm: 18.37120876476769
PROGRESS    Completed epoch 1928 / 2000;    current loss: 0.1978704035282135
INFO Gradient norm: 8.189686302694076
PROGRESS    Completed epoch 1929 / 2000;    current loss: 0.19377504289150238
INFO Gradient norm: 12.877689381725085
PROGRESS    Completed epoch 1930 / 2000;    current loss: 0.1953592598438263
INFO Gradient norm: 17.329180426877674
PROGRESS    Completed epoch 1931 / 2000;    current loss: 0.1976039856672287
INFO Gradient norm: 7.763081831530208
PROGRESS    Completed epoch 1932 / 2000;    current loss: 0.1936434954404831
INFO Gradient norm: 13.05842118881756
PROGRESS    Completed epoch 1933 / 2000;    current loss: 0.19533400237560272
INFO Gradient norm: 18.65235259382813
PROGRESS    Completed epoch 1934 / 2000;    current loss: 0.19800403714179993
INFO Gradient norm: 9.35103514771269
PROGRESS    Completed epoch 1935 / 2000;    current loss: 0.19404834508895874
INFO Gradient norm: 10.773364914914364
PROGRESS    Completed epoch 1936 / 2000;    current loss: 0.19456002116203308
INFO Gradient norm: 15.913192396616843
PROGRESS    Completed epoch 1937 / 2000;    current loss: 0.19683067500591278
INFO Gradient norm: 7.658775056935342
PROGRESS    Completed epoch 1938 / 2000;    current loss: 0.19361858069896698
INFO Gradient norm: 11.711694710807587
PROGRESS    Completed epoch 1939 / 2000;    current loss: 0.19482403993606567
INFO Gradient norm: 16.318844495669293
PROGRESS    Completed epoch 1940 / 2000;    current loss: 0.19681061804294586
INFO Gradient norm: 6.631862211128477
PROGRESS    Completed epoch 1941 / 2000;    current loss: 0.19340604543685913
INFO Gradient norm: 12.725109286635139
PROGRESS    Completed epoch 1942 / 2000;    current loss: 0.19533111155033112
INFO Gradient norm: 17.061129182036368
PROGRESS    Completed epoch 1943 / 2000;    current loss: 0.19747810065746307
INFO Gradient norm: 8.110422320439476
PROGRESS    Completed epoch 1944 / 2000;    current loss: 0.19373087584972382
INFO Gradient norm: 12.001071391161958
PROGRESS    Completed epoch 1945 / 2000;    current loss: 0.19492317736148834
INFO Gradient norm: 17.36586208886476
PROGRESS    Completed epoch 1946 / 2000;    current loss: 0.19734607636928558
INFO Gradient norm: 8.309435472591652
PROGRESS    Completed epoch 1947 / 2000;    current loss: 0.1937849223613739
INFO Gradient norm: 11.095407790842629
PROGRESS    Completed epoch 1948 / 2000;    current loss: 0.19467511773109436
INFO Gradient norm: 15.803339500260828
PROGRESS    Completed epoch 1949 / 2000;    current loss: 0.19676759839057922
INFO Gradient norm: 7.364810525625518
PROGRESS    Completed epoch 1950 / 2000;    current loss: 0.19353094696998596
INFO Gradient norm: 11.912325133301485
PROGRESS    Completed epoch 1951 / 2000;    current loss: 0.1948806643486023
INFO Gradient norm: 16.626541810543753
PROGRESS    Completed epoch 1952 / 2000;    current loss: 0.19692696630954742
INFO Gradient norm: 7.2141673759910105
PROGRESS    Completed epoch 1953 / 2000;    current loss: 0.19346489012241364
INFO Gradient norm: 12.021017619398222
PROGRESS    Completed epoch 1954 / 2000;    current loss: 0.19497956335544586
INFO Gradient norm: 16.529245156919625
PROGRESS    Completed epoch 1955 / 2000;    current loss: 0.19710731506347656
INFO Gradient norm: 7.95487897666109
PROGRESS    Completed epoch 1956 / 2000;    current loss: 0.19362208247184753
INFO Gradient norm: 11.604176533408907
PROGRESS    Completed epoch 1957 / 2000;    current loss: 0.19472533464431763
INFO Gradient norm: 16.73917046622703
PROGRESS    Completed epoch 1958 / 2000;    current loss: 0.1969524472951889
INFO Gradient norm: 7.757647596082078
PROGRESS    Completed epoch 1959 / 2000;    current loss: 0.19356198608875275
INFO Gradient norm: 11.265473745092219
PROGRESS    Completed epoch 1960 / 2000;    current loss: 0.19465720653533936
INFO Gradient norm: 15.781193010498004
PROGRESS    Completed epoch 1961 / 2000;    current loss: 0.1966744363307953
INFO Gradient norm: 7.340157489488273
PROGRESS    Completed epoch 1962 / 2000;    current loss: 0.19343964755535126
INFO Gradient norm: 11.793444711751105
PROGRESS    Completed epoch 1963 / 2000;    current loss: 0.19473840296268463
INFO Gradient norm: 16.56263847291686
PROGRESS    Completed epoch 1964 / 2000;    current loss: 0.1967926174402237
INFO Gradient norm: 7.355323206744532
PROGRESS    Completed epoch 1965 / 2000;    current loss: 0.193412184715271
INFO Gradient norm: 11.63104011684535
PROGRESS    Completed epoch 1966 / 2000;    current loss: 0.19474878907203674
INFO Gradient norm: 16.13024610162821
PROGRESS    Completed epoch 1967 / 2000;    current loss: 0.19681987166404724
INFO Gradient norm: 7.7364381861762
PROGRESS    Completed epoch 1968 / 2000;    current loss: 0.19348758459091187
INFO Gradient norm: 11.452862152201376
PROGRESS    Completed epoch 1969 / 2000;    current loss: 0.19456970691680908
INFO Gradient norm: 16.421001619056824
PROGRESS    Completed epoch 1970 / 2000;    current loss: 0.19668865203857422
INFO Gradient norm: 7.499627660505165
PROGRESS    Completed epoch 1971 / 2000;    current loss: 0.19340966641902924
INFO Gradient norm: 11.24437011274358
PROGRESS    Completed epoch 1972 / 2000;    current loss: 0.19455187022686005
INFO Gradient norm: 15.684949530977445
PROGRESS    Completed epoch 1973 / 2000;    current loss: 0.19653365015983582
INFO Gradient norm: 7.3485042247045005
PROGRESS    Completed epoch 1974 / 2000;    current loss: 0.19333955645561218
INFO Gradient norm: 11.538871753220585
PROGRESS    Completed epoch 1975 / 2000;    current loss: 0.19456347823143005
INFO Gradient norm: 16.29707506638294
PROGRESS    Completed epoch 1976 / 2000;    current loss: 0.19658218324184418
INFO Gradient norm: 7.299066476436406
PROGRESS    Completed epoch 1977 / 2000;    current loss: 0.1933143585920334
INFO Gradient norm: 11.345516229707313
PROGRESS    Completed epoch 1978 / 2000;    current loss: 0.19454766809940338
INFO Gradient norm: 15.774786462466018
PROGRESS    Completed epoch 1979 / 2000;    current loss: 0.19653961062431335
INFO Gradient norm: 7.496317686356485
PROGRESS    Completed epoch 1980 / 2000;    current loss: 0.19333720207214355
INFO Gradient norm: 11.324658064332406
PROGRESS    Completed epoch 1981 / 2000;    current loss: 0.19443367421627045
INFO Gradient norm: 16.165158640267375
PROGRESS    Completed epoch 1982 / 2000;    current loss: 0.19647933542728424
INFO Gradient norm: 7.342318845610302
PROGRESS    Completed epoch 1983 / 2000;    current loss: 0.19328323006629944
INFO Gradient norm: 11.117389504054469
PROGRESS    Completed epoch 1984 / 2000;    current loss: 0.1944212168455124
INFO Gradient norm: 15.514941509945455
PROGRESS    Completed epoch 1985 / 2000;    current loss: 0.19635199010372162
INFO Gradient norm: 7.308406054296922
PROGRESS    Completed epoch 1986 / 2000;    current loss: 0.19325299561023712
INFO Gradient norm: 11.29841723104451
PROGRESS    Completed epoch 1987 / 2000;    current loss: 0.1943882703781128
INFO Gradient norm: 16.004627743040114
PROGRESS    Completed epoch 1988 / 2000;    current loss: 0.19634129106998444
INFO Gradient norm: 7.19777407444664
PROGRESS    Completed epoch 1989 / 2000;    current loss: 0.19320040941238403
INFO Gradient norm: 11.148843899487328
PROGRESS    Completed epoch 1990 / 2000;    current loss: 0.19438645243644714
INFO Gradient norm: 15.39956255800609
PROGRESS    Completed epoch 1991 / 2000;    current loss: 0.19622668623924255
INFO Gradient norm: 6.05061816402469
PROGRESS    Completed epoch 1992 / 2000;    current loss: 0.19296956062316895
INFO Gradient norm: 13.414045186805497
PROGRESS    Completed epoch 1993 / 2000;    current loss: 0.1952066421508789
INFO Gradient norm: 18.110520955916904
PROGRESS    Completed epoch 1994 / 2000;    current loss: 0.19747593998908997
INFO Gradient norm: 8.534923530655952
PROGRESS    Completed epoch 1995 / 2000;    current loss: 0.1935848593711853
INFO Gradient norm: 11.233298312222212
PROGRESS    Completed epoch 1996 / 2000;    current loss: 0.19448021054267883
INFO Gradient norm: 16.470678759484112
PROGRESS    Completed epoch 1997 / 2000;    current loss: 0.1968880444765091
INFO Gradient norm: 8.639294822342015
PROGRESS    Completed epoch 1998 / 2000;    current loss: 0.1936360001564026
INFO Gradient norm: 10.217889748690032
PROGRESS    Completed epoch 1999 / 2000;    current loss: 0.1940859854221344
INFO Gradient norm: 15.152209059497556
PROGRESS    Completed epoch 2000 / 2000;    current loss: 0.19602452218532562
INFO    Saving model weights ...
INFO Model weights saved successfully to /home/hoang/utopya_output/Dengue/250605-154232/data/uni06/data_npc_checkpoint.pth
INFO    Simulation run finished.
INFO    Wrapping up ...
SUCCESS    All done.

---
end of log. exit code: 0

