Log of 'out' stream of WorkerTask 'uni02'
---

INFO    Using 'cpu' as training device. Number of threads: 10
INFO    Loading training data ...
INFO    Initializing the neural net ...
INFO    Initialized model 'Dengue'.
INFO    Now commencing training for 2000 epochs ...
INFO Gradient norm: 677.2687200250512
PROGRESS    Completed epoch 1 / 2000;    current loss: 222.90879821777344
INFO Gradient norm: 676.832545091929
PROGRESS    Completed epoch 2 / 2000;    current loss: 222.66175842285156
INFO Gradient norm: 676.3977079901392
PROGRESS    Completed epoch 3 / 2000;    current loss: 222.41554260253906
INFO Gradient norm: 675.9570240854524
PROGRESS    Completed epoch 4 / 2000;    current loss: 222.16871643066406
INFO Gradient norm: 675.5181059922882
PROGRESS    Completed epoch 5 / 2000;    current loss: 221.9215545654297
INFO Gradient norm: 675.0731588271342
PROGRESS    Completed epoch 6 / 2000;    current loss: 221.67437744140625
INFO Gradient norm: 674.630632102596
PROGRESS    Completed epoch 7 / 2000;    current loss: 221.427490234375
INFO Gradient norm: 674.1795184763182
PROGRESS    Completed epoch 8 / 2000;    current loss: 221.17950439453125
INFO Gradient norm: 673.7323225980983
PROGRESS    Completed epoch 9 / 2000;    current loss: 220.93136596679688
INFO Gradient norm: 673.2765181560437
PROGRESS    Completed epoch 10 / 2000;    current loss: 220.68157958984375
INFO Gradient norm: 672.8231762695551
PROGRESS    Completed epoch 11 / 2000;    current loss: 220.43209838867188
INFO Gradient norm: 672.3669369804994
PROGRESS    Completed epoch 12 / 2000;    current loss: 220.18142700195312
INFO Gradient norm: 671.8994392857312
PROGRESS    Completed epoch 13 / 2000;    current loss: 219.92868041992188
INFO Gradient norm: 671.4339906801948
PROGRESS    Completed epoch 14 / 2000;    current loss: 219.67544555664062
INFO Gradient norm: 670.9638107980121
PROGRESS    Completed epoch 15 / 2000;    current loss: 219.42071533203125
INFO Gradient norm: 670.4897676603093
PROGRESS    Completed epoch 16 / 2000;    current loss: 219.16485595703125
INFO Gradient norm: 670.0088815484935
PROGRESS    Completed epoch 17 / 2000;    current loss: 218.906005859375
INFO Gradient norm: 669.5229151267779
PROGRESS    Completed epoch 18 / 2000;    current loss: 218.64651489257812
INFO Gradient norm: 669.0308968115562
PROGRESS    Completed epoch 19 / 2000;    current loss: 218.38462829589844
INFO Gradient norm: 668.5376093185847
PROGRESS    Completed epoch 20 / 2000;    current loss: 218.1204071044922
INFO Gradient norm: 668.0327598293082
PROGRESS    Completed epoch 21 / 2000;    current loss: 217.85516357421875
INFO Gradient norm: 667.5285528848999
PROGRESS    Completed epoch 22 / 2000;    current loss: 217.58660888671875
INFO Gradient norm: 667.0137978017094
PROGRESS    Completed epoch 23 / 2000;    current loss: 217.31552124023438
INFO Gradient norm: 666.4979086874503
PROGRESS    Completed epoch 24 / 2000;    current loss: 217.04302978515625
INFO Gradient norm: 665.962978748901
PROGRESS    Completed epoch 25 / 2000;    current loss: 216.7652130126953
INFO Gradient norm: 665.4273467061546
PROGRESS    Completed epoch 26 / 2000;    current loss: 216.4868621826172
INFO Gradient norm: 664.8866715519547
PROGRESS    Completed epoch 27 / 2000;    current loss: 216.2046661376953
INFO Gradient norm: 664.3378368553058
PROGRESS    Completed epoch 28 / 2000;    current loss: 215.92034912109375
INFO Gradient norm: 663.7784725356657
PROGRESS    Completed epoch 29 / 2000;    current loss: 215.63169860839844
INFO Gradient norm: 663.2118728092005
PROGRESS    Completed epoch 30 / 2000;    current loss: 215.33999633789062
INFO Gradient norm: 662.6399824684753
PROGRESS    Completed epoch 31 / 2000;    current loss: 215.04595947265625
INFO Gradient norm: 662.052360357146
PROGRESS    Completed epoch 32 / 2000;    current loss: 214.74713134765625
INFO Gradient norm: 661.4628285453575
PROGRESS    Completed epoch 33 / 2000;    current loss: 214.44525146484375
INFO Gradient norm: 660.8598993729833
PROGRESS    Completed epoch 34 / 2000;    current loss: 214.13951110839844
INFO Gradient norm: 660.2465877090389
PROGRESS    Completed epoch 35 / 2000;    current loss: 213.82937622070312
INFO Gradient norm: 659.6226759549594
PROGRESS    Completed epoch 36 / 2000;    current loss: 213.51544189453125
INFO Gradient norm: 658.9912859418337
PROGRESS    Completed epoch 37 / 2000;    current loss: 213.19744873046875
INFO Gradient norm: 658.3461830148447
PROGRESS    Completed epoch 38 / 2000;    current loss: 212.87509155273438
INFO Gradient norm: 657.6949500322999
PROGRESS    Completed epoch 39 / 2000;    current loss: 212.54931640625
INFO Gradient norm: 657.0284790320479
PROGRESS    Completed epoch 40 / 2000;    current loss: 212.21754455566406
INFO Gradient norm: 656.3532461987168
PROGRESS    Completed epoch 41 / 2000;    current loss: 211.8824920654297
INFO Gradient norm: 655.6649689200035
PROGRESS    Completed epoch 42 / 2000;    current loss: 211.5419158935547
INFO Gradient norm: 654.9620839690529
PROGRESS    Completed epoch 43 / 2000;    current loss: 211.19680786132812
INFO Gradient norm: 654.2513356504003
PROGRESS    Completed epoch 44 / 2000;    current loss: 210.847412109375
INFO Gradient norm: 653.5289286848608
PROGRESS    Completed epoch 45 / 2000;    current loss: 210.4927978515625
INFO Gradient norm: 652.7883720938651
PROGRESS    Completed epoch 46 / 2000;    current loss: 210.1324005126953
INFO Gradient norm: 652.037469822084
PROGRESS    Completed epoch 47 / 2000;    current loss: 209.76747131347656
INFO Gradient norm: 651.2729629201203
PROGRESS    Completed epoch 48 / 2000;    current loss: 209.39736938476562
INFO Gradient norm: 650.4938054304562
PROGRESS    Completed epoch 49 / 2000;    current loss: 209.02108764648438
INFO Gradient norm: 649.7028688485792
PROGRESS    Completed epoch 50 / 2000;    current loss: 208.63967895507812
INFO Gradient norm: 648.8972942375887
PROGRESS    Completed epoch 51 / 2000;    current loss: 208.2536163330078
INFO Gradient norm: 648.0754938810444
PROGRESS    Completed epoch 52 / 2000;    current loss: 207.86129760742188
INFO Gradient norm: 647.2421103271474
PROGRESS    Completed epoch 53 / 2000;    current loss: 207.4633331298828
INFO Gradient norm: 646.393759498508
PROGRESS    Completed epoch 54 / 2000;    current loss: 207.0597686767578
INFO Gradient norm: 645.5306828296085
PROGRESS    Completed epoch 55 / 2000;    current loss: 206.6503448486328
INFO Gradient norm: 644.6505833674285
PROGRESS    Completed epoch 56 / 2000;    current loss: 206.2346649169922
INFO Gradient norm: 643.751940689002
PROGRESS    Completed epoch 57 / 2000;    current loss: 205.81260681152344
INFO Gradient norm: 642.8444095823875
PROGRESS    Completed epoch 58 / 2000;    current loss: 205.3855743408203
INFO Gradient norm: 641.9185179553825
PROGRESS    Completed epoch 59 / 2000;    current loss: 204.95166015625
INFO Gradient norm: 640.9760179747685
PROGRESS    Completed epoch 60 / 2000;    current loss: 204.51129150390625
INFO Gradient norm: 640.0153560210508
PROGRESS    Completed epoch 61 / 2000;    current loss: 204.0649871826172
INFO Gradient norm: 639.0384592130422
PROGRESS    Completed epoch 62 / 2000;    current loss: 203.61212158203125
INFO Gradient norm: 638.0505302755694
PROGRESS    Completed epoch 63 / 2000;    current loss: 203.15394592285156
INFO Gradient norm: 637.0409371784835
PROGRESS    Completed epoch 64 / 2000;    current loss: 202.68785095214844
INFO Gradient norm: 636.0149850491796
PROGRESS    Completed epoch 65 / 2000;    current loss: 202.21607971191406
INFO Gradient norm: 634.9711680585006
PROGRESS    Completed epoch 66 / 2000;    current loss: 201.73670959472656
INFO Gradient norm: 633.9082957436312
PROGRESS    Completed epoch 67 / 2000;    current loss: 201.2510528564453
INFO Gradient norm: 632.8359595071285
PROGRESS    Completed epoch 68 / 2000;    current loss: 200.75958251953125
INFO Gradient norm: 631.7425759949767
PROGRESS    Completed epoch 69 / 2000;    current loss: 200.26071166992188
INFO Gradient norm: 630.6299529137789
PROGRESS    Completed epoch 70 / 2000;    current loss: 199.7556915283203
INFO Gradient norm: 629.5012184134424
PROGRESS    Completed epoch 71 / 2000;    current loss: 199.24356079101562
INFO Gradient norm: 628.3578795548066
PROGRESS    Completed epoch 72 / 2000;    current loss: 198.7247314453125
INFO Gradient norm: 627.1884359449915
PROGRESS    Completed epoch 73 / 2000;    current loss: 198.19798278808594
INFO Gradient norm: 626.0087966613281
PROGRESS    Completed epoch 74 / 2000;    current loss: 197.6656951904297
INFO Gradient norm: 624.8126857336704
PROGRESS    Completed epoch 75 / 2000;    current loss: 197.12623596191406
INFO Gradient norm: 623.5925413749169
PROGRESS    Completed epoch 76 / 2000;    current loss: 196.5796661376953
INFO Gradient norm: 622.3617263810013
PROGRESS    Completed epoch 77 / 2000;    current loss: 196.02664184570312
INFO Gradient norm: 621.1069945129956
PROGRESS    Completed epoch 78 / 2000;    current loss: 195.46548461914062
INFO Gradient norm: 619.8385089893559
PROGRESS    Completed epoch 79 / 2000;    current loss: 194.8983917236328
INFO Gradient norm: 618.5502399189024
PROGRESS    Completed epoch 80 / 2000;    current loss: 194.32412719726562
INFO Gradient norm: 617.2469341178615
PROGRESS    Completed epoch 81 / 2000;    current loss: 193.74288940429688
INFO Gradient norm: 615.9262644000702
PROGRESS    Completed epoch 82 / 2000;    current loss: 193.1551513671875
INFO Gradient norm: 614.5827433273714
PROGRESS    Completed epoch 83 / 2000;    current loss: 192.55914306640625
INFO Gradient norm: 613.2268762165265
PROGRESS    Completed epoch 84 / 2000;    current loss: 191.95745849609375
INFO Gradient norm: 611.8547490534131
PROGRESS    Completed epoch 85 / 2000;    current loss: 191.34852600097656
INFO Gradient norm: 610.4607609684447
PROGRESS    Completed epoch 86 / 2000;    current loss: 190.7324981689453
INFO Gradient norm: 609.0520573428133
PROGRESS    Completed epoch 87 / 2000;    current loss: 190.109375
INFO Gradient norm: 607.6263957474723
PROGRESS    Completed epoch 88 / 2000;    current loss: 189.47952270507812
INFO Gradient norm: 606.1838422960936
PROGRESS    Completed epoch 89 / 2000;    current loss: 188.84291076660156
INFO Gradient norm: 604.7241712293246
PROGRESS    Completed epoch 90 / 2000;    current loss: 188.1993408203125
INFO Gradient norm: 603.2522785874951
PROGRESS    Completed epoch 91 / 2000;    current loss: 187.5491943359375
INFO Gradient norm: 601.7592175171246
PROGRESS    Completed epoch 92 / 2000;    current loss: 186.89202880859375
INFO Gradient norm: 600.2565597969137
PROGRESS    Completed epoch 93 / 2000;    current loss: 186.2288360595703
INFO Gradient norm: 598.732132153257
PROGRESS    Completed epoch 94 / 2000;    current loss: 185.5576629638672
INFO Gradient norm: 597.1969272906653
PROGRESS    Completed epoch 95 / 2000;    current loss: 184.880615234375
INFO Gradient norm: 595.6441062223379
PROGRESS    Completed epoch 96 / 2000;    current loss: 184.19662475585938
INFO Gradient norm: 594.0784747440374
PROGRESS    Completed epoch 97 / 2000;    current loss: 183.50564575195312
INFO Gradient norm: 592.5003261214091
PROGRESS    Completed epoch 98 / 2000;    current loss: 182.80905151367188
INFO Gradient norm: 590.9034623586971
PROGRESS    Completed epoch 99 / 2000;    current loss: 182.10487365722656
INFO Gradient norm: 589.2970304686798
PROGRESS    Completed epoch 100 / 2000;    current loss: 181.39483642578125
INFO Gradient norm: 587.6756152774008
PROGRESS    Completed epoch 101 / 2000;    current loss: 180.677734375
INFO Gradient norm: 586.0421149169143
PROGRESS    Completed epoch 102 / 2000;    current loss: 179.9545440673828
INFO Gradient norm: 584.3965193439899
PROGRESS    Completed epoch 103 / 2000;    current loss: 179.22560119628906
INFO Gradient norm: 582.7346681304082
PROGRESS    Completed epoch 104 / 2000;    current loss: 178.48878479003906
INFO Gradient norm: 581.0657936265703
PROGRESS    Completed epoch 105 / 2000;    current loss: 177.7472381591797
INFO Gradient norm: 579.3812208730907
PROGRESS    Completed epoch 106 / 2000;    current loss: 176.99818420410156
INFO Gradient norm: 577.6883802901651
PROGRESS    Completed epoch 107 / 2000;    current loss: 176.244140625
INFO Gradient norm: 575.9772184451556
PROGRESS    Completed epoch 108 / 2000;    current loss: 175.48248291015625
INFO Gradient norm: 574.260658377172
PROGRESS    Completed epoch 109 / 2000;    current loss: 174.71531677246094
INFO Gradient norm: 572.5305585682394
PROGRESS    Completed epoch 110 / 2000;    current loss: 173.9423370361328
INFO Gradient norm: 570.7888373462027
PROGRESS    Completed epoch 111 / 2000;    current loss: 173.16323852539062
INFO Gradient norm: 569.039377968941
PROGRESS    Completed epoch 112 / 2000;    current loss: 172.3787078857422
INFO Gradient norm: 567.2771814180725
PROGRESS    Completed epoch 113 / 2000;    current loss: 171.5872802734375
INFO Gradient norm: 565.5053589466593
PROGRESS    Completed epoch 114 / 2000;    current loss: 170.79042053222656
INFO Gradient norm: 563.7262306172969
PROGRESS    Completed epoch 115 / 2000;    current loss: 169.9883270263672
INFO Gradient norm: 561.9326669615851
PROGRESS    Completed epoch 116 / 2000;    current loss: 169.17898559570312
INFO Gradient norm: 560.1309876567809
PROGRESS    Completed epoch 117 / 2000;    current loss: 168.36553955078125
INFO Gradient norm: 558.3199642483862
PROGRESS    Completed epoch 118 / 2000;    current loss: 167.5452880859375
INFO Gradient norm: 556.4986418652716
PROGRESS    Completed epoch 119 / 2000;    current loss: 166.7196044921875
INFO Gradient norm: 554.6695875222964
PROGRESS    Completed epoch 120 / 2000;    current loss: 165.88914489746094
INFO Gradient norm: 552.8316007632535
PROGRESS    Completed epoch 121 / 2000;    current loss: 165.05227661132812
INFO Gradient norm: 550.9824125473837
PROGRESS    Completed epoch 122 / 2000;    current loss: 164.21017456054688
INFO Gradient norm: 549.1264775883803
PROGRESS    Completed epoch 123 / 2000;    current loss: 163.3632354736328
INFO Gradient norm: 547.2581556388069
PROGRESS    Completed epoch 124 / 2000;    current loss: 162.50982666015625
INFO Gradient norm: 545.3825809522948
PROGRESS    Completed epoch 125 / 2000;    current loss: 161.65142822265625
INFO Gradient norm: 543.4966531860916
PROGRESS    Completed epoch 126 / 2000;    current loss: 160.787353515625
INFO Gradient norm: 541.6007149028796
PROGRESS    Completed epoch 127 / 2000;    current loss: 159.91790771484375
INFO Gradient norm: 539.697609556985
PROGRESS    Completed epoch 128 / 2000;    current loss: 159.044189453125
INFO Gradient norm: 537.7817888173026
PROGRESS    Completed epoch 129 / 2000;    current loss: 158.16360473632812
INFO Gradient norm: 535.8563585914995
PROGRESS    Completed epoch 130 / 2000;    current loss: 157.2783966064453
INFO Gradient norm: 533.9199676152252
PROGRESS    Completed epoch 131 / 2000;    current loss: 156.38775634765625
INFO Gradient norm: 531.9736862407561
PROGRESS    Completed epoch 132 / 2000;    current loss: 155.49176025390625
INFO Gradient norm: 530.0139758062127
PROGRESS    Completed epoch 133 / 2000;    current loss: 154.5902862548828
INFO Gradient norm: 528.0449364134854
PROGRESS    Completed epoch 134 / 2000;    current loss: 153.68336486816406
INFO Gradient norm: 526.061152368462
PROGRESS    Completed epoch 135 / 2000;    current loss: 152.77102661132812
INFO Gradient norm: 524.0657958229676
PROGRESS    Completed epoch 136 / 2000;    current loss: 151.85401916503906
INFO Gradient norm: 522.0589408996982
PROGRESS    Completed epoch 137 / 2000;    current loss: 150.93162536621094
INFO Gradient norm: 520.03564429615
PROGRESS    Completed epoch 138 / 2000;    current loss: 150.00338745117188
INFO Gradient norm: 518.0013669832703
PROGRESS    Completed epoch 139 / 2000;    current loss: 149.0708465576172
INFO Gradient norm: 515.9506764201142
PROGRESS    Completed epoch 140 / 2000;    current loss: 148.132080078125
INFO Gradient norm: 513.8846988647621
PROGRESS    Completed epoch 141 / 2000;    current loss: 147.1890106201172
INFO Gradient norm: 511.80256930477447
PROGRESS    Completed epoch 142 / 2000;    current loss: 146.239990234375
INFO Gradient norm: 509.70510597868446
PROGRESS    Completed epoch 143 / 2000;    current loss: 145.28562927246094
INFO Gradient norm: 507.5910113535291
PROGRESS    Completed epoch 144 / 2000;    current loss: 144.32640075683594
INFO Gradient norm: 505.4599578979119
PROGRESS    Completed epoch 145 / 2000;    current loss: 143.36190795898438
INFO Gradient norm: 503.31163720556253
PROGRESS    Completed epoch 146 / 2000;    current loss: 142.39239501953125
INFO Gradient norm: 501.14509726576364
PROGRESS    Completed epoch 147 / 2000;    current loss: 141.41798400878906
INFO Gradient norm: 498.96035435449085
PROGRESS    Completed epoch 148 / 2000;    current loss: 140.4381561279297
INFO Gradient norm: 496.75655365021
PROGRESS    Completed epoch 149 / 2000;    current loss: 139.45321655273438
INFO Gradient norm: 494.5356822157616
PROGRESS    Completed epoch 150 / 2000;    current loss: 138.4637908935547
INFO Gradient norm: 492.2938567012944
PROGRESS    Completed epoch 151 / 2000;    current loss: 137.46875
INFO Gradient norm: 490.0346352761072
PROGRESS    Completed epoch 152 / 2000;    current loss: 136.46946716308594
INFO Gradient norm: 487.75319082982855
PROGRESS    Completed epoch 153 / 2000;    current loss: 135.4650115966797
INFO Gradient norm: 485.45251831942704
PROGRESS    Completed epoch 154 / 2000;    current loss: 134.4557647705078
INFO Gradient norm: 483.13039921584385
PROGRESS    Completed epoch 155 / 2000;    current loss: 133.44158935546875
INFO Gradient norm: 480.78765011950276
PROGRESS    Completed epoch 156 / 2000;    current loss: 132.4230499267578
INFO Gradient norm: 478.4239920294003
PROGRESS    Completed epoch 157 / 2000;    current loss: 131.39959716796875
INFO Gradient norm: 476.037090944125
PROGRESS    Completed epoch 158 / 2000;    current loss: 130.37185668945312
INFO Gradient norm: 473.6293076281274
PROGRESS    Completed epoch 159 / 2000;    current loss: 129.3397216796875
INFO Gradient norm: 471.1975565358851
PROGRESS    Completed epoch 160 / 2000;    current loss: 128.3028564453125
INFO Gradient norm: 468.7447140534482
PROGRESS    Completed epoch 161 / 2000;    current loss: 127.2622299194336
INFO Gradient norm: 466.26890468121746
PROGRESS    Completed epoch 162 / 2000;    current loss: 126.21725463867188
INFO Gradient norm: 463.76956908656047
PROGRESS    Completed epoch 163 / 2000;    current loss: 125.16804504394531
INFO Gradient norm: 461.2485559449341
PROGRESS    Completed epoch 164 / 2000;    current loss: 124.11506652832031
INFO Gradient norm: 458.7065753068667
PROGRESS    Completed epoch 165 / 2000;    current loss: 123.05862426757812
INFO Gradient norm: 456.1423976448035
PROGRESS    Completed epoch 166 / 2000;    current loss: 121.99855041503906
INFO Gradient norm: 453.5543577937485
PROGRESS    Completed epoch 167 / 2000;    current loss: 120.93397521972656
INFO Gradient norm: 450.9462227676653
PROGRESS    Completed epoch 168 / 2000;    current loss: 119.86698913574219
INFO Gradient norm: 448.3136904823404
PROGRESS    Completed epoch 169 / 2000;    current loss: 118.7964859008789
INFO Gradient norm: 445.66132619296485
PROGRESS    Completed epoch 170 / 2000;    current loss: 117.72248840332031
INFO Gradient norm: 442.98731223746586
PROGRESS    Completed epoch 171 / 2000;    current loss: 116.64588928222656
INFO Gradient norm: 440.29160587893784
PROGRESS    Completed epoch 172 / 2000;    current loss: 115.56620788574219
INFO Gradient norm: 437.5758156556695
PROGRESS    Completed epoch 173 / 2000;    current loss: 114.48345947265625
INFO Gradient norm: 434.8408214417942
PROGRESS    Completed epoch 174 / 2000;    current loss: 113.39888000488281
INFO Gradient norm: 432.0866935346863
PROGRESS    Completed epoch 175 / 2000;    current loss: 112.31172180175781
INFO Gradient norm: 429.30986442786246
PROGRESS    Completed epoch 176 / 2000;    current loss: 111.22228240966797
INFO Gradient norm: 426.51472295457734
PROGRESS    Completed epoch 177 / 2000;    current loss: 110.13076782226562
INFO Gradient norm: 423.69985274854815
PROGRESS    Completed epoch 178 / 2000;    current loss: 109.03728485107422
INFO Gradient norm: 420.86767537426664
PROGRESS    Completed epoch 179 / 2000;    current loss: 107.94184112548828
INFO Gradient norm: 418.01433752403557
PROGRESS    Completed epoch 180 / 2000;    current loss: 106.84468841552734
INFO Gradient norm: 415.1418482659823
PROGRESS    Completed epoch 181 / 2000;    current loss: 105.74612426757812
INFO Gradient norm: 412.25339844934246
PROGRESS    Completed epoch 182 / 2000;    current loss: 104.64640045166016
INFO Gradient norm: 409.34550787354397
PROGRESS    Completed epoch 183 / 2000;    current loss: 103.54525756835938
INFO Gradient norm: 406.41831299913866
PROGRESS    Completed epoch 184 / 2000;    current loss: 102.44331359863281
INFO Gradient norm: 403.4734530576714
PROGRESS    Completed epoch 185 / 2000;    current loss: 101.33981323242188
INFO Gradient norm: 400.51213398401643
PROGRESS    Completed epoch 186 / 2000;    current loss: 100.23619079589844
INFO Gradient norm: 397.53351590961245
PROGRESS    Completed epoch 187 / 2000;    current loss: 99.13145446777344
INFO Gradient norm: 394.5363968814074
PROGRESS    Completed epoch 188 / 2000;    current loss: 98.02613067626953
INFO Gradient norm: 391.5237672713005
PROGRESS    Completed epoch 189 / 2000;    current loss: 96.92064666748047
INFO Gradient norm: 388.36011191473085
PROGRESS    Completed epoch 190 / 2000;    current loss: 95.82233428955078
INFO Gradient norm: 385.3825945809593
PROGRESS    Completed epoch 191 / 2000;    current loss: 94.73436737060547
INFO Gradient norm: 382.3807414847262
PROGRESS    Completed epoch 192 / 2000;    current loss: 93.6441650390625
INFO Gradient norm: 379.3577462795735
PROGRESS    Completed epoch 193 / 2000;    current loss: 92.5517807006836
INFO Gradient norm: 376.3128269710313
PROGRESS    Completed epoch 194 / 2000;    current loss: 91.45679473876953
INFO Gradient norm: 373.2456767810936
PROGRESS    Completed epoch 195 / 2000;    current loss: 90.3600845336914
INFO Gradient norm: 370.15748569921857
PROGRESS    Completed epoch 196 / 2000;    current loss: 89.26226806640625
INFO Gradient norm: 367.0514544471076
PROGRESS    Completed epoch 197 / 2000;    current loss: 88.16295623779297
INFO Gradient norm: 363.92700399605485
PROGRESS    Completed epoch 198 / 2000;    current loss: 87.062255859375
INFO Gradient norm: 360.78818530511643
PROGRESS    Completed epoch 199 / 2000;    current loss: 85.9613037109375
INFO Gradient norm: 357.63614833293474
PROGRESS    Completed epoch 200 / 2000;    current loss: 84.85935974121094
INFO Gradient norm: 354.47109383235346
PROGRESS    Completed epoch 201 / 2000;    current loss: 83.75728607177734
INFO Gradient norm: 351.29711589440075
PROGRESS    Completed epoch 202 / 2000;    current loss: 82.65544128417969
INFO Gradient norm: 348.11732350682735
PROGRESS    Completed epoch 203 / 2000;    current loss: 81.55362701416016
INFO Gradient norm: 344.92989229470913
PROGRESS    Completed epoch 204 / 2000;    current loss: 80.45177459716797
INFO Gradient norm: 341.74058219589307
PROGRESS    Completed epoch 205 / 2000;    current loss: 79.35090637207031
INFO Gradient norm: 338.55033229471934
PROGRESS    Completed epoch 206 / 2000;    current loss: 78.25047302246094
INFO Gradient norm: 335.4809496372134
PROGRESS    Completed epoch 207 / 2000;    current loss: 77.15198516845703
INFO Gradient norm: 332.3216405081026
PROGRESS    Completed epoch 208 / 2000;    current loss: 76.06095123291016
INFO Gradient norm: 329.1609119817628
PROGRESS    Completed epoch 209 / 2000;    current loss: 74.96953582763672
INFO Gradient norm: 325.99749479853637
PROGRESS    Completed epoch 210 / 2000;    current loss: 73.87789154052734
INFO Gradient norm: 322.83446490873166
PROGRESS    Completed epoch 211 / 2000;    current loss: 72.78630065917969
INFO Gradient norm: 319.6735492593013
PROGRESS    Completed epoch 212 / 2000;    current loss: 71.69493103027344
INFO Gradient norm: 316.5138192108946
PROGRESS    Completed epoch 213 / 2000;    current loss: 70.60408782958984
INFO Gradient norm: 313.2612578641581
PROGRESS    Completed epoch 214 / 2000;    current loss: 69.51541900634766
INFO Gradient norm: 310.14037932741525
PROGRESS    Completed epoch 215 / 2000;    current loss: 68.43132019042969
INFO Gradient norm: 307.0269926431822
PROGRESS    Completed epoch 216 / 2000;    current loss: 67.34793090820312
INFO Gradient norm: 303.9211956815983
PROGRESS    Completed epoch 217 / 2000;    current loss: 66.2651596069336
INFO Gradient norm: 300.8268015234346
PROGRESS    Completed epoch 218 / 2000;    current loss: 65.18317413330078
INFO Gradient norm: 297.74322551166836
PROGRESS    Completed epoch 219 / 2000;    current loss: 64.10250854492188
INFO Gradient norm: 294.77756374559254
PROGRESS    Completed epoch 220 / 2000;    current loss: 63.022884368896484
INFO Gradient norm: 291.7406308552111
PROGRESS    Completed epoch 221 / 2000;    current loss: 61.947662353515625
INFO Gradient norm: 288.72081702209584
PROGRESS    Completed epoch 222 / 2000;    current loss: 60.87364196777344
INFO Gradient norm: 285.62718074518097
PROGRESS    Completed epoch 223 / 2000;    current loss: 59.80148696899414
INFO Gradient norm: 282.66138445147203
PROGRESS    Completed epoch 224 / 2000;    current loss: 58.73209762573242
INFO Gradient norm: 279.71841277935204
PROGRESS    Completed epoch 225 / 2000;    current loss: 57.6638298034668
INFO Gradient norm: 276.9012619951321
PROGRESS    Completed epoch 226 / 2000;    current loss: 56.597877502441406
INFO Gradient norm: 274.0211083094418
PROGRESS    Completed epoch 227 / 2000;    current loss: 55.534332275390625
INFO Gradient norm: 271.0815542095194
PROGRESS    Completed epoch 228 / 2000;    current loss: 54.47315979003906
INFO Gradient norm: 268.27114245150665
PROGRESS    Completed epoch 229 / 2000;    current loss: 53.414344787597656
INFO Gradient norm: 265.4900337288221
PROGRESS    Completed epoch 230 / 2000;    current loss: 52.35675048828125
INFO Gradient norm: 262.84884098515903
PROGRESS    Completed epoch 231 / 2000;    current loss: 51.30392837524414
INFO Gradient norm: 260.1452100219279
PROGRESS    Completed epoch 232 / 2000;    current loss: 50.252376556396484
INFO Gradient norm: 257.46736454711373
PROGRESS    Completed epoch 233 / 2000;    current loss: 49.20188903808594
INFO Gradient norm: 254.75170802932098
PROGRESS    Completed epoch 234 / 2000;    current loss: 48.15629196166992
INFO Gradient norm: 252.15306432627472
PROGRESS    Completed epoch 235 / 2000;    current loss: 47.11308288574219
INFO Gradient norm: 249.57458360559096
PROGRESS    Completed epoch 236 / 2000;    current loss: 46.071815490722656
INFO Gradient norm: 247.0119252432317
PROGRESS    Completed epoch 237 / 2000;    current loss: 45.03315734863281
INFO Gradient norm: 244.54093209961903
PROGRESS    Completed epoch 238 / 2000;    current loss: 43.99740219116211
INFO Gradient norm: 242.00429888165718
PROGRESS    Completed epoch 239 / 2000;    current loss: 42.96670913696289
INFO Gradient norm: 239.37791453478283
PROGRESS    Completed epoch 240 / 2000;    current loss: 41.93911361694336
INFO Gradient norm: 236.81354652602732
PROGRESS    Completed epoch 241 / 2000;    current loss: 40.91645431518555
INFO Gradient norm: 234.29558640064806
PROGRESS    Completed epoch 242 / 2000;    current loss: 39.89937210083008
INFO Gradient norm: 231.6427396135704
PROGRESS    Completed epoch 243 / 2000;    current loss: 38.88673782348633
INFO Gradient norm: 228.8574036200928
PROGRESS    Completed epoch 244 / 2000;    current loss: 37.88175582885742
INFO Gradient norm: 226.06151032866447
PROGRESS    Completed epoch 245 / 2000;    current loss: 36.883914947509766
INFO Gradient norm: 223.16472172160417
PROGRESS    Completed epoch 246 / 2000;    current loss: 35.893898010253906
INFO Gradient norm: 220.24236113014635
PROGRESS    Completed epoch 247 / 2000;    current loss: 34.914764404296875
INFO Gradient norm: 217.1636782052843
PROGRESS    Completed epoch 248 / 2000;    current loss: 33.947364807128906
INFO Gradient norm: 213.96743196135563
PROGRESS    Completed epoch 249 / 2000;    current loss: 32.99370193481445
INFO Gradient norm: 210.8757205944737
PROGRESS    Completed epoch 250 / 2000;    current loss: 32.05707550048828
INFO Gradient norm: 208.0300118089813
PROGRESS    Completed epoch 251 / 2000;    current loss: 31.14000129699707
INFO Gradient norm: 205.4875038921633
PROGRESS    Completed epoch 252 / 2000;    current loss: 30.246112823486328
INFO Gradient norm: 203.90893219818574
PROGRESS    Completed epoch 253 / 2000;    current loss: 29.380468368530273
INFO Gradient norm: 203.58752621052875
PROGRESS    Completed epoch 254 / 2000;    current loss: 28.546091079711914
INFO Gradient norm: 203.68409503820283
PROGRESS    Completed epoch 255 / 2000;    current loss: 27.736289978027344
INFO Gradient norm: 203.0324906967444
PROGRESS    Completed epoch 256 / 2000;    current loss: 26.936763763427734
INFO Gradient norm: 201.0208102719803
PROGRESS    Completed epoch 257 / 2000;    current loss: 26.137359619140625
INFO Gradient norm: 197.07815224009286
PROGRESS    Completed epoch 258 / 2000;    current loss: 25.337711334228516
INFO Gradient norm: 191.43105435332984
PROGRESS    Completed epoch 259 / 2000;    current loss: 24.537151336669922
INFO Gradient norm: 184.72358281770505
PROGRESS    Completed epoch 260 / 2000;    current loss: 23.745840072631836
INFO Gradient norm: 177.66832689527493
PROGRESS    Completed epoch 261 / 2000;    current loss: 22.96883773803711
INFO Gradient norm: 171.2643283121193
PROGRESS    Completed epoch 262 / 2000;    current loss: 22.214473724365234
INFO Gradient norm: 166.55286995771212
PROGRESS    Completed epoch 263 / 2000;    current loss: 21.483898162841797
INFO Gradient norm: 162.70818801170955
PROGRESS    Completed epoch 264 / 2000;    current loss: 20.7657470703125
INFO Gradient norm: 159.1691814824693
PROGRESS    Completed epoch 265 / 2000;    current loss: 20.053951263427734
INFO Gradient norm: 155.67907451277716
PROGRESS    Completed epoch 266 / 2000;    current loss: 19.346864700317383
INFO Gradient norm: 152.24023702408576
PROGRESS    Completed epoch 267 / 2000;    current loss: 18.64798355102539
INFO Gradient norm: 148.90794933785372
PROGRESS    Completed epoch 268 / 2000;    current loss: 17.957721710205078
INFO Gradient norm: 146.14223470452154
PROGRESS    Completed epoch 269 / 2000;    current loss: 17.27996826171875
INFO Gradient norm: 144.75275893277393
PROGRESS    Completed epoch 270 / 2000;    current loss: 16.62127113342285
INFO Gradient norm: 143.21913231767752
PROGRESS    Completed epoch 271 / 2000;    current loss: 15.980493545532227
INFO Gradient norm: 140.22423269321692
PROGRESS    Completed epoch 272 / 2000;    current loss: 15.347848892211914
INFO Gradient norm: 135.64657623532386
PROGRESS    Completed epoch 273 / 2000;    current loss: 14.72429370880127
INFO Gradient norm: 130.09351706952904
PROGRESS    Completed epoch 274 / 2000;    current loss: 14.111903190612793
INFO Gradient norm: 124.97446769335998
PROGRESS    Completed epoch 275 / 2000;    current loss: 13.516813278198242
INFO Gradient norm: 121.31118125649533
PROGRESS    Completed epoch 276 / 2000;    current loss: 12.93758773803711
INFO Gradient norm: 117.95976907358423
PROGRESS    Completed epoch 277 / 2000;    current loss: 12.367264747619629
INFO Gradient norm: 114.66661692005242
PROGRESS    Completed epoch 278 / 2000;    current loss: 11.804500579833984
INFO Gradient norm: 112.06109207897845
PROGRESS    Completed epoch 279 / 2000;    current loss: 11.253547668457031
INFO Gradient norm: 111.92699417253635
PROGRESS    Completed epoch 280 / 2000;    current loss: 10.724945068359375
INFO Gradient norm: 111.24253699672008
PROGRESS    Completed epoch 281 / 2000;    current loss: 10.210930824279785
INFO Gradient norm: 107.91559197349355
PROGRESS    Completed epoch 282 / 2000;    current loss: 9.702535629272461
INFO Gradient norm: 102.09162846676807
PROGRESS    Completed epoch 283 / 2000;    current loss: 9.200682640075684
INFO Gradient norm: 96.05029241980306
PROGRESS    Completed epoch 284 / 2000;    current loss: 8.716573715209961
INFO Gradient norm: 91.96654401647142
PROGRESS    Completed epoch 285 / 2000;    current loss: 8.25296688079834
INFO Gradient norm: 89.42267205237788
PROGRESS    Completed epoch 286 / 2000;    current loss: 7.80147123336792
INFO Gradient norm: 87.04314900384522
PROGRESS    Completed epoch 287 / 2000;    current loss: 7.3824310302734375
INFO Gradient norm: 84.65373531479807
PROGRESS    Completed epoch 288 / 2000;    current loss: 6.983570098876953
INFO Gradient norm: 80.42422333525721
PROGRESS    Completed epoch 289 / 2000;    current loss: 6.589427471160889
INFO Gradient norm: 76.33396554511945
PROGRESS    Completed epoch 290 / 2000;    current loss: 6.204147815704346
INFO Gradient norm: 77.05581762079755
PROGRESS    Completed epoch 291 / 2000;    current loss: 5.839200496673584
INFO Gradient norm: 78.56850734828285
PROGRESS    Completed epoch 292 / 2000;    current loss: 5.489139080047607
INFO Gradient norm: 75.29027780206681
PROGRESS    Completed epoch 293 / 2000;    current loss: 5.14432954788208
INFO Gradient norm: 67.86466347812011
PROGRESS    Completed epoch 294 / 2000;    current loss: 4.808104991912842
INFO Gradient norm: 61.769657165121494
PROGRESS    Completed epoch 295 / 2000;    current loss: 4.486761093139648
INFO Gradient norm: 59.86990403095664
PROGRESS    Completed epoch 296 / 2000;    current loss: 4.180810451507568
INFO Gradient norm: 56.76041324858121
PROGRESS    Completed epoch 297 / 2000;    current loss: 3.882538080215454
INFO Gradient norm: 53.74391274765009
PROGRESS    Completed epoch 298 / 2000;    current loss: 3.5953893661499023
INFO Gradient norm: 53.43939711242419
PROGRESS    Completed epoch 299 / 2000;    current loss: 3.3230087757110596
INFO Gradient norm: 50.55756979288297
PROGRESS    Completed epoch 300 / 2000;    current loss: 3.0600061416625977
INFO Gradient norm: 46.218443837816594
PROGRESS    Completed epoch 301 / 2000;    current loss: 2.826700210571289
INFO Gradient norm: 45.70720822495393
PROGRESS    Completed epoch 302 / 2000;    current loss: 2.6121222972869873
INFO Gradient norm: 41.82866663813472
PROGRESS    Completed epoch 303 / 2000;    current loss: 2.399250030517578
INFO Gradient norm: 39.449775962605756
PROGRESS    Completed epoch 304 / 2000;    current loss: 2.1946496963500977
INFO Gradient norm: 40.54407913986489
PROGRESS    Completed epoch 305 / 2000;    current loss: 2.0069937705993652
INFO Gradient norm: 35.89808608189419
PROGRESS    Completed epoch 306 / 2000;    current loss: 1.8236819505691528
INFO Gradient norm: 32.00103569926174
PROGRESS    Completed epoch 307 / 2000;    current loss: 1.6525524854660034
INFO Gradient norm: 34.53425856718527
PROGRESS    Completed epoch 308 / 2000;    current loss: 1.5086308717727661
INFO Gradient norm: 28.895267091594338
PROGRESS    Completed epoch 309 / 2000;    current loss: 1.3680843114852905
INFO Gradient norm: 27.883111905722583
PROGRESS    Completed epoch 310 / 2000;    current loss: 1.2378463745117188
INFO Gradient norm: 30.48584729366298
PROGRESS    Completed epoch 311 / 2000;    current loss: 1.119659423828125
INFO Gradient norm: 21.21186224570399
PROGRESS    Completed epoch 312 / 2000;    current loss: 1.0178390741348267
INFO Gradient norm: 33.64279344065072
PROGRESS    Completed epoch 313 / 2000;    current loss: 0.9555752277374268
INFO Gradient norm: 30.821123093722854
PROGRESS    Completed epoch 314 / 2000;    current loss: 0.887319028377533
INFO Gradient norm: 16.078883309674957
PROGRESS    Completed epoch 315 / 2000;    current loss: 0.8233548998832703
INFO Gradient norm: 36.136488059775225
PROGRESS    Completed epoch 316 / 2000;    current loss: 0.7821975350379944
INFO Gradient norm: 43.16235765347012
PROGRESS    Completed epoch 317 / 2000;    current loss: 0.7419803738594055
INFO Gradient norm: 18.746112438609405
PROGRESS    Completed epoch 318 / 2000;    current loss: 0.6930455565452576
INFO Gradient norm: 28.16201890986861
PROGRESS    Completed epoch 319 / 2000;    current loss: 0.6639704704284668
INFO Gradient norm: 29.299417820080702
PROGRESS    Completed epoch 320 / 2000;    current loss: 0.6356140375137329
INFO Gradient norm: 9.725982177733908
PROGRESS    Completed epoch 321 / 2000;    current loss: 0.6065273284912109
INFO Gradient norm: 15.811749169968477
PROGRESS    Completed epoch 322 / 2000;    current loss: 0.5866174697875977
INFO Gradient norm: 8.791819452312742
PROGRESS    Completed epoch 323 / 2000;    current loss: 0.5695202946662903
INFO Gradient norm: 27.562273602853622
PROGRESS    Completed epoch 324 / 2000;    current loss: 0.5674347281455994
INFO Gradient norm: 12.263492843785274
PROGRESS    Completed epoch 325 / 2000;    current loss: 0.5556015968322754
INFO Gradient norm: 30.37776565145398
PROGRESS    Completed epoch 326 / 2000;    current loss: 0.5603832602500916
INFO Gradient norm: 21.67367963002298
PROGRESS    Completed epoch 327 / 2000;    current loss: 0.5577760338783264
INFO Gradient norm: 19.568151303930623
PROGRESS    Completed epoch 328 / 2000;    current loss: 0.5559472441673279
INFO Gradient norm: 19.05449001681517
PROGRESS    Completed epoch 329 / 2000;    current loss: 0.5523768067359924
INFO Gradient norm: 22.135226357412936
PROGRESS    Completed epoch 330 / 2000;    current loss: 0.5506686568260193
INFO Gradient norm: 24.38737314585978
PROGRESS    Completed epoch 331 / 2000;    current loss: 0.5513800382614136
INFO Gradient norm: 16.751429353187067
PROGRESS    Completed epoch 332 / 2000;    current loss: 0.547562837600708
INFO Gradient norm: 22.282604657151847
PROGRESS    Completed epoch 333 / 2000;    current loss: 0.5471532344818115
INFO Gradient norm: 12.326501380902624
PROGRESS    Completed epoch 334 / 2000;    current loss: 0.5400882363319397
INFO Gradient norm: 12.720199348933955
PROGRESS    Completed epoch 335 / 2000;    current loss: 0.5365591645240784
INFO Gradient norm: 23.394499472518653
PROGRESS    Completed epoch 336 / 2000;    current loss: 0.5395926237106323
INFO Gradient norm: 14.214361378632645
PROGRESS    Completed epoch 337 / 2000;    current loss: 0.5347365736961365
INFO Gradient norm: 22.414246138922646
PROGRESS    Completed epoch 338 / 2000;    current loss: 0.5338780879974365
INFO Gradient norm: 12.117630484404
PROGRESS    Completed epoch 339 / 2000;    current loss: 0.5264500975608826
INFO Gradient norm: 21.010620101690257
PROGRESS    Completed epoch 340 / 2000;    current loss: 0.5240164995193481
INFO Gradient norm: 13.592161069109876
PROGRESS    Completed epoch 341 / 2000;    current loss: 0.5201157331466675
INFO Gradient norm: 14.775153283130246
PROGRESS    Completed epoch 342 / 2000;    current loss: 0.520017683506012
INFO Gradient norm: 10.844979471439379
PROGRESS    Completed epoch 343 / 2000;    current loss: 0.5145040154457092
INFO Gradient norm: 23.510062886026677
PROGRESS    Completed epoch 344 / 2000;    current loss: 0.5134332776069641
INFO Gradient norm: 14.317338499040327
PROGRESS    Completed epoch 345 / 2000;    current loss: 0.5048275589942932
INFO Gradient norm: 20.29815405017354
PROGRESS    Completed epoch 346 / 2000;    current loss: 0.5027122497558594
INFO Gradient norm: 14.587146180024979
PROGRESS    Completed epoch 347 / 2000;    current loss: 0.49664220213890076
INFO Gradient norm: 18.951833259167262
PROGRESS    Completed epoch 348 / 2000;    current loss: 0.4955283999443054
INFO Gradient norm: 14.95745143172619
PROGRESS    Completed epoch 349 / 2000;    current loss: 0.49246346950531006
INFO Gradient norm: 20.628240677016944
PROGRESS    Completed epoch 350 / 2000;    current loss: 0.49169474840164185
INFO Gradient norm: 14.832004298045888
PROGRESS    Completed epoch 351 / 2000;    current loss: 0.4859772324562073
INFO Gradient norm: 15.637115120178239
PROGRESS    Completed epoch 352 / 2000;    current loss: 0.48205631971359253
INFO Gradient norm: 14.567908610532102
PROGRESS    Completed epoch 353 / 2000;    current loss: 0.48144859075546265
INFO Gradient norm: 16.992094015794606
PROGRESS    Completed epoch 354 / 2000;    current loss: 0.4809192419052124
INFO Gradient norm: 14.820275114491718
PROGRESS    Completed epoch 355 / 2000;    current loss: 0.4746688902378082
INFO Gradient norm: 30.00462523938651
PROGRESS    Completed epoch 356 / 2000;    current loss: 0.4809471666812897
INFO Gradient norm: 29.79136659699136
PROGRESS    Completed epoch 357 / 2000;    current loss: 0.47904640436172485
INFO Gradient norm: 12.318168122937896
PROGRESS    Completed epoch 358 / 2000;    current loss: 0.46721360087394714
INFO Gradient norm: 11.303549192996138
PROGRESS    Completed epoch 359 / 2000;    current loss: 0.46487924456596375
INFO Gradient norm: 18.345589201373535
PROGRESS    Completed epoch 360 / 2000;    current loss: 0.4656409025192261
INFO Gradient norm: 6.899701376139353
PROGRESS    Completed epoch 361 / 2000;    current loss: 0.45906737446784973
INFO Gradient norm: 7.833549385005615
PROGRESS    Completed epoch 362 / 2000;    current loss: 0.4556000828742981
INFO Gradient norm: 9.153002439113536
PROGRESS    Completed epoch 363 / 2000;    current loss: 0.4523184895515442
INFO Gradient norm: 7.500450804873867
PROGRESS    Completed epoch 364 / 2000;    current loss: 0.44510918855667114
INFO Gradient norm: 6.844750120876853
PROGRESS    Completed epoch 365 / 2000;    current loss: 0.4439188241958618
INFO Gradient norm: 9.510370424120596
PROGRESS    Completed epoch 366 / 2000;    current loss: 0.43928074836730957
INFO Gradient norm: 18.588469291601083
PROGRESS    Completed epoch 367 / 2000;    current loss: 0.4343004524707794
INFO Gradient norm: 7.527978978734858
PROGRESS    Completed epoch 368 / 2000;    current loss: 0.4260736405849457
INFO Gradient norm: 25.743375793751774
PROGRESS    Completed epoch 369 / 2000;    current loss: 0.42725807428359985
INFO Gradient norm: 17.370177786110673
PROGRESS    Completed epoch 370 / 2000;    current loss: 0.41904157400131226
INFO Gradient norm: 19.264404624495725
PROGRESS    Completed epoch 371 / 2000;    current loss: 0.4186018109321594
INFO Gradient norm: 17.02607085119379
PROGRESS    Completed epoch 372 / 2000;    current loss: 0.41485923528671265
INFO Gradient norm: 18.011388136565326
PROGRESS    Completed epoch 373 / 2000;    current loss: 0.41088175773620605
INFO Gradient norm: 14.832315443022003
PROGRESS    Completed epoch 374 / 2000;    current loss: 0.4047802984714508
INFO Gradient norm: 13.679293855094093
PROGRESS    Completed epoch 375 / 2000;    current loss: 0.4005587100982666
INFO Gradient norm: 6.561024049356431
PROGRESS    Completed epoch 376 / 2000;    current loss: 0.39626774191856384
INFO Gradient norm: 13.053577582049519
PROGRESS    Completed epoch 377 / 2000;    current loss: 0.39346498250961304
INFO Gradient norm: 9.751559967888367
PROGRESS    Completed epoch 378 / 2000;    current loss: 0.39109042286872864
INFO Gradient norm: 21.707094984808734
PROGRESS    Completed epoch 379 / 2000;    current loss: 0.3920096457004547
INFO Gradient norm: 13.520910912107011
PROGRESS    Completed epoch 380 / 2000;    current loss: 0.3852419853210449
INFO Gradient norm: 19.503195328312575
PROGRESS    Completed epoch 381 / 2000;    current loss: 0.3831816613674164
INFO Gradient norm: 12.752140309260325
PROGRESS    Completed epoch 382 / 2000;    current loss: 0.37690621614456177
INFO Gradient norm: 23.944148372527494
PROGRESS    Completed epoch 383 / 2000;    current loss: 0.37602493166923523
INFO Gradient norm: 18.067498576074186
PROGRESS    Completed epoch 384 / 2000;    current loss: 0.3680911660194397
INFO Gradient norm: 21.328271536743564
PROGRESS    Completed epoch 385 / 2000;    current loss: 0.36663544178009033
INFO Gradient norm: 25.552474227491633
PROGRESS    Completed epoch 386 / 2000;    current loss: 0.368355929851532
INFO Gradient norm: 6.727179102676672
PROGRESS    Completed epoch 387 / 2000;    current loss: 0.35773465037345886
INFO Gradient norm: 13.56845106328233
PROGRESS    Completed epoch 388 / 2000;    current loss: 0.35580846667289734
INFO Gradient norm: 10.537589869679662
PROGRESS    Completed epoch 389 / 2000;    current loss: 0.35245469212532043
INFO Gradient norm: 7.292361342433231
PROGRESS    Completed epoch 390 / 2000;    current loss: 0.34751182794570923
INFO Gradient norm: 11.869388572388331
PROGRESS    Completed epoch 391 / 2000;    current loss: 0.34619855880737305
INFO Gradient norm: 6.2832075369990275
PROGRESS    Completed epoch 392 / 2000;    current loss: 0.34128305315971375
INFO Gradient norm: 6.800556187998576
PROGRESS    Completed epoch 393 / 2000;    current loss: 0.33641567826271057
INFO Gradient norm: 9.435130183732873
PROGRESS    Completed epoch 394 / 2000;    current loss: 0.3288141191005707
INFO Gradient norm: 15.376658977868455
PROGRESS    Completed epoch 395 / 2000;    current loss: 0.33052143454551697
INFO Gradient norm: 11.505822421260621
PROGRESS    Completed epoch 396 / 2000;    current loss: 0.32698071002960205
INFO Gradient norm: 11.710012853427566
PROGRESS    Completed epoch 397 / 2000;    current loss: 0.321458637714386
INFO Gradient norm: 12.007625602736828
PROGRESS    Completed epoch 398 / 2000;    current loss: 0.314803808927536
INFO Gradient norm: 6.718423977704649
PROGRESS    Completed epoch 399 / 2000;    current loss: 0.3071943521499634
INFO Gradient norm: 13.049691109524938
PROGRESS    Completed epoch 400 / 2000;    current loss: 0.30597883462905884
INFO Gradient norm: 5.3266850430358295
PROGRESS    Completed epoch 401 / 2000;    current loss: 0.30082616209983826
INFO Gradient norm: 11.562569843811128
PROGRESS    Completed epoch 402 / 2000;    current loss: 0.2963646948337555
INFO Gradient norm: 5.258484532256074
PROGRESS    Completed epoch 403 / 2000;    current loss: 0.29283055663108826
INFO Gradient norm: 8.430051575423729
PROGRESS    Completed epoch 404 / 2000;    current loss: 0.2901361882686615
INFO Gradient norm: 6.961678193457498
PROGRESS    Completed epoch 405 / 2000;    current loss: 0.28411486744880676
INFO Gradient norm: 8.005888553145617
PROGRESS    Completed epoch 406 / 2000;    current loss: 0.2767184376716614
INFO Gradient norm: 11.521610363235576
PROGRESS    Completed epoch 407 / 2000;    current loss: 0.27440473437309265
INFO Gradient norm: 7.051578236669535
PROGRESS    Completed epoch 408 / 2000;    current loss: 0.27075231075286865
INFO Gradient norm: 18.295571160445682
PROGRESS    Completed epoch 409 / 2000;    current loss: 0.2712506949901581
INFO Gradient norm: 10.846693514632983
PROGRESS    Completed epoch 410 / 2000;    current loss: 0.26526349782943726
INFO Gradient norm: 17.194612343095685
PROGRESS    Completed epoch 411 / 2000;    current loss: 0.2650650441646576
INFO Gradient norm: 10.439115318095263
PROGRESS    Completed epoch 412 / 2000;    current loss: 0.2581779956817627
INFO Gradient norm: 23.55798094973641
PROGRESS    Completed epoch 413 / 2000;    current loss: 0.26035061478614807
INFO Gradient norm: 9.356126350938293
PROGRESS    Completed epoch 414 / 2000;    current loss: 0.2540905475616455
INFO Gradient norm: 24.773929886016568
PROGRESS    Completed epoch 415 / 2000;    current loss: 0.26239898800849915
INFO Gradient norm: 22.636247814732947
PROGRESS    Completed epoch 416 / 2000;    current loss: 0.25937628746032715
INFO Gradient norm: 9.618408457551853
PROGRESS    Completed epoch 417 / 2000;    current loss: 0.2504687011241913
INFO Gradient norm: 14.23622668107148
PROGRESS    Completed epoch 418 / 2000;    current loss: 0.24966731667518616
INFO Gradient norm: 11.277357450862327
PROGRESS    Completed epoch 419 / 2000;    current loss: 0.24707219004631042
INFO Gradient norm: 4.470937156078637
PROGRESS    Completed epoch 420 / 2000;    current loss: 0.24265702068805695
INFO Gradient norm: 14.58743045445918
PROGRESS    Completed epoch 421 / 2000;    current loss: 0.24200591444969177
INFO Gradient norm: 6.148719813787713
PROGRESS    Completed epoch 422 / 2000;    current loss: 0.23817631602287292
INFO Gradient norm: 3.6052097458234695
PROGRESS    Completed epoch 423 / 2000;    current loss: 0.2354939877986908
INFO Gradient norm: 3.9416361125313237
PROGRESS    Completed epoch 424 / 2000;    current loss: 0.2334309071302414
INFO Gradient norm: 11.690415207693361
PROGRESS    Completed epoch 425 / 2000;    current loss: 0.23265373706817627
INFO Gradient norm: 6.056812295100041
PROGRESS    Completed epoch 426 / 2000;    current loss: 0.2286740243434906
INFO Gradient norm: 3.4567633533272026
PROGRESS    Completed epoch 427 / 2000;    current loss: 0.22521212697029114
INFO Gradient norm: 14.955594076641118
PROGRESS    Completed epoch 428 / 2000;    current loss: 0.22700545191764832
INFO Gradient norm: 10.533651105320535
PROGRESS    Completed epoch 429 / 2000;    current loss: 0.22747361660003662
INFO Gradient norm: 21.263385613063303
PROGRESS    Completed epoch 430 / 2000;    current loss: 0.23454128205776215
INFO Gradient norm: 15.991387032312923
PROGRESS    Completed epoch 431 / 2000;    current loss: 0.23313578963279724
INFO Gradient norm: 14.716913969568555
PROGRESS    Completed epoch 432 / 2000;    current loss: 0.23574621975421906
INFO Gradient norm: 7.473422295985537
PROGRESS    Completed epoch 433 / 2000;    current loss: 0.23561711609363556
INFO Gradient norm: 12.155296773639764
PROGRESS    Completed epoch 434 / 2000;    current loss: 0.23336637020111084
INFO Gradient norm: 5.622844478647155
PROGRESS    Completed epoch 435 / 2000;    current loss: 0.22810585796833038
INFO Gradient norm: 3.709650234858452
PROGRESS    Completed epoch 436 / 2000;    current loss: 0.22372625768184662
INFO Gradient norm: 4.833442333188056
PROGRESS    Completed epoch 437 / 2000;    current loss: 0.22064152359962463
INFO Gradient norm: 4.4532807272188855
PROGRESS    Completed epoch 438 / 2000;    current loss: 0.22308045625686646
INFO Gradient norm: 11.530067720674378
PROGRESS    Completed epoch 439 / 2000;    current loss: 0.2270379364490509
INFO Gradient norm: 6.286392742170224
PROGRESS    Completed epoch 440 / 2000;    current loss: 0.22809511423110962
INFO Gradient norm: 4.6615315222965235
PROGRESS    Completed epoch 441 / 2000;    current loss: 0.22869174182415009
INFO Gradient norm: 3.4270963343627936
PROGRESS    Completed epoch 442 / 2000;    current loss: 0.2271948754787445
INFO Gradient norm: 3.608800782613877
PROGRESS    Completed epoch 443 / 2000;    current loss: 0.22461986541748047
INFO Gradient norm: 6.575198318929256
PROGRESS    Completed epoch 444 / 2000;    current loss: 0.2220829874277115
INFO Gradient norm: 8.920168983356717
PROGRESS    Completed epoch 445 / 2000;    current loss: 0.22323806583881378
INFO Gradient norm: 9.507231494439266
PROGRESS    Completed epoch 446 / 2000;    current loss: 0.224824920296669
INFO Gradient norm: 4.448668377831104
PROGRESS    Completed epoch 447 / 2000;    current loss: 0.22355040907859802
INFO Gradient norm: 4.001403628230332
PROGRESS    Completed epoch 448 / 2000;    current loss: 0.2222026288509369
INFO Gradient norm: 13.646405020393782
PROGRESS    Completed epoch 449 / 2000;    current loss: 0.22475403547286987
INFO Gradient norm: 3.376891151800859
PROGRESS    Completed epoch 450 / 2000;    current loss: 0.2215867042541504
INFO Gradient norm: 3.4483728163017218
PROGRESS    Completed epoch 451 / 2000;    current loss: 0.22032900154590607
INFO Gradient norm: 11.772466583090727
PROGRESS    Completed epoch 452 / 2000;    current loss: 0.22141599655151367
INFO Gradient norm: 3.2013601218238246
PROGRESS    Completed epoch 453 / 2000;    current loss: 0.21997971832752228
INFO Gradient norm: 3.506769545405692
PROGRESS    Completed epoch 454 / 2000;    current loss: 0.21862947940826416
INFO Gradient norm: 3.587445538223889
PROGRESS    Completed epoch 455 / 2000;    current loss: 0.21735352277755737
INFO Gradient norm: 10.79443346214867
PROGRESS    Completed epoch 456 / 2000;    current loss: 0.21859578788280487
INFO Gradient norm: 11.349890750231582
PROGRESS    Completed epoch 457 / 2000;    current loss: 0.21994048357009888
INFO Gradient norm: 4.663547617911861
PROGRESS    Completed epoch 458 / 2000;    current loss: 0.21891221404075623
INFO Gradient norm: 9.931618123414337
PROGRESS    Completed epoch 459 / 2000;    current loss: 0.21773920953273773
INFO Gradient norm: 8.731616165919228
PROGRESS    Completed epoch 460 / 2000;    current loss: 0.21687652170658112
INFO Gradient norm: 3.3171851859074164
PROGRESS    Completed epoch 461 / 2000;    current loss: 0.2154964953660965
INFO Gradient norm: 3.1357497395391936
PROGRESS    Completed epoch 462 / 2000;    current loss: 0.21444880962371826
INFO Gradient norm: 17.151536645137
PROGRESS    Completed epoch 463 / 2000;    current loss: 0.2205168753862381
INFO Gradient norm: 5.076498125558115
PROGRESS    Completed epoch 464 / 2000;    current loss: 0.21676751971244812
INFO Gradient norm: 25.98553190876331
PROGRESS    Completed epoch 465 / 2000;    current loss: 0.22791580855846405
INFO Gradient norm: 22.01272929596857
PROGRESS    Completed epoch 466 / 2000;    current loss: 0.22426271438598633
INFO Gradient norm: 8.123492539256656
PROGRESS    Completed epoch 467 / 2000;    current loss: 0.2177823781967163
INFO Gradient norm: 7.778730661763304
PROGRESS    Completed epoch 468 / 2000;    current loss: 0.21791815757751465
INFO Gradient norm: 17.742469509939337
PROGRESS    Completed epoch 469 / 2000;    current loss: 0.2219962775707245
INFO Gradient norm: 9.935342600926326
PROGRESS    Completed epoch 470 / 2000;    current loss: 0.2181146889925003
INFO Gradient norm: 22.884604358759898
PROGRESS    Completed epoch 471 / 2000;    current loss: 0.22616343200206757
INFO Gradient norm: 22.308035186390075
PROGRESS    Completed epoch 472 / 2000;    current loss: 0.2256496548652649
INFO Gradient norm: 7.651669586699036
PROGRESS    Completed epoch 473 / 2000;    current loss: 0.2171134352684021
INFO Gradient norm: 8.595284816386744
PROGRESS    Completed epoch 474 / 2000;    current loss: 0.21707522869110107
INFO Gradient norm: 16.098224661532484
PROGRESS    Completed epoch 475 / 2000;    current loss: 0.220472052693367
INFO Gradient norm: 9.482976945640058
PROGRESS    Completed epoch 476 / 2000;    current loss: 0.21708692610263824
INFO Gradient norm: 23.185711802154213
PROGRESS    Completed epoch 477 / 2000;    current loss: 0.22429074347019196
INFO Gradient norm: 20.80759990367213
PROGRESS    Completed epoch 478 / 2000;    current loss: 0.2223913073539734
INFO Gradient norm: 10.809803425188354
PROGRESS    Completed epoch 479 / 2000;    current loss: 0.21711716055870056
INFO Gradient norm: 10.166972973654657
PROGRESS    Completed epoch 480 / 2000;    current loss: 0.2166234403848648
INFO Gradient norm: 17.60921443562869
PROGRESS    Completed epoch 481 / 2000;    current loss: 0.21962317824363708
INFO Gradient norm: 12.134428536772264
PROGRESS    Completed epoch 482 / 2000;    current loss: 0.21649251878261566
INFO Gradient norm: 19.11696904196917
PROGRESS    Completed epoch 483 / 2000;    current loss: 0.22062864899635315
INFO Gradient norm: 14.076846008794698
PROGRESS    Completed epoch 484 / 2000;    current loss: 0.21765108406543732
INFO Gradient norm: 18.236253957572227
PROGRESS    Completed epoch 485 / 2000;    current loss: 0.22008249163627625
INFO Gradient norm: 17.140958610020434
PROGRESS    Completed epoch 486 / 2000;    current loss: 0.21957924962043762
INFO Gradient norm: 12.244640140582446
PROGRESS    Completed epoch 487 / 2000;    current loss: 0.21703684329986572
INFO Gradient norm: 10.034886553694065
PROGRESS    Completed epoch 488 / 2000;    current loss: 0.2160833179950714
INFO Gradient norm: 13.721239959407875
PROGRESS    Completed epoch 489 / 2000;    current loss: 0.21818643808364868
INFO Gradient norm: 3.046011846563906
PROGRESS    Completed epoch 490 / 2000;    current loss: 0.21599189937114716
INFO Gradient norm: 15.246622258943148
PROGRESS    Completed epoch 491 / 2000;    current loss: 0.21908240020275116
INFO Gradient norm: 3.315194253807299
PROGRESS    Completed epoch 492 / 2000;    current loss: 0.2150794267654419
INFO Gradient norm: 24.753930105025
PROGRESS    Completed epoch 493 / 2000;    current loss: 0.22418807446956635
INFO Gradient norm: 24.230467128233244
PROGRESS    Completed epoch 494 / 2000;    current loss: 0.22406551241874695
INFO Gradient norm: 9.997555516558906
PROGRESS    Completed epoch 495 / 2000;    current loss: 0.21660184860229492
INFO Gradient norm: 8.835630738399585
PROGRESS    Completed epoch 496 / 2000;    current loss: 0.21654614806175232
INFO Gradient norm: 21.84341986648445
PROGRESS    Completed epoch 497 / 2000;    current loss: 0.22316618263721466
INFO Gradient norm: 13.967574112761314
PROGRESS    Completed epoch 498 / 2000;    current loss: 0.21853449940681458
INFO Gradient norm: 22.180704457645938
PROGRESS    Completed epoch 499 / 2000;    current loss: 0.22483178973197937
INFO Gradient norm: 16.172619936176645
PROGRESS    Completed epoch 500 / 2000;    current loss: 0.22140279412269592
INFO Gradient norm: 22.054594192476895
PROGRESS    Completed epoch 501 / 2000;    current loss: 0.2257208526134491
INFO Gradient norm: 20.940744501149243
PROGRESS    Completed epoch 502 / 2000;    current loss: 0.22572356462478638
INFO Gradient norm: 13.728617491074974
PROGRESS    Completed epoch 503 / 2000;    current loss: 0.2220681756734848
INFO Gradient norm: 11.297415239924248
PROGRESS    Completed epoch 504 / 2000;    current loss: 0.2214106023311615
INFO Gradient norm: 21.48637390412174
PROGRESS    Completed epoch 505 / 2000;    current loss: 0.22747111320495605
INFO Gradient norm: 15.340365043314122
PROGRESS    Completed epoch 506 / 2000;    current loss: 0.2235782891511917
INFO Gradient norm: 22.050735056100578
PROGRESS    Completed epoch 507 / 2000;    current loss: 0.22785109281539917
INFO Gradient norm: 20.174947926713635
PROGRESS    Completed epoch 508 / 2000;    current loss: 0.22626033425331116
INFO Gradient norm: 14.98323657250126
PROGRESS    Completed epoch 509 / 2000;    current loss: 0.22295305132865906
INFO Gradient norm: 12.715654916993575
PROGRESS    Completed epoch 510 / 2000;    current loss: 0.2215310037136078
INFO Gradient norm: 20.342532251272743
PROGRESS    Completed epoch 511 / 2000;    current loss: 0.22551235556602478
INFO Gradient norm: 15.227803965433566
PROGRESS    Completed epoch 512 / 2000;    current loss: 0.22184747457504272
INFO Gradient norm: 20.470744281601686
PROGRESS    Completed epoch 513 / 2000;    current loss: 0.22497159242630005
INFO Gradient norm: 10.323666756159698
PROGRESS    Completed epoch 514 / 2000;    current loss: 0.22054842114448547
INFO Gradient norm: 26.676153678136448
PROGRESS    Completed epoch 515 / 2000;    current loss: 0.23184111714363098
INFO Gradient norm: 26.377929968729205
PROGRESS    Completed epoch 516 / 2000;    current loss: 0.2322188913822174
INFO Gradient norm: 6.515358643306715
PROGRESS    Completed epoch 517 / 2000;    current loss: 0.2217952460050583
INFO Gradient norm: 12.907898957321335
PROGRESS    Completed epoch 518 / 2000;    current loss: 0.22291143238544464
INFO Gradient norm: 11.16283654142212
PROGRESS    Completed epoch 519 / 2000;    current loss: 0.22035786509513855
INFO Gradient norm: 4.983751051077451
PROGRESS    Completed epoch 520 / 2000;    current loss: 0.21713732182979584
INFO Gradient norm: 15.153784384147977
PROGRESS    Completed epoch 521 / 2000;    current loss: 0.21928733587265015
INFO Gradient norm: 2.2943364832022852
PROGRESS    Completed epoch 522 / 2000;    current loss: 0.21433208882808685
INFO Gradient norm: 9.702250002543204
PROGRESS    Completed epoch 523 / 2000;    current loss: 0.21490895748138428
INFO Gradient norm: 13.857198903072332
PROGRESS    Completed epoch 524 / 2000;    current loss: 0.21627521514892578
INFO Gradient norm: 6.103842322932931
PROGRESS    Completed epoch 525 / 2000;    current loss: 0.21356476843357086
INFO Gradient norm: 22.437424035924572
PROGRESS    Completed epoch 526 / 2000;    current loss: 0.22218751907348633
INFO Gradient norm: 16.099149262453558
PROGRESS    Completed epoch 527 / 2000;    current loss: 0.21938928961753845
INFO Gradient norm: 18.96919508803362
PROGRESS    Completed epoch 528 / 2000;    current loss: 0.2244216799736023
INFO Gradient norm: 18.720827115157338
PROGRESS    Completed epoch 529 / 2000;    current loss: 0.22712266445159912
INFO Gradient norm: 13.339011336181963
PROGRESS    Completed epoch 530 / 2000;    current loss: 0.2253098487854004
INFO Gradient norm: 15.099115952405052
PROGRESS    Completed epoch 531 / 2000;    current loss: 0.22593097388744354
INFO Gradient norm: 11.437060131448828
PROGRESS    Completed epoch 532 / 2000;    current loss: 0.22342558205127716
INFO Gradient norm: 5.992849418332616
PROGRESS    Completed epoch 533 / 2000;    current loss: 0.21947646141052246
INFO Gradient norm: 17.765073097819037
PROGRESS    Completed epoch 534 / 2000;    current loss: 0.22062315046787262
INFO Gradient norm: 8.607611193830696
PROGRESS    Completed epoch 535 / 2000;    current loss: 0.21431300044059753
INFO Gradient norm: 14.077131758601615
PROGRESS    Completed epoch 536 / 2000;    current loss: 0.21577654778957367
INFO Gradient norm: 5.618462732995784
PROGRESS    Completed epoch 537 / 2000;    current loss: 0.2117648422718048
INFO Gradient norm: 21.776447444309763
PROGRESS    Completed epoch 538 / 2000;    current loss: 0.21937020123004913
INFO Gradient norm: 8.297382219700202
PROGRESS    Completed epoch 539 / 2000;    current loss: 0.2127464860677719
INFO Gradient norm: 28.653112296390304
PROGRESS    Completed epoch 540 / 2000;    current loss: 0.22691112756729126
INFO Gradient norm: 28.24477883247088
PROGRESS    Completed epoch 541 / 2000;    current loss: 0.22666645050048828
INFO Gradient norm: 4.445073935328789
PROGRESS    Completed epoch 542 / 2000;    current loss: 0.21236096322536469
INFO Gradient norm: 8.106400085219654
PROGRESS    Completed epoch 543 / 2000;    current loss: 0.21349301934242249
INFO Gradient norm: 13.1420197217844
PROGRESS    Completed epoch 544 / 2000;    current loss: 0.21553513407707214
INFO Gradient norm: 2.3429382564366303
PROGRESS    Completed epoch 545 / 2000;    current loss: 0.21221525967121124
INFO Gradient norm: 18.08065370273059
PROGRESS    Completed epoch 546 / 2000;    current loss: 0.2169763445854187
INFO Gradient norm: 4.483533431793884
PROGRESS    Completed epoch 547 / 2000;    current loss: 0.21058525145053864
INFO Gradient norm: 27.552006929406513
PROGRESS    Completed epoch 548 / 2000;    current loss: 0.22275970876216888
INFO Gradient norm: 15.254595716680246
PROGRESS    Completed epoch 549 / 2000;    current loss: 0.21356450021266937
INFO Gradient norm: 22.95423809303944
PROGRESS    Completed epoch 550 / 2000;    current loss: 0.22000448405742645
INFO Gradient norm: 18.208753563551728
PROGRESS    Completed epoch 551 / 2000;    current loss: 0.2172238826751709
INFO Gradient norm: 16.18910546011299
PROGRESS    Completed epoch 552 / 2000;    current loss: 0.21705543994903564
INFO Gradient norm: 16.01600767478969
PROGRESS    Completed epoch 553 / 2000;    current loss: 0.2183392345905304
INFO Gradient norm: 14.112348365227648
PROGRESS    Completed epoch 554 / 2000;    current loss: 0.21815170347690582
INFO Gradient norm: 10.605565413236759
PROGRESS    Completed epoch 555 / 2000;    current loss: 0.21747711300849915
INFO Gradient norm: 18.971839727100264
PROGRESS    Completed epoch 556 / 2000;    current loss: 0.2223026603460312
INFO Gradient norm: 13.372387315943076
PROGRESS    Completed epoch 557 / 2000;    current loss: 0.21880407631397247
INFO Gradient norm: 20.410676150502155
PROGRESS    Completed epoch 558 / 2000;    current loss: 0.22238986194133759
INFO Gradient norm: 18.37580840840111
PROGRESS    Completed epoch 559 / 2000;    current loss: 0.22058965265750885
INFO Gradient norm: 14.024190616337421
PROGRESS    Completed epoch 560 / 2000;    current loss: 0.21786972880363464
INFO Gradient norm: 12.365605568680227
PROGRESS    Completed epoch 561 / 2000;    current loss: 0.216587632894516
INFO Gradient norm: 14.662155699663064
PROGRESS    Completed epoch 562 / 2000;    current loss: 0.21776935458183289
INFO Gradient norm: 8.034239478962231
PROGRESS    Completed epoch 563 / 2000;    current loss: 0.21521809697151184
INFO Gradient norm: 22.558193676921427
PROGRESS    Completed epoch 564 / 2000;    current loss: 0.22248190641403198
INFO Gradient norm: 17.017718572524245
PROGRESS    Completed epoch 565 / 2000;    current loss: 0.21797938644886017
INFO Gradient norm: 17.578102467526907
PROGRESS    Completed epoch 566 / 2000;    current loss: 0.21796801686286926
INFO Gradient norm: 16.611405345779325
PROGRESS    Completed epoch 567 / 2000;    current loss: 0.2169511914253235
INFO Gradient norm: 14.409356403010085
PROGRESS    Completed epoch 568 / 2000;    current loss: 0.21505817770957947
INFO Gradient norm: 11.417142517509744
PROGRESS    Completed epoch 569 / 2000;    current loss: 0.2133008986711502
INFO Gradient norm: 19.131290061236523
PROGRESS    Completed epoch 570 / 2000;    current loss: 0.21754029393196106
INFO Gradient norm: 14.77543587966597
PROGRESS    Completed epoch 571 / 2000;    current loss: 0.21440768241882324
INFO Gradient norm: 18.888266288019302
PROGRESS    Completed epoch 572 / 2000;    current loss: 0.21599528193473816
INFO Gradient norm: 17.13822115761839
PROGRESS    Completed epoch 573 / 2000;    current loss: 0.2146022617816925
INFO Gradient norm: 14.274659262351868
PROGRESS    Completed epoch 574 / 2000;    current loss: 0.21325872838497162
INFO Gradient norm: 11.421158364682878
PROGRESS    Completed epoch 575 / 2000;    current loss: 0.21160754561424255
INFO Gradient norm: 17.271087815870025
PROGRESS    Completed epoch 576 / 2000;    current loss: 0.21401000022888184
INFO Gradient norm: 6.373506487149907
PROGRESS    Completed epoch 577 / 2000;    current loss: 0.20962654054164886
INFO Gradient norm: 24.955867962611553
PROGRESS    Completed epoch 578 / 2000;    current loss: 0.22091279923915863
INFO Gradient norm: 20.625095335707094
PROGRESS    Completed epoch 579 / 2000;    current loss: 0.21800187230110168
INFO Gradient norm: 12.022103429250498
PROGRESS    Completed epoch 580 / 2000;    current loss: 0.21420830488204956
INFO Gradient norm: 13.298593478277809
PROGRESS    Completed epoch 581 / 2000;    current loss: 0.2156357765197754
INFO Gradient norm: 13.232879486276747
PROGRESS    Completed epoch 582 / 2000;    current loss: 0.2154398113489151
INFO Gradient norm: 9.199681782935308
PROGRESS    Completed epoch 583 / 2000;    current loss: 0.213822603225708
INFO Gradient norm: 17.17821104480089
PROGRESS    Completed epoch 584 / 2000;    current loss: 0.2168610543012619
INFO Gradient norm: 10.775503749537448
PROGRESS    Completed epoch 585 / 2000;    current loss: 0.21233919262886047
INFO Gradient norm: 16.01724671559932
PROGRESS    Completed epoch 586 / 2000;    current loss: 0.21462686359882355
INFO Gradient norm: 6.984361381184074
PROGRESS    Completed epoch 587 / 2000;    current loss: 0.21179363131523132
INFO Gradient norm: 23.068541180387072
PROGRESS    Completed epoch 588 / 2000;    current loss: 0.22039605677127838
INFO Gradient norm: 16.836763158046498
PROGRESS    Completed epoch 589 / 2000;    current loss: 0.2154163122177124
INFO Gradient norm: 18.25272801284494
PROGRESS    Completed epoch 590 / 2000;    current loss: 0.21575646102428436
INFO Gradient norm: 18.418361765725464
PROGRESS    Completed epoch 591 / 2000;    current loss: 0.21566268801689148
INFO Gradient norm: 9.88704121075856
PROGRESS    Completed epoch 592 / 2000;    current loss: 0.21131637692451477
INFO Gradient norm: 8.742718108915021
PROGRESS    Completed epoch 593 / 2000;    current loss: 0.21113914251327515
INFO Gradient norm: 18.109627373510087
PROGRESS    Completed epoch 594 / 2000;    current loss: 0.21573078632354736
INFO Gradient norm: 10.896800170379823
PROGRESS    Completed epoch 595 / 2000;    current loss: 0.21194709837436676
INFO Gradient norm: 23.83076395614606
PROGRESS    Completed epoch 596 / 2000;    current loss: 0.22006601095199585
INFO Gradient norm: 21.78445575171853
PROGRESS    Completed epoch 597 / 2000;    current loss: 0.21837925910949707
INFO Gradient norm: 11.022897603647312
PROGRESS    Completed epoch 598 / 2000;    current loss: 0.21175269782543182
INFO Gradient norm: 10.715960376267661
PROGRESS    Completed epoch 599 / 2000;    current loss: 0.21146851778030396
INFO Gradient norm: 17.432036847019013
PROGRESS    Completed epoch 600 / 2000;    current loss: 0.21480512619018555
INFO Gradient norm: 11.098376618200644
PROGRESS    Completed epoch 601 / 2000;    current loss: 0.21128134429454803
INFO Gradient norm: 22.042691757891188
PROGRESS    Completed epoch 602 / 2000;    current loss: 0.21761372685432434
INFO Gradient norm: 19.91732139831897
PROGRESS    Completed epoch 603 / 2000;    current loss: 0.21573340892791748
INFO Gradient norm: 11.925947444237382
PROGRESS    Completed epoch 604 / 2000;    current loss: 0.2108311802148819
INFO Gradient norm: 10.8023423551724
PROGRESS    Completed epoch 605 / 2000;    current loss: 0.2101161926984787
INFO Gradient norm: 17.77089484494317
PROGRESS    Completed epoch 606 / 2000;    current loss: 0.2135924994945526
INFO Gradient norm: 13.165516036192592
PROGRESS    Completed epoch 607 / 2000;    current loss: 0.2107696235179901
INFO Gradient norm: 18.494828555440034
PROGRESS    Completed epoch 608 / 2000;    current loss: 0.21380391716957092
INFO Gradient norm: 15.04549045958345
PROGRESS    Completed epoch 609 / 2000;    current loss: 0.2117941677570343
INFO Gradient norm: 16.80712554461965
PROGRESS    Completed epoch 610 / 2000;    current loss: 0.21294748783111572
INFO Gradient norm: 14.646910134770172
PROGRESS    Completed epoch 611 / 2000;    current loss: 0.21166758239269257
INFO Gradient norm: 16.08171969929585
PROGRESS    Completed epoch 612 / 2000;    current loss: 0.2123674601316452
INFO Gradient norm: 12.92405905171006
PROGRESS    Completed epoch 613 / 2000;    current loss: 0.21065472066402435
INFO Gradient norm: 17.989905107095844
PROGRESS    Completed epoch 614 / 2000;    current loss: 0.2135830968618393
INFO Gradient norm: 14.94030316930599
PROGRESS    Completed epoch 615 / 2000;    current loss: 0.21158988773822784
INFO Gradient norm: 16.58241213164772
PROGRESS    Completed epoch 616 / 2000;    current loss: 0.21230153739452362
INFO Gradient norm: 14.099967409973537
PROGRESS    Completed epoch 617 / 2000;    current loss: 0.2107951045036316
INFO Gradient norm: 16.550572315173355
PROGRESS    Completed epoch 618 / 2000;    current loss: 0.21222668886184692
INFO Gradient norm: 13.576656773452303
PROGRESS    Completed epoch 619 / 2000;    current loss: 0.21041043102741241
INFO Gradient norm: 17.512678348564265
PROGRESS    Completed epoch 620 / 2000;    current loss: 0.21233391761779785
INFO Gradient norm: 14.513499619233116
PROGRESS    Completed epoch 621 / 2000;    current loss: 0.21047668159008026
INFO Gradient norm: 16.57758743215213
PROGRESS    Completed epoch 622 / 2000;    current loss: 0.21176980435848236
INFO Gradient norm: 14.003852879546729
PROGRESS    Completed epoch 623 / 2000;    current loss: 0.21014739573001862
INFO Gradient norm: 16.79280298177978
PROGRESS    Completed epoch 624 / 2000;    current loss: 0.21136605739593506
INFO Gradient norm: 13.786651526132703
PROGRESS    Completed epoch 625 / 2000;    current loss: 0.20959655940532684
INFO Gradient norm: 16.986945207283156
PROGRESS    Completed epoch 626 / 2000;    current loss: 0.21156708896160126
INFO Gradient norm: 14.146215673320132
PROGRESS    Completed epoch 627 / 2000;    current loss: 0.2097608745098114
INFO Gradient norm: 16.86285506954465
PROGRESS    Completed epoch 628 / 2000;    current loss: 0.21092042326927185
INFO Gradient norm: 14.11730027012381
PROGRESS    Completed epoch 629 / 2000;    current loss: 0.20928172767162323
INFO Gradient norm: 16.458402966810446
PROGRESS    Completed epoch 630 / 2000;    current loss: 0.21077606081962585
INFO Gradient norm: 13.609387050030977
PROGRESS    Completed epoch 631 / 2000;    current loss: 0.20901063084602356
INFO Gradient norm: 17.206983867825898
PROGRESS    Completed epoch 632 / 2000;    current loss: 0.21067731082439423
INFO Gradient norm: 14.287018426786402
PROGRESS    Completed epoch 633 / 2000;    current loss: 0.20890866219997406
INFO Gradient norm: 16.39261110590562
PROGRESS    Completed epoch 634 / 2000;    current loss: 0.2102600634098053
INFO Gradient norm: 13.72876572829419
PROGRESS    Completed epoch 635 / 2000;    current loss: 0.2086055725812912
INFO Gradient norm: 16.8647438439694
PROGRESS    Completed epoch 636 / 2000;    current loss: 0.21002249419689178
INFO Gradient norm: 13.837894939135362
PROGRESS    Completed epoch 637 / 2000;    current loss: 0.2081204652786255
INFO Gradient norm: 15.598653318599258
PROGRESS    Completed epoch 638 / 2000;    current loss: 0.2093007117509842
INFO Gradient norm: 10.102243631772255
PROGRESS    Completed epoch 639 / 2000;    current loss: 0.20698724687099457
INFO Gradient norm: 21.046278283022982
PROGRESS    Completed epoch 640 / 2000;    current loss: 0.21358269453048706
INFO Gradient norm: 17.586227786578547
PROGRESS    Completed epoch 641 / 2000;    current loss: 0.21123762428760529
INFO Gradient norm: 13.969105381597531
PROGRESS    Completed epoch 642 / 2000;    current loss: 0.20934033393859863
INFO Gradient norm: 13.043954228226685
PROGRESS    Completed epoch 643 / 2000;    current loss: 0.20904283225536346
INFO Gradient norm: 15.37049017823943
PROGRESS    Completed epoch 644 / 2000;    current loss: 0.210575133562088
INFO Gradient norm: 11.181869093069292
PROGRESS    Completed epoch 645 / 2000;    current loss: 0.2085799127817154
INFO Gradient norm: 19.221427307427273
PROGRESS    Completed epoch 646 / 2000;    current loss: 0.21304121613502502
INFO Gradient norm: 16.412005457813642
PROGRESS    Completed epoch 647 / 2000;    current loss: 0.21113581955432892
INFO Gradient norm: 14.329515023163987
PROGRESS    Completed epoch 648 / 2000;    current loss: 0.21005921065807343
INFO Gradient norm: 12.567839737414896
PROGRESS    Completed epoch 649 / 2000;    current loss: 0.2091033011674881
INFO Gradient norm: 13.722316195218589
PROGRESS    Completed epoch 650 / 2000;    current loss: 0.20980523526668549
INFO Gradient norm: 6.414080174656279
PROGRESS    Completed epoch 651 / 2000;    current loss: 0.2076503485441208
INFO Gradient norm: 22.00363834156247
PROGRESS    Completed epoch 652 / 2000;    current loss: 0.21628794074058533
INFO Gradient norm: 17.878523014894178
PROGRESS    Completed epoch 653 / 2000;    current loss: 0.2133634090423584
INFO Gradient norm: 12.950442061179094
PROGRESS    Completed epoch 654 / 2000;    current loss: 0.21048618853092194
INFO Gradient norm: 12.753971927209566
PROGRESS    Completed epoch 655 / 2000;    current loss: 0.21044661104679108
INFO Gradient norm: 12.45988380802472
PROGRESS    Completed epoch 656 / 2000;    current loss: 0.2104039341211319
INFO Gradient norm: 2.1929960256852743
PROGRESS    Completed epoch 657 / 2000;    current loss: 0.20797598361968994
INFO Gradient norm: 11.936367843884472
PROGRESS    Completed epoch 658 / 2000;    current loss: 0.20974592864513397
INFO Gradient norm: 5.098280595356911
PROGRESS    Completed epoch 659 / 2000;    current loss: 0.20732726156711578
INFO Gradient norm: 5.446330584970945
PROGRESS    Completed epoch 660 / 2000;    current loss: 0.20748230814933777
INFO Gradient norm: 9.290267164638962
PROGRESS    Completed epoch 661 / 2000;    current loss: 0.20841635763645172
INFO Gradient norm: 5.197498327030157
PROGRESS    Completed epoch 662 / 2000;    current loss: 0.20774219930171967
INFO Gradient norm: 7.380680011292376
PROGRESS    Completed epoch 663 / 2000;    current loss: 0.20809009671211243
INFO Gradient norm: 7.000056128596483
PROGRESS    Completed epoch 664 / 2000;    current loss: 0.2084762305021286
INFO Gradient norm: 10.65873059067606
PROGRESS    Completed epoch 665 / 2000;    current loss: 0.20902597904205322
INFO Gradient norm: 3.1961577153362724
PROGRESS    Completed epoch 666 / 2000;    current loss: 0.20747482776641846
INFO Gradient norm: 2.065671428534255
PROGRESS    Completed epoch 667 / 2000;    current loss: 0.20669445395469666
INFO Gradient norm: 1.2220290579017001
PROGRESS    Completed epoch 668 / 2000;    current loss: 0.2057473212480545
INFO Gradient norm: 1.9266516520837402
PROGRESS    Completed epoch 669 / 2000;    current loss: 0.20519615709781647
INFO Gradient norm: 6.7490596455111405
PROGRESS    Completed epoch 670 / 2000;    current loss: 0.20530395209789276
INFO Gradient norm: 3.4989417970860464
PROGRESS    Completed epoch 671 / 2000;    current loss: 0.20550747215747833
INFO Gradient norm: 2.842381341209452
PROGRESS    Completed epoch 672 / 2000;    current loss: 0.205424964427948
INFO Gradient norm: 4.062799577213746
PROGRESS    Completed epoch 673 / 2000;    current loss: 0.20540842413902283
INFO Gradient norm: 15.174608921373999
PROGRESS    Completed epoch 674 / 2000;    current loss: 0.20929807424545288
INFO Gradient norm: 1.5431783371588959
PROGRESS    Completed epoch 675 / 2000;    current loss: 0.20534050464630127
INFO Gradient norm: 15.219631995812746
PROGRESS    Completed epoch 676 / 2000;    current loss: 0.2092798948287964
INFO Gradient norm: 3.274371650589248
PROGRESS    Completed epoch 677 / 2000;    current loss: 0.20547397434711456
INFO Gradient norm: 5.056921032376165
PROGRESS    Completed epoch 678 / 2000;    current loss: 0.20623545348644257
INFO Gradient norm: 8.617816631521498
PROGRESS    Completed epoch 679 / 2000;    current loss: 0.20765599608421326
INFO Gradient norm: 5.725101964447937
PROGRESS    Completed epoch 680 / 2000;    current loss: 0.20695984363555908
INFO Gradient norm: 5.212692951376716
PROGRESS    Completed epoch 681 / 2000;    current loss: 0.20703472197055817
INFO Gradient norm: 10.158100124642752
PROGRESS    Completed epoch 682 / 2000;    current loss: 0.2081363946199417
INFO Gradient norm: 4.446688270279401
PROGRESS    Completed epoch 683 / 2000;    current loss: 0.20679207146167755
INFO Gradient norm: 6.478382303875896
PROGRESS    Completed epoch 684 / 2000;    current loss: 0.20691537857055664
INFO Gradient norm: 9.03582456112909
PROGRESS    Completed epoch 685 / 2000;    current loss: 0.20763558149337769
INFO Gradient norm: 4.51304265720721
PROGRESS    Completed epoch 686 / 2000;    current loss: 0.20615503191947937
INFO Gradient norm: 5.365748084305996
PROGRESS    Completed epoch 687 / 2000;    current loss: 0.2061280459165573
INFO Gradient norm: 10.219066417602505
PROGRESS    Completed epoch 688 / 2000;    current loss: 0.20714427530765533
INFO Gradient norm: 3.6759516948073183
PROGRESS    Completed epoch 689 / 2000;    current loss: 0.2054067850112915
INFO Gradient norm: 5.33276890678888
PROGRESS    Completed epoch 690 / 2000;    current loss: 0.20531778037548065
INFO Gradient norm: 10.310817108074078
PROGRESS    Completed epoch 691 / 2000;    current loss: 0.20653408765792847
INFO Gradient norm: 2.239304026868675
PROGRESS    Completed epoch 692 / 2000;    current loss: 0.204334557056427
INFO Gradient norm: 2.641481766613668
PROGRESS    Completed epoch 693 / 2000;    current loss: 0.2039322555065155
INFO Gradient norm: 12.147635390852528
PROGRESS    Completed epoch 694 / 2000;    current loss: 0.20607279241085052
INFO Gradient norm: 3.3886444295346734
PROGRESS    Completed epoch 695 / 2000;    current loss: 0.20392094552516937
INFO Gradient norm: 22.86883852491501
PROGRESS    Completed epoch 696 / 2000;    current loss: 0.2141585350036621
INFO Gradient norm: 13.046619905237803
PROGRESS    Completed epoch 697 / 2000;    current loss: 0.20868264138698578
INFO Gradient norm: 26.693292618068025
PROGRESS    Completed epoch 698 / 2000;    current loss: 0.22104664146900177
INFO Gradient norm: 26.65066901392124
PROGRESS    Completed epoch 699 / 2000;    current loss: 0.22227279841899872
INFO Gradient norm: 8.570639986915873
PROGRESS    Completed epoch 700 / 2000;    current loss: 0.2105451226234436
INFO Gradient norm: 15.306815722319865
PROGRESS    Completed epoch 701 / 2000;    current loss: 0.21230626106262207
INFO Gradient norm: 9.912665053827658
PROGRESS    Completed epoch 702 / 2000;    current loss: 0.20966623723506927
INFO Gradient norm: 3.4292912288930357
PROGRESS    Completed epoch 703 / 2000;    current loss: 0.2068568468093872
INFO Gradient norm: 9.449399333361198
PROGRESS    Completed epoch 704 / 2000;    current loss: 0.20595939457416534
INFO Gradient norm: 10.257012960913922
PROGRESS    Completed epoch 705 / 2000;    current loss: 0.20561890304088593
INFO Gradient norm: 2.9969685366628562
PROGRESS    Completed epoch 706 / 2000;    current loss: 0.2043243944644928
INFO Gradient norm: 11.530388353053148
PROGRESS    Completed epoch 707 / 2000;    current loss: 0.2070896029472351
INFO Gradient norm: 4.316045057681404
PROGRESS    Completed epoch 708 / 2000;    current loss: 0.2049405574798584
INFO Gradient norm: 4.470251309334912
PROGRESS    Completed epoch 709 / 2000;    current loss: 0.2051972597837448
INFO Gradient norm: 9.360695806947206
PROGRESS    Completed epoch 710 / 2000;    current loss: 0.2066037356853485
INFO Gradient norm: 5.410932789464931
PROGRESS    Completed epoch 711 / 2000;    current loss: 0.2057064175605774
INFO Gradient norm: 5.027152627329363
PROGRESS    Completed epoch 712 / 2000;    current loss: 0.20556634664535522
INFO Gradient norm: 9.242914683799748
PROGRESS    Completed epoch 713 / 2000;    current loss: 0.20651784539222717
INFO Gradient norm: 2.6752055755500592
PROGRESS    Completed epoch 714 / 2000;    current loss: 0.20523005723953247
INFO Gradient norm: 3.9660210880848323
PROGRESS    Completed epoch 715 / 2000;    current loss: 0.2050299346446991
INFO Gradient norm: 11.189293705995706
PROGRESS    Completed epoch 716 / 2000;    current loss: 0.20655174553394318
INFO Gradient norm: 3.5561114616519167
PROGRESS    Completed epoch 717 / 2000;    current loss: 0.20425818860530853
INFO Gradient norm: 6.869721490721785
PROGRESS    Completed epoch 718 / 2000;    current loss: 0.20464101433753967
INFO Gradient norm: 8.169467644229291
PROGRESS    Completed epoch 719 / 2000;    current loss: 0.2049388885498047
INFO Gradient norm: 11.503154466154603
PROGRESS    Completed epoch 720 / 2000;    current loss: 0.20649857819080353
INFO Gradient norm: 2.0769777616432936
PROGRESS    Completed epoch 721 / 2000;    current loss: 0.20461255311965942
INFO Gradient norm: 1.1689074373278376
PROGRESS    Completed epoch 722 / 2000;    current loss: 0.20439383387565613
INFO Gradient norm: 3.235995780356333
PROGRESS    Completed epoch 723 / 2000;    current loss: 0.20439045131206512
INFO Gradient norm: 14.48779985729989
PROGRESS    Completed epoch 724 / 2000;    current loss: 0.2078675925731659
INFO Gradient norm: 1.548660575100934
PROGRESS    Completed epoch 725 / 2000;    current loss: 0.2037193924188614
INFO Gradient norm: 4.175233612502776
PROGRESS    Completed epoch 726 / 2000;    current loss: 0.20388555526733398
INFO Gradient norm: 13.300559351644761
PROGRESS    Completed epoch 727 / 2000;    current loss: 0.20694559812545776
INFO Gradient norm: 2.0797577358824992
PROGRESS    Completed epoch 728 / 2000;    current loss: 0.2040427178144455
INFO Gradient norm: 19.22872344945432
PROGRESS    Completed epoch 729 / 2000;    current loss: 0.21055513620376587
INFO Gradient norm: 7.61701451915979
PROGRESS    Completed epoch 730 / 2000;    current loss: 0.20445239543914795
INFO Gradient norm: 20.85029174739527
PROGRESS    Completed epoch 731 / 2000;    current loss: 0.21205919981002808
INFO Gradient norm: 13.399656780766502
PROGRESS    Completed epoch 732 / 2000;    current loss: 0.20814257860183716
INFO Gradient norm: 21.415414825232865
PROGRESS    Completed epoch 733 / 2000;    current loss: 0.21444743871688843
INFO Gradient norm: 21.570394119281975
PROGRESS    Completed epoch 734 / 2000;    current loss: 0.21554164588451385
INFO Gradient norm: 8.601669760385988
PROGRESS    Completed epoch 735 / 2000;    current loss: 0.2087996006011963
INFO Gradient norm: 10.502180769666609
PROGRESS    Completed epoch 736 / 2000;    current loss: 0.20940668880939484
INFO Gradient norm: 14.220221384784347
PROGRESS    Completed epoch 737 / 2000;    current loss: 0.21118731796741486
INFO Gradient norm: 6.717256144453101
PROGRESS    Completed epoch 738 / 2000;    current loss: 0.20785310864448547
INFO Gradient norm: 23.937943588185806
PROGRESS    Completed epoch 739 / 2000;    current loss: 0.2171059548854828
INFO Gradient norm: 20.00258497941148
PROGRESS    Completed epoch 740 / 2000;    current loss: 0.21351054310798645
INFO Gradient norm: 13.000362793498267
PROGRESS    Completed epoch 741 / 2000;    current loss: 0.20872046053409576
INFO Gradient norm: 13.381776699377443
PROGRESS    Completed epoch 742 / 2000;    current loss: 0.20859752595424652
INFO Gradient norm: 13.136287106219639
PROGRESS    Completed epoch 743 / 2000;    current loss: 0.20858745276927948
INFO Gradient norm: 2.421656946343797
PROGRESS    Completed epoch 744 / 2000;    current loss: 0.20587891340255737
INFO Gradient norm: 23.494186841661843
PROGRESS    Completed epoch 745 / 2000;    current loss: 0.21551544964313507
INFO Gradient norm: 12.256272662187309
PROGRESS    Completed epoch 746 / 2000;    current loss: 0.20821402966976166
INFO Gradient norm: 26.055611819063138
PROGRESS    Completed epoch 747 / 2000;    current loss: 0.21823328733444214
INFO Gradient norm: 26.42010149588255
PROGRESS    Completed epoch 748 / 2000;    current loss: 0.2185325026512146
INFO Gradient norm: 5.404686074736284
PROGRESS    Completed epoch 749 / 2000;    current loss: 0.2058728188276291
INFO Gradient norm: 8.46695672484046
PROGRESS    Completed epoch 750 / 2000;    current loss: 0.20643581449985504
INFO Gradient norm: 16.026011097688762
PROGRESS    Completed epoch 751 / 2000;    current loss: 0.20979395508766174
INFO Gradient norm: 6.563954234148435
PROGRESS    Completed epoch 752 / 2000;    current loss: 0.20568694174289703
INFO Gradient norm: 28.02107985615607
PROGRESS    Completed epoch 753 / 2000;    current loss: 0.2184939682483673
INFO Gradient norm: 24.278325533572087
PROGRESS    Completed epoch 754 / 2000;    current loss: 0.21503429114818573
INFO Gradient norm: 8.711798314076438
PROGRESS    Completed epoch 755 / 2000;    current loss: 0.2062884122133255
INFO Gradient norm: 7.316016455224165
PROGRESS    Completed epoch 756 / 2000;    current loss: 0.20609790086746216
INFO Gradient norm: 18.502819847896102
PROGRESS    Completed epoch 757 / 2000;    current loss: 0.21178299188613892
INFO Gradient norm: 7.486381039175552
PROGRESS    Completed epoch 758 / 2000;    current loss: 0.20710650086402893
INFO Gradient norm: 28.13921055527818
PROGRESS    Completed epoch 759 / 2000;    current loss: 0.2210434526205063
INFO Gradient norm: 25.64472343454628
PROGRESS    Completed epoch 760 / 2000;    current loss: 0.21873800456523895
INFO Gradient norm: 9.419003689449688
PROGRESS    Completed epoch 761 / 2000;    current loss: 0.20861314237117767
INFO Gradient norm: 11.174332485650488
PROGRESS    Completed epoch 762 / 2000;    current loss: 0.20937499403953552
INFO Gradient norm: 16.90532061607749
PROGRESS    Completed epoch 763 / 2000;    current loss: 0.2121083289384842
INFO Gradient norm: 9.529657010248906
PROGRESS    Completed epoch 764 / 2000;    current loss: 0.20855499804019928
INFO Gradient norm: 25.548288117647935
PROGRESS    Completed epoch 765 / 2000;    current loss: 0.2188301980495453
INFO Gradient norm: 21.681660652776888
PROGRESS    Completed epoch 766 / 2000;    current loss: 0.21554787456989288
INFO Gradient norm: 14.464731661677055
PROGRESS    Completed epoch 767 / 2000;    current loss: 0.21053902804851532
INFO Gradient norm: 14.181601043140247
PROGRESS    Completed epoch 768 / 2000;    current loss: 0.21040207147598267
INFO Gradient norm: 17.005935410618115
PROGRESS    Completed epoch 769 / 2000;    current loss: 0.21203632652759552
INFO Gradient norm: 11.66523970240929
PROGRESS    Completed epoch 770 / 2000;    current loss: 0.20917153358459473
INFO Gradient norm: 22.383987729795802
PROGRESS    Completed epoch 771 / 2000;    current loss: 0.21582503616809845
INFO Gradient norm: 19.415268047459715
PROGRESS    Completed epoch 772 / 2000;    current loss: 0.21351906657218933
INFO Gradient norm: 15.421504907775685
PROGRESS    Completed epoch 773 / 2000;    current loss: 0.2108352780342102
INFO Gradient norm: 13.858714784884762
PROGRESS    Completed epoch 774 / 2000;    current loss: 0.2099941074848175
INFO Gradient norm: 18.12114007113344
PROGRESS    Completed epoch 775 / 2000;    current loss: 0.21240009367465973
INFO Gradient norm: 13.521207834037194
PROGRESS    Completed epoch 776 / 2000;    current loss: 0.20969347655773163
INFO Gradient norm: 21.355902190067425
PROGRESS    Completed epoch 777 / 2000;    current loss: 0.21442073583602905
INFO Gradient norm: 18.18012057152433
PROGRESS    Completed epoch 778 / 2000;    current loss: 0.2121732085943222
INFO Gradient norm: 16.442427596917565
PROGRESS    Completed epoch 779 / 2000;    current loss: 0.21119503676891327
INFO Gradient norm: 14.416494866712146
PROGRESS    Completed epoch 780 / 2000;    current loss: 0.21000869572162628
INFO Gradient norm: 18.350135601939826
PROGRESS    Completed epoch 781 / 2000;    current loss: 0.21200118958950043
INFO Gradient norm: 14.094731309913046
PROGRESS    Completed epoch 782 / 2000;    current loss: 0.20951464772224426
INFO Gradient norm: 19.754088436212772
PROGRESS    Completed epoch 783 / 2000;    current loss: 0.21335908770561218
INFO Gradient norm: 13.293396857895157
PROGRESS    Completed epoch 784 / 2000;    current loss: 0.20960062742233276
INFO Gradient norm: 20.307653948297055
PROGRESS    Completed epoch 785 / 2000;    current loss: 0.21430499851703644
INFO Gradient norm: 19.208671777746996
PROGRESS    Completed epoch 786 / 2000;    current loss: 0.2138381451368332
INFO Gradient norm: 11.21798528630784
PROGRESS    Completed epoch 787 / 2000;    current loss: 0.2099166065454483
INFO Gradient norm: 9.515104171392583
PROGRESS    Completed epoch 788 / 2000;    current loss: 0.20964080095291138
INFO Gradient norm: 18.7619761791936
PROGRESS    Completed epoch 789 / 2000;    current loss: 0.2147989571094513
INFO Gradient norm: 13.31481032152169
PROGRESS    Completed epoch 790 / 2000;    current loss: 0.21178066730499268
INFO Gradient norm: 19.117977109370706
PROGRESS    Completed epoch 791 / 2000;    current loss: 0.21514049172401428
INFO Gradient norm: 17.207332006059328
PROGRESS    Completed epoch 792 / 2000;    current loss: 0.21378359198570251
INFO Gradient norm: 13.795912380090584
PROGRESS    Completed epoch 793 / 2000;    current loss: 0.21181350946426392
INFO Gradient norm: 12.177037669530497
PROGRESS    Completed epoch 794 / 2000;    current loss: 0.21083004772663116
INFO Gradient norm: 16.641071886851343
PROGRESS    Completed epoch 795 / 2000;    current loss: 0.2129250019788742
INFO Gradient norm: 12.218414739907304
PROGRESS    Completed epoch 796 / 2000;    current loss: 0.21032001078128815
INFO Gradient norm: 19.801527520632398
PROGRESS    Completed epoch 797 / 2000;    current loss: 0.2144344598054886
INFO Gradient norm: 17.496436209812792
PROGRESS    Completed epoch 798 / 2000;    current loss: 0.21270273625850677
INFO Gradient norm: 13.396338982213166
PROGRESS    Completed epoch 799 / 2000;    current loss: 0.21041996777057648
INFO Gradient norm: 11.451072400269053
PROGRESS    Completed epoch 800 / 2000;    current loss: 0.2093820869922638
INFO Gradient norm: 18.01827434574748
PROGRESS    Completed epoch 801 / 2000;    current loss: 0.21256273984909058
INFO Gradient norm: 13.949125566758498
PROGRESS    Completed epoch 802 / 2000;    current loss: 0.2101370394229889
INFO Gradient norm: 17.347735889088153
PROGRESS    Completed epoch 803 / 2000;    current loss: 0.21230018138885498
INFO Gradient norm: 15.060794109345986
PROGRESS    Completed epoch 804 / 2000;    current loss: 0.21077151596546173
INFO Gradient norm: 15.541678106090927
PROGRESS    Completed epoch 805 / 2000;    current loss: 0.2105521708726883
INFO Gradient norm: 13.201990862768117
PROGRESS    Completed epoch 806 / 2000;    current loss: 0.20921795070171356
INFO Gradient norm: 16.39622278552119
PROGRESS    Completed epoch 807 / 2000;    current loss: 0.2112005203962326
INFO Gradient norm: 12.96605894896381
PROGRESS    Completed epoch 808 / 2000;    current loss: 0.20916005969047546
INFO Gradient norm: 18.07576135213123
PROGRESS    Completed epoch 809 / 2000;    current loss: 0.21141785383224487
INFO Gradient norm: 15.541742988333416
PROGRESS    Completed epoch 810 / 2000;    current loss: 0.20986804366111755
INFO Gradient norm: 14.96497066862642
PROGRESS    Completed epoch 811 / 2000;    current loss: 0.20979374647140503
INFO Gradient norm: 12.521317817585171
PROGRESS    Completed epoch 812 / 2000;    current loss: 0.20855800807476044
INFO Gradient norm: 17.177415658881994
PROGRESS    Completed epoch 813 / 2000;    current loss: 0.2106374353170395
INFO Gradient norm: 13.156025227326102
PROGRESS    Completed epoch 814 / 2000;    current loss: 0.20830698311328888
INFO Gradient norm: 17.556172401485984
PROGRESS    Completed epoch 815 / 2000;    current loss: 0.21123453974723816
INFO Gradient norm: 15.067755963204537
PROGRESS    Completed epoch 816 / 2000;    current loss: 0.20961955189704895
INFO Gradient norm: 15.416169951316494
PROGRESS    Completed epoch 817 / 2000;    current loss: 0.2091926783323288
INFO Gradient norm: 13.338392347814397
PROGRESS    Completed epoch 818 / 2000;    current loss: 0.20819145441055298
INFO Gradient norm: 15.989127991650054
PROGRESS    Completed epoch 819 / 2000;    current loss: 0.2099061757326126
INFO Gradient norm: 12.635845767719704
PROGRESS    Completed epoch 820 / 2000;    current loss: 0.20795710384845734
INFO Gradient norm: 18.03382642138047
PROGRESS    Completed epoch 821 / 2000;    current loss: 0.21037600934505463
INFO Gradient norm: 15.373603627195825
PROGRESS    Completed epoch 822 / 2000;    current loss: 0.20870427787303925
INFO Gradient norm: 14.887406466344911
PROGRESS    Completed epoch 823 / 2000;    current loss: 0.20880162715911865
INFO Gradient norm: 12.593866202671503
PROGRESS    Completed epoch 824 / 2000;    current loss: 0.20748552680015564
INFO Gradient norm: 16.899985832185294
PROGRESS    Completed epoch 825 / 2000;    current loss: 0.20935049653053284
INFO Gradient norm: 11.984786380371563
PROGRESS    Completed epoch 826 / 2000;    current loss: 0.20693020522594452
INFO Gradient norm: 18.93628547888925
PROGRESS    Completed epoch 827 / 2000;    current loss: 0.21123914420604706
INFO Gradient norm: 16.937044726094108
PROGRESS    Completed epoch 828 / 2000;    current loss: 0.20974640548229218
INFO Gradient norm: 13.1949451215796
PROGRESS    Completed epoch 829 / 2000;    current loss: 0.20757751166820526
INFO Gradient norm: 10.844698416632061
PROGRESS    Completed epoch 830 / 2000;    current loss: 0.20652541518211365
INFO Gradient norm: 17.507760515523454
PROGRESS    Completed epoch 831 / 2000;    current loss: 0.21027161180973053
INFO Gradient norm: 13.429254514228003
PROGRESS    Completed epoch 832 / 2000;    current loss: 0.2078736275434494
INFO Gradient norm: 17.949988468415384
PROGRESS    Completed epoch 833 / 2000;    current loss: 0.21017789840698242
INFO Gradient norm: 16.16456440936599
PROGRESS    Completed epoch 834 / 2000;    current loss: 0.20907330513000488
INFO Gradient norm: 13.508459448157163
PROGRESS    Completed epoch 835 / 2000;    current loss: 0.20782656967639923
INFO Gradient norm: 11.144237918457884
PROGRESS    Completed epoch 836 / 2000;    current loss: 0.2066686749458313
INFO Gradient norm: 18.075907755139937
PROGRESS    Completed epoch 837 / 2000;    current loss: 0.21009840071201324
INFO Gradient norm: 14.299649289849503
PROGRESS    Completed epoch 838 / 2000;    current loss: 0.2078823745250702
INFO Gradient norm: 15.240543584202195
PROGRESS    Completed epoch 839 / 2000;    current loss: 0.208653062582016
INFO Gradient norm: 10.528288465709098
PROGRESS    Completed epoch 840 / 2000;    current loss: 0.20660598576068878
INFO Gradient norm: 20.523556109940213
PROGRESS    Completed epoch 841 / 2000;    current loss: 0.2124461829662323
INFO Gradient norm: 17.85020288741501
PROGRESS    Completed epoch 842 / 2000;    current loss: 0.2109120488166809
INFO Gradient norm: 13.028760580929662
PROGRESS    Completed epoch 843 / 2000;    current loss: 0.2084059864282608
INFO Gradient norm: 11.785105888775828
PROGRESS    Completed epoch 844 / 2000;    current loss: 0.2080162763595581
INFO Gradient norm: 16.64580273738471
PROGRESS    Completed epoch 845 / 2000;    current loss: 0.21079878509044647
INFO Gradient norm: 12.439276124385959
PROGRESS    Completed epoch 846 / 2000;    current loss: 0.20867705345153809
INFO Gradient norm: 18.215344471084194
PROGRESS    Completed epoch 847 / 2000;    current loss: 0.21181544661521912
INFO Gradient norm: 15.743167761388394
PROGRESS    Completed epoch 848 / 2000;    current loss: 0.21023648977279663
INFO Gradient norm: 14.781643419306212
PROGRESS    Completed epoch 849 / 2000;    current loss: 0.209730863571167
INFO Gradient norm: 12.93239497698822
PROGRESS    Completed epoch 850 / 2000;    current loss: 0.2086917757987976
INFO Gradient norm: 14.871100422338753
PROGRESS    Completed epoch 851 / 2000;    current loss: 0.20959259569644928
INFO Gradient norm: 6.062468715981194
PROGRESS    Completed epoch 852 / 2000;    current loss: 0.20696520805358887
INFO Gradient norm: 24.352408607677628
PROGRESS    Completed epoch 853 / 2000;    current loss: 0.2171579897403717
INFO Gradient norm: 17.48780220192601
PROGRESS    Completed epoch 854 / 2000;    current loss: 0.21202950179576874
INFO Gradient norm: 19.030864606998442
PROGRESS    Completed epoch 855 / 2000;    current loss: 0.21276137232780457
INFO Gradient norm: 19.21669036993745
PROGRESS    Completed epoch 856 / 2000;    current loss: 0.21284930408000946
INFO Gradient norm: 11.490905332598048
PROGRESS    Completed epoch 857 / 2000;    current loss: 0.20869065821170807
INFO Gradient norm: 9.013084004927418
PROGRESS    Completed epoch 858 / 2000;    current loss: 0.2076062113046646
INFO Gradient norm: 20.042902017436194
PROGRESS    Completed epoch 859 / 2000;    current loss: 0.21308451890945435
INFO Gradient norm: 14.104027431902868
PROGRESS    Completed epoch 860 / 2000;    current loss: 0.2093067765235901
INFO Gradient norm: 20.36063202126889
PROGRESS    Completed epoch 861 / 2000;    current loss: 0.2131759226322174
INFO Gradient norm: 17.978677151568643
PROGRESS    Completed epoch 862 / 2000;    current loss: 0.21141226589679718
INFO Gradient norm: 14.722302787141388
PROGRESS    Completed epoch 863 / 2000;    current loss: 0.20942896604537964
INFO Gradient norm: 12.9421654099678
PROGRESS    Completed epoch 864 / 2000;    current loss: 0.20849047601222992
INFO Gradient norm: 17.737547235398434
PROGRESS    Completed epoch 865 / 2000;    current loss: 0.21107818186283112
INFO Gradient norm: 13.242449392118901
PROGRESS    Completed epoch 866 / 2000;    current loss: 0.20853503048419952
INFO Gradient norm: 19.45269741598286
PROGRESS    Completed epoch 867 / 2000;    current loss: 0.21223728358745575
INFO Gradient norm: 16.88368893234552
PROGRESS    Completed epoch 868 / 2000;    current loss: 0.21043744683265686
INFO Gradient norm: 15.417827792879669
PROGRESS    Completed epoch 869 / 2000;    current loss: 0.20941466093063354
INFO Gradient norm: 13.2510795248369
PROGRESS    Completed epoch 870 / 2000;    current loss: 0.208237886428833
INFO Gradient norm: 17.451999520896646
PROGRESS    Completed epoch 871 / 2000;    current loss: 0.2106059342622757
INFO Gradient norm: 13.699133963894392
PROGRESS    Completed epoch 872 / 2000;    current loss: 0.2083575576543808
INFO Gradient norm: 18.83033090219072
PROGRESS    Completed epoch 873 / 2000;    current loss: 0.2111513614654541
INFO Gradient norm: 15.969609437762845
PROGRESS    Completed epoch 874 / 2000;    current loss: 0.20931249856948853
INFO Gradient norm: 16.142762526047814
PROGRESS    Completed epoch 875 / 2000;    current loss: 0.20947842299938202
INFO Gradient norm: 13.873961910817341
PROGRESS    Completed epoch 876 / 2000;    current loss: 0.2081233114004135
INFO Gradient norm: 17.277292696044093
PROGRESS    Completed epoch 877 / 2000;    current loss: 0.2098221778869629
INFO Gradient norm: 13.706838339670899
PROGRESS    Completed epoch 878 / 2000;    current loss: 0.20777484774589539
INFO Gradient norm: 18.11866397984988
PROGRESS    Completed epoch 879 / 2000;    current loss: 0.21038153767585754
INFO Gradient norm: 15.345373482546574
PROGRESS    Completed epoch 880 / 2000;    current loss: 0.20856116712093353
INFO Gradient norm: 16.548535492568945
PROGRESS    Completed epoch 881 / 2000;    current loss: 0.2090418040752411
INFO Gradient norm: 13.939284126796567
PROGRESS    Completed epoch 882 / 2000;    current loss: 0.2075352817773819
INFO Gradient norm: 17.1182732178105
PROGRESS    Completed epoch 883 / 2000;    current loss: 0.20935490727424622
INFO Gradient norm: 14.048721235721857
PROGRESS    Completed epoch 884 / 2000;    current loss: 0.2075255960226059
INFO Gradient norm: 17.531211092372878
PROGRESS    Completed epoch 885 / 2000;    current loss: 0.2094516158103943
INFO Gradient norm: 13.840516977780677
PROGRESS    Completed epoch 886 / 2000;    current loss: 0.20729488134384155
INFO Gradient norm: 17.989860701061883
PROGRESS    Completed epoch 887 / 2000;    current loss: 0.20981797575950623
INFO Gradient norm: 12.665826171128092
PROGRESS    Completed epoch 888 / 2000;    current loss: 0.20699608325958252
INFO Gradient norm: 20.769702486966178
PROGRESS    Completed epoch 889 / 2000;    current loss: 0.21217553317546844
INFO Gradient norm: 18.499865494497556
PROGRESS    Completed epoch 890 / 2000;    current loss: 0.21084344387054443
INFO Gradient norm: 13.718247225463344
PROGRESS    Completed epoch 891 / 2000;    current loss: 0.2080615758895874
INFO Gradient norm: 12.378207129056253
PROGRESS    Completed epoch 892 / 2000;    current loss: 0.207555890083313
INFO Gradient norm: 17.251241264422465
PROGRESS    Completed epoch 893 / 2000;    current loss: 0.2105301469564438
INFO Gradient norm: 12.419857760459603
PROGRESS    Completed epoch 894 / 2000;    current loss: 0.2079858034849167
INFO Gradient norm: 20.065228846800025
PROGRESS    Completed epoch 895 / 2000;    current loss: 0.21232342720031738
INFO Gradient norm: 17.708161559780525
PROGRESS    Completed epoch 896 / 2000;    current loss: 0.21068687736988068
INFO Gradient norm: 14.154738185885755
PROGRESS    Completed epoch 897 / 2000;    current loss: 0.20887444913387299
INFO Gradient norm: 12.28454229201338
PROGRESS    Completed epoch 898 / 2000;    current loss: 0.20793335139751434
INFO Gradient norm: 17.672978694701648
PROGRESS    Completed epoch 899 / 2000;    current loss: 0.21059434115886688
INFO Gradient norm: 13.685386110833141
PROGRESS    Completed epoch 900 / 2000;    current loss: 0.20825229585170746
INFO Gradient norm: 18.63813027610133
PROGRESS    Completed epoch 901 / 2000;    current loss: 0.21129393577575684
INFO Gradient norm: 15.957019832106266
PROGRESS    Completed epoch 902 / 2000;    current loss: 0.20951609313488007
INFO Gradient norm: 13.979635859074428
PROGRESS    Completed epoch 903 / 2000;    current loss: 0.20841564238071442
INFO Gradient norm: 8.337878091079498
PROGRESS    Completed epoch 904 / 2000;    current loss: 0.20665155351161957
INFO Gradient norm: 21.272037713344556
PROGRESS    Completed epoch 905 / 2000;    current loss: 0.21426714956760406
INFO Gradient norm: 17.9381513520209
PROGRESS    Completed epoch 906 / 2000;    current loss: 0.21229368448257446
INFO Gradient norm: 12.862272031377604
PROGRESS    Completed epoch 907 / 2000;    current loss: 0.2095288336277008
INFO Gradient norm: 12.360645496223293
PROGRESS    Completed epoch 908 / 2000;    current loss: 0.20951901376247406
INFO Gradient norm: 14.870892462794082
PROGRESS    Completed epoch 909 / 2000;    current loss: 0.21112072467803955
INFO Gradient norm: 10.847377682103492
PROGRESS    Completed epoch 910 / 2000;    current loss: 0.20919881761074066
INFO Gradient norm: 18.360229645499274
PROGRESS    Completed epoch 911 / 2000;    current loss: 0.2130141258239746
INFO Gradient norm: 15.47391781383077
PROGRESS    Completed epoch 912 / 2000;    current loss: 0.21106983721256256
INFO Gradient norm: 14.510577248762875
PROGRESS    Completed epoch 913 / 2000;    current loss: 0.2105301320552826
INFO Gradient norm: 13.095110702007888
PROGRESS    Completed epoch 914 / 2000;    current loss: 0.20961637794971466
INFO Gradient norm: 14.715061376601607
PROGRESS    Completed epoch 915 / 2000;    current loss: 0.21003219485282898
INFO Gradient norm: 11.329792772254606
PROGRESS    Completed epoch 916 / 2000;    current loss: 0.2082560807466507
INFO Gradient norm: 18.050138298638334
PROGRESS    Completed epoch 917 / 2000;    current loss: 0.21181419491767883
INFO Gradient norm: 15.2515721891793
PROGRESS    Completed epoch 918 / 2000;    current loss: 0.20993611216545105
INFO Gradient norm: 14.188054379418038
PROGRESS    Completed epoch 919 / 2000;    current loss: 0.20924513041973114
INFO Gradient norm: 12.347895374925374
PROGRESS    Completed epoch 920 / 2000;    current loss: 0.20824813842773438
INFO Gradient norm: 15.934299702177924
PROGRESS    Completed epoch 921 / 2000;    current loss: 0.21008515357971191
INFO Gradient norm: 12.754969691276113
PROGRESS    Completed epoch 922 / 2000;    current loss: 0.20833076536655426
INFO Gradient norm: 16.20053937197395
PROGRESS    Completed epoch 923 / 2000;    current loss: 0.21025630831718445
INFO Gradient norm: 13.676827056371474
PROGRESS    Completed epoch 924 / 2000;    current loss: 0.20868684351444244
INFO Gradient norm: 14.999790217222767
PROGRESS    Completed epoch 925 / 2000;    current loss: 0.20908509194850922
INFO Gradient norm: 12.489190920639123
PROGRESS    Completed epoch 926 / 2000;    current loss: 0.20788288116455078
INFO Gradient norm: 15.833057452965807
PROGRESS    Completed epoch 927 / 2000;    current loss: 0.20966772735118866
INFO Gradient norm: 12.849254355294983
PROGRESS    Completed epoch 928 / 2000;    current loss: 0.2079562246799469
INFO Gradient norm: 16.530483032403843
PROGRESS    Completed epoch 929 / 2000;    current loss: 0.20971404016017914
INFO Gradient norm: 14.241536980562111
PROGRESS    Completed epoch 930 / 2000;    current loss: 0.20838427543640137
INFO Gradient norm: 14.431555255204163
PROGRESS    Completed epoch 931 / 2000;    current loss: 0.20861494541168213
INFO Gradient norm: 11.982891240016583
PROGRESS    Completed epoch 932 / 2000;    current loss: 0.20737124979496002
INFO Gradient norm: 16.573025708820367
PROGRESS    Completed epoch 933 / 2000;    current loss: 0.20932945609092712
INFO Gradient norm: 13.083062630210934
PROGRESS    Completed epoch 934 / 2000;    current loss: 0.2074403613805771
INFO Gradient norm: 16.02305014817335
PROGRESS    Completed epoch 935 / 2000;    current loss: 0.20928607881069183
INFO Gradient norm: 13.81702804938108
PROGRESS    Completed epoch 936 / 2000;    current loss: 0.2079678177833557
INFO Gradient norm: 14.825028622391295
PROGRESS    Completed epoch 937 / 2000;    current loss: 0.2080298811197281
INFO Gradient norm: 10.83977083073714
PROGRESS    Completed epoch 938 / 2000;    current loss: 0.2064017355442047
INFO Gradient norm: 18.067971563123734
PROGRESS    Completed epoch 939 / 2000;    current loss: 0.21054483950138092
INFO Gradient norm: 15.034104131571867
PROGRESS    Completed epoch 940 / 2000;    current loss: 0.20863832533359528
INFO Gradient norm: 15.01774486214067
PROGRESS    Completed epoch 941 / 2000;    current loss: 0.20828907191753387
INFO Gradient norm: 13.599835919701068
PROGRESS    Completed epoch 942 / 2000;    current loss: 0.20752385258674622
INFO Gradient norm: 14.243897657461039
PROGRESS    Completed epoch 943 / 2000;    current loss: 0.20800471305847168
INFO Gradient norm: 10.904049938704562
PROGRESS    Completed epoch 944 / 2000;    current loss: 0.20642316341400146
INFO Gradient norm: 17.565116144148927
PROGRESS    Completed epoch 945 / 2000;    current loss: 0.20952050387859344
INFO Gradient norm: 14.061881018913292
PROGRESS    Completed epoch 946 / 2000;    current loss: 0.2076420783996582
INFO Gradient norm: 15.822477002963318
PROGRESS    Completed epoch 947 / 2000;    current loss: 0.20885130763053894
INFO Gradient norm: 13.71502500983966
PROGRESS    Completed epoch 948 / 2000;    current loss: 0.20765770971775055
INFO Gradient norm: 15.470927695792527
PROGRESS    Completed epoch 949 / 2000;    current loss: 0.20830263197422028
INFO Gradient norm: 12.88186269485339
PROGRESS    Completed epoch 950 / 2000;    current loss: 0.20696182548999786
INFO Gradient norm: 15.286010853745072
PROGRESS    Completed epoch 951 / 2000;    current loss: 0.2083955854177475
INFO Gradient norm: 9.741063100862752
PROGRESS    Completed epoch 952 / 2000;    current loss: 0.20598724484443665
INFO Gradient norm: 21.150111003464627
PROGRESS    Completed epoch 953 / 2000;    current loss: 0.2123536765575409
INFO Gradient norm: 18.870128155668347
PROGRESS    Completed epoch 954 / 2000;    current loss: 0.2110016644001007
INFO Gradient norm: 11.27440515627493
PROGRESS    Completed epoch 955 / 2000;    current loss: 0.20714297890663147
INFO Gradient norm: 10.575986766709136
PROGRESS    Completed epoch 956 / 2000;    current loss: 0.20702029764652252
INFO Gradient norm: 16.324702688248355
PROGRESS    Completed epoch 957 / 2000;    current loss: 0.20997688174247742
INFO Gradient norm: 11.643778104049352
PROGRESS    Completed epoch 958 / 2000;    current loss: 0.20772868394851685
INFO Gradient norm: 18.301666145848785
PROGRESS    Completed epoch 959 / 2000;    current loss: 0.2113274186849594
INFO Gradient norm: 15.833483667375702
PROGRESS    Completed epoch 960 / 2000;    current loss: 0.2096988558769226
INFO Gradient norm: 14.088901629947049
PROGRESS    Completed epoch 961 / 2000;    current loss: 0.20863783359527588
INFO Gradient norm: 12.752843592721407
PROGRESS    Completed epoch 962 / 2000;    current loss: 0.20785480737686157
INFO Gradient norm: 14.843350942639619
PROGRESS    Completed epoch 963 / 2000;    current loss: 0.20876482129096985
INFO Gradient norm: 11.096667157914313
PROGRESS    Completed epoch 964 / 2000;    current loss: 0.20681580901145935
INFO Gradient norm: 18.660595378479282
PROGRESS    Completed epoch 965 / 2000;    current loss: 0.2105661779642105
INFO Gradient norm: 15.953927449232731
PROGRESS    Completed epoch 966 / 2000;    current loss: 0.2087780237197876
INFO Gradient norm: 10.729936791147086
PROGRESS    Completed epoch 967 / 2000;    current loss: 0.20661699771881104
INFO Gradient norm: 4.80660475855945
PROGRESS    Completed epoch 968 / 2000;    current loss: 0.2054285705089569
INFO Gradient norm: 21.317589464555503
PROGRESS    Completed epoch 969 / 2000;    current loss: 0.21314747631549835
INFO Gradient norm: 11.79431604963041
PROGRESS    Completed epoch 970 / 2000;    current loss: 0.20763525366783142
INFO Gradient norm: 24.319428148207905
PROGRESS    Completed epoch 971 / 2000;    current loss: 0.2157696783542633
INFO Gradient norm: 23.78596042188342
PROGRESS    Completed epoch 972 / 2000;    current loss: 0.21526305377483368
INFO Gradient norm: 7.91676547983834
PROGRESS    Completed epoch 973 / 2000;    current loss: 0.20595526695251465
INFO Gradient norm: 9.685435035249359
PROGRESS    Completed epoch 974 / 2000;    current loss: 0.20664940774440765
INFO Gradient norm: 15.862297395160018
PROGRESS    Completed epoch 975 / 2000;    current loss: 0.20923978090286255
INFO Gradient norm: 8.993036393580741
PROGRESS    Completed epoch 976 / 2000;    current loss: 0.2059623897075653
INFO Gradient norm: 24.168149938626385
PROGRESS    Completed epoch 977 / 2000;    current loss: 0.2147987335920334
INFO Gradient norm: 20.555592782082957
PROGRESS    Completed epoch 978 / 2000;    current loss: 0.21193106472492218
INFO Gradient norm: 13.406026800695853
PROGRESS    Completed epoch 979 / 2000;    current loss: 0.20769056677818298
INFO Gradient norm: 13.454027743083891
PROGRESS    Completed epoch 980 / 2000;    current loss: 0.20767304301261902
INFO Gradient norm: 15.403920115350932
PROGRESS    Completed epoch 981 / 2000;    current loss: 0.20855210721492767
INFO Gradient norm: 10.493166051278434
PROGRESS    Completed epoch 982 / 2000;    current loss: 0.20624910295009613
INFO Gradient norm: 20.762640876833746
PROGRESS    Completed epoch 983 / 2000;    current loss: 0.2120891809463501
INFO Gradient norm: 17.12297868750309
PROGRESS    Completed epoch 984 / 2000;    current loss: 0.20946350693702698
INFO Gradient norm: 15.955412321843314
PROGRESS    Completed epoch 985 / 2000;    current loss: 0.2084924280643463
INFO Gradient norm: 14.735128769607732
PROGRESS    Completed epoch 986 / 2000;    current loss: 0.20774614810943604
INFO Gradient norm: 15.420972587345315
PROGRESS    Completed epoch 987 / 2000;    current loss: 0.20817652344703674
INFO Gradient norm: 11.955765570110184
PROGRESS    Completed epoch 988 / 2000;    current loss: 0.20633378624916077
INFO Gradient norm: 18.935191964536138
PROGRESS    Completed epoch 989 / 2000;    current loss: 0.2099771797657013
INFO Gradient norm: 13.903452840558328
PROGRESS    Completed epoch 990 / 2000;    current loss: 0.20717719197273254
INFO Gradient norm: 17.245683916993965
PROGRESS    Completed epoch 991 / 2000;    current loss: 0.209342822432518
INFO Gradient norm: 13.069240007778705
PROGRESS    Completed epoch 992 / 2000;    current loss: 0.2073427140712738
INFO Gradient norm: 18.679851302676866
PROGRESS    Completed epoch 993 / 2000;    current loss: 0.21091534197330475
INFO Gradient norm: 16.139781041675896
PROGRESS    Completed epoch 994 / 2000;    current loss: 0.20952938497066498
INFO Gradient norm: 14.902935783072573
PROGRESS    Completed epoch 995 / 2000;    current loss: 0.2090555876493454
INFO Gradient norm: 13.178283937804279
PROGRESS    Completed epoch 996 / 2000;    current loss: 0.20836284756660461
INFO Gradient norm: 16.44546483740059
PROGRESS    Completed epoch 997 / 2000;    current loss: 0.21062883734703064
INFO Gradient norm: 12.273358405613468
PROGRESS    Completed epoch 998 / 2000;    current loss: 0.2086295783519745
INFO Gradient norm: 18.96692455764092
PROGRESS    Completed epoch 999 / 2000;    current loss: 0.21202343702316284
INFO Gradient norm: 16.355823516520413
PROGRESS    Completed epoch 1000 / 2000;    current loss: 0.21042488515377045
INFO Gradient norm: 14.888962338859908
PROGRESS    Completed epoch 1001 / 2000;    current loss: 0.2099195122718811
INFO Gradient norm: 12.736421844659722
PROGRESS    Completed epoch 1002 / 2000;    current loss: 0.20883654057979584
INFO Gradient norm: 16.96345651155175
PROGRESS    Completed epoch 1003 / 2000;    current loss: 0.21070101857185364
INFO Gradient norm: 13.523427371371547
PROGRESS    Completed epoch 1004 / 2000;    current loss: 0.20879480242729187
INFO Gradient norm: 17.57330573681502
PROGRESS    Completed epoch 1005 / 2000;    current loss: 0.21114099025726318
INFO Gradient norm: 14.27869875314849
PROGRESS    Completed epoch 1006 / 2000;    current loss: 0.20912671089172363
INFO Gradient norm: 16.74353038909444
PROGRESS    Completed epoch 1007 / 2000;    current loss: 0.2103157937526703
INFO Gradient norm: 14.535367235547476
PROGRESS    Completed epoch 1008 / 2000;    current loss: 0.20899826288223267
INFO Gradient norm: 15.708096046779275
PROGRESS    Completed epoch 1009 / 2000;    current loss: 0.2096436768770218
INFO Gradient norm: 12.790575338683551
PROGRESS    Completed epoch 1010 / 2000;    current loss: 0.2080821990966797
INFO Gradient norm: 17.299779691901318
PROGRESS    Completed epoch 1011 / 2000;    current loss: 0.21040499210357666
INFO Gradient norm: 14.26494697801334
PROGRESS    Completed epoch 1012 / 2000;    current loss: 0.20857717096805573
INFO Gradient norm: 16.58863956338671
PROGRESS    Completed epoch 1013 / 2000;    current loss: 0.20974206924438477
INFO Gradient norm: 14.056761082155308
PROGRESS    Completed epoch 1014 / 2000;    current loss: 0.20827975869178772
INFO Gradient norm: 16.081797438240795
PROGRESS    Completed epoch 1015 / 2000;    current loss: 0.20934443175792694
INFO Gradient norm: 13.420386437225506
PROGRESS    Completed epoch 1016 / 2000;    current loss: 0.20782840251922607
INFO Gradient norm: 16.70287264337028
PROGRESS    Completed epoch 1017 / 2000;    current loss: 0.20933698117733002
INFO Gradient norm: 13.676920656579902
PROGRESS    Completed epoch 1018 / 2000;    current loss: 0.20771260559558868
INFO Gradient norm: 16.506660384155342
PROGRESS    Completed epoch 1019 / 2000;    current loss: 0.2092728614807129
INFO Gradient norm: 10.377468037350264
PROGRESS    Completed epoch 1020 / 2000;    current loss: 0.20664744079113007
INFO Gradient norm: 20.07401936586149
PROGRESS    Completed epoch 1021 / 2000;    current loss: 0.21233266592025757
INFO Gradient norm: 18.243762076924668
PROGRESS    Completed epoch 1022 / 2000;    current loss: 0.21136383712291718
INFO Gradient norm: 10.299361044180957
PROGRESS    Completed epoch 1023 / 2000;    current loss: 0.20763713121414185
INFO Gradient norm: 9.877483488344915
PROGRESS    Completed epoch 1024 / 2000;    current loss: 0.2077806144952774
INFO Gradient norm: 15.25157463963017
PROGRESS    Completed epoch 1025 / 2000;    current loss: 0.21065323054790497
INFO Gradient norm: 10.32155982861539
PROGRESS    Completed epoch 1026 / 2000;    current loss: 0.20853053033351898
INFO Gradient norm: 18.452344533877277
PROGRESS    Completed epoch 1027 / 2000;    current loss: 0.21265539526939392
INFO Gradient norm: 16.194439591402013
PROGRESS    Completed epoch 1028 / 2000;    current loss: 0.2112068384885788
INFO Gradient norm: 12.423631989096648
PROGRESS    Completed epoch 1029 / 2000;    current loss: 0.20935679972171783
INFO Gradient norm: 11.471934906340989
PROGRESS    Completed epoch 1030 / 2000;    current loss: 0.2088216245174408
INFO Gradient norm: 14.450547270343916
PROGRESS    Completed epoch 1031 / 2000;    current loss: 0.20996302366256714
INFO Gradient norm: 10.57778530100239
PROGRESS    Completed epoch 1032 / 2000;    current loss: 0.2080506831407547
INFO Gradient norm: 17.941307877072756
PROGRESS    Completed epoch 1033 / 2000;    current loss: 0.21176600456237793
INFO Gradient norm: 15.430512743953404
PROGRESS    Completed epoch 1034 / 2000;    current loss: 0.2101384848356247
INFO Gradient norm: 12.928867645037656
PROGRESS    Completed epoch 1035 / 2000;    current loss: 0.2087523192167282
INFO Gradient norm: 11.498022670336843
PROGRESS    Completed epoch 1036 / 2000;    current loss: 0.20800848305225372
INFO Gradient norm: 15.096251311530672
PROGRESS    Completed epoch 1037 / 2000;    current loss: 0.20959436893463135
INFO Gradient norm: 11.673074751371978
PROGRESS    Completed epoch 1038 / 2000;    current loss: 0.20785297453403473
INFO Gradient norm: 16.164523496751926
PROGRESS    Completed epoch 1039 / 2000;    current loss: 0.21013930439949036
INFO Gradient norm: 13.710299003208862
PROGRESS    Completed epoch 1040 / 2000;    current loss: 0.20866598188877106
INFO Gradient norm: 14.326019302405282
PROGRESS    Completed epoch 1041 / 2000;    current loss: 0.2087167650461197
INFO Gradient norm: 12.490749884944952
PROGRESS    Completed epoch 1042 / 2000;    current loss: 0.20773692429065704
INFO Gradient norm: 14.283408950769688
PROGRESS    Completed epoch 1043 / 2000;    current loss: 0.2086537927389145
INFO Gradient norm: 11.379176379138663
PROGRESS    Completed epoch 1044 / 2000;    current loss: 0.20715047419071198
INFO Gradient norm: 16.312114591973714
PROGRESS    Completed epoch 1045 / 2000;    current loss: 0.20921865105628967
INFO Gradient norm: 13.73683938334953
PROGRESS    Completed epoch 1046 / 2000;    current loss: 0.20777353644371033
INFO Gradient norm: 13.946326290577709
PROGRESS    Completed epoch 1047 / 2000;    current loss: 0.20806705951690674
INFO Gradient norm: 12.036154849386174
PROGRESS    Completed epoch 1048 / 2000;    current loss: 0.2070692926645279
INFO Gradient norm: 15.042693877921131
PROGRESS    Completed epoch 1049 / 2000;    current loss: 0.2083253413438797
INFO Gradient norm: 11.487332052404733
PROGRESS    Completed epoch 1050 / 2000;    current loss: 0.20650054514408112
INFO Gradient norm: 16.086076141679857
PROGRESS    Completed epoch 1051 / 2000;    current loss: 0.20901358127593994
INFO Gradient norm: 13.66644019886465
PROGRESS    Completed epoch 1052 / 2000;    current loss: 0.20761501789093018
INFO Gradient norm: 14.182488203157266
PROGRESS    Completed epoch 1053 / 2000;    current loss: 0.2076355367898941
INFO Gradient norm: 12.359743481294608
PROGRESS    Completed epoch 1054 / 2000;    current loss: 0.2067071944475174
INFO Gradient norm: 14.264541334925434
PROGRESS    Completed epoch 1055 / 2000;    current loss: 0.2077118456363678
INFO Gradient norm: 11.37487499723488
PROGRESS    Completed epoch 1056 / 2000;    current loss: 0.20624111592769623
INFO Gradient norm: 16.24734291457334
PROGRESS    Completed epoch 1057 / 2000;    current loss: 0.20844535529613495
INFO Gradient norm: 13.663063658731321
PROGRESS    Completed epoch 1058 / 2000;    current loss: 0.2070012241601944
INFO Gradient norm: 13.995432051101211
PROGRESS    Completed epoch 1059 / 2000;    current loss: 0.20723965764045715
INFO Gradient norm: 12.052516084747394
PROGRESS    Completed epoch 1060 / 2000;    current loss: 0.20619814097881317
INFO Gradient norm: 14.878349630220079
PROGRESS    Completed epoch 1061 / 2000;    current loss: 0.20737005770206451
INFO Gradient norm: 12.102667851767155
PROGRESS    Completed epoch 1062 / 2000;    current loss: 0.20596137642860413
INFO Gradient norm: 15.14494008608627
PROGRESS    Completed epoch 1063 / 2000;    current loss: 0.20749805867671967
INFO Gradient norm: 12.685131849038441
PROGRESS    Completed epoch 1064 / 2000;    current loss: 0.20613104104995728
INFO Gradient norm: 14.755260591787133
PROGRESS    Completed epoch 1065 / 2000;    current loss: 0.20683307945728302
INFO Gradient norm: 12.622536044197842
PROGRESS    Completed epoch 1066 / 2000;    current loss: 0.2058427482843399
INFO Gradient norm: 14.318184819659045
PROGRESS    Completed epoch 1067 / 2000;    current loss: 0.20665040612220764
INFO Gradient norm: 11.630327789023951
PROGRESS    Completed epoch 1068 / 2000;    current loss: 0.2053852081298828
INFO Gradient norm: 15.402272686475694
PROGRESS    Completed epoch 1069 / 2000;    current loss: 0.20711055397987366
INFO Gradient norm: 12.374583264908269
PROGRESS    Completed epoch 1070 / 2000;    current loss: 0.20549078285694122
INFO Gradient norm: 14.385372466260533
PROGRESS    Completed epoch 1071 / 2000;    current loss: 0.20658132433891296
INFO Gradient norm: 9.763254841238957
PROGRESS    Completed epoch 1072 / 2000;    current loss: 0.20470097661018372
INFO Gradient norm: 18.716115319852022
PROGRESS    Completed epoch 1073 / 2000;    current loss: 0.2094832807779312
INFO Gradient norm: 16.462593401580015
PROGRESS    Completed epoch 1074 / 2000;    current loss: 0.20831061899662018
INFO Gradient norm: 11.613641800665327
PROGRESS    Completed epoch 1075 / 2000;    current loss: 0.2059822827577591
INFO Gradient norm: 10.783626651489742
PROGRESS    Completed epoch 1076 / 2000;    current loss: 0.20578737556934357
INFO Gradient norm: 14.634016925128028
PROGRESS    Completed epoch 1077 / 2000;    current loss: 0.2077881097793579
INFO Gradient norm: 10.653963228991595
PROGRESS    Completed epoch 1078 / 2000;    current loss: 0.20605513453483582
INFO Gradient norm: 17.002755561342525
PROGRESS    Completed epoch 1079 / 2000;    current loss: 0.20914003252983093
INFO Gradient norm: 14.578361687203591
PROGRESS    Completed epoch 1080 / 2000;    current loss: 0.2077181488275528
INFO Gradient norm: 13.302520423084195
PROGRESS    Completed epoch 1081 / 2000;    current loss: 0.20712269842624664
INFO Gradient norm: 10.29967946085112
PROGRESS    Completed epoch 1082 / 2000;    current loss: 0.20593465864658356
INFO Gradient norm: 16.573656544410547
PROGRESS    Completed epoch 1083 / 2000;    current loss: 0.20892131328582764
INFO Gradient norm: 13.108491604550187
PROGRESS    Completed epoch 1084 / 2000;    current loss: 0.20700325071811676
INFO Gradient norm: 15.855471269014126
PROGRESS    Completed epoch 1085 / 2000;    current loss: 0.20837855339050293
INFO Gradient norm: 14.30209638377568
PROGRESS    Completed epoch 1086 / 2000;    current loss: 0.20747463405132294
INFO Gradient norm: 11.843871133465376
PROGRESS    Completed epoch 1087 / 2000;    current loss: 0.20637162029743195
INFO Gradient norm: 4.752754891821424
PROGRESS    Completed epoch 1088 / 2000;    current loss: 0.2047838568687439
INFO Gradient norm: 21.20436564358207
PROGRESS    Completed epoch 1089 / 2000;    current loss: 0.21244360506534576
INFO Gradient norm: 12.87348826671675
PROGRESS    Completed epoch 1090 / 2000;    current loss: 0.20755313336849213
INFO Gradient norm: 21.658817976207715
PROGRESS    Completed epoch 1091 / 2000;    current loss: 0.21287517249584198
INFO Gradient norm: 21.45769332374678
PROGRESS    Completed epoch 1092 / 2000;    current loss: 0.21272818744182587
INFO Gradient norm: 8.482720781114082
PROGRESS    Completed epoch 1093 / 2000;    current loss: 0.2058587372303009
INFO Gradient norm: 9.187669764586776
PROGRESS    Completed epoch 1094 / 2000;    current loss: 0.20579756796360016
INFO Gradient norm: 15.659152371614733
PROGRESS    Completed epoch 1095 / 2000;    current loss: 0.2085770070552826
INFO Gradient norm: 8.559744658711406
PROGRESS    Completed epoch 1096 / 2000;    current loss: 0.20550976693630219
INFO Gradient norm: 22.365077710654187
PROGRESS    Completed epoch 1097 / 2000;    current loss: 0.21274016797542572
INFO Gradient norm: 18.468891789542848
PROGRESS    Completed epoch 1098 / 2000;    current loss: 0.21007665991783142
INFO Gradient norm: 14.265526875246545
PROGRESS    Completed epoch 1099 / 2000;    current loss: 0.20773249864578247
INFO Gradient norm: 14.143381094663022
PROGRESS    Completed epoch 1100 / 2000;    current loss: 0.20766107738018036
INFO Gradient norm: 14.030280426755
PROGRESS    Completed epoch 1101 / 2000;    current loss: 0.2075139582157135
INFO Gradient norm: 10.148888229828023
PROGRESS    Completed epoch 1102 / 2000;    current loss: 0.20584440231323242
INFO Gradient norm: 19.015912677999825
PROGRESS    Completed epoch 1103 / 2000;    current loss: 0.21046365797519684
INFO Gradient norm: 15.009880360940175
PROGRESS    Completed epoch 1104 / 2000;    current loss: 0.20793215930461884
INFO Gradient norm: 16.82125453837528
PROGRESS    Completed epoch 1105 / 2000;    current loss: 0.20875461399555206
INFO Gradient norm: 15.35766064988134
PROGRESS    Completed epoch 1106 / 2000;    current loss: 0.20787067711353302
INFO Gradient norm: 14.170986262816765
PROGRESS    Completed epoch 1107 / 2000;    current loss: 0.20730873942375183
INFO Gradient norm: 11.66246642403269
PROGRESS    Completed epoch 1108 / 2000;    current loss: 0.20606812834739685
INFO Gradient norm: 17.60321136336472
PROGRESS    Completed epoch 1109 / 2000;    current loss: 0.20896916091442108
INFO Gradient norm: 13.705443833538286
PROGRESS    Completed epoch 1110 / 2000;    current loss: 0.2067967653274536
INFO Gradient norm: 17.101703709715107
PROGRESS    Completed epoch 1111 / 2000;    current loss: 0.20872552692890167
INFO Gradient norm: 15.024840819587583
PROGRESS    Completed epoch 1112 / 2000;    current loss: 0.2074458748102188
INFO Gradient norm: 14.885600049107133
PROGRESS    Completed epoch 1113 / 2000;    current loss: 0.20717884600162506
INFO Gradient norm: 12.552415073911568
PROGRESS    Completed epoch 1114 / 2000;    current loss: 0.2059965580701828
INFO Gradient norm: 15.256826209820112
PROGRESS    Completed epoch 1115 / 2000;    current loss: 0.20743195712566376
INFO Gradient norm: 9.534909848365977
PROGRESS    Completed epoch 1116 / 2000;    current loss: 0.2050284594297409
INFO Gradient norm: 21.37945498842627
PROGRESS    Completed epoch 1117 / 2000;    current loss: 0.21168294548988342
INFO Gradient norm: 18.083045369348504
PROGRESS    Completed epoch 1118 / 2000;    current loss: 0.2096080482006073
INFO Gradient norm: 13.663324154517545
PROGRESS    Completed epoch 1119 / 2000;    current loss: 0.20717549324035645
INFO Gradient norm: 13.405413060878919
PROGRESS    Completed epoch 1120 / 2000;    current loss: 0.2071639448404312
INFO Gradient norm: 14.228854671733032
PROGRESS    Completed epoch 1121 / 2000;    current loss: 0.20782244205474854
INFO Gradient norm: 10.037282327893509
PROGRESS    Completed epoch 1122 / 2000;    current loss: 0.20592553913593292
INFO Gradient norm: 19.163523152845713
PROGRESS    Completed epoch 1123 / 2000;    current loss: 0.21064332127571106
INFO Gradient norm: 15.631059309593981
PROGRESS    Completed epoch 1124 / 2000;    current loss: 0.20842650532722473
INFO Gradient norm: 15.569928425077416
PROGRESS    Completed epoch 1125 / 2000;    current loss: 0.20865893363952637
INFO Gradient norm: 13.47757943712493
PROGRESS    Completed epoch 1126 / 2000;    current loss: 0.2073831707239151
INFO Gradient norm: 15.544749503985267
PROGRESS    Completed epoch 1127 / 2000;    current loss: 0.2084161788225174
INFO Gradient norm: 12.715867733556527
PROGRESS    Completed epoch 1128 / 2000;    current loss: 0.20697887241840363
INFO Gradient norm: 16.80519992359548
PROGRESS    Completed epoch 1129 / 2000;    current loss: 0.20921073853969574
INFO Gradient norm: 13.677043319737338
PROGRESS    Completed epoch 1130 / 2000;    current loss: 0.20749785006046295
INFO Gradient norm: 16.264628080812866
PROGRESS    Completed epoch 1131 / 2000;    current loss: 0.20877814292907715
INFO Gradient norm: 14.031531362321505
PROGRESS    Completed epoch 1132 / 2000;    current loss: 0.20751476287841797
INFO Gradient norm: 15.33294820134233
PROGRESS    Completed epoch 1133 / 2000;    current loss: 0.20816835761070251
INFO Gradient norm: 12.665499786500373
PROGRESS    Completed epoch 1134 / 2000;    current loss: 0.20679792761802673
INFO Gradient norm: 16.36507781349887
PROGRESS    Completed epoch 1135 / 2000;    current loss: 0.20866015553474426
INFO Gradient norm: 13.42866624837482
PROGRESS    Completed epoch 1136 / 2000;    current loss: 0.2070082426071167
INFO Gradient norm: 16.310036032297987
PROGRESS    Completed epoch 1137 / 2000;    current loss: 0.20840343832969666
INFO Gradient norm: 13.753704871302526
PROGRESS    Completed epoch 1138 / 2000;    current loss: 0.2069883942604065
INFO Gradient norm: 15.508804830177468
PROGRESS    Completed epoch 1139 / 2000;    current loss: 0.20790499448776245
INFO Gradient norm: 13.054705218765768
PROGRESS    Completed epoch 1140 / 2000;    current loss: 0.20655769109725952
INFO Gradient norm: 16.05027598362784
PROGRESS    Completed epoch 1141 / 2000;    current loss: 0.2079407423734665
INFO Gradient norm: 13.122909771470248
PROGRESS    Completed epoch 1142 / 2000;    current loss: 0.20637238025665283
INFO Gradient norm: 14.608275606042836
PROGRESS    Completed epoch 1143 / 2000;    current loss: 0.20726364850997925
INFO Gradient norm: 9.380459530708551
PROGRESS    Completed epoch 1144 / 2000;    current loss: 0.20526647567749023
INFO Gradient norm: 18.92163811203915
PROGRESS    Completed epoch 1145 / 2000;    current loss: 0.2103624939918518
INFO Gradient norm: 17.19047489535865
PROGRESS    Completed epoch 1146 / 2000;    current loss: 0.20966830849647522
INFO Gradient norm: 10.142556028919573
PROGRESS    Completed epoch 1147 / 2000;    current loss: 0.20634613931179047
INFO Gradient norm: 9.758154589024695
PROGRESS    Completed epoch 1148 / 2000;    current loss: 0.20646460354328156
INFO Gradient norm: 14.317205237182144
PROGRESS    Completed epoch 1149 / 2000;    current loss: 0.20890843868255615
INFO Gradient norm: 9.873425605846267
PROGRESS    Completed epoch 1150 / 2000;    current loss: 0.20704229176044464
INFO Gradient norm: 17.201317208927673
PROGRESS    Completed epoch 1151 / 2000;    current loss: 0.21032656729221344
INFO Gradient norm: 14.678798669174993
PROGRESS    Completed epoch 1152 / 2000;    current loss: 0.208894282579422
INFO Gradient norm: 12.905379826640239
PROGRESS    Completed epoch 1153 / 2000;    current loss: 0.20797614753246307
INFO Gradient norm: 11.871316646726779
PROGRESS    Completed epoch 1154 / 2000;    current loss: 0.20736169815063477
INFO Gradient norm: 13.255262648750282
PROGRESS    Completed epoch 1155 / 2000;    current loss: 0.20771723985671997
INFO Gradient norm: 9.966905547039882
PROGRESS    Completed epoch 1156 / 2000;    current loss: 0.20616456866264343
INFO Gradient norm: 14.676631906844332
PROGRESS    Completed epoch 1157 / 2000;    current loss: 0.2083684206008911
INFO Gradient norm: 10.71137974106927
PROGRESS    Completed epoch 1158 / 2000;    current loss: 0.20658499002456665
INFO Gradient norm: 16.06663743566239
PROGRESS    Completed epoch 1159 / 2000;    current loss: 0.209125354886055
INFO Gradient norm: 13.943706971880204
PROGRESS    Completed epoch 1160 / 2000;    current loss: 0.2080419361591339
INFO Gradient norm: 12.523488721342217
PROGRESS    Completed epoch 1161 / 2000;    current loss: 0.20728373527526855
INFO Gradient norm: 10.715862852657919
PROGRESS    Completed epoch 1162 / 2000;    current loss: 0.20631389319896698
INFO Gradient norm: 14.080177056218496
PROGRESS    Completed epoch 1163 / 2000;    current loss: 0.208160400390625
INFO Gradient norm: 10.778116087312096
PROGRESS    Completed epoch 1164 / 2000;    current loss: 0.20662692189216614
INFO Gradient norm: 16.163706456913218
PROGRESS    Completed epoch 1165 / 2000;    current loss: 0.20893901586532593
INFO Gradient norm: 14.129341609711958
PROGRESS    Completed epoch 1166 / 2000;    current loss: 0.20784112811088562
INFO Gradient norm: 12.288988007087152
PROGRESS    Completed epoch 1167 / 2000;    current loss: 0.20716702938079834
INFO Gradient norm: 10.616877117745814
PROGRESS    Completed epoch 1168 / 2000;    current loss: 0.20639219880104065
INFO Gradient norm: 14.8338935680171
PROGRESS    Completed epoch 1169 / 2000;    current loss: 0.2079705148935318
INFO Gradient norm: 11.805701649841822
PROGRESS    Completed epoch 1170 / 2000;    current loss: 0.20651771128177643
INFO Gradient norm: 14.627806723623316
PROGRESS    Completed epoch 1171 / 2000;    current loss: 0.2079908847808838
INFO Gradient norm: 12.47163325041779
PROGRESS    Completed epoch 1172 / 2000;    current loss: 0.20676730573177338
INFO Gradient norm: 13.855296897841395
PROGRESS    Completed epoch 1173 / 2000;    current loss: 0.20688362419605255
INFO Gradient norm: 12.032707033145869
PROGRESS    Completed epoch 1174 / 2000;    current loss: 0.2061414271593094
INFO Gradient norm: 13.50099379397106
PROGRESS    Completed epoch 1175 / 2000;    current loss: 0.20691660046577454
INFO Gradient norm: 11.1864575436488
PROGRESS    Completed epoch 1176 / 2000;    current loss: 0.20575064420700073
INFO Gradient norm: 14.842954439218916
PROGRESS    Completed epoch 1177 / 2000;    current loss: 0.20711027085781097
INFO Gradient norm: 12.382316050261355
PROGRESS    Completed epoch 1178 / 2000;    current loss: 0.20586378872394562
INFO Gradient norm: 13.82192321721763
PROGRESS    Completed epoch 1179 / 2000;    current loss: 0.20669963955879211
INFO Gradient norm: 11.698593958264619
PROGRESS    Completed epoch 1180 / 2000;    current loss: 0.20562559366226196
INFO Gradient norm: 14.45503604798249
PROGRESS    Completed epoch 1181 / 2000;    current loss: 0.2065964788198471
INFO Gradient norm: 12.16634280720873
PROGRESS    Completed epoch 1182 / 2000;    current loss: 0.2054680734872818
INFO Gradient norm: 13.163791659854532
PROGRESS    Completed epoch 1183 / 2000;    current loss: 0.20604616403579712
INFO Gradient norm: 8.315022994065792
PROGRESS    Completed epoch 1184 / 2000;    current loss: 0.2042873352766037
INFO Gradient norm: 18.836998598370307
PROGRESS    Completed epoch 1185 / 2000;    current loss: 0.20939217507839203
INFO Gradient norm: 16.35147918083909
PROGRESS    Completed epoch 1186 / 2000;    current loss: 0.2080814242362976
INFO Gradient norm: 11.023659812636962
PROGRESS    Completed epoch 1187 / 2000;    current loss: 0.20569118857383728
INFO Gradient norm: 10.709294298555353
PROGRESS    Completed epoch 1188 / 2000;    current loss: 0.20567922294139862
INFO Gradient norm: 13.29710156367827
PROGRESS    Completed epoch 1189 / 2000;    current loss: 0.20679160952568054
INFO Gradient norm: 9.533098231990259
PROGRESS    Completed epoch 1190 / 2000;    current loss: 0.2053486704826355
INFO Gradient norm: 16.39511733052711
PROGRESS    Completed epoch 1191 / 2000;    current loss: 0.2085137963294983
INFO Gradient norm: 13.703858702077362
PROGRESS    Completed epoch 1192 / 2000;    current loss: 0.2069656103849411
INFO Gradient norm: 13.484889064351979
PROGRESS    Completed epoch 1193 / 2000;    current loss: 0.2069653421640396
INFO Gradient norm: 12.057645789712726
PROGRESS    Completed epoch 1194 / 2000;    current loss: 0.20625218749046326
INFO Gradient norm: 13.162998355451448
PROGRESS    Completed epoch 1195 / 2000;    current loss: 0.2063884437084198
INFO Gradient norm: 10.426541406726768
PROGRESS    Completed epoch 1196 / 2000;    current loss: 0.20510457456111908
INFO Gradient norm: 15.676833627821203
PROGRESS    Completed epoch 1197 / 2000;    current loss: 0.2075527012348175
INFO Gradient norm: 13.033701718713033
PROGRESS    Completed epoch 1198 / 2000;    current loss: 0.20607222616672516
INFO Gradient norm: 13.332800614031866
PROGRESS    Completed epoch 1199 / 2000;    current loss: 0.20618858933448792
INFO Gradient norm: 11.668960796973526
PROGRESS    Completed epoch 1200 / 2000;    current loss: 0.20534534752368927
INFO Gradient norm: 13.742483712889781
PROGRESS    Completed epoch 1201 / 2000;    current loss: 0.2061503529548645
INFO Gradient norm: 11.217280496901854
PROGRESS    Completed epoch 1202 / 2000;    current loss: 0.2049926221370697
INFO Gradient norm: 11.164589579585865
PROGRESS    Completed epoch 1203 / 2000;    current loss: 0.20515532791614532
INFO Gradient norm: 4.847292114622045
PROGRESS    Completed epoch 1204 / 2000;    current loss: 0.2037973403930664
INFO Gradient norm: 19.89676198983403
PROGRESS    Completed epoch 1205 / 2000;    current loss: 0.21042002737522125
INFO Gradient norm: 12.50392664873194
PROGRESS    Completed epoch 1206 / 2000;    current loss: 0.20622791349887848
INFO Gradient norm: 19.266183309715014
PROGRESS    Completed epoch 1207 / 2000;    current loss: 0.2100188434123993
INFO Gradient norm: 19.275994427703353
PROGRESS    Completed epoch 1208 / 2000;    current loss: 0.21004046499729156
INFO Gradient norm: 8.064779680662749
PROGRESS    Completed epoch 1209 / 2000;    current loss: 0.2047402262687683
INFO Gradient norm: 8.45870791587454
PROGRESS    Completed epoch 1210 / 2000;    current loss: 0.20479147136211395
INFO Gradient norm: 14.708156780834702
PROGRESS    Completed epoch 1211 / 2000;    current loss: 0.20713075995445251
INFO Gradient norm: 8.538261853252298
PROGRESS    Completed epoch 1212 / 2000;    current loss: 0.2044936716556549
INFO Gradient norm: 20.702768784847553
PROGRESS    Completed epoch 1213 / 2000;    current loss: 0.21072377264499664
INFO Gradient norm: 17.765832824402867
PROGRESS    Completed epoch 1214 / 2000;    current loss: 0.2086743861436844
INFO Gradient norm: 12.03769117631685
PROGRESS    Completed epoch 1215 / 2000;    current loss: 0.20547077059745789
INFO Gradient norm: 12.198451772119629
PROGRESS    Completed epoch 1216 / 2000;    current loss: 0.20549136400222778
INFO Gradient norm: 13.046554079763764
PROGRESS    Completed epoch 1217 / 2000;    current loss: 0.20579718053340912
INFO Gradient norm: 8.829219703389514
PROGRESS    Completed epoch 1218 / 2000;    current loss: 0.20412752032279968
INFO Gradient norm: 18.164090182992556
PROGRESS    Completed epoch 1219 / 2000;    current loss: 0.20848730206489563
INFO Gradient norm: 14.645266559368519
PROGRESS    Completed epoch 1220 / 2000;    current loss: 0.20630362629890442
INFO Gradient norm: 12.671722754440694
PROGRESS    Completed epoch 1221 / 2000;    current loss: 0.20542876422405243
INFO Gradient norm: 9.612975482157717
PROGRESS    Completed epoch 1222 / 2000;    current loss: 0.20429487526416779
INFO Gradient norm: 15.885915626509364
PROGRESS    Completed epoch 1223 / 2000;    current loss: 0.20733119547367096
INFO Gradient norm: 9.507257116646082
PROGRESS    Completed epoch 1224 / 2000;    current loss: 0.20483656227588654
INFO Gradient norm: 20.827322231056463
PROGRESS    Completed epoch 1225 / 2000;    current loss: 0.21125304698944092
INFO Gradient norm: 18.38673444940088
PROGRESS    Completed epoch 1226 / 2000;    current loss: 0.2099304050207138
INFO Gradient norm: 11.759177291768562
PROGRESS    Completed epoch 1227 / 2000;    current loss: 0.20651324093341827
INFO Gradient norm: 12.097435903681927
PROGRESS    Completed epoch 1228 / 2000;    current loss: 0.2068411111831665
INFO Gradient norm: 13.403741180321875
PROGRESS    Completed epoch 1229 / 2000;    current loss: 0.20778176188468933
INFO Gradient norm: 8.823929670218087
PROGRESS    Completed epoch 1230 / 2000;    current loss: 0.2060580849647522
INFO Gradient norm: 19.145292506250712
PROGRESS    Completed epoch 1231 / 2000;    current loss: 0.21093514561653137
INFO Gradient norm: 15.5204847345656
PROGRESS    Completed epoch 1232 / 2000;    current loss: 0.2087150514125824
INFO Gradient norm: 14.793066164279566
PROGRESS    Completed epoch 1233 / 2000;    current loss: 0.20845717191696167
INFO Gradient norm: 13.975116004526594
PROGRESS    Completed epoch 1234 / 2000;    current loss: 0.2079920768737793
INFO Gradient norm: 13.406657985061477
PROGRESS    Completed epoch 1235 / 2000;    current loss: 0.20753097534179688
INFO Gradient norm: 10.739643416152777
PROGRESS    Completed epoch 1236 / 2000;    current loss: 0.20635682344436646
INFO Gradient norm: 16.902253350537645
PROGRESS    Completed epoch 1237 / 2000;    current loss: 0.20927706360816956
INFO Gradient norm: 13.066619543412008
PROGRESS    Completed epoch 1238 / 2000;    current loss: 0.2072257399559021
INFO Gradient norm: 16.298546058732544
PROGRESS    Completed epoch 1239 / 2000;    current loss: 0.20879454910755157
INFO Gradient norm: 14.513374988683628
PROGRESS    Completed epoch 1240 / 2000;    current loss: 0.20775549113750458
INFO Gradient norm: 13.629068963275916
PROGRESS    Completed epoch 1241 / 2000;    current loss: 0.20711365342140198
INFO Gradient norm: 11.63875485098088
PROGRESS    Completed epoch 1242 / 2000;    current loss: 0.20630180835723877
INFO Gradient norm: 15.408045480714351
PROGRESS    Completed epoch 1243 / 2000;    current loss: 0.20802368223667145
INFO Gradient norm: 12.152012066618498
PROGRESS    Completed epoch 1244 / 2000;    current loss: 0.20638908445835114
INFO Gradient norm: 16.10999250160865
PROGRESS    Completed epoch 1245 / 2000;    current loss: 0.2082168310880661
INFO Gradient norm: 13.382037502077601
PROGRESS    Completed epoch 1246 / 2000;    current loss: 0.20670588314533234
INFO Gradient norm: 14.823411448808239
PROGRESS    Completed epoch 1247 / 2000;    current loss: 0.20745475590229034
INFO Gradient norm: 12.748709537762611
PROGRESS    Completed epoch 1248 / 2000;    current loss: 0.2063886523246765
INFO Gradient norm: 14.84034008655848
PROGRESS    Completed epoch 1249 / 2000;    current loss: 0.20709915459156036
INFO Gradient norm: 12.16247400036783
PROGRESS    Completed epoch 1250 / 2000;    current loss: 0.20579379796981812
INFO Gradient norm: 15.35795487382501
PROGRESS    Completed epoch 1251 / 2000;    current loss: 0.20750311017036438
INFO Gradient norm: 12.80985658505512
PROGRESS    Completed epoch 1252 / 2000;    current loss: 0.20600686967372894
INFO Gradient norm: 15.380294273357158
PROGRESS    Completed epoch 1253 / 2000;    current loss: 0.20731854438781738
INFO Gradient norm: 13.042499251818608
PROGRESS    Completed epoch 1254 / 2000;    current loss: 0.20610320568084717
INFO Gradient norm: 14.632533188494481
PROGRESS    Completed epoch 1255 / 2000;    current loss: 0.20688283443450928
INFO Gradient norm: 12.529114714150069
PROGRESS    Completed epoch 1256 / 2000;    current loss: 0.2058064341545105
INFO Gradient norm: 14.829384310492769
PROGRESS    Completed epoch 1257 / 2000;    current loss: 0.20677673816680908
INFO Gradient norm: 11.974712001883306
PROGRESS    Completed epoch 1258 / 2000;    current loss: 0.2053948938846588
INFO Gradient norm: 13.612143373702558
PROGRESS    Completed epoch 1259 / 2000;    current loss: 0.20612716674804688
INFO Gradient norm: 8.756214789077031
PROGRESS    Completed epoch 1260 / 2000;    current loss: 0.20445580780506134
INFO Gradient norm: 17.951364625162277
PROGRESS    Completed epoch 1261 / 2000;    current loss: 0.20924974977970123
INFO Gradient norm: 16.07589214404486
PROGRESS    Completed epoch 1262 / 2000;    current loss: 0.2084248661994934
INFO Gradient norm: 9.968453754787934
PROGRESS    Completed epoch 1263 / 2000;    current loss: 0.20582929253578186
INFO Gradient norm: 9.757535113860701
PROGRESS    Completed epoch 1264 / 2000;    current loss: 0.20596769452095032
INFO Gradient norm: 13.045300826373666
PROGRESS    Completed epoch 1265 / 2000;    current loss: 0.20744124054908752
INFO Gradient norm: 9.124817666517547
PROGRESS    Completed epoch 1266 / 2000;    current loss: 0.2059302181005478
INFO Gradient norm: 16.016429376271642
PROGRESS    Completed epoch 1267 / 2000;    current loss: 0.20898929238319397
INFO Gradient norm: 13.415303567784695
PROGRESS    Completed epoch 1268 / 2000;    current loss: 0.2073659747838974
INFO Gradient norm: 13.001234836337144
PROGRESS    Completed epoch 1269 / 2000;    current loss: 0.2073507457971573
INFO Gradient norm: 12.262139160587035
PROGRESS    Completed epoch 1270 / 2000;    current loss: 0.20683465898036957
INFO Gradient norm: 11.611934046020835
PROGRESS    Completed epoch 1271 / 2000;    current loss: 0.20635686814785004
INFO Gradient norm: 9.112863517986177
PROGRESS    Completed epoch 1272 / 2000;    current loss: 0.20530077815055847
INFO Gradient norm: 15.345937181853627
PROGRESS    Completed epoch 1273 / 2000;    current loss: 0.20782965421676636
INFO Gradient norm: 12.257826873004657
PROGRESS    Completed epoch 1274 / 2000;    current loss: 0.20617251098155975
INFO Gradient norm: 13.34442648460081
PROGRESS    Completed epoch 1275 / 2000;    current loss: 0.20659680664539337
INFO Gradient norm: 11.806525170147253
PROGRESS    Completed epoch 1276 / 2000;    current loss: 0.205796480178833
INFO Gradient norm: 12.75464177961124
PROGRESS    Completed epoch 1277 / 2000;    current loss: 0.20591598749160767
INFO Gradient norm: 10.782102805024993
PROGRESS    Completed epoch 1278 / 2000;    current loss: 0.20502258837223053
INFO Gradient norm: 13.3030580293795
PROGRESS    Completed epoch 1279 / 2000;    current loss: 0.20606911182403564
INFO Gradient norm: 10.502057694167668
PROGRESS    Completed epoch 1280 / 2000;    current loss: 0.2048603594303131
INFO Gradient norm: 14.83455737386671
PROGRESS    Completed epoch 1281 / 2000;    current loss: 0.2065173089504242
INFO Gradient norm: 12.593775246308986
PROGRESS    Completed epoch 1282 / 2000;    current loss: 0.20541024208068848
INFO Gradient norm: 12.5189112950179
PROGRESS    Completed epoch 1283 / 2000;    current loss: 0.20540596544742584
INFO Gradient norm: 10.818788839026015
PROGRESS    Completed epoch 1284 / 2000;    current loss: 0.2046058475971222
INFO Gradient norm: 12.153321844826083
PROGRESS    Completed epoch 1285 / 2000;    current loss: 0.20508745312690735
INFO Gradient norm: 8.661173442025682
PROGRESS    Completed epoch 1286 / 2000;    current loss: 0.20386174321174622
INFO Gradient norm: 15.496890272774694
PROGRESS    Completed epoch 1287 / 2000;    current loss: 0.206926628947258
INFO Gradient norm: 12.684312718275008
PROGRESS    Completed epoch 1288 / 2000;    current loss: 0.20547126233577728
INFO Gradient norm: 12.859947586345175
PROGRESS    Completed epoch 1289 / 2000;    current loss: 0.2054091840982437
INFO Gradient norm: 11.887765916784275
PROGRESS    Completed epoch 1290 / 2000;    current loss: 0.20497047901153564
INFO Gradient norm: 11.436727144390316
PROGRESS    Completed epoch 1291 / 2000;    current loss: 0.2047034204006195
INFO Gradient norm: 6.681292903210868
PROGRESS    Completed epoch 1292 / 2000;    current loss: 0.20333658158779144
INFO Gradient norm: 18.011460064424313
PROGRESS    Completed epoch 1293 / 2000;    current loss: 0.20837561786174774
INFO Gradient norm: 14.862604704205925
PROGRESS    Completed epoch 1294 / 2000;    current loss: 0.20671753585338593
INFO Gradient norm: 11.509206769742814
PROGRESS    Completed epoch 1295 / 2000;    current loss: 0.20515379309654236
INFO Gradient norm: 11.376542026784822
PROGRESS    Completed epoch 1296 / 2000;    current loss: 0.20520184934139252
INFO Gradient norm: 11.638751157519355
PROGRESS    Completed epoch 1297 / 2000;    current loss: 0.20552211999893188
INFO Gradient norm: 8.820907095054604
PROGRESS    Completed epoch 1298 / 2000;    current loss: 0.20454345643520355
INFO Gradient norm: 14.919552410622025
PROGRESS    Completed epoch 1299 / 2000;    current loss: 0.20701617002487183
INFO Gradient norm: 12.068004347346768
PROGRESS    Completed epoch 1300 / 2000;    current loss: 0.2056029736995697
INFO Gradient norm: 13.530141388284223
PROGRESS    Completed epoch 1301 / 2000;    current loss: 0.20620959997177124
INFO Gradient norm: 12.298408032590904
PROGRESS    Completed epoch 1302 / 2000;    current loss: 0.20552407205104828
INFO Gradient norm: 11.60374518059244
PROGRESS    Completed epoch 1303 / 2000;    current loss: 0.20512622594833374
INFO Gradient norm: 9.414421331268079
PROGRESS    Completed epoch 1304 / 2000;    current loss: 0.20423628389835358
INFO Gradient norm: 14.643460912027583
PROGRESS    Completed epoch 1305 / 2000;    current loss: 0.20621180534362793
INFO Gradient norm: 11.813055454170167
PROGRESS    Completed epoch 1306 / 2000;    current loss: 0.2048109471797943
INFO Gradient norm: 13.128107204267533
PROGRESS    Completed epoch 1307 / 2000;    current loss: 0.20547893643379211
INFO Gradient norm: 11.515109726287218
PROGRESS    Completed epoch 1308 / 2000;    current loss: 0.20466382801532745
INFO Gradient norm: 12.740873567289757
PROGRESS    Completed epoch 1309 / 2000;    current loss: 0.20501913130283356
INFO Gradient norm: 10.771240532650602
PROGRESS    Completed epoch 1310 / 2000;    current loss: 0.20419257879257202
INFO Gradient norm: 13.075944031838711
PROGRESS    Completed epoch 1311 / 2000;    current loss: 0.20509426295757294
INFO Gradient norm: 9.683120475241545
PROGRESS    Completed epoch 1312 / 2000;    current loss: 0.20371147990226746
INFO Gradient norm: 16.405262681952305
PROGRESS    Completed epoch 1313 / 2000;    current loss: 0.20661333203315735
INFO Gradient norm: 13.0193984161551
PROGRESS    Completed epoch 1314 / 2000;    current loss: 0.20489893853664398
INFO Gradient norm: 14.434737811933928
PROGRESS    Completed epoch 1315 / 2000;    current loss: 0.20566317439079285
INFO Gradient norm: 10.480016202905958
PROGRESS    Completed epoch 1316 / 2000;    current loss: 0.2041713148355484
INFO Gradient norm: 15.501071935849037
PROGRESS    Completed epoch 1317 / 2000;    current loss: 0.2066982090473175
INFO Gradient norm: 14.297860599057097
PROGRESS    Completed epoch 1318 / 2000;    current loss: 0.20638436079025269
INFO Gradient norm: 10.173060555624504
PROGRESS    Completed epoch 1319 / 2000;    current loss: 0.20481069386005402
INFO Gradient norm: 9.179144692542431
PROGRESS    Completed epoch 1320 / 2000;    current loss: 0.20464739203453064
INFO Gradient norm: 13.439480267700668
PROGRESS    Completed epoch 1321 / 2000;    current loss: 0.2065361738204956
INFO Gradient norm: 9.763109143735354
PROGRESS    Completed epoch 1322 / 2000;    current loss: 0.20511631667613983
INFO Gradient norm: 15.030191962149157
PROGRESS    Completed epoch 1323 / 2000;    current loss: 0.20729893445968628
INFO Gradient norm: 12.961331838893194
PROGRESS    Completed epoch 1324 / 2000;    current loss: 0.20622029900550842
INFO Gradient norm: 12.015968367066097
PROGRESS    Completed epoch 1325 / 2000;    current loss: 0.20578314363956451
INFO Gradient norm: 10.996321157381194
PROGRESS    Completed epoch 1326 / 2000;    current loss: 0.2052604854106903
INFO Gradient norm: 12.050360968912736
PROGRESS    Completed epoch 1327 / 2000;    current loss: 0.20550408959388733
INFO Gradient norm: 9.24056397100538
PROGRESS    Completed epoch 1328 / 2000;    current loss: 0.20430831611156464
INFO Gradient norm: 15.042114017106286
PROGRESS    Completed epoch 1329 / 2000;    current loss: 0.2065867930650711
INFO Gradient norm: 12.528381694592124
PROGRESS    Completed epoch 1330 / 2000;    current loss: 0.20526397228240967
INFO Gradient norm: 12.262812536162226
PROGRESS    Completed epoch 1331 / 2000;    current loss: 0.20508123934268951
INFO Gradient norm: 10.9282853929386
PROGRESS    Completed epoch 1332 / 2000;    current loss: 0.2044169306755066
INFO Gradient norm: 11.770720491943454
PROGRESS    Completed epoch 1333 / 2000;    current loss: 0.20464283227920532
INFO Gradient norm: 8.165073649420092
PROGRESS    Completed epoch 1334 / 2000;    current loss: 0.20337596535682678
INFO Gradient norm: 15.465949455087197
PROGRESS    Completed epoch 1335 / 2000;    current loss: 0.20650185644626617
INFO Gradient norm: 12.293796527400033
PROGRESS    Completed epoch 1336 / 2000;    current loss: 0.204956516623497
INFO Gradient norm: 13.163739585268473
PROGRESS    Completed epoch 1337 / 2000;    current loss: 0.20519007742404938
INFO Gradient norm: 12.14382651464904
PROGRESS    Completed epoch 1338 / 2000;    current loss: 0.20457959175109863
INFO Gradient norm: 9.567010903645032
PROGRESS    Completed epoch 1339 / 2000;    current loss: 0.2038545459508896
INFO Gradient norm: 5.206040360545879
PROGRESS    Completed epoch 1340 / 2000;    current loss: 0.20296770334243774
INFO Gradient norm: 17.07590932529369
PROGRESS    Completed epoch 1341 / 2000;    current loss: 0.20748916268348694
INFO Gradient norm: 11.879592906106483
PROGRESS    Completed epoch 1342 / 2000;    current loss: 0.20503468811511993
INFO Gradient norm: 15.15091749916436
PROGRESS    Completed epoch 1343 / 2000;    current loss: 0.20671521127223969
INFO Gradient norm: 14.668969036953817
PROGRESS    Completed epoch 1344 / 2000;    current loss: 0.20644237101078033
INFO Gradient norm: 9.544753726694623
PROGRESS    Completed epoch 1345 / 2000;    current loss: 0.20415329933166504
INFO Gradient norm: 9.007888892890044
PROGRESS    Completed epoch 1346 / 2000;    current loss: 0.20385688543319702
INFO Gradient norm: 12.69615039891192
PROGRESS    Completed epoch 1347 / 2000;    current loss: 0.20517569780349731
INFO Gradient norm: 8.452093539901659
PROGRESS    Completed epoch 1348 / 2000;    current loss: 0.20339594781398773
INFO Gradient norm: 17.185643807333282
PROGRESS    Completed epoch 1349 / 2000;    current loss: 0.20710621774196625
INFO Gradient norm: 14.319383020971621
PROGRESS    Completed epoch 1350 / 2000;    current loss: 0.2053026407957077
INFO Gradient norm: 11.418083180213861
PROGRESS    Completed epoch 1351 / 2000;    current loss: 0.20430919528007507
INFO Gradient norm: 10.978034947017164
PROGRESS    Completed epoch 1352 / 2000;    current loss: 0.20408408343791962
INFO Gradient norm: 12.05943719678387
PROGRESS    Completed epoch 1353 / 2000;    current loss: 0.20432212948799133
INFO Gradient norm: 9.322463501326668
PROGRESS    Completed epoch 1354 / 2000;    current loss: 0.20326900482177734
INFO Gradient norm: 14.23007130677139
PROGRESS    Completed epoch 1355 / 2000;    current loss: 0.20525719225406647
INFO Gradient norm: 6.3027532298022955
PROGRESS    Completed epoch 1356 / 2000;    current loss: 0.202633798122406
INFO Gradient norm: 21.63893178698756
PROGRESS    Completed epoch 1357 / 2000;    current loss: 0.2099781036376953
INFO Gradient norm: 18.216824052088274
PROGRESS    Completed epoch 1358 / 2000;    current loss: 0.20792631804943085
INFO Gradient norm: 11.339284313309852
PROGRESS    Completed epoch 1359 / 2000;    current loss: 0.20459991693496704
INFO Gradient norm: 12.611587231686666
PROGRESS    Completed epoch 1360 / 2000;    current loss: 0.20523561537265778
INFO Gradient norm: 10.99081907705278
PROGRESS    Completed epoch 1361 / 2000;    current loss: 0.20480789244174957
INFO Gradient norm: 7.383494685968004
PROGRESS    Completed epoch 1362 / 2000;    current loss: 0.20370543003082275
INFO Gradient norm: 17.40175716504819
PROGRESS    Completed epoch 1363 / 2000;    current loss: 0.20779436826705933
INFO Gradient norm: 12.952494472028672
PROGRESS    Completed epoch 1364 / 2000;    current loss: 0.20541590452194214
INFO Gradient norm: 13.598265753236817
PROGRESS    Completed epoch 1365 / 2000;    current loss: 0.2060593068599701
INFO Gradient norm: 11.578183685711283
PROGRESS    Completed epoch 1366 / 2000;    current loss: 0.20534369349479675
INFO Gradient norm: 13.993633328206885
PROGRESS    Completed epoch 1367 / 2000;    current loss: 0.20631006360054016
INFO Gradient norm: 11.71871194385667
PROGRESS    Completed epoch 1368 / 2000;    current loss: 0.2053726762533188
INFO Gradient norm: 14.037958653505395
PROGRESS    Completed epoch 1369 / 2000;    current loss: 0.20657873153686523
INFO Gradient norm: 11.519518733476787
PROGRESS    Completed epoch 1370 / 2000;    current loss: 0.20543263852596283
INFO Gradient norm: 14.361533767554636
PROGRESS    Completed epoch 1371 / 2000;    current loss: 0.20646801590919495
INFO Gradient norm: 12.369577558424636
PROGRESS    Completed epoch 1372 / 2000;    current loss: 0.20539270341396332
INFO Gradient norm: 13.509693751352538
PROGRESS    Completed epoch 1373 / 2000;    current loss: 0.20616382360458374
INFO Gradient norm: 10.766004357140242
PROGRESS    Completed epoch 1374 / 2000;    current loss: 0.20489339530467987
INFO Gradient norm: 14.867796694691917
PROGRESS    Completed epoch 1375 / 2000;    current loss: 0.2066347450017929
INFO Gradient norm: 12.447505889492636
PROGRESS    Completed epoch 1376 / 2000;    current loss: 0.20546630024909973
INFO Gradient norm: 13.702099531425974
PROGRESS    Completed epoch 1377 / 2000;    current loss: 0.20601601898670197
INFO Gradient norm: 11.82505789865461
PROGRESS    Completed epoch 1378 / 2000;    current loss: 0.20514462888240814
INFO Gradient norm: 13.478831433664013
PROGRESS    Completed epoch 1379 / 2000;    current loss: 0.20577821135520935
INFO Gradient norm: 11.187796536233002
PROGRESS    Completed epoch 1380 / 2000;    current loss: 0.2047521024942398
INFO Gradient norm: 14.36187911023742
PROGRESS    Completed epoch 1381 / 2000;    current loss: 0.2060314565896988
INFO Gradient norm: 11.78474373012197
PROGRESS    Completed epoch 1382 / 2000;    current loss: 0.20483285188674927
INFO Gradient norm: 13.163628760800709
PROGRESS    Completed epoch 1383 / 2000;    current loss: 0.20543695986270905
INFO Gradient norm: 8.858563831728071
PROGRESS    Completed epoch 1384 / 2000;    current loss: 0.2039451003074646
INFO Gradient norm: 17.378947141505577
PROGRESS    Completed epoch 1385 / 2000;    current loss: 0.2078806310892105
INFO Gradient norm: 14.60486228486033
PROGRESS    Completed epoch 1386 / 2000;    current loss: 0.20651930570602417
INFO Gradient norm: 12.409216268843062
PROGRESS    Completed epoch 1387 / 2000;    current loss: 0.20554545521736145
INFO Gradient norm: 12.038375239175743
PROGRESS    Completed epoch 1388 / 2000;    current loss: 0.20543897151947021
INFO Gradient norm: 11.907987165476777
PROGRESS    Completed epoch 1389 / 2000;    current loss: 0.2055351585149765
INFO Gradient norm: 8.942365626147494
PROGRESS    Completed epoch 1390 / 2000;    current loss: 0.20451481640338898
INFO Gradient norm: 15.677269844768128
PROGRESS    Completed epoch 1391 / 2000;    current loss: 0.20718522369861603
INFO Gradient norm: 12.565603053427537
PROGRESS    Completed epoch 1392 / 2000;    current loss: 0.20562641322612762
INFO Gradient norm: 13.881608882383826
PROGRESS    Completed epoch 1393 / 2000;    current loss: 0.20639356970787048
INFO Gradient norm: 12.544884359821353
PROGRESS    Completed epoch 1394 / 2000;    current loss: 0.20575278997421265
INFO Gradient norm: 12.418016610240842
PROGRESS    Completed epoch 1395 / 2000;    current loss: 0.20548014342784882
INFO Gradient norm: 10.847686912711724
PROGRESS    Completed epoch 1396 / 2000;    current loss: 0.2048373520374298
INFO Gradient norm: 13.425128368148794
PROGRESS    Completed epoch 1397 / 2000;    current loss: 0.20597770810127258
INFO Gradient norm: 10.343422248726961
PROGRESS    Completed epoch 1398 / 2000;    current loss: 0.20459847152233124
INFO Gradient norm: 14.853850587814387
PROGRESS    Completed epoch 1399 / 2000;    current loss: 0.20634540915489197
INFO Gradient norm: 12.750741387379193
PROGRESS    Completed epoch 1400 / 2000;    current loss: 0.20515230298042297
INFO Gradient norm: 12.79381022933755
PROGRESS    Completed epoch 1401 / 2000;    current loss: 0.2053363025188446
INFO Gradient norm: 11.234780730715944
PROGRESS    Completed epoch 1402 / 2000;    current loss: 0.20466352999210358
INFO Gradient norm: 13.093736321659339
PROGRESS    Completed epoch 1403 / 2000;    current loss: 0.20523692667484283
INFO Gradient norm: 10.641537173279007
PROGRESS    Completed epoch 1404 / 2000;    current loss: 0.204215869307518
INFO Gradient norm: 14.059537408127422
PROGRESS    Completed epoch 1405 / 2000;    current loss: 0.20561198890209198
INFO Gradient norm: 11.05874187045975
PROGRESS    Completed epoch 1406 / 2000;    current loss: 0.20414027571678162
INFO Gradient norm: 14.139043928741904
PROGRESS    Completed epoch 1407 / 2000;    current loss: 0.20544365048408508
INFO Gradient norm: 12.311207763659176
PROGRESS    Completed epoch 1408 / 2000;    current loss: 0.20455385744571686
INFO Gradient norm: 11.204864777483982
PROGRESS    Completed epoch 1409 / 2000;    current loss: 0.20416246354579926
INFO Gradient norm: 8.187305795890868
PROGRESS    Completed epoch 1410 / 2000;    current loss: 0.20324261486530304
INFO Gradient norm: 15.86970833746764
PROGRESS    Completed epoch 1411 / 2000;    current loss: 0.20641154050827026
INFO Gradient norm: 12.055415073455446
PROGRESS    Completed epoch 1412 / 2000;    current loss: 0.2045583873987198
INFO Gradient norm: 15.042472231221629
PROGRESS    Completed epoch 1413 / 2000;    current loss: 0.2059410959482193
INFO Gradient norm: 13.790523757077935
PROGRESS    Completed epoch 1414 / 2000;    current loss: 0.20533107221126556
INFO Gradient norm: 11.613113837374355
PROGRESS    Completed epoch 1415 / 2000;    current loss: 0.2043439745903015
INFO Gradient norm: 10.110682039199814
PROGRESS    Completed epoch 1416 / 2000;    current loss: 0.20373843610286713
INFO Gradient norm: 12.601747956352686
PROGRESS    Completed epoch 1417 / 2000;    current loss: 0.20463277399539948
INFO Gradient norm: 10.334580087535029
PROGRESS    Completed epoch 1418 / 2000;    current loss: 0.20363298058509827
INFO Gradient norm: 12.134847825582977
PROGRESS    Completed epoch 1419 / 2000;    current loss: 0.20426374673843384
INFO Gradient norm: 6.147512124421423
PROGRESS    Completed epoch 1420 / 2000;    current loss: 0.2027762532234192
INFO Gradient norm: 18.52618034223714
PROGRESS    Completed epoch 1421 / 2000;    current loss: 0.2081575244665146
INFO Gradient norm: 13.61000952569187
PROGRESS    Completed epoch 1422 / 2000;    current loss: 0.2054285705089569
INFO Gradient norm: 14.618292526466737
PROGRESS    Completed epoch 1423 / 2000;    current loss: 0.2061263620853424
INFO Gradient norm: 14.781841699973247
PROGRESS    Completed epoch 1424 / 2000;    current loss: 0.2062964290380478
INFO Gradient norm: 9.531463791294213
PROGRESS    Completed epoch 1425 / 2000;    current loss: 0.20428511500358582
INFO Gradient norm: 8.37884542613718
PROGRESS    Completed epoch 1426 / 2000;    current loss: 0.20395134389400482
INFO Gradient norm: 14.172162219916903
PROGRESS    Completed epoch 1427 / 2000;    current loss: 0.20604577660560608
INFO Gradient norm: 9.631518044298048
PROGRESS    Completed epoch 1428 / 2000;    current loss: 0.2041601985692978
INFO Gradient norm: 16.909144198292907
PROGRESS    Completed epoch 1429 / 2000;    current loss: 0.2073897272348404
INFO Gradient norm: 14.659517472838807
PROGRESS    Completed epoch 1430 / 2000;    current loss: 0.20614418387413025
INFO Gradient norm: 11.74492585688667
PROGRESS    Completed epoch 1431 / 2000;    current loss: 0.20470939576625824
INFO Gradient norm: 11.305472665170988
PROGRESS    Completed epoch 1432 / 2000;    current loss: 0.20446647703647614
INFO Gradient norm: 12.20720565171601
PROGRESS    Completed epoch 1433 / 2000;    current loss: 0.20477589964866638
INFO Gradient norm: 9.084704346291684
PROGRESS    Completed epoch 1434 / 2000;    current loss: 0.20355479419231415
INFO Gradient norm: 15.326821345373205
PROGRESS    Completed epoch 1435 / 2000;    current loss: 0.20603878796100616
INFO Gradient norm: 12.249894143712902
PROGRESS    Completed epoch 1436 / 2000;    current loss: 0.20442800223827362
INFO Gradient norm: 13.821177668145113
PROGRESS    Completed epoch 1437 / 2000;    current loss: 0.20505577325820923
INFO Gradient norm: 12.57284057301703
PROGRESS    Completed epoch 1438 / 2000;    current loss: 0.20448555052280426
INFO Gradient norm: 11.978481888902714
PROGRESS    Completed epoch 1439 / 2000;    current loss: 0.20410464704036713
INFO Gradient norm: 10.474684499076837
PROGRESS    Completed epoch 1440 / 2000;    current loss: 0.20346173644065857
INFO Gradient norm: 13.45751113711156
PROGRESS    Completed epoch 1441 / 2000;    current loss: 0.2046198695898056
INFO Gradient norm: 10.35007596518888
PROGRESS    Completed epoch 1442 / 2000;    current loss: 0.2032005935907364
INFO Gradient norm: 14.4447772796483
PROGRESS    Completed epoch 1443 / 2000;    current loss: 0.20491309463977814
INFO Gradient norm: 12.184182786843834
PROGRESS    Completed epoch 1444 / 2000;    current loss: 0.20379586517810822
INFO Gradient norm: 12.827460185445755
PROGRESS    Completed epoch 1445 / 2000;    current loss: 0.20395289361476898
INFO Gradient norm: 9.956343393552414
PROGRESS    Completed epoch 1446 / 2000;    current loss: 0.2029266059398651
INFO Gradient norm: 13.910839835136693
PROGRESS    Completed epoch 1447 / 2000;    current loss: 0.20451071858406067
INFO Gradient norm: 9.290635773895723
PROGRESS    Completed epoch 1448 / 2000;    current loss: 0.2030341476202011
INFO Gradient norm: 16.147003051317494
PROGRESS    Completed epoch 1449 / 2000;    current loss: 0.20634758472442627
INFO Gradient norm: 13.883234084703355
PROGRESS    Completed epoch 1450 / 2000;    current loss: 0.20534683763980865
INFO Gradient norm: 11.463298142891276
PROGRESS    Completed epoch 1451 / 2000;    current loss: 0.2044365108013153
INFO Gradient norm: 11.206701097220504
PROGRESS    Completed epoch 1452 / 2000;    current loss: 0.20450422167778015
INFO Gradient norm: 11.234149147020558
PROGRESS    Completed epoch 1453 / 2000;    current loss: 0.20477326214313507
INFO Gradient norm: 8.345651505310187
PROGRESS    Completed epoch 1454 / 2000;    current loss: 0.20385996997356415
INFO Gradient norm: 14.986925425070876
PROGRESS    Completed epoch 1455 / 2000;    current loss: 0.20634974539279938
INFO Gradient norm: 11.936062725905598
PROGRESS    Completed epoch 1456 / 2000;    current loss: 0.20493152737617493
INFO Gradient norm: 13.316072919998332
PROGRESS    Completed epoch 1457 / 2000;    current loss: 0.2056083381175995
INFO Gradient norm: 12.07524652221207
PROGRESS    Completed epoch 1458 / 2000;    current loss: 0.20501138269901276
INFO Gradient norm: 11.662373435377155
PROGRESS    Completed epoch 1459 / 2000;    current loss: 0.2046687752008438
INFO Gradient norm: 9.975776328610351
PROGRESS    Completed epoch 1460 / 2000;    current loss: 0.20396468043327332
INFO Gradient norm: 13.205686007462118
PROGRESS    Completed epoch 1461 / 2000;    current loss: 0.20521880686283112
INFO Gradient norm: 10.240066462624375
PROGRESS    Completed epoch 1462 / 2000;    current loss: 0.2039547711610794
INFO Gradient norm: 13.935029084202654
PROGRESS    Completed epoch 1463 / 2000;    current loss: 0.20532731711864471
INFO Gradient norm: 11.976246268783358
PROGRESS    Completed epoch 1464 / 2000;    current loss: 0.2043403685092926
INFO Gradient norm: 12.10036112378439
PROGRESS    Completed epoch 1465 / 2000;    current loss: 0.20432892441749573
INFO Gradient norm: 10.643179537527987
PROGRESS    Completed epoch 1466 / 2000;    current loss: 0.20374566316604614
INFO Gradient norm: 12.36329393197981
PROGRESS    Completed epoch 1467 / 2000;    current loss: 0.20428568124771118
INFO Gradient norm: 10.270938367717534
PROGRESS    Completed epoch 1468 / 2000;    current loss: 0.20339618623256683
INFO Gradient norm: 13.142119332680869
PROGRESS    Completed epoch 1469 / 2000;    current loss: 0.20450103282928467
INFO Gradient norm: 10.65240144715874
PROGRESS    Completed epoch 1470 / 2000;    current loss: 0.20333586633205414
INFO Gradient norm: 10.955971914011581
PROGRESS    Completed epoch 1471 / 2000;    current loss: 0.20353259146213531
INFO Gradient norm: 6.72661781402941
PROGRESS    Completed epoch 1472 / 2000;    current loss: 0.20247744023799896
INFO Gradient norm: 14.502149208458652
PROGRESS    Completed epoch 1473 / 2000;    current loss: 0.20566633343696594
INFO Gradient norm: 10.473209349571057
PROGRESS    Completed epoch 1474 / 2000;    current loss: 0.20432740449905396
INFO Gradient norm: 13.326559204464381
PROGRESS    Completed epoch 1475 / 2000;    current loss: 0.2056756466627121
INFO Gradient norm: 12.60453428615232
PROGRESS    Completed epoch 1476 / 2000;    current loss: 0.20555000007152557
INFO Gradient norm: 9.381247699610155
PROGRESS    Completed epoch 1477 / 2000;    current loss: 0.20458491146564484
INFO Gradient norm: 8.606786998729861
PROGRESS    Completed epoch 1478 / 2000;    current loss: 0.20422916114330292
INFO Gradient norm: 11.508590899329004
PROGRESS    Completed epoch 1479 / 2000;    current loss: 0.20506396889686584
INFO Gradient norm: 8.101240828706807
PROGRESS    Completed epoch 1480 / 2000;    current loss: 0.20401988923549652
INFO Gradient norm: 14.169821068600708
PROGRESS    Completed epoch 1481 / 2000;    current loss: 0.20633317530155182
INFO Gradient norm: 11.55246920524005
PROGRESS    Completed epoch 1482 / 2000;    current loss: 0.20506376028060913
INFO Gradient norm: 11.426065464253591
PROGRESS    Completed epoch 1483 / 2000;    current loss: 0.20473811030387878
INFO Gradient norm: 10.510697406610035
PROGRESS    Completed epoch 1484 / 2000;    current loss: 0.20426198840141296
INFO Gradient norm: 10.914583074245684
PROGRESS    Completed epoch 1485 / 2000;    current loss: 0.20440615713596344
INFO Gradient norm: 9.13772862623796
PROGRESS    Completed epoch 1486 / 2000;    current loss: 0.20368750393390656
INFO Gradient norm: 11.909069197284227
PROGRESS    Completed epoch 1487 / 2000;    current loss: 0.2045714557170868
INFO Gradient norm: 9.268811876771684
PROGRESS    Completed epoch 1488 / 2000;    current loss: 0.20354034006595612
INFO Gradient norm: 13.05432118240576
PROGRESS    Completed epoch 1489 / 2000;    current loss: 0.20482616126537323
INFO Gradient norm: 10.946155169003767
PROGRESS    Completed epoch 1490 / 2000;    current loss: 0.2037375420331955
INFO Gradient norm: 10.964270798384094
PROGRESS    Completed epoch 1491 / 2000;    current loss: 0.2038806527853012
INFO Gradient norm: 9.543091210853795
PROGRESS    Completed epoch 1492 / 2000;    current loss: 0.2033018171787262
INFO Gradient norm: 11.857256528070462
PROGRESS    Completed epoch 1493 / 2000;    current loss: 0.20397503674030304
INFO Gradient norm: 9.804452965717042
PROGRESS    Completed epoch 1494 / 2000;    current loss: 0.2031562328338623
INFO Gradient norm: 11.530169566060865
PROGRESS    Completed epoch 1495 / 2000;    current loss: 0.20381414890289307
INFO Gradient norm: 7.191709478456096
PROGRESS    Completed epoch 1496 / 2000;    current loss: 0.20243962109088898
INFO Gradient norm: 15.535812855188542
PROGRESS    Completed epoch 1497 / 2000;    current loss: 0.20570550858974457
INFO Gradient norm: 13.684388303068964
PROGRESS    Completed epoch 1498 / 2000;    current loss: 0.20491579174995422
INFO Gradient norm: 8.994248626644765
PROGRESS    Completed epoch 1499 / 2000;    current loss: 0.20318403840065002
INFO Gradient norm: 9.092867817287361
PROGRESS    Completed epoch 1500 / 2000;    current loss: 0.20327581465244293
INFO Gradient norm: 10.490865991311644
PROGRESS    Completed epoch 1501 / 2000;    current loss: 0.20383387804031372
INFO Gradient norm: 7.580647954968491
PROGRESS    Completed epoch 1502 / 2000;    current loss: 0.20294250547885895
INFO Gradient norm: 13.432320948885998
PROGRESS    Completed epoch 1503 / 2000;    current loss: 0.20497654378414154
INFO Gradient norm: 11.374907153048579
PROGRESS    Completed epoch 1504 / 2000;    current loss: 0.2040695995092392
INFO Gradient norm: 10.28577017079341
PROGRESS    Completed epoch 1505 / 2000;    current loss: 0.2035769522190094
INFO Gradient norm: 9.586443275718286
PROGRESS    Completed epoch 1506 / 2000;    current loss: 0.20343002676963806
INFO Gradient norm: 10.456909454282517
PROGRESS    Completed epoch 1507 / 2000;    current loss: 0.20363889634609222
INFO Gradient norm: 7.963507636062759
PROGRESS    Completed epoch 1508 / 2000;    current loss: 0.20282603800296783
INFO Gradient norm: 12.743944306207748
PROGRESS    Completed epoch 1509 / 2000;    current loss: 0.2045033574104309
INFO Gradient norm: 10.022515511834927
PROGRESS    Completed epoch 1510 / 2000;    current loss: 0.20330271124839783
INFO Gradient norm: 11.837595898232335
PROGRESS    Completed epoch 1511 / 2000;    current loss: 0.20395229756832123
INFO Gradient norm: 10.52792045127353
PROGRESS    Completed epoch 1512 / 2000;    current loss: 0.2033846378326416
INFO Gradient norm: 10.6654859739725
PROGRESS    Completed epoch 1513 / 2000;    current loss: 0.20333033800125122
INFO Gradient norm: 9.368074395281594
PROGRESS    Completed epoch 1514 / 2000;    current loss: 0.20279242098331451
INFO Gradient norm: 10.936169079850286
PROGRESS    Completed epoch 1515 / 2000;    current loss: 0.20330114662647247
INFO Gradient norm: 8.569100815078182
PROGRESS    Completed epoch 1516 / 2000;    current loss: 0.20238097012043
INFO Gradient norm: 12.441309225672537
PROGRESS    Completed epoch 1517 / 2000;    current loss: 0.203621044754982
INFO Gradient norm: 9.219847032873876
PROGRESS    Completed epoch 1518 / 2000;    current loss: 0.2024804800748825
INFO Gradient norm: 12.781618915945309
PROGRESS    Completed epoch 1519 / 2000;    current loss: 0.2038527876138687
INFO Gradient norm: 6.8681323814716535
PROGRESS    Completed epoch 1520 / 2000;    current loss: 0.20211344957351685
INFO Gradient norm: 17.710118534069853
PROGRESS    Completed epoch 1521 / 2000;    current loss: 0.2068028748035431
INFO Gradient norm: 14.951968941085168
PROGRESS    Completed epoch 1522 / 2000;    current loss: 0.20554082095623016
INFO Gradient norm: 10.789191990796038
PROGRESS    Completed epoch 1523 / 2000;    current loss: 0.20384928584098816
INFO Gradient norm: 11.544934211235455
PROGRESS    Completed epoch 1524 / 2000;    current loss: 0.2042495459318161
INFO Gradient norm: 9.684581678941049
PROGRESS    Completed epoch 1525 / 2000;    current loss: 0.20366506278514862
INFO Gradient norm: 7.114906299036039
PROGRESS    Completed epoch 1526 / 2000;    current loss: 0.203110009431839
INFO Gradient norm: 14.687918033309638
PROGRESS    Completed epoch 1527 / 2000;    current loss: 0.20576952397823334
INFO Gradient norm: 10.70837939085207
PROGRESS    Completed epoch 1528 / 2000;    current loss: 0.20414993166923523
INFO Gradient norm: 13.852142863209602
PROGRESS    Completed epoch 1529 / 2000;    current loss: 0.2054108828306198
INFO Gradient norm: 12.334380520715232
PROGRESS    Completed epoch 1530 / 2000;    current loss: 0.20484474301338196
INFO Gradient norm: 11.501542050188748
PROGRESS    Completed epoch 1531 / 2000;    current loss: 0.2043965607881546
INFO Gradient norm: 10.313626313913593
PROGRESS    Completed epoch 1532 / 2000;    current loss: 0.20392316579818726
INFO Gradient norm: 12.224281041523914
PROGRESS    Completed epoch 1533 / 2000;    current loss: 0.20465773344039917
INFO Gradient norm: 9.510986812874787
PROGRESS    Completed epoch 1534 / 2000;    current loss: 0.20359614491462708
INFO Gradient norm: 13.715236920562273
PROGRESS    Completed epoch 1535 / 2000;    current loss: 0.20509342849254608
INFO Gradient norm: 11.32547275150325
PROGRESS    Completed epoch 1536 / 2000;    current loss: 0.2039933204650879
INFO Gradient norm: 12.671900126985527
PROGRESS    Completed epoch 1537 / 2000;    current loss: 0.2044518142938614
INFO Gradient norm: 11.210921740971726
PROGRESS    Completed epoch 1538 / 2000;    current loss: 0.2037753015756607
INFO Gradient norm: 11.689339224004867
PROGRESS    Completed epoch 1539 / 2000;    current loss: 0.20385687053203583
INFO Gradient norm: 9.774212892348865
PROGRESS    Completed epoch 1540 / 2000;    current loss: 0.20306427776813507
INFO Gradient norm: 13.043797675323857
PROGRESS    Completed epoch 1541 / 2000;    current loss: 0.2041735202074051
INFO Gradient norm: 10.511123077016675
PROGRESS    Completed epoch 1542 / 2000;    current loss: 0.20308522880077362
INFO Gradient norm: 12.82730964780278
PROGRESS    Completed epoch 1543 / 2000;    current loss: 0.20393984019756317
INFO Gradient norm: 11.00880841489331
PROGRESS    Completed epoch 1544 / 2000;    current loss: 0.20308436453342438
INFO Gradient norm: 11.561346263511409
PROGRESS    Completed epoch 1545 / 2000;    current loss: 0.20321182906627655
INFO Gradient norm: 8.694768959358928
PROGRESS    Completed epoch 1546 / 2000;    current loss: 0.20228633284568787
INFO Gradient norm: 12.141762456059727
PROGRESS    Completed epoch 1547 / 2000;    current loss: 0.20364506542682648
INFO Gradient norm: 7.988303149815242
PROGRESS    Completed epoch 1548 / 2000;    current loss: 0.2024020105600357
INFO Gradient norm: 15.13106336026221
PROGRESS    Completed epoch 1549 / 2000;    current loss: 0.20547720789909363
INFO Gradient norm: 12.83978611547935
PROGRESS    Completed epoch 1550 / 2000;    current loss: 0.20464082062244415
INFO Gradient norm: 10.94007397189564
PROGRESS    Completed epoch 1551 / 2000;    current loss: 0.20386476814746857
INFO Gradient norm: 11.067718023729855
PROGRESS    Completed epoch 1552 / 2000;    current loss: 0.20400498807430267
INFO Gradient norm: 9.65709540826802
PROGRESS    Completed epoch 1553 / 2000;    current loss: 0.20373761653900146
INFO Gradient norm: 7.304789295743421
PROGRESS    Completed epoch 1554 / 2000;    current loss: 0.20305858552455902
INFO Gradient norm: 13.819454308955827
PROGRESS    Completed epoch 1555 / 2000;    current loss: 0.2051212191581726
INFO Gradient norm: 10.494605787509343
PROGRESS    Completed epoch 1556 / 2000;    current loss: 0.20378383994102478
INFO Gradient norm: 13.16604368255601
PROGRESS    Completed epoch 1557 / 2000;    current loss: 0.20492589473724365
INFO Gradient norm: 11.541581325418395
PROGRESS    Completed epoch 1558 / 2000;    current loss: 0.2041020691394806
INFO Gradient norm: 10.912416687445164
PROGRESS    Completed epoch 1559 / 2000;    current loss: 0.2037399411201477
INFO Gradient norm: 9.789829276559818
PROGRESS    Completed epoch 1560 / 2000;    current loss: 0.2033030241727829
INFO Gradient norm: 11.544636990079601
PROGRESS    Completed epoch 1561 / 2000;    current loss: 0.20391909778118134
INFO Gradient norm: 9.016237997870668
PROGRESS    Completed epoch 1562 / 2000;    current loss: 0.2029641717672348
INFO Gradient norm: 12.936088293832121
PROGRESS    Completed epoch 1563 / 2000;    current loss: 0.20427222549915314
INFO Gradient norm: 10.715899032724781
PROGRESS    Completed epoch 1564 / 2000;    current loss: 0.20328392088413239
INFO Gradient norm: 11.937346195122172
PROGRESS    Completed epoch 1565 / 2000;    current loss: 0.20365922152996063
INFO Gradient norm: 10.561940278840328
PROGRESS    Completed epoch 1566 / 2000;    current loss: 0.20305737853050232
INFO Gradient norm: 11.078629924020719
PROGRESS    Completed epoch 1567 / 2000;    current loss: 0.2031237781047821
INFO Gradient norm: 9.739897229286692
PROGRESS    Completed epoch 1568 / 2000;    current loss: 0.20258457958698273
INFO Gradient norm: 11.618858808200448
PROGRESS    Completed epoch 1569 / 2000;    current loss: 0.20323458313941956
INFO Gradient norm: 8.820741308770794
PROGRESS    Completed epoch 1570 / 2000;    current loss: 0.20219077169895172
INFO Gradient norm: 13.352475324810781
PROGRESS    Completed epoch 1571 / 2000;    current loss: 0.20383381843566895
INFO Gradient norm: 10.81769980467531
PROGRESS    Completed epoch 1572 / 2000;    current loss: 0.20287466049194336
INFO Gradient norm: 12.093261629532536
PROGRESS    Completed epoch 1573 / 2000;    current loss: 0.20335935056209564
INFO Gradient norm: 10.422236757999126
PROGRESS    Completed epoch 1574 / 2000;    current loss: 0.20262515544891357
INFO Gradient norm: 10.771758735841667
PROGRESS    Completed epoch 1575 / 2000;    current loss: 0.20280882716178894
INFO Gradient norm: 6.766311458678794
PROGRESS    Completed epoch 1576 / 2000;    current loss: 0.20182378590106964
INFO Gradient norm: 14.2090492223093
PROGRESS    Completed epoch 1577 / 2000;    current loss: 0.2046949863433838
INFO Gradient norm: 12.113854612630474
PROGRESS    Completed epoch 1578 / 2000;    current loss: 0.20397083461284637
INFO Gradient norm: 9.451344717066275
PROGRESS    Completed epoch 1579 / 2000;    current loss: 0.2030925154685974
INFO Gradient norm: 9.42010306624869
PROGRESS    Completed epoch 1580 / 2000;    current loss: 0.20320136845111847
INFO Gradient norm: 9.507003530160288
PROGRESS    Completed epoch 1581 / 2000;    current loss: 0.2033793032169342
INFO Gradient norm: 7.3604329005042155
PROGRESS    Completed epoch 1582 / 2000;    current loss: 0.20277170836925507
INFO Gradient norm: 12.075698062744861
PROGRESS    Completed epoch 1583 / 2000;    current loss: 0.2042352855205536
INFO Gradient norm: 9.407061464352966
PROGRESS    Completed epoch 1584 / 2000;    current loss: 0.2032003253698349
INFO Gradient norm: 10.851117926185172
PROGRESS    Completed epoch 1585 / 2000;    current loss: 0.20374587178230286
INFO Gradient norm: 9.50777723016822
PROGRESS    Completed epoch 1586 / 2000;    current loss: 0.2032441645860672
INFO Gradient norm: 10.103702585211517
PROGRESS    Completed epoch 1587 / 2000;    current loss: 0.20334091782569885
INFO Gradient norm: 8.365978284707952
PROGRESS    Completed epoch 1588 / 2000;    current loss: 0.2027275413274765
INFO Gradient norm: 11.379733123545202
PROGRESS    Completed epoch 1589 / 2000;    current loss: 0.2036794275045395
INFO Gradient norm: 9.439556684157418
PROGRESS    Completed epoch 1590 / 2000;    current loss: 0.20291131734848022
INFO Gradient norm: 10.563008529643353
PROGRESS    Completed epoch 1591 / 2000;    current loss: 0.20318584144115448
INFO Gradient norm: 9.075949209755775
PROGRESS    Completed epoch 1592 / 2000;    current loss: 0.20259420573711395
INFO Gradient norm: 10.744741006643245
PROGRESS    Completed epoch 1593 / 2000;    current loss: 0.20304420590400696
INFO Gradient norm: 9.223416910811988
PROGRESS    Completed epoch 1594 / 2000;    current loss: 0.20243583619594574
INFO Gradient norm: 10.261323370929626
PROGRESS    Completed epoch 1595 / 2000;    current loss: 0.20268911123275757
INFO Gradient norm: 8.49603326668986
PROGRESS    Completed epoch 1596 / 2000;    current loss: 0.2020166665315628
INFO Gradient norm: 10.390118385750368
PROGRESS    Completed epoch 1597 / 2000;    current loss: 0.20253784954547882
INFO Gradient norm: 7.658271588974208
PROGRESS    Completed epoch 1598 / 2000;    current loss: 0.20181545615196228
INFO Gradient norm: 11.119735634163819
PROGRESS    Completed epoch 1599 / 2000;    current loss: 0.20297570526599884
INFO Gradient norm: 7.439438633473499
PROGRESS    Completed epoch 1600 / 2000;    current loss: 0.20196622610092163
INFO Gradient norm: 13.564613439707191
PROGRESS    Completed epoch 1601 / 2000;    current loss: 0.20426234602928162
INFO Gradient norm: 12.18139490123728
PROGRESS    Completed epoch 1602 / 2000;    current loss: 0.20385439693927765
INFO Gradient norm: 8.562545544002672
PROGRESS    Completed epoch 1603 / 2000;    current loss: 0.20271062850952148
INFO Gradient norm: 8.50167443413591
PROGRESS    Completed epoch 1604 / 2000;    current loss: 0.20280234515666962
INFO Gradient norm: 9.774179073759719
PROGRESS    Completed epoch 1605 / 2000;    current loss: 0.2032618224620819
INFO Gradient norm: 7.221283305552375
PROGRESS    Completed epoch 1606 / 2000;    current loss: 0.20251290500164032
INFO Gradient norm: 12.252926265478129
PROGRESS    Completed epoch 1607 / 2000;    current loss: 0.20408184826374054
INFO Gradient norm: 9.75284332408205
PROGRESS    Completed epoch 1608 / 2000;    current loss: 0.20306625962257385
INFO Gradient norm: 11.349581415259053
PROGRESS    Completed epoch 1609 / 2000;    current loss: 0.20352500677108765
INFO Gradient norm: 10.70855785051262
PROGRESS    Completed epoch 1610 / 2000;    current loss: 0.20318607985973358
INFO Gradient norm: 8.682514515754905
PROGRESS    Completed epoch 1611 / 2000;    current loss: 0.20246118307113647
INFO Gradient norm: 7.288299650109418
PROGRESS    Completed epoch 1612 / 2000;    current loss: 0.2019478976726532
INFO Gradient norm: 11.573047486761176
PROGRESS    Completed epoch 1613 / 2000;    current loss: 0.2031339704990387
INFO Gradient norm: 8.826326748816793
PROGRESS    Completed epoch 1614 / 2000;    current loss: 0.2020413726568222
INFO Gradient norm: 11.389003985504742
PROGRESS    Completed epoch 1615 / 2000;    current loss: 0.20283696055412292
INFO Gradient norm: 9.776578600768055
PROGRESS    Completed epoch 1616 / 2000;    current loss: 0.20227688550949097
INFO Gradient norm: 10.27441272130597
PROGRESS    Completed epoch 1617 / 2000;    current loss: 0.20228227972984314
INFO Gradient norm: 8.853150612050397
PROGRESS    Completed epoch 1618 / 2000;    current loss: 0.2015768587589264
INFO Gradient norm: 10.059791973530984
PROGRESS    Completed epoch 1619 / 2000;    current loss: 0.20199432969093323
INFO Gradient norm: 8.661915904498988
PROGRESS    Completed epoch 1620 / 2000;    current loss: 0.20148669183254242
INFO Gradient norm: 12.193304568680547
PROGRESS    Completed epoch 1621 / 2000;    current loss: 0.20268669724464417
INFO Gradient norm: 9.869641671878389
PROGRESS    Completed epoch 1622 / 2000;    current loss: 0.20188362896442413
INFO Gradient norm: 11.666981912275547
PROGRESS    Completed epoch 1623 / 2000;    current loss: 0.20251233875751495
INFO Gradient norm: 10.29027173716787
PROGRESS    Completed epoch 1624 / 2000;    current loss: 0.20196714997291565
INFO Gradient norm: 10.688816533818564
PROGRESS    Completed epoch 1625 / 2000;    current loss: 0.20207980275154114
INFO Gradient norm: 9.131690747258327
PROGRESS    Completed epoch 1626 / 2000;    current loss: 0.2015267163515091
INFO Gradient norm: 11.380105096092937
PROGRESS    Completed epoch 1627 / 2000;    current loss: 0.20215198397636414
INFO Gradient norm: 9.311484028588792
PROGRESS    Completed epoch 1628 / 2000;    current loss: 0.2013387382030487
INFO Gradient norm: 11.69156621548076
PROGRESS    Completed epoch 1629 / 2000;    current loss: 0.2020193487405777
INFO Gradient norm: 9.924642609072984
PROGRESS    Completed epoch 1630 / 2000;    current loss: 0.20145714282989502
INFO Gradient norm: 9.797131391737661
PROGRESS    Completed epoch 1631 / 2000;    current loss: 0.2013946771621704
INFO Gradient norm: 6.728217083131574
PROGRESS    Completed epoch 1632 / 2000;    current loss: 0.2007472962141037
INFO Gradient norm: 12.064050135923262
PROGRESS    Completed epoch 1633 / 2000;    current loss: 0.2026771754026413
INFO Gradient norm: 9.32313605978168
PROGRESS    Completed epoch 1634 / 2000;    current loss: 0.20179809629917145
INFO Gradient norm: 10.943271776290942
PROGRESS    Completed epoch 1635 / 2000;    current loss: 0.2024412304162979
INFO Gradient norm: 9.881053096332012
PROGRESS    Completed epoch 1636 / 2000;    current loss: 0.20216718316078186
INFO Gradient norm: 9.695718659329172
PROGRESS    Completed epoch 1637 / 2000;    current loss: 0.2022022008895874
INFO Gradient norm: 8.667690524421973
PROGRESS    Completed epoch 1638 / 2000;    current loss: 0.201866015791893
INFO Gradient norm: 9.93264427622129
PROGRESS    Completed epoch 1639 / 2000;    current loss: 0.20213410258293152
INFO Gradient norm: 7.692081286017738
PROGRESS    Completed epoch 1640 / 2000;    current loss: 0.20137935876846313
INFO Gradient norm: 10.194114118367864
PROGRESS    Completed epoch 1641 / 2000;    current loss: 0.20209985971450806
INFO Gradient norm: 8.303222952525235
PROGRESS    Completed epoch 1642 / 2000;    current loss: 0.20163622498512268
INFO Gradient norm: 10.066236891805143
PROGRESS    Completed epoch 1643 / 2000;    current loss: 0.20223870873451233
INFO Gradient norm: 7.776510842748605
PROGRESS    Completed epoch 1644 / 2000;    current loss: 0.20169755816459656
INFO Gradient norm: 11.083692763088179
PROGRESS    Completed epoch 1645 / 2000;    current loss: 0.20274414122104645
INFO Gradient norm: 9.034705440816138
PROGRESS    Completed epoch 1646 / 2000;    current loss: 0.20205380022525787
INFO Gradient norm: 10.54084042951607
PROGRESS    Completed epoch 1647 / 2000;    current loss: 0.202559232711792
INFO Gradient norm: 9.177779455603451
PROGRESS    Completed epoch 1648 / 2000;    current loss: 0.20207655429840088
INFO Gradient norm: 10.09988893117685
PROGRESS    Completed epoch 1649 / 2000;    current loss: 0.20232030749320984
INFO Gradient norm: 8.862943651401956
PROGRESS    Completed epoch 1650 / 2000;    current loss: 0.20185191929340363
INFO Gradient norm: 9.79015974221653
PROGRESS    Completed epoch 1651 / 2000;    current loss: 0.20207993686199188
INFO Gradient norm: 7.898987985111324
PROGRESS    Completed epoch 1652 / 2000;    current loss: 0.2014063596725464
INFO Gradient norm: 11.290953698591629
PROGRESS    Completed epoch 1653 / 2000;    current loss: 0.2023441344499588
INFO Gradient norm: 9.56036689626518
PROGRESS    Completed epoch 1654 / 2000;    current loss: 0.20164170861244202
INFO Gradient norm: 9.754333036389554
PROGRESS    Completed epoch 1655 / 2000;    current loss: 0.20166458189487457
INFO Gradient norm: 8.471197730984228
PROGRESS    Completed epoch 1656 / 2000;    current loss: 0.20117542147636414
INFO Gradient norm: 10.773139626695333
PROGRESS    Completed epoch 1657 / 2000;    current loss: 0.2017149180173874
INFO Gradient norm: 9.353590809094323
PROGRESS    Completed epoch 1658 / 2000;    current loss: 0.2011360377073288
INFO Gradient norm: 9.50884687153337
PROGRESS    Completed epoch 1659 / 2000;    current loss: 0.20114648342132568
INFO Gradient norm: 6.372350552541936
PROGRESS    Completed epoch 1660 / 2000;    current loss: 0.2003430724143982
INFO Gradient norm: 12.934562329290522
PROGRESS    Completed epoch 1661 / 2000;    current loss: 0.20250490307807922
INFO Gradient norm: 10.298160896315743
PROGRESS    Completed epoch 1662 / 2000;    current loss: 0.2013443559408188
INFO Gradient norm: 9.739800330619916
PROGRESS    Completed epoch 1663 / 2000;    current loss: 0.20133574306964874
INFO Gradient norm: 9.916344236230906
PROGRESS    Completed epoch 1664 / 2000;    current loss: 0.20145948231220245
INFO Gradient norm: 8.056379152829647
PROGRESS    Completed epoch 1665 / 2000;    current loss: 0.20095416903495789
INFO Gradient norm: 6.669591643197201
PROGRESS    Completed epoch 1666 / 2000;    current loss: 0.20064498484134674
INFO Gradient norm: 10.948800360576271
PROGRESS    Completed epoch 1667 / 2000;    current loss: 0.20181310176849365
INFO Gradient norm: 7.848728478350216
PROGRESS    Completed epoch 1668 / 2000;    current loss: 0.20078407227993011
INFO Gradient norm: 10.959924340683465
PROGRESS    Completed epoch 1669 / 2000;    current loss: 0.20180010795593262
INFO Gradient norm: 8.995141661105697
PROGRESS    Completed epoch 1670 / 2000;    current loss: 0.201180100440979
INFO Gradient norm: 6.88847244997161
PROGRESS    Completed epoch 1671 / 2000;    current loss: 0.2009119838476181
INFO Gradient norm: 4.119747144817882
PROGRESS    Completed epoch 1672 / 2000;    current loss: 0.200738787651062
INFO Gradient norm: 12.044613179930534
PROGRESS    Completed epoch 1673 / 2000;    current loss: 0.20288284122943878
INFO Gradient norm: 5.866217246578684
PROGRESS    Completed epoch 1674 / 2000;    current loss: 0.20102858543395996
INFO Gradient norm: 16.262146778837067
PROGRESS    Completed epoch 1675 / 2000;    current loss: 0.20464757084846497
INFO Gradient norm: 14.650853191330933
PROGRESS    Completed epoch 1676 / 2000;    current loss: 0.20373797416687012
INFO Gradient norm: 7.407856856935513
PROGRESS    Completed epoch 1677 / 2000;    current loss: 0.20119372010231018
INFO Gradient norm: 8.85931471387153
PROGRESS    Completed epoch 1678 / 2000;    current loss: 0.20148229598999023
INFO Gradient norm: 8.56125392094742
PROGRESS    Completed epoch 1679 / 2000;    current loss: 0.20121096074581146
INFO Gradient norm: 4.584634796973667
PROGRESS    Completed epoch 1680 / 2000;    current loss: 0.200402170419693
INFO Gradient norm: 14.006892184418644
PROGRESS    Completed epoch 1681 / 2000;    current loss: 0.20317503809928894
INFO Gradient norm: 9.488469829527645
PROGRESS    Completed epoch 1682 / 2000;    current loss: 0.20139877498149872
INFO Gradient norm: 12.75663031681337
PROGRESS    Completed epoch 1683 / 2000;    current loss: 0.20253320038318634
INFO Gradient norm: 10.474789984482316
PROGRESS    Completed epoch 1684 / 2000;    current loss: 0.20172832906246185
INFO Gradient norm: 10.859974464399249
PROGRESS    Completed epoch 1685 / 2000;    current loss: 0.20195390284061432
INFO Gradient norm: 10.176559233359802
PROGRESS    Completed epoch 1686 / 2000;    current loss: 0.2017906904220581
INFO Gradient norm: 9.504023869587721
PROGRESS    Completed epoch 1687 / 2000;    current loss: 0.20150689780712128
INFO Gradient norm: 8.061380622438907
PROGRESS    Completed epoch 1688 / 2000;    current loss: 0.2010810673236847
INFO Gradient norm: 11.119180784420182
PROGRESS    Completed epoch 1689 / 2000;    current loss: 0.20206822454929352
INFO Gradient norm: 8.165020496825546
PROGRESS    Completed epoch 1690 / 2000;    current loss: 0.20110471546649933
INFO Gradient norm: 13.126850427532577
PROGRESS    Completed epoch 1691 / 2000;    current loss: 0.20273879170417786
INFO Gradient norm: 11.591995772744612
PROGRESS    Completed epoch 1692 / 2000;    current loss: 0.20199500024318695
INFO Gradient norm: 9.860759149491091
PROGRESS    Completed epoch 1693 / 2000;    current loss: 0.20163482427597046
INFO Gradient norm: 9.360495775504468
PROGRESS    Completed epoch 1694 / 2000;    current loss: 0.20144131779670715
INFO Gradient norm: 7.491897849335181
PROGRESS    Completed epoch 1695 / 2000;    current loss: 0.20097360014915466
INFO Gradient norm: 4.356854357802731
PROGRESS    Completed epoch 1696 / 2000;    current loss: 0.2005559802055359
INFO Gradient norm: 11.319688985144039
PROGRESS    Completed epoch 1697 / 2000;    current loss: 0.20249827206134796
INFO Gradient norm: 6.584719555187078
PROGRESS    Completed epoch 1698 / 2000;    current loss: 0.20125891268253326
INFO Gradient norm: 13.48740632790769
PROGRESS    Completed epoch 1699 / 2000;    current loss: 0.20350952446460724
INFO Gradient norm: 12.522088935713647
PROGRESS    Completed epoch 1700 / 2000;    current loss: 0.20306402444839478
INFO Gradient norm: 6.6260959813604385
PROGRESS    Completed epoch 1701 / 2000;    current loss: 0.20113125443458557
INFO Gradient norm: 7.758728061754092
PROGRESS    Completed epoch 1702 / 2000;    current loss: 0.20143122971057892
INFO Gradient norm: 7.746866183384645
PROGRESS    Completed epoch 1703 / 2000;    current loss: 0.20127883553504944
INFO Gradient norm: 4.990740672138687
PROGRESS    Completed epoch 1704 / 2000;    current loss: 0.20059186220169067
INFO Gradient norm: 11.530130742561235
PROGRESS    Completed epoch 1705 / 2000;    current loss: 0.20219646394252777
INFO Gradient norm: 7.940395810505327
PROGRESS    Completed epoch 1706 / 2000;    current loss: 0.2007688581943512
INFO Gradient norm: 11.3928998039369
PROGRESS    Completed epoch 1707 / 2000;    current loss: 0.20181943476200104
INFO Gradient norm: 8.835129519110943
PROGRESS    Completed epoch 1708 / 2000;    current loss: 0.20093776285648346
INFO Gradient norm: 10.682316334362648
PROGRESS    Completed epoch 1709 / 2000;    current loss: 0.20147380232810974
INFO Gradient norm: 10.149305337167082
PROGRESS    Completed epoch 1710 / 2000;    current loss: 0.20116648077964783
INFO Gradient norm: 7.439852599945057
PROGRESS    Completed epoch 1711 / 2000;    current loss: 0.20045383274555206
INFO Gradient norm: 6.723912077841596
PROGRESS    Completed epoch 1712 / 2000;    current loss: 0.20016930997371674
INFO Gradient norm: 9.397997404994696
PROGRESS    Completed epoch 1713 / 2000;    current loss: 0.2009943574666977
INFO Gradient norm: 5.9324740287023054
PROGRESS    Completed epoch 1714 / 2000;    current loss: 0.20014479756355286
INFO Gradient norm: 12.418302664370529
PROGRESS    Completed epoch 1715 / 2000;    current loss: 0.20208971202373505
INFO Gradient norm: 10.662606646719397
PROGRESS    Completed epoch 1716 / 2000;    current loss: 0.20133385062217712
INFO Gradient norm: 8.810723813762579
PROGRESS    Completed epoch 1717 / 2000;    current loss: 0.2006571739912033
INFO Gradient norm: 9.062725086124466
PROGRESS    Completed epoch 1718 / 2000;    current loss: 0.200556218624115
INFO Gradient norm: 7.32769493106379
PROGRESS    Completed epoch 1719 / 2000;    current loss: 0.2001189887523651
INFO Gradient norm: 2.2757974946931707
PROGRESS    Completed epoch 1720 / 2000;    current loss: 0.19949787855148315
INFO Gradient norm: 13.249964730938851
PROGRESS    Completed epoch 1721 / 2000;    current loss: 0.202250137925148
INFO Gradient norm: 6.43412765105933
PROGRESS    Completed epoch 1722 / 2000;    current loss: 0.2000674605369568
INFO Gradient norm: 13.933814661916195
PROGRESS    Completed epoch 1723 / 2000;    current loss: 0.20270070433616638
INFO Gradient norm: 10.1669164578716
PROGRESS    Completed epoch 1724 / 2000;    current loss: 0.201530322432518
INFO Gradient norm: 12.292910978564505
PROGRESS    Completed epoch 1725 / 2000;    current loss: 0.20271725952625275
INFO Gradient norm: 12.067476383978175
PROGRESS    Completed epoch 1726 / 2000;    current loss: 0.2028530240058899
INFO Gradient norm: 8.107117563410625
PROGRESS    Completed epoch 1727 / 2000;    current loss: 0.2016313523054123
INFO Gradient norm: 8.464119242520256
PROGRESS    Completed epoch 1728 / 2000;    current loss: 0.20191437005996704
INFO Gradient norm: 8.946098441251452
PROGRESS    Completed epoch 1729 / 2000;    current loss: 0.20228303968906403
INFO Gradient norm: 5.763721691974903
PROGRESS    Completed epoch 1730 / 2000;    current loss: 0.20141083002090454
INFO Gradient norm: 13.310577902229662
PROGRESS    Completed epoch 1731 / 2000;    current loss: 0.20347203314304352
INFO Gradient norm: 10.173304421481602
PROGRESS    Completed epoch 1732 / 2000;    current loss: 0.20213748514652252
INFO Gradient norm: 9.297426072484813
PROGRESS    Completed epoch 1733 / 2000;    current loss: 0.20205266773700714
INFO Gradient norm: 8.013557760399152
PROGRESS    Completed epoch 1734 / 2000;    current loss: 0.20173020660877228
INFO Gradient norm: 10.595922646698446
PROGRESS    Completed epoch 1735 / 2000;    current loss: 0.20225945115089417
INFO Gradient norm: 8.447527156589219
PROGRESS    Completed epoch 1736 / 2000;    current loss: 0.2015872746706009
INFO Gradient norm: 10.921370752160007
PROGRESS    Completed epoch 1737 / 2000;    current loss: 0.20250441133975983
INFO Gradient norm: 9.13737184393349
PROGRESS    Completed epoch 1738 / 2000;    current loss: 0.20186969637870789
INFO Gradient norm: 9.431754040685913
PROGRESS    Completed epoch 1739 / 2000;    current loss: 0.2018125355243683
INFO Gradient norm: 5.746397161296573
PROGRESS    Completed epoch 1740 / 2000;    current loss: 0.2012060433626175
INFO Gradient norm: 11.94994815501317
PROGRESS    Completed epoch 1741 / 2000;    current loss: 0.2031955122947693
INFO Gradient norm: 9.47671143868651
PROGRESS    Completed epoch 1742 / 2000;    current loss: 0.2023298442363739
INFO Gradient norm: 9.292812014965218
PROGRESS    Completed epoch 1743 / 2000;    current loss: 0.20227870345115662
INFO Gradient norm: 9.02353684814849
PROGRESS    Completed epoch 1744 / 2000;    current loss: 0.2022402286529541
INFO Gradient norm: 7.982833204278141
PROGRESS    Completed epoch 1745 / 2000;    current loss: 0.20197157561779022
INFO Gradient norm: 6.906016832891168
PROGRESS    Completed epoch 1746 / 2000;    current loss: 0.20167431235313416
INFO Gradient norm: 9.494641805358526
PROGRESS    Completed epoch 1747 / 2000;    current loss: 0.20227773487567902
INFO Gradient norm: 7.038968274781986
PROGRESS    Completed epoch 1748 / 2000;    current loss: 0.20149187743663788
INFO Gradient norm: 10.81280085062819
PROGRESS    Completed epoch 1749 / 2000;    current loss: 0.20245333015918732
INFO Gradient norm: 9.39099399470485
PROGRESS    Completed epoch 1750 / 2000;    current loss: 0.20186936855316162
INFO Gradient norm: 8.350483169291696
PROGRESS    Completed epoch 1751 / 2000;    current loss: 0.20147211849689484
INFO Gradient norm: 7.719203076638447
PROGRESS    Completed epoch 1752 / 2000;    current loss: 0.201088547706604
INFO Gradient norm: 9.180750919871203
PROGRESS    Completed epoch 1753 / 2000;    current loss: 0.2015375941991806
INFO Gradient norm: 7.61912226697091
PROGRESS    Completed epoch 1754 / 2000;    current loss: 0.20100165903568268
INFO Gradient norm: 9.462597444154826
PROGRESS    Completed epoch 1755 / 2000;    current loss: 0.20140670239925385
INFO Gradient norm: 8.094790540507852
PROGRESS    Completed epoch 1756 / 2000;    current loss: 0.20101703703403473
INFO Gradient norm: 9.439608156362434
PROGRESS    Completed epoch 1757 / 2000;    current loss: 0.20141443610191345
INFO Gradient norm: 8.262636233381148
PROGRESS    Completed epoch 1758 / 2000;    current loss: 0.20110242068767548
INFO Gradient norm: 8.867227743261601
PROGRESS    Completed epoch 1759 / 2000;    current loss: 0.20123142004013062
INFO Gradient norm: 7.352412755672931
PROGRESS    Completed epoch 1760 / 2000;    current loss: 0.2008228451013565
INFO Gradient norm: 9.857096985272792
PROGRESS    Completed epoch 1761 / 2000;    current loss: 0.201511412858963
INFO Gradient norm: 7.977346661198741
PROGRESS    Completed epoch 1762 / 2000;    current loss: 0.2008768618106842
INFO Gradient norm: 9.387608002878718
PROGRESS    Completed epoch 1763 / 2000;    current loss: 0.2011633813381195
INFO Gradient norm: 8.07803503169143
PROGRESS    Completed epoch 1764 / 2000;    current loss: 0.2007116973400116
INFO Gradient norm: 9.283526817770847
PROGRESS    Completed epoch 1765 / 2000;    current loss: 0.2009762078523636
INFO Gradient norm: 8.148724799819526
PROGRESS    Completed epoch 1766 / 2000;    current loss: 0.2005530595779419
INFO Gradient norm: 8.76816697232299
PROGRESS    Completed epoch 1767 / 2000;    current loss: 0.20062384009361267
INFO Gradient norm: 7.898558352536773
PROGRESS    Completed epoch 1768 / 2000;    current loss: 0.20032784342765808
INFO Gradient norm: 8.570663630118228
PROGRESS    Completed epoch 1769 / 2000;    current loss: 0.2004513293504715
INFO Gradient norm: 7.220223036284324
PROGRESS    Completed epoch 1770 / 2000;    current loss: 0.20009027421474457
INFO Gradient norm: 7.689275729363779
PROGRESS    Completed epoch 1771 / 2000;    current loss: 0.20025599002838135
INFO Gradient norm: 4.549760741673107
PROGRESS    Completed epoch 1772 / 2000;    current loss: 0.1997125744819641
INFO Gradient norm: 11.31921507708059
PROGRESS    Completed epoch 1773 / 2000;    current loss: 0.20149798691272736
INFO Gradient norm: 8.096282747363832
PROGRESS    Completed epoch 1774 / 2000;    current loss: 0.20040185749530792
INFO Gradient norm: 10.32548554428142
PROGRESS    Completed epoch 1775 / 2000;    current loss: 0.20102886855602264
INFO Gradient norm: 9.813606271576857
PROGRESS    Completed epoch 1776 / 2000;    current loss: 0.20082122087478638
INFO Gradient norm: 7.205301947737486
PROGRESS    Completed epoch 1777 / 2000;    current loss: 0.1999700665473938
INFO Gradient norm: 7.019216528071842
PROGRESS    Completed epoch 1778 / 2000;    current loss: 0.19990594685077667
INFO Gradient norm: 5.628849719389811
PROGRESS    Completed epoch 1779 / 2000;    current loss: 0.19975608587265015
INFO Gradient norm: 2.5465236361342938
PROGRESS    Completed epoch 1780 / 2000;    current loss: 0.1996503323316574
INFO Gradient norm: 10.821260019339073
PROGRESS    Completed epoch 1781 / 2000;    current loss: 0.20151759684085846
INFO Gradient norm: 3.8184921491819854
PROGRESS    Completed epoch 1782 / 2000;    current loss: 0.19981563091278076
INFO Gradient norm: 16.182936539849532
PROGRESS    Completed epoch 1783 / 2000;    current loss: 0.20362117886543274
INFO Gradient norm: 14.050343569499976
PROGRESS    Completed epoch 1784 / 2000;    current loss: 0.2024916559457779
INFO Gradient norm: 7.22036605472066
PROGRESS    Completed epoch 1785 / 2000;    current loss: 0.2001454085111618
INFO Gradient norm: 9.488915393770625
PROGRESS    Completed epoch 1786 / 2000;    current loss: 0.20061472058296204
INFO Gradient norm: 5.296024510354588
PROGRESS    Completed epoch 1787 / 2000;    current loss: 0.19943475723266602
INFO Gradient norm: 2.011521910530982
PROGRESS    Completed epoch 1788 / 2000;    current loss: 0.19928769767284393
INFO Gradient norm: 9.437747371077045
PROGRESS    Completed epoch 1789 / 2000;    current loss: 0.20054668188095093
INFO Gradient norm: 2.162216797206522
PROGRESS    Completed epoch 1790 / 2000;    current loss: 0.19924300909042358
INFO Gradient norm: 15.498988160802542
PROGRESS    Completed epoch 1791 / 2000;    current loss: 0.2029084712266922
INFO Gradient norm: 10.730691407713456
PROGRESS    Completed epoch 1792 / 2000;    current loss: 0.20080456137657166
INFO Gradient norm: 11.137278126458472
PROGRESS    Completed epoch 1793 / 2000;    current loss: 0.20118480920791626
INFO Gradient norm: 13.297294419895413
PROGRESS    Completed epoch 1794 / 2000;    current loss: 0.20206962525844574
INFO Gradient norm: 2.407673794100414
PROGRESS    Completed epoch 1795 / 2000;    current loss: 0.19927120208740234
INFO Gradient norm: 6.0422610124826726
PROGRESS    Completed epoch 1796 / 2000;    current loss: 0.1996239721775055
INFO Gradient norm: 4.836268064636248
PROGRESS    Completed epoch 1797 / 2000;    current loss: 0.19925951957702637
INFO Gradient norm: 0.9994005085718902
PROGRESS    Completed epoch 1798 / 2000;    current loss: 0.19872426986694336
INFO Gradient norm: 3.664374658408804
PROGRESS    Completed epoch 1799 / 2000;    current loss: 0.19888581335544586
INFO Gradient norm: 8.097556586148375
PROGRESS    Completed epoch 1800 / 2000;    current loss: 0.19989201426506042
INFO Gradient norm: 1.9558340550071394
PROGRESS    Completed epoch 1801 / 2000;    current loss: 0.1990184187889099
INFO Gradient norm: 13.19773504082627
PROGRESS    Completed epoch 1802 / 2000;    current loss: 0.2016787827014923
INFO Gradient norm: 7.909077669229115
PROGRESS    Completed epoch 1803 / 2000;    current loss: 0.19989368319511414
INFO Gradient norm: 11.850466361884957
PROGRESS    Completed epoch 1804 / 2000;    current loss: 0.201323464512825
INFO Gradient norm: 10.236332763855456
PROGRESS    Completed epoch 1805 / 2000;    current loss: 0.2008242905139923
INFO Gradient norm: 9.271166919363372
PROGRESS    Completed epoch 1806 / 2000;    current loss: 0.20042340457439423
INFO Gradient norm: 9.247105533708618
PROGRESS    Completed epoch 1807 / 2000;    current loss: 0.20034852623939514
INFO Gradient norm: 8.2843666797268
PROGRESS    Completed epoch 1808 / 2000;    current loss: 0.20029716193675995
INFO Gradient norm: 6.3691472615557085
PROGRESS    Completed epoch 1809 / 2000;    current loss: 0.19972264766693115
INFO Gradient norm: 10.165524874713851
PROGRESS    Completed epoch 1810 / 2000;    current loss: 0.20066510140895844
INFO Gradient norm: 5.828803644909867
PROGRESS    Completed epoch 1811 / 2000;    current loss: 0.19976775348186493
INFO Gradient norm: 12.494750474565762
PROGRESS    Completed epoch 1812 / 2000;    current loss: 0.20183441042900085
INFO Gradient norm: 9.694329974871977
PROGRESS    Completed epoch 1813 / 2000;    current loss: 0.20084406435489655
INFO Gradient norm: 8.665762522373871
PROGRESS    Completed epoch 1814 / 2000;    current loss: 0.20061615109443665
INFO Gradient norm: 5.899664797434061
PROGRESS    Completed epoch 1815 / 2000;    current loss: 0.2003873586654663
INFO Gradient norm: 10.42292558931204
PROGRESS    Completed epoch 1816 / 2000;    current loss: 0.20186097919940948
INFO Gradient norm: 8.306519432465171
PROGRESS    Completed epoch 1817 / 2000;    current loss: 0.2013949155807495
INFO Gradient norm: 9.157110826410376
PROGRESS    Completed epoch 1818 / 2000;    current loss: 0.20166417956352234
INFO Gradient norm: 8.435667395461444
PROGRESS    Completed epoch 1819 / 2000;    current loss: 0.2014813870191574
INFO Gradient norm: 7.9267928999314075
PROGRESS    Completed epoch 1820 / 2000;    current loss: 0.20133012533187866
INFO Gradient norm: 7.035650762179126
PROGRESS    Completed epoch 1821 / 2000;    current loss: 0.20099475979804993
INFO Gradient norm: 8.506626863238749
PROGRESS    Completed epoch 1822 / 2000;    current loss: 0.20116685330867767
INFO Gradient norm: 6.471911920938784
PROGRESS    Completed epoch 1823 / 2000;    current loss: 0.20050542056560516
INFO Gradient norm: 9.659860747149962
PROGRESS    Completed epoch 1824 / 2000;    current loss: 0.20114316046237946
INFO Gradient norm: 7.982138300614763
PROGRESS    Completed epoch 1825 / 2000;    current loss: 0.2004077136516571
INFO Gradient norm: 5.979160436295826
PROGRESS    Completed epoch 1826 / 2000;    current loss: 0.20002222061157227
INFO Gradient norm: 4.197118589634592
PROGRESS    Completed epoch 1827 / 2000;    current loss: 0.19983910024166107
INFO Gradient norm: 9.1729232066325
PROGRESS    Completed epoch 1828 / 2000;    current loss: 0.20096400380134583
INFO Gradient norm: 5.3572343583930735
PROGRESS    Completed epoch 1829 / 2000;    current loss: 0.20006707310676575
INFO Gradient norm: 11.58542797760978
PROGRESS    Completed epoch 1830 / 2000;    current loss: 0.2017524093389511
INFO Gradient norm: 10.20717543383277
PROGRESS    Completed epoch 1831 / 2000;    current loss: 0.2012302726507187
INFO Gradient norm: 6.906561093291271
PROGRESS    Completed epoch 1832 / 2000;    current loss: 0.20030854642391205
INFO Gradient norm: 7.3735763558762795
PROGRESS    Completed epoch 1833 / 2000;    current loss: 0.20029878616333008
INFO Gradient norm: 7.011938450344733
PROGRESS    Completed epoch 1834 / 2000;    current loss: 0.20016558468341827
INFO Gradient norm: 5.159963669810609
PROGRESS    Completed epoch 1835 / 2000;    current loss: 0.19970758259296417
INFO Gradient norm: 9.641408577864846
PROGRESS    Completed epoch 1836 / 2000;    current loss: 0.20064307749271393
INFO Gradient norm: 8.547414382181925
PROGRESS    Completed epoch 1837 / 2000;    current loss: 0.20032188296318054
INFO Gradient norm: 8.734056398194577
PROGRESS    Completed epoch 1838 / 2000;    current loss: 0.20043472945690155
INFO Gradient norm: 7.339876537649698
PROGRESS    Completed epoch 1839 / 2000;    current loss: 0.20010337233543396
INFO Gradient norm: 9.825470087863797
PROGRESS    Completed epoch 1840 / 2000;    current loss: 0.20080430805683136
INFO Gradient norm: 7.861197075634987
PROGRESS    Completed epoch 1841 / 2000;    current loss: 0.20025359094142914
INFO Gradient norm: 9.97616390694497
PROGRESS    Completed epoch 1842 / 2000;    current loss: 0.20080921053886414
INFO Gradient norm: 8.54227283931321
PROGRESS    Completed epoch 1843 / 2000;    current loss: 0.20034077763557434
INFO Gradient norm: 8.396770077520989
PROGRESS    Completed epoch 1844 / 2000;    current loss: 0.20036756992340088
INFO Gradient norm: 6.813881249926963
PROGRESS    Completed epoch 1845 / 2000;    current loss: 0.20003138482570648
INFO Gradient norm: 9.874081092732924
PROGRESS    Completed epoch 1846 / 2000;    current loss: 0.2008087933063507
INFO Gradient norm: 7.908114655135158
PROGRESS    Completed epoch 1847 / 2000;    current loss: 0.20021313428878784
INFO Gradient norm: 9.664376899689255
PROGRESS    Completed epoch 1848 / 2000;    current loss: 0.20070099830627441
INFO Gradient norm: 8.366081273211899
PROGRESS    Completed epoch 1849 / 2000;    current loss: 0.2002335786819458
INFO Gradient norm: 8.713186202845467
PROGRESS    Completed epoch 1850 / 2000;    current loss: 0.20028634369373322
INFO Gradient norm: 7.679969785845851
PROGRESS    Completed epoch 1851 / 2000;    current loss: 0.1999799907207489
INFO Gradient norm: 8.581693947141968
PROGRESS    Completed epoch 1852 / 2000;    current loss: 0.20019517838954926
INFO Gradient norm: 6.770499716190088
PROGRESS    Completed epoch 1853 / 2000;    current loss: 0.19959960877895355
INFO Gradient norm: 9.822744020264905
PROGRESS    Completed epoch 1854 / 2000;    current loss: 0.20026932656764984
INFO Gradient norm: 8.00291768819209
PROGRESS    Completed epoch 1855 / 2000;    current loss: 0.19966983795166016
INFO Gradient norm: 9.313579635971033
PROGRESS    Completed epoch 1856 / 2000;    current loss: 0.19995693862438202
INFO Gradient norm: 8.36587566939443
PROGRESS    Completed epoch 1857 / 2000;    current loss: 0.19962699711322784
INFO Gradient norm: 6.36588541880659
PROGRESS    Completed epoch 1858 / 2000;    current loss: 0.19915373623371124
INFO Gradient norm: 5.042351404195131
PROGRESS    Completed epoch 1859 / 2000;    current loss: 0.1990554928779602
INFO Gradient norm: 9.215683231379225
PROGRESS    Completed epoch 1860 / 2000;    current loss: 0.2001161277294159
INFO Gradient norm: 4.982513565642583
PROGRESS    Completed epoch 1861 / 2000;    current loss: 0.1991790384054184
INFO Gradient norm: 10.79715442334509
PROGRESS    Completed epoch 1862 / 2000;    current loss: 0.2007264643907547
INFO Gradient norm: 6.394569323960821
PROGRESS    Completed epoch 1863 / 2000;    current loss: 0.19987225532531738
INFO Gradient norm: 11.16202533728861
PROGRESS    Completed epoch 1864 / 2000;    current loss: 0.20155751705169678
INFO Gradient norm: 10.50618751445723
PROGRESS    Completed epoch 1865 / 2000;    current loss: 0.20144039392471313
INFO Gradient norm: 5.84252589884765
PROGRESS    Completed epoch 1866 / 2000;    current loss: 0.2003161758184433
INFO Gradient norm: 7.469878082583101
PROGRESS    Completed epoch 1867 / 2000;    current loss: 0.20065319538116455
INFO Gradient norm: 5.303997318570593
PROGRESS    Completed epoch 1868 / 2000;    current loss: 0.2001105397939682
INFO Gradient norm: 3.3038471033691628
PROGRESS    Completed epoch 1869 / 2000;    current loss: 0.19961903989315033
INFO Gradient norm: 10.313399551535554
PROGRESS    Completed epoch 1870 / 2000;    current loss: 0.20089523494243622
INFO Gradient norm: 7.814363174999605
PROGRESS    Completed epoch 1871 / 2000;    current loss: 0.2000487595796585
INFO Gradient norm: 8.89521512295831
PROGRESS    Completed epoch 1872 / 2000;    current loss: 0.20024728775024414
INFO Gradient norm: 9.25024784895456
PROGRESS    Completed epoch 1873 / 2000;    current loss: 0.20029152929782867
INFO Gradient norm: 4.365967593546973
PROGRESS    Completed epoch 1874 / 2000;    current loss: 0.19923852384090424
INFO Gradient norm: 4.5612236123127445
PROGRESS    Completed epoch 1875 / 2000;    current loss: 0.19920304417610168
INFO Gradient norm: 7.399927597095965
PROGRESS    Completed epoch 1876 / 2000;    current loss: 0.19963520765304565
INFO Gradient norm: 3.7311517306827744
PROGRESS    Completed epoch 1877 / 2000;    current loss: 0.1988508701324463
INFO Gradient norm: 9.61222096161009
PROGRESS    Completed epoch 1878 / 2000;    current loss: 0.20011305809020996
INFO Gradient norm: 5.814692086846258
PROGRESS    Completed epoch 1879 / 2000;    current loss: 0.19915378093719482
INFO Gradient norm: 11.109467519926934
PROGRESS    Completed epoch 1880 / 2000;    current loss: 0.20062558352947235
INFO Gradient norm: 10.891003855227607
PROGRESS    Completed epoch 1881 / 2000;    current loss: 0.20048628747463226
INFO Gradient norm: 4.484506830506879
PROGRESS    Completed epoch 1882 / 2000;    current loss: 0.19908353686332703
INFO Gradient norm: 5.4811054419442575
PROGRESS    Completed epoch 1883 / 2000;    current loss: 0.1993504911661148
INFO Gradient norm: 6.438318091042509
PROGRESS    Completed epoch 1884 / 2000;    current loss: 0.19957593083381653
INFO Gradient norm: 3.32558995440844
PROGRESS    Completed epoch 1885 / 2000;    current loss: 0.19906827807426453
INFO Gradient norm: 10.982107822522433
PROGRESS    Completed epoch 1886 / 2000;    current loss: 0.2007482796907425
INFO Gradient norm: 8.070686234898885
PROGRESS    Completed epoch 1887 / 2000;    current loss: 0.1997443437576294
INFO Gradient norm: 9.13845366743828
PROGRESS    Completed epoch 1888 / 2000;    current loss: 0.19994652271270752
INFO Gradient norm: 8.7898540220718
PROGRESS    Completed epoch 1889 / 2000;    current loss: 0.1998053342103958
INFO Gradient norm: 6.404722353365088
PROGRESS    Completed epoch 1890 / 2000;    current loss: 0.1991482973098755
INFO Gradient norm: 5.96544840701492
PROGRESS    Completed epoch 1891 / 2000;    current loss: 0.198995441198349
INFO Gradient norm: 8.743825126262978
PROGRESS    Completed epoch 1892 / 2000;    current loss: 0.1996123045682907
INFO Gradient norm: 5.757787126471344
PROGRESS    Completed epoch 1893 / 2000;    current loss: 0.19882403314113617
INFO Gradient norm: 10.291736632393638
PROGRESS    Completed epoch 1894 / 2000;    current loss: 0.19993343949317932
INFO Gradient norm: 7.054919903454706
PROGRESS    Completed epoch 1895 / 2000;    current loss: 0.19908174872398376
INFO Gradient norm: 9.894215830830905
PROGRESS    Completed epoch 1896 / 2000;    current loss: 0.1998995989561081
INFO Gradient norm: 10.797225501492099
PROGRESS    Completed epoch 1897 / 2000;    current loss: 0.20030595362186432
INFO Gradient norm: 3.358694188589348
PROGRESS    Completed epoch 1898 / 2000;    current loss: 0.19874799251556396
INFO Gradient norm: 5.393233430324451
PROGRESS    Completed epoch 1899 / 2000;    current loss: 0.19901126623153687
INFO Gradient norm: 5.046596217101397
PROGRESS    Completed epoch 1900 / 2000;    current loss: 0.1988370269536972
INFO Gradient norm: 2.5974483697753854
PROGRESS    Completed epoch 1901 / 2000;    current loss: 0.19854965806007385
INFO Gradient norm: 9.869307904027439
PROGRESS    Completed epoch 1902 / 2000;    current loss: 0.19992533326148987
INFO Gradient norm: 6.733771600305669
PROGRESS    Completed epoch 1903 / 2000;    current loss: 0.1989802122116089
INFO Gradient norm: 9.322218863240742
PROGRESS    Completed epoch 1904 / 2000;    current loss: 0.19951872527599335
INFO Gradient norm: 8.956096215513158
PROGRESS    Completed epoch 1905 / 2000;    current loss: 0.19949306547641754
INFO Gradient norm: 6.072321136188618
PROGRESS    Completed epoch 1906 / 2000;    current loss: 0.19874785840511322
INFO Gradient norm: 6.388666852951162
PROGRESS    Completed epoch 1907 / 2000;    current loss: 0.19874301552772522
INFO Gradient norm: 6.657807382017312
PROGRESS    Completed epoch 1908 / 2000;    current loss: 0.19869914650917053
INFO Gradient norm: 5.825707178533109
PROGRESS    Completed epoch 1909 / 2000;    current loss: 0.1984681338071823
INFO Gradient norm: 7.268964585072159
PROGRESS    Completed epoch 1910 / 2000;    current loss: 0.19882524013519287
INFO Gradient norm: 2.7407557799882905
PROGRESS    Completed epoch 1911 / 2000;    current loss: 0.19826599955558777
INFO Gradient norm: 11.443222545238429
PROGRESS    Completed epoch 1912 / 2000;    current loss: 0.20025421679019928
INFO Gradient norm: 7.358875637572827
PROGRESS    Completed epoch 1913 / 2000;    current loss: 0.19903479516506195
INFO Gradient norm: 9.391361810230556
PROGRESS    Completed epoch 1914 / 2000;    current loss: 0.1996578723192215
INFO Gradient norm: 7.37755207182708
PROGRESS    Completed epoch 1915 / 2000;    current loss: 0.1993762105703354
INFO Gradient norm: 7.814096930340853
PROGRESS    Completed epoch 1916 / 2000;    current loss: 0.19964268803596497
INFO Gradient norm: 6.595807770749804
PROGRESS    Completed epoch 1917 / 2000;    current loss: 0.19975128769874573
INFO Gradient norm: 8.093501338478564
PROGRESS    Completed epoch 1918 / 2000;    current loss: 0.2002590447664261
INFO Gradient norm: 7.022360444240245
PROGRESS    Completed epoch 1919 / 2000;    current loss: 0.2001822143793106
INFO Gradient norm: 7.077512860894661
PROGRESS    Completed epoch 1920 / 2000;    current loss: 0.20018188655376434
INFO Gradient norm: 5.779257048985904
PROGRESS    Completed epoch 1921 / 2000;    current loss: 0.19975131750106812
INFO Gradient norm: 8.368366348440162
PROGRESS    Completed epoch 1922 / 2000;    current loss: 0.20013950765132904
INFO Gradient norm: 6.575652723751572
PROGRESS    Completed epoch 1923 / 2000;    current loss: 0.1995456963777542
INFO Gradient norm: 8.182928301741107
PROGRESS    Completed epoch 1924 / 2000;    current loss: 0.19972479343414307
INFO Gradient norm: 8.629549324660998
PROGRESS    Completed epoch 1925 / 2000;    current loss: 0.19977429509162903
INFO Gradient norm: 4.589391956534253
PROGRESS    Completed epoch 1926 / 2000;    current loss: 0.19889573752880096
INFO Gradient norm: 4.685076982311974
PROGRESS    Completed epoch 1927 / 2000;    current loss: 0.19878345727920532
INFO Gradient norm: 6.350106621730211
PROGRESS    Completed epoch 1928 / 2000;    current loss: 0.19897671043872833
INFO Gradient norm: 2.5949372413407663
PROGRESS    Completed epoch 1929 / 2000;    current loss: 0.19834323227405548
INFO Gradient norm: 10.679545983502571
PROGRESS    Completed epoch 1930 / 2000;    current loss: 0.19995653629302979
INFO Gradient norm: 7.516208730645666
PROGRESS    Completed epoch 1931 / 2000;    current loss: 0.1988566666841507
INFO Gradient norm: 9.188525241634993
PROGRESS    Completed epoch 1932 / 2000;    current loss: 0.19915281236171722
INFO Gradient norm: 11.954386305889011
PROGRESS    Completed epoch 1933 / 2000;    current loss: 0.20009426772594452
INFO Gradient norm: 1.7105481637278697
PROGRESS    Completed epoch 1934 / 2000;    current loss: 0.19790874421596527
INFO Gradient norm: 5.263379430214416
PROGRESS    Completed epoch 1935 / 2000;    current loss: 0.19831186532974243
INFO Gradient norm: 3.6620082530898
PROGRESS    Completed epoch 1936 / 2000;    current loss: 0.19804076850414276
INFO Gradient norm: 0.8837450834527957
PROGRESS    Completed epoch 1937 / 2000;    current loss: 0.19782420992851257
INFO Gradient norm: 3.127789943917434
PROGRESS    Completed epoch 1938 / 2000;    current loss: 0.1979396939277649
INFO Gradient norm: 3.9239290773462856
PROGRESS    Completed epoch 1939 / 2000;    current loss: 0.19788482785224915
INFO Gradient norm: 1.048035113858731
PROGRESS    Completed epoch 1940 / 2000;    current loss: 0.19764354825019836
INFO Gradient norm: 2.874835032161802
PROGRESS    Completed epoch 1941 / 2000;    current loss: 0.19780027866363525
INFO Gradient norm: 5.029727953912468
PROGRESS    Completed epoch 1942 / 2000;    current loss: 0.1980990618467331
INFO Gradient norm: 1.9548244883975976
PROGRESS    Completed epoch 1943 / 2000;    current loss: 0.19778135418891907
INFO Gradient norm: 2.002621317899002
PROGRESS    Completed epoch 1944 / 2000;    current loss: 0.19782520830631256
INFO Gradient norm: 3.9203778474435
PROGRESS    Completed epoch 1945 / 2000;    current loss: 0.19791960716247559
INFO Gradient norm: 2.009024514269758
PROGRESS    Completed epoch 1946 / 2000;    current loss: 0.19746261835098267
INFO Gradient norm: 0.8536606128970244
PROGRESS    Completed epoch 1947 / 2000;    current loss: 0.19752249121665955
INFO Gradient norm: 1.2418540211720528
PROGRESS    Completed epoch 1948 / 2000;    current loss: 0.19762453436851501
INFO Gradient norm: 3.5956810047844616
PROGRESS    Completed epoch 1949 / 2000;    current loss: 0.19774305820465088
INFO Gradient norm: 3.564667887370566
PROGRESS    Completed epoch 1950 / 2000;    current loss: 0.19760684669017792
INFO Gradient norm: 1.4333205662755968
PROGRESS    Completed epoch 1951 / 2000;    current loss: 0.19732385873794556
INFO Gradient norm: 0.8845778181633824
PROGRESS    Completed epoch 1952 / 2000;    current loss: 0.19737207889556885
INFO Gradient norm: 1.4344320226530303
PROGRESS    Completed epoch 1953 / 2000;    current loss: 0.1975795328617096
INFO Gradient norm: 3.8390571265981515
PROGRESS    Completed epoch 1954 / 2000;    current loss: 0.19781357049942017
INFO Gradient norm: 2.4539672534176575
PROGRESS    Completed epoch 1955 / 2000;    current loss: 0.19755204021930695
INFO Gradient norm: 1.8243552573631392
PROGRESS    Completed epoch 1956 / 2000;    current loss: 0.19747737050056458
INFO Gradient norm: 4.160702702725138
PROGRESS    Completed epoch 1957 / 2000;    current loss: 0.19772855937480927
INFO Gradient norm: 1.6198070009220575
PROGRESS    Completed epoch 1958 / 2000;    current loss: 0.1974806785583496
INFO Gradient norm: 0.8320948438989423
PROGRESS    Completed epoch 1959 / 2000;    current loss: 0.19735614955425262
INFO Gradient norm: 4.394279738522393
PROGRESS    Completed epoch 1960 / 2000;    current loss: 0.1977066993713379
INFO Gradient norm: 3.3421654862369725
PROGRESS    Completed epoch 1961 / 2000;    current loss: 0.19761332869529724
INFO Gradient norm: 0.8586030492642203
PROGRESS    Completed epoch 1962 / 2000;    current loss: 0.19741761684417725
INFO Gradient norm: 2.541395272091637
PROGRESS    Completed epoch 1963 / 2000;    current loss: 0.19740265607833862
INFO Gradient norm: 3.510529383472155
PROGRESS    Completed epoch 1964 / 2000;    current loss: 0.197493314743042
INFO Gradient norm: 2.095009279352556
PROGRESS    Completed epoch 1965 / 2000;    current loss: 0.19734084606170654
INFO Gradient norm: 1.8296241529101438
PROGRESS    Completed epoch 1966 / 2000;    current loss: 0.19735416769981384
INFO Gradient norm: 3.736904901266066
PROGRESS    Completed epoch 1967 / 2000;    current loss: 0.19758395850658417
INFO Gradient norm: 2.8884491284566276
PROGRESS    Completed epoch 1968 / 2000;    current loss: 0.19743242859840393
INFO Gradient norm: 2.0638428423331616
PROGRESS    Completed epoch 1969 / 2000;    current loss: 0.1973264068365097
INFO Gradient norm: 1.3587442989532545
PROGRESS    Completed epoch 1970 / 2000;    current loss: 0.19736626744270325
INFO Gradient norm: 2.5289158585777334
PROGRESS    Completed epoch 1971 / 2000;    current loss: 0.1974702924489975
INFO Gradient norm: 4.380859956142338
PROGRESS    Completed epoch 1972 / 2000;    current loss: 0.19767768681049347
INFO Gradient norm: 0.9565692878590313
PROGRESS    Completed epoch 1973 / 2000;    current loss: 0.19729410111904144
INFO Gradient norm: 3.8675337082489456
PROGRESS    Completed epoch 1974 / 2000;    current loss: 0.19746823608875275
INFO Gradient norm: 3.0093197912212526
PROGRESS    Completed epoch 1975 / 2000;    current loss: 0.1974535435438156
INFO Gradient norm: 1.4885298673932659
PROGRESS    Completed epoch 1976 / 2000;    current loss: 0.19740894436836243
INFO Gradient norm: 0.9437517937062297
PROGRESS    Completed epoch 1977 / 2000;    current loss: 0.1975121945142746
INFO Gradient norm: 1.6612394909105954
PROGRESS    Completed epoch 1978 / 2000;    current loss: 0.1975417137145996
INFO Gradient norm: 3.6461239817886404
PROGRESS    Completed epoch 1979 / 2000;    current loss: 0.19759511947631836
INFO Gradient norm: 2.4766856179042254
PROGRESS    Completed epoch 1980 / 2000;    current loss: 0.19735902547836304
INFO Gradient norm: 3.0537708246594155
PROGRESS    Completed epoch 1981 / 2000;    current loss: 0.1974010169506073
INFO Gradient norm: 1.8193390232831326
PROGRESS    Completed epoch 1982 / 2000;    current loss: 0.1973475068807602
INFO Gradient norm: 1.875202205492761
PROGRESS    Completed epoch 1983 / 2000;    current loss: 0.19728663563728333
INFO Gradient norm: 2.6893544978483277
PROGRESS    Completed epoch 1984 / 2000;    current loss: 0.1972828507423401
INFO Gradient norm: 4.69890070505327
PROGRESS    Completed epoch 1985 / 2000;    current loss: 0.19760239124298096
INFO Gradient norm: 1.1973098040514394
PROGRESS    Completed epoch 1986 / 2000;    current loss: 0.19726964831352234
INFO Gradient norm: 1.170361218108272
PROGRESS    Completed epoch 1987 / 2000;    current loss: 0.19720204174518585
INFO Gradient norm: 4.638610787926346
PROGRESS    Completed epoch 1988 / 2000;    current loss: 0.19747205078601837
INFO Gradient norm: 1.7910164548897078
PROGRESS    Completed epoch 1989 / 2000;    current loss: 0.1971578598022461
INFO Gradient norm: 1.9116986822031352
PROGRESS    Completed epoch 1990 / 2000;    current loss: 0.19717557728290558
INFO Gradient norm: 2.1895699937369044
PROGRESS    Completed epoch 1991 / 2000;    current loss: 0.1972416490316391
INFO Gradient norm: 3.2310252227085914
PROGRESS    Completed epoch 1992 / 2000;    current loss: 0.19728071987628937
INFO Gradient norm: 2.611832254878355
PROGRESS    Completed epoch 1993 / 2000;    current loss: 0.19721077382564545
INFO Gradient norm: 3.2512227103833506
PROGRESS    Completed epoch 1994 / 2000;    current loss: 0.19733786582946777
INFO Gradient norm: 2.439316107375746
PROGRESS    Completed epoch 1995 / 2000;    current loss: 0.19719792902469635
INFO Gradient norm: 2.746741279446207
PROGRESS    Completed epoch 1996 / 2000;    current loss: 0.19718869030475616
INFO Gradient norm: 3.2797048503289736
PROGRESS    Completed epoch 1997 / 2000;    current loss: 0.19713784754276276
INFO Gradient norm: 3.1347598058908352
PROGRESS    Completed epoch 1998 / 2000;    current loss: 0.19717295467853546
INFO Gradient norm: 0.9706765271294522
PROGRESS    Completed epoch 1999 / 2000;    current loss: 0.19713611900806427
INFO Gradient norm: 1.9992116109925655
PROGRESS    Completed epoch 2000 / 2000;    current loss: 0.19713126122951508
INFO    Saving model weights ...
INFO Model weights saved successfully to /home/hoang/utopya_output/Dengue/250605-150403/data/uni02/data_npc_checkpoint.pth
INFO    Simulation run finished.
INFO    Wrapping up ...
SUCCESS    All done.

---
end of log. exit code: 0

