Log of 'out' stream of WorkerTask 'uni02'
---

INFO    Using 'cpu' as training device. Number of threads: 10
INFO    Loading training data ...
INFO    Initializing the neural net ...
INFO    Initialized model 'Dengue'.
INFO    Now commencing training for 2000 epochs ...
INFO Gradient norm: 497.65166344551494
PROGRESS    Completed epoch 1 / 2000;    current loss: 154.37588500976562
INFO Gradient norm: 497.22663119982764
PROGRESS    Completed epoch 2 / 2000;    current loss: 154.1956024169922
INFO Gradient norm: 496.7946055684433
PROGRESS    Completed epoch 3 / 2000;    current loss: 154.01487731933594
INFO Gradient norm: 496.3672134289645
PROGRESS    Completed epoch 4 / 2000;    current loss: 153.83477783203125
INFO Gradient norm: 495.93642598894394
PROGRESS    Completed epoch 5 / 2000;    current loss: 153.65451049804688
INFO Gradient norm: 495.5021637657655
PROGRESS    Completed epoch 6 / 2000;    current loss: 153.47381591796875
INFO Gradient norm: 495.0680409105485
PROGRESS    Completed epoch 7 / 2000;    current loss: 153.29319763183594
INFO Gradient norm: 494.63785923347535
PROGRESS    Completed epoch 8 / 2000;    current loss: 153.11285400390625
INFO Gradient norm: 494.1963335690316
PROGRESS    Completed epoch 9 / 2000;    current loss: 152.93141174316406
INFO Gradient norm: 493.75299641378655
PROGRESS    Completed epoch 10 / 2000;    current loss: 152.7493438720703
INFO Gradient norm: 493.3078347432794
PROGRESS    Completed epoch 11 / 2000;    current loss: 152.56674194335938
INFO Gradient norm: 492.86330713021914
PROGRESS    Completed epoch 12 / 2000;    current loss: 152.38392639160156
INFO Gradient norm: 492.4128654096788
PROGRESS    Completed epoch 13 / 2000;    current loss: 152.20004272460938
INFO Gradient norm: 491.9558739014617
PROGRESS    Completed epoch 14 / 2000;    current loss: 152.0149688720703
INFO Gradient norm: 491.4987037174494
PROGRESS    Completed epoch 15 / 2000;    current loss: 151.8291473388672
INFO Gradient norm: 491.0376811372294
PROGRESS    Completed epoch 16 / 2000;    current loss: 151.6424560546875
INFO Gradient norm: 490.57459811683174
PROGRESS    Completed epoch 17 / 2000;    current loss: 151.4546356201172
INFO Gradient norm: 490.1003259574384
PROGRESS    Completed epoch 18 / 2000;    current loss: 151.2650146484375
INFO Gradient norm: 489.6297187031663
PROGRESS    Completed epoch 19 / 2000;    current loss: 151.07470703125
INFO Gradient norm: 489.14663379321115
PROGRESS    Completed epoch 20 / 2000;    current loss: 150.88246154785156
INFO Gradient norm: 488.65777623931916
PROGRESS    Completed epoch 21 / 2000;    current loss: 150.68849182128906
INFO Gradient norm: 488.166631928268
PROGRESS    Completed epoch 22 / 2000;    current loss: 150.49322509765625
INFO Gradient norm: 487.66932978199765
PROGRESS    Completed epoch 23 / 2000;    current loss: 150.29620361328125
INFO Gradient norm: 487.1673912175988
PROGRESS    Completed epoch 24 / 2000;    current loss: 150.09750366210938
INFO Gradient norm: 486.65475085671784
PROGRESS    Completed epoch 25 / 2000;    current loss: 149.89654541015625
INFO Gradient norm: 486.14282760099786
PROGRESS    Completed epoch 26 / 2000;    current loss: 149.6940460205078
INFO Gradient norm: 485.61517912192727
PROGRESS    Completed epoch 27 / 2000;    current loss: 149.48895263671875
INFO Gradient norm: 485.0826863745588
PROGRESS    Completed epoch 28 / 2000;    current loss: 149.28160095214844
INFO Gradient norm: 484.54443825218965
PROGRESS    Completed epoch 29 / 2000;    current loss: 149.07229614257812
INFO Gradient norm: 483.99770855399214
PROGRESS    Completed epoch 30 / 2000;    current loss: 148.86061096191406
INFO Gradient norm: 483.445820324453
PROGRESS    Completed epoch 31 / 2000;    current loss: 148.64663696289062
INFO Gradient norm: 482.879681335644
PROGRESS    Completed epoch 32 / 2000;    current loss: 148.4298095703125
INFO Gradient norm: 482.31017705309614
PROGRESS    Completed epoch 33 / 2000;    current loss: 148.210693359375
INFO Gradient norm: 481.7258262079707
PROGRESS    Completed epoch 34 / 2000;    current loss: 147.9884490966797
INFO Gradient norm: 481.1401846483941
PROGRESS    Completed epoch 35 / 2000;    current loss: 147.76393127441406
INFO Gradient norm: 480.5426603821066
PROGRESS    Completed epoch 36 / 2000;    current loss: 147.5364532470703
INFO Gradient norm: 479.932634224722
PROGRESS    Completed epoch 37 / 2000;    current loss: 147.30584716796875
INFO Gradient norm: 479.31755241486906
PROGRESS    Completed epoch 38 / 2000;    current loss: 147.07273864746094
INFO Gradient norm: 478.68666892737764
PROGRESS    Completed epoch 39 / 2000;    current loss: 146.83604431152344
INFO Gradient norm: 478.0455404165898
PROGRESS    Completed epoch 40 / 2000;    current loss: 146.59617614746094
INFO Gradient norm: 477.3948913150286
PROGRESS    Completed epoch 41 / 2000;    current loss: 146.3531951904297
INFO Gradient norm: 476.7342205731028
PROGRESS    Completed epoch 42 / 2000;    current loss: 146.10693359375
INFO Gradient norm: 476.0645202379225
PROGRESS    Completed epoch 43 / 2000;    current loss: 145.8576202392578
INFO Gradient norm: 475.3791446048677
PROGRESS    Completed epoch 44 / 2000;    current loss: 145.60440063476562
INFO Gradient norm: 474.68475295351493
PROGRESS    Completed epoch 45 / 2000;    current loss: 145.3480224609375
INFO Gradient norm: 473.9768736194257
PROGRESS    Completed epoch 46 / 2000;    current loss: 145.087890625
INFO Gradient norm: 473.25867919933023
PROGRESS    Completed epoch 47 / 2000;    current loss: 144.8241424560547
INFO Gradient norm: 472.52544693084917
PROGRESS    Completed epoch 48 / 2000;    current loss: 144.5568084716797
INFO Gradient norm: 471.77930694659693
PROGRESS    Completed epoch 49 / 2000;    current loss: 144.28549194335938
INFO Gradient norm: 471.01974050473984
PROGRESS    Completed epoch 50 / 2000;    current loss: 144.01028442382812
INFO Gradient norm: 470.250935493316
PROGRESS    Completed epoch 51 / 2000;    current loss: 143.73171997070312
INFO Gradient norm: 469.46392975244135
PROGRESS    Completed epoch 52 / 2000;    current loss: 143.4486846923828
INFO Gradient norm: 468.659865651131
PROGRESS    Completed epoch 53 / 2000;    current loss: 143.16160583496094
INFO Gradient norm: 467.84992810095355
PROGRESS    Completed epoch 54 / 2000;    current loss: 142.87094116210938
INFO Gradient norm: 467.01898938474415
PROGRESS    Completed epoch 55 / 2000;    current loss: 142.57579040527344
INFO Gradient norm: 466.1801111912913
PROGRESS    Completed epoch 56 / 2000;    current loss: 142.27679443359375
INFO Gradient norm: 465.32158857002077
PROGRESS    Completed epoch 57 / 2000;    current loss: 141.97332763671875
INFO Gradient norm: 464.448607683804
PROGRESS    Completed epoch 58 / 2000;    current loss: 141.66574096679688
INFO Gradient norm: 463.5637414845184
PROGRESS    Completed epoch 59 / 2000;    current loss: 141.3541717529297
INFO Gradient norm: 462.6608810018558
PROGRESS    Completed epoch 60 / 2000;    current loss: 141.03790283203125
INFO Gradient norm: 461.7409917312777
PROGRESS    Completed epoch 61 / 2000;    current loss: 140.71734619140625
INFO Gradient norm: 460.8088119337208
PROGRESS    Completed epoch 62 / 2000;    current loss: 140.39244079589844
INFO Gradient norm: 459.85727630056715
PROGRESS    Completed epoch 63 / 2000;    current loss: 140.06307983398438
INFO Gradient norm: 458.8930406207863
PROGRESS    Completed epoch 64 / 2000;    current loss: 139.72952270507812
INFO Gradient norm: 457.9086933769164
PROGRESS    Completed epoch 65 / 2000;    current loss: 139.39105224609375
INFO Gradient norm: 456.91000891301354
PROGRESS    Completed epoch 66 / 2000;    current loss: 139.0481719970703
INFO Gradient norm: 455.8944185229699
PROGRESS    Completed epoch 67 / 2000;    current loss: 138.70098876953125
INFO Gradient norm: 454.86430623869205
PROGRESS    Completed epoch 68 / 2000;    current loss: 138.34918212890625
INFO Gradient norm: 453.8157140603036
PROGRESS    Completed epoch 69 / 2000;    current loss: 137.99270629882812
INFO Gradient norm: 452.74718489316626
PROGRESS    Completed epoch 70 / 2000;    current loss: 137.631591796875
INFO Gradient norm: 451.66402505893774
PROGRESS    Completed epoch 71 / 2000;    current loss: 137.26589965820312
INFO Gradient norm: 450.56394122821547
PROGRESS    Completed epoch 72 / 2000;    current loss: 136.89566040039062
INFO Gradient norm: 449.44526317766554
PROGRESS    Completed epoch 73 / 2000;    current loss: 136.52066040039062
INFO Gradient norm: 448.31095532746383
PROGRESS    Completed epoch 74 / 2000;    current loss: 136.14108276367188
INFO Gradient norm: 447.15928888621346
PROGRESS    Completed epoch 75 / 2000;    current loss: 135.75689697265625
INFO Gradient norm: 445.98871776328883
PROGRESS    Completed epoch 76 / 2000;    current loss: 135.36798095703125
INFO Gradient norm: 444.80390546643764
PROGRESS    Completed epoch 77 / 2000;    current loss: 134.97454833984375
INFO Gradient norm: 443.59734716776796
PROGRESS    Completed epoch 78 / 2000;    current loss: 134.57638549804688
INFO Gradient norm: 442.37488924691127
PROGRESS    Completed epoch 79 / 2000;    current loss: 134.17349243164062
INFO Gradient norm: 441.13691297165116
PROGRESS    Completed epoch 80 / 2000;    current loss: 133.76629638671875
INFO Gradient norm: 439.87561958683006
PROGRESS    Completed epoch 81 / 2000;    current loss: 133.35406494140625
INFO Gradient norm: 438.60324005327254
PROGRESS    Completed epoch 82 / 2000;    current loss: 132.93756103515625
INFO Gradient norm: 437.3115748469547
PROGRESS    Completed epoch 83 / 2000;    current loss: 132.51646423339844
INFO Gradient norm: 436.0010848663573
PROGRESS    Completed epoch 84 / 2000;    current loss: 132.09063720703125
INFO Gradient norm: 434.6759143547274
PROGRESS    Completed epoch 85 / 2000;    current loss: 131.66043090820312
INFO Gradient norm: 433.33319001077246
PROGRESS    Completed epoch 86 / 2000;    current loss: 131.22572326660156
INFO Gradient norm: 431.9726917495944
PROGRESS    Completed epoch 87 / 2000;    current loss: 130.78628540039062
INFO Gradient norm: 430.5931070992301
PROGRESS    Completed epoch 88 / 2000;    current loss: 130.3425750732422
INFO Gradient norm: 429.196955948039
PROGRESS    Completed epoch 89 / 2000;    current loss: 129.89431762695312
INFO Gradient norm: 427.7838219933453
PROGRESS    Completed epoch 90 / 2000;    current loss: 129.44168090820312
INFO Gradient norm: 426.3566932217528
PROGRESS    Completed epoch 91 / 2000;    current loss: 128.98483276367188
INFO Gradient norm: 424.91291640591834
PROGRESS    Completed epoch 92 / 2000;    current loss: 128.52366638183594
INFO Gradient norm: 423.45163328924053
PROGRESS    Completed epoch 93 / 2000;    current loss: 128.05801391601562
INFO Gradient norm: 421.97356026312343
PROGRESS    Completed epoch 94 / 2000;    current loss: 127.58821105957031
INFO Gradient norm: 420.4831576995525
PROGRESS    Completed epoch 95 / 2000;    current loss: 127.1142578125
INFO Gradient norm: 418.97399126052625
PROGRESS    Completed epoch 96 / 2000;    current loss: 126.63600158691406
INFO Gradient norm: 417.4497982622715
PROGRESS    Completed epoch 97 / 2000;    current loss: 126.1536865234375
INFO Gradient norm: 415.909998991216
PROGRESS    Completed epoch 98 / 2000;    current loss: 125.667236328125
INFO Gradient norm: 414.35608372333303
PROGRESS    Completed epoch 99 / 2000;    current loss: 125.17689514160156
INFO Gradient norm: 412.78649637194695
PROGRESS    Completed epoch 100 / 2000;    current loss: 124.68245697021484
INFO Gradient norm: 411.2032038230632
PROGRESS    Completed epoch 101 / 2000;    current loss: 124.18412780761719
INFO Gradient norm: 409.6045168803808
PROGRESS    Completed epoch 102 / 2000;    current loss: 123.68183135986328
INFO Gradient norm: 407.99135672210326
PROGRESS    Completed epoch 103 / 2000;    current loss: 123.17589569091797
INFO Gradient norm: 406.36547905817764
PROGRESS    Completed epoch 104 / 2000;    current loss: 122.6660385131836
INFO Gradient norm: 404.72471728412614
PROGRESS    Completed epoch 105 / 2000;    current loss: 122.15245819091797
INFO Gradient norm: 403.07117329035606
PROGRESS    Completed epoch 106 / 2000;    current loss: 121.63528442382812
INFO Gradient norm: 401.40459454408136
PROGRESS    Completed epoch 107 / 2000;    current loss: 121.11456298828125
INFO Gradient norm: 399.72211344591835
PROGRESS    Completed epoch 108 / 2000;    current loss: 120.590087890625
INFO Gradient norm: 398.02829273068147
PROGRESS    Completed epoch 109 / 2000;    current loss: 120.0622787475586
INFO Gradient norm: 396.3203627447674
PROGRESS    Completed epoch 110 / 2000;    current loss: 119.53089904785156
INFO Gradient norm: 394.60264459072295
PROGRESS    Completed epoch 111 / 2000;    current loss: 118.99635314941406
INFO Gradient norm: 392.87074968435735
PROGRESS    Completed epoch 112 / 2000;    current loss: 118.45843505859375
INFO Gradient norm: 391.1255003525368
PROGRESS    Completed epoch 113 / 2000;    current loss: 117.91728973388672
INFO Gradient norm: 389.3695221636078
PROGRESS    Completed epoch 114 / 2000;    current loss: 117.37295532226562
INFO Gradient norm: 387.60357558487226
PROGRESS    Completed epoch 115 / 2000;    current loss: 116.82537078857422
INFO Gradient norm: 385.82360909111134
PROGRESS    Completed epoch 116 / 2000;    current loss: 116.2748031616211
INFO Gradient norm: 384.03326857986906
PROGRESS    Completed epoch 117 / 2000;    current loss: 115.72134399414062
INFO Gradient norm: 382.23083954115833
PROGRESS    Completed epoch 118 / 2000;    current loss: 115.16483306884766
INFO Gradient norm: 380.4184912274104
PROGRESS    Completed epoch 119 / 2000;    current loss: 114.60540771484375
INFO Gradient norm: 378.5952040533911
PROGRESS    Completed epoch 120 / 2000;    current loss: 114.0430908203125
INFO Gradient norm: 376.7619053496991
PROGRESS    Completed epoch 121 / 2000;    current loss: 113.47805786132812
INFO Gradient norm: 374.9184376049046
PROGRESS    Completed epoch 122 / 2000;    current loss: 112.9103012084961
INFO Gradient norm: 373.0660970274226
PROGRESS    Completed epoch 123 / 2000;    current loss: 112.33997344970703
INFO Gradient norm: 371.2057645137778
PROGRESS    Completed epoch 124 / 2000;    current loss: 111.76681518554688
INFO Gradient norm: 369.33786223705994
PROGRESS    Completed epoch 125 / 2000;    current loss: 111.19085693359375
INFO Gradient norm: 367.4610484613
PROGRESS    Completed epoch 126 / 2000;    current loss: 110.61227416992188
INFO Gradient norm: 365.57783451179193
PROGRESS    Completed epoch 127 / 2000;    current loss: 110.03096008300781
INFO Gradient norm: 363.6875524669831
PROGRESS    Completed epoch 128 / 2000;    current loss: 109.44688415527344
INFO Gradient norm: 361.7888923621385
PROGRESS    Completed epoch 129 / 2000;    current loss: 108.86026000976562
INFO Gradient norm: 359.8827616009763
PROGRESS    Completed epoch 130 / 2000;    current loss: 108.27081298828125
INFO Gradient norm: 357.9680354526516
PROGRESS    Completed epoch 131 / 2000;    current loss: 107.678466796875
INFO Gradient norm: 356.0448428748849
PROGRESS    Completed epoch 132 / 2000;    current loss: 107.08363342285156
INFO Gradient norm: 354.11403402612063
PROGRESS    Completed epoch 133 / 2000;    current loss: 106.48583221435547
INFO Gradient norm: 352.1737859746945
PROGRESS    Completed epoch 134 / 2000;    current loss: 105.88560485839844
INFO Gradient norm: 350.2285046508252
PROGRESS    Completed epoch 135 / 2000;    current loss: 105.28233337402344
INFO Gradient norm: 348.2778537826529
PROGRESS    Completed epoch 136 / 2000;    current loss: 104.67642974853516
INFO Gradient norm: 346.3234152897299
PROGRESS    Completed epoch 137 / 2000;    current loss: 104.06739807128906
INFO Gradient norm: 344.3642544268375
PROGRESS    Completed epoch 138 / 2000;    current loss: 103.45574188232422
INFO Gradient norm: 342.4000401861915
PROGRESS    Completed epoch 139 / 2000;    current loss: 102.84109497070312
INFO Gradient norm: 340.4313785750474
PROGRESS    Completed epoch 140 / 2000;    current loss: 102.22305297851562
INFO Gradient norm: 338.4563436039571
PROGRESS    Completed epoch 141 / 2000;    current loss: 101.60225677490234
INFO Gradient norm: 336.4756654013067
PROGRESS    Completed epoch 142 / 2000;    current loss: 100.97801971435547
INFO Gradient norm: 334.4873041898234
PROGRESS    Completed epoch 143 / 2000;    current loss: 100.35103607177734
INFO Gradient norm: 332.49347155487834
PROGRESS    Completed epoch 144 / 2000;    current loss: 99.7208480834961
INFO Gradient norm: 330.4938200671302
PROGRESS    Completed epoch 145 / 2000;    current loss: 99.0873031616211
INFO Gradient norm: 328.4855929006669
PROGRESS    Completed epoch 146 / 2000;    current loss: 98.4508056640625
INFO Gradient norm: 326.4732516136829
PROGRESS    Completed epoch 147 / 2000;    current loss: 97.81094360351562
INFO Gradient norm: 324.4544823709645
PROGRESS    Completed epoch 148 / 2000;    current loss: 97.16798400878906
INFO Gradient norm: 322.4288196324593
PROGRESS    Completed epoch 149 / 2000;    current loss: 96.52182006835938
INFO Gradient norm: 320.3981659761099
PROGRESS    Completed epoch 150 / 2000;    current loss: 95.87223052978516
INFO Gradient norm: 318.3579704778851
PROGRESS    Completed epoch 151 / 2000;    current loss: 95.21975708007812
INFO Gradient norm: 316.3123343635809
PROGRESS    Completed epoch 152 / 2000;    current loss: 94.5639877319336
INFO Gradient norm: 314.25832744598654
PROGRESS    Completed epoch 153 / 2000;    current loss: 93.90509033203125
INFO Gradient norm: 312.1945754596991
PROGRESS    Completed epoch 154 / 2000;    current loss: 93.24315643310547
INFO Gradient norm: 310.1221197901511
PROGRESS    Completed epoch 155 / 2000;    current loss: 92.5779800415039
INFO Gradient norm: 308.0410985545265
PROGRESS    Completed epoch 156 / 2000;    current loss: 91.91011810302734
INFO Gradient norm: 305.95071798027357
PROGRESS    Completed epoch 157 / 2000;    current loss: 91.2388687133789
INFO Gradient norm: 303.8503206283399
PROGRESS    Completed epoch 158 / 2000;    current loss: 90.56491088867188
INFO Gradient norm: 301.73928412244294
PROGRESS    Completed epoch 159 / 2000;    current loss: 89.88811492919922
INFO Gradient norm: 299.6190879942374
PROGRESS    Completed epoch 160 / 2000;    current loss: 89.2083511352539
INFO Gradient norm: 297.48880155545305
PROGRESS    Completed epoch 161 / 2000;    current loss: 88.52618408203125
INFO Gradient norm: 295.3477076545322
PROGRESS    Completed epoch 162 / 2000;    current loss: 87.84121704101562
INFO Gradient norm: 293.1961745033764
PROGRESS    Completed epoch 163 / 2000;    current loss: 87.153564453125
INFO Gradient norm: 291.03658395053094
PROGRESS    Completed epoch 164 / 2000;    current loss: 86.46340942382812
INFO Gradient norm: 288.86781806897795
PROGRESS    Completed epoch 165 / 2000;    current loss: 85.770751953125
INFO Gradient norm: 286.6884915533713
PROGRESS    Completed epoch 166 / 2000;    current loss: 85.07614135742188
INFO Gradient norm: 284.5011139678736
PROGRESS    Completed epoch 167 / 2000;    current loss: 84.37895202636719
INFO Gradient norm: 282.3052246268527
PROGRESS    Completed epoch 168 / 2000;    current loss: 83.67948913574219
INFO Gradient norm: 280.10219602854454
PROGRESS    Completed epoch 169 / 2000;    current loss: 82.97815704345703
INFO Gradient norm: 277.89068403392497
PROGRESS    Completed epoch 170 / 2000;    current loss: 82.27474212646484
INFO Gradient norm: 275.67345552172384
PROGRESS    Completed epoch 171 / 2000;    current loss: 81.56929779052734
INFO Gradient norm: 273.450252707191
PROGRESS    Completed epoch 172 / 2000;    current loss: 80.86222076416016
INFO Gradient norm: 271.22261998886154
PROGRESS    Completed epoch 173 / 2000;    current loss: 80.15328979492188
INFO Gradient norm: 268.9914235399447
PROGRESS    Completed epoch 174 / 2000;    current loss: 79.44282531738281
INFO Gradient norm: 266.7582313657523
PROGRESS    Completed epoch 175 / 2000;    current loss: 78.73088073730469
INFO Gradient norm: 264.52415685511505
PROGRESS    Completed epoch 176 / 2000;    current loss: 78.01765441894531
INFO Gradient norm: 262.2918753049227
PROGRESS    Completed epoch 177 / 2000;    current loss: 77.3025894165039
INFO Gradient norm: 260.06141153191726
PROGRESS    Completed epoch 178 / 2000;    current loss: 76.58671569824219
INFO Gradient norm: 257.83554518843295
PROGRESS    Completed epoch 179 / 2000;    current loss: 75.86931610107422
INFO Gradient norm: 255.61609524415314
PROGRESS    Completed epoch 180 / 2000;    current loss: 75.15087890625
INFO Gradient norm: 253.40406615554957
PROGRESS    Completed epoch 181 / 2000;    current loss: 74.43157196044922
INFO Gradient norm: 251.2024391289235
PROGRESS    Completed epoch 182 / 2000;    current loss: 73.71086883544922
INFO Gradient norm: 249.01303847659838
PROGRESS    Completed epoch 183 / 2000;    current loss: 72.9891128540039
INFO Gradient norm: 246.83868275376824
PROGRESS    Completed epoch 184 / 2000;    current loss: 72.26669311523438
INFO Gradient norm: 244.68147564670343
PROGRESS    Completed epoch 185 / 2000;    current loss: 71.54305267333984
INFO Gradient norm: 242.54455462050527
PROGRESS    Completed epoch 186 / 2000;    current loss: 70.81865692138672
INFO Gradient norm: 240.4297454791225
PROGRESS    Completed epoch 187 / 2000;    current loss: 70.09317779541016
INFO Gradient norm: 238.34080566814626
PROGRESS    Completed epoch 188 / 2000;    current loss: 69.36668395996094
INFO Gradient norm: 236.28007514265838
PROGRESS    Completed epoch 189 / 2000;    current loss: 68.63941955566406
INFO Gradient norm: 234.25142918446613
PROGRESS    Completed epoch 190 / 2000;    current loss: 67.91120910644531
INFO Gradient norm: 232.25759630092455
PROGRESS    Completed epoch 191 / 2000;    current loss: 67.18180847167969
INFO Gradient norm: 230.2111436162544
PROGRESS    Completed epoch 192 / 2000;    current loss: 66.4531021118164
INFO Gradient norm: 228.47551846877045
PROGRESS    Completed epoch 193 / 2000;    current loss: 65.73428344726562
INFO Gradient norm: 226.777741604709
PROGRESS    Completed epoch 194 / 2000;    current loss: 65.01223754882812
INFO Gradient norm: 225.1224023404539
PROGRESS    Completed epoch 195 / 2000;    current loss: 64.28707885742188
INFO Gradient norm: 223.5137933148217
PROGRESS    Completed epoch 196 / 2000;    current loss: 63.558799743652344
INFO Gradient norm: 221.95655935896164
PROGRESS    Completed epoch 197 / 2000;    current loss: 62.82708740234375
INFO Gradient norm: 220.45468188734498
PROGRESS    Completed epoch 198 / 2000;    current loss: 62.09187698364258
INFO Gradient norm: 219.01421600166302
PROGRESS    Completed epoch 199 / 2000;    current loss: 61.35314178466797
INFO Gradient norm: 217.6389792450993
PROGRESS    Completed epoch 200 / 2000;    current loss: 60.610694885253906
INFO Gradient norm: 216.3348949898833
PROGRESS    Completed epoch 201 / 2000;    current loss: 59.864749908447266
INFO Gradient norm: 215.10528864601596
PROGRESS    Completed epoch 202 / 2000;    current loss: 59.11515808105469
INFO Gradient norm: 213.95526716250353
PROGRESS    Completed epoch 203 / 2000;    current loss: 58.361717224121094
INFO Gradient norm: 212.89000363519278
PROGRESS    Completed epoch 204 / 2000;    current loss: 57.604339599609375
INFO Gradient norm: 211.9142060388916
PROGRESS    Completed epoch 205 / 2000;    current loss: 56.84297180175781
INFO Gradient norm: 211.03407317800173
PROGRESS    Completed epoch 206 / 2000;    current loss: 56.077938079833984
INFO Gradient norm: 210.25317568463242
PROGRESS    Completed epoch 207 / 2000;    current loss: 55.30862808227539
INFO Gradient norm: 209.57668828109132
PROGRESS    Completed epoch 208 / 2000;    current loss: 54.53514862060547
INFO Gradient norm: 209.00910254539411
PROGRESS    Completed epoch 209 / 2000;    current loss: 53.75740432739258
INFO Gradient norm: 208.65386847495472
PROGRESS    Completed epoch 210 / 2000;    current loss: 52.976749420166016
INFO Gradient norm: 208.39957414991042
PROGRESS    Completed epoch 211 / 2000;    current loss: 52.1940803527832
INFO Gradient norm: 208.2439241345008
PROGRESS    Completed epoch 212 / 2000;    current loss: 51.40590286254883
INFO Gradient norm: 208.18833926293743
PROGRESS    Completed epoch 213 / 2000;    current loss: 50.61192321777344
INFO Gradient norm: 208.23329881620876
PROGRESS    Completed epoch 214 / 2000;    current loss: 49.811824798583984
INFO Gradient norm: 208.38047337981104
PROGRESS    Completed epoch 215 / 2000;    current loss: 49.00600051879883
INFO Gradient norm: 208.627513603536
PROGRESS    Completed epoch 216 / 2000;    current loss: 48.19394302368164
INFO Gradient norm: 208.9008840585849
PROGRESS    Completed epoch 217 / 2000;    current loss: 47.37599563598633
INFO Gradient norm: 209.37140715755373
PROGRESS    Completed epoch 218 / 2000;    current loss: 46.55520248413086
INFO Gradient norm: 209.9128842871512
PROGRESS    Completed epoch 219 / 2000;    current loss: 45.7281608581543
INFO Gradient norm: 210.51378913618467
PROGRESS    Completed epoch 220 / 2000;    current loss: 44.89466857910156
INFO Gradient norm: 211.1612074647864
PROGRESS    Completed epoch 221 / 2000;    current loss: 44.05498504638672
INFO Gradient norm: 211.8375193402436
PROGRESS    Completed epoch 222 / 2000;    current loss: 43.20915222167969
INFO Gradient norm: 212.6355514029496
PROGRESS    Completed epoch 223 / 2000;    current loss: 42.358699798583984
INFO Gradient norm: 213.2990461976754
PROGRESS    Completed epoch 224 / 2000;    current loss: 41.50433349609375
INFO Gradient norm: 213.90301764912314
PROGRESS    Completed epoch 225 / 2000;    current loss: 40.64427185058594
INFO Gradient norm: 214.2474705508092
PROGRESS    Completed epoch 226 / 2000;    current loss: 39.779579162597656
INFO Gradient norm: 214.58010321045475
PROGRESS    Completed epoch 227 / 2000;    current loss: 38.913631439208984
INFO Gradient norm: 214.71966153818187
PROGRESS    Completed epoch 228 / 2000;    current loss: 38.043968200683594
INFO Gradient norm: 214.82925304100635
PROGRESS    Completed epoch 229 / 2000;    current loss: 37.173973083496094
INFO Gradient norm: 214.4244969721848
PROGRESS    Completed epoch 230 / 2000;    current loss: 36.30373001098633
INFO Gradient norm: 213.35166762533163
PROGRESS    Completed epoch 231 / 2000;    current loss: 35.435890197753906
INFO Gradient norm: 212.08303202396894
PROGRESS    Completed epoch 232 / 2000;    current loss: 34.571250915527344
INFO Gradient norm: 210.2980573358363
PROGRESS    Completed epoch 233 / 2000;    current loss: 33.70889663696289
INFO Gradient norm: 208.32931945880387
PROGRESS    Completed epoch 234 / 2000;    current loss: 32.857810974121094
INFO Gradient norm: 205.38547086703258
PROGRESS    Completed epoch 235 / 2000;    current loss: 32.01310348510742
INFO Gradient norm: 201.27499725227167
PROGRESS    Completed epoch 236 / 2000;    current loss: 31.173437118530273
INFO Gradient norm: 196.83710426259577
PROGRESS    Completed epoch 237 / 2000;    current loss: 30.3519344329834
INFO Gradient norm: 192.205224455581
PROGRESS    Completed epoch 238 / 2000;    current loss: 29.548974990844727
INFO Gradient norm: 186.38863129148675
PROGRESS    Completed epoch 239 / 2000;    current loss: 28.760334014892578
INFO Gradient norm: 179.68318285846365
PROGRESS    Completed epoch 240 / 2000;    current loss: 28.008161544799805
INFO Gradient norm: 173.72654013639078
PROGRESS    Completed epoch 241 / 2000;    current loss: 27.278297424316406
INFO Gradient norm: 168.62675940381592
PROGRESS    Completed epoch 242 / 2000;    current loss: 26.571773529052734
INFO Gradient norm: 165.51143769722196
PROGRESS    Completed epoch 243 / 2000;    current loss: 25.892791748046875
INFO Gradient norm: 167.27256857634654
PROGRESS    Completed epoch 244 / 2000;    current loss: 25.271440505981445
INFO Gradient norm: 171.3008960145933
PROGRESS    Completed epoch 245 / 2000;    current loss: 24.678638458251953
INFO Gradient norm: 174.8464399052786
PROGRESS    Completed epoch 246 / 2000;    current loss: 24.08185386657715
INFO Gradient norm: 174.93986275329453
PROGRESS    Completed epoch 247 / 2000;    current loss: 23.4763126373291
INFO Gradient norm: 171.42996850618948
PROGRESS    Completed epoch 248 / 2000;    current loss: 22.86686134338379
INFO Gradient norm: 163.2860499208099
PROGRESS    Completed epoch 249 / 2000;    current loss: 22.238794326782227
INFO Gradient norm: 153.8042060529577
PROGRESS    Completed epoch 250 / 2000;    current loss: 21.619647979736328
INFO Gradient norm: 144.7622024918648
PROGRESS    Completed epoch 251 / 2000;    current loss: 21.017608642578125
INFO Gradient norm: 139.13041987062556
PROGRESS    Completed epoch 252 / 2000;    current loss: 20.441789627075195
INFO Gradient norm: 138.121893574879
PROGRESS    Completed epoch 253 / 2000;    current loss: 19.893163681030273
INFO Gradient norm: 138.9111192602991
PROGRESS    Completed epoch 254 / 2000;    current loss: 19.351558685302734
INFO Gradient norm: 138.60918451235108
PROGRESS    Completed epoch 255 / 2000;    current loss: 18.80784797668457
INFO Gradient norm: 137.73443851046846
PROGRESS    Completed epoch 256 / 2000;    current loss: 18.261032104492188
INFO Gradient norm: 134.2499829978867
PROGRESS    Completed epoch 257 / 2000;    current loss: 17.70766258239746
INFO Gradient norm: 129.16320354640249
PROGRESS    Completed epoch 258 / 2000;    current loss: 17.149372100830078
INFO Gradient norm: 123.04118975618299
PROGRESS    Completed epoch 259 / 2000;    current loss: 16.596637725830078
INFO Gradient norm: 117.22794051
PROGRESS    Completed epoch 260 / 2000;    current loss: 16.050865173339844
INFO Gradient norm: 115.25371356069324
PROGRESS    Completed epoch 261 / 2000;    current loss: 15.528375625610352
INFO Gradient norm: 116.61713371509347
PROGRESS    Completed epoch 262 / 2000;    current loss: 15.02532958984375
INFO Gradient norm: 115.42807713551684
PROGRESS    Completed epoch 263 / 2000;    current loss: 14.521546363830566
INFO Gradient norm: 110.81497528051536
PROGRESS    Completed epoch 264 / 2000;    current loss: 14.021751403808594
INFO Gradient norm: 104.93344199751091
PROGRESS    Completed epoch 265 / 2000;    current loss: 13.52761459350586
INFO Gradient norm: 102.8818687778227
PROGRESS    Completed epoch 266 / 2000;    current loss: 13.046667098999023
INFO Gradient norm: 104.92835435256524
PROGRESS    Completed epoch 267 / 2000;    current loss: 12.606525421142578
INFO Gradient norm: 110.46191817437645
PROGRESS    Completed epoch 268 / 2000;    current loss: 12.22052001953125
INFO Gradient norm: 111.88173340050689
PROGRESS    Completed epoch 269 / 2000;    current loss: 11.822004318237305
INFO Gradient norm: 106.23763893723431
PROGRESS    Completed epoch 270 / 2000;    current loss: 11.414182662963867
INFO Gradient norm: 96.04668627189714
PROGRESS    Completed epoch 271 / 2000;    current loss: 10.998903274536133
INFO Gradient norm: 87.46730272757009
PROGRESS    Completed epoch 272 / 2000;    current loss: 10.590045928955078
INFO Gradient norm: 93.38074860809576
PROGRESS    Completed epoch 273 / 2000;    current loss: 10.204977989196777
INFO Gradient norm: 103.09899690263192
PROGRESS    Completed epoch 274 / 2000;    current loss: 9.8360595703125
INFO Gradient norm: 101.02459835717404
PROGRESS    Completed epoch 275 / 2000;    current loss: 9.456928253173828
INFO Gradient norm: 86.92683930801005
PROGRESS    Completed epoch 276 / 2000;    current loss: 9.065935134887695
INFO Gradient norm: 77.47265286207082
PROGRESS    Completed epoch 277 / 2000;    current loss: 8.687079429626465
INFO Gradient norm: 80.17167281556446
PROGRESS    Completed epoch 278 / 2000;    current loss: 8.332568168640137
INFO Gradient norm: 79.46704914732501
PROGRESS    Completed epoch 279 / 2000;    current loss: 7.975231170654297
INFO Gradient norm: 74.45023333511621
PROGRESS    Completed epoch 280 / 2000;    current loss: 7.622992515563965
INFO Gradient norm: 70.18696183859649
PROGRESS    Completed epoch 281 / 2000;    current loss: 7.306347370147705
INFO Gradient norm: 77.81081909896018
PROGRESS    Completed epoch 282 / 2000;    current loss: 6.998499393463135
INFO Gradient norm: 82.10909465997389
PROGRESS    Completed epoch 283 / 2000;    current loss: 6.693516254425049
INFO Gradient norm: 71.56778896316537
PROGRESS    Completed epoch 284 / 2000;    current loss: 6.3790788650512695
INFO Gradient norm: 64.58057620568
PROGRESS    Completed epoch 285 / 2000;    current loss: 6.077535152435303
INFO Gradient norm: 73.55064576120985
PROGRESS    Completed epoch 286 / 2000;    current loss: 5.807870864868164
INFO Gradient norm: 69.69253013834717
PROGRESS    Completed epoch 287 / 2000;    current loss: 5.5330400466918945
INFO Gradient norm: 58.210169201904776
PROGRESS    Completed epoch 288 / 2000;    current loss: 5.2549567222595215
INFO Gradient norm: 69.54844106382758
PROGRESS    Completed epoch 289 / 2000;    current loss: 5.005067348480225
INFO Gradient norm: 70.76915736249202
PROGRESS    Completed epoch 290 / 2000;    current loss: 4.757258892059326
INFO Gradient norm: 54.770567185536805
PROGRESS    Completed epoch 291 / 2000;    current loss: 4.499676704406738
INFO Gradient norm: 89.36494195336175
PROGRESS    Completed epoch 292 / 2000;    current loss: 4.354523658752441
INFO Gradient norm: 117.81330840123313
PROGRESS    Completed epoch 293 / 2000;    current loss: 4.216676712036133
INFO Gradient norm: 105.54214002797842
PROGRESS    Completed epoch 294 / 2000;    current loss: 4.030048370361328
INFO Gradient norm: 60.82487276427423
PROGRESS    Completed epoch 295 / 2000;    current loss: 3.8261046409606934
INFO Gradient norm: 69.38444898807205
PROGRESS    Completed epoch 296 / 2000;    current loss: 3.6747634410858154
INFO Gradient norm: 101.29198132923898
PROGRESS    Completed epoch 297 / 2000;    current loss: 3.536832571029663
INFO Gradient norm: 73.36663218056091
PROGRESS    Completed epoch 298 / 2000;    current loss: 3.3726656436920166
INFO Gradient norm: 47.040547936267636
PROGRESS    Completed epoch 299 / 2000;    current loss: 3.2100296020507812
INFO Gradient norm: 62.31806626848134
PROGRESS    Completed epoch 300 / 2000;    current loss: 3.06652569770813
INFO Gradient norm: 45.4589971965616
PROGRESS    Completed epoch 301 / 2000;    current loss: 2.909468173980713
INFO Gradient norm: 47.527737643662235
PROGRESS    Completed epoch 302 / 2000;    current loss: 2.780017852783203
INFO Gradient norm: 38.05359473550491
PROGRESS    Completed epoch 303 / 2000;    current loss: 2.6615090370178223
INFO Gradient norm: 65.22115409476932
PROGRESS    Completed epoch 304 / 2000;    current loss: 2.5580549240112305
INFO Gradient norm: 67.98332780861689
PROGRESS    Completed epoch 305 / 2000;    current loss: 2.4600274562835693
INFO Gradient norm: 35.708015212449794
PROGRESS    Completed epoch 306 / 2000;    current loss: 2.3471016883850098
INFO Gradient norm: 83.85998416590685
PROGRESS    Completed epoch 307 / 2000;    current loss: 2.2657012939453125
INFO Gradient norm: 79.25444544423345
PROGRESS    Completed epoch 308 / 2000;    current loss: 2.174009323120117
INFO Gradient norm: 32.60236981780583
PROGRESS    Completed epoch 309 / 2000;    current loss: 2.0731382369995117
INFO Gradient norm: 47.452328092791696
PROGRESS    Completed epoch 310 / 2000;    current loss: 1.9937405586242676
INFO Gradient norm: 29.283028841400146
PROGRESS    Completed epoch 311 / 2000;    current loss: 1.9101545810699463
INFO Gradient norm: 29.57897005036234
PROGRESS    Completed epoch 312 / 2000;    current loss: 1.8258705139160156
INFO Gradient norm: 33.279543701101375
PROGRESS    Completed epoch 313 / 2000;    current loss: 1.7571288347244263
INFO Gradient norm: 44.479286589179495
PROGRESS    Completed epoch 314 / 2000;    current loss: 1.699418544769287
INFO Gradient norm: 29.09626612016813
PROGRESS    Completed epoch 315 / 2000;    current loss: 1.6307449340820312
INFO Gradient norm: 59.39998411033267
PROGRESS    Completed epoch 316 / 2000;    current loss: 1.575164794921875
INFO Gradient norm: 29.464068094841284
PROGRESS    Completed epoch 317 / 2000;    current loss: 1.5128798484802246
INFO Gradient norm: 108.75693910231658
PROGRESS    Completed epoch 318 / 2000;    current loss: 1.4938251972198486
INFO Gradient norm: 118.41126813119381
PROGRESS    Completed epoch 319 / 2000;    current loss: 1.4592386484146118
INFO Gradient norm: 27.705994198228566
PROGRESS    Completed epoch 320 / 2000;    current loss: 1.3925985097885132
INFO Gradient norm: 162.45897543143508
PROGRESS    Completed epoch 321 / 2000;    current loss: 1.405908465385437
INFO Gradient norm: 191.4040212201275
PROGRESS    Completed epoch 322 / 2000;    current loss: 1.388826847076416
INFO Gradient norm: 61.84369857419195
PROGRESS    Completed epoch 323 / 2000;    current loss: 1.2988487482070923
INFO Gradient norm: 150.709134635163
PROGRESS    Completed epoch 324 / 2000;    current loss: 1.317615032196045
INFO Gradient norm: 193.64957371052822
PROGRESS    Completed epoch 325 / 2000;    current loss: 1.3272628784179688
INFO Gradient norm: 100.87345929805473
PROGRESS    Completed epoch 326 / 2000;    current loss: 1.2390669584274292
INFO Gradient norm: 121.48081422647574
PROGRESS    Completed epoch 327 / 2000;    current loss: 1.2265126705169678
INFO Gradient norm: 149.4594452519503
PROGRESS    Completed epoch 328 / 2000;    current loss: 1.2364295721054077
INFO Gradient norm: 21.969816201060915
PROGRESS    Completed epoch 329 / 2000;    current loss: 1.1918671131134033
INFO Gradient norm: 191.8571264799865
PROGRESS    Completed epoch 330 / 2000;    current loss: 1.2550232410430908
INFO Gradient norm: 227.4779753527092
PROGRESS    Completed epoch 331 / 2000;    current loss: 1.2756030559539795
INFO Gradient norm: 116.78219368514351
PROGRESS    Completed epoch 332 / 2000;    current loss: 1.1833560466766357
INFO Gradient norm: 144.72609440949745
PROGRESS    Completed epoch 333 / 2000;    current loss: 1.1833909749984741
INFO Gradient norm: 216.63630573701025
PROGRESS    Completed epoch 334 / 2000;    current loss: 1.2194743156433105
INFO Gradient norm: 104.10726885451895
PROGRESS    Completed epoch 335 / 2000;    current loss: 1.1483697891235352
INFO Gradient norm: 128.32538720627318
PROGRESS    Completed epoch 336 / 2000;    current loss: 1.1469608545303345
INFO Gradient norm: 166.3647118559433
PROGRESS    Completed epoch 337 / 2000;    current loss: 1.1565271615982056
INFO Gradient norm: 73.94743550823704
PROGRESS    Completed epoch 338 / 2000;    current loss: 1.1117751598358154
INFO Gradient norm: 156.97789540687236
PROGRESS    Completed epoch 339 / 2000;    current loss: 1.1456422805786133
INFO Gradient norm: 175.5760143988831
PROGRESS    Completed epoch 340 / 2000;    current loss: 1.160569667816162
INFO Gradient norm: 13.660347059734212
PROGRESS    Completed epoch 341 / 2000;    current loss: 1.114275574684143
INFO Gradient norm: 218.68082072246392
PROGRESS    Completed epoch 342 / 2000;    current loss: 1.2026504278182983
INFO Gradient norm: 239.41332591602392
PROGRESS    Completed epoch 343 / 2000;    current loss: 1.216278076171875
INFO Gradient norm: 89.56878987805705
PROGRESS    Completed epoch 344 / 2000;    current loss: 1.1138083934783936
INFO Gradient norm: 237.83335377006952
PROGRESS    Completed epoch 345 / 2000;    current loss: 1.1816635131835938
INFO Gradient norm: 336.97411291718396
PROGRESS    Completed epoch 346 / 2000;    current loss: 1.2625733613967896
INFO Gradient norm: 210.89553211096344
PROGRESS    Completed epoch 347 / 2000;    current loss: 1.1532891988754272
INFO Gradient norm: 82.49660457061226
PROGRESS    Completed epoch 348 / 2000;    current loss: 1.0934659242630005
INFO Gradient norm: 143.84624026488953
PROGRESS    Completed epoch 349 / 2000;    current loss: 1.115240216255188
INFO Gradient norm: 18.2463786410298
PROGRESS    Completed epoch 350 / 2000;    current loss: 1.0727993249893188
INFO Gradient norm: 261.0535719999933
PROGRESS    Completed epoch 351 / 2000;    current loss: 1.1681307554244995
INFO Gradient norm: 304.3441087433984
PROGRESS    Completed epoch 352 / 2000;    current loss: 1.1992087364196777
INFO Gradient norm: 125.65978774660739
PROGRESS    Completed epoch 353 / 2000;    current loss: 1.0804680585861206
INFO Gradient norm: 193.30083154768508
PROGRESS    Completed epoch 354 / 2000;    current loss: 1.1258479356765747
INFO Gradient norm: 264.8197503766769
PROGRESS    Completed epoch 355 / 2000;    current loss: 1.188205599784851
INFO Gradient norm: 147.31123403883643
PROGRESS    Completed epoch 356 / 2000;    current loss: 1.0952919721603394
INFO Gradient norm: 162.20487266831122
PROGRESS    Completed epoch 357 / 2000;    current loss: 1.0944862365722656
INFO Gradient norm: 228.44042431674765
PROGRESS    Completed epoch 358 / 2000;    current loss: 1.1347908973693848
INFO Gradient norm: 72.32286379530107
PROGRESS    Completed epoch 359 / 2000;    current loss: 1.0646469593048096
INFO Gradient norm: 210.86183509172457
PROGRESS    Completed epoch 360 / 2000;    current loss: 1.1332120895385742
INFO Gradient norm: 258.3397988913263
PROGRESS    Completed epoch 361 / 2000;    current loss: 1.1717100143432617
INFO Gradient norm: 135.74251728908476
PROGRESS    Completed epoch 362 / 2000;    current loss: 1.0801759958267212
INFO Gradient norm: 173.56978193888062
PROGRESS    Completed epoch 363 / 2000;    current loss: 1.095216989517212
INFO Gradient norm: 241.07021857576908
PROGRESS    Completed epoch 364 / 2000;    current loss: 1.1400647163391113
INFO Gradient norm: 78.69409442721776
PROGRESS    Completed epoch 365 / 2000;    current loss: 1.0643713474273682
INFO Gradient norm: 217.66188598723076
PROGRESS    Completed epoch 366 / 2000;    current loss: 1.1396186351776123
INFO Gradient norm: 267.8156170503623
PROGRESS    Completed epoch 367 / 2000;    current loss: 1.1834335327148438
INFO Gradient norm: 142.8166874885148
PROGRESS    Completed epoch 368 / 2000;    current loss: 1.0873523950576782
INFO Gradient norm: 176.7146702977997
PROGRESS    Completed epoch 369 / 2000;    current loss: 1.0991668701171875
INFO Gradient norm: 251.94561319306416
PROGRESS    Completed epoch 370 / 2000;    current loss: 1.1487799882888794
INFO Gradient norm: 95.7854053556578
PROGRESS    Completed epoch 371 / 2000;    current loss: 1.0677932500839233
INFO Gradient norm: 210.1830770681344
PROGRESS    Completed epoch 372 / 2000;    current loss: 1.1339350938796997
INFO Gradient norm: 266.47393780823893
PROGRESS    Completed epoch 373 / 2000;    current loss: 1.1839368343353271
INFO Gradient norm: 135.9565536027686
PROGRESS    Completed epoch 374 / 2000;    current loss: 1.0850436687469482
INFO Gradient norm: 167.91252364747558
PROGRESS    Completed epoch 375 / 2000;    current loss: 1.1008975505828857
INFO Gradient norm: 226.7813892117042
PROGRESS    Completed epoch 376 / 2000;    current loss: 1.1413791179656982
INFO Gradient norm: 62.1774736770603
PROGRESS    Completed epoch 377 / 2000;    current loss: 1.0730693340301514
INFO Gradient norm: 230.00932299325245
PROGRESS    Completed epoch 378 / 2000;    current loss: 1.1599503755569458
INFO Gradient norm: 279.74885478951535
PROGRESS    Completed epoch 379 / 2000;    current loss: 1.2057737112045288
INFO Gradient norm: 141.69090231607382
PROGRESS    Completed epoch 380 / 2000;    current loss: 1.0939024686813354
INFO Gradient norm: 190.1911038460482
PROGRESS    Completed epoch 381 / 2000;    current loss: 1.1119834184646606
INFO Gradient norm: 277.00162264244335
PROGRESS    Completed epoch 382 / 2000;    current loss: 1.1709363460540771
INFO Gradient norm: 130.4787363091156
PROGRESS    Completed epoch 383 / 2000;    current loss: 1.0786582231521606
INFO Gradient norm: 178.25812195044975
PROGRESS    Completed epoch 384 / 2000;    current loss: 1.107954740524292
INFO Gradient norm: 237.67738115215988
PROGRESS    Completed epoch 385 / 2000;    current loss: 1.153369426727295
INFO Gradient norm: 105.36702149466979
PROGRESS    Completed epoch 386 / 2000;    current loss: 1.0673483610153198
INFO Gradient norm: 208.216815077389
PROGRESS    Completed epoch 387 / 2000;    current loss: 1.117427110671997
INFO Gradient norm: 259.93617342352394
PROGRESS    Completed epoch 388 / 2000;    current loss: 1.1598169803619385
INFO Gradient norm: 80.20334946445291
PROGRESS    Completed epoch 389 / 2000;    current loss: 1.0732090473175049
INFO Gradient norm: 231.75320201989334
PROGRESS    Completed epoch 390 / 2000;    current loss: 1.161033272743225
INFO Gradient norm: 290.3915359983344
PROGRESS    Completed epoch 391 / 2000;    current loss: 1.2186635732650757
INFO Gradient norm: 159.9238820643273
PROGRESS    Completed epoch 392 / 2000;    current loss: 1.1068569421768188
INFO Gradient norm: 164.45321988417354
PROGRESS    Completed epoch 393 / 2000;    current loss: 1.103224277496338
INFO Gradient norm: 238.82531065743746
PROGRESS    Completed epoch 394 / 2000;    current loss: 1.1499148607254028
INFO Gradient norm: 77.26290683170589
PROGRESS    Completed epoch 395 / 2000;    current loss: 1.074703335762024
INFO Gradient norm: 221.71340679166687
PROGRESS    Completed epoch 396 / 2000;    current loss: 1.1514602899551392
INFO Gradient norm: 268.1981699235931
PROGRESS    Completed epoch 397 / 2000;    current loss: 1.190882682800293
INFO Gradient norm: 118.92922159941807
PROGRESS    Completed epoch 398 / 2000;    current loss: 1.07762610912323
INFO Gradient norm: 233.34534921967682
PROGRESS    Completed epoch 399 / 2000;    current loss: 1.1308019161224365
INFO Gradient norm: 310.2911591715467
PROGRESS    Completed epoch 400 / 2000;    current loss: 1.194333553314209
INFO Gradient norm: 140.62454521210938
PROGRESS    Completed epoch 401 / 2000;    current loss: 1.082881212234497
INFO Gradient norm: 189.4171353427506
PROGRESS    Completed epoch 402 / 2000;    current loss: 1.1208890676498413
INFO Gradient norm: 262.228414923308
PROGRESS    Completed epoch 403 / 2000;    current loss: 1.185761570930481
INFO Gradient norm: 139.48220510326829
PROGRESS    Completed epoch 404 / 2000;    current loss: 1.0949374437332153
INFO Gradient norm: 181.83825937537915
PROGRESS    Completed epoch 405 / 2000;    current loss: 1.1122735738754272
INFO Gradient norm: 255.06588384254408
PROGRESS    Completed epoch 406 / 2000;    current loss: 1.1613495349884033
INFO Gradient norm: 95.1005643252204
PROGRESS    Completed epoch 407 / 2000;    current loss: 1.0774880647659302
INFO Gradient norm: 209.54414307897463
PROGRESS    Completed epoch 408 / 2000;    current loss: 1.140235424041748
INFO Gradient norm: 263.84998277759337
PROGRESS    Completed epoch 409 / 2000;    current loss: 1.1862964630126953
INFO Gradient norm: 125.66735620278652
PROGRESS    Completed epoch 410 / 2000;    current loss: 1.0820835828781128
INFO Gradient norm: 208.008390783657
PROGRESS    Completed epoch 411 / 2000;    current loss: 1.1181646585464478
INFO Gradient norm: 276.7851823824049
PROGRESS    Completed epoch 412 / 2000;    current loss: 1.1698466539382935
INFO Gradient norm: 113.95345002698828
PROGRESS    Completed epoch 413 / 2000;    current loss: 1.0745339393615723
INFO Gradient norm: 205.52870263451064
PROGRESS    Completed epoch 414 / 2000;    current loss: 1.1326496601104736
INFO Gradient norm: 273.1702585802671
PROGRESS    Completed epoch 415 / 2000;    current loss: 1.1955363750457764
INFO Gradient norm: 149.17835520293625
PROGRESS    Completed epoch 416 / 2000;    current loss: 1.096903920173645
INFO Gradient norm: 169.6930286491263
PROGRESS    Completed epoch 417 / 2000;    current loss: 1.1018955707550049
INFO Gradient norm: 244.61058189927363
PROGRESS    Completed epoch 418 / 2000;    current loss: 1.149176001548767
INFO Gradient norm: 89.69473237053406
PROGRESS    Completed epoch 419 / 2000;    current loss: 1.0700998306274414
INFO Gradient norm: 203.81491329724662
PROGRESS    Completed epoch 420 / 2000;    current loss: 1.12821364402771
INFO Gradient norm: 272.97210143432744
PROGRESS    Completed epoch 421 / 2000;    current loss: 1.1930971145629883
INFO Gradient norm: 148.68186085776404
PROGRESS    Completed epoch 422 / 2000;    current loss: 1.095037579536438
INFO Gradient norm: 172.93312431283954
PROGRESS    Completed epoch 423 / 2000;    current loss: 1.102188229560852
INFO Gradient norm: 246.8121992075912
PROGRESS    Completed epoch 424 / 2000;    current loss: 1.15054190158844
INFO Gradient norm: 87.08395366335523
PROGRESS    Completed epoch 425 / 2000;    current loss: 1.0713123083114624
INFO Gradient norm: 211.38077891406925
PROGRESS    Completed epoch 426 / 2000;    current loss: 1.138028621673584
INFO Gradient norm: 259.73900039952883
PROGRESS    Completed epoch 427 / 2000;    current loss: 1.177980899810791
INFO Gradient norm: 124.18585131626034
PROGRESS    Completed epoch 428 / 2000;    current loss: 1.0785266160964966
INFO Gradient norm: 186.04701477026816
PROGRESS    Completed epoch 429 / 2000;    current loss: 1.108949065208435
INFO Gradient norm: 252.83027193295678
PROGRESS    Completed epoch 430 / 2000;    current loss: 1.1566541194915771
INFO Gradient norm: 91.4972064481755
PROGRESS    Completed epoch 431 / 2000;    current loss: 1.0745912790298462
INFO Gradient norm: 206.85543559503768
PROGRESS    Completed epoch 432 / 2000;    current loss: 1.1363630294799805
INFO Gradient norm: 259.60965674037635
PROGRESS    Completed epoch 433 / 2000;    current loss: 1.1807663440704346
INFO Gradient norm: 123.24692290011875
PROGRESS    Completed epoch 434 / 2000;    current loss: 1.079758644104004
INFO Gradient norm: 206.75723759505513
PROGRESS    Completed epoch 435 / 2000;    current loss: 1.1167916059494019
INFO Gradient norm: 290.58556572282544
PROGRESS    Completed epoch 436 / 2000;    current loss: 1.1775164604187012
INFO Gradient norm: 141.38134208828177
PROGRESS    Completed epoch 437 / 2000;    current loss: 1.0776042938232422
INFO Gradient norm: 168.84980421059072
PROGRESS    Completed epoch 438 / 2000;    current loss: 1.0966193675994873
INFO Gradient norm: 230.05057779955303
PROGRESS    Completed epoch 439 / 2000;    current loss: 1.1417820453643799
INFO Gradient norm: 100.60630234608209
PROGRESS    Completed epoch 440 / 2000;    current loss: 1.0597343444824219
INFO Gradient norm: 221.41429094299545
PROGRESS    Completed epoch 441 / 2000;    current loss: 1.1170710325241089
INFO Gradient norm: 296.8286455136271
PROGRESS    Completed epoch 442 / 2000;    current loss: 1.1750577688217163
INFO Gradient norm: 140.31299665452224
PROGRESS    Completed epoch 443 / 2000;    current loss: 1.0694077014923096
INFO Gradient norm: 174.4060629661451
PROGRESS    Completed epoch 444 / 2000;    current loss: 1.0937788486480713
INFO Gradient norm: 239.8427150698344
PROGRESS    Completed epoch 445 / 2000;    current loss: 1.145432472229004
INFO Gradient norm: 115.35474842867775
PROGRESS    Completed epoch 446 / 2000;    current loss: 1.060228705406189
INFO Gradient norm: 191.87750266765912
PROGRESS    Completed epoch 447 / 2000;    current loss: 1.095626950263977
INFO Gradient norm: 227.77860846958419
PROGRESS    Completed epoch 448 / 2000;    current loss: 1.1281551122665405
INFO Gradient norm: 40.18859501573385
PROGRESS    Completed epoch 449 / 2000;    current loss: 1.0599033832550049
INFO Gradient norm: 263.44418387670237
PROGRESS    Completed epoch 450 / 2000;    current loss: 1.1888705492019653
INFO Gradient norm: 319.065116358014
PROGRESS    Completed epoch 451 / 2000;    current loss: 1.2527052164077759
INFO Gradient norm: 184.10144266631977
PROGRESS    Completed epoch 452 / 2000;    current loss: 1.1195188760757446
INFO Gradient norm: 147.0467657516789
PROGRESS    Completed epoch 453 / 2000;    current loss: 1.0887413024902344
INFO Gradient norm: 228.67232098461074
PROGRESS    Completed epoch 454 / 2000;    current loss: 1.136091947555542
INFO Gradient norm: 77.81828204659071
PROGRESS    Completed epoch 455 / 2000;    current loss: 1.0662381649017334
INFO Gradient norm: 210.2613459534879
PROGRESS    Completed epoch 456 / 2000;    current loss: 1.1341454982757568
INFO Gradient norm: 251.51556564710378
PROGRESS    Completed epoch 457 / 2000;    current loss: 1.1661399602890015
INFO Gradient norm: 100.37649886760045
PROGRESS    Completed epoch 458 / 2000;    current loss: 1.059579610824585
INFO Gradient norm: 231.15144183915174
PROGRESS    Completed epoch 459 / 2000;    current loss: 1.1240737438201904
INFO Gradient norm: 265.9817952900407
PROGRESS    Completed epoch 460 / 2000;    current loss: 1.1629202365875244
INFO Gradient norm: 79.76025783995478
PROGRESS    Completed epoch 461 / 2000;    current loss: 1.0753687620162964
INFO Gradient norm: 232.04506021573843
PROGRESS    Completed epoch 462 / 2000;    current loss: 1.1673152446746826
INFO Gradient norm: 297.50599612432586
PROGRESS    Completed epoch 463 / 2000;    current loss: 1.2365424633026123
INFO Gradient norm: 174.84903775722174
PROGRESS    Completed epoch 464 / 2000;    current loss: 1.127741813659668
INFO Gradient norm: 140.68166605066625
PROGRESS    Completed epoch 465 / 2000;    current loss: 1.1050089597702026
INFO Gradient norm: 217.42429623028593
PROGRESS    Completed epoch 466 / 2000;    current loss: 1.1479692459106445
INFO Gradient norm: 67.53126593488494
PROGRESS    Completed epoch 467 / 2000;    current loss: 1.0834009647369385
INFO Gradient norm: 215.59392159048613
PROGRESS    Completed epoch 468 / 2000;    current loss: 1.1544766426086426
INFO Gradient norm: 257.3656051075261
PROGRESS    Completed epoch 469 / 2000;    current loss: 1.1869136095046997
INFO Gradient norm: 111.53903790283637
PROGRESS    Completed epoch 470 / 2000;    current loss: 1.0811197757720947
INFO Gradient norm: 227.85381774517387
PROGRESS    Completed epoch 471 / 2000;    current loss: 1.1350891590118408
INFO Gradient norm: 319.3636478780499
PROGRESS    Completed epoch 472 / 2000;    current loss: 1.206176996231079
INFO Gradient norm: 174.89213798859564
PROGRESS    Completed epoch 473 / 2000;    current loss: 1.0954914093017578
INFO Gradient norm: 134.2960829972515
PROGRESS    Completed epoch 474 / 2000;    current loss: 1.0772322416305542
INFO Gradient norm: 193.9434965260729
PROGRESS    Completed epoch 475 / 2000;    current loss: 1.111627459526062
INFO Gradient norm: 61.91858161104696
PROGRESS    Completed epoch 476 / 2000;    current loss: 1.0462594032287598
INFO Gradient norm: 252.795652853034
PROGRESS    Completed epoch 477 / 2000;    current loss: 1.1353806257247925
INFO Gradient norm: 315.65277989927307
PROGRESS    Completed epoch 478 / 2000;    current loss: 1.1862475872039795
INFO Gradient norm: 148.67703029350093
PROGRESS    Completed epoch 479 / 2000;    current loss: 1.0661373138427734
INFO Gradient norm: 173.6984666512723
PROGRESS    Completed epoch 480 / 2000;    current loss: 1.0855616331100464
INFO Gradient norm: 245.37976969075245
PROGRESS    Completed epoch 481 / 2000;    current loss: 1.1421449184417725
INFO Gradient norm: 127.89876410480448
PROGRESS    Completed epoch 482 / 2000;    current loss: 1.0566740036010742
INFO Gradient norm: 167.12086984002127
PROGRESS    Completed epoch 483 / 2000;    current loss: 1.0737742185592651
INFO Gradient norm: 220.98243569713208
PROGRESS    Completed epoch 484 / 2000;    current loss: 1.1093921661376953
INFO Gradient norm: 52.53510552790474
PROGRESS    Completed epoch 485 / 2000;    current loss: 1.041624903678894
INFO Gradient norm: 239.15831961102637
PROGRESS    Completed epoch 486 / 2000;    current loss: 1.1411381959915161
INFO Gradient norm: 289.8636093449645
PROGRESS    Completed epoch 487 / 2000;    current loss: 1.190688133239746
INFO Gradient norm: 157.11107211418982
PROGRESS    Completed epoch 488 / 2000;    current loss: 1.0728727579116821
INFO Gradient norm: 154.3841007825067
PROGRESS    Completed epoch 489 / 2000;    current loss: 1.0649166107177734
INFO Gradient norm: 216.69494973035344
PROGRESS    Completed epoch 490 / 2000;    current loss: 1.1040773391723633
INFO Gradient norm: 52.59707767804532
PROGRESS    Completed epoch 491 / 2000;    current loss: 1.040290117263794
INFO Gradient norm: 233.4480237143111
PROGRESS    Completed epoch 492 / 2000;    current loss: 1.136777639389038
INFO Gradient norm: 270.5721770934084
PROGRESS    Completed epoch 493 / 2000;    current loss: 1.1729265451431274
INFO Gradient norm: 118.85400157622641
PROGRESS    Completed epoch 494 / 2000;    current loss: 1.0578933954238892
INFO Gradient norm: 205.09960198229527
PROGRESS    Completed epoch 495 / 2000;    current loss: 1.1026631593704224
INFO Gradient norm: 269.87315625079134
PROGRESS    Completed epoch 496 / 2000;    current loss: 1.1579684019088745
INFO Gradient norm: 108.38746257083507
PROGRESS    Completed epoch 497 / 2000;    current loss: 1.0712147951126099
INFO Gradient norm: 205.15289179884974
PROGRESS    Completed epoch 498 / 2000;    current loss: 1.1355022192001343
INFO Gradient norm: 271.4491932475953
PROGRESS    Completed epoch 499 / 2000;    current loss: 1.2006585597991943
INFO Gradient norm: 148.46962363233732
PROGRESS    Completed epoch 500 / 2000;    current loss: 1.1061052083969116
INFO Gradient norm: 167.22735902730764
PROGRESS    Completed epoch 501 / 2000;    current loss: 1.113642692565918
INFO Gradient norm: 230.51620507744659
PROGRESS    Completed epoch 502 / 2000;    current loss: 1.158042311668396
INFO Gradient norm: 67.7305966533423
PROGRESS    Completed epoch 503 / 2000;    current loss: 1.0887277126312256
INFO Gradient norm: 227.12622180417313
PROGRESS    Completed epoch 504 / 2000;    current loss: 1.173505425453186
INFO Gradient norm: 277.74587338833607
PROGRESS    Completed epoch 505 / 2000;    current loss: 1.2206432819366455
INFO Gradient norm: 141.48472330204396
PROGRESS    Completed epoch 506 / 2000;    current loss: 1.1110999584197998
INFO Gradient norm: 188.85620228473485
PROGRESS    Completed epoch 507 / 2000;    current loss: 1.1295207738876343
INFO Gradient norm: 272.7248644033182
PROGRESS    Completed epoch 508 / 2000;    current loss: 1.1872833967208862
INFO Gradient norm: 123.516499728841
PROGRESS    Completed epoch 509 / 2000;    current loss: 1.0966286659240723
INFO Gradient norm: 186.9069894671141
PROGRESS    Completed epoch 510 / 2000;    current loss: 1.1357983350753784
INFO Gradient norm: 247.26708384250017
PROGRESS    Completed epoch 511 / 2000;    current loss: 1.1850697994232178
INFO Gradient norm: 115.59769318711
PROGRESS    Completed epoch 512 / 2000;    current loss: 1.094613790512085
INFO Gradient norm: 212.0607647176996
PROGRESS    Completed epoch 513 / 2000;    current loss: 1.1399469375610352
INFO Gradient norm: 292.32849753746444
PROGRESS    Completed epoch 514 / 2000;    current loss: 1.2001503705978394
INFO Gradient norm: 139.10371856363528
PROGRESS    Completed epoch 515 / 2000;    current loss: 1.0991714000701904
INFO Gradient norm: 175.46149064877548
PROGRESS    Completed epoch 516 / 2000;    current loss: 1.1244231462478638
INFO Gradient norm: 238.80837044935254
PROGRESS    Completed epoch 517 / 2000;    current loss: 1.1738572120666504
INFO Gradient norm: 109.74716174007685
PROGRESS    Completed epoch 518 / 2000;    current loss: 1.0887314081192017
INFO Gradient norm: 214.83197238081723
PROGRESS    Completed epoch 519 / 2000;    current loss: 1.138501524925232
INFO Gradient norm: 292.4480731611426
PROGRESS    Completed epoch 520 / 2000;    current loss: 1.197252869606018
INFO Gradient norm: 137.67637743959705
PROGRESS    Completed epoch 521 / 2000;    current loss: 1.0952962636947632
INFO Gradient norm: 177.25108206585213
PROGRESS    Completed epoch 522 / 2000;    current loss: 1.1225056648254395
INFO Gradient norm: 241.5406460029041
PROGRESS    Completed epoch 523 / 2000;    current loss: 1.1734988689422607
INFO Gradient norm: 114.09369876007696
PROGRESS    Completed epoch 524 / 2000;    current loss: 1.0873844623565674
INFO Gradient norm: 207.98740499201497
PROGRESS    Completed epoch 525 / 2000;    current loss: 1.1311074495315552
INFO Gradient norm: 284.5689914832358
PROGRESS    Completed epoch 526 / 2000;    current loss: 1.187718152999878
INFO Gradient norm: 130.2632401955256
PROGRESS    Completed epoch 527 / 2000;    current loss: 1.0891687870025635
INFO Gradient norm: 182.87598999208595
PROGRESS    Completed epoch 528 / 2000;    current loss: 1.1234300136566162
INFO Gradient norm: 246.76514532570144
PROGRESS    Completed epoch 529 / 2000;    current loss: 1.175719141960144
INFO Gradient norm: 119.96407486116884
PROGRESS    Completed epoch 530 / 2000;    current loss: 1.0869029760360718
INFO Gradient norm: 200.49007986074648
PROGRESS    Completed epoch 531 / 2000;    current loss: 1.1234976053237915
INFO Gradient norm: 277.002397686331
PROGRESS    Completed epoch 532 / 2000;    current loss: 1.1786370277404785
INFO Gradient norm: 123.96280498098255
PROGRESS    Completed epoch 533 / 2000;    current loss: 1.0836708545684814
INFO Gradient norm: 186.946703616914
PROGRESS    Completed epoch 534 / 2000;    current loss: 1.123421549797058
INFO Gradient norm: 250.0352090470118
PROGRESS    Completed epoch 535 / 2000;    current loss: 1.176149606704712
INFO Gradient norm: 123.39286082501688
PROGRESS    Completed epoch 536 / 2000;    current loss: 1.0854341983795166
INFO Gradient norm: 196.017575543263
PROGRESS    Completed epoch 537 / 2000;    current loss: 1.1178090572357178
INFO Gradient norm: 272.64871874748394
PROGRESS    Completed epoch 538 / 2000;    current loss: 1.172281265258789
INFO Gradient norm: 120.85108447414198
PROGRESS    Completed epoch 539 / 2000;    current loss: 1.0793758630752563
INFO Gradient norm: 188.22409201359005
PROGRESS    Completed epoch 540 / 2000;    current loss: 1.121380090713501
INFO Gradient norm: 250.63292240796477
PROGRESS    Completed epoch 541 / 2000;    current loss: 1.1739767789840698
INFO Gradient norm: 124.12507194630058
PROGRESS    Completed epoch 542 / 2000;    current loss: 1.082674264907837
INFO Gradient norm: 194.30695829445233
PROGRESS    Completed epoch 543 / 2000;    current loss: 1.1138195991516113
INFO Gradient norm: 271.0005395607963
PROGRESS    Completed epoch 544 / 2000;    current loss: 1.1681047677993774
INFO Gradient norm: 120.11204737708276
PROGRESS    Completed epoch 545 / 2000;    current loss: 1.0760129690170288
INFO Gradient norm: 187.53212932285206
PROGRESS    Completed epoch 546 / 2000;    current loss: 1.117957592010498
INFO Gradient norm: 249.56885705506318
PROGRESS    Completed epoch 547 / 2000;    current loss: 1.1701496839523315
INFO Gradient norm: 123.34812979252106
PROGRESS    Completed epoch 548 / 2000;    current loss: 1.0792421102523804
INFO Gradient norm: 193.7523417931376
PROGRESS    Completed epoch 549 / 2000;    current loss: 1.1105366945266724
INFO Gradient norm: 265.52959733744643
PROGRESS    Completed epoch 550 / 2000;    current loss: 1.162009835243225
INFO Gradient norm: 112.53166010952019
PROGRESS    Completed epoch 551 / 2000;    current loss: 1.0719635486602783
INFO Gradient norm: 194.38456244017917
PROGRESS    Completed epoch 552 / 2000;    current loss: 1.1223093271255493
INFO Gradient norm: 257.58083135210745
PROGRESS    Completed epoch 553 / 2000;    current loss: 1.1782536506652832
INFO Gradient norm: 134.35555420972568
PROGRESS    Completed epoch 554 / 2000;    current loss: 1.0849336385726929
INFO Gradient norm: 178.20806011074563
PROGRESS    Completed epoch 555 / 2000;    current loss: 1.1024961471557617
INFO Gradient norm: 253.07428851087613
PROGRESS    Completed epoch 556 / 2000;    current loss: 1.152563452720642
INFO Gradient norm: 104.1812281894435
PROGRESS    Completed epoch 557 / 2000;    current loss: 1.0688323974609375
INFO Gradient norm: 195.76530115588616
PROGRESS    Completed epoch 558 / 2000;    current loss: 1.1219745874404907
INFO Gradient norm: 254.32001959391522
PROGRESS    Completed epoch 559 / 2000;    current loss: 1.1726419925689697
INFO Gradient norm: 127.47023285249753
PROGRESS    Completed epoch 560 / 2000;    current loss: 1.0779569149017334
INFO Gradient norm: 188.31761578012615
PROGRESS    Completed epoch 561 / 2000;    current loss: 1.1039979457855225
INFO Gradient norm: 266.02111467677304
PROGRESS    Completed epoch 562 / 2000;    current loss: 1.1580835580825806
INFO Gradient norm: 119.23742667824318
PROGRESS    Completed epoch 563 / 2000;    current loss: 1.0684772729873657
INFO Gradient norm: 182.89580424573057
PROGRESS    Completed epoch 564 / 2000;    current loss: 1.1074962615966797
INFO Gradient norm: 243.13057846270078
PROGRESS    Completed epoch 565 / 2000;    current loss: 1.1571009159088135
INFO Gradient norm: 117.70371840973974
PROGRESS    Completed epoch 566 / 2000;    current loss: 1.068861484527588
INFO Gradient norm: 196.3560261733038
PROGRESS    Completed epoch 567 / 2000;    current loss: 1.104695439338684
INFO Gradient norm: 272.0174831987121
PROGRESS    Completed epoch 568 / 2000;    current loss: 1.1592674255371094
INFO Gradient norm: 113.93725449965721
PROGRESS    Completed epoch 569 / 2000;    current loss: 1.065646767616272
INFO Gradient norm: 198.49108670090666
PROGRESS    Completed epoch 570 / 2000;    current loss: 1.121401071548462
INFO Gradient norm: 263.622205795343
PROGRESS    Completed epoch 571 / 2000;    current loss: 1.181686282157898
INFO Gradient norm: 139.5547982809645
PROGRESS    Completed epoch 572 / 2000;    current loss: 1.0841797590255737
INFO Gradient norm: 177.1049220236491
PROGRESS    Completed epoch 573 / 2000;    current loss: 1.0972871780395508
INFO Gradient norm: 253.6177724648968
PROGRESS    Completed epoch 574 / 2000;    current loss: 1.148410439491272
INFO Gradient norm: 102.84198368842888
PROGRESS    Completed epoch 575 / 2000;    current loss: 1.064712405204773
INFO Gradient norm: 200.53559389089762
PROGRESS    Completed epoch 576 / 2000;    current loss: 1.123602271080017
INFO Gradient norm: 258.77731002862544
PROGRESS    Completed epoch 577 / 2000;    current loss: 1.1753740310668945
INFO Gradient norm: 128.167596471473
PROGRESS    Completed epoch 578 / 2000;    current loss: 1.075884461402893
INFO Gradient norm: 195.6715395194938
PROGRESS    Completed epoch 579 / 2000;    current loss: 1.1042554378509521
INFO Gradient norm: 277.04606713676844
PROGRESS    Completed epoch 580 / 2000;    current loss: 1.1624351739883423
INFO Gradient norm: 128.158287224715
PROGRESS    Completed epoch 581 / 2000;    current loss: 1.0682590007781982
INFO Gradient norm: 179.71970226647576
PROGRESS    Completed epoch 582 / 2000;    current loss: 1.1028952598571777
INFO Gradient norm: 240.28051588914886
PROGRESS    Completed epoch 583 / 2000;    current loss: 1.1519285440444946
INFO Gradient norm: 110.38853106878649
PROGRESS    Completed epoch 584 / 2000;    current loss: 1.063015103340149
INFO Gradient norm: 213.56788202231513
PROGRESS    Completed epoch 585 / 2000;    current loss: 1.1109405755996704
INFO Gradient norm: 293.0904699565883
PROGRESS    Completed epoch 586 / 2000;    current loss: 1.1717257499694824
INFO Gradient norm: 141.25764824051436
PROGRESS    Completed epoch 587 / 2000;    current loss: 1.0695831775665283
INFO Gradient norm: 170.2650756645923
PROGRESS    Completed epoch 588 / 2000;    current loss: 1.0925542116165161
INFO Gradient norm: 232.99902773176018
PROGRESS    Completed epoch 589 / 2000;    current loss: 1.1413350105285645
INFO Gradient norm: 104.49780035281063
PROGRESS    Completed epoch 590 / 2000;    current loss: 1.0570160150527954
INFO Gradient norm: 218.19874608360104
PROGRESS    Completed epoch 591 / 2000;    current loss: 1.1105711460113525
INFO Gradient norm: 295.9882500950027
PROGRESS    Completed epoch 592 / 2000;    current loss: 1.1709167957305908
INFO Gradient norm: 142.5080597560347
PROGRESS    Completed epoch 593 / 2000;    current loss: 1.0669832229614258
INFO Gradient norm: 170.2977088756233
PROGRESS    Completed epoch 594 / 2000;    current loss: 1.0894652605056763
INFO Gradient norm: 233.99620072326712
PROGRESS    Completed epoch 595 / 2000;    current loss: 1.1392236948013306
INFO Gradient norm: 106.46642513266316
PROGRESS    Completed epoch 596 / 2000;    current loss: 1.0549540519714355
INFO Gradient norm: 213.14209702938473
PROGRESS    Completed epoch 597 / 2000;    current loss: 1.1046907901763916
INFO Gradient norm: 286.5619858918541
PROGRESS    Completed epoch 598 / 2000;    current loss: 1.1607365608215332
INFO Gradient norm: 129.6419690410665
PROGRESS    Completed epoch 599 / 2000;    current loss: 1.0606696605682373
INFO Gradient norm: 184.96916808677778
PROGRESS    Completed epoch 600 / 2000;    current loss: 1.0995845794677734
INFO Gradient norm: 250.18277235056883
PROGRESS    Completed epoch 601 / 2000;    current loss: 1.1551698446273804
INFO Gradient norm: 124.28841768656758
PROGRESS    Completed epoch 602 / 2000;    current loss: 1.0637505054473877
INFO Gradient norm: 195.78616434020898
PROGRESS    Completed epoch 603 / 2000;    current loss: 1.0941884517669678
INFO Gradient norm: 264.12216209095055
PROGRESS    Completed epoch 604 / 2000;    current loss: 1.1442441940307617
INFO Gradient norm: 108.83273017418436
PROGRESS    Completed epoch 605 / 2000;    current loss: 1.055698037147522
INFO Gradient norm: 199.56553297673085
PROGRESS    Completed epoch 606 / 2000;    current loss: 1.1125454902648926
INFO Gradient norm: 264.4931894731123
PROGRESS    Completed epoch 607 / 2000;    current loss: 1.1721034049987793
INFO Gradient norm: 142.78505531112853
PROGRESS    Completed epoch 608 / 2000;    current loss: 1.0771524906158447
INFO Gradient norm: 168.3662186612655
PROGRESS    Completed epoch 609 / 2000;    current loss: 1.0847933292388916
INFO Gradient norm: 242.7425414708605
PROGRESS    Completed epoch 610 / 2000;    current loss: 1.1323018074035645
INFO Gradient norm: 93.84823951988163
PROGRESS    Completed epoch 611 / 2000;    current loss: 1.0545697212219238
INFO Gradient norm: 199.24002875507188
PROGRESS    Completed epoch 612 / 2000;    current loss: 1.1121044158935547
INFO Gradient norm: 252.4240612914605
PROGRESS    Completed epoch 613 / 2000;    current loss: 1.156646490097046
INFO Gradient norm: 120.24420934959718
PROGRESS    Completed epoch 614 / 2000;    current loss: 1.059830665588379
INFO Gradient norm: 188.36643873182794
PROGRESS    Completed epoch 615 / 2000;    current loss: 1.0907485485076904
INFO Gradient norm: 252.60276214526982
PROGRESS    Completed epoch 616 / 2000;    current loss: 1.1371848583221436
INFO Gradient norm: 85.30814731136373
PROGRESS    Completed epoch 617 / 2000;    current loss: 1.0545225143432617
INFO Gradient norm: 215.05887887322706
PROGRESS    Completed epoch 618 / 2000;    current loss: 1.129643440246582
INFO Gradient norm: 272.2510178318145
PROGRESS    Completed epoch 619 / 2000;    current loss: 1.1834050416946411
INFO Gradient norm: 142.1388228303639
PROGRESS    Completed epoch 620 / 2000;    current loss: 1.0776984691619873
INFO Gradient norm: 159.31080808590693
PROGRESS    Completed epoch 621 / 2000;    current loss: 1.0843675136566162
INFO Gradient norm: 211.8380807065517
PROGRESS    Completed epoch 622 / 2000;    current loss: 1.121824860572815
INFO Gradient norm: 48.80184952059619
PROGRESS    Completed epoch 623 / 2000;    current loss: 1.0616860389709473
INFO Gradient norm: 238.88783300955004
PROGRESS    Completed epoch 624 / 2000;    current loss: 1.1625139713287354
INFO Gradient norm: 290.7465431039937
PROGRESS    Completed epoch 625 / 2000;    current loss: 1.2149884700775146
INFO Gradient norm: 159.9092183873359
PROGRESS    Completed epoch 626 / 2000;    current loss: 1.1010043621063232
INFO Gradient norm: 159.1820082068473
PROGRESS    Completed epoch 627 / 2000;    current loss: 1.093604326248169
INFO Gradient norm: 239.38793643798402
PROGRESS    Completed epoch 628 / 2000;    current loss: 1.1425508260726929
INFO Gradient norm: 96.13054634528275
PROGRESS    Completed epoch 629 / 2000;    current loss: 1.0681591033935547
INFO Gradient norm: 191.45857775810742
PROGRESS    Completed epoch 630 / 2000;    current loss: 1.116976261138916
INFO Gradient norm: 241.12457361051062
PROGRESS    Completed epoch 631 / 2000;    current loss: 1.1551367044448853
INFO Gradient norm: 106.19622921015741
PROGRESS    Completed epoch 632 / 2000;    current loss: 1.064286231994629
INFO Gradient norm: 217.16491274093846
PROGRESS    Completed epoch 633 / 2000;    current loss: 1.1158539056777954
INFO Gradient norm: 300.3858102652023
PROGRESS    Completed epoch 634 / 2000;    current loss: 1.1789175271987915
INFO Gradient norm: 156.15978220088934
PROGRESS    Completed epoch 635 / 2000;    current loss: 1.076491355895996
INFO Gradient norm: 146.95803405677697
PROGRESS    Completed epoch 636 / 2000;    current loss: 1.075360894203186
INFO Gradient norm: 207.23935133703927
PROGRESS    Completed epoch 637 / 2000;    current loss: 1.1144890785217285
INFO Gradient norm: 81.25551110613836
PROGRESS    Completed epoch 638 / 2000;    current loss: 1.0451202392578125
INFO Gradient norm: 225.39727224924218
PROGRESS    Completed epoch 639 / 2000;    current loss: 1.1137090921401978
INFO Gradient norm: 292.3362624627448
PROGRESS    Completed epoch 640 / 2000;    current loss: 1.1663926839828491
INFO Gradient norm: 136.0714851066666
PROGRESS    Completed epoch 641 / 2000;    current loss: 1.0634355545043945
INFO Gradient norm: 173.36802615547023
PROGRESS    Completed epoch 642 / 2000;    current loss: 1.0893030166625977
INFO Gradient norm: 240.25869431187175
PROGRESS    Completed epoch 643 / 2000;    current loss: 1.142511248588562
INFO Gradient norm: 121.88643361024639
PROGRESS    Completed epoch 644 / 2000;    current loss: 1.060839295387268
INFO Gradient norm: 183.02937408968108
PROGRESS    Completed epoch 645 / 2000;    current loss: 1.0868017673492432
INFO Gradient norm: 253.2405739947746
PROGRESS    Completed epoch 646 / 2000;    current loss: 1.133681297302246
INFO Gradient norm: 103.42728015434831
PROGRESS    Completed epoch 647 / 2000;    current loss: 1.0502619743347168
INFO Gradient norm: 195.64212857268262
PROGRESS    Completed epoch 648 / 2000;    current loss: 1.103432297706604
INFO Gradient norm: 256.48272315887465
PROGRESS    Completed epoch 649 / 2000;    current loss: 1.1561318635940552
INFO Gradient norm: 134.52111800638176
PROGRESS    Completed epoch 650 / 2000;    current loss: 1.063941240310669
INFO Gradient norm: 172.7966263685806
PROGRESS    Completed epoch 651 / 2000;    current loss: 1.0775796175003052
INFO Gradient norm: 241.08858864831154
PROGRESS    Completed epoch 652 / 2000;    current loss: 1.122227668762207
INFO Gradient norm: 86.13037075267798
PROGRESS    Completed epoch 653 / 2000;    current loss: 1.0452580451965332
INFO Gradient norm: 205.45924071476497
PROGRESS    Completed epoch 654 / 2000;    current loss: 1.110185980796814
INFO Gradient norm: 257.26496806761645
PROGRESS    Completed epoch 655 / 2000;    current loss: 1.1543571949005127
INFO Gradient norm: 123.39790469438452
PROGRESS    Completed epoch 656 / 2000;    current loss: 1.0532811880111694
INFO Gradient norm: 172.3913473308616
PROGRESS    Completed epoch 657 / 2000;    current loss: 1.076456069946289
INFO Gradient norm: 222.29015923300724
PROGRESS    Completed epoch 658 / 2000;    current loss: 1.1138763427734375
INFO Gradient norm: 57.76227894902245
PROGRESS    Completed epoch 659 / 2000;    current loss: 1.0479919910430908
INFO Gradient norm: 231.32135601170822
PROGRESS    Completed epoch 660 / 2000;    current loss: 1.1411726474761963
INFO Gradient norm: 285.4598442532622
PROGRESS    Completed epoch 661 / 2000;    current loss: 1.1948206424713135
INFO Gradient norm: 169.23799657549162
PROGRESS    Completed epoch 662 / 2000;    current loss: 1.0954267978668213
INFO Gradient norm: 132.27169316249967
PROGRESS    Completed epoch 663 / 2000;    current loss: 1.0732671022415161
INFO Gradient norm: 202.12203248030997
PROGRESS    Completed epoch 664 / 2000;    current loss: 1.111598014831543
INFO Gradient norm: 53.096483218646014
PROGRESS    Completed epoch 665 / 2000;    current loss: 1.0549273490905762
INFO Gradient norm: 225.40935377527325
PROGRESS    Completed epoch 666 / 2000;    current loss: 1.1402100324630737
INFO Gradient norm: 268.82281139268935
PROGRESS    Completed epoch 667 / 2000;    current loss: 1.1781389713287354
INFO Gradient norm: 128.854321699043
PROGRESS    Completed epoch 668 / 2000;    current loss: 1.068946361541748
INFO Gradient norm: 200.21481125653875
PROGRESS    Completed epoch 669 / 2000;    current loss: 1.0980989933013916
INFO Gradient norm: 289.7366919699016
PROGRESS    Completed epoch 670 / 2000;    current loss: 1.1619560718536377
INFO Gradient norm: 150.8418565551819
PROGRESS    Completed epoch 671 / 2000;    current loss: 1.0666486024856567
INFO Gradient norm: 148.7802025892943
PROGRESS    Completed epoch 672 / 2000;    current loss: 1.0698878765106201
INFO Gradient norm: 205.65843357278803
PROGRESS    Completed epoch 673 / 2000;    current loss: 1.1066837310791016
INFO Gradient norm: 74.97289639052583
PROGRESS    Completed epoch 674 / 2000;    current loss: 1.0361430644989014
INFO Gradient norm: 225.44493476095147
PROGRESS    Completed epoch 675 / 2000;    current loss: 1.1080989837646484
INFO Gradient norm: 274.24771061061904
PROGRESS    Completed epoch 676 / 2000;    current loss: 1.150336742401123
INFO Gradient norm: 99.09986728851067
PROGRESS    Completed epoch 677 / 2000;    current loss: 1.0561586618423462
INFO Gradient norm: 218.04796815716213
PROGRESS    Completed epoch 678 / 2000;    current loss: 1.1326035261154175
INFO Gradient norm: 287.66975420382397
PROGRESS    Completed epoch 679 / 2000;    current loss: 1.2026957273483276
INFO Gradient norm: 168.5026192146676
PROGRESS    Completed epoch 680 / 2000;    current loss: 1.0990877151489258
INFO Gradient norm: 142.2889197203206
PROGRESS    Completed epoch 681 / 2000;    current loss: 1.0782113075256348
INFO Gradient norm: 216.96818218684402
PROGRESS    Completed epoch 682 / 2000;    current loss: 1.119484305381775
INFO Gradient norm: 67.5488933316104
PROGRESS    Completed epoch 683 / 2000;    current loss: 1.055335283279419
INFO Gradient norm: 215.4224668633563
PROGRESS    Completed epoch 684 / 2000;    current loss: 1.1296182870864868
INFO Gradient norm: 259.24583741740474
PROGRESS    Completed epoch 685 / 2000;    current loss: 1.1654759645462036
INFO Gradient norm: 128.53753009855808
PROGRESS    Completed epoch 686 / 2000;    current loss: 1.0679693222045898
INFO Gradient norm: 193.06131231407647
PROGRESS    Completed epoch 687 / 2000;    current loss: 1.0939775705337524
INFO Gradient norm: 270.68736084754363
PROGRESS    Completed epoch 688 / 2000;    current loss: 1.14822256565094
INFO Gradient norm: 119.82717454372822
PROGRESS    Completed epoch 689 / 2000;    current loss: 1.0595202445983887
INFO Gradient norm: 188.32174145883536
PROGRESS    Completed epoch 690 / 2000;    current loss: 1.1037993431091309
INFO Gradient norm: 250.16405442778424
PROGRESS    Completed epoch 691 / 2000;    current loss: 1.1557140350341797
INFO Gradient norm: 122.11739224123906
PROGRESS    Completed epoch 692 / 2000;    current loss: 1.0651692152023315
INFO Gradient norm: 199.33253842536467
PROGRESS    Completed epoch 693 / 2000;    current loss: 1.0977894067764282
INFO Gradient norm: 278.4956057958753
PROGRESS    Completed epoch 694 / 2000;    current loss: 1.1538596153259277
INFO Gradient norm: 127.94156121974578
PROGRESS    Completed epoch 695 / 2000;    current loss: 1.0618447065353394
INFO Gradient norm: 181.0742681297016
PROGRESS    Completed epoch 696 / 2000;    current loss: 1.0976371765136719
INFO Gradient norm: 242.97512326103708
PROGRESS    Completed epoch 697 / 2000;    current loss: 1.1473917961120605
INFO Gradient norm: 114.39075882671393
PROGRESS    Completed epoch 698 / 2000;    current loss: 1.0602222681045532
INFO Gradient norm: 207.88489924292494
PROGRESS    Completed epoch 699 / 2000;    current loss: 1.1011638641357422
INFO Gradient norm: 286.873107423825
PROGRESS    Completed epoch 700 / 2000;    current loss: 1.1587026119232178
INFO Gradient norm: 135.5386008577654
PROGRESS    Completed epoch 701 / 2000;    current loss: 1.0628107786178589
INFO Gradient norm: 174.8991626939587
PROGRESS    Completed epoch 702 / 2000;    current loss: 1.0913835763931274
INFO Gradient norm: 237.58439109070693
PROGRESS    Completed epoch 703 / 2000;    current loss: 1.1402411460876465
INFO Gradient norm: 109.39018784698561
PROGRESS    Completed epoch 704 / 2000;    current loss: 1.055972695350647
INFO Gradient norm: 212.44433523274404
PROGRESS    Completed epoch 705 / 2000;    current loss: 1.1017537117004395
INFO Gradient norm: 290.6932721795641
PROGRESS    Completed epoch 706 / 2000;    current loss: 1.1596167087554932
INFO Gradient norm: 138.63133867592248
PROGRESS    Completed epoch 707 / 2000;    current loss: 1.0618284940719604
INFO Gradient norm: 172.4950177704399
PROGRESS    Completed epoch 708 / 2000;    current loss: 1.0876264572143555
INFO Gradient norm: 235.73789187758805
PROGRESS    Completed epoch 709 / 2000;    current loss: 1.1363508701324463
INFO Gradient norm: 108.17497133746078
PROGRESS    Completed epoch 710 / 2000;    current loss: 1.0532796382904053
INFO Gradient norm: 212.7779748226971
PROGRESS    Completed epoch 711 / 2000;    current loss: 1.099733591079712
INFO Gradient norm: 290.4031977927184
PROGRESS    Completed epoch 712 / 2000;    current loss: 1.1571366786956787
INFO Gradient norm: 138.1527546099006
PROGRESS    Completed epoch 713 / 2000;    current loss: 1.0594173669815063
INFO Gradient norm: 172.75537756380572
PROGRESS    Completed epoch 714 / 2000;    current loss: 1.0856502056121826
INFO Gradient norm: 236.15771439426817
PROGRESS    Completed epoch 715 / 2000;    current loss: 1.1345958709716797
INFO Gradient norm: 109.06590588043154
PROGRESS    Completed epoch 716 / 2000;    current loss: 1.0515294075012207
INFO Gradient norm: 211.01970567770258
PROGRESS    Completed epoch 717 / 2000;    current loss: 1.0964463949203491
INFO Gradient norm: 281.6307132441967
PROGRESS    Completed epoch 718 / 2000;    current loss: 1.149421215057373
INFO Gradient norm: 128.04744921187324
PROGRESS    Completed epoch 719 / 2000;    current loss: 1.055629849433899
INFO Gradient norm: 179.76844742179821
PROGRESS    Completed epoch 720 / 2000;    current loss: 1.090382695198059
INFO Gradient norm: 245.22578014054392
PROGRESS    Completed epoch 721 / 2000;    current loss: 1.1437568664550781
INFO Gradient norm: 124.62220643009677
PROGRESS    Completed epoch 722 / 2000;    current loss: 1.06059730052948
INFO Gradient norm: 184.13165552819498
PROGRESS    Completed epoch 723 / 2000;    current loss: 1.0849454402923584
INFO Gradient norm: 257.16498658888577
PROGRESS    Completed epoch 724 / 2000;    current loss: 1.1335363388061523
INFO Gradient norm: 108.2721122010008
PROGRESS    Completed epoch 725 / 2000;    current loss: 1.0513126850128174
INFO Gradient norm: 192.32117078606345
PROGRESS    Completed epoch 726 / 2000;    current loss: 1.100726842880249
INFO Gradient norm: 253.18436345635803
PROGRESS    Completed epoch 727 / 2000;    current loss: 1.1519801616668701
INFO Gradient norm: 129.54017958908562
PROGRESS    Completed epoch 728 / 2000;    current loss: 1.0624847412109375
INFO Gradient norm: 181.2224363823855
PROGRESS    Completed epoch 729 / 2000;    current loss: 1.0822536945343018
INFO Gradient norm: 255.73648314151438
PROGRESS    Completed epoch 730 / 2000;    current loss: 1.131165862083435
INFO Gradient norm: 107.89810523981953
PROGRESS    Completed epoch 731 / 2000;    current loss: 1.0496735572814941
INFO Gradient norm: 191.93162086067244
PROGRESS    Completed epoch 732 / 2000;    current loss: 1.0991193056106567
INFO Gradient norm: 252.14333871254993
PROGRESS    Completed epoch 733 / 2000;    current loss: 1.1497114896774292
INFO Gradient norm: 127.84351265615972
PROGRESS    Completed epoch 734 / 2000;    current loss: 1.0600558519363403
INFO Gradient norm: 183.48839935793083
PROGRESS    Completed epoch 735 / 2000;    current loss: 1.0815948247909546
INFO Gradient norm: 259.77025481950363
PROGRESS    Completed epoch 736 / 2000;    current loss: 1.132142186164856
INFO Gradient norm: 114.36907045445611
PROGRESS    Completed epoch 737 / 2000;    current loss: 1.0489166975021362
INFO Gradient norm: 184.4595195391348
PROGRESS    Completed epoch 738 / 2000;    current loss: 1.0910122394561768
INFO Gradient norm: 244.46341026420637
PROGRESS    Completed epoch 739 / 2000;    current loss: 1.1397496461868286
INFO Gradient norm: 120.50712692319306
PROGRESS    Completed epoch 740 / 2000;    current loss: 1.0536202192306519
INFO Gradient norm: 189.6567589849386
PROGRESS    Completed epoch 741 / 2000;    current loss: 1.0821428298950195
INFO Gradient norm: 265.36737057973653
PROGRESS    Completed epoch 742 / 2000;    current loss: 1.1337413787841797
INFO Gradient norm: 120.1949969988206
PROGRESS    Completed epoch 743 / 2000;    current loss: 1.0478429794311523
INFO Gradient norm: 178.17327815124676
PROGRESS    Completed epoch 744 / 2000;    current loss: 1.0837163925170898
INFO Gradient norm: 238.57923390006627
PROGRESS    Completed epoch 745 / 2000;    current loss: 1.1315667629241943
INFO Gradient norm: 115.71341396886153
PROGRESS    Completed epoch 746 / 2000;    current loss: 1.0483750104904175
INFO Gradient norm: 188.39172058000403
PROGRESS    Completed epoch 747 / 2000;    current loss: 1.079448938369751
INFO Gradient norm: 258.4924500418146
PROGRESS    Completed epoch 748 / 2000;    current loss: 1.1277391910552979
INFO Gradient norm: 111.12373652360594
PROGRESS    Completed epoch 749 / 2000;    current loss: 1.044156789779663
INFO Gradient norm: 185.95407383014518
PROGRESS    Completed epoch 750 / 2000;    current loss: 1.08927321434021
INFO Gradient norm: 247.47586822909335
PROGRESS    Completed epoch 751 / 2000;    current loss: 1.1408846378326416
INFO Gradient norm: 127.98262678997116
PROGRESS    Completed epoch 752 / 2000;    current loss: 1.0549851655960083
INFO Gradient norm: 174.3975988737837
PROGRESS    Completed epoch 753 / 2000;    current loss: 1.0724432468414307
INFO Gradient norm: 242.9045351376286
PROGRESS    Completed epoch 754 / 2000;    current loss: 1.117382526397705
INFO Gradient norm: 91.12061085730255
PROGRESS    Completed epoch 755 / 2000;    current loss: 1.0411245822906494
INFO Gradient norm: 199.186045208156
PROGRESS    Completed epoch 756 / 2000;    current loss: 1.1014809608459473
INFO Gradient norm: 253.17520203535886
PROGRESS    Completed epoch 757 / 2000;    current loss: 1.147385835647583
INFO Gradient norm: 124.17838885173812
PROGRESS    Completed epoch 758 / 2000;    current loss: 1.051676630973816
INFO Gradient norm: 180.15236397011353
PROGRESS    Completed epoch 759 / 2000;    current loss: 1.07440185546875
INFO Gradient norm: 235.89132441889052
PROGRESS    Completed epoch 760 / 2000;    current loss: 1.1153656244277954
INFO Gradient norm: 79.3477874422755
PROGRESS    Completed epoch 761 / 2000;    current loss: 1.0435162782669067
INFO Gradient norm: 206.0655557246894
PROGRESS    Completed epoch 762 / 2000;    current loss: 1.1115761995315552
INFO Gradient norm: 260.32064293846486
PROGRESS    Completed epoch 763 / 2000;    current loss: 1.1595618724822998
INFO Gradient norm: 135.33561163735672
PROGRESS    Completed epoch 764 / 2000;    current loss: 1.063995599746704
INFO Gradient norm: 162.10046285983825
PROGRESS    Completed epoch 765 / 2000;    current loss: 1.0734843015670776
INFO Gradient norm: 225.06647055711514
PROGRESS    Completed epoch 766 / 2000;    current loss: 1.1141325235366821
INFO Gradient norm: 76.0589657511765
PROGRESS    Completed epoch 767 / 2000;    current loss: 1.0472192764282227
INFO Gradient norm: 201.92384760730465
PROGRESS    Completed epoch 768 / 2000;    current loss: 1.1103757619857788
INFO Gradient norm: 251.21095596893656
PROGRESS    Completed epoch 769 / 2000;    current loss: 1.150892734527588
INFO Gradient norm: 122.65524780363074
PROGRESS    Completed epoch 770 / 2000;    current loss: 1.0572612285614014
INFO Gradient norm: 187.14521309353472
PROGRESS    Completed epoch 771 / 2000;    current loss: 1.0828983783721924
INFO Gradient norm: 267.6690221093711
PROGRESS    Completed epoch 772 / 2000;    current loss: 1.13699471950531
INFO Gradient norm: 130.71672130623688
PROGRESS    Completed epoch 773 / 2000;    current loss: 1.0514907836914062
INFO Gradient norm: 158.80107212816318
PROGRESS    Completed epoch 774 / 2000;    current loss: 1.0694892406463623
INFO Gradient norm: 215.86171117603513
PROGRESS    Completed epoch 775 / 2000;    current loss: 1.1091203689575195
INFO Gradient norm: 103.75191562262994
PROGRESS    Completed epoch 776 / 2000;    current loss: 1.0432538986206055
INFO Gradient norm: 190.07403666462704
PROGRESS    Completed epoch 777 / 2000;    current loss: 1.0826084613800049
INFO Gradient norm: 249.1267713521733
PROGRESS    Completed epoch 778 / 2000;    current loss: 1.1254158020019531
INFO Gradient norm: 91.24008361598779
PROGRESS    Completed epoch 779 / 2000;    current loss: 1.0463420152664185
INFO Gradient norm: 202.41825164863127
PROGRESS    Completed epoch 780 / 2000;    current loss: 1.1095895767211914
INFO Gradient norm: 259.99632149521284
PROGRESS    Completed epoch 781 / 2000;    current loss: 1.1603114604949951
INFO Gradient norm: 135.1618216502827
PROGRESS    Completed epoch 782 / 2000;    current loss: 1.0646213293075562
INFO Gradient norm: 175.18873133949197
PROGRESS    Completed epoch 783 / 2000;    current loss: 1.0768370628356934
INFO Gradient norm: 253.70868055287022
PROGRESS    Completed epoch 784 / 2000;    current loss: 1.1270074844360352
INFO Gradient norm: 111.91723346416445
PROGRESS    Completed epoch 785 / 2000;    current loss: 1.0471266508102417
INFO Gradient norm: 182.15583409281922
PROGRESS    Completed epoch 786 / 2000;    current loss: 1.0892833471298218
INFO Gradient norm: 239.62277344124684
PROGRESS    Completed epoch 787 / 2000;    current loss: 1.1351540088653564
INFO Gradient norm: 113.73137684244216
PROGRESS    Completed epoch 788 / 2000;    current loss: 1.0492863655090332
INFO Gradient norm: 198.20415733994105
PROGRESS    Completed epoch 789 / 2000;    current loss: 1.0847193002700806
INFO Gradient norm: 271.3995318743373
PROGRESS    Completed epoch 790 / 2000;    current loss: 1.1371186971664429
INFO Gradient norm: 124.87816298856751
PROGRESS    Completed epoch 791 / 2000;    current loss: 1.0491023063659668
INFO Gradient norm: 171.83020311964526
PROGRESS    Completed epoch 792 / 2000;    current loss: 1.0799798965454102
INFO Gradient norm: 234.76154406696224
PROGRESS    Completed epoch 793 / 2000;    current loss: 1.129516363143921
INFO Gradient norm: 117.37957499268083
PROGRESS    Completed epoch 794 / 2000;    current loss: 1.05176842212677
INFO Gradient norm: 181.6493621407087
PROGRESS    Completed epoch 795 / 2000;    current loss: 1.0785143375396729
INFO Gradient norm: 252.56970241874055
PROGRESS    Completed epoch 796 / 2000;    current loss: 1.1255995035171509
INFO Gradient norm: 108.83308020939549
PROGRESS    Completed epoch 797 / 2000;    current loss: 1.0458753108978271
INFO Gradient norm: 182.9760590564536
PROGRESS    Completed epoch 798 / 2000;    current loss: 1.0889390707015991
INFO Gradient norm: 242.84944221780268
PROGRESS    Completed epoch 799 / 2000;    current loss: 1.1375818252563477
INFO Gradient norm: 123.6905506764568
PROGRESS    Completed epoch 800 / 2000;    current loss: 1.0543880462646484
INFO Gradient norm: 176.19741841008877
PROGRESS    Completed epoch 801 / 2000;    current loss: 1.0746915340423584
INFO Gradient norm: 248.97861951761683
PROGRESS    Completed epoch 802 / 2000;    current loss: 1.1216291189193726
INFO Gradient norm: 107.7708380567775
PROGRESS    Completed epoch 803 / 2000;    current loss: 1.0436255931854248
INFO Gradient norm: 181.28827258640217
PROGRESS    Completed epoch 804 / 2000;    current loss: 1.0855401754379272
INFO Gradient norm: 239.6252534092054
PROGRESS    Completed epoch 805 / 2000;    current loss: 1.1321280002593994
INFO Gradient norm: 119.72500964732006
PROGRESS    Completed epoch 806 / 2000;    current loss: 1.0495984554290771
INFO Gradient norm: 180.0817165363945
PROGRESS    Completed epoch 807 / 2000;    current loss: 1.0736467838287354
INFO Gradient norm: 253.33629983331244
PROGRESS    Completed epoch 808 / 2000;    current loss: 1.1217132806777954
INFO Gradient norm: 113.09495092379872
PROGRESS    Completed epoch 809 / 2000;    current loss: 1.0417252779006958
INFO Gradient norm: 175.62547549040116
PROGRESS    Completed epoch 810 / 2000;    current loss: 1.078188180923462
INFO Gradient norm: 234.345575311306
PROGRESS    Completed epoch 811 / 2000;    current loss: 1.12400221824646
INFO Gradient norm: 115.36280580536254
PROGRESS    Completed epoch 812 / 2000;    current loss: 1.0441350936889648
INFO Gradient norm: 182.6261115752857
PROGRESS    Completed epoch 813 / 2000;    current loss: 1.071666955947876
INFO Gradient norm: 254.93215771127146
PROGRESS    Completed epoch 814 / 2000;    current loss: 1.119767665863037
INFO Gradient norm: 114.83093044743782
PROGRESS    Completed epoch 815 / 2000;    current loss: 1.0388422012329102
INFO Gradient norm: 173.1906908989721
PROGRESS    Completed epoch 816 / 2000;    current loss: 1.0733147859573364
INFO Gradient norm: 232.1893126912659
PROGRESS    Completed epoch 817 / 2000;    current loss: 1.119059681892395
INFO Gradient norm: 114.28347306474757
PROGRESS    Completed epoch 818 / 2000;    current loss: 1.0403145551681519
INFO Gradient norm: 175.43453598036535
PROGRESS    Completed epoch 819 / 2000;    current loss: 1.0659807920455933
INFO Gradient norm: 242.21592361892027
PROGRESS    Completed epoch 820 / 2000;    current loss: 1.1096584796905518
INFO Gradient norm: 100.21347850817622
PROGRESS    Completed epoch 821 / 2000;    current loss: 1.0338011980056763
INFO Gradient norm: 183.03984648266393
PROGRESS    Completed epoch 822 / 2000;    current loss: 1.079665184020996
INFO Gradient norm: 240.40800787291008
PROGRESS    Completed epoch 823 / 2000;    current loss: 1.1262896060943604
INFO Gradient norm: 123.29073722812011
PROGRESS    Completed epoch 824 / 2000;    current loss: 1.043534755706787
INFO Gradient norm: 169.66325536711045
PROGRESS    Completed epoch 825 / 2000;    current loss: 1.0606513023376465
INFO Gradient norm: 241.27134798078157
PROGRESS    Completed epoch 826 / 2000;    current loss: 1.1059298515319824
INFO Gradient norm: 104.48969787864606
PROGRESS    Completed epoch 827 / 2000;    current loss: 1.030882477760315
INFO Gradient norm: 176.79079965500424
PROGRESS    Completed epoch 828 / 2000;    current loss: 1.071270227432251
INFO Gradient norm: 233.42987653483158
PROGRESS    Completed epoch 829 / 2000;    current loss: 1.1159197092056274
INFO Gradient norm: 116.27946719600733
PROGRESS    Completed epoch 830 / 2000;    current loss: 1.035964012145996
INFO Gradient norm: 158.5709251254131
PROGRESS    Completed epoch 831 / 2000;    current loss: 1.0552524328231812
INFO Gradient norm: 200.8615879142694
PROGRESS    Completed epoch 832 / 2000;    current loss: 1.0863773822784424
INFO Gradient norm: 38.609454877848925
PROGRESS    Completed epoch 833 / 2000;    current loss: 1.032659888267517
INFO Gradient norm: 237.4516822007926
PROGRESS    Completed epoch 834 / 2000;    current loss: 1.1378324031829834
INFO Gradient norm: 287.8372947667512
PROGRESS    Completed epoch 835 / 2000;    current loss: 1.1900200843811035
INFO Gradient norm: 162.32934752179438
PROGRESS    Completed epoch 836 / 2000;    current loss: 1.0791338682174683
INFO Gradient norm: 143.57099941516762
PROGRESS    Completed epoch 837 / 2000;    current loss: 1.0609012842178345
INFO Gradient norm: 225.93303596068338
PROGRESS    Completed epoch 838 / 2000;    current loss: 1.1071481704711914
INFO Gradient norm: 93.66501282837731
PROGRESS    Completed epoch 839 / 2000;    current loss: 1.041518211364746
INFO Gradient norm: 180.1780338996521
PROGRESS    Completed epoch 840 / 2000;    current loss: 1.0861135721206665
INFO Gradient norm: 225.827330709593
PROGRESS    Completed epoch 841 / 2000;    current loss: 1.1192240715026855
INFO Gradient norm: 92.32690778379319
PROGRESS    Completed epoch 842 / 2000;    current loss: 1.03525972366333
INFO Gradient norm: 223.80194724745766
PROGRESS    Completed epoch 843 / 2000;    current loss: 1.094520092010498
INFO Gradient norm: 307.91338015686057
PROGRESS    Completed epoch 844 / 2000;    current loss: 1.160022258758545
INFO Gradient norm: 171.14164435604036
PROGRESS    Completed epoch 845 / 2000;    current loss: 1.0589022636413574
INFO Gradient norm: 120.57567616727512
PROGRESS    Completed epoch 846 / 2000;    current loss: 1.0397303104400635
INFO Gradient norm: 170.22176519864868
PROGRESS    Completed epoch 847 / 2000;    current loss: 1.068178415298462
INFO Gradient norm: 38.445794957710405
PROGRESS    Completed epoch 848 / 2000;    current loss: 1.0162298679351807
INFO Gradient norm: 240.67161718860984
PROGRESS    Completed epoch 849 / 2000;    current loss: 1.1065983772277832
INFO Gradient norm: 276.4706062117906
PROGRESS    Completed epoch 850 / 2000;    current loss: 1.1397194862365723
INFO Gradient norm: 105.74088648060787
PROGRESS    Completed epoch 851 / 2000;    current loss: 1.043016791343689
INFO Gradient norm: 202.15233290675312
PROGRESS    Completed epoch 852 / 2000;    current loss: 1.1053893566131592
INFO Gradient norm: 278.5248142081661
PROGRESS    Completed epoch 853 / 2000;    current loss: 1.1796900033950806
INFO Gradient norm: 178.64262562633175
PROGRESS    Completed epoch 854 / 2000;    current loss: 1.0931938886642456
INFO Gradient norm: 96.97013206781293
PROGRESS    Completed epoch 855 / 2000;    current loss: 1.050720453262329
INFO Gradient norm: 163.9982248033373
PROGRESS    Completed epoch 856 / 2000;    current loss: 1.077770471572876
INFO Gradient norm: 24.670730970853853
PROGRESS    Completed epoch 857 / 2000;    current loss: 1.0373945236206055
INFO Gradient norm: 222.37070554511195
PROGRESS    Completed epoch 858 / 2000;    current loss: 1.1239629983901978
INFO Gradient norm: 253.6910349919792
PROGRESS    Completed epoch 859 / 2000;    current loss: 1.149233341217041
INFO Gradient norm: 114.16203579444613
PROGRESS    Completed epoch 860 / 2000;    current loss: 1.047601342201233
INFO Gradient norm: 201.45880499506575
PROGRESS    Completed epoch 861 / 2000;    current loss: 1.0844426155090332
INFO Gradient norm: 289.5869212369739
PROGRESS    Completed epoch 862 / 2000;    current loss: 1.1484686136245728
INFO Gradient norm: 160.4712518127886
PROGRESS    Completed epoch 863 / 2000;    current loss: 1.0579742193222046
INFO Gradient norm: 122.72412086082063
PROGRESS    Completed epoch 864 / 2000;    current loss: 1.044019103050232
INFO Gradient norm: 177.7482316606576
PROGRESS    Completed epoch 865 / 2000;    current loss: 1.0742729902267456
INFO Gradient norm: 55.22380774834283
PROGRESS    Completed epoch 866 / 2000;    current loss: 1.019095540046692
INFO Gradient norm: 237.80771745939984
PROGRESS    Completed epoch 867 / 2000;    current loss: 1.0999259948730469
INFO Gradient norm: 303.28237161597303
PROGRESS    Completed epoch 868 / 2000;    current loss: 1.1515719890594482
INFO Gradient norm: 156.5708362858786
PROGRESS    Completed epoch 869 / 2000;    current loss: 1.046136498451233
INFO Gradient norm: 137.6674983036567
PROGRESS    Completed epoch 870 / 2000;    current loss: 1.0414516925811768
INFO Gradient norm: 198.81441145537917
PROGRESS    Completed epoch 871 / 2000;    current loss: 1.0805890560150146
INFO Gradient norm: 81.22544242038055
PROGRESS    Completed epoch 872 / 2000;    current loss: 1.0173062086105347
INFO Gradient norm: 191.4582368922534
PROGRESS    Completed epoch 873 / 2000;    current loss: 1.0684537887573242
INFO Gradient norm: 235.1022252100364
PROGRESS    Completed epoch 874 / 2000;    current loss: 1.1040005683898926
INFO Gradient norm: 74.10506801814887
PROGRESS    Completed epoch 875 / 2000;    current loss: 1.0324525833129883
INFO Gradient norm: 208.37671589486175
PROGRESS    Completed epoch 876 / 2000;    current loss: 1.1073660850524902
INFO Gradient norm: 265.4377294393763
PROGRESS    Completed epoch 877 / 2000;    current loss: 1.1610578298568726
INFO Gradient norm: 148.34667217118857
PROGRESS    Completed epoch 878 / 2000;    current loss: 1.0657432079315186
INFO Gradient norm: 144.75660689306653
PROGRESS    Completed epoch 879 / 2000;    current loss: 1.0565009117126465
INFO Gradient norm: 218.62363912457573
PROGRESS    Completed epoch 880 / 2000;    current loss: 1.0982578992843628
INFO Gradient norm: 80.57310116317723
PROGRESS    Completed epoch 881 / 2000;    current loss: 1.0344785451889038
INFO Gradient norm: 185.1298428408152
PROGRESS    Completed epoch 882 / 2000;    current loss: 1.0861444473266602
INFO Gradient norm: 230.19633033626243
PROGRESS    Completed epoch 883 / 2000;    current loss: 1.1199091672897339
INFO Gradient norm: 102.33632723124207
PROGRESS    Completed epoch 884 / 2000;    current loss: 1.034143090248108
INFO Gradient norm: 201.06998796362004
PROGRESS    Completed epoch 885 / 2000;    current loss: 1.0758099555969238
INFO Gradient norm: 281.8055831606089
PROGRESS    Completed epoch 886 / 2000;    current loss: 1.1340913772583008
INFO Gradient norm: 150.94013855227394
PROGRESS    Completed epoch 887 / 2000;    current loss: 1.0438854694366455
INFO Gradient norm: 129.8459892575087
PROGRESS    Completed epoch 888 / 2000;    current loss: 1.038145661354065
INFO Gradient norm: 185.3300388846285
PROGRESS    Completed epoch 889 / 2000;    current loss: 1.0709199905395508
INFO Gradient norm: 70.31560417118861
PROGRESS    Completed epoch 890 / 2000;    current loss: 1.014068841934204
INFO Gradient norm: 202.1581286496447
PROGRESS    Completed epoch 891 / 2000;    current loss: 1.0733051300048828
INFO Gradient norm: 256.42285959044847
PROGRESS    Completed epoch 892 / 2000;    current loss: 1.114398717880249
INFO Gradient norm: 107.72934763705422
PROGRESS    Completed epoch 893 / 2000;    current loss: 1.030872106552124
INFO Gradient norm: 179.7761010870245
PROGRESS    Completed epoch 894 / 2000;    current loss: 1.0753300189971924
INFO Gradient norm: 245.1963643582906
PROGRESS    Completed epoch 895 / 2000;    current loss: 1.1314164400100708
INFO Gradient norm: 139.5710419314342
PROGRESS    Completed epoch 896 / 2000;    current loss: 1.0529662370681763
INFO Gradient norm: 137.20738816102482
PROGRESS    Completed epoch 897 / 2000;    current loss: 1.0474376678466797
INFO Gradient norm: 201.63453492951155
PROGRESS    Completed epoch 898 / 2000;    current loss: 1.0826942920684814
INFO Gradient norm: 66.57494116597859
PROGRESS    Completed epoch 899 / 2000;    current loss: 1.025421380996704
INFO Gradient norm: 191.15712319581894
PROGRESS    Completed epoch 900 / 2000;    current loss: 1.0832513570785522
INFO Gradient norm: 234.50849696526163
PROGRESS    Completed epoch 901 / 2000;    current loss: 1.1159878969192505
INFO Gradient norm: 112.20798277182843
PROGRESS    Completed epoch 902 / 2000;    current loss: 1.030390977859497
INFO Gradient norm: 167.15512644273704
PROGRESS    Completed epoch 903 / 2000;    current loss: 1.0528160333633423
INFO Gradient norm: 229.61972344011974
PROGRESS    Completed epoch 904 / 2000;    current loss: 1.0935543775558472
INFO Gradient norm: 92.24986117970899
PROGRESS    Completed epoch 905 / 2000;    current loss: 1.0243089199066162
INFO Gradient norm: 177.16113882962898
PROGRESS    Completed epoch 906 / 2000;    current loss: 1.0692505836486816
INFO Gradient norm: 242.43410525875834
PROGRESS    Completed epoch 907 / 2000;    current loss: 1.1257599592208862
INFO Gradient norm: 134.8528425248957
PROGRESS    Completed epoch 908 / 2000;    current loss: 1.0477075576782227
INFO Gradient norm: 137.0628573060613
PROGRESS    Completed epoch 909 / 2000;    current loss: 1.0468664169311523
INFO Gradient norm: 191.0128502938013
PROGRESS    Completed epoch 910 / 2000;    current loss: 1.079735517501831
INFO Gradient norm: 49.11323974613524
PROGRESS    Completed epoch 911 / 2000;    current loss: 1.029523491859436
INFO Gradient norm: 210.91486281081575
PROGRESS    Completed epoch 912 / 2000;    current loss: 1.108343243598938
INFO Gradient norm: 257.7154555982784
PROGRESS    Completed epoch 913 / 2000;    current loss: 1.150205373764038
INFO Gradient norm: 137.3721501086978
PROGRESS    Completed epoch 914 / 2000;    current loss: 1.0561795234680176
INFO Gradient norm: 153.04813283296048
PROGRESS    Completed epoch 915 / 2000;    current loss: 1.05720055103302
INFO Gradient norm: 230.19810720983412
PROGRESS    Completed epoch 916 / 2000;    current loss: 1.102408528327942
INFO Gradient norm: 104.40879742615283
PROGRESS    Completed epoch 917 / 2000;    current loss: 1.0350286960601807
INFO Gradient norm: 163.10524987620835
PROGRESS    Completed epoch 918 / 2000;    current loss: 1.0659080743789673
INFO Gradient norm: 213.79257839285413
PROGRESS    Completed epoch 919 / 2000;    current loss: 1.1016285419464111
INFO Gradient norm: 95.95695492031365
PROGRESS    Completed epoch 920 / 2000;    current loss: 1.0302300453186035
INFO Gradient norm: 188.90189724436954
PROGRESS    Completed epoch 921 / 2000;    current loss: 1.0699299573898315
INFO Gradient norm: 258.6575520512307
PROGRESS    Completed epoch 922 / 2000;    current loss: 1.1182078123092651
INFO Gradient norm: 126.07310816337252
PROGRESS    Completed epoch 923 / 2000;    current loss: 1.0372225046157837
INFO Gradient norm: 149.28552011968117
PROGRESS    Completed epoch 924 / 2000;    current loss: 1.052972674369812
INFO Gradient norm: 206.74217270682956
PROGRESS    Completed epoch 925 / 2000;    current loss: 1.092309594154358
INFO Gradient norm: 95.07599544392096
PROGRESS    Completed epoch 926 / 2000;    current loss: 1.0268125534057617
INFO Gradient norm: 185.15686304145052
PROGRESS    Completed epoch 927 / 2000;    current loss: 1.0646592378616333
INFO Gradient norm: 251.839679210275
PROGRESS    Completed epoch 928 / 2000;    current loss: 1.1099212169647217
INFO Gradient norm: 118.31713244742393
PROGRESS    Completed epoch 929 / 2000;    current loss: 1.0310288667678833
INFO Gradient norm: 155.794988740144
PROGRESS    Completed epoch 930 / 2000;    current loss: 1.0537192821502686
INFO Gradient norm: 213.65513225882498
PROGRESS    Completed epoch 931 / 2000;    current loss: 1.0951778888702393
INFO Gradient norm: 103.82912587092235
PROGRESS    Completed epoch 932 / 2000;    current loss: 1.026881456375122
INFO Gradient norm: 173.2003371638117
PROGRESS    Completed epoch 933 / 2000;    current loss: 1.054801106452942
INFO Gradient norm: 236.4325494728031
PROGRESS    Completed epoch 934 / 2000;    current loss: 1.0960417985916138
INFO Gradient norm: 96.4456666240449
PROGRESS    Completed epoch 935 / 2000;    current loss: 1.023262619972229
INFO Gradient norm: 177.36404283586836
PROGRESS    Completed epoch 936 / 2000;    current loss: 1.0686334371566772
INFO Gradient norm: 233.20952149999883
PROGRESS    Completed epoch 937 / 2000;    current loss: 1.1135543584823608
INFO Gradient norm: 119.55878703398862
PROGRESS    Completed epoch 938 / 2000;    current loss: 1.0336803197860718
INFO Gradient norm: 164.3918819603201
PROGRESS    Completed epoch 939 / 2000;    current loss: 1.0486094951629639
INFO Gradient norm: 235.38376260922405
PROGRESS    Completed epoch 940 / 2000;    current loss: 1.0926954746246338
INFO Gradient norm: 104.81237325420787
PROGRESS    Completed epoch 941 / 2000;    current loss: 1.021524429321289
INFO Gradient norm: 166.25677139382296
PROGRESS    Completed epoch 942 / 2000;    current loss: 1.0565521717071533
INFO Gradient norm: 220.31904100817357
PROGRESS    Completed epoch 943 / 2000;    current loss: 1.0971565246582031
INFO Gradient norm: 104.98385351418564
PROGRESS    Completed epoch 944 / 2000;    current loss: 1.0224326848983765
INFO Gradient norm: 175.46138564943163
PROGRESS    Completed epoch 945 / 2000;    current loss: 1.0508371591567993
INFO Gradient norm: 237.7642369360139
PROGRESS    Completed epoch 946 / 2000;    current loss: 1.092879295349121
INFO Gradient norm: 99.07849840650995
PROGRESS    Completed epoch 947 / 2000;    current loss: 1.020369052886963
INFO Gradient norm: 176.3938691162127
PROGRESS    Completed epoch 948 / 2000;    current loss: 1.0654808282852173
INFO Gradient norm: 234.46558597950474
PROGRESS    Completed epoch 949 / 2000;    current loss: 1.1130993366241455
INFO Gradient norm: 122.58724287455549
PROGRESS    Completed epoch 950 / 2000;    current loss: 1.03458571434021
INFO Gradient norm: 144.42761179714344
PROGRESS    Completed epoch 951 / 2000;    current loss: 1.0431041717529297
INFO Gradient norm: 193.04942104575707
PROGRESS    Completed epoch 952 / 2000;    current loss: 1.0750163793563843
INFO Gradient norm: 49.271827229896545
PROGRESS    Completed epoch 953 / 2000;    current loss: 1.0246078968048096
INFO Gradient norm: 210.4435752968654
PROGRESS    Completed epoch 954 / 2000;    current loss: 1.104339838027954
INFO Gradient norm: 259.43086756552253
PROGRESS    Completed epoch 955 / 2000;    current loss: 1.1491485834121704
INFO Gradient norm: 143.20144364888068
PROGRESS    Completed epoch 956 / 2000;    current loss: 1.0571815967559814
INFO Gradient norm: 137.7420156397189
PROGRESS    Completed epoch 957 / 2000;    current loss: 1.0491067171096802
INFO Gradient norm: 208.8720473956272
PROGRESS    Completed epoch 958 / 2000;    current loss: 1.0880955457687378
INFO Gradient norm: 81.31485722070275
PROGRESS    Completed epoch 959 / 2000;    current loss: 1.029908299446106
INFO Gradient norm: 173.1596838351088
PROGRESS    Completed epoch 960 / 2000;    current loss: 1.0720839500427246
INFO Gradient norm: 215.58914483205746
PROGRESS    Completed epoch 961 / 2000;    current loss: 1.100810170173645
INFO Gradient norm: 90.99097449001164
PROGRESS    Completed epoch 962 / 2000;    current loss: 1.0240168571472168
INFO Gradient norm: 202.39838626734135
PROGRESS    Completed epoch 963 / 2000;    current loss: 1.0709092617034912
INFO Gradient norm: 280.7341893231811
PROGRESS    Completed epoch 964 / 2000;    current loss: 1.1272636651992798
INFO Gradient norm: 155.4054880658609
PROGRESS    Completed epoch 965 / 2000;    current loss: 1.039791226387024
INFO Gradient norm: 115.82078892206673
PROGRESS    Completed epoch 966 / 2000;    current loss: 1.0247442722320557
INFO Gradient norm: 170.25107531195772
PROGRESS    Completed epoch 967 / 2000;    current loss: 1.053406834602356
INFO Gradient norm: 68.17585534274868
PROGRESS    Completed epoch 968 / 2000;    current loss: 1.008625864982605
INFO Gradient norm: 194.56215222758112
PROGRESS    Completed epoch 969 / 2000;    current loss: 1.064075231552124
INFO Gradient norm: 240.25030967595396
PROGRESS    Completed epoch 970 / 2000;    current loss: 1.0993576049804688
INFO Gradient norm: 88.74987895442177
PROGRESS    Completed epoch 971 / 2000;    current loss: 1.0249388217926025
INFO Gradient norm: 187.75086360121972
PROGRESS    Completed epoch 972 / 2000;    current loss: 1.0808557271957397
INFO Gradient norm: 247.09853641860602
PROGRESS    Completed epoch 973 / 2000;    current loss: 1.132129430770874
INFO Gradient norm: 137.93320204530633
PROGRESS    Completed epoch 974 / 2000;    current loss: 1.0493782758712769
INFO Gradient norm: 140.23856755909804
PROGRESS    Completed epoch 975 / 2000;    current loss: 1.0437037944793701
INFO Gradient norm: 209.24437339849706
PROGRESS    Completed epoch 976 / 2000;    current loss: 1.0812560319900513
INFO Gradient norm: 79.92471197557808
PROGRESS    Completed epoch 977 / 2000;    current loss: 1.0220786333084106
INFO Gradient norm: 174.52320144425008
PROGRESS    Completed epoch 978 / 2000;    current loss: 1.0664485692977905
INFO Gradient norm: 208.14889356311426
PROGRESS    Completed epoch 979 / 2000;    current loss: 1.0899114608764648
INFO Gradient norm: 89.93944214344248
PROGRESS    Completed epoch 980 / 2000;    current loss: 1.023767352104187
INFO Gradient norm: 181.79462707885554
PROGRESS    Completed epoch 981 / 2000;    current loss: 1.0668652057647705
INFO Gradient norm: 244.7297926725553
PROGRESS    Completed epoch 982 / 2000;    current loss: 1.1132941246032715
INFO Gradient norm: 111.51939897846492
PROGRESS    Completed epoch 983 / 2000;    current loss: 1.0413837432861328
INFO Gradient norm: 159.1466136168138
PROGRESS    Completed epoch 984 / 2000;    current loss: 1.071752667427063
INFO Gradient norm: 217.44035078440027
PROGRESS    Completed epoch 985 / 2000;    current loss: 1.1169748306274414
INFO Gradient norm: 110.39907664864458
PROGRESS    Completed epoch 986 / 2000;    current loss: 1.0508803129196167
INFO Gradient norm: 161.33578175239387
PROGRESS    Completed epoch 987 / 2000;    current loss: 1.0720547437667847
INFO Gradient norm: 226.05039758286196
PROGRESS    Completed epoch 988 / 2000;    current loss: 1.1130932569503784
INFO Gradient norm: 96.1802490861541
PROGRESS    Completed epoch 989 / 2000;    current loss: 1.0470494031906128
INFO Gradient norm: 163.40698095163452
PROGRESS    Completed epoch 990 / 2000;    current loss: 1.080810785293579
INFO Gradient norm: 213.8622130026092
PROGRESS    Completed epoch 991 / 2000;    current loss: 1.1167232990264893
INFO Gradient norm: 103.11275250412875
PROGRESS    Completed epoch 992 / 2000;    current loss: 1.0479763746261597
INFO Gradient norm: 169.1080940438781
PROGRESS    Completed epoch 993 / 2000;    current loss: 1.0747507810592651
INFO Gradient norm: 235.39121296698966
PROGRESS    Completed epoch 994 / 2000;    current loss: 1.1170121431350708
INFO Gradient norm: 108.19468993924234
PROGRESS    Completed epoch 995 / 2000;    current loss: 1.045945167541504
INFO Gradient norm: 154.5357004828519
PROGRESS    Completed epoch 996 / 2000;    current loss: 1.0708816051483154
INFO Gradient norm: 208.98546318421825
PROGRESS    Completed epoch 997 / 2000;    current loss: 1.1090915203094482
INFO Gradient norm: 101.13697776643633
PROGRESS    Completed epoch 998 / 2000;    current loss: 1.0430641174316406
INFO Gradient norm: 167.91554111051988
PROGRESS    Completed epoch 999 / 2000;    current loss: 1.06971275806427
INFO Gradient norm: 231.60527304821682
PROGRESS    Completed epoch 1000 / 2000;    current loss: 1.1101672649383545
INFO Gradient norm: 101.0633011385456
PROGRESS    Completed epoch 1001 / 2000;    current loss: 1.03997802734375
INFO Gradient norm: 160.68103092421708
PROGRESS    Completed epoch 1002 / 2000;    current loss: 1.071489691734314
INFO Gradient norm: 215.0857584138204
PROGRESS    Completed epoch 1003 / 2000;    current loss: 1.1112147569656372
INFO Gradient norm: 107.92380087849118
PROGRESS    Completed epoch 1004 / 2000;    current loss: 1.0420289039611816
INFO Gradient norm: 160.26330361099025
PROGRESS    Completed epoch 1005 / 2000;    current loss: 1.061422348022461
INFO Gradient norm: 225.51170102961106
PROGRESS    Completed epoch 1006 / 2000;    current loss: 1.101293683052063
INFO Gradient norm: 100.1868876526504
PROGRESS    Completed epoch 1007 / 2000;    current loss: 1.0337553024291992
INFO Gradient norm: 156.62399291092012
PROGRESS    Completed epoch 1008 / 2000;    current loss: 1.0625951290130615
INFO Gradient norm: 208.33769030938535
PROGRESS    Completed epoch 1009 / 2000;    current loss: 1.0986855030059814
INFO Gradient norm: 99.87215824057623
PROGRESS    Completed epoch 1010 / 2000;    current loss: 1.0309771299362183
INFO Gradient norm: 168.2153132474846
PROGRESS    Completed epoch 1011 / 2000;    current loss: 1.0575432777404785
INFO Gradient norm: 234.2748313975348
PROGRESS    Completed epoch 1012 / 2000;    current loss: 1.0993256568908691
INFO Gradient norm: 110.5110793365132
PROGRESS    Completed epoch 1013 / 2000;    current loss: 1.0281541347503662
INFO Gradient norm: 147.6554395316061
PROGRESS    Completed epoch 1014 / 2000;    current loss: 1.0489252805709839
INFO Gradient norm: 201.5188604372706
PROGRESS    Completed epoch 1015 / 2000;    current loss: 1.085547685623169
INFO Gradient norm: 95.99102543547869
PROGRESS    Completed epoch 1016 / 2000;    current loss: 1.0218535661697388
INFO Gradient norm: 166.0249295073827
PROGRESS    Completed epoch 1017 / 2000;    current loss: 1.049638032913208
INFO Gradient norm: 213.45228560625307
PROGRESS    Completed epoch 1018 / 2000;    current loss: 1.0822229385375977
INFO Gradient norm: 71.42840507700399
PROGRESS    Completed epoch 1019 / 2000;    current loss: 1.0196013450622559
INFO Gradient norm: 184.7420865210697
PROGRESS    Completed epoch 1020 / 2000;    current loss: 1.0778074264526367
INFO Gradient norm: 236.00620824350617
PROGRESS    Completed epoch 1021 / 2000;    current loss: 1.1209111213684082
INFO Gradient norm: 127.09397461312926
PROGRESS    Completed epoch 1022 / 2000;    current loss: 1.039613962173462
INFO Gradient norm: 116.27624455522118
PROGRESS    Completed epoch 1023 / 2000;    current loss: 1.0366716384887695
INFO Gradient norm: 162.19420693571112
PROGRESS    Completed epoch 1024 / 2000;    current loss: 1.0638190507888794
INFO Gradient norm: 28.863803763820368
PROGRESS    Completed epoch 1025 / 2000;    current loss: 1.026642918586731
INFO Gradient norm: 206.2560755338353
PROGRESS    Completed epoch 1026 / 2000;    current loss: 1.1074916124343872
INFO Gradient norm: 245.27016515252697
PROGRESS    Completed epoch 1027 / 2000;    current loss: 1.1426727771759033
INFO Gradient norm: 128.80679277543697
PROGRESS    Completed epoch 1028 / 2000;    current loss: 1.0549358129501343
INFO Gradient norm: 145.68937754047982
PROGRESS    Completed epoch 1029 / 2000;    current loss: 1.0578467845916748
INFO Gradient norm: 221.60772812598137
PROGRESS    Completed epoch 1030 / 2000;    current loss: 1.1025631427764893
INFO Gradient norm: 107.80236151467263
PROGRESS    Completed epoch 1031 / 2000;    current loss: 1.0407109260559082
INFO Gradient norm: 141.26913445550485
PROGRESS    Completed epoch 1032 / 2000;    current loss: 1.0585057735443115
INFO Gradient norm: 188.65755671669285
PROGRESS    Completed epoch 1033 / 2000;    current loss: 1.0883649587631226
INFO Gradient norm: 79.29913510755657
PROGRESS    Completed epoch 1034 / 2000;    current loss: 1.0305252075195312
INFO Gradient norm: 183.8323065482008
PROGRESS    Completed epoch 1035 / 2000;    current loss: 1.0752280950546265
INFO Gradient norm: 241.36599603306934
PROGRESS    Completed epoch 1036 / 2000;    current loss: 1.1160989999771118
INFO Gradient norm: 110.87615569934397
PROGRESS    Completed epoch 1037 / 2000;    current loss: 1.0426100492477417
INFO Gradient norm: 151.2611743853513
PROGRESS    Completed epoch 1038 / 2000;    current loss: 1.0669398307800293
INFO Gradient norm: 209.0952583203298
PROGRESS    Completed epoch 1039 / 2000;    current loss: 1.1089622974395752
INFO Gradient norm: 107.75439808629515
PROGRESS    Completed epoch 1040 / 2000;    current loss: 1.045698881149292
INFO Gradient norm: 151.69507201267902
PROGRESS    Completed epoch 1041 / 2000;    current loss: 1.0616872310638428
INFO Gradient norm: 213.0561305721668
PROGRESS    Completed epoch 1042 / 2000;    current loss: 1.0979864597320557
INFO Gradient norm: 88.64706153982524
PROGRESS    Completed epoch 1043 / 2000;    current loss: 1.0365015268325806
INFO Gradient norm: 156.31688779352464
PROGRESS    Completed epoch 1044 / 2000;    current loss: 1.0670585632324219
INFO Gradient norm: 201.75769248585618
PROGRESS    Completed epoch 1045 / 2000;    current loss: 1.0964419841766357
INFO Gradient norm: 90.4189701330156
PROGRESS    Completed epoch 1046 / 2000;    current loss: 1.0289264917373657
INFO Gradient norm: 177.31762478598455
PROGRESS    Completed epoch 1047 / 2000;    current loss: 1.0627549886703491
INFO Gradient norm: 245.84722732108622
PROGRESS    Completed epoch 1048 / 2000;    current loss: 1.1074873208999634
INFO Gradient norm: 126.92054793729399
PROGRESS    Completed epoch 1049 / 2000;    current loss: 1.0328543186187744
INFO Gradient norm: 126.28538837404268
PROGRESS    Completed epoch 1050 / 2000;    current loss: 1.0351248979568481
INFO Gradient norm: 178.83298788353156
PROGRESS    Completed epoch 1051 / 2000;    current loss: 1.0656706094741821
INFO Gradient norm: 74.402509565629
PROGRESS    Completed epoch 1052 / 2000;    current loss: 1.0112740993499756
INFO Gradient norm: 166.28152251619034
PROGRESS    Completed epoch 1053 / 2000;    current loss: 1.0506342649459839
INFO Gradient norm: 207.17418231949432
PROGRESS    Completed epoch 1054 / 2000;    current loss: 1.080168604850769
INFO Gradient norm: 65.66194808441402
PROGRESS    Completed epoch 1055 / 2000;    current loss: 1.0210702419281006
INFO Gradient norm: 186.1240556493554
PROGRESS    Completed epoch 1056 / 2000;    current loss: 1.0820952653884888
INFO Gradient norm: 237.009754922256
PROGRESS    Completed epoch 1057 / 2000;    current loss: 1.1252233982086182
INFO Gradient norm: 139.3154320721022
PROGRESS    Completed epoch 1058 / 2000;    current loss: 1.051975131034851
INFO Gradient norm: 113.89002658303725
PROGRESS    Completed epoch 1059 / 2000;    current loss: 1.0365501642227173
INFO Gradient norm: 175.2743786740159
PROGRESS    Completed epoch 1060 / 2000;    current loss: 1.0667060613632202
INFO Gradient norm: 54.45948986811148
PROGRESS    Completed epoch 1061 / 2000;    current loss: 1.0219314098358154
INFO Gradient norm: 178.89384678539653
PROGRESS    Completed epoch 1062 / 2000;    current loss: 1.0764985084533691
INFO Gradient norm: 216.1863385776561
PROGRESS    Completed epoch 1063 / 2000;    current loss: 1.1029983758926392
INFO Gradient norm: 97.68947249636729
PROGRESS    Completed epoch 1064 / 2000;    current loss: 1.0246162414550781
INFO Gradient norm: 175.39731598317772
PROGRESS    Completed epoch 1065 / 2000;    current loss: 1.0540915727615356
INFO Gradient norm: 246.19463363123643
PROGRESS    Completed epoch 1066 / 2000;    current loss: 1.101344347000122
INFO Gradient norm: 128.0061697572076
PROGRESS    Completed epoch 1067 / 2000;    current loss: 1.0282915830612183
INFO Gradient norm: 126.04651710658695
PROGRESS    Completed epoch 1068 / 2000;    current loss: 1.032281756401062
INFO Gradient norm: 177.97656020521285
PROGRESS    Completed epoch 1069 / 2000;    current loss: 1.0634568929672241
INFO Gradient norm: 70.93008965889842
PROGRESS    Completed epoch 1070 / 2000;    current loss: 1.0090323686599731
INFO Gradient norm: 168.22098424465784
PROGRESS    Completed epoch 1071 / 2000;    current loss: 1.0518804788589478
INFO Gradient norm: 211.3593854250286
PROGRESS    Completed epoch 1072 / 2000;    current loss: 1.0838141441345215
INFO Gradient norm: 75.96347214241699
PROGRESS    Completed epoch 1073 / 2000;    current loss: 1.024045467376709
INFO Gradient norm: 171.02070702841579
PROGRESS    Completed epoch 1074 / 2000;    current loss: 1.071182370185852
INFO Gradient norm: 222.2507954615636
PROGRESS    Completed epoch 1075 / 2000;    current loss: 1.1114689111709595
INFO Gradient norm: 119.89197214287476
PROGRESS    Completed epoch 1076 / 2000;    current loss: 1.0405622720718384
INFO Gradient norm: 124.59081912015195
PROGRESS    Completed epoch 1077 / 2000;    current loss: 1.0412213802337646
INFO Gradient norm: 178.50717767419192
PROGRESS    Completed epoch 1078 / 2000;    current loss: 1.0705318450927734
INFO Gradient norm: 53.90502133807346
PROGRESS    Completed epoch 1079 / 2000;    current loss: 1.0248991250991821
INFO Gradient norm: 181.29684698177437
PROGRESS    Completed epoch 1080 / 2000;    current loss: 1.0816950798034668
INFO Gradient norm: 223.14736350110482
PROGRESS    Completed epoch 1081 / 2000;    current loss: 1.1134417057037354
INFO Gradient norm: 112.09301085594976
PROGRESS    Completed epoch 1082 / 2000;    current loss: 1.0362353324890137
INFO Gradient norm: 152.68741581479986
PROGRESS    Completed epoch 1083 / 2000;    current loss: 1.0480073690414429
INFO Gradient norm: 223.6003420917377
PROGRESS    Completed epoch 1084 / 2000;    current loss: 1.0895098447799683
INFO Gradient norm: 110.69600661042098
PROGRESS    Completed epoch 1085 / 2000;    current loss: 1.0258598327636719
INFO Gradient norm: 133.94914465387183
PROGRESS    Completed epoch 1086 / 2000;    current loss: 1.0389527082443237
INFO Gradient norm: 182.4300328113372
PROGRESS    Completed epoch 1087 / 2000;    current loss: 1.0681278705596924
INFO Gradient norm: 76.4935554581387
PROGRESS    Completed epoch 1088 / 2000;    current loss: 1.0116242170333862
INFO Gradient norm: 163.52818635088008
PROGRESS    Completed epoch 1089 / 2000;    current loss: 1.0486729145050049
INFO Gradient norm: 207.31428840490764
PROGRESS    Completed epoch 1090 / 2000;    current loss: 1.0796960592269897
INFO Gradient norm: 70.30433642338397
PROGRESS    Completed epoch 1091 / 2000;    current loss: 1.021989345550537
INFO Gradient norm: 178.05744250002724
PROGRESS    Completed epoch 1092 / 2000;    current loss: 1.0764696598052979
INFO Gradient norm: 228.0255733323958
PROGRESS    Completed epoch 1093 / 2000;    current loss: 1.1170016527175903
INFO Gradient norm: 122.05354202498944
PROGRESS    Completed epoch 1094 / 2000;    current loss: 1.0409003496170044
INFO Gradient norm: 139.86710306565826
PROGRESS    Completed epoch 1095 / 2000;    current loss: 1.0419766902923584
INFO Gradient norm: 202.70666462091597
PROGRESS    Completed epoch 1096 / 2000;    current loss: 1.0773036479949951
INFO Gradient norm: 83.02541899221272
PROGRESS    Completed epoch 1097 / 2000;    current loss: 1.0218546390533447
INFO Gradient norm: 153.97742456230438
PROGRESS    Completed epoch 1098 / 2000;    current loss: 1.0541750192642212
INFO Gradient norm: 195.34602559404604
PROGRESS    Completed epoch 1099 / 2000;    current loss: 1.0801969766616821
INFO Gradient norm: 85.39078737362713
PROGRESS    Completed epoch 1100 / 2000;    current loss: 1.0160572528839111
INFO Gradient norm: 172.4173654172479
PROGRESS    Completed epoch 1101 / 2000;    current loss: 1.0503209829330444
INFO Gradient norm: 235.46256285980982
PROGRESS    Completed epoch 1102 / 2000;    current loss: 1.0919376611709595
INFO Gradient norm: 115.26626177804418
PROGRESS    Completed epoch 1103 / 2000;    current loss: 1.0230172872543335
INFO Gradient norm: 135.55005569734928
PROGRESS    Completed epoch 1104 / 2000;    current loss: 1.037714958190918
INFO Gradient norm: 188.6964031304414
PROGRESS    Completed epoch 1105 / 2000;    current loss: 1.072420358657837
INFO Gradient norm: 86.4347340181981
PROGRESS    Completed epoch 1106 / 2000;    current loss: 1.0152966976165771
INFO Gradient norm: 161.75576832253626
PROGRESS    Completed epoch 1107 / 2000;    current loss: 1.045346736907959
INFO Gradient norm: 204.41526529823136
PROGRESS    Completed epoch 1108 / 2000;    current loss: 1.0764586925506592
INFO Gradient norm: 72.90926976422124
PROGRESS    Completed epoch 1109 / 2000;    current loss: 1.0207372903823853
INFO Gradient norm: 167.73074154743912
PROGRESS    Completed epoch 1110 / 2000;    current loss: 1.066681981086731
INFO Gradient norm: 217.20051261887824
PROGRESS    Completed epoch 1111 / 2000;    current loss: 1.1049020290374756
INFO Gradient norm: 114.896941126586
PROGRESS    Completed epoch 1112 / 2000;    current loss: 1.0366017818450928
INFO Gradient norm: 136.99024545733792
PROGRESS    Completed epoch 1113 / 2000;    current loss: 1.042298674583435
INFO Gradient norm: 201.66764706647984
PROGRESS    Completed epoch 1114 / 2000;    current loss: 1.0782090425491333
INFO Gradient norm: 89.55127155397432
PROGRESS    Completed epoch 1115 / 2000;    current loss: 1.0237241983413696
INFO Gradient norm: 140.26442018795512
PROGRESS    Completed epoch 1116 / 2000;    current loss: 1.0449366569519043
INFO Gradient norm: 181.1963528546451
PROGRESS    Completed epoch 1117 / 2000;    current loss: 1.0682475566864014
INFO Gradient norm: 72.44871510557752
PROGRESS    Completed epoch 1118 / 2000;    current loss: 1.0103414058685303
INFO Gradient norm: 183.92001473478402
PROGRESS    Completed epoch 1119 / 2000;    current loss: 1.0545074939727783
INFO Gradient norm: 250.09207519013785
PROGRESS    Completed epoch 1120 / 2000;    current loss: 1.0991950035095215
INFO Gradient norm: 137.49919221051013
PROGRESS    Completed epoch 1121 / 2000;    current loss: 1.0249112844467163
INFO Gradient norm: 104.87694722796074
PROGRESS    Completed epoch 1122 / 2000;    current loss: 1.0124496221542358
INFO Gradient norm: 156.22797015151332
PROGRESS    Completed epoch 1123 / 2000;    current loss: 1.0378164052963257
INFO Gradient norm: 58.69848345521492
PROGRESS    Completed epoch 1124 / 2000;    current loss: 0.9947844743728638
INFO Gradient norm: 165.89957501366518
PROGRESS    Completed epoch 1125 / 2000;    current loss: 1.0383583307266235
INFO Gradient norm: 195.04866492072935
PROGRESS    Completed epoch 1126 / 2000;    current loss: 1.061682105064392
INFO Gradient norm: 51.92672773939856
PROGRESS    Completed epoch 1127 / 2000;    current loss: 1.0086573362350464
INFO Gradient norm: 194.2203625638909
PROGRESS    Completed epoch 1128 / 2000;    current loss: 1.080507755279541
INFO Gradient norm: 247.5157448965117
PROGRESS    Completed epoch 1129 / 2000;    current loss: 1.1291108131408691
INFO Gradient norm: 149.52730985053392
PROGRESS    Completed epoch 1130 / 2000;    current loss: 1.048454999923706
INFO Gradient norm: 98.35888242334222
PROGRESS    Completed epoch 1131 / 2000;    current loss: 1.0190807580947876
INFO Gradient norm: 159.79339579986987
PROGRESS    Completed epoch 1132 / 2000;    current loss: 1.0454177856445312
INFO Gradient norm: 47.237139210017155
PROGRESS    Completed epoch 1133 / 2000;    current loss: 1.0068926811218262
INFO Gradient norm: 172.3334991285793
PROGRESS    Completed epoch 1134 / 2000;    current loss: 1.0587177276611328
INFO Gradient norm: 197.56517431345395
PROGRESS    Completed epoch 1135 / 2000;    current loss: 1.0757447481155396
INFO Gradient norm: 73.3178271075413
PROGRESS    Completed epoch 1136 / 2000;    current loss: 1.0054588317871094
INFO Gradient norm: 177.30341618286818
PROGRESS    Completed epoch 1137 / 2000;    current loss: 1.052127480506897
INFO Gradient norm: 227.38861303092548
PROGRESS    Completed epoch 1138 / 2000;    current loss: 1.0926978588104248
INFO Gradient norm: 102.81277904455574
PROGRESS    Completed epoch 1139 / 2000;    current loss: 1.0307722091674805
INFO Gradient norm: 143.44959890355665
PROGRESS    Completed epoch 1140 / 2000;    current loss: 1.057325005531311
INFO Gradient norm: 198.95229071190633
PROGRESS    Completed epoch 1141 / 2000;    current loss: 1.0991021394729614
INFO Gradient norm: 104.19705876071954
PROGRESS    Completed epoch 1142 / 2000;    current loss: 1.04483962059021
INFO Gradient norm: 138.3755848234837
PROGRESS    Completed epoch 1143 / 2000;    current loss: 1.0589679479599
INFO Gradient norm: 192.14666952302824
PROGRESS    Completed epoch 1144 / 2000;    current loss: 1.0915663242340088
INFO Gradient norm: 73.26265352591538
PROGRESS    Completed epoch 1145 / 2000;    current loss: 1.0414342880249023
INFO Gradient norm: 156.34943762427218
PROGRESS    Completed epoch 1146 / 2000;    current loss: 1.077423334121704
INFO Gradient norm: 200.19113314781868
PROGRESS    Completed epoch 1147 / 2000;    current loss: 1.1071733236312866
INFO Gradient norm: 99.53419307675723
PROGRESS    Completed epoch 1148 / 2000;    current loss: 1.0466898679733276
INFO Gradient norm: 144.12331127576428
PROGRESS    Completed epoch 1149 / 2000;    current loss: 1.0638444423675537
INFO Gradient norm: 202.67465142900087
PROGRESS    Completed epoch 1150 / 2000;    current loss: 1.0981547832489014
INFO Gradient norm: 87.87261772246815
PROGRESS    Completed epoch 1151 / 2000;    current loss: 1.0428181886672974
INFO Gradient norm: 141.25599917897745
PROGRESS    Completed epoch 1152 / 2000;    current loss: 1.064995527267456
INFO Gradient norm: 184.34230434065753
PROGRESS    Completed epoch 1153 / 2000;    current loss: 1.0904009342193604
INFO Gradient norm: 80.08411427455113
PROGRESS    Completed epoch 1154 / 2000;    current loss: 1.0330464839935303
INFO Gradient norm: 169.0357597022089
PROGRESS    Completed epoch 1155 / 2000;    current loss: 1.0670462846755981
INFO Gradient norm: 232.21198576590427
PROGRESS    Completed epoch 1156 / 2000;    current loss: 1.1069191694259644
INFO Gradient norm: 120.85028512341005
PROGRESS    Completed epoch 1157 / 2000;    current loss: 1.0392509698867798
INFO Gradient norm: 116.79526965827102
PROGRESS    Completed epoch 1158 / 2000;    current loss: 1.0388957262039185
INFO Gradient norm: 167.53484350725654
PROGRESS    Completed epoch 1159 / 2000;    current loss: 1.0663686990737915
INFO Gradient norm: 70.95971321943358
PROGRESS    Completed epoch 1160 / 2000;    current loss: 1.018760323524475
INFO Gradient norm: 167.67352079698568
PROGRESS    Completed epoch 1161 / 2000;    current loss: 1.0554946660995483
INFO Gradient norm: 222.6830464863706
PROGRESS    Completed epoch 1162 / 2000;    current loss: 1.0898176431655884
INFO Gradient norm: 106.9178250726759
PROGRESS    Completed epoch 1163 / 2000;    current loss: 1.0237796306610107
INFO Gradient norm: 130.60134339173408
PROGRESS    Completed epoch 1164 / 2000;    current loss: 1.0361570119857788
INFO Gradient norm: 183.13355758240763
PROGRESS    Completed epoch 1165 / 2000;    current loss: 1.0685046911239624
INFO Gradient norm: 90.35872077072625
PROGRESS    Completed epoch 1166 / 2000;    current loss: 1.015510082244873
INFO Gradient norm: 142.27074792510527
PROGRESS    Completed epoch 1167 / 2000;    current loss: 1.0339587926864624
INFO Gradient norm: 180.48496526216493
PROGRESS    Completed epoch 1168 / 2000;    current loss: 1.0588397979736328
INFO Gradient norm: 52.09186342911785
PROGRESS    Completed epoch 1169 / 2000;    current loss: 1.0117542743682861
INFO Gradient norm: 177.90704846175336
PROGRESS    Completed epoch 1170 / 2000;    current loss: 1.0701947212219238
INFO Gradient norm: 223.93563485829475
PROGRESS    Completed epoch 1171 / 2000;    current loss: 1.1075565814971924
INFO Gradient norm: 124.8319243660351
PROGRESS    Completed epoch 1172 / 2000;    current loss: 1.0347260236740112
INFO Gradient norm: 116.37389694593956
PROGRESS    Completed epoch 1173 / 2000;    current loss: 1.0259286165237427
INFO Gradient norm: 167.7235377702301
PROGRESS    Completed epoch 1174 / 2000;    current loss: 1.053203821182251
INFO Gradient norm: 50.52958535474802
PROGRESS    Completed epoch 1175 / 2000;    current loss: 1.0124058723449707
INFO Gradient norm: 171.178738643007
PROGRESS    Completed epoch 1176 / 2000;    current loss: 1.0654984712600708
INFO Gradient norm: 209.86838962745722
PROGRESS    Completed epoch 1177 / 2000;    current loss: 1.0940698385238647
INFO Gradient norm: 102.44599097672408
PROGRESS    Completed epoch 1178 / 2000;    current loss: 1.0227867364883423
INFO Gradient norm: 151.339612394655
PROGRESS    Completed epoch 1179 / 2000;    current loss: 1.038034200668335
INFO Gradient norm: 207.13996384392078
PROGRESS    Completed epoch 1180 / 2000;    current loss: 1.0739256143569946
INFO Gradient norm: 91.87853298868411
PROGRESS    Completed epoch 1181 / 2000;    current loss: 1.0181341171264648
INFO Gradient norm: 138.71679922515767
PROGRESS    Completed epoch 1182 / 2000;    current loss: 1.042144536972046
INFO Gradient norm: 186.63142503636797
PROGRESS    Completed epoch 1183 / 2000;    current loss: 1.0739246606826782
INFO Gradient norm: 89.67628922933444
PROGRESS    Completed epoch 1184 / 2000;    current loss: 1.019141435623169
INFO Gradient norm: 149.7946409832592
PROGRESS    Completed epoch 1185 / 2000;    current loss: 1.0411421060562134
INFO Gradient norm: 205.6524009158346
PROGRESS    Completed epoch 1186 / 2000;    current loss: 1.0750360488891602
INFO Gradient norm: 93.35986222798806
PROGRESS    Completed epoch 1187 / 2000;    current loss: 1.0184606313705444
INFO Gradient norm: 134.12805687639465
PROGRESS    Completed epoch 1188 / 2000;    current loss: 1.0375865697860718
INFO Gradient norm: 180.3233355457861
PROGRESS    Completed epoch 1189 / 2000;    current loss: 1.0657418966293335
INFO Gradient norm: 83.00082799577594
PROGRESS    Completed epoch 1190 / 2000;    current loss: 1.0119755268096924
INFO Gradient norm: 155.69612135611663
PROGRESS    Completed epoch 1191 / 2000;    current loss: 1.0383236408233643
INFO Gradient norm: 215.1730583991406
PROGRESS    Completed epoch 1192 / 2000;    current loss: 1.07414710521698
INFO Gradient norm: 96.04207346513883
PROGRESS    Completed epoch 1193 / 2000;    current loss: 1.0131306648254395
INFO Gradient norm: 139.796758224024
PROGRESS    Completed epoch 1194 / 2000;    current loss: 1.037270426750183
INFO Gradient norm: 190.78867806842592
PROGRESS    Completed epoch 1195 / 2000;    current loss: 1.0719174146652222
INFO Gradient norm: 95.75254811473765
PROGRESS    Completed epoch 1196 / 2000;    current loss: 1.0152077674865723
INFO Gradient norm: 139.6729238746154
PROGRESS    Completed epoch 1197 / 2000;    current loss: 1.0299170017242432
INFO Gradient norm: 189.65354346849506
PROGRESS    Completed epoch 1198 / 2000;    current loss: 1.0597419738769531
INFO Gradient norm: 73.24786221403973
PROGRESS    Completed epoch 1199 / 2000;    current loss: 1.0097143650054932
INFO Gradient norm: 149.7813219392178
PROGRESS    Completed epoch 1200 / 2000;    current loss: 1.044087290763855
INFO Gradient norm: 192.2878282021184
PROGRESS    Completed epoch 1201 / 2000;    current loss: 1.072258710861206
INFO Gradient norm: 92.7158163457221
PROGRESS    Completed epoch 1202 / 2000;    current loss: 1.0122579336166382
INFO Gradient norm: 127.71453765711586
PROGRESS    Completed epoch 1203 / 2000;    current loss: 1.0270826816558838
INFO Gradient norm: 175.04569071835763
PROGRESS    Completed epoch 1204 / 2000;    current loss: 1.0545425415039062
INFO Gradient norm: 60.79364313499848
PROGRESS    Completed epoch 1205 / 2000;    current loss: 1.0108840465545654
INFO Gradient norm: 156.2943878673439
PROGRESS    Completed epoch 1206 / 2000;    current loss: 1.051403522491455
INFO Gradient norm: 197.729599206283
PROGRESS    Completed epoch 1207 / 2000;    current loss: 1.079939603805542
INFO Gradient norm: 99.44065186767689
PROGRESS    Completed epoch 1208 / 2000;    current loss: 1.0183699131011963
INFO Gradient norm: 137.28995529132584
PROGRESS    Completed epoch 1209 / 2000;    current loss: 1.029617190361023
INFO Gradient norm: 196.5850720595086
PROGRESS    Completed epoch 1210 / 2000;    current loss: 1.0625245571136475
INFO Gradient norm: 91.00085668808406
PROGRESS    Completed epoch 1211 / 2000;    current loss: 1.009999394416809
INFO Gradient norm: 127.62366090778757
PROGRESS    Completed epoch 1212 / 2000;    current loss: 1.0256612300872803
INFO Gradient norm: 169.87051006588482
PROGRESS    Completed epoch 1213 / 2000;    current loss: 1.0490309000015259
INFO Gradient norm: 71.85871193626919
PROGRESS    Completed epoch 1214 / 2000;    current loss: 0.9981586933135986
INFO Gradient norm: 145.22127222399723
PROGRESS    Completed epoch 1215 / 2000;    current loss: 1.0276412963867188
INFO Gradient norm: 178.24765181768728
PROGRESS    Completed epoch 1216 / 2000;    current loss: 1.0516432523727417
INFO Gradient norm: 49.40698898572917
PROGRESS    Completed epoch 1217 / 2000;    current loss: 1.007552981376648
INFO Gradient norm: 177.63448310819822
PROGRESS    Completed epoch 1218 / 2000;    current loss: 1.0685981512069702
INFO Gradient norm: 224.9327169320818
PROGRESS    Completed epoch 1219 / 2000;    current loss: 1.1086642742156982
INFO Gradient norm: 129.70881684244347
PROGRESS    Completed epoch 1220 / 2000;    current loss: 1.0381255149841309
INFO Gradient norm: 107.21021817400609
PROGRESS    Completed epoch 1221 / 2000;    current loss: 1.0227514505386353
INFO Gradient norm: 167.24977863060693
PROGRESS    Completed epoch 1222 / 2000;    current loss: 1.0508524179458618
INFO Gradient norm: 61.66114493220589
PROGRESS    Completed epoch 1223 / 2000;    current loss: 1.010566234588623
INFO Gradient norm: 149.74408077138904
PROGRESS    Completed epoch 1224 / 2000;    current loss: 1.04630708694458
INFO Gradient norm: 186.12518160467909
PROGRESS    Completed epoch 1225 / 2000;    current loss: 1.0689222812652588
INFO Gradient norm: 81.825600042548
PROGRESS    Completed epoch 1226 / 2000;    current loss: 1.00901460647583
INFO Gradient norm: 162.80215411338952
PROGRESS    Completed epoch 1227 / 2000;    current loss: 1.0381338596343994
INFO Gradient norm: 229.22055659959062
PROGRESS    Completed epoch 1228 / 2000;    current loss: 1.079916000366211
INFO Gradient norm: 126.86317602504381
PROGRESS    Completed epoch 1229 / 2000;    current loss: 1.0170071125030518
INFO Gradient norm: 99.7958942449415
PROGRESS    Completed epoch 1230 / 2000;    current loss: 1.0087649822235107
INFO Gradient norm: 146.72813555251892
PROGRESS    Completed epoch 1231 / 2000;    current loss: 1.0312819480895996
INFO Gradient norm: 50.61620339535448
PROGRESS    Completed epoch 1232 / 2000;    current loss: 0.9911297559738159
INFO Gradient norm: 167.5238243852474
PROGRESS    Completed epoch 1233 / 2000;    current loss: 1.035217523574829
INFO Gradient norm: 195.1990108711886
PROGRESS    Completed epoch 1234 / 2000;    current loss: 1.0577969551086426
INFO Gradient norm: 65.20674267323965
PROGRESS    Completed epoch 1235 / 2000;    current loss: 1.0049552917480469
INFO Gradient norm: 163.47593844064033
PROGRESS    Completed epoch 1236 / 2000;    current loss: 1.051855206489563
INFO Gradient norm: 216.09468874704098
PROGRESS    Completed epoch 1237 / 2000;    current loss: 1.0933102369308472
INFO Gradient norm: 129.68825108700682
PROGRESS    Completed epoch 1238 / 2000;    current loss: 1.0315278768539429
INFO Gradient norm: 92.16913509694497
PROGRESS    Completed epoch 1239 / 2000;    current loss: 1.0124375820159912
INFO Gradient norm: 151.8661278763294
PROGRESS    Completed epoch 1240 / 2000;    current loss: 1.0354037284851074
INFO Gradient norm: 51.490059938514506
PROGRESS    Completed epoch 1241 / 2000;    current loss: 0.9990466237068176
INFO Gradient norm: 151.78860831327867
PROGRESS    Completed epoch 1242 / 2000;    current loss: 1.0357122421264648
INFO Gradient norm: 182.6627350779531
PROGRESS    Completed epoch 1243 / 2000;    current loss: 1.0525436401367188
INFO Gradient norm: 73.82670195749434
PROGRESS    Completed epoch 1244 / 2000;    current loss: 0.9914370775222778
INFO Gradient norm: 132.5527634521618
PROGRESS    Completed epoch 1245 / 2000;    current loss: 1.0188804864883423
INFO Gradient norm: 163.34052005595336
PROGRESS    Completed epoch 1246 / 2000;    current loss: 1.0432769060134888
INFO Gradient norm: 36.85581910208059
PROGRESS    Completed epoch 1247 / 2000;    current loss: 1.0087034702301025
INFO Gradient norm: 184.15744352125037
PROGRESS    Completed epoch 1248 / 2000;    current loss: 1.0777413845062256
INFO Gradient norm: 229.16455155622546
PROGRESS    Completed epoch 1249 / 2000;    current loss: 1.1182076930999756
INFO Gradient norm: 133.75018031580598
PROGRESS    Completed epoch 1250 / 2000;    current loss: 1.0482120513916016
INFO Gradient norm: 101.79896142949998
PROGRESS    Completed epoch 1251 / 2000;    current loss: 1.0305249691009521
INFO Gradient norm: 171.1794875653987
PROGRESS    Completed epoch 1252 / 2000;    current loss: 1.061110019683838
INFO Gradient norm: 73.19045409288087
PROGRESS    Completed epoch 1253 / 2000;    current loss: 1.0209190845489502
INFO Gradient norm: 134.03934609114677
PROGRESS    Completed epoch 1254 / 2000;    current loss: 1.0438462495803833
INFO Gradient norm: 166.60527593832603
PROGRESS    Completed epoch 1255 / 2000;    current loss: 1.0600433349609375
INFO Gradient norm: 58.14534996631032
PROGRESS    Completed epoch 1256 / 2000;    current loss: 1.0073707103729248
INFO Gradient norm: 186.8119810143603
PROGRESS    Completed epoch 1257 / 2000;    current loss: 1.055418848991394
INFO Gradient norm: 252.77451196659536
PROGRESS    Completed epoch 1258 / 2000;    current loss: 1.099995493888855
INFO Gradient norm: 149.40408591082493
PROGRESS    Completed epoch 1259 / 2000;    current loss: 1.0289134979248047
INFO Gradient norm: 79.33730372446958
PROGRESS    Completed epoch 1260 / 2000;    current loss: 1.0019747018814087
INFO Gradient norm: 128.53583441642968
PROGRESS    Completed epoch 1261 / 2000;    current loss: 1.0207003355026245
INFO Gradient norm: 34.328997768674945
PROGRESS    Completed epoch 1262 / 2000;    current loss: 0.9878015518188477
INFO Gradient norm: 187.35020866348125
PROGRESS    Completed epoch 1263 / 2000;    current loss: 1.0413116216659546
INFO Gradient norm: 227.28061727512974
PROGRESS    Completed epoch 1264 / 2000;    current loss: 1.0672484636306763
INFO Gradient norm: 107.73864909609475
PROGRESS    Completed epoch 1265 / 2000;    current loss: 1.0009559392929077
INFO Gradient norm: 121.56780980129436
PROGRESS    Completed epoch 1266 / 2000;    current loss: 1.0121370553970337
INFO Gradient norm: 175.45549502555355
PROGRESS    Completed epoch 1267 / 2000;    current loss: 1.0459164381027222
INFO Gradient norm: 90.61205264087917
PROGRESS    Completed epoch 1268 / 2000;    current loss: 1.0011014938354492
INFO Gradient norm: 129.0710253335587
PROGRESS    Completed epoch 1269 / 2000;    current loss: 1.0139888525009155
INFO Gradient norm: 178.0695839542247
PROGRESS    Completed epoch 1270 / 2000;    current loss: 1.0405412912368774
INFO Gradient norm: 68.34530630213564
PROGRESS    Completed epoch 1271 / 2000;    current loss: 0.9957177042961121
INFO Gradient norm: 143.5295146452713
PROGRESS    Completed epoch 1272 / 2000;    current loss: 1.026686191558838
INFO Gradient norm: 184.67871224726738
PROGRESS    Completed epoch 1273 / 2000;    current loss: 1.052370309829712
INFO Gradient norm: 91.01660416002144
PROGRESS    Completed epoch 1274 / 2000;    current loss: 0.997758686542511
INFO Gradient norm: 134.90627185478564
PROGRESS    Completed epoch 1275 / 2000;    current loss: 1.0113369226455688
INFO Gradient norm: 163.91739088978574
PROGRESS    Completed epoch 1276 / 2000;    current loss: 1.0328655242919922
INFO Gradient norm: 38.160409971514426
PROGRESS    Completed epoch 1277 / 2000;    current loss: 0.9960309267044067
INFO Gradient norm: 180.365260306996
PROGRESS    Completed epoch 1278 / 2000;    current loss: 1.0612704753875732
INFO Gradient norm: 225.97710237292367
PROGRESS    Completed epoch 1279 / 2000;    current loss: 1.100982427597046
INFO Gradient norm: 133.70609653106436
PROGRESS    Completed epoch 1280 / 2000;    current loss: 1.0329616069793701
INFO Gradient norm: 95.39779589266907
PROGRESS    Completed epoch 1281 / 2000;    current loss: 1.0125601291656494
INFO Gradient norm: 161.33470328625916
PROGRESS    Completed epoch 1282 / 2000;    current loss: 1.040282130241394
INFO Gradient norm: 66.66309254149692
PROGRESS    Completed epoch 1283 / 2000;    current loss: 1.0030229091644287
INFO Gradient norm: 134.71612706579393
PROGRESS    Completed epoch 1284 / 2000;    current loss: 1.0282647609710693
INFO Gradient norm: 165.51323551383712
PROGRESS    Completed epoch 1285 / 2000;    current loss: 1.0435402393341064
INFO Gradient norm: 59.55724730044281
PROGRESS    Completed epoch 1286 / 2000;    current loss: 0.9917599558830261
INFO Gradient norm: 177.52194429885512
PROGRESS    Completed epoch 1287 / 2000;    current loss: 1.0354326963424683
INFO Gradient norm: 227.16385443960138
PROGRESS    Completed epoch 1288 / 2000;    current loss: 1.0703850984573364
INFO Gradient norm: 110.439652308233
PROGRESS    Completed epoch 1289 / 2000;    current loss: 1.006826400756836
INFO Gradient norm: 120.65867380675564
PROGRESS    Completed epoch 1290 / 2000;    current loss: 1.0176860094070435
INFO Gradient norm: 178.00023726825395
PROGRESS    Completed epoch 1291 / 2000;    current loss: 1.0548428297042847
INFO Gradient norm: 97.72624079958273
PROGRESS    Completed epoch 1292 / 2000;    current loss: 1.0115457773208618
INFO Gradient norm: 116.68858365281628
PROGRESS    Completed epoch 1293 / 2000;    current loss: 1.0171712636947632
INFO Gradient norm: 165.67866152432393
PROGRESS    Completed epoch 1294 / 2000;    current loss: 1.0416491031646729
INFO Gradient norm: 59.72404621561749
PROGRESS    Completed epoch 1295 / 2000;    current loss: 1.001833438873291
INFO Gradient norm: 146.6034575266297
PROGRESS    Completed epoch 1296 / 2000;    current loss: 1.0358935594558716
INFO Gradient norm: 185.2679517273329
PROGRESS    Completed epoch 1297 / 2000;    current loss: 1.059659481048584
INFO Gradient norm: 89.5912289621873
PROGRESS    Completed epoch 1298 / 2000;    current loss: 1.003607988357544
INFO Gradient norm: 138.60319159147252
PROGRESS    Completed epoch 1299 / 2000;    current loss: 1.0181748867034912
INFO Gradient norm: 199.411918847989
PROGRESS    Completed epoch 1300 / 2000;    current loss: 1.0509859323501587
INFO Gradient norm: 102.41569617865244
PROGRESS    Completed epoch 1301 / 2000;    current loss: 0.9994317293167114
INFO Gradient norm: 110.45515129447045
PROGRESS    Completed epoch 1302 / 2000;    current loss: 1.0042084455490112
INFO Gradient norm: 154.59626553291702
PROGRESS    Completed epoch 1303 / 2000;    current loss: 1.0265405178070068
INFO Gradient norm: 63.942081587175196
PROGRESS    Completed epoch 1304 / 2000;    current loss: 0.9843588471412659
INFO Gradient norm: 149.17781275606578
PROGRESS    Completed epoch 1305 / 2000;    current loss: 1.0149271488189697
INFO Gradient norm: 177.59234995030377
PROGRESS    Completed epoch 1306 / 2000;    current loss: 1.0362732410430908
INFO Gradient norm: 52.752290371857505
PROGRESS    Completed epoch 1307 / 2000;    current loss: 0.9929401278495789
INFO Gradient norm: 166.8003660310328
PROGRESS    Completed epoch 1308 / 2000;    current loss: 1.0461901426315308
INFO Gradient norm: 215.71186273548614
PROGRESS    Completed epoch 1309 / 2000;    current loss: 1.0858402252197266
INFO Gradient norm: 128.84652741350453
PROGRESS    Completed epoch 1310 / 2000;    current loss: 1.0239968299865723
INFO Gradient norm: 91.75606332641902
PROGRESS    Completed epoch 1311 / 2000;    current loss: 1.0043092966079712
INFO Gradient norm: 155.0863457513458
PROGRESS    Completed epoch 1312 / 2000;    current loss: 1.028920292854309
INFO Gradient norm: 62.1724185917473
PROGRESS    Completed epoch 1313 / 2000;    current loss: 0.9932531118392944
INFO Gradient norm: 134.00851916600254
PROGRESS    Completed epoch 1314 / 2000;    current loss: 1.0188745260238647
INFO Gradient norm: 165.3283658474336
PROGRESS    Completed epoch 1315 / 2000;    current loss: 1.0344878435134888
INFO Gradient norm: 62.76766050515462
PROGRESS    Completed epoch 1316 / 2000;    current loss: 0.9828979969024658
INFO Gradient norm: 145.03333046368485
PROGRESS    Completed epoch 1317 / 2000;    current loss: 1.0148054361343384
INFO Gradient norm: 183.29181682938554
PROGRESS    Completed epoch 1318 / 2000;    current loss: 1.0408929586410522
INFO Gradient norm: 70.56961312476811
PROGRESS    Completed epoch 1319 / 2000;    current loss: 0.9961529970169067
INFO Gradient norm: 142.58051540124964
PROGRESS    Completed epoch 1320 / 2000;    current loss: 1.0292601585388184
INFO Gradient norm: 192.64652485246376
PROGRESS    Completed epoch 1321 / 2000;    current loss: 1.0652544498443604
INFO Gradient norm: 110.25665161723589
PROGRESS    Completed epoch 1322 / 2000;    current loss: 1.0154647827148438
INFO Gradient norm: 100.54292336266508
PROGRESS    Completed epoch 1323 / 2000;    current loss: 1.0100570917129517
INFO Gradient norm: 153.11424694789437
PROGRESS    Completed epoch 1324 / 2000;    current loss: 1.0333691835403442
INFO Gradient norm: 52.32529372883727
PROGRESS    Completed epoch 1325 / 2000;    current loss: 0.9990472793579102
INFO Gradient norm: 147.06755907633266
PROGRESS    Completed epoch 1326 / 2000;    current loss: 1.0350075960159302
INFO Gradient norm: 182.57647144797932
PROGRESS    Completed epoch 1327 / 2000;    current loss: 1.0563699007034302
INFO Gradient norm: 87.5869660382994
PROGRESS    Completed epoch 1328 / 2000;    current loss: 1.0019458532333374
INFO Gradient norm: 132.32829238328
PROGRESS    Completed epoch 1329 / 2000;    current loss: 1.0157281160354614
INFO Gradient norm: 189.02828552915102
PROGRESS    Completed epoch 1330 / 2000;    current loss: 1.0458379983901978
INFO Gradient norm: 92.03200651366072
PROGRESS    Completed epoch 1331 / 2000;    current loss: 0.998795747756958
INFO Gradient norm: 113.53167664806496
PROGRESS    Completed epoch 1332 / 2000;    current loss: 1.0080742835998535
INFO Gradient norm: 154.70687301044234
PROGRESS    Completed epoch 1333 / 2000;    current loss: 1.0286551713943481
INFO Gradient norm: 63.95603905436696
PROGRESS    Completed epoch 1334 / 2000;    current loss: 0.9862908124923706
INFO Gradient norm: 154.44882753660724
PROGRESS    Completed epoch 1335 / 2000;    current loss: 1.0170155763626099
INFO Gradient norm: 198.893734374631
PROGRESS    Completed epoch 1336 / 2000;    current loss: 1.0448698997497559
INFO Gradient norm: 87.34604949518877
PROGRESS    Completed epoch 1337 / 2000;    current loss: 0.992847204208374
INFO Gradient norm: 128.87748057684988
PROGRESS    Completed epoch 1338 / 2000;    current loss: 1.0141541957855225
INFO Gradient norm: 177.13009752651215
PROGRESS    Completed epoch 1339 / 2000;    current loss: 1.0444951057434082
INFO Gradient norm: 91.32746451606374
PROGRESS    Completed epoch 1340 / 2000;    current loss: 0.9962645173072815
INFO Gradient norm: 124.86515548136796
PROGRESS    Completed epoch 1341 / 2000;    current loss: 1.0046838521957397
INFO Gradient norm: 175.09964418963725
PROGRESS    Completed epoch 1342 / 2000;    current loss: 1.0308083295822144
INFO Gradient norm: 73.77323248391058
PROGRESS    Completed epoch 1343 / 2000;    current loss: 0.9881510138511658
INFO Gradient norm: 127.8717416945873
PROGRESS    Completed epoch 1344 / 2000;    current loss: 1.0099481344223022
INFO Gradient norm: 165.9172336697627
PROGRESS    Completed epoch 1345 / 2000;    current loss: 1.0306487083435059
INFO Gradient norm: 74.77107776566112
PROGRESS    Completed epoch 1346 / 2000;    current loss: 0.9832836985588074
INFO Gradient norm: 125.41416870582036
PROGRESS    Completed epoch 1347 / 2000;    current loss: 1.0026030540466309
INFO Gradient norm: 157.83518869647685
PROGRESS    Completed epoch 1348 / 2000;    current loss: 1.0243289470672607
INFO Gradient norm: 45.27336732277805
PROGRESS    Completed epoch 1349 / 2000;    current loss: 0.9902737140655518
INFO Gradient norm: 158.6680956481724
PROGRESS    Completed epoch 1350 / 2000;    current loss: 1.0389118194580078
INFO Gradient norm: 200.2864726699126
PROGRESS    Completed epoch 1351 / 2000;    current loss: 1.0708733797073364
INFO Gradient norm: 112.78603398245353
PROGRESS    Completed epoch 1352 / 2000;    current loss: 1.0148606300354004
INFO Gradient norm: 101.93352645565953
PROGRESS    Completed epoch 1353 / 2000;    current loss: 1.0074259042739868
INFO Gradient norm: 162.48001104638672
PROGRESS    Completed epoch 1354 / 2000;    current loss: 1.0342979431152344
INFO Gradient norm: 73.6279571569533
PROGRESS    Completed epoch 1355 / 2000;    current loss: 0.9976530075073242
INFO Gradient norm: 116.80242136816422
PROGRESS    Completed epoch 1356 / 2000;    current loss: 1.0121710300445557
INFO Gradient norm: 149.46237896263733
PROGRESS    Completed epoch 1357 / 2000;    current loss: 1.0270473957061768
INFO Gradient norm: 57.55795166257453
PROGRESS    Completed epoch 1358 / 2000;    current loss: 0.9864218235015869
INFO Gradient norm: 153.96369260980882
PROGRESS    Completed epoch 1359 / 2000;    current loss: 1.0200055837631226
INFO Gradient norm: 204.58066909988366
PROGRESS    Completed epoch 1360 / 2000;    current loss: 1.0505270957946777
INFO Gradient norm: 105.9037342360634
PROGRESS    Completed epoch 1361 / 2000;    current loss: 0.9973298907279968
INFO Gradient norm: 102.81924444068221
PROGRESS    Completed epoch 1362 / 2000;    current loss: 0.9986811280250549
INFO Gradient norm: 150.0875019194664
PROGRESS    Completed epoch 1363 / 2000;    current loss: 1.0226911306381226
INFO Gradient norm: 68.19451388635433
PROGRESS    Completed epoch 1364 / 2000;    current loss: 0.9851011037826538
INFO Gradient norm: 136.99101561836667
PROGRESS    Completed epoch 1365 / 2000;    current loss: 1.007831335067749
INFO Gradient norm: 169.39822983724224
PROGRESS    Completed epoch 1366 / 2000;    current loss: 1.0290863513946533
INFO Gradient norm: 56.26258982663362
PROGRESS    Completed epoch 1367 / 2000;    current loss: 0.9890716671943665
INFO Gradient norm: 150.05350915351698
PROGRESS    Completed epoch 1368 / 2000;    current loss: 1.030253291130066
INFO Gradient norm: 194.80987038572712
PROGRESS    Completed epoch 1369 / 2000;    current loss: 1.0623371601104736
INFO Gradient norm: 116.05908120794871
PROGRESS    Completed epoch 1370 / 2000;    current loss: 1.0121567249298096
INFO Gradient norm: 90.10026935050305
PROGRESS    Completed epoch 1371 / 2000;    current loss: 0.9989224672317505
INFO Gradient norm: 147.1963062049107
PROGRESS    Completed epoch 1372 / 2000;    current loss: 1.0211591720581055
INFO Gradient norm: 56.346579836347345
PROGRESS    Completed epoch 1373 / 2000;    current loss: 0.9887040853500366
INFO Gradient norm: 132.82341772654584
PROGRESS    Completed epoch 1374 / 2000;    current loss: 1.0159835815429688
INFO Gradient norm: 163.22240245509678
PROGRESS    Completed epoch 1375 / 2000;    current loss: 1.0310497283935547
INFO Gradient norm: 64.50770792328262
PROGRESS    Completed epoch 1376 / 2000;    current loss: 0.9806810617446899
INFO Gradient norm: 136.3664798435315
PROGRESS    Completed epoch 1377 / 2000;    current loss: 1.0074857473373413
INFO Gradient norm: 174.4841167725125
PROGRESS    Completed epoch 1378 / 2000;    current loss: 1.0323821306228638
INFO Gradient norm: 67.74349113207471
PROGRESS    Completed epoch 1379 / 2000;    current loss: 0.9920544624328613
INFO Gradient norm: 135.14114157553976
PROGRESS    Completed epoch 1380 / 2000;    current loss: 1.021713137626648
INFO Gradient norm: 181.94500213817676
PROGRESS    Completed epoch 1381 / 2000;    current loss: 1.0535995960235596
INFO Gradient norm: 99.75631791313856
PROGRESS    Completed epoch 1382 / 2000;    current loss: 1.0076854228973389
INFO Gradient norm: 107.31578002730231
PROGRESS    Completed epoch 1383 / 2000;    current loss: 1.008613109588623
INFO Gradient norm: 158.57652524715317
PROGRESS    Completed epoch 1384 / 2000;    current loss: 1.0333278179168701
INFO Gradient norm: 63.6657908424419
PROGRESS    Completed epoch 1385 / 2000;    current loss: 0.9983717203140259
INFO Gradient norm: 127.81408151199352
PROGRESS    Completed epoch 1386 / 2000;    current loss: 1.0219192504882812
INFO Gradient norm: 163.43612577092333
PROGRESS    Completed epoch 1387 / 2000;    current loss: 1.0411376953125
INFO Gradient norm: 78.43871781907076
PROGRESS    Completed epoch 1388 / 2000;    current loss: 0.9989895820617676
INFO Gradient norm: 130.5956389174639
PROGRESS    Completed epoch 1389 / 2000;    current loss: 1.015730857849121
INFO Gradient norm: 183.4790157844987
PROGRESS    Completed epoch 1390 / 2000;    current loss: 1.0438520908355713
INFO Gradient norm: 89.72583367676222
PROGRESS    Completed epoch 1391 / 2000;    current loss: 0.9997156858444214
INFO Gradient norm: 107.70584417585299
PROGRESS    Completed epoch 1392 / 2000;    current loss: 1.0073655843734741
INFO Gradient norm: 147.85738135798476
PROGRESS    Completed epoch 1393 / 2000;    current loss: 1.02659010887146
INFO Gradient norm: 61.33614788441782
PROGRESS    Completed epoch 1394 / 2000;    current loss: 0.9877609014511108
INFO Gradient norm: 147.09208645633518
PROGRESS    Completed epoch 1395 / 2000;    current loss: 1.0157101154327393
INFO Gradient norm: 199.13866789012323
PROGRESS    Completed epoch 1396 / 2000;    current loss: 1.0449368953704834
INFO Gradient norm: 105.14045377262993
PROGRESS    Completed epoch 1397 / 2000;    current loss: 0.9942861795425415
INFO Gradient norm: 97.06094523112641
PROGRESS    Completed epoch 1398 / 2000;    current loss: 0.9929376840591431
INFO Gradient norm: 142.22789403391204
PROGRESS    Completed epoch 1399 / 2000;    current loss: 1.0138884782791138
INFO Gradient norm: 61.38067848162102
PROGRESS    Completed epoch 1400 / 2000;    current loss: 0.9784800410270691
INFO Gradient norm: 125.75952520936251
PROGRESS    Completed epoch 1401 / 2000;    current loss: 1.0009841918945312
INFO Gradient norm: 157.16347788497632
PROGRESS    Completed epoch 1402 / 2000;    current loss: 1.0199002027511597
INFO Gradient norm: 45.80135401726287
PROGRESS    Completed epoch 1403 / 2000;    current loss: 0.9848122000694275
INFO Gradient norm: 154.13709947110442
PROGRESS    Completed epoch 1404 / 2000;    current loss: 1.0304852724075317
INFO Gradient norm: 196.68217518168092
PROGRESS    Completed epoch 1405 / 2000;    current loss: 1.0614579916000366
INFO Gradient norm: 112.65208213264641
PROGRESS    Completed epoch 1406 / 2000;    current loss: 1.0061275959014893
INFO Gradient norm: 93.54371944588367
PROGRESS    Completed epoch 1407 / 2000;    current loss: 0.994005560874939
INFO Gradient norm: 144.14439866291053
PROGRESS    Completed epoch 1408 / 2000;    current loss: 1.0154436826705933
INFO Gradient norm: 50.887942135178456
PROGRESS    Completed epoch 1409 / 2000;    current loss: 0.985205352306366
INFO Gradient norm: 134.96228019030215
PROGRESS    Completed epoch 1410 / 2000;    current loss: 1.0162010192871094
INFO Gradient norm: 161.1421519248509
PROGRESS    Completed epoch 1411 / 2000;    current loss: 1.031234860420227
INFO Gradient norm: 63.030462120800266
PROGRESS    Completed epoch 1412 / 2000;    current loss: 0.9841277003288269
INFO Gradient norm: 156.51574058654677
PROGRESS    Completed epoch 1413 / 2000;    current loss: 1.0168153047561646
INFO Gradient norm: 206.84067497176272
PROGRESS    Completed epoch 1414 / 2000;    current loss: 1.0510390996932983
INFO Gradient norm: 111.93538579547135
PROGRESS    Completed epoch 1415 / 2000;    current loss: 1.0013750791549683
INFO Gradient norm: 89.81116408580459
PROGRESS    Completed epoch 1416 / 2000;    current loss: 0.9981292486190796
INFO Gradient norm: 137.43881528431052
PROGRESS    Completed epoch 1417 / 2000;    current loss: 1.0224239826202393
INFO Gradient norm: 60.86376173802023
PROGRESS    Completed epoch 1418 / 2000;    current loss: 0.9927907586097717
INFO Gradient norm: 131.70847249291774
PROGRESS    Completed epoch 1419 / 2000;    current loss: 1.0175107717514038
INFO Gradient norm: 173.17332176800426
PROGRESS    Completed epoch 1420 / 2000;    current loss: 1.0409982204437256
INFO Gradient norm: 75.09404957690695
PROGRESS    Completed epoch 1421 / 2000;    current loss: 0.9995754957199097
INFO Gradient norm: 117.14403551759699
PROGRESS    Completed epoch 1422 / 2000;    current loss: 1.0156480073928833
INFO Gradient norm: 157.49539526633683
PROGRESS    Completed epoch 1423 / 2000;    current loss: 1.0369515419006348
INFO Gradient norm: 75.53735446458231
PROGRESS    Completed epoch 1424 / 2000;    current loss: 0.9956583380699158
INFO Gradient norm: 124.97577200251031
PROGRESS    Completed epoch 1425 / 2000;    current loss: 1.0100587606430054
INFO Gradient norm: 176.0891858439743
PROGRESS    Completed epoch 1426 / 2000;    current loss: 1.0356173515319824
INFO Gradient norm: 87.4055796355124
PROGRESS    Completed epoch 1427 / 2000;    current loss: 0.9930688738822937
INFO Gradient norm: 101.2443222787932
PROGRESS    Completed epoch 1428 / 2000;    current loss: 0.9978497624397278
INFO Gradient norm: 139.78562320548835
PROGRESS    Completed epoch 1429 / 2000;    current loss: 1.0148468017578125
INFO Gradient norm: 60.95757848550319
PROGRESS    Completed epoch 1430 / 2000;    current loss: 0.980685293674469
INFO Gradient norm: 124.72709622285363
PROGRESS    Completed epoch 1431 / 2000;    current loss: 1.0024317502975464
INFO Gradient norm: 151.82676239040853
PROGRESS    Completed epoch 1432 / 2000;    current loss: 1.0204744338989258
INFO Gradient norm: 42.71357817842487
PROGRESS    Completed epoch 1433 / 2000;    current loss: 0.9877176880836487
INFO Gradient norm: 152.5754473441024
PROGRESS    Completed epoch 1434 / 2000;    current loss: 1.033926248550415
INFO Gradient norm: 195.42077225734747
PROGRESS    Completed epoch 1435 / 2000;    current loss: 1.0658130645751953
INFO Gradient norm: 115.31134826422004
PROGRESS    Completed epoch 1436 / 2000;    current loss: 1.012857437133789
INFO Gradient norm: 85.39042035461725
PROGRESS    Completed epoch 1437 / 2000;    current loss: 0.9972003698348999
INFO Gradient norm: 145.99096682932085
PROGRESS    Completed epoch 1438 / 2000;    current loss: 1.0192089080810547
INFO Gradient norm: 65.88714133591083
PROGRESS    Completed epoch 1439 / 2000;    current loss: 0.987522542476654
INFO Gradient norm: 111.35545739345103
PROGRESS    Completed epoch 1440 / 2000;    current loss: 1.0015522241592407
INFO Gradient norm: 143.87566401898508
PROGRESS    Completed epoch 1441 / 2000;    current loss: 1.0163519382476807
INFO Gradient norm: 56.819922727579
PROGRESS    Completed epoch 1442 / 2000;    current loss: 0.9778980612754822
INFO Gradient norm: 142.27435461723783
PROGRESS    Completed epoch 1443 / 2000;    current loss: 1.0059372186660767
INFO Gradient norm: 171.25031994870272
PROGRESS    Completed epoch 1444 / 2000;    current loss: 1.0270676612854004
INFO Gradient norm: 65.84357814364151
PROGRESS    Completed epoch 1445 / 2000;    current loss: 0.9877049922943115
INFO Gradient norm: 129.06960109448426
PROGRESS    Completed epoch 1446 / 2000;    current loss: 1.015078067779541
INFO Gradient norm: 174.78264688787016
PROGRESS    Completed epoch 1447 / 2000;    current loss: 1.0447756052017212
INFO Gradient norm: 100.09789269335765
PROGRESS    Completed epoch 1448 / 2000;    current loss: 1.0026476383209229
INFO Gradient norm: 91.91855167659668
PROGRESS    Completed epoch 1449 / 2000;    current loss: 0.997492253780365
INFO Gradient norm: 140.7953504385345
PROGRESS    Completed epoch 1450 / 2000;    current loss: 1.0172693729400635
INFO Gradient norm: 51.81119820676121
PROGRESS    Completed epoch 1451 / 2000;    current loss: 0.9877604842185974
INFO Gradient norm: 129.17078976367318
PROGRESS    Completed epoch 1452 / 2000;    current loss: 1.014573097229004
INFO Gradient norm: 163.0638925747615
PROGRESS    Completed epoch 1453 / 2000;    current loss: 1.0329010486602783
INFO Gradient norm: 77.86516138683534
PROGRESS    Completed epoch 1454 / 2000;    current loss: 0.9884377121925354
INFO Gradient norm: 124.53129828957192
PROGRESS    Completed epoch 1455 / 2000;    current loss: 1.0011796951293945
INFO Gradient norm: 179.58367161546522
PROGRESS    Completed epoch 1456 / 2000;    current loss: 1.0286264419555664
INFO Gradient norm: 95.29121654332945
PROGRESS    Completed epoch 1457 / 2000;    current loss: 0.9869723916053772
INFO Gradient norm: 92.81468530803058
PROGRESS    Completed epoch 1458 / 2000;    current loss: 0.9872837066650391
INFO Gradient norm: 131.86036196307512
PROGRESS    Completed epoch 1459 / 2000;    current loss: 1.003853678703308
INFO Gradient norm: 50.09259848224816
PROGRESS    Completed epoch 1460 / 2000;    current loss: 0.9713694453239441
INFO Gradient norm: 140.34339761629275
PROGRESS    Completed epoch 1461 / 2000;    current loss: 1.0001767873764038
INFO Gradient norm: 163.65828600654496
PROGRESS    Completed epoch 1462 / 2000;    current loss: 1.0176314115524292
INFO Gradient norm: 52.99372521186192
PROGRESS    Completed epoch 1463 / 2000;    current loss: 0.9808669090270996
INFO Gradient norm: 143.87839081309008
PROGRESS    Completed epoch 1464 / 2000;    current loss: 1.0201115608215332
INFO Gradient norm: 190.40644205831015
PROGRESS    Completed epoch 1465 / 2000;    current loss: 1.0535001754760742
INFO Gradient norm: 115.8327808701049
PROGRESS    Completed epoch 1466 / 2000;    current loss: 1.00580894947052
INFO Gradient norm: 76.55064914014619
PROGRESS    Completed epoch 1467 / 2000;    current loss: 0.9880191683769226
INFO Gradient norm: 133.03311388928842
PROGRESS    Completed epoch 1468 / 2000;    current loss: 1.0064884424209595
INFO Gradient norm: 52.900547350566164
PROGRESS    Completed epoch 1469 / 2000;    current loss: 0.9788623452186584
INFO Gradient norm: 119.8355028613796
PROGRESS    Completed epoch 1470 / 2000;    current loss: 0.9995259642601013
INFO Gradient norm: 146.40419829059283
PROGRESS    Completed epoch 1471 / 2000;    current loss: 1.0101964473724365
INFO Gradient norm: 56.615672384890274
PROGRESS    Completed epoch 1472 / 2000;    current loss: 0.9693490862846375
INFO Gradient norm: 121.72251547097922
PROGRESS    Completed epoch 1473 / 2000;    current loss: 0.992718517780304
INFO Gradient norm: 152.35779183026088
PROGRESS    Completed epoch 1474 / 2000;    current loss: 1.0120429992675781
INFO Gradient norm: 50.357566856707926
PROGRESS    Completed epoch 1475 / 2000;    current loss: 0.9804443717002869
INFO Gradient norm: 132.95275970067541
PROGRESS    Completed epoch 1476 / 2000;    current loss: 1.0140725374221802
INFO Gradient norm: 167.80915668279056
PROGRESS    Completed epoch 1477 / 2000;    current loss: 1.0375763177871704
INFO Gradient norm: 84.22873523928679
PROGRESS    Completed epoch 1478 / 2000;    current loss: 0.9953824281692505
INFO Gradient norm: 115.17377324707549
PROGRESS    Completed epoch 1479 / 2000;    current loss: 1.004921793937683
INFO Gradient norm: 167.7445127879516
PROGRESS    Completed epoch 1480 / 2000;    current loss: 1.0320773124694824
INFO Gradient norm: 83.81388405735535
PROGRESS    Completed epoch 1481 / 2000;    current loss: 0.9964784383773804
INFO Gradient norm: 96.99280580494907
PROGRESS    Completed epoch 1482 / 2000;    current loss: 1.0024793148040771
INFO Gradient norm: 132.68030257656488
PROGRESS    Completed epoch 1483 / 2000;    current loss: 1.018449306488037
INFO Gradient norm: 50.32680558923452
PROGRESS    Completed epoch 1484 / 2000;    current loss: 0.9864971041679382
INFO Gradient norm: 142.08906786655032
PROGRESS    Completed epoch 1485 / 2000;    current loss: 1.0153658390045166
INFO Gradient norm: 189.24124125230045
PROGRESS    Completed epoch 1486 / 2000;    current loss: 1.0412036180496216
INFO Gradient norm: 101.12157828063644
PROGRESS    Completed epoch 1487 / 2000;    current loss: 0.9952027201652527
INFO Gradient norm: 88.20447818901708
PROGRESS    Completed epoch 1488 / 2000;    current loss: 0.991810142993927
INFO Gradient norm: 131.95936012636486
PROGRESS    Completed epoch 1489 / 2000;    current loss: 1.0105750560760498
INFO Gradient norm: 58.04355837868368
PROGRESS    Completed epoch 1490 / 2000;    current loss: 0.980139970779419
INFO Gradient norm: 123.4765117930225
PROGRESS    Completed epoch 1491 / 2000;    current loss: 0.9997634291648865
INFO Gradient norm: 152.39664678810573
PROGRESS    Completed epoch 1492 / 2000;    current loss: 1.0165530443191528
INFO Gradient norm: 50.09958229576023
PROGRESS    Completed epoch 1493 / 2000;    current loss: 0.9828866124153137
INFO Gradient norm: 136.74159274176358
PROGRESS    Completed epoch 1494 / 2000;    current loss: 1.0170717239379883
INFO Gradient norm: 177.94212733612537
PROGRESS    Completed epoch 1495 / 2000;    current loss: 1.0437021255493164
INFO Gradient norm: 101.24321892750038
PROGRESS    Completed epoch 1496 / 2000;    current loss: 0.9974281191825867
INFO Gradient norm: 89.20207398637044
PROGRESS    Completed epoch 1497 / 2000;    current loss: 0.9886514544487
INFO Gradient norm: 137.6728299156819
PROGRESS    Completed epoch 1498 / 2000;    current loss: 1.0076258182525635
INFO Gradient norm: 49.75880313363521
PROGRESS    Completed epoch 1499 / 2000;    current loss: 0.979570209980011
INFO Gradient norm: 125.33798032022403
PROGRESS    Completed epoch 1500 / 2000;    current loss: 1.0061737298965454
INFO Gradient norm: 157.67633820614026
PROGRESS    Completed epoch 1501 / 2000;    current loss: 1.0234737396240234
INFO Gradient norm: 73.31060186505646
PROGRESS    Completed epoch 1502 / 2000;    current loss: 0.9803119897842407
INFO Gradient norm: 115.18760470205079
PROGRESS    Completed epoch 1503 / 2000;    current loss: 0.9927810430526733
INFO Gradient norm: 148.62492055293205
PROGRESS    Completed epoch 1504 / 2000;    current loss: 1.01291823387146
INFO Gradient norm: 53.79274180931544
PROGRESS    Completed epoch 1505 / 2000;    current loss: 0.9829485416412354
INFO Gradient norm: 126.55114548703796
PROGRESS    Completed epoch 1506 / 2000;    current loss: 1.011432409286499
INFO Gradient norm: 165.90871759887946
PROGRESS    Completed epoch 1507 / 2000;    current loss: 1.0358691215515137
INFO Gradient norm: 90.51860124485097
PROGRESS    Completed epoch 1508 / 2000;    current loss: 0.9956421852111816
INFO Gradient norm: 94.44610367135652
PROGRESS    Completed epoch 1509 / 2000;    current loss: 0.9950145483016968
INFO Gradient norm: 139.6077496787284
PROGRESS    Completed epoch 1510 / 2000;    current loss: 1.0146064758300781
INFO Gradient norm: 55.019559748372906
PROGRESS    Completed epoch 1511 / 2000;    current loss: 0.9864957332611084
INFO Gradient norm: 117.32826427937235
PROGRESS    Completed epoch 1512 / 2000;    current loss: 1.007383942604065
INFO Gradient norm: 149.67985874095106
PROGRESS    Completed epoch 1513 / 2000;    current loss: 1.0232738256454468
INFO Gradient norm: 69.19946786959582
PROGRESS    Completed epoch 1514 / 2000;    current loss: 0.9849250316619873
INFO Gradient norm: 119.7010716619213
PROGRESS    Completed epoch 1515 / 2000;    current loss: 0.9990711808204651
INFO Gradient norm: 169.2479145311231
PROGRESS    Completed epoch 1516 / 2000;    current loss: 1.0230704545974731
INFO Gradient norm: 87.88540026838061
PROGRESS    Completed epoch 1517 / 2000;    current loss: 0.9851863384246826
INFO Gradient norm: 88.62788994400744
PROGRESS    Completed epoch 1518 / 2000;    current loss: 0.9856530427932739
INFO Gradient norm: 125.33708330086294
PROGRESS    Completed epoch 1519 / 2000;    current loss: 0.999994695186615
INFO Gradient norm: 48.17412236942381
PROGRESS    Completed epoch 1520 / 2000;    current loss: 0.9699819087982178
INFO Gradient norm: 117.55073755715951
PROGRESS    Completed epoch 1521 / 2000;    current loss: 0.9925589561462402
INFO Gradient norm: 143.6772270878984
PROGRESS    Completed epoch 1522 / 2000;    current loss: 1.0080293416976929
INFO Gradient norm: 42.873274682609754
PROGRESS    Completed epoch 1523 / 2000;    current loss: 0.9784414172172546
INFO Gradient norm: 138.80574655842315
PROGRESS    Completed epoch 1524 / 2000;    current loss: 1.015710473060608
INFO Gradient norm: 178.89563728018928
PROGRESS    Completed epoch 1525 / 2000;    current loss: 1.0423318147659302
INFO Gradient norm: 105.80113305547096
PROGRESS    Completed epoch 1526 / 2000;    current loss: 0.9981913566589355
INFO Gradient norm: 73.67198548588789
PROGRESS    Completed epoch 1527 / 2000;    current loss: 0.9851667881011963
INFO Gradient norm: 127.68338046414176
PROGRESS    Completed epoch 1528 / 2000;    current loss: 1.0025395154953003
INFO Gradient norm: 52.85827285297642
PROGRESS    Completed epoch 1529 / 2000;    current loss: 0.9773774743080139
INFO Gradient norm: 109.85818293406221
PROGRESS    Completed epoch 1530 / 2000;    current loss: 0.9937771558761597
INFO Gradient norm: 136.58589746624625
PROGRESS    Completed epoch 1531 / 2000;    current loss: 1.0042369365692139
INFO Gradient norm: 50.47471463848682
PROGRESS    Completed epoch 1532 / 2000;    current loss: 0.9673239588737488
INFO Gradient norm: 140.97830581765106
PROGRESS    Completed epoch 1533 / 2000;    current loss: 0.9942376613616943
INFO Gradient norm: 168.6533598731047
PROGRESS    Completed epoch 1534 / 2000;    current loss: 1.0141997337341309
INFO Gradient norm: 69.18652193768295
PROGRESS    Completed epoch 1535 / 2000;    current loss: 0.9772904515266418
INFO Gradient norm: 114.67809461752657
PROGRESS    Completed epoch 1536 / 2000;    current loss: 0.9978020191192627
INFO Gradient norm: 152.4079875124174
PROGRESS    Completed epoch 1537 / 2000;    current loss: 1.0211853981018066
INFO Gradient norm: 77.76041859307266
PROGRESS    Completed epoch 1538 / 2000;    current loss: 0.9871965646743774
INFO Gradient norm: 105.78506083847789
PROGRESS    Completed epoch 1539 / 2000;    current loss: 0.9959449768066406
INFO Gradient norm: 153.296408986336
PROGRESS    Completed epoch 1540 / 2000;    current loss: 1.0192631483078003
INFO Gradient norm: 72.72540906308272
PROGRESS    Completed epoch 1541 / 2000;    current loss: 0.9886906147003174
INFO Gradient norm: 95.67921769944817
PROGRESS    Completed epoch 1542 / 2000;    current loss: 0.9968706369400024
INFO Gradient norm: 129.22550794101474
PROGRESS    Completed epoch 1543 / 2000;    current loss: 1.0115385055541992
INFO Gradient norm: 52.376293843261855
PROGRESS    Completed epoch 1544 / 2000;    current loss: 0.9815381765365601
INFO Gradient norm: 126.93698965388828
PROGRESS    Completed epoch 1545 / 2000;    current loss: 1.003798246383667
INFO Gradient norm: 170.69920604046126
PROGRESS    Completed epoch 1546 / 2000;    current loss: 1.0261592864990234
INFO Gradient norm: 88.38677397126237
PROGRESS    Completed epoch 1547 / 2000;    current loss: 0.9873644113540649
INFO Gradient norm: 85.86654736301873
PROGRESS    Completed epoch 1548 / 2000;    current loss: 0.9866743087768555
INFO Gradient norm: 124.38043417085959
PROGRESS    Completed epoch 1549 / 2000;    current loss: 1.0018740892410278
INFO Gradient norm: 55.63394202745057
PROGRESS    Completed epoch 1550 / 2000;    current loss: 0.9750931859016418
INFO Gradient norm: 117.83111011827012
PROGRESS    Completed epoch 1551 / 2000;    current loss: 0.9927035570144653
INFO Gradient norm: 157.63508704284146
PROGRESS    Completed epoch 1552 / 2000;    current loss: 1.0116279125213623
INFO Gradient norm: 73.47278467215621
PROGRESS    Completed epoch 1553 / 2000;    current loss: 0.9759813547134399
INFO Gradient norm: 97.06153894286425
PROGRESS    Completed epoch 1554 / 2000;    current loss: 0.9834443926811218
INFO Gradient norm: 144.76111672644444
PROGRESS    Completed epoch 1555 / 2000;    current loss: 1.0090320110321045
INFO Gradient norm: 80.64095553073646
PROGRESS    Completed epoch 1556 / 2000;    current loss: 0.9788736701011658
INFO Gradient norm: 91.99912617166062
PROGRESS    Completed epoch 1557 / 2000;    current loss: 0.9802350997924805
INFO Gradient norm: 135.07659672818315
PROGRESS    Completed epoch 1558 / 2000;    current loss: 0.9974822998046875
INFO Gradient norm: 54.19364767180086
PROGRESS    Completed epoch 1559 / 2000;    current loss: 0.9699336290359497
INFO Gradient norm: 110.9766632729712
PROGRESS    Completed epoch 1560 / 2000;    current loss: 0.9885023236274719
INFO Gradient norm: 141.73130472934474
PROGRESS    Completed epoch 1561 / 2000;    current loss: 1.0024226903915405
INFO Gradient norm: 70.40646094228504
PROGRESS    Completed epoch 1562 / 2000;    current loss: 0.969757616519928
INFO Gradient norm: 89.3738009046396
PROGRESS    Completed epoch 1563 / 2000;    current loss: 0.9776026606559753
INFO Gradient norm: 124.60435420780522
PROGRESS    Completed epoch 1564 / 2000;    current loss: 0.9935375452041626
INFO Gradient norm: 40.93639474065588
PROGRESS    Completed epoch 1565 / 2000;    current loss: 0.9702689051628113
INFO Gradient norm: 122.41273594757739
PROGRESS    Completed epoch 1566 / 2000;    current loss: 0.9975199699401855
INFO Gradient norm: 155.30872758080946
PROGRESS    Completed epoch 1567 / 2000;    current loss: 1.0158690214157104
INFO Gradient norm: 81.3195418956955
PROGRESS    Completed epoch 1568 / 2000;    current loss: 0.9775095582008362
INFO Gradient norm: 96.3107808263156
PROGRESS    Completed epoch 1569 / 2000;    current loss: 0.9792346954345703
INFO Gradient norm: 145.96851882797293
PROGRESS    Completed epoch 1570 / 2000;    current loss: 0.9995793104171753
INFO Gradient norm: 73.7953027977418
PROGRESS    Completed epoch 1571 / 2000;    current loss: 0.969555139541626
INFO Gradient norm: 90.84622282028374
PROGRESS    Completed epoch 1572 / 2000;    current loss: 0.9754396677017212
INFO Gradient norm: 126.21783345066393
PROGRESS    Completed epoch 1573 / 2000;    current loss: 0.9906887412071228
INFO Gradient norm: 62.05908178868489
PROGRESS    Completed epoch 1574 / 2000;    current loss: 0.9667738080024719
INFO Gradient norm: 101.35792721708042
PROGRESS    Completed epoch 1575 / 2000;    current loss: 0.9796956181526184
INFO Gradient norm: 136.08030923990853
PROGRESS    Completed epoch 1576 / 2000;    current loss: 0.9967871904373169
INFO Gradient norm: 51.475121748053596
PROGRESS    Completed epoch 1577 / 2000;    current loss: 0.9700267314910889
INFO Gradient norm: 114.1437682002876
PROGRESS    Completed epoch 1578 / 2000;    current loss: 0.9916803240776062
INFO Gradient norm: 149.5542353735062
PROGRESS    Completed epoch 1579 / 2000;    current loss: 1.010599970817566
INFO Gradient norm: 79.94311889627147
PROGRESS    Completed epoch 1580 / 2000;    current loss: 0.9763737916946411
INFO Gradient norm: 91.78209744283824
PROGRESS    Completed epoch 1581 / 2000;    current loss: 0.9779117107391357
INFO Gradient norm: 137.0027043734415
PROGRESS    Completed epoch 1582 / 2000;    current loss: 0.9960169792175293
INFO Gradient norm: 61.468960862592745
PROGRESS    Completed epoch 1583 / 2000;    current loss: 0.9685944318771362
INFO Gradient norm: 99.87285510526067
PROGRESS    Completed epoch 1584 / 2000;    current loss: 0.9806869029998779
INFO Gradient norm: 135.72029533514538
PROGRESS    Completed epoch 1585 / 2000;    current loss: 0.9980165958404541
INFO Gradient norm: 68.72083754682143
PROGRESS    Completed epoch 1586 / 2000;    current loss: 0.9697772860527039
INFO Gradient norm: 100.3881862041272
PROGRESS    Completed epoch 1587 / 2000;    current loss: 0.9787347316741943
INFO Gradient norm: 142.00189623692424
PROGRESS    Completed epoch 1588 / 2000;    current loss: 0.9975230693817139
INFO Gradient norm: 63.536397343474086
PROGRESS    Completed epoch 1589 / 2000;    current loss: 0.9690897464752197
INFO Gradient norm: 98.39243661475355
PROGRESS    Completed epoch 1590 / 2000;    current loss: 0.980491042137146
INFO Gradient norm: 133.26107014800658
PROGRESS    Completed epoch 1591 / 2000;    current loss: 0.9966527819633484
INFO Gradient norm: 62.64461912922536
PROGRESS    Completed epoch 1592 / 2000;    current loss: 0.9665009379386902
INFO Gradient norm: 108.19931559975944
PROGRESS    Completed epoch 1593 / 2000;    current loss: 0.978571355342865
INFO Gradient norm: 144.4237022043721
PROGRESS    Completed epoch 1594 / 2000;    current loss: 0.9964969158172607
INFO Gradient norm: 59.01561174622919
PROGRESS    Completed epoch 1595 / 2000;    current loss: 0.9672437310218811
INFO Gradient norm: 107.56395021453852
PROGRESS    Completed epoch 1596 / 2000;    current loss: 0.9850178956985474
INFO Gradient norm: 143.2567884360107
PROGRESS    Completed epoch 1597 / 2000;    current loss: 1.0031628608703613
INFO Gradient norm: 72.80524843379038
PROGRESS    Completed epoch 1598 / 2000;    current loss: 0.9697719812393188
INFO Gradient norm: 93.97161351120991
PROGRESS    Completed epoch 1599 / 2000;    current loss: 0.9751280546188354
INFO Gradient norm: 125.1486910077734
PROGRESS    Completed epoch 1600 / 2000;    current loss: 0.9909200072288513
INFO Gradient norm: 40.476863761788564
PROGRESS    Completed epoch 1601 / 2000;    current loss: 0.968755841255188
INFO Gradient norm: 121.61293431694632
PROGRESS    Completed epoch 1602 / 2000;    current loss: 0.996972382068634
INFO Gradient norm: 155.7794813164338
PROGRESS    Completed epoch 1603 / 2000;    current loss: 1.0169247388839722
INFO Gradient norm: 84.92603663577681
PROGRESS    Completed epoch 1604 / 2000;    current loss: 0.9803977012634277
INFO Gradient norm: 85.36288789243811
PROGRESS    Completed epoch 1605 / 2000;    current loss: 0.9784937500953674
INFO Gradient norm: 131.2951353442469
PROGRESS    Completed epoch 1606 / 2000;    current loss: 0.996310293674469
INFO Gradient norm: 59.585170380725664
PROGRESS    Completed epoch 1607 / 2000;    current loss: 0.9714750647544861
INFO Gradient norm: 94.58355196575911
PROGRESS    Completed epoch 1608 / 2000;    current loss: 0.9811639785766602
INFO Gradient norm: 122.86509641799987
PROGRESS    Completed epoch 1609 / 2000;    current loss: 0.9916243553161621
INFO Gradient norm: 47.51817338761569
PROGRESS    Completed epoch 1610 / 2000;    current loss: 0.9622600078582764
INFO Gradient norm: 109.53318215879393
PROGRESS    Completed epoch 1611 / 2000;    current loss: 0.9812485575675964
INFO Gradient norm: 133.48678779599905
PROGRESS    Completed epoch 1612 / 2000;    current loss: 0.9958694577217102
INFO Gradient norm: 41.27605580043086
PROGRESS    Completed epoch 1613 / 2000;    current loss: 0.9710653424263
INFO Gradient norm: 127.2358306391018
PROGRESS    Completed epoch 1614 / 2000;    current loss: 1.0031505823135376
INFO Gradient norm: 165.60888538813668
PROGRESS    Completed epoch 1615 / 2000;    current loss: 1.027380347251892
INFO Gradient norm: 97.33757046474724
PROGRESS    Completed epoch 1616 / 2000;    current loss: 0.9891332387924194
INFO Gradient norm: 72.58014243425706
PROGRESS    Completed epoch 1617 / 2000;    current loss: 0.9783029556274414
INFO Gradient norm: 120.635406108461
PROGRESS    Completed epoch 1618 / 2000;    current loss: 0.9940574169158936
INFO Gradient norm: 49.73058199505812
PROGRESS    Completed epoch 1619 / 2000;    current loss: 0.9722317457199097
INFO Gradient norm: 103.65468296804042
PROGRESS    Completed epoch 1620 / 2000;    current loss: 0.9879127740859985
INFO Gradient norm: 128.98033906793734
PROGRESS    Completed epoch 1621 / 2000;    current loss: 0.9974101185798645
INFO Gradient norm: 48.58777779813191
PROGRESS    Completed epoch 1622 / 2000;    current loss: 0.9644567370414734
INFO Gradient norm: 129.56080291871365
PROGRESS    Completed epoch 1623 / 2000;    current loss: 0.9864614605903625
INFO Gradient norm: 172.02878780128952
PROGRESS    Completed epoch 1624 / 2000;    current loss: 1.0088632106781006
INFO Gradient norm: 87.34123144797397
PROGRESS    Completed epoch 1625 / 2000;    current loss: 0.9720709323883057
INFO Gradient norm: 80.53800821070249
PROGRESS    Completed epoch 1626 / 2000;    current loss: 0.9738925695419312
INFO Gradient norm: 116.46403236319964
PROGRESS    Completed epoch 1627 / 2000;    current loss: 0.9906203150749207
INFO Gradient norm: 47.758523525419655
PROGRESS    Completed epoch 1628 / 2000;    current loss: 0.9684293866157532
INFO Gradient norm: 118.36617117760952
PROGRESS    Completed epoch 1629 / 2000;    current loss: 0.9894679188728333
INFO Gradient norm: 158.58448458755018
PROGRESS    Completed epoch 1630 / 2000;    current loss: 1.0100786685943604
INFO Gradient norm: 81.56247571377439
PROGRESS    Completed epoch 1631 / 2000;    current loss: 0.977688729763031
INFO Gradient norm: 80.6550345581234
PROGRESS    Completed epoch 1632 / 2000;    current loss: 0.9785615801811218
INFO Gradient norm: 116.8370175727223
PROGRESS    Completed epoch 1633 / 2000;    current loss: 0.9926329851150513
INFO Gradient norm: 49.52263240654738
PROGRESS    Completed epoch 1634 / 2000;    current loss: 0.9680079817771912
INFO Gradient norm: 107.633701645583
PROGRESS    Completed epoch 1635 / 2000;    current loss: 0.9840748310089111
INFO Gradient norm: 141.1623410509483
PROGRESS    Completed epoch 1636 / 2000;    current loss: 0.9994971752166748
INFO Gradient norm: 61.106675639223596
PROGRESS    Completed epoch 1637 / 2000;    current loss: 0.9704154133796692
INFO Gradient norm: 97.1349701562119
PROGRESS    Completed epoch 1638 / 2000;    current loss: 0.9813849925994873
INFO Gradient norm: 131.9401519145146
PROGRESS    Completed epoch 1639 / 2000;    current loss: 0.9963477253913879
INFO Gradient norm: 67.84902095070039
PROGRESS    Completed epoch 1640 / 2000;    current loss: 0.9678903222084045
INFO Gradient norm: 83.63997018005698
PROGRESS    Completed epoch 1641 / 2000;    current loss: 0.9727027416229248
INFO Gradient norm: 115.52252307830992
PROGRESS    Completed epoch 1642 / 2000;    current loss: 0.9858116507530212
INFO Gradient norm: 34.85857691216815
PROGRESS    Completed epoch 1643 / 2000;    current loss: 0.965466320514679
INFO Gradient norm: 118.55398708175636
PROGRESS    Completed epoch 1644 / 2000;    current loss: 0.9922909736633301
INFO Gradient norm: 147.93995040068404
PROGRESS    Completed epoch 1645 / 2000;    current loss: 1.007814884185791
INFO Gradient norm: 74.92868362849613
PROGRESS    Completed epoch 1646 / 2000;    current loss: 0.971337616443634
INFO Gradient norm: 97.02663276077784
PROGRESS    Completed epoch 1647 / 2000;    current loss: 0.9743290543556213
INFO Gradient norm: 146.5912773895093
PROGRESS    Completed epoch 1648 / 2000;    current loss: 0.9947532415390015
INFO Gradient norm: 75.50147966856801
PROGRESS    Completed epoch 1649 / 2000;    current loss: 0.9663667678833008
INFO Gradient norm: 78.07845922424872
PROGRESS    Completed epoch 1650 / 2000;    current loss: 0.9677579402923584
INFO Gradient norm: 115.17837851473884
PROGRESS    Completed epoch 1651 / 2000;    current loss: 0.9830721616744995
INFO Gradient norm: 51.00908875385287
PROGRESS    Completed epoch 1652 / 2000;    current loss: 0.960039496421814
INFO Gradient norm: 108.0631735116093
PROGRESS    Completed epoch 1653 / 2000;    current loss: 0.9749359488487244
INFO Gradient norm: 142.65974159161888
PROGRESS    Completed epoch 1654 / 2000;    current loss: 0.9911460876464844
INFO Gradient norm: 62.882479922731946
PROGRESS    Completed epoch 1655 / 2000;    current loss: 0.9623879790306091
INFO Gradient norm: 95.19300400856964
PROGRESS    Completed epoch 1656 / 2000;    current loss: 0.9737973809242249
INFO Gradient norm: 129.3014723760165
PROGRESS    Completed epoch 1657 / 2000;    current loss: 0.9888020753860474
INFO Gradient norm: 62.38944085613879
PROGRESS    Completed epoch 1658 / 2000;    current loss: 0.9596061110496521
INFO Gradient norm: 89.76618284124882
PROGRESS    Completed epoch 1659 / 2000;    current loss: 0.9671469330787659
INFO Gradient norm: 114.8270455261315
PROGRESS    Completed epoch 1660 / 2000;    current loss: 0.980469822883606
INFO Gradient norm: 32.947176068382284
PROGRESS    Completed epoch 1661 / 2000;    current loss: 0.9616250395774841
INFO Gradient norm: 118.28694504513724
PROGRESS    Completed epoch 1662 / 2000;    current loss: 0.9897587299346924
INFO Gradient norm: 150.59746527193985
PROGRESS    Completed epoch 1663 / 2000;    current loss: 1.008589267730713
INFO Gradient norm: 84.83473426366669
PROGRESS    Completed epoch 1664 / 2000;    current loss: 0.9752277135848999
INFO Gradient norm: 75.43099891734221
PROGRESS    Completed epoch 1665 / 2000;    current loss: 0.9699159264564514
INFO Gradient norm: 126.21820967572914
PROGRESS    Completed epoch 1666 / 2000;    current loss: 0.986343502998352
INFO Gradient norm: 65.84522429181959
PROGRESS    Completed epoch 1667 / 2000;    current loss: 0.9630061388015747
INFO Gradient norm: 74.98122473161966
PROGRESS    Completed epoch 1668 / 2000;    current loss: 0.9633421897888184
INFO Gradient norm: 99.18519229018182
PROGRESS    Completed epoch 1669 / 2000;    current loss: 0.9687621593475342
INFO Gradient norm: 42.497888103366506
PROGRESS    Completed epoch 1670 / 2000;    current loss: 0.9530928730964661
INFO Gradient norm: 99.97728630001626
PROGRESS    Completed epoch 1671 / 2000;    current loss: 0.9701170921325684
INFO Gradient norm: 124.2068491533686
PROGRESS    Completed epoch 1672 / 2000;    current loss: 0.9829573631286621
INFO Gradient norm: 40.31391723686283
PROGRESS    Completed epoch 1673 / 2000;    current loss: 0.9606317281723022
INFO Gradient norm: 114.68849192082129
PROGRESS    Completed epoch 1674 / 2000;    current loss: 0.9861853122711182
INFO Gradient norm: 149.23015749638085
PROGRESS    Completed epoch 1675 / 2000;    current loss: 1.0055543184280396
INFO Gradient norm: 84.48314314009006
PROGRESS    Completed epoch 1676 / 2000;    current loss: 0.9720444679260254
INFO Gradient norm: 75.94523605482497
PROGRESS    Completed epoch 1677 / 2000;    current loss: 0.9657357335090637
INFO Gradient norm: 120.3016911611342
PROGRESS    Completed epoch 1678 / 2000;    current loss: 0.9806870818138123
INFO Gradient norm: 52.890263103186676
PROGRESS    Completed epoch 1679 / 2000;    current loss: 0.959272563457489
INFO Gradient norm: 91.41846334275343
PROGRESS    Completed epoch 1680 / 2000;    current loss: 0.9701622724533081
INFO Gradient norm: 114.82840970253935
PROGRESS    Completed epoch 1681 / 2000;    current loss: 0.9782807230949402
INFO Gradient norm: 42.48941606093126
PROGRESS    Completed epoch 1682 / 2000;    current loss: 0.9522766470909119
INFO Gradient norm: 104.6840914089741
PROGRESS    Completed epoch 1683 / 2000;    current loss: 0.9709513187408447
INFO Gradient norm: 135.9912367704591
PROGRESS    Completed epoch 1684 / 2000;    current loss: 0.9870837926864624
INFO Gradient norm: 59.44109252944981
PROGRESS    Completed epoch 1685 / 2000;    current loss: 0.96189945936203
INFO Gradient norm: 92.42245578560036
PROGRESS    Completed epoch 1686 / 2000;    current loss: 0.9735692143440247
INFO Gradient norm: 126.26046800973116
PROGRESS    Completed epoch 1687 / 2000;    current loss: 0.9888872504234314
INFO Gradient norm: 62.61957213764406
PROGRESS    Completed epoch 1688 / 2000;    current loss: 0.9621779918670654
INFO Gradient norm: 85.24749389412635
PROGRESS    Completed epoch 1689 / 2000;    current loss: 0.96844083070755
INFO Gradient norm: 120.84770664212851
PROGRESS    Completed epoch 1690 / 2000;    current loss: 0.9825606942176819
INFO Gradient norm: 50.50962951925472
PROGRESS    Completed epoch 1691 / 2000;    current loss: 0.9608567953109741
INFO Gradient norm: 93.77489289144043
PROGRESS    Completed epoch 1692 / 2000;    current loss: 0.9731007814407349
INFO Gradient norm: 123.02839229058667
PROGRESS    Completed epoch 1693 / 2000;    current loss: 0.9848425984382629
INFO Gradient norm: 57.01475088687881
PROGRESS    Completed epoch 1694 / 2000;    current loss: 0.9573429822921753
INFO Gradient norm: 87.19748535416264
PROGRESS    Completed epoch 1695 / 2000;    current loss: 0.966051459312439
INFO Gradient norm: 114.58436386941874
PROGRESS    Completed epoch 1696 / 2000;    current loss: 0.9791300296783447
INFO Gradient norm: 36.964325330218834
PROGRESS    Completed epoch 1697 / 2000;    current loss: 0.9603803753852844
INFO Gradient norm: 110.60324516705126
PROGRESS    Completed epoch 1698 / 2000;    current loss: 0.9843711853027344
INFO Gradient norm: 141.31902587265643
PROGRESS    Completed epoch 1699 / 2000;    current loss: 1.0006558895111084
INFO Gradient norm: 75.24699226350647
PROGRESS    Completed epoch 1700 / 2000;    current loss: 0.9688687920570374
INFO Gradient norm: 83.08832547580954
PROGRESS    Completed epoch 1701 / 2000;    current loss: 0.968132495880127
INFO Gradient norm: 124.78716855394988
PROGRESS    Completed epoch 1702 / 2000;    current loss: 0.9840140342712402
INFO Gradient norm: 56.247887436419596
PROGRESS    Completed epoch 1703 / 2000;    current loss: 0.9622707366943359
INFO Gradient norm: 88.39550347409806
PROGRESS    Completed epoch 1704 / 2000;    current loss: 0.9722819328308105
INFO Gradient norm: 116.15115071723514
PROGRESS    Completed epoch 1705 / 2000;    current loss: 0.9828463196754456
INFO Gradient norm: 46.62985285009546
PROGRESS    Completed epoch 1706 / 2000;    current loss: 0.956406831741333
INFO Gradient norm: 114.34873138074678
PROGRESS    Completed epoch 1707 / 2000;    current loss: 0.9728091359138489
INFO Gradient norm: 149.77852205943398
PROGRESS    Completed epoch 1708 / 2000;    current loss: 0.9904893636703491
INFO Gradient norm: 74.18170184239118
PROGRESS    Completed epoch 1709 / 2000;    current loss: 0.9614427089691162
INFO Gradient norm: 73.3645891636689
PROGRESS    Completed epoch 1710 / 2000;    current loss: 0.9638580679893494
INFO Gradient norm: 103.5302769061226
PROGRESS    Completed epoch 1711 / 2000;    current loss: 0.9759835004806519
INFO Gradient norm: 38.63957377133361
PROGRESS    Completed epoch 1712 / 2000;    current loss: 0.9564721584320068
INFO Gradient norm: 112.45517587297103
PROGRESS    Completed epoch 1713 / 2000;    current loss: 0.9759618639945984
INFO Gradient norm: 149.22224525590073
PROGRESS    Completed epoch 1714 / 2000;    current loss: 0.993355393409729
INFO Gradient norm: 79.67669548469271
PROGRESS    Completed epoch 1715 / 2000;    current loss: 0.9638669490814209
INFO Gradient norm: 68.262453229397
PROGRESS    Completed epoch 1716 / 2000;    current loss: 0.960967481136322
INFO Gradient norm: 102.24217596621205
PROGRESS    Completed epoch 1717 / 2000;    current loss: 0.9719756841659546
INFO Gradient norm: 41.88392561396699
PROGRESS    Completed epoch 1718 / 2000;    current loss: 0.9514692425727844
INFO Gradient norm: 101.80288349224342
PROGRESS    Completed epoch 1719 / 2000;    current loss: 0.9652968645095825
INFO Gradient norm: 125.34723655555057
PROGRESS    Completed epoch 1720 / 2000;    current loss: 0.9763432741165161
INFO Gradient norm: 42.943124277959036
PROGRESS    Completed epoch 1721 / 2000;    current loss: 0.9527985453605652
INFO Gradient norm: 107.37018799249304
PROGRESS    Completed epoch 1722 / 2000;    current loss: 0.9745103120803833
INFO Gradient norm: 143.2748409608728
PROGRESS    Completed epoch 1723 / 2000;    current loss: 0.9936965703964233
INFO Gradient norm: 84.86191001703334
PROGRESS    Completed epoch 1724 / 2000;    current loss: 0.963502049446106
INFO Gradient norm: 63.77725846949339
PROGRESS    Completed epoch 1725 / 2000;    current loss: 0.9537731409072876
INFO Gradient norm: 95.82909588791637
PROGRESS    Completed epoch 1726 / 2000;    current loss: 0.9648118019104004
INFO Gradient norm: 23.329118502354856
PROGRESS    Completed epoch 1727 / 2000;    current loss: 0.9515286684036255
INFO Gradient norm: 109.80176198347792
PROGRESS    Completed epoch 1728 / 2000;    current loss: 0.9767295718193054
INFO Gradient norm: 133.67342973613296
PROGRESS    Completed epoch 1729 / 2000;    current loss: 0.989180862903595
INFO Gradient norm: 66.47648000321834
PROGRESS    Completed epoch 1730 / 2000;    current loss: 0.9593591690063477
INFO Gradient norm: 88.3934429704076
PROGRESS    Completed epoch 1731 / 2000;    current loss: 0.9634778499603271
INFO Gradient norm: 131.65509160370144
PROGRESS    Completed epoch 1732 / 2000;    current loss: 0.9812102913856506
INFO Gradient norm: 69.0253675358631
PROGRESS    Completed epoch 1733 / 2000;    current loss: 0.9584602117538452
INFO Gradient norm: 67.91814623885313
PROGRESS    Completed epoch 1734 / 2000;    current loss: 0.9583073258399963
INFO Gradient norm: 95.74532272401777
PROGRESS    Completed epoch 1735 / 2000;    current loss: 0.9666861295700073
INFO Gradient norm: 32.55817400405785
PROGRESS    Completed epoch 1736 / 2000;    current loss: 0.9473887085914612
INFO Gradient norm: 103.89622237748688
PROGRESS    Completed epoch 1737 / 2000;    current loss: 0.9650096297264099
INFO Gradient norm: 121.1880538007104
PROGRESS    Completed epoch 1738 / 2000;    current loss: 0.9752673506736755
INFO Gradient norm: 38.60140135658292
PROGRESS    Completed epoch 1739 / 2000;    current loss: 0.9538018703460693
INFO Gradient norm: 109.65082624306753
PROGRESS    Completed epoch 1740 / 2000;    current loss: 0.978082001209259
INFO Gradient norm: 145.39419168804855
PROGRESS    Completed epoch 1741 / 2000;    current loss: 0.9981245994567871
INFO Gradient norm: 88.17728364449682
PROGRESS    Completed epoch 1742 / 2000;    current loss: 0.9682323932647705
INFO Gradient norm: 57.330078311112736
PROGRESS    Completed epoch 1743 / 2000;    current loss: 0.9563356637954712
INFO Gradient norm: 99.4310331098254
PROGRESS    Completed epoch 1744 / 2000;    current loss: 0.967402458190918
INFO Gradient norm: 39.10841830289738
PROGRESS    Completed epoch 1745 / 2000;    current loss: 0.9514535665512085
INFO Gradient norm: 90.35017152319246
PROGRESS    Completed epoch 1746 / 2000;    current loss: 0.9642586708068848
INFO Gradient norm: 105.3033274892801
PROGRESS    Completed epoch 1747 / 2000;    current loss: 0.9687730073928833
INFO Gradient norm: 29.64619608098223
PROGRESS    Completed epoch 1748 / 2000;    current loss: 0.9441483020782471
INFO Gradient norm: 124.71028779430404
PROGRESS    Completed epoch 1749 / 2000;    current loss: 0.9683828353881836
INFO Gradient norm: 152.0696251571317
PROGRESS    Completed epoch 1750 / 2000;    current loss: 0.9849410057067871
INFO Gradient norm: 78.49996314009921
PROGRESS    Completed epoch 1751 / 2000;    current loss: 0.9555872678756714
INFO Gradient norm: 69.06446220189088
PROGRESS    Completed epoch 1752 / 2000;    current loss: 0.9556513428688049
INFO Gradient norm: 106.81182664574038
PROGRESS    Completed epoch 1753 / 2000;    current loss: 0.970779299736023
INFO Gradient norm: 55.83078226874238
PROGRESS    Completed epoch 1754 / 2000;    current loss: 0.9535616636276245
INFO Gradient norm: 78.96676356401181
PROGRESS    Completed epoch 1755 / 2000;    current loss: 0.9592381119728088
INFO Gradient norm: 113.30793667096006
PROGRESS    Completed epoch 1756 / 2000;    current loss: 0.9712104797363281
INFO Gradient norm: 49.765719837449204
PROGRESS    Completed epoch 1757 / 2000;    current loss: 0.9511786699295044
INFO Gradient norm: 83.01825615896458
PROGRESS    Completed epoch 1758 / 2000;    current loss: 0.9592339396476746
INFO Gradient norm: 109.75793121810067
PROGRESS    Completed epoch 1759 / 2000;    current loss: 0.9681469202041626
INFO Gradient norm: 48.245193257679915
PROGRESS    Completed epoch 1760 / 2000;    current loss: 0.9442954659461975
INFO Gradient norm: 82.09357255605049
PROGRESS    Completed epoch 1761 / 2000;    current loss: 0.9532967209815979
INFO Gradient norm: 102.20239975909648
PROGRESS    Completed epoch 1762 / 2000;    current loss: 0.9637255072593689
INFO Gradient norm: 26.68562249108639
PROGRESS    Completed epoch 1763 / 2000;    current loss: 0.9487155675888062
INFO Gradient norm: 108.45897202147553
PROGRESS    Completed epoch 1764 / 2000;    current loss: 0.9741440415382385
INFO Gradient norm: 135.824230245913
PROGRESS    Completed epoch 1765 / 2000;    current loss: 0.9889736771583557
INFO Gradient norm: 76.85840697763162
PROGRESS    Completed epoch 1766 / 2000;    current loss: 0.9615368247032166
INFO Gradient norm: 68.1856703460876
PROGRESS    Completed epoch 1767 / 2000;    current loss: 0.9567867517471313
INFO Gradient norm: 115.6718977947393
PROGRESS    Completed epoch 1768 / 2000;    current loss: 0.9712821245193481
INFO Gradient norm: 63.26791188004791
PROGRESS    Completed epoch 1769 / 2000;    current loss: 0.9521531462669373
INFO Gradient norm: 62.247935322540066
PROGRESS    Completed epoch 1770 / 2000;    current loss: 0.9503989219665527
INFO Gradient norm: 82.68147020083761
PROGRESS    Completed epoch 1771 / 2000;    current loss: 0.9538503885269165
INFO Gradient norm: 18.66439790693586
PROGRESS    Completed epoch 1772 / 2000;    current loss: 0.9372055530548096
INFO Gradient norm: 96.42442698344352
PROGRESS    Completed epoch 1773 / 2000;    current loss: 0.9564440846443176
INFO Gradient norm: 105.27446179683116
PROGRESS    Completed epoch 1774 / 2000;    current loss: 0.9630481004714966
INFO Gradient norm: 22.917808619129115
PROGRESS    Completed epoch 1775 / 2000;    current loss: 0.9458967447280884
INFO Gradient norm: 114.56534115210356
PROGRESS    Completed epoch 1776 / 2000;    current loss: 0.9739080667495728
INFO Gradient norm: 148.44277551253361
PROGRESS    Completed epoch 1777 / 2000;    current loss: 0.9938908815383911
INFO Gradient norm: 96.62282812136182
PROGRESS    Completed epoch 1778 / 2000;    current loss: 0.9661228656768799
INFO Gradient norm: 37.71404234244695
PROGRESS    Completed epoch 1779 / 2000;    current loss: 0.9486794471740723
INFO Gradient norm: 78.25632052108296
PROGRESS    Completed epoch 1780 / 2000;    current loss: 0.9567114114761353
INFO Gradient norm: 29.551264505486525
PROGRESS    Completed epoch 1781 / 2000;    current loss: 0.9446150660514832
INFO Gradient norm: 80.41814033302329
PROGRESS    Completed epoch 1782 / 2000;    current loss: 0.9545301198959351
INFO Gradient norm: 88.68483251284381
PROGRESS    Completed epoch 1783 / 2000;    current loss: 0.9552141427993774
INFO Gradient norm: 13.273609143882913
PROGRESS    Completed epoch 1784 / 2000;    current loss: 0.9356967210769653
INFO Gradient norm: 121.51200971259522
PROGRESS    Completed epoch 1785 / 2000;    current loss: 0.960655152797699
INFO Gradient norm: 144.62467780286556
PROGRESS    Completed epoch 1786 / 2000;    current loss: 0.9718554615974426
INFO Gradient norm: 62.35966033329749
PROGRESS    Completed epoch 1787 / 2000;    current loss: 0.9420525431632996
INFO Gradient norm: 85.08654222255515
PROGRESS    Completed epoch 1788 / 2000;    current loss: 0.9518807530403137
INFO Gradient norm: 125.8059475662589
PROGRESS    Completed epoch 1789 / 2000;    current loss: 0.9714210033416748
INFO Gradient norm: 78.5681842106876
PROGRESS    Completed epoch 1790 / 2000;    current loss: 0.9493628144264221
INFO Gradient norm: 51.85131315898826
PROGRESS    Completed epoch 1791 / 2000;    current loss: 0.9395031332969666
INFO Gradient norm: 85.59420829264654
PROGRESS    Completed epoch 1792 / 2000;    current loss: 0.9474270343780518
INFO Gradient norm: 27.221284315156314
PROGRESS    Completed epoch 1793 / 2000;    current loss: 0.9340811967849731
INFO Gradient norm: 89.91662683927666
PROGRESS    Completed epoch 1794 / 2000;    current loss: 0.9484444856643677
INFO Gradient norm: 107.81871251419642
PROGRESS    Completed epoch 1795 / 2000;    current loss: 0.9541739225387573
INFO Gradient norm: 55.10658416606606
PROGRESS    Completed epoch 1796 / 2000;    current loss: 0.9359471201896667
INFO Gradient norm: 77.2300903033124
PROGRESS    Completed epoch 1797 / 2000;    current loss: 0.9411947131156921
INFO Gradient norm: 114.21289759174441
PROGRESS    Completed epoch 1798 / 2000;    current loss: 0.9548419117927551
INFO Gradient norm: 55.93446096686011
PROGRESS    Completed epoch 1799 / 2000;    current loss: 0.9362552762031555
INFO Gradient norm: 68.35662089639118
PROGRESS    Completed epoch 1800 / 2000;    current loss: 0.9396166801452637
INFO Gradient norm: 94.34173791123676
PROGRESS    Completed epoch 1801 / 2000;    current loss: 0.9477931261062622
INFO Gradient norm: 40.0156126255647
PROGRESS    Completed epoch 1802 / 2000;    current loss: 0.9302723407745361
INFO Gradient norm: 84.75594569575955
PROGRESS    Completed epoch 1803 / 2000;    current loss: 0.9406945109367371
INFO Gradient norm: 105.42774656814638
PROGRESS    Completed epoch 1804 / 2000;    current loss: 0.9505541324615479
INFO Gradient norm: 35.75064450823241
PROGRESS    Completed epoch 1805 / 2000;    current loss: 0.9336996078491211
INFO Gradient norm: 94.83484663274655
PROGRESS    Completed epoch 1806 / 2000;    current loss: 0.9521787762641907
INFO Gradient norm: 125.80292462228351
PROGRESS    Completed epoch 1807 / 2000;    current loss: 0.9679831266403198
INFO Gradient norm: 73.56658834575911
PROGRESS    Completed epoch 1808 / 2000;    current loss: 0.9443226456642151
INFO Gradient norm: 58.75330040197468
PROGRESS    Completed epoch 1809 / 2000;    current loss: 0.9380707144737244
INFO Gradient norm: 101.23727213271007
PROGRESS    Completed epoch 1810 / 2000;    current loss: 0.9493270516395569
INFO Gradient norm: 51.600589804407704
PROGRESS    Completed epoch 1811 / 2000;    current loss: 0.9330495595932007
INFO Gradient norm: 65.3978201462596
PROGRESS    Completed epoch 1812 / 2000;    current loss: 0.9350628852844238
INFO Gradient norm: 86.98686794785243
PROGRESS    Completed epoch 1813 / 2000;    current loss: 0.9403096437454224
INFO Gradient norm: 30.76653939074834
PROGRESS    Completed epoch 1814 / 2000;    current loss: 0.9240912199020386
INFO Gradient norm: 83.011322070378
PROGRESS    Completed epoch 1815 / 2000;    current loss: 0.9378117918968201
INFO Gradient norm: 103.59228594548334
PROGRESS    Completed epoch 1816 / 2000;    current loss: 0.9470937848091125
INFO Gradient norm: 37.140790531860645
PROGRESS    Completed epoch 1817 / 2000;    current loss: 0.9302712082862854
INFO Gradient norm: 88.9008681284224
PROGRESS    Completed epoch 1818 / 2000;    current loss: 0.9450827836990356
INFO Gradient norm: 116.59221046188371
PROGRESS    Completed epoch 1819 / 2000;    current loss: 0.9573673009872437
INFO Gradient norm: 62.23868484514411
PROGRESS    Completed epoch 1820 / 2000;    current loss: 0.9346340894699097
INFO Gradient norm: 65.77331612587406
PROGRESS    Completed epoch 1821 / 2000;    current loss: 0.9343684315681458
INFO Gradient norm: 105.04190620773605
PROGRESS    Completed epoch 1822 / 2000;    current loss: 0.9462481141090393
INFO Gradient norm: 54.789515532150205
PROGRESS    Completed epoch 1823 / 2000;    current loss: 0.9293797016143799
INFO Gradient norm: 60.8405730032016
PROGRESS    Completed epoch 1824 / 2000;    current loss: 0.9295347929000854
INFO Gradient norm: 93.28619037178125
PROGRESS    Completed epoch 1825 / 2000;    current loss: 0.9418823719024658
INFO Gradient norm: 46.07023428596005
PROGRESS    Completed epoch 1826 / 2000;    current loss: 0.9280173182487488
INFO Gradient norm: 75.9816237268285
PROGRESS    Completed epoch 1827 / 2000;    current loss: 0.9354413747787476
INFO Gradient norm: 104.84681051680808
PROGRESS    Completed epoch 1828 / 2000;    current loss: 0.9464871883392334
INFO Gradient norm: 45.68768651431808
PROGRESS    Completed epoch 1829 / 2000;    current loss: 0.9298065304756165
INFO Gradient norm: 75.87766216222214
PROGRESS    Completed epoch 1830 / 2000;    current loss: 0.9381712675094604
INFO Gradient norm: 101.06059422197384
PROGRESS    Completed epoch 1831 / 2000;    current loss: 0.9470381736755371
INFO Gradient norm: 45.299308486788924
PROGRESS    Completed epoch 1832 / 2000;    current loss: 0.9264482259750366
INFO Gradient norm: 75.55657977573985
PROGRESS    Completed epoch 1833 / 2000;    current loss: 0.9337286949157715
INFO Gradient norm: 97.61293194715151
PROGRESS    Completed epoch 1834 / 2000;    current loss: 0.9439492225646973
INFO Gradient norm: 34.70674731476033
PROGRESS    Completed epoch 1835 / 2000;    current loss: 0.9298497438430786
INFO Gradient norm: 86.73343022208398
PROGRESS    Completed epoch 1836 / 2000;    current loss: 0.9449840188026428
INFO Gradient norm: 113.4577611653958
PROGRESS    Completed epoch 1837 / 2000;    current loss: 0.9570663571357727
INFO Gradient norm: 62.4641050325793
PROGRESS    Completed epoch 1838 / 2000;    current loss: 0.936331033706665
INFO Gradient norm: 63.97811634449339
PROGRESS    Completed epoch 1839 / 2000;    current loss: 0.9349009990692139
INFO Gradient norm: 103.93302881200667
PROGRESS    Completed epoch 1840 / 2000;    current loss: 0.946234941482544
INFO Gradient norm: 56.2020782906495
PROGRESS    Completed epoch 1841 / 2000;    current loss: 0.9294627904891968
INFO Gradient norm: 56.19319902522241
PROGRESS    Completed epoch 1842 / 2000;    current loss: 0.9276105761528015
INFO Gradient norm: 82.10369074506026
PROGRESS    Completed epoch 1843 / 2000;    current loss: 0.9346033334732056
INFO Gradient norm: 38.08705947696756
PROGRESS    Completed epoch 1844 / 2000;    current loss: 0.923922061920166
INFO Gradient norm: 80.50867386321573
PROGRESS    Completed epoch 1845 / 2000;    current loss: 0.9337500929832458
INFO Gradient norm: 108.16572465042208
PROGRESS    Completed epoch 1846 / 2000;    current loss: 0.9442363381385803
INFO Gradient norm: 48.98359579247051
PROGRESS    Completed epoch 1847 / 2000;    current loss: 0.9263656139373779
INFO Gradient norm: 72.10770628541336
PROGRESS    Completed epoch 1848 / 2000;    current loss: 0.9327501058578491
INFO Gradient norm: 98.22308020738245
PROGRESS    Completed epoch 1849 / 2000;    current loss: 0.94139564037323
INFO Gradient norm: 47.840908431583266
PROGRESS    Completed epoch 1850 / 2000;    current loss: 0.9233346581459045
INFO Gradient norm: 70.10939922624345
PROGRESS    Completed epoch 1851 / 2000;    current loss: 0.9280892610549927
INFO Gradient norm: 92.95691241094491
PROGRESS    Completed epoch 1852 / 2000;    current loss: 0.9373987317085266
INFO Gradient norm: 32.82354024918597
PROGRESS    Completed epoch 1853 / 2000;    current loss: 0.924067497253418
INFO Gradient norm: 83.40151644671951
PROGRESS    Completed epoch 1854 / 2000;    current loss: 0.9377628564834595
INFO Gradient norm: 102.64475193595602
PROGRESS    Completed epoch 1855 / 2000;    current loss: 0.9459996223449707
INFO Gradient norm: 45.64869736349052
PROGRESS    Completed epoch 1856 / 2000;    current loss: 0.9263400435447693
INFO Gradient norm: 79.78041114425771
PROGRESS    Completed epoch 1857 / 2000;    current loss: 0.9343970417976379
INFO Gradient norm: 116.68701647628473
PROGRESS    Completed epoch 1858 / 2000;    current loss: 0.9485208988189697
INFO Gradient norm: 67.54856016481912
PROGRESS    Completed epoch 1859 / 2000;    current loss: 0.9302423000335693
INFO Gradient norm: 46.5177367423088
PROGRESS    Completed epoch 1860 / 2000;    current loss: 0.9248993396759033
INFO Gradient norm: 71.58137897635766
PROGRESS    Completed epoch 1861 / 2000;    current loss: 0.9301162958145142
INFO Gradient norm: 27.213594259154085
PROGRESS    Completed epoch 1862 / 2000;    current loss: 0.9205318093299866
INFO Gradient norm: 82.050926666961
PROGRESS    Completed epoch 1863 / 2000;    current loss: 0.9324100613594055
INFO Gradient norm: 101.21042065296959
PROGRESS    Completed epoch 1864 / 2000;    current loss: 0.9398586750030518
INFO Gradient norm: 39.129262084709936
PROGRESS    Completed epoch 1865 / 2000;    current loss: 0.9225870966911316
INFO Gradient norm: 81.35377796536038
PROGRESS    Completed epoch 1866 / 2000;    current loss: 0.934141218662262
INFO Gradient norm: 111.56338147329038
PROGRESS    Completed epoch 1867 / 2000;    current loss: 0.9468450546264648
INFO Gradient norm: 65.78215394464746
PROGRESS    Completed epoch 1868 / 2000;    current loss: 0.9265878200531006
INFO Gradient norm: 44.830138185899536
PROGRESS    Completed epoch 1869 / 2000;    current loss: 0.9209489822387695
INFO Gradient norm: 68.56991249543027
PROGRESS    Completed epoch 1870 / 2000;    current loss: 0.9276335835456848
INFO Gradient norm: 16.930319795788115
PROGRESS    Completed epoch 1871 / 2000;    current loss: 0.9188728332519531
INFO Gradient norm: 81.03103436066635
PROGRESS    Completed epoch 1872 / 2000;    current loss: 0.9319282174110413
INFO Gradient norm: 90.40120181231394
PROGRESS    Completed epoch 1873 / 2000;    current loss: 0.9334229230880737
INFO Gradient norm: 39.7643932326884
PROGRESS    Completed epoch 1874 / 2000;    current loss: 0.9200260639190674
INFO Gradient norm: 78.6739313568968
PROGRESS    Completed epoch 1875 / 2000;    current loss: 0.9303810596466064
INFO Gradient norm: 111.02558954140346
PROGRESS    Completed epoch 1876 / 2000;    current loss: 0.9437894821166992
INFO Gradient norm: 59.22203568597701
PROGRESS    Completed epoch 1877 / 2000;    current loss: 0.9272613525390625
INFO Gradient norm: 53.16478464299956
PROGRESS    Completed epoch 1878 / 2000;    current loss: 0.9264761805534363
INFO Gradient norm: 77.65203909546847
PROGRESS    Completed epoch 1879 / 2000;    current loss: 0.9331021904945374
INFO Gradient norm: 27.761445397755498
PROGRESS    Completed epoch 1880 / 2000;    current loss: 0.9196380972862244
INFO Gradient norm: 86.65643206984622
PROGRESS    Completed epoch 1881 / 2000;    current loss: 0.9310504198074341
INFO Gradient norm: 114.01855777137182
PROGRESS    Completed epoch 1882 / 2000;    current loss: 0.9403620958328247
INFO Gradient norm: 59.83827749871731
PROGRESS    Completed epoch 1883 / 2000;    current loss: 0.9197932481765747
INFO Gradient norm: 53.43684115014575
PROGRESS    Completed epoch 1884 / 2000;    current loss: 0.916632890701294
INFO Gradient norm: 85.59594831214616
PROGRESS    Completed epoch 1885 / 2000;    current loss: 0.9271358251571655
INFO Gradient norm: 45.05132159215885
PROGRESS    Completed epoch 1886 / 2000;    current loss: 0.9157814383506775
INFO Gradient norm: 65.56785751112184
PROGRESS    Completed epoch 1887 / 2000;    current loss: 0.9200834035873413
INFO Gradient norm: 95.03723262911463
PROGRESS    Completed epoch 1888 / 2000;    current loss: 0.9291457533836365
INFO Gradient norm: 44.113692664968724
PROGRESS    Completed epoch 1889 / 2000;    current loss: 0.9144117832183838
INFO Gradient norm: 66.15979386388264
PROGRESS    Completed epoch 1890 / 2000;    current loss: 0.91991126537323
INFO Gradient norm: 93.83583780767592
PROGRESS    Completed epoch 1891 / 2000;    current loss: 0.9301916360855103
INFO Gradient norm: 51.23340817349729
PROGRESS    Completed epoch 1892 / 2000;    current loss: 0.9161439538002014
INFO Gradient norm: 57.96222472683038
PROGRESS    Completed epoch 1893 / 2000;    current loss: 0.9173487424850464
INFO Gradient norm: 85.5787640046372
PROGRESS    Completed epoch 1894 / 2000;    current loss: 0.9256244897842407
INFO Gradient norm: 32.272721564375104
PROGRESS    Completed epoch 1895 / 2000;    current loss: 0.9138808250427246
INFO Gradient norm: 76.23900593995144
PROGRESS    Completed epoch 1896 / 2000;    current loss: 0.9255405068397522
INFO Gradient norm: 98.11634716579998
PROGRESS    Completed epoch 1897 / 2000;    current loss: 0.9339331984519958
INFO Gradient norm: 46.85764424867121
PROGRESS    Completed epoch 1898 / 2000;    current loss: 0.9150195717811584
INFO Gradient norm: 63.24460560874885
PROGRESS    Completed epoch 1899 / 2000;    current loss: 0.9191313982009888
INFO Gradient norm: 91.2618972887109
PROGRESS    Completed epoch 1900 / 2000;    current loss: 0.9290118217468262
INFO Gradient norm: 42.189526197940324
PROGRESS    Completed epoch 1901 / 2000;    current loss: 0.9161810874938965
INFO Gradient norm: 65.48414822571537
PROGRESS    Completed epoch 1902 / 2000;    current loss: 0.922396183013916
INFO Gradient norm: 88.7768337104998
PROGRESS    Completed epoch 1903 / 2000;    current loss: 0.9302560687065125
INFO Gradient norm: 42.03042138055841
PROGRESS    Completed epoch 1904 / 2000;    current loss: 0.9152529239654541
INFO Gradient norm: 68.9193143224897
PROGRESS    Completed epoch 1905 / 2000;    current loss: 0.9202340841293335
INFO Gradient norm: 100.82352889063452
PROGRESS    Completed epoch 1906 / 2000;    current loss: 0.9298862814903259
INFO Gradient norm: 44.04044307625833
PROGRESS    Completed epoch 1907 / 2000;    current loss: 0.9148832559585571
INFO Gradient norm: 68.10263503351857
PROGRESS    Completed epoch 1908 / 2000;    current loss: 0.9224032759666443
INFO Gradient norm: 94.22608198410683
PROGRESS    Completed epoch 1909 / 2000;    current loss: 0.9321081638336182
INFO Gradient norm: 51.294575255051896
PROGRESS    Completed epoch 1910 / 2000;    current loss: 0.9173066020011902
INFO Gradient norm: 59.972448697351844
PROGRESS    Completed epoch 1911 / 2000;    current loss: 0.917873740196228
INFO Gradient norm: 93.42245050324689
PROGRESS    Completed epoch 1912 / 2000;    current loss: 0.9269275665283203
INFO Gradient norm: 48.270913469585764
PROGRESS    Completed epoch 1913 / 2000;    current loss: 0.9127324819564819
INFO Gradient norm: 61.99315080878187
PROGRESS    Completed epoch 1914 / 2000;    current loss: 0.9175445437431335
INFO Gradient norm: 88.2979957195686
PROGRESS    Completed epoch 1915 / 2000;    current loss: 0.9268720149993896
INFO Gradient norm: 43.25225233450156
PROGRESS    Completed epoch 1916 / 2000;    current loss: 0.9120314121246338
INFO Gradient norm: 63.37045786800668
PROGRESS    Completed epoch 1917 / 2000;    current loss: 0.9158912301063538
INFO Gradient norm: 85.95220884666514
PROGRESS    Completed epoch 1918 / 2000;    current loss: 0.9239640831947327
INFO Gradient norm: 29.8720985663608
PROGRESS    Completed epoch 1919 / 2000;    current loss: 0.9127354621887207
INFO Gradient norm: 76.67734725955391
PROGRESS    Completed epoch 1920 / 2000;    current loss: 0.9254235029220581
INFO Gradient norm: 98.97909171117439
PROGRESS    Completed epoch 1921 / 2000;    current loss: 0.9344341158866882
INFO Gradient norm: 50.05417200893923
PROGRESS    Completed epoch 1922 / 2000;    current loss: 0.916027307510376
INFO Gradient norm: 66.15616677639844
PROGRESS    Completed epoch 1923 / 2000;    current loss: 0.9173584580421448
INFO Gradient norm: 102.90214348699243
PROGRESS    Completed epoch 1924 / 2000;    current loss: 0.9283658862113953
INFO Gradient norm: 53.83377985741868
PROGRESS    Completed epoch 1925 / 2000;    current loss: 0.9135167598724365
INFO Gradient norm: 53.333699747247366
PROGRESS    Completed epoch 1926 / 2000;    current loss: 0.9145954847335815
INFO Gradient norm: 78.96033861528366
PROGRESS    Completed epoch 1927 / 2000;    current loss: 0.9225418567657471
INFO Gradient norm: 35.41788588924981
PROGRESS    Completed epoch 1928 / 2000;    current loss: 0.9102080464363098
INFO Gradient norm: 68.89610397683732
PROGRESS    Completed epoch 1929 / 2000;    current loss: 0.9167548418045044
INFO Gradient norm: 95.15849295324769
PROGRESS    Completed epoch 1930 / 2000;    current loss: 0.9249354600906372
INFO Gradient norm: 46.662309372002106
PROGRESS    Completed epoch 1931 / 2000;    current loss: 0.9098986387252808
INFO Gradient norm: 58.561272009961286
PROGRESS    Completed epoch 1932 / 2000;    current loss: 0.9133893251419067
INFO Gradient norm: 81.58261639489014
PROGRESS    Completed epoch 1933 / 2000;    current loss: 0.9216030836105347
INFO Gradient norm: 34.27522742341312
PROGRESS    Completed epoch 1934 / 2000;    current loss: 0.9081737399101257
INFO Gradient norm: 69.8820729678006
PROGRESS    Completed epoch 1935 / 2000;    current loss: 0.9164458513259888
INFO Gradient norm: 94.23194839053092
PROGRESS    Completed epoch 1936 / 2000;    current loss: 0.925827145576477
INFO Gradient norm: 42.66168277497539
PROGRESS    Completed epoch 1937 / 2000;    current loss: 0.9126301407814026
INFO Gradient norm: 62.00733536209297
PROGRESS    Completed epoch 1938 / 2000;    current loss: 0.918085515499115
INFO Gradient norm: 86.76368584898698
PROGRESS    Completed epoch 1939 / 2000;    current loss: 0.9266260862350464
INFO Gradient norm: 43.864055504380154
PROGRESS    Completed epoch 1940 / 2000;    current loss: 0.9125034809112549
INFO Gradient norm: 62.20869533894288
PROGRESS    Completed epoch 1941 / 2000;    current loss: 0.9147809743881226
INFO Gradient norm: 88.2286519191372
PROGRESS    Completed epoch 1942 / 2000;    current loss: 0.9226955771446228
INFO Gradient norm: 32.311897545849796
PROGRESS    Completed epoch 1943 / 2000;    current loss: 0.9110609292984009
INFO Gradient norm: 73.01517362269185
PROGRESS    Completed epoch 1944 / 2000;    current loss: 0.9226624965667725
INFO Gradient norm: 97.59856067722373
PROGRESS    Completed epoch 1945 / 2000;    current loss: 0.9330223202705383
INFO Gradient norm: 53.540049317976724
PROGRESS    Completed epoch 1946 / 2000;    current loss: 0.9165720343589783
INFO Gradient norm: 55.12177967139815
PROGRESS    Completed epoch 1947 / 2000;    current loss: 0.9150841236114502
INFO Gradient norm: 87.0475675245971
PROGRESS    Completed epoch 1948 / 2000;    current loss: 0.9237767457962036
INFO Gradient norm: 44.92737418163067
PROGRESS    Completed epoch 1949 / 2000;    current loss: 0.911642849445343
INFO Gradient norm: 51.437697861965766
PROGRESS    Completed epoch 1950 / 2000;    current loss: 0.9121473431587219
INFO Gradient norm: 75.24890256371813
PROGRESS    Completed epoch 1951 / 2000;    current loss: 0.91944420337677
INFO Gradient norm: 36.824866115602475
PROGRESS    Completed epoch 1952 / 2000;    current loss: 0.9100459814071655
INFO Gradient norm: 62.6430878969785
PROGRESS    Completed epoch 1953 / 2000;    current loss: 0.9150904417037964
INFO Gradient norm: 88.15537856834261
PROGRESS    Completed epoch 1954 / 2000;    current loss: 0.9224882125854492
INFO Gradient norm: 42.02601901259938
PROGRESS    Completed epoch 1955 / 2000;    current loss: 0.9091117978096008
INFO Gradient norm: 58.51387454929511
PROGRESS    Completed epoch 1956 / 2000;    current loss: 0.9125063419342041
INFO Gradient norm: 81.65804370453421
PROGRESS    Completed epoch 1957 / 2000;    current loss: 0.9189261198043823
INFO Gradient norm: 48.361209923492474
PROGRESS    Completed epoch 1958 / 2000;    current loss: 0.9096642732620239
INFO Gradient norm: 48.63471547623598
PROGRESS    Completed epoch 1959 / 2000;    current loss: 0.9096087217330933
INFO Gradient norm: 73.42435939456759
PROGRESS    Completed epoch 1960 / 2000;    current loss: 0.9161316156387329
INFO Gradient norm: 29.003751710431743
PROGRESS    Completed epoch 1961 / 2000;    current loss: 0.9063206315040588
INFO Gradient norm: 63.902203614066416
PROGRESS    Completed epoch 1962 / 2000;    current loss: 0.9130078554153442
INFO Gradient norm: 79.16165122472661
PROGRESS    Completed epoch 1963 / 2000;    current loss: 0.9163172841072083
INFO Gradient norm: 38.767882980630915
PROGRESS    Completed epoch 1964 / 2000;    current loss: 0.9055940508842468
INFO Gradient norm: 56.875157617743795
PROGRESS    Completed epoch 1965 / 2000;    current loss: 0.9104575514793396
INFO Gradient norm: 81.15721275876439
PROGRESS    Completed epoch 1966 / 2000;    current loss: 0.9182496666908264
INFO Gradient norm: 37.34141974662702
PROGRESS    Completed epoch 1967 / 2000;    current loss: 0.9072341918945312
INFO Gradient norm: 57.195927089138
PROGRESS    Completed epoch 1968 / 2000;    current loss: 0.9109768867492676
INFO Gradient norm: 76.12146438291857
PROGRESS    Completed epoch 1969 / 2000;    current loss: 0.9152950048446655
INFO Gradient norm: 32.522047918555636
PROGRESS    Completed epoch 1970 / 2000;    current loss: 0.9021391868591309
INFO Gradient norm: 58.46940347071099
PROGRESS    Completed epoch 1971 / 2000;    current loss: 0.9079350233078003
INFO Gradient norm: 75.67084762463733
PROGRESS    Completed epoch 1972 / 2000;    current loss: 0.9140248894691467
INFO Gradient norm: 24.41877821923882
PROGRESS    Completed epoch 1973 / 2000;    current loss: 0.9044822454452515
INFO Gradient norm: 70.95022869050659
PROGRESS    Completed epoch 1974 / 2000;    current loss: 0.915307879447937
INFO Gradient norm: 88.64494323271684
PROGRESS    Completed epoch 1975 / 2000;    current loss: 0.9211331605911255
INFO Gradient norm: 40.46509012661562
PROGRESS    Completed epoch 1976 / 2000;    current loss: 0.9041544198989868
INFO Gradient norm: 68.2526612102302
PROGRESS    Completed epoch 1977 / 2000;    current loss: 0.9075958728790283
INFO Gradient norm: 95.8963617083602
PROGRESS    Completed epoch 1978 / 2000;    current loss: 0.9170581102371216
INFO Gradient norm: 47.329301467267804
PROGRESS    Completed epoch 1979 / 2000;    current loss: 0.9046420454978943
INFO Gradient norm: 49.99224030152175
PROGRESS    Completed epoch 1980 / 2000;    current loss: 0.9071456789970398
INFO Gradient norm: 72.7278456767201
PROGRESS    Completed epoch 1981 / 2000;    current loss: 0.9143832325935364
INFO Gradient norm: 31.943229437165492
PROGRESS    Completed epoch 1982 / 2000;    current loss: 0.9038662910461426
INFO Gradient norm: 65.37066869313107
PROGRESS    Completed epoch 1983 / 2000;    current loss: 0.9096933603286743
INFO Gradient norm: 93.08350825580492
PROGRESS    Completed epoch 1984 / 2000;    current loss: 0.9173104763031006
INFO Gradient norm: 50.70236892546866
PROGRESS    Completed epoch 1985 / 2000;    current loss: 0.902996301651001
INFO Gradient norm: 44.314112770355884
PROGRESS    Completed epoch 1986 / 2000;    current loss: 0.9004809856414795
INFO Gradient norm: 71.51928027430043
PROGRESS    Completed epoch 1987 / 2000;    current loss: 0.9080520272254944
INFO Gradient norm: 34.314065064773736
PROGRESS    Completed epoch 1988 / 2000;    current loss: 0.8975332379341125
INFO Gradient norm: 51.46679954254344
PROGRESS    Completed epoch 1989 / 2000;    current loss: 0.9017537236213684
INFO Gradient norm: 68.79667899114914
PROGRESS    Completed epoch 1990 / 2000;    current loss: 0.9067827463150024
INFO Gradient norm: 24.06517784726457
PROGRESS    Completed epoch 1991 / 2000;    current loss: 0.8972715139389038
INFO Gradient norm: 66.07622739906012
PROGRESS    Completed epoch 1992 / 2000;    current loss: 0.9055188298225403
INFO Gradient norm: 87.53796800030591
PROGRESS    Completed epoch 1993 / 2000;    current loss: 0.913337767124176
INFO Gradient norm: 48.26455185657648
PROGRESS    Completed epoch 1994 / 2000;    current loss: 0.9001010656356812
INFO Gradient norm: 49.11608804687742
PROGRESS    Completed epoch 1995 / 2000;    current loss: 0.8994046449661255
INFO Gradient norm: 75.74516427001035
PROGRESS    Completed epoch 1996 / 2000;    current loss: 0.9067516326904297
INFO Gradient norm: 35.20892382857856
PROGRESS    Completed epoch 1997 / 2000;    current loss: 0.897405743598938
INFO Gradient norm: 53.69590720583176
PROGRESS    Completed epoch 1998 / 2000;    current loss: 0.900992751121521
INFO Gradient norm: 70.85906796254069
PROGRESS    Completed epoch 1999 / 2000;    current loss: 0.9049076437950134
INFO Gradient norm: 29.45256930745281
PROGRESS    Completed epoch 2000 / 2000;    current loss: 0.8934743404388428
INFO    Saving model weights ...
INFO Model weights saved successfully to /home/hoang/utopya_output/Dengue/250605-201701/data/uni02/data_npc_checkpoint.pth
INFO    Simulation run finished.
INFO    Wrapping up ...
SUCCESS    All done.

---
end of log. exit code: 0

