Log of 'out' stream of WorkerTask 'uni10'
---

INFO    Using 'cpu' as training device. Number of threads: 10
INFO    Loading training data ...
INFO    Initializing the neural net ...
INFO    Initialized model 'Dengue'.
INFO    Now commencing training for 2000 epochs ...
INFO Gradient norm: 1754.8026464321854
PROGRESS    Completed epoch 1 / 2000;    current loss: 434.419677734375
INFO Gradient norm: 1756.17146386724
PROGRESS    Completed epoch 2 / 2000;    current loss: 433.8416442871094
INFO Gradient norm: 1757.524415458831
PROGRESS    Completed epoch 3 / 2000;    current loss: 433.26226806640625
INFO Gradient norm: 1758.8643588528575
PROGRESS    Completed epoch 4 / 2000;    current loss: 432.6811828613281
INFO Gradient norm: 1760.1910770625307
PROGRESS    Completed epoch 5 / 2000;    current loss: 432.0987854003906
INFO Gradient norm: 1761.503445139489
PROGRESS    Completed epoch 6 / 2000;    current loss: 431.5137023925781
INFO Gradient norm: 1762.8420804253763
PROGRESS    Completed epoch 7 / 2000;    current loss: 430.92578125
INFO Gradient norm: 1764.1323237278214
PROGRESS    Completed epoch 8 / 2000;    current loss: 430.334716796875
INFO Gradient norm: 1765.409948875617
PROGRESS    Completed epoch 9 / 2000;    current loss: 429.7408142089844
INFO Gradient norm: 1766.6762204724841
PROGRESS    Completed epoch 10 / 2000;    current loss: 429.1430358886719
INFO Gradient norm: 1767.9341706338835
PROGRESS    Completed epoch 11 / 2000;    current loss: 428.5421447753906
INFO Gradient norm: 1769.1773108415803
PROGRESS    Completed epoch 12 / 2000;    current loss: 427.93646240234375
INFO Gradient norm: 1770.4087903475931
PROGRESS    Completed epoch 13 / 2000;    current loss: 427.325927734375
INFO Gradient norm: 1771.6301345022875
PROGRESS    Completed epoch 14 / 2000;    current loss: 426.7099304199219
INFO Gradient norm: 1770.4230748938414
PROGRESS    Completed epoch 15 / 2000;    current loss: 426.0979919433594
INFO Gradient norm: 1771.2850069678493
PROGRESS    Completed epoch 16 / 2000;    current loss: 425.48760986328125
INFO Gradient norm: 1772.1506960722727
PROGRESS    Completed epoch 17 / 2000;    current loss: 424.87164306640625
INFO Gradient norm: 1773.0140694042966
PROGRESS    Completed epoch 18 / 2000;    current loss: 424.24835205078125
INFO Gradient norm: 1773.874746323781
PROGRESS    Completed epoch 19 / 2000;    current loss: 423.6181640625
INFO Gradient norm: 1774.7302321186821
PROGRESS    Completed epoch 20 / 2000;    current loss: 422.9803771972656
INFO Gradient norm: 1775.5819489080102
PROGRESS    Completed epoch 21 / 2000;    current loss: 422.33551025390625
INFO Gradient norm: 1776.4248394647652
PROGRESS    Completed epoch 22 / 2000;    current loss: 421.6813049316406
INFO Gradient norm: 1777.259952936982
PROGRESS    Completed epoch 23 / 2000;    current loss: 421.0196228027344
INFO Gradient norm: 1778.0875445686377
PROGRESS    Completed epoch 24 / 2000;    current loss: 420.3490295410156
INFO Gradient norm: 1778.904658745972
PROGRESS    Completed epoch 25 / 2000;    current loss: 419.66900634765625
INFO Gradient norm: 1779.7110202860283
PROGRESS    Completed epoch 26 / 2000;    current loss: 418.9803161621094
INFO Gradient norm: 1780.5047901792875
PROGRESS    Completed epoch 27 / 2000;    current loss: 418.2812194824219
INFO Gradient norm: 1781.2876943645174
PROGRESS    Completed epoch 28 / 2000;    current loss: 417.5731201171875
INFO Gradient norm: 1782.0542447948258
PROGRESS    Completed epoch 29 / 2000;    current loss: 416.85345458984375
INFO Gradient norm: 1782.8055132792122
PROGRESS    Completed epoch 30 / 2000;    current loss: 416.123779296875
INFO Gradient norm: 1783.5389450568405
PROGRESS    Completed epoch 31 / 2000;    current loss: 415.3824768066406
INFO Gradient norm: 1784.2530582481397
PROGRESS    Completed epoch 32 / 2000;    current loss: 414.6295471191406
INFO Gradient norm: 1784.9491375241878
PROGRESS    Completed epoch 33 / 2000;    current loss: 413.8654479980469
INFO Gradient norm: 1785.623707420749
PROGRESS    Completed epoch 34 / 2000;    current loss: 413.0887145996094
INFO Gradient norm: 1786.274377325035
PROGRESS    Completed epoch 35 / 2000;    current loss: 412.2991943359375
INFO Gradient norm: 1786.9028065308985
PROGRESS    Completed epoch 36 / 2000;    current loss: 411.49749755859375
INFO Gradient norm: 1787.5016490808173
PROGRESS    Completed epoch 37 / 2000;    current loss: 410.6816101074219
INFO Gradient norm: 1788.0723368504036
PROGRESS    Completed epoch 38 / 2000;    current loss: 409.85205078125
INFO Gradient norm: 1788.6106257454783
PROGRESS    Completed epoch 39 / 2000;    current loss: 409.00787353515625
INFO Gradient norm: 1789.1184387538788
PROGRESS    Completed epoch 40 / 2000;    current loss: 408.1506042480469
INFO Gradient norm: 1789.5910534887737
PROGRESS    Completed epoch 41 / 2000;    current loss: 407.27752685546875
INFO Gradient norm: 1790.0224812242907
PROGRESS    Completed epoch 42 / 2000;    current loss: 406.3887634277344
INFO Gradient norm: 1790.4133563519383
PROGRESS    Completed epoch 43 / 2000;    current loss: 405.484130859375
INFO Gradient norm: 1790.761455014879
PROGRESS    Completed epoch 44 / 2000;    current loss: 404.56396484375
INFO Gradient norm: 1791.0659526577033
PROGRESS    Completed epoch 45 / 2000;    current loss: 403.62750244140625
INFO Gradient norm: 1791.3257747706282
PROGRESS    Completed epoch 46 / 2000;    current loss: 402.6746520996094
INFO Gradient norm: 1791.5141181706304
PROGRESS    Completed epoch 47 / 2000;    current loss: 401.7010192871094
INFO Gradient norm: 1794.3814009803693
PROGRESS    Completed epoch 48 / 2000;    current loss: 400.72332763671875
INFO Gradient norm: 1794.3660814535378
PROGRESS    Completed epoch 49 / 2000;    current loss: 399.72705078125
INFO Gradient norm: 1794.3023756955495
PROGRESS    Completed epoch 50 / 2000;    current loss: 398.7109375
INFO Gradient norm: 1794.1907139157165
PROGRESS    Completed epoch 51 / 2000;    current loss: 397.6764831542969
INFO Gradient norm: 1794.0151484112073
PROGRESS    Completed epoch 52 / 2000;    current loss: 396.62164306640625
INFO Gradient norm: 1793.785152056823
PROGRESS    Completed epoch 53 / 2000;    current loss: 395.54766845703125
INFO Gradient norm: 1793.4803722911038
PROGRESS    Completed epoch 54 / 2000;    current loss: 394.4517822265625
INFO Gradient norm: 1793.1082999766056
PROGRESS    Completed epoch 55 / 2000;    current loss: 393.33660888671875
INFO Gradient norm: 1792.6478079410113
PROGRESS    Completed epoch 56 / 2000;    current loss: 392.1983947753906
INFO Gradient norm: 1792.109992970375
PROGRESS    Completed epoch 57 / 2000;    current loss: 391.03955078125
INFO Gradient norm: 1791.474342109463
PROGRESS    Completed epoch 58 / 2000;    current loss: 389.859130859375
INFO Gradient norm: 1787.7122105488224
PROGRESS    Completed epoch 59 / 2000;    current loss: 388.6595458984375
INFO Gradient norm: 1786.7218166681907
PROGRESS    Completed epoch 60 / 2000;    current loss: 387.4402160644531
INFO Gradient norm: 1785.6683226792127
PROGRESS    Completed epoch 61 / 2000;    current loss: 386.2037658691406
INFO Gradient norm: 1784.4933781474745
PROGRESS    Completed epoch 62 / 2000;    current loss: 384.9435119628906
INFO Gradient norm: 1783.1905881602881
PROGRESS    Completed epoch 63 / 2000;    current loss: 383.6580505371094
INFO Gradient norm: 1781.7622557480636
PROGRESS    Completed epoch 64 / 2000;    current loss: 382.3506164550781
INFO Gradient norm: 1780.1945327028668
PROGRESS    Completed epoch 65 / 2000;    current loss: 381.0177001953125
INFO Gradient norm: 1778.4836580304896
PROGRESS    Completed epoch 66 / 2000;    current loss: 379.66082763671875
INFO Gradient norm: 1776.6075985075051
PROGRESS    Completed epoch 67 / 2000;    current loss: 378.2781677246094
INFO Gradient norm: 1774.5796200575744
PROGRESS    Completed epoch 68 / 2000;    current loss: 376.8714294433594
INFO Gradient norm: 1772.3764376200431
PROGRESS    Completed epoch 69 / 2000;    current loss: 375.4401550292969
INFO Gradient norm: 1769.9884428352068
PROGRESS    Completed epoch 70 / 2000;    current loss: 373.9819030761719
INFO Gradient norm: 1767.4324914107015
PROGRESS    Completed epoch 71 / 2000;    current loss: 372.5006408691406
INFO Gradient norm: 1764.6452918697257
PROGRESS    Completed epoch 72 / 2000;    current loss: 370.99072265625
INFO Gradient norm: 1764.8984634181616
PROGRESS    Completed epoch 73 / 2000;    current loss: 369.464599609375
INFO Gradient norm: 1761.6557318141174
PROGRESS    Completed epoch 74 / 2000;    current loss: 367.9111328125
INFO Gradient norm: 1758.214163174625
PROGRESS    Completed epoch 75 / 2000;    current loss: 366.33294677734375
INFO Gradient norm: 1754.5357769861996
PROGRESS    Completed epoch 76 / 2000;    current loss: 364.7264404296875
INFO Gradient norm: 1750.619518249236
PROGRESS    Completed epoch 77 / 2000;    current loss: 363.0918884277344
INFO Gradient norm: 1746.451467316282
PROGRESS    Completed epoch 78 / 2000;    current loss: 361.4313049316406
INFO Gradient norm: 1742.034318034032
PROGRESS    Completed epoch 79 / 2000;    current loss: 359.74285888671875
INFO Gradient norm: 1733.9084563792076
PROGRESS    Completed epoch 80 / 2000;    current loss: 358.0367126464844
INFO Gradient norm: 1728.8441141282494
PROGRESS    Completed epoch 81 / 2000;    current loss: 356.3023376464844
INFO Gradient norm: 1723.5179324010205
PROGRESS    Completed epoch 82 / 2000;    current loss: 354.5445251464844
INFO Gradient norm: 1717.8603455966474
PROGRESS    Completed epoch 83 / 2000;    current loss: 352.7567443847656
INFO Gradient norm: 1711.899767872706
PROGRESS    Completed epoch 84 / 2000;    current loss: 350.9428405761719
INFO Gradient norm: 1705.6108861278049
PROGRESS    Completed epoch 85 / 2000;    current loss: 349.10235595703125
INFO Gradient norm: 1698.9439491519286
PROGRESS    Completed epoch 86 / 2000;    current loss: 347.2320251464844
INFO Gradient norm: 1691.9541203883841
PROGRESS    Completed epoch 87 / 2000;    current loss: 345.33892822265625
INFO Gradient norm: 1684.5881925857775
PROGRESS    Completed epoch 88 / 2000;    current loss: 343.41705322265625
INFO Gradient norm: 1676.8536211526489
PROGRESS    Completed epoch 89 / 2000;    current loss: 341.47039794921875
INFO Gradient norm: 1668.7164991726324
PROGRESS    Completed epoch 90 / 2000;    current loss: 339.4964599609375
INFO Gradient norm: 1663.6189163114516
PROGRESS    Completed epoch 91 / 2000;    current loss: 337.5074768066406
INFO Gradient norm: 1654.7261418272913
PROGRESS    Completed epoch 92 / 2000;    current loss: 335.4942932128906
INFO Gradient norm: 1645.4465192460789
PROGRESS    Completed epoch 93 / 2000;    current loss: 333.4569396972656
INFO Gradient norm: 1635.7835599172486
PROGRESS    Completed epoch 94 / 2000;    current loss: 331.3924865722656
INFO Gradient norm: 1625.6624678876624
PROGRESS    Completed epoch 95 / 2000;    current loss: 329.30194091796875
INFO Gradient norm: 1611.7192916371196
PROGRESS    Completed epoch 96 / 2000;    current loss: 327.19097900390625
INFO Gradient norm: 1600.7850150540723
PROGRESS    Completed epoch 97 / 2000;    current loss: 325.0648193359375
INFO Gradient norm: 1589.474859600257
PROGRESS    Completed epoch 98 / 2000;    current loss: 322.9192199707031
INFO Gradient norm: 1577.7138900209727
PROGRESS    Completed epoch 99 / 2000;    current loss: 320.7509460449219
INFO Gradient norm: 1565.4390521196226
PROGRESS    Completed epoch 100 / 2000;    current loss: 318.5577087402344
INFO Gradient norm: 1552.7986080905243
PROGRESS    Completed epoch 101 / 2000;    current loss: 316.3463134765625
INFO Gradient norm: 1539.7930496027852
PROGRESS    Completed epoch 102 / 2000;    current loss: 314.1197509765625
INFO Gradient norm: 1529.7193022000224
PROGRESS    Completed epoch 103 / 2000;    current loss: 311.87567138671875
INFO Gradient norm: 1515.5458451635018
PROGRESS    Completed epoch 104 / 2000;    current loss: 309.6040954589844
INFO Gradient norm: 1501.4430203970676
PROGRESS    Completed epoch 105 / 2000;    current loss: 307.33648681640625
INFO Gradient norm: 1483.2855957501727
PROGRESS    Completed epoch 106 / 2000;    current loss: 305.03802490234375
INFO Gradient norm: 1468.6243556571676
PROGRESS    Completed epoch 107 / 2000;    current loss: 302.7519226074219
INFO Gradient norm: 1452.6029658495836
PROGRESS    Completed epoch 108 / 2000;    current loss: 300.4145202636719
INFO Gradient norm: 1436.5402214147127
PROGRESS    Completed epoch 109 / 2000;    current loss: 298.0804138183594
INFO Gradient norm: 1420.2245543296606
PROGRESS    Completed epoch 110 / 2000;    current loss: 295.74005126953125
INFO Gradient norm: 1406.4399847165494
PROGRESS    Completed epoch 111 / 2000;    current loss: 293.3878173828125
INFO Gradient norm: 1389.4742085167284
PROGRESS    Completed epoch 112 / 2000;    current loss: 291.0386047363281
INFO Gradient norm: 1371.8807254893325
PROGRESS    Completed epoch 113 / 2000;    current loss: 288.6695251464844
INFO Gradient norm: 1351.403800811179
PROGRESS    Completed epoch 114 / 2000;    current loss: 286.30902099609375
INFO Gradient norm: 1332.6387521553143
PROGRESS    Completed epoch 115 / 2000;    current loss: 283.9142761230469
INFO Gradient norm: 1314.1319289164226
PROGRESS    Completed epoch 116 / 2000;    current loss: 281.53558349609375
INFO Gradient norm: 1295.3476526191912
PROGRESS    Completed epoch 117 / 2000;    current loss: 279.15533447265625
INFO Gradient norm: 1276.4103051726263
PROGRESS    Completed epoch 118 / 2000;    current loss: 276.778076171875
INFO Gradient norm: 1259.6673971703954
PROGRESS    Completed epoch 119 / 2000;    current loss: 274.3950500488281
INFO Gradient norm: 1239.8436330108655
PROGRESS    Completed epoch 120 / 2000;    current loss: 272.0118713378906
INFO Gradient norm: 1217.607710376213
PROGRESS    Completed epoch 121 / 2000;    current loss: 269.63958740234375
INFO Gradient norm: 1197.6403659789792
PROGRESS    Completed epoch 122 / 2000;    current loss: 267.26824951171875
INFO Gradient norm: 1177.6548154356178
PROGRESS    Completed epoch 123 / 2000;    current loss: 264.90533447265625
INFO Gradient norm: 1160.0750406177422
PROGRESS    Completed epoch 124 / 2000;    current loss: 262.5529479980469
INFO Gradient norm: 1137.570387834429
PROGRESS    Completed epoch 125 / 2000;    current loss: 260.20562744140625
INFO Gradient norm: 1116.878205896551
PROGRESS    Completed epoch 126 / 2000;    current loss: 257.85772705078125
INFO Gradient norm: 1096.7250787428914
PROGRESS    Completed epoch 127 / 2000;    current loss: 255.532958984375
INFO Gradient norm: 1078.439043780104
PROGRESS    Completed epoch 128 / 2000;    current loss: 253.21742248535156
INFO Gradient norm: 1058.342342105158
PROGRESS    Completed epoch 129 / 2000;    current loss: 250.9179229736328
INFO Gradient norm: 1036.197042406495
PROGRESS    Completed epoch 130 / 2000;    current loss: 248.63180541992188
INFO Gradient norm: 1016.2011255381468
PROGRESS    Completed epoch 131 / 2000;    current loss: 246.36329650878906
INFO Gradient norm: 996.3291176890565
PROGRESS    Completed epoch 132 / 2000;    current loss: 244.10916137695312
INFO Gradient norm: 976.6502270531118
PROGRESS    Completed epoch 133 / 2000;    current loss: 241.87374877929688
INFO Gradient norm: 957.1917738624351
PROGRESS    Completed epoch 134 / 2000;    current loss: 239.65521240234375
INFO Gradient norm: 938.0169825935641
PROGRESS    Completed epoch 135 / 2000;    current loss: 237.4588623046875
INFO Gradient norm: 920.6664147225353
PROGRESS    Completed epoch 136 / 2000;    current loss: 235.28793334960938
INFO Gradient norm: 902.0836309007907
PROGRESS    Completed epoch 137 / 2000;    current loss: 233.1382293701172
INFO Gradient norm: 883.8408543820443
PROGRESS    Completed epoch 138 / 2000;    current loss: 231.01077270507812
INFO Gradient norm: 864.7777544243081
PROGRESS    Completed epoch 139 / 2000;    current loss: 228.9087371826172
INFO Gradient norm: 847.4385350119643
PROGRESS    Completed epoch 140 / 2000;    current loss: 226.82992553710938
INFO Gradient norm: 830.5424235656004
PROGRESS    Completed epoch 141 / 2000;    current loss: 224.77630615234375
INFO Gradient norm: 814.1116769500604
PROGRESS    Completed epoch 142 / 2000;    current loss: 222.7465362548828
INFO Gradient norm: 798.1593219229968
PROGRESS    Completed epoch 143 / 2000;    current loss: 220.7423095703125
INFO Gradient norm: 782.7091169045037
PROGRESS    Completed epoch 144 / 2000;    current loss: 218.76416015625
INFO Gradient norm: 767.7682643774972
PROGRESS    Completed epoch 145 / 2000;    current loss: 216.81118774414062
INFO Gradient norm: 753.3583894968971
PROGRESS    Completed epoch 146 / 2000;    current loss: 214.88427734375
INFO Gradient norm: 740.2537739492649
PROGRESS    Completed epoch 147 / 2000;    current loss: 212.98641967773438
INFO Gradient norm: 726.9205874075764
PROGRESS    Completed epoch 148 / 2000;    current loss: 211.11553955078125
INFO Gradient norm: 714.1344853787348
PROGRESS    Completed epoch 149 / 2000;    current loss: 209.27001953125
INFO Gradient norm: 701.896380505492
PROGRESS    Completed epoch 150 / 2000;    current loss: 207.4505157470703
INFO Gradient norm: 689.7876609777593
PROGRESS    Completed epoch 151 / 2000;    current loss: 205.66134643554688
INFO Gradient norm: 678.7763502290646
PROGRESS    Completed epoch 152 / 2000;    current loss: 203.89788818359375
INFO Gradient norm: 668.3064668219115
PROGRESS    Completed epoch 153 / 2000;    current loss: 202.15980529785156
INFO Gradient norm: 658.3730897840667
PROGRESS    Completed epoch 154 / 2000;    current loss: 200.44760131835938
INFO Gradient norm: 648.9643570673553
PROGRESS    Completed epoch 155 / 2000;    current loss: 198.7600860595703
INFO Gradient norm: 640.073775982004
PROGRESS    Completed epoch 156 / 2000;    current loss: 197.09642028808594
INFO Gradient norm: 631.6761100707809
PROGRESS    Completed epoch 157 / 2000;    current loss: 195.45912170410156
INFO Gradient norm: 623.7619951240847
PROGRESS    Completed epoch 158 / 2000;    current loss: 193.8463592529297
INFO Gradient norm: 616.3173907709406
PROGRESS    Completed epoch 159 / 2000;    current loss: 192.2561492919922
INFO Gradient norm: 609.5162301496437
PROGRESS    Completed epoch 160 / 2000;    current loss: 190.6896209716797
INFO Gradient norm: 602.9627208377966
PROGRESS    Completed epoch 161 / 2000;    current loss: 189.14541625976562
INFO Gradient norm: 596.8039101533491
PROGRESS    Completed epoch 162 / 2000;    current loss: 187.6206817626953
INFO Gradient norm: 591.012806978152
PROGRESS    Completed epoch 163 / 2000;    current loss: 186.11526489257812
INFO Gradient norm: 585.4894950387886
PROGRESS    Completed epoch 164 / 2000;    current loss: 184.62826538085938
INFO Gradient norm: 580.3969907494834
PROGRESS    Completed epoch 165 / 2000;    current loss: 183.15869140625
INFO Gradient norm: 575.5916403401453
PROGRESS    Completed epoch 166 / 2000;    current loss: 181.7045135498047
INFO Gradient norm: 571.0453476975995
PROGRESS    Completed epoch 167 / 2000;    current loss: 180.26495361328125
INFO Gradient norm: 566.7531778267983
PROGRESS    Completed epoch 168 / 2000;    current loss: 178.8380584716797
INFO Gradient norm: 562.6354280626595
PROGRESS    Completed epoch 169 / 2000;    current loss: 177.42318725585938
INFO Gradient norm: 558.6927400189865
PROGRESS    Completed epoch 170 / 2000;    current loss: 176.01962280273438
INFO Gradient norm: 554.9226849076454
PROGRESS    Completed epoch 171 / 2000;    current loss: 174.62548828125
INFO Gradient norm: 551.289385075665
PROGRESS    Completed epoch 172 / 2000;    current loss: 173.24014282226562
INFO Gradient norm: 547.7726876492857
PROGRESS    Completed epoch 173 / 2000;    current loss: 171.86248779296875
INFO Gradient norm: 544.3561243095587
PROGRESS    Completed epoch 174 / 2000;    current loss: 170.4922332763672
INFO Gradient norm: 541.0222549323925
PROGRESS    Completed epoch 175 / 2000;    current loss: 169.12782287597656
INFO Gradient norm: 537.7546620311282
PROGRESS    Completed epoch 176 / 2000;    current loss: 167.76785278320312
INFO Gradient norm: 534.543654100052
PROGRESS    Completed epoch 177 / 2000;    current loss: 166.4134063720703
INFO Gradient norm: 531.3748097422197
PROGRESS    Completed epoch 178 / 2000;    current loss: 165.0621795654297
INFO Gradient norm: 528.2396328579149
PROGRESS    Completed epoch 179 / 2000;    current loss: 163.71421813964844
INFO Gradient norm: 525.1288416910044
PROGRESS    Completed epoch 180 / 2000;    current loss: 162.36912536621094
INFO Gradient norm: 522.0353353496407
PROGRESS    Completed epoch 181 / 2000;    current loss: 161.0264892578125
INFO Gradient norm: 518.951693615809
PROGRESS    Completed epoch 182 / 2000;    current loss: 159.68609619140625
INFO Gradient norm: 515.8729787224293
PROGRESS    Completed epoch 183 / 2000;    current loss: 158.34754943847656
INFO Gradient norm: 512.7954420229166
PROGRESS    Completed epoch 184 / 2000;    current loss: 157.01121520996094
INFO Gradient norm: 509.713303174583
PROGRESS    Completed epoch 185 / 2000;    current loss: 155.67604064941406
INFO Gradient norm: 506.6255335240133
PROGRESS    Completed epoch 186 / 2000;    current loss: 154.34263610839844
INFO Gradient norm: 503.5289357248362
PROGRESS    Completed epoch 187 / 2000;    current loss: 153.01055908203125
INFO Gradient norm: 500.4238868233214
PROGRESS    Completed epoch 188 / 2000;    current loss: 151.68038940429688
INFO Gradient norm: 497.3081175301395
PROGRESS    Completed epoch 189 / 2000;    current loss: 150.3511505126953
INFO Gradient norm: 494.1840491919558
PROGRESS    Completed epoch 190 / 2000;    current loss: 149.0242919921875
INFO Gradient norm: 491.0480461622747
PROGRESS    Completed epoch 191 / 2000;    current loss: 147.69815063476562
INFO Gradient norm: 487.90375975295365
PROGRESS    Completed epoch 192 / 2000;    current loss: 146.3741455078125
INFO Gradient norm: 484.7512740322853
PROGRESS    Completed epoch 193 / 2000;    current loss: 145.05172729492188
INFO Gradient norm: 481.5906837295795
PROGRESS    Completed epoch 194 / 2000;    current loss: 143.7311248779297
INFO Gradient norm: 478.42154263825375
PROGRESS    Completed epoch 195 / 2000;    current loss: 142.41180419921875
INFO Gradient norm: 475.24703128980696
PROGRESS    Completed epoch 196 / 2000;    current loss: 141.0950927734375
INFO Gradient norm: 472.06443239688537
PROGRESS    Completed epoch 197 / 2000;    current loss: 139.77955627441406
INFO Gradient norm: 468.87658855120384
PROGRESS    Completed epoch 198 / 2000;    current loss: 138.46597290039062
INFO Gradient norm: 465.6872986877818
PROGRESS    Completed epoch 199 / 2000;    current loss: 137.15475463867188
INFO Gradient norm: 462.4995760029825
PROGRESS    Completed epoch 200 / 2000;    current loss: 135.84547424316406
INFO Gradient norm: 459.31471340426174
PROGRESS    Completed epoch 201 / 2000;    current loss: 134.537353515625
INFO Gradient norm: 456.1380205011652
PROGRESS    Completed epoch 202 / 2000;    current loss: 133.23138427734375
INFO Gradient norm: 452.9692316845415
PROGRESS    Completed epoch 203 / 2000;    current loss: 131.9268035888672
INFO Gradient norm: 449.80921065493266
PROGRESS    Completed epoch 204 / 2000;    current loss: 130.62362670898438
INFO Gradient norm: 446.65571628533485
PROGRESS    Completed epoch 205 / 2000;    current loss: 129.3212890625
INFO Gradient norm: 443.5071228861631
PROGRESS    Completed epoch 206 / 2000;    current loss: 128.01980590820312
INFO Gradient norm: 440.3612184871344
PROGRESS    Completed epoch 207 / 2000;    current loss: 126.71945190429688
INFO Gradient norm: 437.2186929433047
PROGRESS    Completed epoch 208 / 2000;    current loss: 125.42007446289062
INFO Gradient norm: 434.07665066247006
PROGRESS    Completed epoch 209 / 2000;    current loss: 124.12205505371094
INFO Gradient norm: 430.93211047162987
PROGRESS    Completed epoch 210 / 2000;    current loss: 122.82424926757812
INFO Gradient norm: 427.7852507048297
PROGRESS    Completed epoch 211 / 2000;    current loss: 121.52728271484375
INFO Gradient norm: 424.63548579958666
PROGRESS    Completed epoch 212 / 2000;    current loss: 120.23165130615234
INFO Gradient norm: 421.4826512353995
PROGRESS    Completed epoch 213 / 2000;    current loss: 118.93684387207031
INFO Gradient norm: 418.32461047180794
PROGRESS    Completed epoch 214 / 2000;    current loss: 117.64276123046875
INFO Gradient norm: 415.1637394449349
PROGRESS    Completed epoch 215 / 2000;    current loss: 116.3504409790039
INFO Gradient norm: 411.9992157509206
PROGRESS    Completed epoch 216 / 2000;    current loss: 115.05921936035156
INFO Gradient norm: 408.804017589349
PROGRESS    Completed epoch 217 / 2000;    current loss: 113.77061462402344
INFO Gradient norm: 405.6743788403148
PROGRESS    Completed epoch 218 / 2000;    current loss: 112.4847640991211
INFO Gradient norm: 402.53743082724003
PROGRESS    Completed epoch 219 / 2000;    current loss: 111.20018005371094
INFO Gradient norm: 399.39045868937177
PROGRESS    Completed epoch 220 / 2000;    current loss: 109.91609191894531
INFO Gradient norm: 396.23410655635575
PROGRESS    Completed epoch 221 / 2000;    current loss: 108.63273620605469
INFO Gradient norm: 393.06925608049767
PROGRESS    Completed epoch 222 / 2000;    current loss: 107.35066223144531
INFO Gradient norm: 389.8948284736624
PROGRESS    Completed epoch 223 / 2000;    current loss: 106.06922912597656
INFO Gradient norm: 386.7116977779322
PROGRESS    Completed epoch 224 / 2000;    current loss: 104.78925323486328
INFO Gradient norm: 383.5221433755413
PROGRESS    Completed epoch 225 / 2000;    current loss: 103.5113296508789
INFO Gradient norm: 380.32216070380434
PROGRESS    Completed epoch 226 / 2000;    current loss: 102.23380279541016
INFO Gradient norm: 377.1165601654484
PROGRESS    Completed epoch 227 / 2000;    current loss: 100.95865631103516
INFO Gradient norm: 373.9035604812455
PROGRESS    Completed epoch 228 / 2000;    current loss: 99.68501281738281
INFO Gradient norm: 370.6867312906395
PROGRESS    Completed epoch 229 / 2000;    current loss: 98.41448211669922
INFO Gradient norm: 367.4626734891551
PROGRESS    Completed epoch 230 / 2000;    current loss: 97.1451416015625
INFO Gradient norm: 364.2343868516163
PROGRESS    Completed epoch 231 / 2000;    current loss: 95.87821960449219
INFO Gradient norm: 361.001691437629
PROGRESS    Completed epoch 232 / 2000;    current loss: 94.61372375488281
INFO Gradient norm: 357.76370655597606
PROGRESS    Completed epoch 233 / 2000;    current loss: 93.35143280029297
INFO Gradient norm: 354.5237522978305
PROGRESS    Completed epoch 234 / 2000;    current loss: 92.0920639038086
INFO Gradient norm: 351.2792350115645
PROGRESS    Completed epoch 235 / 2000;    current loss: 90.83540344238281
INFO Gradient norm: 348.03201258233975
PROGRESS    Completed epoch 236 / 2000;    current loss: 89.58171844482422
INFO Gradient norm: 344.7821200571923
PROGRESS    Completed epoch 237 / 2000;    current loss: 88.33088684082031
INFO Gradient norm: 341.57119362740394
PROGRESS    Completed epoch 238 / 2000;    current loss: 87.0837173461914
INFO Gradient norm: 338.34771138446393
PROGRESS    Completed epoch 239 / 2000;    current loss: 85.83976745605469
INFO Gradient norm: 335.1201440833384
PROGRESS    Completed epoch 240 / 2000;    current loss: 84.5989990234375
INFO Gradient norm: 331.88874685339607
PROGRESS    Completed epoch 241 / 2000;    current loss: 83.36136627197266
INFO Gradient norm: 328.6550331462554
PROGRESS    Completed epoch 242 / 2000;    current loss: 82.12715911865234
INFO Gradient norm: 325.419302997937
PROGRESS    Completed epoch 243 / 2000;    current loss: 80.89598083496094
INFO Gradient norm: 322.1844277670318
PROGRESS    Completed epoch 244 / 2000;    current loss: 79.66868591308594
INFO Gradient norm: 318.95254540343615
PROGRESS    Completed epoch 245 / 2000;    current loss: 78.44518280029297
INFO Gradient norm: 315.7586196896694
PROGRESS    Completed epoch 246 / 2000;    current loss: 77.22554779052734
INFO Gradient norm: 312.57061607073837
PROGRESS    Completed epoch 247 / 2000;    current loss: 76.00995635986328
INFO Gradient norm: 309.39012502416176
PROGRESS    Completed epoch 248 / 2000;    current loss: 74.79795837402344
INFO Gradient norm: 306.21807784678464
PROGRESS    Completed epoch 249 / 2000;    current loss: 73.58965301513672
INFO Gradient norm: 303.05733291833576
PROGRESS    Completed epoch 250 / 2000;    current loss: 72.385498046875
INFO Gradient norm: 299.9099831585208
PROGRESS    Completed epoch 251 / 2000;    current loss: 71.18556213378906
INFO Gradient norm: 296.77535511225716
PROGRESS    Completed epoch 252 / 2000;    current loss: 69.98883056640625
INFO Gradient norm: 293.6936729318701
PROGRESS    Completed epoch 253 / 2000;    current loss: 68.79705047607422
INFO Gradient norm: 290.6293132945074
PROGRESS    Completed epoch 254 / 2000;    current loss: 67.6101303100586
INFO Gradient norm: 287.5794937070796
PROGRESS    Completed epoch 255 / 2000;    current loss: 66.42727661132812
INFO Gradient norm: 284.5185651211859
PROGRESS    Completed epoch 256 / 2000;    current loss: 65.24894714355469
INFO Gradient norm: 281.53391042532826
PROGRESS    Completed epoch 257 / 2000;    current loss: 64.07565307617188
INFO Gradient norm: 278.57701573299505
PROGRESS    Completed epoch 258 / 2000;    current loss: 62.907569885253906
INFO Gradient norm: 275.6486318502173
PROGRESS    Completed epoch 259 / 2000;    current loss: 61.74409484863281
INFO Gradient norm: 272.85231205391705
PROGRESS    Completed epoch 260 / 2000;    current loss: 60.58670425415039
INFO Gradient norm: 270.02770741696287
PROGRESS    Completed epoch 261 / 2000;    current loss: 59.435123443603516
INFO Gradient norm: 267.2338603155719
PROGRESS    Completed epoch 262 / 2000;    current loss: 58.28891372680664
INFO Gradient norm: 264.4123279659119
PROGRESS    Completed epoch 263 / 2000;    current loss: 57.150901794433594
INFO Gradient norm: 261.7351845838177
PROGRESS    Completed epoch 264 / 2000;    current loss: 56.019935607910156
INFO Gradient norm: 259.1062870174955
PROGRESS    Completed epoch 265 / 2000;    current loss: 54.89715576171875
INFO Gradient norm: 256.5289555564145
PROGRESS    Completed epoch 266 / 2000;    current loss: 53.782535552978516
INFO Gradient norm: 253.99300497278657
PROGRESS    Completed epoch 267 / 2000;    current loss: 52.677024841308594
INFO Gradient norm: 251.74981884322608
PROGRESS    Completed epoch 268 / 2000;    current loss: 51.58498001098633
INFO Gradient norm: 249.3522254737226
PROGRESS    Completed epoch 269 / 2000;    current loss: 50.5043830871582
INFO Gradient norm: 246.97353087603818
PROGRESS    Completed epoch 270 / 2000;    current loss: 49.432945251464844
INFO Gradient norm: 244.35250143254837
PROGRESS    Completed epoch 271 / 2000;    current loss: 48.37532424926758
INFO Gradient norm: 242.16819659861414
PROGRESS    Completed epoch 272 / 2000;    current loss: 47.33184051513672
INFO Gradient norm: 240.09789361202883
PROGRESS    Completed epoch 273 / 2000;    current loss: 46.29998016357422
INFO Gradient norm: 237.7457627774104
PROGRESS    Completed epoch 274 / 2000;    current loss: 45.27649688720703
INFO Gradient norm: 235.70042322586693
PROGRESS    Completed epoch 275 / 2000;    current loss: 44.266136169433594
INFO Gradient norm: 232.71896958362464
PROGRESS    Completed epoch 276 / 2000;    current loss: 43.2596321105957
INFO Gradient norm: 229.1837528514405
PROGRESS    Completed epoch 277 / 2000;    current loss: 42.253028869628906
INFO Gradient norm: 224.78653477776436
PROGRESS    Completed epoch 278 / 2000;    current loss: 41.255088806152344
INFO Gradient norm: 220.665579685404
PROGRESS    Completed epoch 279 / 2000;    current loss: 40.26704788208008
INFO Gradient norm: 216.29741485292737
PROGRESS    Completed epoch 280 / 2000;    current loss: 39.28678512573242
INFO Gradient norm: 212.02962974140215
PROGRESS    Completed epoch 281 / 2000;    current loss: 38.31698989868164
INFO Gradient norm: 208.55767529560904
PROGRESS    Completed epoch 282 / 2000;    current loss: 37.365203857421875
INFO Gradient norm: 204.8839921995737
PROGRESS    Completed epoch 283 / 2000;    current loss: 36.41854476928711
INFO Gradient norm: 201.35956527760945
PROGRESS    Completed epoch 284 / 2000;    current loss: 35.475833892822266
INFO Gradient norm: 197.69739238462748
PROGRESS    Completed epoch 285 / 2000;    current loss: 34.53895568847656
INFO Gradient norm: 194.58337494462577
PROGRESS    Completed epoch 286 / 2000;    current loss: 33.61360168457031
INFO Gradient norm: 191.5855879800242
PROGRESS    Completed epoch 287 / 2000;    current loss: 32.69245147705078
INFO Gradient norm: 189.06217026457801
PROGRESS    Completed epoch 288 / 2000;    current loss: 31.779224395751953
INFO Gradient norm: 186.42234657340842
PROGRESS    Completed epoch 289 / 2000;    current loss: 30.874631881713867
INFO Gradient norm: 183.72230730100623
PROGRESS    Completed epoch 290 / 2000;    current loss: 29.982051849365234
INFO Gradient norm: 181.69227802434864
PROGRESS    Completed epoch 291 / 2000;    current loss: 29.1004695892334
INFO Gradient norm: 179.18835864397715
PROGRESS    Completed epoch 292 / 2000;    current loss: 28.22757339477539
INFO Gradient norm: 176.58774307550104
PROGRESS    Completed epoch 293 / 2000;    current loss: 27.36695671081543
INFO Gradient norm: 172.93686974198343
PROGRESS    Completed epoch 294 / 2000;    current loss: 26.513948440551758
INFO Gradient norm: 168.78005895307507
PROGRESS    Completed epoch 295 / 2000;    current loss: 25.668930053710938
INFO Gradient norm: 165.0515629933046
PROGRESS    Completed epoch 296 / 2000;    current loss: 24.841012954711914
INFO Gradient norm: 161.9689807749806
PROGRESS    Completed epoch 297 / 2000;    current loss: 24.01996612548828
INFO Gradient norm: 159.17528626857805
PROGRESS    Completed epoch 298 / 2000;    current loss: 23.205629348754883
INFO Gradient norm: 156.7273347689522
PROGRESS    Completed epoch 299 / 2000;    current loss: 22.39920425415039
INFO Gradient norm: 155.18992530469328
PROGRESS    Completed epoch 300 / 2000;    current loss: 21.60478401184082
INFO Gradient norm: 152.77026101215225
PROGRESS    Completed epoch 301 / 2000;    current loss: 20.824979782104492
INFO Gradient norm: 148.9373329660719
PROGRESS    Completed epoch 302 / 2000;    current loss: 20.051788330078125
INFO Gradient norm: 145.07303224698825
PROGRESS    Completed epoch 303 / 2000;    current loss: 19.291728973388672
INFO Gradient norm: 141.57918865034168
PROGRESS    Completed epoch 304 / 2000;    current loss: 18.54487419128418
INFO Gradient norm: 138.81926757616972
PROGRESS    Completed epoch 305 / 2000;    current loss: 17.807096481323242
INFO Gradient norm: 136.90023359080615
PROGRESS    Completed epoch 306 / 2000;    current loss: 17.080509185791016
INFO Gradient norm: 133.74740186303563
PROGRESS    Completed epoch 307 / 2000;    current loss: 16.366535186767578
INFO Gradient norm: 130.26212173366673
PROGRESS    Completed epoch 308 / 2000;    current loss: 15.666500091552734
INFO Gradient norm: 127.30345142184984
PROGRESS    Completed epoch 309 / 2000;    current loss: 14.977070808410645
INFO Gradient norm: 125.08133469198233
PROGRESS    Completed epoch 310 / 2000;    current loss: 14.302644729614258
INFO Gradient norm: 122.00485692791192
PROGRESS    Completed epoch 311 / 2000;    current loss: 13.640698432922363
INFO Gradient norm: 118.25104432695365
PROGRESS    Completed epoch 312 / 2000;    current loss: 12.992497444152832
INFO Gradient norm: 115.29963306680067
PROGRESS    Completed epoch 313 / 2000;    current loss: 12.356884956359863
INFO Gradient norm: 113.33126253497181
PROGRESS    Completed epoch 314 / 2000;    current loss: 11.737166404724121
INFO Gradient norm: 110.36779642928302
PROGRESS    Completed epoch 315 / 2000;    current loss: 11.132673263549805
INFO Gradient norm: 106.59097909240809
PROGRESS    Completed epoch 316 / 2000;    current loss: 10.543946266174316
INFO Gradient norm: 103.66242494732963
PROGRESS    Completed epoch 317 / 2000;    current loss: 9.969537734985352
INFO Gradient norm: 101.89348819120221
PROGRESS    Completed epoch 318 / 2000;    current loss: 9.41257381439209
INFO Gradient norm: 98.99072748716468
PROGRESS    Completed epoch 319 / 2000;    current loss: 8.873167991638184
INFO Gradient norm: 94.78387616418829
PROGRESS    Completed epoch 320 / 2000;    current loss: 8.35041618347168
INFO Gradient norm: 91.85931458490788
PROGRESS    Completed epoch 321 / 2000;    current loss: 7.845015525817871
INFO Gradient norm: 90.49987445059787
PROGRESS    Completed epoch 322 / 2000;    current loss: 7.358126640319824
INFO Gradient norm: 87.5533507268422
PROGRESS    Completed epoch 323 / 2000;    current loss: 6.889862060546875
INFO Gradient norm: 82.96819886973056
PROGRESS    Completed epoch 324 / 2000;    current loss: 6.4401164054870605
INFO Gradient norm: 82.04578415957084
PROGRESS    Completed epoch 325 / 2000;    current loss: 6.032715320587158
INFO Gradient norm: 82.50292697487542
PROGRESS    Completed epoch 326 / 2000;    current loss: 5.664058208465576
INFO Gradient norm: 75.50759328653265
PROGRESS    Completed epoch 327 / 2000;    current loss: 5.298836708068848
INFO Gradient norm: 71.96916428262865
PROGRESS    Completed epoch 328 / 2000;    current loss: 4.952917575836182
INFO Gradient norm: 71.270971817755
PROGRESS    Completed epoch 329 / 2000;    current loss: 4.618596076965332
INFO Gradient norm: 66.46808405413222
PROGRESS    Completed epoch 330 / 2000;    current loss: 4.285788059234619
INFO Gradient norm: 63.372678981052424
PROGRESS    Completed epoch 331 / 2000;    current loss: 3.9657726287841797
INFO Gradient norm: 60.90123036884356
PROGRESS    Completed epoch 332 / 2000;    current loss: 3.6615262031555176
INFO Gradient norm: 57.499825779769566
PROGRESS    Completed epoch 333 / 2000;    current loss: 3.3705527782440186
INFO Gradient norm: 55.506464223485196
PROGRESS    Completed epoch 334 / 2000;    current loss: 3.090928077697754
INFO Gradient norm: 51.21105008439389
PROGRESS    Completed epoch 335 / 2000;    current loss: 2.820431709289551
INFO Gradient norm: 59.29342129096988
PROGRESS    Completed epoch 336 / 2000;    current loss: 2.570824146270752
INFO Gradient norm: 51.64570649222787
PROGRESS    Completed epoch 337 / 2000;    current loss: 2.3251514434814453
INFO Gradient norm: 49.014159061388696
PROGRESS    Completed epoch 338 / 2000;    current loss: 2.0982863903045654
INFO Gradient norm: 46.10405718245907
PROGRESS    Completed epoch 339 / 2000;    current loss: 1.8931646347045898
INFO Gradient norm: 45.94468722831124
PROGRESS    Completed epoch 340 / 2000;    current loss: 1.7073086500167847
INFO Gradient norm: 42.53080666203682
PROGRESS    Completed epoch 341 / 2000;    current loss: 1.5315287113189697
INFO Gradient norm: 44.076283542394975
PROGRESS    Completed epoch 342 / 2000;    current loss: 1.3691858053207397
INFO Gradient norm: 43.716881403249275
PROGRESS    Completed epoch 343 / 2000;    current loss: 1.2160248756408691
INFO Gradient norm: 35.729426109071504
PROGRESS    Completed epoch 344 / 2000;    current loss: 1.071189045906067
INFO Gradient norm: 39.33846384484358
PROGRESS    Completed epoch 345 / 2000;    current loss: 0.9515541791915894
INFO Gradient norm: 38.20783694890743
PROGRESS    Completed epoch 346 / 2000;    current loss: 0.8441978693008423
INFO Gradient norm: 27.355094576301237
PROGRESS    Completed epoch 347 / 2000;    current loss: 0.7438212633132935
INFO Gradient norm: 71.70033282505479
PROGRESS    Completed epoch 348 / 2000;    current loss: 0.6675657033920288
INFO Gradient norm: 39.142758585397054
PROGRESS    Completed epoch 349 / 2000;    current loss: 0.5822666883468628
INFO Gradient norm: 104.26896316481417
PROGRESS    Completed epoch 350 / 2000;    current loss: 0.5493054389953613
INFO Gradient norm: 123.05793209527096
PROGRESS    Completed epoch 351 / 2000;    current loss: 0.509320080280304
INFO Gradient norm: 27.61752644138939
PROGRESS    Completed epoch 352 / 2000;    current loss: 0.4263453185558319
INFO Gradient norm: 232.26423118272905
PROGRESS    Completed epoch 353 / 2000;    current loss: 0.48248594999313354
INFO Gradient norm: 330.94211776581824
PROGRESS    Completed epoch 354 / 2000;    current loss: 0.5324996113777161
INFO Gradient norm: 193.7563472354735
PROGRESS    Completed epoch 355 / 2000;    current loss: 0.4099107086658478
INFO Gradient norm: 89.09345294581802
PROGRESS    Completed epoch 356 / 2000;    current loss: 0.35510650277137756
INFO Gradient norm: 146.29030874461367
PROGRESS    Completed epoch 357 / 2000;    current loss: 0.3779353201389313
INFO Gradient norm: 37.31479859871496
PROGRESS    Completed epoch 358 / 2000;    current loss: 0.331917405128479
INFO Gradient norm: 285.8785787014618
PROGRESS    Completed epoch 359 / 2000;    current loss: 0.4354380965232849
INFO Gradient norm: 361.20248715090304
PROGRESS    Completed epoch 360 / 2000;    current loss: 0.4871674180030823
INFO Gradient norm: 154.4564452224331
PROGRESS    Completed epoch 361 / 2000;    current loss: 0.35688623785972595
INFO Gradient norm: 177.25535225583357
PROGRESS    Completed epoch 362 / 2000;    current loss: 0.38541164994239807
INFO Gradient norm: 244.8201115833826
PROGRESS    Completed epoch 363 / 2000;    current loss: 0.44827061891555786
INFO Gradient norm: 145.29267686999052
PROGRESS    Completed epoch 364 / 2000;    current loss: 0.364857017993927
INFO Gradient norm: 183.97509101575832
PROGRESS    Completed epoch 365 / 2000;    current loss: 0.37046563625335693
INFO Gradient norm: 270.4341566621144
PROGRESS    Completed epoch 366 / 2000;    current loss: 0.4173218309879303
INFO Gradient norm: 78.84981192711734
PROGRESS    Completed epoch 367 / 2000;    current loss: 0.33623766899108887
INFO Gradient norm: 230.35658494040558
PROGRESS    Completed epoch 368 / 2000;    current loss: 0.43282631039619446
INFO Gradient norm: 283.97474765460794
PROGRESS    Completed epoch 369 / 2000;    current loss: 0.496404230594635
INFO Gradient norm: 175.14328022912537
PROGRESS    Completed epoch 370 / 2000;    current loss: 0.38621610403060913
INFO Gradient norm: 162.80556962077566
PROGRESS    Completed epoch 371 / 2000;    current loss: 0.3634377717971802
INFO Gradient norm: 260.17838418085995
PROGRESS    Completed epoch 372 / 2000;    current loss: 0.4126479923725128
INFO Gradient norm: 77.14601731834162
PROGRESS    Completed epoch 373 / 2000;    current loss: 0.33681759238243103
INFO Gradient norm: 224.36455939635388
PROGRESS    Completed epoch 374 / 2000;    current loss: 0.4275815486907959
INFO Gradient norm: 271.2719213709406
PROGRESS    Completed epoch 375 / 2000;    current loss: 0.4809820055961609
INFO Gradient norm: 154.89483962981933
PROGRESS    Completed epoch 376 / 2000;    current loss: 0.37146347761154175
INFO Gradient norm: 193.75501733306515
PROGRESS    Completed epoch 377 / 2000;    current loss: 0.3752124309539795
INFO Gradient norm: 296.9721019151727
PROGRESS    Completed epoch 378 / 2000;    current loss: 0.43506333231925964
INFO Gradient norm: 113.71794543211293
PROGRESS    Completed epoch 379 / 2000;    current loss: 0.34232446551322937
INFO Gradient norm: 196.19717663837878
PROGRESS    Completed epoch 380 / 2000;    current loss: 0.4004465341567993
INFO Gradient norm: 246.3466107832599
PROGRESS    Completed epoch 381 / 2000;    current loss: 0.45120835304260254
INFO Gradient norm: 131.3781982087374
PROGRESS    Completed epoch 382 / 2000;    current loss: 0.3554832935333252
INFO Gradient norm: 214.91695614602548
PROGRESS    Completed epoch 383 / 2000;    current loss: 0.3845633268356323
INFO Gradient norm: 313.7119517578449
PROGRESS    Completed epoch 384 / 2000;    current loss: 0.44724538922309875
INFO Gradient norm: 127.87127968377683
PROGRESS    Completed epoch 385 / 2000;    current loss: 0.3447374403476715
INFO Gradient norm: 182.4822244399187
PROGRESS    Completed epoch 386 / 2000;    current loss: 0.38833728432655334
INFO Gradient norm: 234.12983614765915
PROGRESS    Completed epoch 387 / 2000;    current loss: 0.43836709856987
INFO Gradient norm: 122.40071074937443
PROGRESS    Completed epoch 388 / 2000;    current loss: 0.3490605354309082
INFO Gradient norm: 215.41968798356964
PROGRESS    Completed epoch 389 / 2000;    current loss: 0.38440942764282227
INFO Gradient norm: 309.53851137101304
PROGRESS    Completed epoch 390 / 2000;    current loss: 0.4456610083580017
INFO Gradient norm: 126.12101162201748
PROGRESS    Completed epoch 391 / 2000;    current loss: 0.342703640460968
INFO Gradient norm: 178.18321868378672
PROGRESS    Completed epoch 392 / 2000;    current loss: 0.38465458154678345
INFO Gradient norm: 229.52233890625928
PROGRESS    Completed epoch 393 / 2000;    current loss: 0.4346599876880646
INFO Gradient norm: 121.33282592501364
PROGRESS    Completed epoch 394 / 2000;    current loss: 0.3473299443721771
INFO Gradient norm: 206.09778518032454
PROGRESS    Completed epoch 395 / 2000;    current loss: 0.37934648990631104
INFO Gradient norm: 296.5991402279591
PROGRESS    Completed epoch 396 / 2000;    current loss: 0.4379706084728241
INFO Gradient norm: 118.48293800340187
PROGRESS    Completed epoch 397 / 2000;    current loss: 0.3391188681125641
INFO Gradient norm: 177.1647145308774
PROGRESS    Completed epoch 398 / 2000;    current loss: 0.38407376408576965
INFO Gradient norm: 227.29718744408086
PROGRESS    Completed epoch 399 / 2000;    current loss: 0.43394070863723755
INFO Gradient norm: 122.11000223438913
PROGRESS    Completed epoch 400 / 2000;    current loss: 0.3470371961593628
INFO Gradient norm: 195.67098111188713
PROGRESS    Completed epoch 401 / 2000;    current loss: 0.3739793598651886
INFO Gradient norm: 283.64938516260355
PROGRESS    Completed epoch 402 / 2000;    current loss: 0.4303264617919922
INFO Gradient norm: 111.35812521407296
PROGRESS    Completed epoch 403 / 2000;    current loss: 0.3361014425754547
INFO Gradient norm: 175.841109885714
PROGRESS    Completed epoch 404 / 2000;    current loss: 0.38349002599716187
INFO Gradient norm: 224.60570464695408
PROGRESS    Completed epoch 405 / 2000;    current loss: 0.43271875381469727
INFO Gradient norm: 121.69688158922717
PROGRESS    Completed epoch 406 / 2000;    current loss: 0.34644925594329834
INFO Gradient norm: 188.31913982452718
PROGRESS    Completed epoch 407 / 2000;    current loss: 0.3704197406768799
INFO Gradient norm: 274.4767293413893
PROGRESS    Completed epoch 408 / 2000;    current loss: 0.42529040575027466
INFO Gradient norm: 107.06106454870924
PROGRESS    Completed epoch 409 / 2000;    current loss: 0.3342910408973694
INFO Gradient norm: 173.38887230388536
PROGRESS    Completed epoch 410 / 2000;    current loss: 0.38203534483909607
INFO Gradient norm: 221.05082444005086
PROGRESS    Completed epoch 411 / 2000;    current loss: 0.43031758069992065
INFO Gradient norm: 119.84655716746235
PROGRESS    Completed epoch 412 / 2000;    current loss: 0.3452371060848236
INFO Gradient norm: 184.21655252315395
PROGRESS    Completed epoch 413 / 2000;    current loss: 0.3686235845088959
INFO Gradient norm: 268.9543724690783
PROGRESS    Completed epoch 414 / 2000;    current loss: 0.4227052927017212
INFO Gradient norm: 105.25970146915034
PROGRESS    Completed epoch 415 / 2000;    current loss: 0.3333953619003296
INFO Gradient norm: 170.12338246922675
PROGRESS    Completed epoch 416 / 2000;    current loss: 0.37979361414909363
INFO Gradient norm: 217.0205495495944
PROGRESS    Completed epoch 417 / 2000;    current loss: 0.42710816860198975
INFO Gradient norm: 117.19904149274885
PROGRESS    Completed epoch 418 / 2000;    current loss: 0.3436558246612549
INFO Gradient norm: 182.06665259800084
PROGRESS    Completed epoch 419 / 2000;    current loss: 0.3677895665168762
INFO Gradient norm: 265.5264047202607
PROGRESS    Completed epoch 420 / 2000;    current loss: 0.42142748832702637
INFO Gradient norm: 104.64852843633085
PROGRESS    Completed epoch 421 / 2000;    current loss: 0.33293601870536804
INFO Gradient norm: 166.76289868894472
PROGRESS    Completed epoch 422 / 2000;    current loss: 0.3774188458919525
INFO Gradient norm: 213.14614959015535
PROGRESS    Completed epoch 423 / 2000;    current loss: 0.42387300729751587
INFO Gradient norm: 114.55793703346461
PROGRESS    Completed epoch 424 / 2000;    current loss: 0.342056542634964
INFO Gradient norm: 180.5478468216957
PROGRESS    Completed epoch 425 / 2000;    current loss: 0.36723795533180237
INFO Gradient norm: 262.7496481301085
PROGRESS    Completed epoch 426 / 2000;    current loss: 0.42040348052978516
INFO Gradient norm: 104.21429935452935
PROGRESS    Completed epoch 427 / 2000;    current loss: 0.3325134515762329
INFO Gradient norm: 163.82532212172245
PROGRESS    Completed epoch 428 / 2000;    current loss: 0.3753160536289215
INFO Gradient norm: 209.77701069331312
PROGRESS    Completed epoch 429 / 2000;    current loss: 0.4210454523563385
INFO Gradient norm: 112.35513693230374
PROGRESS    Completed epoch 430 / 2000;    current loss: 0.3406888246536255
INFO Gradient norm: 179.0142737040956
PROGRESS    Completed epoch 431 / 2000;    current loss: 0.36657413840293884
INFO Gradient norm: 260.0463722395372
PROGRESS    Completed epoch 432 / 2000;    current loss: 0.4192391633987427
INFO Gradient norm: 103.58305049627312
PROGRESS    Completed epoch 433 / 2000;    current loss: 0.33202534914016724
INFO Gradient norm: 161.40800456148636
PROGRESS    Completed epoch 434 / 2000;    current loss: 0.3735635280609131
INFO Gradient norm: 206.97625680779234
PROGRESS    Completed epoch 435 / 2000;    current loss: 0.4187144637107849
INFO Gradient norm: 110.589512905186
PROGRESS    Completed epoch 436 / 2000;    current loss: 0.33953607082366943
INFO Gradient norm: 177.31447541789632
PROGRESS    Completed epoch 437 / 2000;    current loss: 0.3657417297363281
INFO Gradient norm: 257.31027182711
PROGRESS    Completed epoch 438 / 2000;    current loss: 0.4179074168205261
INFO Gradient norm: 102.71386086681672
PROGRESS    Completed epoch 439 / 2000;    current loss: 0.3314133584499359
INFO Gradient norm: 159.40291200846642
PROGRESS    Completed epoch 440 / 2000;    current loss: 0.37207138538360596
INFO Gradient norm: 204.60359916048253
PROGRESS    Completed epoch 441 / 2000;    current loss: 0.4167204797267914
INFO Gradient norm: 109.14350792257449
PROGRESS    Completed epoch 442 / 2000;    current loss: 0.33848732709884644
INFO Gradient norm: 175.62832220585062
PROGRESS    Completed epoch 443 / 2000;    current loss: 0.3648505210876465
INFO Gradient norm: 254.6806772777275
PROGRESS    Completed epoch 444 / 2000;    current loss: 0.41651633381843567
INFO Gradient norm: 101.85180384469032
PROGRESS    Completed epoch 445 / 2000;    current loss: 0.330767959356308
INFO Gradient norm: 157.6648214055015
PROGRESS    Completed epoch 446 / 2000;    current loss: 0.37072455883026123
INFO Gradient norm: 202.493822833816
PROGRESS    Completed epoch 447 / 2000;    current loss: 0.4149170517921448
INFO Gradient norm: 107.90179710096403
PROGRESS    Completed epoch 448 / 2000;    current loss: 0.33756229281425476
INFO Gradient norm: 174.0438941964504
PROGRESS    Completed epoch 449 / 2000;    current loss: 0.3639476001262665
INFO Gradient norm: 252.26748198707398
PROGRESS    Completed epoch 450 / 2000;    current loss: 0.4151633083820343
INFO Gradient norm: 101.04552997684816
PROGRESS    Completed epoch 451 / 2000;    current loss: 0.33014360070228577
INFO Gradient norm: 156.0680851642409
PROGRESS    Completed epoch 452 / 2000;    current loss: 0.3694809377193451
INFO Gradient norm: 200.5490617479707
PROGRESS    Completed epoch 453 / 2000;    current loss: 0.41320282220840454
INFO Gradient norm: 106.73224921547504
PROGRESS    Completed epoch 454 / 2000;    current loss: 0.3366156220436096
INFO Gradient norm: 172.61999138644293
PROGRESS    Completed epoch 455 / 2000;    current loss: 0.36308640241622925
INFO Gradient norm: 250.0573982517618
PROGRESS    Completed epoch 456 / 2000;    current loss: 0.41387635469436646
INFO Gradient norm: 100.31556915485429
PROGRESS    Completed epoch 457 / 2000;    current loss: 0.32950615882873535
INFO Gradient norm: 154.58040603003352
PROGRESS    Completed epoch 458 / 2000;    current loss: 0.368274062871933
INFO Gradient norm: 198.73774267707938
PROGRESS    Completed epoch 459 / 2000;    current loss: 0.4115816056728363
INFO Gradient norm: 105.63998877351173
PROGRESS    Completed epoch 460 / 2000;    current loss: 0.33570778369903564
INFO Gradient norm: 171.2648093721482
PROGRESS    Completed epoch 461 / 2000;    current loss: 0.3622232675552368
INFO Gradient norm: 248.00157638256212
PROGRESS    Completed epoch 462 / 2000;    current loss: 0.41264766454696655
INFO Gradient norm: 99.64593267580841
PROGRESS    Completed epoch 463 / 2000;    current loss: 0.3289106488227844
INFO Gradient norm: 153.15939135296153
PROGRESS    Completed epoch 464 / 2000;    current loss: 0.3670828640460968
INFO Gradient norm: 197.03086946102806
PROGRESS    Completed epoch 465 / 2000;    current loss: 0.4100271463394165
INFO Gradient norm: 104.59371017081276
PROGRESS    Completed epoch 466 / 2000;    current loss: 0.3348734378814697
INFO Gradient norm: 170.01994986842482
PROGRESS    Completed epoch 467 / 2000;    current loss: 0.36140596866607666
INFO Gradient norm: 246.06730988798176
PROGRESS    Completed epoch 468 / 2000;    current loss: 0.41147810220718384
INFO Gradient norm: 98.99411282081037
PROGRESS    Completed epoch 469 / 2000;    current loss: 0.3283013701438904
INFO Gradient norm: 151.82951850913588
PROGRESS    Completed epoch 470 / 2000;    current loss: 0.3659641146659851
INFO Gradient norm: 195.392099066945
PROGRESS    Completed epoch 471 / 2000;    current loss: 0.4085264205932617
INFO Gradient norm: 103.60204122562347
PROGRESS    Completed epoch 472 / 2000;    current loss: 0.3340425193309784
INFO Gradient norm: 168.80805862521447
PROGRESS    Completed epoch 473 / 2000;    current loss: 0.36061370372772217
INFO Gradient norm: 244.16991966076304
PROGRESS    Completed epoch 474 / 2000;    current loss: 0.41029566526412964
INFO Gradient norm: 98.37360346417734
PROGRESS    Completed epoch 475 / 2000;    current loss: 0.3277013599872589
INFO Gradient norm: 150.54003565126183
PROGRESS    Completed epoch 476 / 2000;    current loss: 0.3648652732372284
INFO Gradient norm: 193.83367345519434
PROGRESS    Completed epoch 477 / 2000;    current loss: 0.4070790112018585
INFO Gradient norm: 102.67101242281576
PROGRESS    Completed epoch 478 / 2000;    current loss: 0.33324041962623596
INFO Gradient norm: 167.6230448325192
PROGRESS    Completed epoch 479 / 2000;    current loss: 0.3598136603832245
INFO Gradient norm: 242.34302455826304
PROGRESS    Completed epoch 480 / 2000;    current loss: 0.40916234254837036
INFO Gradient norm: 97.75443545897696
PROGRESS    Completed epoch 481 / 2000;    current loss: 0.3271236717700958
INFO Gradient norm: 149.3321318982293
PROGRESS    Completed epoch 482 / 2000;    current loss: 0.36382147669792175
INFO Gradient norm: 192.32837732273492
PROGRESS    Completed epoch 483 / 2000;    current loss: 0.40569084882736206
INFO Gradient norm: 101.7705571355001
PROGRESS    Completed epoch 484 / 2000;    current loss: 0.3324669301509857
INFO Gradient norm: 166.47409607326748
PROGRESS    Completed epoch 485 / 2000;    current loss: 0.35904237627983093
INFO Gradient norm: 240.54463862704975
PROGRESS    Completed epoch 486 / 2000;    current loss: 0.40801897644996643
INFO Gradient norm: 97.13056132607551
PROGRESS    Completed epoch 487 / 2000;    current loss: 0.3265421390533447
INFO Gradient norm: 148.1493692672518
PROGRESS    Completed epoch 488 / 2000;    current loss: 0.3628055155277252
INFO Gradient norm: 190.89121632187033
PROGRESS    Completed epoch 489 / 2000;    current loss: 0.4043582081794739
INFO Gradient norm: 100.91172007902796
PROGRESS    Completed epoch 490 / 2000;    current loss: 0.33172252774238586
INFO Gradient norm: 165.3328751685267
PROGRESS    Completed epoch 491 / 2000;    current loss: 0.3582773804664612
INFO Gradient norm: 238.81055692161823
PROGRESS    Completed epoch 492 / 2000;    current loss: 0.4069179892539978
INFO Gradient norm: 96.53069510039636
PROGRESS    Completed epoch 493 / 2000;    current loss: 0.3259803056716919
INFO Gradient norm: 147.00369872834227
PROGRESS    Completed epoch 494 / 2000;    current loss: 0.361827552318573
INFO Gradient norm: 189.4789853180526
PROGRESS    Completed epoch 495 / 2000;    current loss: 0.4030587077140808
INFO Gradient norm: 100.08343403393447
PROGRESS    Completed epoch 496 / 2000;    current loss: 0.33101609349250793
INFO Gradient norm: 164.23022412093815
PROGRESS    Completed epoch 497 / 2000;    current loss: 0.35751938819885254
INFO Gradient norm: 237.1066555328843
PROGRESS    Completed epoch 498 / 2000;    current loss: 0.40582484006881714
INFO Gradient norm: 95.965993070292
PROGRESS    Completed epoch 499 / 2000;    current loss: 0.32544073462486267
INFO Gradient norm: 145.89748817075844
PROGRESS    Completed epoch 500 / 2000;    current loss: 0.3608744442462921
INFO Gradient norm: 188.1338769474628
PROGRESS    Completed epoch 501 / 2000;    current loss: 0.4018004536628723
INFO Gradient norm: 99.26496905517409
PROGRESS    Completed epoch 502 / 2000;    current loss: 0.33029860258102417
INFO Gradient norm: 163.14652017478446
PROGRESS    Completed epoch 503 / 2000;    current loss: 0.3568028211593628
INFO Gradient norm: 235.45839218863014
PROGRESS    Completed epoch 504 / 2000;    current loss: 0.4047600030899048
INFO Gradient norm: 95.37090646563593
PROGRESS    Completed epoch 505 / 2000;    current loss: 0.32490384578704834
INFO Gradient norm: 144.8172551451408
PROGRESS    Completed epoch 506 / 2000;    current loss: 0.3599373400211334
INFO Gradient norm: 186.60298315161802
PROGRESS    Completed epoch 507 / 2000;    current loss: 0.400486558675766
INFO Gradient norm: 94.06899083253285
PROGRESS    Completed epoch 508 / 2000;    current loss: 0.3278203308582306
INFO Gradient norm: 174.0137836298918
PROGRESS    Completed epoch 509 / 2000;    current loss: 0.3638322353363037
INFO Gradient norm: 250.52298873829116
PROGRESS    Completed epoch 510 / 2000;    current loss: 0.4179520606994629
INFO Gradient norm: 111.07977547524796
PROGRESS    Completed epoch 511 / 2000;    current loss: 0.33194202184677124
INFO Gradient norm: 131.3942906467008
PROGRESS    Completed epoch 512 / 2000;    current loss: 0.35124972462654114
INFO Gradient norm: 173.21905323475605
PROGRESS    Completed epoch 513 / 2000;    current loss: 0.38848280906677246
INFO Gradient norm: 83.49378209678744
PROGRESS    Completed epoch 514 / 2000;    current loss: 0.32415303587913513
INFO Gradient norm: 179.3312443435587
PROGRESS    Completed epoch 515 / 2000;    current loss: 0.3688685894012451
INFO Gradient norm: 250.53112937428708
PROGRESS    Completed epoch 516 / 2000;    current loss: 0.4204831123352051
INFO Gradient norm: 109.67509254964072
PROGRESS    Completed epoch 517 / 2000;    current loss: 0.3323749303817749
INFO Gradient norm: 130.91186389955476
PROGRESS    Completed epoch 518 / 2000;    current loss: 0.3521338701248169
INFO Gradient norm: 173.50031868161534
PROGRESS    Completed epoch 519 / 2000;    current loss: 0.3906382918357849
INFO Gradient norm: 87.04526129307177
PROGRESS    Completed epoch 520 / 2000;    current loss: 0.32636475563049316
INFO Gradient norm: 167.89974257623476
PROGRESS    Completed epoch 521 / 2000;    current loss: 0.36320072412490845
INFO Gradient norm: 236.06468239511707
PROGRESS    Completed epoch 522 / 2000;    current loss: 0.4111098349094391
INFO Gradient norm: 98.5898460073269
PROGRESS    Completed epoch 523 / 2000;    current loss: 0.3286259174346924
INFO Gradient norm: 135.57805708671916
PROGRESS    Completed epoch 524 / 2000;    current loss: 0.3566531836986542
INFO Gradient norm: 177.1174064617762
PROGRESS    Completed epoch 525 / 2000;    current loss: 0.3961403965950012
INFO Gradient norm: 92.68442903389807
PROGRESS    Completed epoch 526 / 2000;    current loss: 0.3295176923274994
INFO Gradient norm: 156.2593573598921
PROGRESS    Completed epoch 527 / 2000;    current loss: 0.3573036193847656
INFO Gradient norm: 223.5370156416576
PROGRESS    Completed epoch 528 / 2000;    current loss: 0.4029152989387512
INFO Gradient norm: 90.18137413030767
PROGRESS    Completed epoch 529 / 2000;    current loss: 0.3258652687072754
INFO Gradient norm: 138.3188227157431
PROGRESS    Completed epoch 530 / 2000;    current loss: 0.35951119661331177
INFO Gradient norm: 178.5827897188113
PROGRESS    Completed epoch 531 / 2000;    current loss: 0.398893803358078
INFO Gradient norm: 94.95016534618216
PROGRESS    Completed epoch 532 / 2000;    current loss: 0.33089733123779297
INFO Gradient norm: 150.98652240630565
PROGRESS    Completed epoch 533 / 2000;    current loss: 0.3547648787498474
INFO Gradient norm: 218.3400614470955
PROGRESS    Completed epoch 534 / 2000;    current loss: 0.39978718757629395
INFO Gradient norm: 87.63108537950158
PROGRESS    Completed epoch 535 / 2000;    current loss: 0.3250223994255066
INFO Gradient norm: 137.83869362564965
PROGRESS    Completed epoch 536 / 2000;    current loss: 0.3594602048397064
INFO Gradient norm: 177.3963905387278
PROGRESS    Completed epoch 537 / 2000;    current loss: 0.3981751501560211
INFO Gradient norm: 93.9712205462628
PROGRESS    Completed epoch 538 / 2000;    current loss: 0.33038148283958435
INFO Gradient norm: 150.7414367034234
PROGRESS    Completed epoch 539 / 2000;    current loss: 0.3547694683074951
INFO Gradient norm: 218.18473763278956
PROGRESS    Completed epoch 540 / 2000;    current loss: 0.40006422996520996
INFO Gradient norm: 88.58574148567284
PROGRESS    Completed epoch 541 / 2000;    current loss: 0.32525089383125305
INFO Gradient norm: 135.73821824859326
PROGRESS    Completed epoch 542 / 2000;    current loss: 0.3578229248523712
INFO Gradient norm: 175.10197216948427
PROGRESS    Completed epoch 543 / 2000;    current loss: 0.3958829343318939
INFO Gradient norm: 91.88693206367917
PROGRESS    Completed epoch 544 / 2000;    current loss: 0.3291850984096527
INFO Gradient norm: 151.97213548479735
PROGRESS    Completed epoch 545 / 2000;    current loss: 0.35544919967651367
INFO Gradient norm: 219.1235440127587
PROGRESS    Completed epoch 546 / 2000;    current loss: 0.40097513794898987
INFO Gradient norm: 89.98486697648153
PROGRESS    Completed epoch 547 / 2000;    current loss: 0.3256079852581024
INFO Gradient norm: 133.75610457930208
PROGRESS    Completed epoch 548 / 2000;    current loss: 0.3562471270561218
INFO Gradient norm: 173.13013962767002
PROGRESS    Completed epoch 549 / 2000;    current loss: 0.393912672996521
INFO Gradient norm: 90.28511121892973
PROGRESS    Completed epoch 550 / 2000;    current loss: 0.3282218873500824
INFO Gradient norm: 152.40084984000518
PROGRESS    Completed epoch 551 / 2000;    current loss: 0.35567229986190796
INFO Gradient norm: 218.99609310088417
PROGRESS    Completed epoch 552 / 2000;    current loss: 0.4010682702064514
INFO Gradient norm: 90.32496910073884
PROGRESS    Completed epoch 553 / 2000;    current loss: 0.3255428671836853
INFO Gradient norm: 132.55190977463246
PROGRESS    Completed epoch 554 / 2000;    current loss: 0.35528284311294556
INFO Gradient norm: 171.9030992544809
PROGRESS    Completed epoch 555 / 2000;    current loss: 0.39279669523239136
INFO Gradient norm: 89.52935528490143
PROGRESS    Completed epoch 556 / 2000;    current loss: 0.3277093768119812
INFO Gradient norm: 151.68420405799796
PROGRESS    Completed epoch 557 / 2000;    current loss: 0.3552444279193878
INFO Gradient norm: 217.72445328209858
PROGRESS    Completed epoch 558 / 2000;    current loss: 0.4002911448478699
INFO Gradient norm: 89.74418254492576
PROGRESS    Completed epoch 559 / 2000;    current loss: 0.32516366243362427
INFO Gradient norm: 131.9175614130524
PROGRESS    Completed epoch 560 / 2000;    current loss: 0.3548147678375244
INFO Gradient norm: 171.10291566926165
PROGRESS    Completed epoch 561 / 2000;    current loss: 0.3921565115451813
INFO Gradient norm: 89.20656456475999
PROGRESS    Completed epoch 562 / 2000;    current loss: 0.3274153470993042
INFO Gradient norm: 150.4574328932568
PROGRESS    Completed epoch 563 / 2000;    current loss: 0.35454198718070984
INFO Gradient norm: 216.03984843611312
PROGRESS    Completed epoch 564 / 2000;    current loss: 0.3992202579975128
INFO Gradient norm: 88.9274520787591
PROGRESS    Completed epoch 565 / 2000;    current loss: 0.32473224401474
INFO Gradient norm: 131.41551481410806
PROGRESS    Completed epoch 566 / 2000;    current loss: 0.35443219542503357
INFO Gradient norm: 170.3915327980199
PROGRESS    Completed epoch 567 / 2000;    current loss: 0.3915724456310272
INFO Gradient norm: 88.92226164121915
PROGRESS    Completed epoch 568 / 2000;    current loss: 0.32712358236312866
INFO Gradient norm: 149.3171624567812
PROGRESS    Completed epoch 569 / 2000;    current loss: 0.3538331389427185
INFO Gradient norm: 214.49694074857217
PROGRESS    Completed epoch 570 / 2000;    current loss: 0.3982011675834656
INFO Gradient norm: 88.22980071712315
PROGRESS    Completed epoch 571 / 2000;    current loss: 0.3242834210395813
INFO Gradient norm: 130.8452375904205
PROGRESS    Completed epoch 572 / 2000;    current loss: 0.3539890944957733
INFO Gradient norm: 169.60110148778924
PROGRESS    Completed epoch 573 / 2000;    current loss: 0.39091551303863525
INFO Gradient norm: 88.50159820479813
PROGRESS    Completed epoch 574 / 2000;    current loss: 0.3267726004123688
INFO Gradient norm: 148.40915062135102
PROGRESS    Completed epoch 575 / 2000;    current loss: 0.3532750904560089
INFO Gradient norm: 213.2183267337934
PROGRESS    Completed epoch 576 / 2000;    current loss: 0.39736443758010864
INFO Gradient norm: 87.73867394617805
PROGRESS    Completed epoch 577 / 2000;    current loss: 0.32392191886901855
INFO Gradient norm: 130.132172976689
PROGRESS    Completed epoch 578 / 2000;    current loss: 0.3534034192562103
INFO Gradient norm: 168.72143108486085
PROGRESS    Completed epoch 579 / 2000;    current loss: 0.39013364911079407
INFO Gradient norm: 88.00977054846273
PROGRESS    Completed epoch 580 / 2000;    current loss: 0.32635214924812317
INFO Gradient norm: 147.65067713134786
PROGRESS    Completed epoch 581 / 2000;    current loss: 0.35278812050819397
INFO Gradient norm: 212.10872307213663
PROGRESS    Completed epoch 582 / 2000;    current loss: 0.39664527773857117
INFO Gradient norm: 87.36895043757598
PROGRESS    Completed epoch 583 / 2000;    current loss: 0.3236173093318939
INFO Gradient norm: 129.3959254184339
PROGRESS    Completed epoch 584 / 2000;    current loss: 0.3527944087982178
INFO Gradient norm: 167.81271494555634
PROGRESS    Completed epoch 585 / 2000;    current loss: 0.3892901837825775
INFO Gradient norm: 87.4679633668339
PROGRESS    Completed epoch 586 / 2000;    current loss: 0.32592281699180603
INFO Gradient norm: 146.9435510460362
PROGRESS    Completed epoch 587 / 2000;    current loss: 0.3522949814796448
INFO Gradient norm: 211.00493198905826
PROGRESS    Completed epoch 588 / 2000;    current loss: 0.3959357738494873
INFO Gradient norm: 86.98296723893637
PROGRESS    Completed epoch 589 / 2000;    current loss: 0.323271244764328
INFO Gradient norm: 128.68009726683948
PROGRESS    Completed epoch 590 / 2000;    current loss: 0.35221022367477417
INFO Gradient norm: 166.94553143316728
PROGRESS    Completed epoch 591 / 2000;    current loss: 0.3885040283203125
INFO Gradient norm: 86.95064136616973
PROGRESS    Completed epoch 592 / 2000;    current loss: 0.3254960775375366
INFO Gradient norm: 146.19786219405975
PROGRESS    Completed epoch 593 / 2000;    current loss: 0.35183045268058777
INFO Gradient norm: 209.86991492342972
PROGRESS    Completed epoch 594 / 2000;    current loss: 0.39518705010414124
INFO Gradient norm: 86.56675995107392
PROGRESS    Completed epoch 595 / 2000;    current loss: 0.3229159116744995
INFO Gradient norm: 128.0145913810501
PROGRESS    Completed epoch 596 / 2000;    current loss: 0.3516293466091156
INFO Gradient norm: 166.102116910613
PROGRESS    Completed epoch 597 / 2000;    current loss: 0.38772502541542053
INFO Gradient norm: 86.49121194733793
PROGRESS    Completed epoch 598 / 2000;    current loss: 0.32510000467300415
INFO Gradient norm: 145.4200407099415
PROGRESS    Completed epoch 599 / 2000;    current loss: 0.35131075978279114
INFO Gradient norm: 208.72980041411626
PROGRESS    Completed epoch 600 / 2000;    current loss: 0.39441028237342834
INFO Gradient norm: 86.11958946891417
PROGRESS    Completed epoch 601 / 2000;    current loss: 0.3225654661655426
INFO Gradient norm: 127.34844981321096
PROGRESS    Completed epoch 602 / 2000;    current loss: 0.3510769009590149
INFO Gradient norm: 165.28942288506965
PROGRESS    Completed epoch 603 / 2000;    current loss: 0.38697171211242676
INFO Gradient norm: 86.01880346630699
PROGRESS    Completed epoch 604 / 2000;    current loss: 0.32470259070396423
INFO Gradient norm: 144.63165540970073
PROGRESS    Completed epoch 605 / 2000;    current loss: 0.35078126192092896
INFO Gradient norm: 207.5792106438117
PROGRESS    Completed epoch 606 / 2000;    current loss: 0.3936191499233246
INFO Gradient norm: 85.6904897982757
PROGRESS    Completed epoch 607 / 2000;    current loss: 0.3222060203552246
INFO Gradient norm: 126.70365283762466
PROGRESS    Completed epoch 608 / 2000;    current loss: 0.35052141547203064
INFO Gradient norm: 164.47432069985913
PROGRESS    Completed epoch 609 / 2000;    current loss: 0.38621950149536133
INFO Gradient norm: 85.58312773700574
PROGRESS    Completed epoch 610 / 2000;    current loss: 0.3243144154548645
INFO Gradient norm: 143.85295412160232
PROGRESS    Completed epoch 611 / 2000;    current loss: 0.3502456545829773
INFO Gradient norm: 206.43829783382543
PROGRESS    Completed epoch 612 / 2000;    current loss: 0.3928428888320923
INFO Gradient norm: 85.2606666111704
PROGRESS    Completed epoch 613 / 2000;    current loss: 0.3218385577201843
INFO Gradient norm: 126.06830510816334
PROGRESS    Completed epoch 614 / 2000;    current loss: 0.3499610424041748
INFO Gradient norm: 163.68526330692018
PROGRESS    Completed epoch 615 / 2000;    current loss: 0.38546931743621826
INFO Gradient norm: 85.12247748489123
PROGRESS    Completed epoch 616 / 2000;    current loss: 0.3239060342311859
INFO Gradient norm: 143.09163992881508
PROGRESS    Completed epoch 617 / 2000;    current loss: 0.34973472356796265
INFO Gradient norm: 205.32319444442663
PROGRESS    Completed epoch 618 / 2000;    current loss: 0.3920789361000061
INFO Gradient norm: 84.82977019945757
PROGRESS    Completed epoch 619 / 2000;    current loss: 0.32149457931518555
INFO Gradient norm: 125.4429967919682
PROGRESS    Completed epoch 620 / 2000;    current loss: 0.34942933917045593
INFO Gradient norm: 162.89491631853755
PROGRESS    Completed epoch 621 / 2000;    current loss: 0.3847390115261078
INFO Gradient norm: 84.70397649643625
PROGRESS    Completed epoch 622 / 2000;    current loss: 0.3235219120979309
INFO Gradient norm: 142.3346194828705
PROGRESS    Completed epoch 623 / 2000;    current loss: 0.34920772910118103
INFO Gradient norm: 204.19786122870693
PROGRESS    Completed epoch 624 / 2000;    current loss: 0.39128378033638
INFO Gradient norm: 84.40586018538683
PROGRESS    Completed epoch 625 / 2000;    current loss: 0.321142315864563
INFO Gradient norm: 124.80459425617417
PROGRESS    Completed epoch 626 / 2000;    current loss: 0.3488749563694
INFO Gradient norm: 162.117767121384
PROGRESS    Completed epoch 627 / 2000;    current loss: 0.38397693634033203
INFO Gradient norm: 84.2711282001087
PROGRESS    Completed epoch 628 / 2000;    current loss: 0.3231114447116852
INFO Gradient norm: 141.58422136120834
PROGRESS    Completed epoch 629 / 2000;    current loss: 0.3486614525318146
INFO Gradient norm: 203.11702826616826
PROGRESS    Completed epoch 630 / 2000;    current loss: 0.39057597517967224
INFO Gradient norm: 83.97640811908352
PROGRESS    Completed epoch 631 / 2000;    current loss: 0.32076629996299744
INFO Gradient norm: 124.17697056997383
PROGRESS    Completed epoch 632 / 2000;    current loss: 0.34833064675331116
INFO Gradient norm: 161.3204454668986
PROGRESS    Completed epoch 633 / 2000;    current loss: 0.3832567632198334
INFO Gradient norm: 83.84309252299578
PROGRESS    Completed epoch 634 / 2000;    current loss: 0.3227299749851227
INFO Gradient norm: 140.82282895749645
PROGRESS    Completed epoch 635 / 2000;    current loss: 0.3481484353542328
INFO Gradient norm: 202.01781747368992
PROGRESS    Completed epoch 636 / 2000;    current loss: 0.3897920250892639
INFO Gradient norm: 83.55657684595978
PROGRESS    Completed epoch 637 / 2000;    current loss: 0.3203989863395691
INFO Gradient norm: 123.57606530323423
PROGRESS    Completed epoch 638 / 2000;    current loss: 0.34777897596359253
INFO Gradient norm: 160.57045949086597
PROGRESS    Completed epoch 639 / 2000;    current loss: 0.38252490758895874
INFO Gradient norm: 83.42422102812954
PROGRESS    Completed epoch 640 / 2000;    current loss: 0.3223435580730438
INFO Gradient norm: 140.07627347764216
PROGRESS    Completed epoch 641 / 2000;    current loss: 0.34761545062065125
INFO Gradient norm: 200.91387562099277
PROGRESS    Completed epoch 642 / 2000;    current loss: 0.38901594281196594
INFO Gradient norm: 83.12843380063052
PROGRESS    Completed epoch 643 / 2000;    current loss: 0.32002267241477966
INFO Gradient norm: 122.96908768056342
PROGRESS    Completed epoch 644 / 2000;    current loss: 0.34724879264831543
INFO Gradient norm: 159.81523519822505
PROGRESS    Completed epoch 645 / 2000;    current loss: 0.3817787170410156
INFO Gradient norm: 83.01121885766914
PROGRESS    Completed epoch 646 / 2000;    current loss: 0.32193848490715027
INFO Gradient norm: 139.33899557044276
PROGRESS    Completed epoch 647 / 2000;    current loss: 0.347097784280777
INFO Gradient norm: 199.81680163301502
PROGRESS    Completed epoch 648 / 2000;    current loss: 0.388222336769104
INFO Gradient norm: 82.72493065565173
PROGRESS    Completed epoch 649 / 2000;    current loss: 0.3196694850921631
INFO Gradient norm: 122.36541759856892
PROGRESS    Completed epoch 650 / 2000;    current loss: 0.34670382738113403
INFO Gradient norm: 159.059767058786
PROGRESS    Completed epoch 651 / 2000;    current loss: 0.381063312292099
INFO Gradient norm: 82.58137035576061
PROGRESS    Completed epoch 652 / 2000;    current loss: 0.3215470314025879
INFO Gradient norm: 138.607503954065
PROGRESS    Completed epoch 653 / 2000;    current loss: 0.3465510308742523
INFO Gradient norm: 198.75638057969508
PROGRESS    Completed epoch 654 / 2000;    current loss: 0.38745763897895813
INFO Gradient norm: 82.30285730284245
PROGRESS    Completed epoch 655 / 2000;    current loss: 0.3193002939224243
INFO Gradient norm: 121.77798901921261
PROGRESS    Completed epoch 656 / 2000;    current loss: 0.3461672067642212
INFO Gradient norm: 158.3036748671272
PROGRESS    Completed epoch 657 / 2000;    current loss: 0.3803258538246155
INFO Gradient norm: 82.17328141553267
PROGRESS    Completed epoch 658 / 2000;    current loss: 0.3211573362350464
INFO Gradient norm: 137.8641641494924
PROGRESS    Completed epoch 659 / 2000;    current loss: 0.3459983170032501
INFO Gradient norm: 197.69619838152235
PROGRESS    Completed epoch 660 / 2000;    current loss: 0.3866826295852661
INFO Gradient norm: 81.89673851083093
PROGRESS    Completed epoch 661 / 2000;    current loss: 0.31893810629844666
INFO Gradient norm: 121.17485908643744
PROGRESS    Completed epoch 662 / 2000;    current loss: 0.34562116861343384
INFO Gradient norm: 157.5651049205472
PROGRESS    Completed epoch 663 / 2000;    current loss: 0.3796023428440094
INFO Gradient norm: 81.79056482713047
PROGRESS    Completed epoch 664 / 2000;    current loss: 0.32077422738075256
INFO Gradient norm: 137.14446798151883
PROGRESS    Completed epoch 665 / 2000;    current loss: 0.34549397230148315
INFO Gradient norm: 196.61212757224285
PROGRESS    Completed epoch 666 / 2000;    current loss: 0.3859056532382965
INFO Gradient norm: 81.48227549964825
PROGRESS    Completed epoch 667 / 2000;    current loss: 0.3185592293739319
INFO Gradient norm: 120.59074778158244
PROGRESS    Completed epoch 668 / 2000;    current loss: 0.3450937569141388
INFO Gradient norm: 156.82597411224822
PROGRESS    Completed epoch 669 / 2000;    current loss: 0.3788639307022095
INFO Gradient norm: 81.37378479478001
PROGRESS    Completed epoch 670 / 2000;    current loss: 0.3203778862953186
INFO Gradient norm: 136.40800311743038
PROGRESS    Completed epoch 671 / 2000;    current loss: 0.3449428081512451
INFO Gradient norm: 195.55919897508684
PROGRESS    Completed epoch 672 / 2000;    current loss: 0.38513827323913574
INFO Gradient norm: 81.07438963709713
PROGRESS    Completed epoch 673 / 2000;    current loss: 0.31819280982017517
INFO Gradient norm: 120.005440265663
PROGRESS    Completed epoch 674 / 2000;    current loss: 0.344539076089859
INFO Gradient norm: 156.0839613911325
PROGRESS    Completed epoch 675 / 2000;    current loss: 0.37814751267433167
INFO Gradient norm: 80.95093359502677
PROGRESS    Completed epoch 676 / 2000;    current loss: 0.31996890902519226
INFO Gradient norm: 135.6792759860552
PROGRESS    Completed epoch 677 / 2000;    current loss: 0.3444058895111084
INFO Gradient norm: 194.5140081620464
PROGRESS    Completed epoch 678 / 2000;    current loss: 0.38436204195022583
INFO Gradient norm: 80.67541238484792
PROGRESS    Completed epoch 679 / 2000;    current loss: 0.31782248616218567
INFO Gradient norm: 119.41475714080953
PROGRESS    Completed epoch 680 / 2000;    current loss: 0.3440000116825104
INFO Gradient norm: 155.35118504518482
PROGRESS    Completed epoch 681 / 2000;    current loss: 0.3774073123931885
INFO Gradient norm: 80.56273322376106
PROGRESS    Completed epoch 682 / 2000;    current loss: 0.31956747174263
INFO Gradient norm: 134.96211312987776
PROGRESS    Completed epoch 683 / 2000;    current loss: 0.34386467933654785
INFO Gradient norm: 193.47037490553564
PROGRESS    Completed epoch 684 / 2000;    current loss: 0.3835940361022949
INFO Gradient norm: 80.2593934575776
PROGRESS    Completed epoch 685 / 2000;    current loss: 0.31746402382850647
INFO Gradient norm: 118.83128310921592
PROGRESS    Completed epoch 686 / 2000;    current loss: 0.34346216917037964
INFO Gradient norm: 154.62934731250076
PROGRESS    Completed epoch 687 / 2000;    current loss: 0.37669146060943604
INFO Gradient norm: 80.16967391902031
PROGRESS    Completed epoch 688 / 2000;    current loss: 0.31919464468955994
INFO Gradient norm: 134.25605750176902
PROGRESS    Completed epoch 689 / 2000;    current loss: 0.34334471821784973
INFO Gradient norm: 192.43054257846737
PROGRESS    Completed epoch 690 / 2000;    current loss: 0.3828154504299164
INFO Gradient norm: 79.86346785239907
PROGRESS    Completed epoch 691 / 2000;    current loss: 0.31707999110221863
INFO Gradient norm: 118.2483921341947
PROGRESS    Completed epoch 692 / 2000;    current loss: 0.3429250419139862
INFO Gradient norm: 153.91043029932507
PROGRESS    Completed epoch 693 / 2000;    current loss: 0.3759807348251343
INFO Gradient norm: 79.7782951147646
PROGRESS    Completed epoch 694 / 2000;    current loss: 0.3187985122203827
INFO Gradient norm: 133.52602714079273
PROGRESS    Completed epoch 695 / 2000;    current loss: 0.3428097665309906
INFO Gradient norm: 191.38394328270948
PROGRESS    Completed epoch 696 / 2000;    current loss: 0.38203516602516174
INFO Gradient norm: 79.44927931226881
PROGRESS    Completed epoch 697 / 2000;    current loss: 0.3167172968387604
INFO Gradient norm: 117.66723174714807
PROGRESS    Completed epoch 698 / 2000;    current loss: 0.34237948060035706
INFO Gradient norm: 153.1761772407785
PROGRESS    Completed epoch 699 / 2000;    current loss: 0.3752381205558777
INFO Gradient norm: 79.38026824403121
PROGRESS    Completed epoch 700 / 2000;    current loss: 0.3183974027633667
INFO Gradient norm: 132.8404955007934
PROGRESS    Completed epoch 701 / 2000;    current loss: 0.3422907888889313
INFO Gradient norm: 190.37577036971555
PROGRESS    Completed epoch 702 / 2000;    current loss: 0.3812914490699768
INFO Gradient norm: 79.0797856207863
PROGRESS    Completed epoch 703 / 2000;    current loss: 0.3163585364818573
INFO Gradient norm: 117.09562348892945
PROGRESS    Completed epoch 704 / 2000;    current loss: 0.3418307304382324
INFO Gradient norm: 152.45805846242618
PROGRESS    Completed epoch 705 / 2000;    current loss: 0.374512255191803
INFO Gradient norm: 78.9867542281976
PROGRESS    Completed epoch 706 / 2000;    current loss: 0.31801024079322815
INFO Gradient norm: 132.1207869284406
PROGRESS    Completed epoch 707 / 2000;    current loss: 0.3417413532733917
INFO Gradient norm: 189.3428882625245
PROGRESS    Completed epoch 708 / 2000;    current loss: 0.38049933314323425
INFO Gradient norm: 78.67080522378431
PROGRESS    Completed epoch 709 / 2000;    current loss: 0.31598642468452454
INFO Gradient norm: 116.5344018738437
PROGRESS    Completed epoch 710 / 2000;    current loss: 0.34130561351776123
INFO Gradient norm: 151.7401337161153
PROGRESS    Completed epoch 711 / 2000;    current loss: 0.3737906515598297
INFO Gradient norm: 78.6052453233099
PROGRESS    Completed epoch 712 / 2000;    current loss: 0.31762203574180603
INFO Gradient norm: 131.3999422694825
PROGRESS    Completed epoch 713 / 2000;    current loss: 0.34118887782096863
INFO Gradient norm: 188.30261944888588
PROGRESS    Completed epoch 714 / 2000;    current loss: 0.37971800565719604
INFO Gradient norm: 78.27498304444583
PROGRESS    Completed epoch 715 / 2000;    current loss: 0.3156108856201172
INFO Gradient norm: 115.96024095312464
PROGRESS    Completed epoch 716 / 2000;    current loss: 0.34074679017066956
INFO Gradient norm: 151.04572665290252
PROGRESS    Completed epoch 717 / 2000;    current loss: 0.37308573722839355
INFO Gradient norm: 78.22332096907635
PROGRESS    Completed epoch 718 / 2000;    current loss: 0.3172403573989868
INFO Gradient norm: 130.7039661255289
PROGRESS    Completed epoch 719 / 2000;    current loss: 0.34066158533096313
INFO Gradient norm: 187.2809035292514
PROGRESS    Completed epoch 720 / 2000;    current loss: 0.37894511222839355
INFO Gradient norm: 77.879132103205
PROGRESS    Completed epoch 721 / 2000;    current loss: 0.3152364194393158
INFO Gradient norm: 115.4151131774904
PROGRESS    Completed epoch 722 / 2000;    current loss: 0.3402455747127533
INFO Gradient norm: 150.33888366061163
PROGRESS    Completed epoch 723 / 2000;    current loss: 0.37238186597824097
INFO Gradient norm: 77.84653923594685
PROGRESS    Completed epoch 724 / 2000;    current loss: 0.3168536126613617
INFO Gradient norm: 129.98215902581126
PROGRESS    Completed epoch 725 / 2000;    current loss: 0.3401324152946472
INFO Gradient norm: 186.24419093145005
PROGRESS    Completed epoch 726 / 2000;    current loss: 0.37817659974098206
INFO Gradient norm: 77.46523373074658
PROGRESS    Completed epoch 727 / 2000;    current loss: 0.3148498833179474
INFO Gradient norm: 114.83811326146314
PROGRESS    Completed epoch 728 / 2000;    current loss: 0.3397015333175659
INFO Gradient norm: 149.62446850333052
PROGRESS    Completed epoch 729 / 2000;    current loss: 0.3716598153114319
INFO Gradient norm: 77.45862320003073
PROGRESS    Completed epoch 730 / 2000;    current loss: 0.3164433240890503
INFO Gradient norm: 129.2894772821611
PROGRESS    Completed epoch 731 / 2000;    current loss: 0.3395777642726898
INFO Gradient norm: 185.2580256949643
PROGRESS    Completed epoch 732 / 2000;    current loss: 0.3774092495441437
INFO Gradient norm: 77.07646046673096
PROGRESS    Completed epoch 733 / 2000;    current loss: 0.3144844174385071
INFO Gradient norm: 114.2674358564997
PROGRESS    Completed epoch 734 / 2000;    current loss: 0.3391547203063965
INFO Gradient norm: 148.91532094795883
PROGRESS    Completed epoch 735 / 2000;    current loss: 0.3709254860877991
INFO Gradient norm: 77.06307779624223
PROGRESS    Completed epoch 736 / 2000;    current loss: 0.316062867641449
INFO Gradient norm: 128.59798767265968
PROGRESS    Completed epoch 737 / 2000;    current loss: 0.3390498161315918
INFO Gradient norm: 184.24206879359957
PROGRESS    Completed epoch 738 / 2000;    current loss: 0.37664419412612915
INFO Gradient norm: 76.69951600623035
PROGRESS    Completed epoch 739 / 2000;    current loss: 0.3141207993030548
INFO Gradient norm: 113.71139518817495
PROGRESS    Completed epoch 740 / 2000;    current loss: 0.3386267125606537
INFO Gradient norm: 148.21029426820948
PROGRESS    Completed epoch 741 / 2000;    current loss: 0.3702005445957184
INFO Gradient norm: 76.68855732944344
PROGRESS    Completed epoch 742 / 2000;    current loss: 0.315678209066391
INFO Gradient norm: 127.8949731062234
PROGRESS    Completed epoch 743 / 2000;    current loss: 0.3385089933872223
INFO Gradient norm: 183.21803083206953
PROGRESS    Completed epoch 744 / 2000;    current loss: 0.3758375644683838
INFO Gradient norm: 76.30005504992884
PROGRESS    Completed epoch 745 / 2000;    current loss: 0.31373611092567444
INFO Gradient norm: 113.15091451849628
PROGRESS    Completed epoch 746 / 2000;    current loss: 0.3380817770957947
INFO Gradient norm: 147.51257215005717
PROGRESS    Completed epoch 747 / 2000;    current loss: 0.3695097863674164
INFO Gradient norm: 76.31078473517171
PROGRESS    Completed epoch 748 / 2000;    current loss: 0.3152867555618286
INFO Gradient norm: 127.19251873286586
PROGRESS    Completed epoch 749 / 2000;    current loss: 0.33796730637550354
INFO Gradient norm: 182.19770890624105
PROGRESS    Completed epoch 750 / 2000;    current loss: 0.37505125999450684
INFO Gradient norm: 75.9017629809943
PROGRESS    Completed epoch 751 / 2000;    current loss: 0.31334492564201355
INFO Gradient norm: 112.59411940712388
PROGRESS    Completed epoch 752 / 2000;    current loss: 0.3375575840473175
INFO Gradient norm: 146.80842594379897
PROGRESS    Completed epoch 753 / 2000;    current loss: 0.36878177523612976
INFO Gradient norm: 75.94062674592801
PROGRESS    Completed epoch 754 / 2000;    current loss: 0.31489798426628113
INFO Gradient norm: 126.49666441552107
PROGRESS    Completed epoch 755 / 2000;    current loss: 0.33742737770080566
INFO Gradient norm: 181.20622198297136
PROGRESS    Completed epoch 756 / 2000;    current loss: 0.37429311871528625
INFO Gradient norm: 75.50520011911551
PROGRESS    Completed epoch 757 / 2000;    current loss: 0.3129868507385254
INFO Gradient norm: 112.03590662270709
PROGRESS    Completed epoch 758 / 2000;    current loss: 0.3370143175125122
INFO Gradient norm: 146.11451727391682
PROGRESS    Completed epoch 759 / 2000;    current loss: 0.3680773973464966
INFO Gradient norm: 75.57105166475455
PROGRESS    Completed epoch 760 / 2000;    current loss: 0.31450119614601135
INFO Gradient norm: 125.80024663239124
PROGRESS    Completed epoch 761 / 2000;    current loss: 0.33688822388648987
INFO Gradient norm: 180.17876798740767
PROGRESS    Completed epoch 762 / 2000;    current loss: 0.37351489067077637
INFO Gradient norm: 75.10579922106207
PROGRESS    Completed epoch 763 / 2000;    current loss: 0.31260693073272705
INFO Gradient norm: 111.47953665420783
PROGRESS    Completed epoch 764 / 2000;    current loss: 0.3364892601966858
INFO Gradient norm: 145.4080792902731
PROGRESS    Completed epoch 765 / 2000;    current loss: 0.3673411011695862
INFO Gradient norm: 75.19490500144971
PROGRESS    Completed epoch 766 / 2000;    current loss: 0.3141186237335205
INFO Gradient norm: 125.10237169661045
PROGRESS    Completed epoch 767 / 2000;    current loss: 0.3363257646560669
INFO Gradient norm: 179.16294120485827
PROGRESS    Completed epoch 768 / 2000;    current loss: 0.3727283179759979
INFO Gradient norm: 74.71610066721452
PROGRESS    Completed epoch 769 / 2000;    current loss: 0.3122304081916809
INFO Gradient norm: 110.94033690087804
PROGRESS    Completed epoch 770 / 2000;    current loss: 0.33595484495162964
INFO Gradient norm: 144.73342086857522
PROGRESS    Completed epoch 771 / 2000;    current loss: 0.36666634678840637
INFO Gradient norm: 74.83069970915301
PROGRESS    Completed epoch 772 / 2000;    current loss: 0.31374967098236084
INFO Gradient norm: 124.37743378378268
PROGRESS    Completed epoch 773 / 2000;    current loss: 0.33578434586524963
INFO Gradient norm: 178.13942883193448
PROGRESS    Completed epoch 774 / 2000;    current loss: 0.37192609906196594
INFO Gradient norm: 74.31137496415602
PROGRESS    Completed epoch 775 / 2000;    current loss: 0.31186240911483765
INFO Gradient norm: 110.38958202285822
PROGRESS    Completed epoch 776 / 2000;    current loss: 0.33542361855506897
INFO Gradient norm: 144.0366660183947
PROGRESS    Completed epoch 777 / 2000;    current loss: 0.36594387888908386
INFO Gradient norm: 74.45937407938585
PROGRESS    Completed epoch 778 / 2000;    current loss: 0.31335586309432983
INFO Gradient norm: 123.66610406888847
PROGRESS    Completed epoch 779 / 2000;    current loss: 0.33524346351623535
INFO Gradient norm: 177.13284001258657
PROGRESS    Completed epoch 780 / 2000;    current loss: 0.37114986777305603
INFO Gradient norm: 73.91957701495866
PROGRESS    Completed epoch 781 / 2000;    current loss: 0.31146714091300964
INFO Gradient norm: 109.82512301730185
PROGRESS    Completed epoch 782 / 2000;    current loss: 0.3348890542984009
INFO Gradient norm: 143.32842086441616
PROGRESS    Completed epoch 783 / 2000;    current loss: 0.36520764231681824
INFO Gradient norm: 74.08971983289733
PROGRESS    Completed epoch 784 / 2000;    current loss: 0.3129633665084839
INFO Gradient norm: 122.9733263010774
PROGRESS    Completed epoch 785 / 2000;    current loss: 0.3347010612487793
INFO Gradient norm: 176.1316757747815
PROGRESS    Completed epoch 786 / 2000;    current loss: 0.37036389112472534
INFO Gradient norm: 73.52043052423839
PROGRESS    Completed epoch 787 / 2000;    current loss: 0.3110942542552948
INFO Gradient norm: 109.27368194150122
PROGRESS    Completed epoch 788 / 2000;    current loss: 0.33435627818107605
INFO Gradient norm: 142.6383360872961
PROGRESS    Completed epoch 789 / 2000;    current loss: 0.3645143508911133
INFO Gradient norm: 73.71773331023006
PROGRESS    Completed epoch 790 / 2000;    current loss: 0.31257957220077515
INFO Gradient norm: 122.25827072558923
PROGRESS    Completed epoch 791 / 2000;    current loss: 0.3341413736343384
INFO Gradient norm: 175.1076361260546
PROGRESS    Completed epoch 792 / 2000;    current loss: 0.3695794343948364
INFO Gradient norm: 73.11955630501264
PROGRESS    Completed epoch 793 / 2000;    current loss: 0.3107251822948456
INFO Gradient norm: 108.7283907576696
PROGRESS    Completed epoch 794 / 2000;    current loss: 0.33383452892303467
INFO Gradient norm: 141.94704327093882
PROGRESS    Completed epoch 795 / 2000;    current loss: 0.36379534006118774
INFO Gradient norm: 73.33715767035437
PROGRESS    Completed epoch 796 / 2000;    current loss: 0.3121873140335083
INFO Gradient norm: 121.55234804654144
PROGRESS    Completed epoch 797 / 2000;    current loss: 0.3335895240306854
INFO Gradient norm: 174.09326301718406
PROGRESS    Completed epoch 798 / 2000;    current loss: 0.36879438161849976
INFO Gradient norm: 72.71211616920297
PROGRESS    Completed epoch 799 / 2000;    current loss: 0.3103393316268921
INFO Gradient norm: 108.16931479813212
PROGRESS    Completed epoch 800 / 2000;    current loss: 0.33328863978385925
INFO Gradient norm: 141.06673000136996
PROGRESS    Completed epoch 801 / 2000;    current loss: 0.36280733346939087
INFO Gradient norm: 70.03127876104817
PROGRESS    Completed epoch 802 / 2000;    current loss: 0.31078583002090454
INFO Gradient norm: 125.89696387907928
PROGRESS    Completed epoch 803 / 2000;    current loss: 0.33679574728012085
INFO Gradient norm: 180.23406016665126
PROGRESS    Completed epoch 804 / 2000;    current loss: 0.37479957938194275
INFO Gradient norm: 81.09994882363873
PROGRESS    Completed epoch 805 / 2000;    current loss: 0.31444719433784485
INFO Gradient norm: 98.82303777260364
PROGRESS    Completed epoch 806 / 2000;    current loss: 0.3276548981666565
INFO Gradient norm: 131.716137886814
PROGRESS    Completed epoch 807 / 2000;    current loss: 0.3548186719417572
INFO Gradient norm: 62.89406106186502
PROGRESS    Completed epoch 808 / 2000;    current loss: 0.30846351385116577
INFO Gradient norm: 130.1428552456662
PROGRESS    Completed epoch 809 / 2000;    current loss: 0.33998018503189087
INFO Gradient norm: 181.02067640684942
PROGRESS    Completed epoch 810 / 2000;    current loss: 0.37604033946990967
INFO Gradient norm: 79.77047753345643
PROGRESS    Completed epoch 811 / 2000;    current loss: 0.3141452372074127
INFO Gradient norm: 100.58439912913906
PROGRESS    Completed epoch 812 / 2000;    current loss: 0.32917776703834534
INFO Gradient norm: 134.47739377590173
PROGRESS    Completed epoch 813 / 2000;    current loss: 0.3578689694404602
INFO Gradient norm: 67.58192350644208
PROGRESS    Completed epoch 814 / 2000;    current loss: 0.3104841709136963
INFO Gradient norm: 121.9687135698415
PROGRESS    Completed epoch 815 / 2000;    current loss: 0.3350720703601837
INFO Gradient norm: 171.61280783651395
PROGRESS    Completed epoch 816 / 2000;    current loss: 0.36869609355926514
INFO Gradient norm: 71.71593876733168
PROGRESS    Completed epoch 817 / 2000;    current loss: 0.3108241856098175
INFO Gradient norm: 105.72564253005164
PROGRESS    Completed epoch 818 / 2000;    current loss: 0.3327360451221466
INFO Gradient norm: 138.85254188259051
PROGRESS    Completed epoch 819 / 2000;    current loss: 0.3622206449508667
INFO Gradient norm: 72.31409735812841
PROGRESS    Completed epoch 820 / 2000;    current loss: 0.3123626410961151
INFO Gradient norm: 115.95113417607915
PROGRESS    Completed epoch 821 / 2000;    current loss: 0.33122438192367554
INFO Gradient norm: 166.19186404124335
PROGRESS    Completed epoch 822 / 2000;    current loss: 0.36412498354911804
INFO Gradient norm: 68.05434469714623
PROGRESS    Completed epoch 823 / 2000;    current loss: 0.30899152159690857
INFO Gradient norm: 107.42441760838857
PROGRESS    Completed epoch 824 / 2000;    current loss: 0.3335374593734741
INFO Gradient norm: 139.77137280176288
PROGRESS    Completed epoch 825 / 2000;    current loss: 0.3626662790775299
INFO Gradient norm: 72.80957209320759
PROGRESS    Completed epoch 826 / 2000;    current loss: 0.3120454251766205
INFO Gradient norm: 115.85479209909197
PROGRESS    Completed epoch 827 / 2000;    current loss: 0.33050626516342163
INFO Gradient norm: 166.77421954477725
PROGRESS    Completed epoch 828 / 2000;    current loss: 0.3638431131839752
INFO Gradient norm: 69.1961979491484
PROGRESS    Completed epoch 829 / 2000;    current loss: 0.3087485134601593
INFO Gradient norm: 106.18254279617173
PROGRESS    Completed epoch 830 / 2000;    current loss: 0.33200353384017944
INFO Gradient norm: 138.4054806838791
PROGRESS    Completed epoch 831 / 2000;    current loss: 0.3606260418891907
INFO Gradient norm: 71.23187836121345
PROGRESS    Completed epoch 832 / 2000;    current loss: 0.3106967508792877
INFO Gradient norm: 117.7042913626075
PROGRESS    Completed epoch 833 / 2000;    current loss: 0.3308987021446228
INFO Gradient norm: 168.6002878521674
PROGRESS    Completed epoch 834 / 2000;    current loss: 0.3645671606063843
INFO Gradient norm: 70.84784172195792
PROGRESS    Completed epoch 835 / 2000;    current loss: 0.30874356627464294
INFO Gradient norm: 104.77008653145087
PROGRESS    Completed epoch 836 / 2000;    current loss: 0.33039578795433044
INFO Gradient norm: 137.16097782162262
PROGRESS    Completed epoch 837 / 2000;    current loss: 0.35881978273391724
INFO Gradient norm: 70.18393475450006
PROGRESS    Completed epoch 838 / 2000;    current loss: 0.3096737861633301
INFO Gradient norm: 118.13517127369019
PROGRESS    Completed epoch 839 / 2000;    current loss: 0.33061787486076355
INFO Gradient norm: 168.57523769804624
PROGRESS    Completed epoch 840 / 2000;    current loss: 0.36409205198287964
INFO Gradient norm: 70.8869588198779
PROGRESS    Completed epoch 841 / 2000;    current loss: 0.3082551658153534
INFO Gradient norm: 104.33569833091384
PROGRESS    Completed epoch 842 / 2000;    current loss: 0.32964473962783813
INFO Gradient norm: 136.73801894512482
PROGRESS    Completed epoch 843 / 2000;    current loss: 0.35804620385169983
INFO Gradient norm: 70.16135071863413
PROGRESS    Completed epoch 844 / 2000;    current loss: 0.30921149253845215
INFO Gradient norm: 117.12210725074516
PROGRESS    Completed epoch 845 / 2000;    current loss: 0.3296562731266022
INFO Gradient norm: 167.19585584327663
PROGRESS    Completed epoch 846 / 2000;    current loss: 0.3627442419528961
INFO Gradient norm: 69.98432396050406
PROGRESS    Completed epoch 847 / 2000;    current loss: 0.3074677288532257
INFO Gradient norm: 104.36669685964176
PROGRESS    Completed epoch 848 / 2000;    current loss: 0.32928723096847534
INFO Gradient norm: 136.6202428110798
PROGRESS    Completed epoch 849 / 2000;    current loss: 0.357634961605072
INFO Gradient norm: 70.3414755377454
PROGRESS    Completed epoch 850 / 2000;    current loss: 0.30883893370628357
INFO Gradient norm: 115.94937964468185
PROGRESS    Completed epoch 851 / 2000;    current loss: 0.3286033570766449
INFO Gradient norm: 165.82749410807833
PROGRESS    Completed epoch 852 / 2000;    current loss: 0.361406147480011
INFO Gradient norm: 69.22474432998132
PROGRESS    Completed epoch 853 / 2000;    current loss: 0.3067546486854553
INFO Gradient norm: 104.18103201393274
PROGRESS    Completed epoch 854 / 2000;    current loss: 0.3287718594074249
INFO Gradient norm: 134.26317926274945
PROGRESS    Completed epoch 855 / 2000;    current loss: 0.3553111255168915
INFO Gradient norm: 64.12198546900227
PROGRESS    Completed epoch 856 / 2000;    current loss: 0.3062683045864105
INFO Gradient norm: 127.94081504296445
PROGRESS    Completed epoch 857 / 2000;    current loss: 0.33621206879615784
INFO Gradient norm: 181.40965266603604
PROGRESS    Completed epoch 858 / 2000;    current loss: 0.3746609687805176
INFO Gradient norm: 85.00332381361257
PROGRESS    Completed epoch 859 / 2000;    current loss: 0.31409183144569397
INFO Gradient norm: 91.08462513631864
PROGRESS    Completed epoch 860 / 2000;    current loss: 0.32138001918792725
INFO Gradient norm: 123.46584500591658
PROGRESS    Completed epoch 861 / 2000;    current loss: 0.34683123230934143
INFO Gradient norm: 56.84856312784353
PROGRESS    Completed epoch 862 / 2000;    current loss: 0.304561972618103
INFO Gradient norm: 128.93641390598594
PROGRESS    Completed epoch 863 / 2000;    current loss: 0.33849772810935974
INFO Gradient norm: 176.7924273171021
PROGRESS    Completed epoch 864 / 2000;    current loss: 0.3731692433357239
INFO Gradient norm: 78.89046911714513
PROGRESS    Completed epoch 865 / 2000;    current loss: 0.31260523200035095
INFO Gradient norm: 94.9109517408951
PROGRESS    Completed epoch 866 / 2000;    current loss: 0.3249516487121582
INFO Gradient norm: 127.86872773943692
PROGRESS    Completed epoch 867 / 2000;    current loss: 0.3525201082229614
INFO Gradient norm: 64.41801481105303
PROGRESS    Completed epoch 868 / 2000;    current loss: 0.3082728981971741
INFO Gradient norm: 114.69043029523824
PROGRESS    Completed epoch 869 / 2000;    current loss: 0.331150084733963
INFO Gradient norm: 160.90701789952624
PROGRESS    Completed epoch 870 / 2000;    current loss: 0.3624105453491211
INFO Gradient norm: 66.6046854575152
PROGRESS    Completed epoch 871 / 2000;    current loss: 0.3084549903869629
INFO Gradient norm: 101.16164614589567
PROGRESS    Completed epoch 872 / 2000;    current loss: 0.33008480072021484
INFO Gradient norm: 132.6026114190735
PROGRESS    Completed epoch 873 / 2000;    current loss: 0.3582040071487427
INFO Gradient norm: 69.9454715783909
PROGRESS    Completed epoch 874 / 2000;    current loss: 0.31105533242225647
INFO Gradient norm: 106.59709874226108
PROGRESS    Completed epoch 875 / 2000;    current loss: 0.32700610160827637
INFO Gradient norm: 153.63522406224334
PROGRESS    Completed epoch 876 / 2000;    current loss: 0.35750651359558105
INFO Gradient norm: 62.4028899628492
PROGRESS    Completed epoch 877 / 2000;    current loss: 0.30697131156921387
INFO Gradient norm: 102.10206640211192
PROGRESS    Completed epoch 878 / 2000;    current loss: 0.3308066129684448
INFO Gradient norm: 132.48976814942947
PROGRESS    Completed epoch 879 / 2000;    current loss: 0.35815462470054626
INFO Gradient norm: 69.40782105794595
PROGRESS    Completed epoch 880 / 2000;    current loss: 0.310571551322937
INFO Gradient norm: 107.39089273612568
PROGRESS    Completed epoch 881 / 2000;    current loss: 0.32717442512512207
INFO Gradient norm: 155.27500588675508
PROGRESS    Completed epoch 882 / 2000;    current loss: 0.3584264814853668
INFO Gradient norm: 64.7893035959895
PROGRESS    Completed epoch 883 / 2000;    current loss: 0.30740267038345337
INFO Gradient norm: 99.68290245522256
PROGRESS    Completed epoch 884 / 2000;    current loss: 0.3286432921886444
INFO Gradient norm: 130.04223960615218
PROGRESS    Completed epoch 885 / 2000;    current loss: 0.3552670478820801
INFO Gradient norm: 66.73459986159796
PROGRESS    Completed epoch 886 / 2000;    current loss: 0.308877170085907
INFO Gradient norm: 110.34552227522711
PROGRESS    Completed epoch 887 / 2000;    current loss: 0.32832032442092896
INFO Gradient norm: 158.10697018215242
PROGRESS    Completed epoch 888 / 2000;    current loss: 0.3600667119026184
INFO Gradient norm: 67.24263839770926
PROGRESS    Completed epoch 889 / 2000;    current loss: 0.30781441926956177
INFO Gradient norm: 97.76530943347079
PROGRESS    Completed epoch 890 / 2000;    current loss: 0.32685282826423645
INFO Gradient norm: 128.47172332101513
PROGRESS    Completed epoch 891 / 2000;    current loss: 0.3533359467983246
INFO Gradient norm: 65.47167226008803
PROGRESS    Completed epoch 892 / 2000;    current loss: 0.307937890291214
INFO Gradient norm: 110.9157254199638
PROGRESS    Completed epoch 893 / 2000;    current loss: 0.32827723026275635
INFO Gradient norm: 158.07228224868976
PROGRESS    Completed epoch 894 / 2000;    current loss: 0.3597158193588257
INFO Gradient norm: 67.14519041143453
PROGRESS    Completed epoch 895 / 2000;    current loss: 0.30740681290626526
INFO Gradient norm: 97.53899966341183
PROGRESS    Completed epoch 896 / 2000;    current loss: 0.3264003396034241
INFO Gradient norm: 128.2918385579604
PROGRESS    Completed epoch 897 / 2000;    current loss: 0.3529527485370636
INFO Gradient norm: 65.73817899328928
PROGRESS    Completed epoch 898 / 2000;    current loss: 0.30773571133613586
INFO Gradient norm: 109.48779969834762
PROGRESS    Completed epoch 899 / 2000;    current loss: 0.32717999815940857
INFO Gradient norm: 156.22476498215227
PROGRESS    Completed epoch 900 / 2000;    current loss: 0.35813480615615845
INFO Gradient norm: 65.82254047615139
PROGRESS    Completed epoch 901 / 2000;    current loss: 0.30660736560821533
INFO Gradient norm: 97.84140744433964
PROGRESS    Completed epoch 902 / 2000;    current loss: 0.3263983130455017
INFO Gradient norm: 128.41832647217615
PROGRESS    Completed epoch 903 / 2000;    current loss: 0.3529616594314575
INFO Gradient norm: 66.1835170609865
PROGRESS    Completed epoch 904 / 2000;    current loss: 0.3076445460319519
INFO Gradient norm: 108.03869612516083
PROGRESS    Completed epoch 905 / 2000;    current loss: 0.32611513137817383
INFO Gradient norm: 154.6041277117609
PROGRESS    Completed epoch 906 / 2000;    current loss: 0.3567493259906769
INFO Gradient norm: 64.9056963037965
PROGRESS    Completed epoch 907 / 2000;    current loss: 0.3059613108634949
INFO Gradient norm: 97.7271300330334
PROGRESS    Completed epoch 908 / 2000;    current loss: 0.3260921537876129
INFO Gradient norm: 128.07157644353882
PROGRESS    Completed epoch 909 / 2000;    current loss: 0.3524707853794098
INFO Gradient norm: 66.04456674900811
PROGRESS    Completed epoch 910 / 2000;    current loss: 0.307300865650177
INFO Gradient norm: 107.3794040030968
PROGRESS    Completed epoch 911 / 2000;    current loss: 0.32547450065612793
INFO Gradient norm: 153.8003177221815
PROGRESS    Completed epoch 912 / 2000;    current loss: 0.35596850514411926
INFO Gradient norm: 64.68059545922512
PROGRESS    Completed epoch 913 / 2000;    current loss: 0.3055717945098877
INFO Gradient norm: 97.16708954172948
PROGRESS    Completed epoch 914 / 2000;    current loss: 0.3254578411579132
INFO Gradient norm: 127.38408160188177
PROGRESS    Completed epoch 915 / 2000;    current loss: 0.3516277074813843
INFO Gradient norm: 65.57349750240176
PROGRESS    Completed epoch 916 / 2000;    current loss: 0.30679675936698914
INFO Gradient norm: 107.05562698159176
PROGRESS    Completed epoch 917 / 2000;    current loss: 0.325035959482193
INFO Gradient norm: 153.25367681378765
PROGRESS    Completed epoch 918 / 2000;    current loss: 0.3553678095340729
INFO Gradient norm: 64.5834877142418
PROGRESS    Completed epoch 919 / 2000;    current loss: 0.30522122979164124
INFO Gradient norm: 96.55454023719581
PROGRESS    Completed epoch 920 / 2000;    current loss: 0.3247945308685303
INFO Gradient norm: 126.64611046544175
PROGRESS    Completed epoch 921 / 2000;    current loss: 0.35077211260795593
INFO Gradient norm: 65.13690290941028
PROGRESS    Completed epoch 922 / 2000;    current loss: 0.30633702874183655
INFO Gradient norm: 106.58123189211494
PROGRESS    Completed epoch 923 / 2000;    current loss: 0.32454338669776917
INFO Gradient norm: 152.48881987068634
PROGRESS    Completed epoch 924 / 2000;    current loss: 0.354669988155365
INFO Gradient norm: 64.3125306404596
PROGRESS    Completed epoch 925 / 2000;    current loss: 0.30482104420661926
INFO Gradient norm: 96.03819951866782
PROGRESS    Completed epoch 926 / 2000;    current loss: 0.32423365116119385
INFO Gradient norm: 126.04300763236658
PROGRESS    Completed epoch 927 / 2000;    current loss: 0.35006237030029297
INFO Gradient norm: 64.84001524862249
PROGRESS    Completed epoch 928 / 2000;    current loss: 0.3059301972389221
INFO Gradient norm: 105.90312689191886
PROGRESS    Completed epoch 929 / 2000;    current loss: 0.3239456117153168
INFO Gradient norm: 151.50470010723515
PROGRESS    Completed epoch 930 / 2000;    current loss: 0.3538002669811249
INFO Gradient norm: 63.859676467093216
PROGRESS    Completed epoch 931 / 2000;    current loss: 0.3043789565563202
INFO Gradient norm: 95.60128807649897
PROGRESS    Completed epoch 932 / 2000;    current loss: 0.3237374722957611
INFO Gradient norm: 125.47932317164724
PROGRESS    Completed epoch 933 / 2000;    current loss: 0.3494397699832916
INFO Gradient norm: 64.5736524139289
PROGRESS    Completed epoch 934 / 2000;    current loss: 0.30554309487342834
INFO Gradient norm: 105.17037486247654
PROGRESS    Completed epoch 935 / 2000;    current loss: 0.32329943776130676
INFO Gradient norm: 150.51270196926887
PROGRESS    Completed epoch 936 / 2000;    current loss: 0.35294032096862793
INFO Gradient norm: 63.43134797849633
PROGRESS    Completed epoch 937 / 2000;    current loss: 0.30394813418388367
INFO Gradient norm: 95.13527838618134
PROGRESS    Completed epoch 938 / 2000;    current loss: 0.32322946190834045
INFO Gradient norm: 124.87046762897805
PROGRESS    Completed epoch 939 / 2000;    current loss: 0.34874364733695984
INFO Gradient norm: 64.2650063173762
PROGRESS    Completed epoch 940 / 2000;    current loss: 0.3051636219024658
INFO Gradient norm: 104.50151061055959
PROGRESS    Completed epoch 941 / 2000;    current loss: 0.32273808121681213
INFO Gradient norm: 149.57437914899705
PROGRESS    Completed epoch 942 / 2000;    current loss: 0.3521454632282257
INFO Gradient norm: 63.055227092731954
PROGRESS    Completed epoch 943 / 2000;    current loss: 0.3035550117492676
INFO Gradient norm: 94.62642269960638
PROGRESS    Completed epoch 944 / 2000;    current loss: 0.3226890563964844
INFO Gradient norm: 124.21443824870612
PROGRESS    Completed epoch 945 / 2000;    current loss: 0.34801405668258667
INFO Gradient norm: 63.92267747339109
PROGRESS    Completed epoch 946 / 2000;    current loss: 0.3047488331794739
INFO Gradient norm: 103.86670687410667
PROGRESS    Completed epoch 947 / 2000;    current loss: 0.32218343019485474
INFO Gradient norm: 148.63761448332528
PROGRESS    Completed epoch 948 / 2000;    current loss: 0.3513377010822296
INFO Gradient norm: 62.6948276023037
PROGRESS    Completed epoch 949 / 2000;    current loss: 0.30313020944595337
INFO Gradient norm: 94.09647380454457
PROGRESS    Completed epoch 950 / 2000;    current loss: 0.3221166133880615
INFO Gradient norm: 123.54947720332893
PROGRESS    Completed epoch 951 / 2000;    current loss: 0.34730347990989685
INFO Gradient norm: 63.56352496848516
PROGRESS    Completed epoch 952 / 2000;    current loss: 0.3043340742588043
INFO Gradient norm: 103.19243563926165
PROGRESS    Completed epoch 953 / 2000;    current loss: 0.3216080069541931
INFO Gradient norm: 147.7007223232314
PROGRESS    Completed epoch 954 / 2000;    current loss: 0.3505502939224243
INFO Gradient norm: 62.338025365226194
PROGRESS    Completed epoch 955 / 2000;    current loss: 0.30273982882499695
INFO Gradient norm: 93.56227966261321
PROGRESS    Completed epoch 956 / 2000;    current loss: 0.3215828537940979
INFO Gradient norm: 122.88795771745734
PROGRESS    Completed epoch 957 / 2000;    current loss: 0.34658390283584595
INFO Gradient norm: 63.21309597202166
PROGRESS    Completed epoch 958 / 2000;    current loss: 0.30392786860466003
INFO Gradient norm: 102.53727677579712
PROGRESS    Completed epoch 959 / 2000;    current loss: 0.32104742527008057
INFO Gradient norm: 146.74115729164274
PROGRESS    Completed epoch 960 / 2000;    current loss: 0.34975624084472656
INFO Gradient norm: 61.93100447542037
PROGRESS    Completed epoch 961 / 2000;    current loss: 0.3023321032524109
INFO Gradient norm: 93.0337647146223
PROGRESS    Completed epoch 962 / 2000;    current loss: 0.3210432529449463
INFO Gradient norm: 122.20777759058235
PROGRESS    Completed epoch 963 / 2000;    current loss: 0.34586384892463684
INFO Gradient norm: 62.8701432081036
PROGRESS    Completed epoch 964 / 2000;    current loss: 0.3035409450531006
INFO Gradient norm: 101.8425790937007
PROGRESS    Completed epoch 965 / 2000;    current loss: 0.3204767107963562
INFO Gradient norm: 145.77669963556625
PROGRESS    Completed epoch 966 / 2000;    current loss: 0.3489578366279602
INFO Gradient norm: 61.551864851915624
PROGRESS    Completed epoch 967 / 2000;    current loss: 0.30193766951560974
INFO Gradient norm: 92.5070914305208
PROGRESS    Completed epoch 968 / 2000;    current loss: 0.32049649953842163
INFO Gradient norm: 121.53509061475866
PROGRESS    Completed epoch 969 / 2000;    current loss: 0.3451352119445801
INFO Gradient norm: 62.512580760182615
PROGRESS    Completed epoch 970 / 2000;    current loss: 0.3031219244003296
INFO Gradient norm: 101.16609991159311
PROGRESS    Completed epoch 971 / 2000;    current loss: 0.31990090012550354
INFO Gradient norm: 144.79621772625967
PROGRESS    Completed epoch 972 / 2000;    current loss: 0.3481663465499878
INFO Gradient norm: 61.15907744754309
PROGRESS    Completed epoch 973 / 2000;    current loss: 0.3015434145927429
INFO Gradient norm: 91.9611792470439
PROGRESS    Completed epoch 974 / 2000;    current loss: 0.3199654221534729
INFO Gradient norm: 120.85156447793032
PROGRESS    Completed epoch 975 / 2000;    current loss: 0.3444211483001709
INFO Gradient norm: 62.15715930971383
PROGRESS    Completed epoch 976 / 2000;    current loss: 0.302734375
INFO Gradient norm: 100.47212137567439
PROGRESS    Completed epoch 977 / 2000;    current loss: 0.31934651732444763
INFO Gradient norm: 143.81410571062793
PROGRESS    Completed epoch 978 / 2000;    current loss: 0.3473648130893707
INFO Gradient norm: 60.776857073396336
PROGRESS    Completed epoch 979 / 2000;    current loss: 0.30115464329719543
INFO Gradient norm: 91.40225333163008
PROGRESS    Completed epoch 980 / 2000;    current loss: 0.3194047212600708
INFO Gradient norm: 120.15356308348402
PROGRESS    Completed epoch 981 / 2000;    current loss: 0.34369799494743347
INFO Gradient norm: 61.792539151638714
PROGRESS    Completed epoch 982 / 2000;    current loss: 0.30232325196266174
INFO Gradient norm: 99.7846033887415
PROGRESS    Completed epoch 983 / 2000;    current loss: 0.31878960132598877
INFO Gradient norm: 142.8416444285474
PROGRESS    Completed epoch 984 / 2000;    current loss: 0.34656620025634766
INFO Gradient norm: 60.387204391162065
PROGRESS    Completed epoch 985 / 2000;    current loss: 0.30075833201408386
INFO Gradient norm: 90.85526885138331
PROGRESS    Completed epoch 986 / 2000;    current loss: 0.31886592507362366
INFO Gradient norm: 119.45587724902684
PROGRESS    Completed epoch 987 / 2000;    current loss: 0.3429601490497589
INFO Gradient norm: 61.42081441396827
PROGRESS    Completed epoch 988 / 2000;    current loss: 0.3019375801086426
INFO Gradient norm: 99.0917086946619
PROGRESS    Completed epoch 989 / 2000;    current loss: 0.3182138204574585
INFO Gradient norm: 141.83969519806303
PROGRESS    Completed epoch 990 / 2000;    current loss: 0.34577181935310364
INFO Gradient norm: 59.97707307850962
PROGRESS    Completed epoch 991 / 2000;    current loss: 0.3003667891025543
INFO Gradient norm: 90.30086700544972
PROGRESS    Completed epoch 992 / 2000;    current loss: 0.3183290958404541
INFO Gradient norm: 118.748631349375
PROGRESS    Completed epoch 993 / 2000;    current loss: 0.3422362804412842
INFO Gradient norm: 61.050074086397835
PROGRESS    Completed epoch 994 / 2000;    current loss: 0.3015458583831787
INFO Gradient norm: 98.39417361942147
PROGRESS    Completed epoch 995 / 2000;    current loss: 0.31766611337661743
INFO Gradient norm: 140.8343746224936
PROGRESS    Completed epoch 996 / 2000;    current loss: 0.3449490964412689
INFO Gradient norm: 59.57763053245615
PROGRESS    Completed epoch 997 / 2000;    current loss: 0.29997509717941284
INFO Gradient norm: 89.74529058677739
PROGRESS    Completed epoch 998 / 2000;    current loss: 0.3177865147590637
INFO Gradient norm: 118.04386747016478
PROGRESS    Completed epoch 999 / 2000;    current loss: 0.34151074290275574
INFO Gradient norm: 60.6902603697959
PROGRESS    Completed epoch 1000 / 2000;    current loss: 0.3011513352394104
INFO Gradient norm: 97.69247823047817
PROGRESS    Completed epoch 1001 / 2000;    current loss: 0.31710386276245117
INFO Gradient norm: 139.84313515886328
PROGRESS    Completed epoch 1002 / 2000;    current loss: 0.344163179397583
INFO Gradient norm: 59.190297720901725
PROGRESS    Completed epoch 1003 / 2000;    current loss: 0.29958081245422363
INFO Gradient norm: 89.18089416597687
PROGRESS    Completed epoch 1004 / 2000;    current loss: 0.317241370677948
INFO Gradient norm: 117.32681477127605
PROGRESS    Completed epoch 1005 / 2000;    current loss: 0.34077751636505127
INFO Gradient norm: 60.308535508299244
PROGRESS    Completed epoch 1006 / 2000;    current loss: 0.30074644088745117
INFO Gradient norm: 96.99769454466227
PROGRESS    Completed epoch 1007 / 2000;    current loss: 0.31655803322792053
INFO Gradient norm: 138.85652104426057
PROGRESS    Completed epoch 1008 / 2000;    current loss: 0.3433879017829895
INFO Gradient norm: 58.800608587373844
PROGRESS    Completed epoch 1009 / 2000;    current loss: 0.2991880178451538
INFO Gradient norm: 88.59805574044663
PROGRESS    Completed epoch 1010 / 2000;    current loss: 0.31668245792388916
INFO Gradient norm: 116.61100226428
PROGRESS    Completed epoch 1011 / 2000;    current loss: 0.3400460481643677
INFO Gradient norm: 59.928024752689026
PROGRESS    Completed epoch 1012 / 2000;    current loss: 0.30035582184791565
INFO Gradient norm: 96.3095485669537
PROGRESS    Completed epoch 1013 / 2000;    current loss: 0.316009521484375
INFO Gradient norm: 137.86300742294745
PROGRESS    Completed epoch 1014 / 2000;    current loss: 0.3425995409488678
INFO Gradient norm: 58.40773712740334
PROGRESS    Completed epoch 1015 / 2000;    current loss: 0.29881471395492554
INFO Gradient norm: 88.0272225160518
PROGRESS    Completed epoch 1016 / 2000;    current loss: 0.31613871455192566
INFO Gradient norm: 115.67670124792782
PROGRESS    Completed epoch 1017 / 2000;    current loss: 0.3390624225139618
INFO Gradient norm: 56.84698736576497
PROGRESS    Completed epoch 1018 / 2000;    current loss: 0.2990996539592743
INFO Gradient norm: 100.07213488810872
PROGRESS    Completed epoch 1019 / 2000;    current loss: 0.31867489218711853
INFO Gradient norm: 143.15437442891016
PROGRESS    Completed epoch 1020 / 2000;    current loss: 0.3476383686065674
INFO Gradient norm: 65.85322856465326
PROGRESS    Completed epoch 1021 / 2000;    current loss: 0.30232155323028564
INFO Gradient norm: 79.4377462427103
PROGRESS    Completed epoch 1022 / 2000;    current loss: 0.31139326095581055
INFO Gradient norm: 107.17217097875644
PROGRESS    Completed epoch 1023 / 2000;    current loss: 0.33238884806632996
INFO Gradient norm: 50.720888216428406
PROGRESS    Completed epoch 1024 / 2000;    current loss: 0.29731786251068115
INFO Gradient norm: 102.84738309984581
PROGRESS    Completed epoch 1025 / 2000;    current loss: 0.32085609436035156
INFO Gradient norm: 142.558486671275
PROGRESS    Completed epoch 1026 / 2000;    current loss: 0.3478066623210907
INFO Gradient norm: 63.48568774678798
PROGRESS    Completed epoch 1027 / 2000;    current loss: 0.301656574010849
INFO Gradient norm: 81.78159135662412
PROGRESS    Completed epoch 1028 / 2000;    current loss: 0.3131982684135437
INFO Gradient norm: 110.33989307344052
PROGRESS    Completed epoch 1029 / 2000;    current loss: 0.33564049005508423
INFO Gradient norm: 55.71252560106994
PROGRESS    Completed epoch 1030 / 2000;    current loss: 0.2993704378604889
INFO Gradient norm: 94.65827086689728
PROGRESS    Completed epoch 1031 / 2000;    current loss: 0.31624749302864075
INFO Gradient norm: 133.5382338159104
PROGRESS    Completed epoch 1032 / 2000;    current loss: 0.34115782380104065
INFO Gradient norm: 55.99645767253678
PROGRESS    Completed epoch 1033 / 2000;    current loss: 0.2987592816352844
INFO Gradient norm: 86.36957042927602
PROGRESS    Completed epoch 1034 / 2000;    current loss: 0.3161778450012207
INFO Gradient norm: 113.99540393033841
PROGRESS    Completed epoch 1035 / 2000;    current loss: 0.33903416991233826
INFO Gradient norm: 59.45672843312076
PROGRESS    Completed epoch 1036 / 2000;    current loss: 0.30071762204170227
INFO Gradient norm: 90.1861209129339
PROGRESS    Completed epoch 1037 / 2000;    current loss: 0.3134848475456238
INFO Gradient norm: 129.86136476514633
PROGRESS    Completed epoch 1038 / 2000;    current loss: 0.3381068706512451
INFO Gradient norm: 53.97651717986313
PROGRESS    Completed epoch 1039 / 2000;    current loss: 0.29759538173675537
INFO Gradient norm: 86.754968634306
PROGRESS    Completed epoch 1040 / 2000;    current loss: 0.3159938454627991
INFO Gradient norm: 113.66888412232028
PROGRESS    Completed epoch 1041 / 2000;    current loss: 0.33825135231018066
INFO Gradient norm: 58.65113779034896
PROGRESS    Completed epoch 1042 / 2000;    current loss: 0.2998417317867279
INFO Gradient norm: 91.40515116002632
PROGRESS    Completed epoch 1043 / 2000;    current loss: 0.31353262066841125
INFO Gradient norm: 131.56740760577614
PROGRESS    Completed epoch 1044 / 2000;    current loss: 0.3387114703655243
INFO Gradient norm: 55.999364543004006
PROGRESS    Completed epoch 1045 / 2000;    current loss: 0.29770320653915405
INFO Gradient norm: 84.79562537947986
PROGRESS    Completed epoch 1046 / 2000;    current loss: 0.31408870220184326
INFO Gradient norm: 111.73759071639813
PROGRESS    Completed epoch 1047 / 2000;    current loss: 0.3358609676361084
INFO Gradient norm: 56.74509251872588
PROGRESS    Completed epoch 1048 / 2000;    current loss: 0.29845938086509705
INFO Gradient norm: 93.07092522715703
PROGRESS    Completed epoch 1049 / 2000;    current loss: 0.31386882066726685
INFO Gradient norm: 132.8943368427471
PROGRESS    Completed epoch 1050 / 2000;    current loss: 0.3391415774822235
INFO Gradient norm: 57.147615547770386
PROGRESS    Completed epoch 1051 / 2000;    current loss: 0.2975609004497528
INFO Gradient norm: 83.6566309703642
PROGRESS    Completed epoch 1052 / 2000;    current loss: 0.3128547966480255
INFO Gradient norm: 110.7947838580978
PROGRESS    Completed epoch 1053 / 2000;    current loss: 0.3345661163330078
INFO Gradient norm: 56.21716321086197
PROGRESS    Completed epoch 1054 / 2000;    current loss: 0.2977527976036072
INFO Gradient norm: 92.58394133205121
PROGRESS    Completed epoch 1055 / 2000;    current loss: 0.3131652772426605
INFO Gradient norm: 131.8842289766991
PROGRESS    Completed epoch 1056 / 2000;    current loss: 0.3380480110645294
INFO Gradient norm: 56.39339684423926
PROGRESS    Completed epoch 1057 / 2000;    current loss: 0.2968345582485199
INFO Gradient norm: 83.67031528984403
PROGRESS    Completed epoch 1058 / 2000;    current loss: 0.3124389350414276
INFO Gradient norm: 110.73692874060701
PROGRESS    Completed epoch 1059 / 2000;    current loss: 0.33417707681655884
INFO Gradient norm: 56.56955209209916
PROGRESS    Completed epoch 1060 / 2000;    current loss: 0.29744672775268555
INFO Gradient norm: 91.18210940798045
PROGRESS    Completed epoch 1061 / 2000;    current loss: 0.31202054023742676
INFO Gradient norm: 130.22575499501582
PROGRESS    Completed epoch 1062 / 2000;    current loss: 0.3365372121334076
INFO Gradient norm: 55.37274121314039
PROGRESS    Completed epoch 1063 / 2000;    current loss: 0.29604387283325195
INFO Gradient norm: 83.72062596831677
PROGRESS    Completed epoch 1064 / 2000;    current loss: 0.3120918273925781
INFO Gradient norm: 108.48849342639666
PROGRESS    Completed epoch 1065 / 2000;    current loss: 0.3320850133895874
INFO Gradient norm: 50.67590222702385
PROGRESS    Completed epoch 1066 / 2000;    current loss: 0.2951641082763672
INFO Gradient norm: 101.8831771275864
PROGRESS    Completed epoch 1067 / 2000;    current loss: 0.3183991014957428
INFO Gradient norm: 143.82702630025273
PROGRESS    Completed epoch 1068 / 2000;    current loss: 0.34751957654953003
INFO Gradient norm: 69.14972938406329
PROGRESS    Completed epoch 1069 / 2000;    current loss: 0.3021666407585144
INFO Gradient norm: 72.0246331091876
PROGRESS    Completed epoch 1070 / 2000;    current loss: 0.3060920834541321
INFO Gradient norm: 99.33636829126678
PROGRESS    Completed epoch 1071 / 2000;    current loss: 0.3255920708179474
INFO Gradient norm: 45.43967213518152
PROGRESS    Completed epoch 1072 / 2000;    current loss: 0.29422640800476074
INFO Gradient norm: 100.55887795990715
PROGRESS    Completed epoch 1073 / 2000;    current loss: 0.31898951530456543
INFO Gradient norm: 137.09466811242373
PROGRESS    Completed epoch 1074 / 2000;    current loss: 0.34412726759910583
INFO Gradient norm: 61.02473012237142
PROGRESS    Completed epoch 1075 / 2000;    current loss: 0.2997925579547882
INFO Gradient norm: 77.74270809081288
PROGRESS    Completed epoch 1076 / 2000;    current loss: 0.3103940188884735
INFO Gradient norm: 105.38944810721237
PROGRESS    Completed epoch 1077 / 2000;    current loss: 0.33206814527511597
INFO Gradient norm: 54.249565346326456
PROGRESS    Completed epoch 1078 / 2000;    current loss: 0.2980944812297821
INFO Gradient norm: 86.50022490213907
PROGRESS    Completed epoch 1079 / 2000;    current loss: 0.3119879364967346
INFO Gradient norm: 122.44558527044184
PROGRESS    Completed epoch 1080 / 2000;    current loss: 0.33453744649887085
INFO Gradient norm: 49.99419648390481
PROGRESS    Completed epoch 1081 / 2000;    current loss: 0.2962304949760437
INFO Gradient norm: 83.20444929193437
PROGRESS    Completed epoch 1082 / 2000;    current loss: 0.31444165110588074
INFO Gradient norm: 109.03163236107484
PROGRESS    Completed epoch 1083 / 2000;    current loss: 0.3360687792301178
INFO Gradient norm: 57.76957790259524
PROGRESS    Completed epoch 1084 / 2000;    current loss: 0.2997228801250458
INFO Gradient norm: 82.1468825043514
PROGRESS    Completed epoch 1085 / 2000;    current loss: 0.3098215162754059
INFO Gradient norm: 119.49730063779069
PROGRESS    Completed epoch 1086 / 2000;    current loss: 0.33260661363601685
INFO Gradient norm: 49.456286441631086
PROGRESS    Completed epoch 1087 / 2000;    current loss: 0.29589301347732544
INFO Gradient norm: 81.7807935392796
PROGRESS    Completed epoch 1088 / 2000;    current loss: 0.31329044699668884
INFO Gradient norm: 106.80233306121588
PROGRESS    Completed epoch 1089 / 2000;    current loss: 0.33378180861473083
INFO Gradient norm: 54.95342890534787
PROGRESS    Completed epoch 1090 / 2000;    current loss: 0.29812902212142944
INFO Gradient norm: 85.544489150447
PROGRESS    Completed epoch 1091 / 2000;    current loss: 0.31122469902038574
INFO Gradient norm: 123.31956350626743
PROGRESS    Completed epoch 1092 / 2000;    current loss: 0.334921658039093
INFO Gradient norm: 53.3042651877667
PROGRESS    Completed epoch 1093 / 2000;    current loss: 0.2967510223388672
INFO Gradient norm: 78.57319443854958
PROGRESS    Completed epoch 1094 / 2000;    current loss: 0.3107137978076935
INFO Gradient norm: 103.97848882167267
PROGRESS    Completed epoch 1095 / 2000;    current loss: 0.3307511508464813
INFO Gradient norm: 52.37166740611571
PROGRESS    Completed epoch 1096 / 2000;    current loss: 0.29659542441368103
INFO Gradient norm: 87.57485547967593
PROGRESS    Completed epoch 1097 / 2000;    current loss: 0.311896413564682
INFO Gradient norm: 124.6247302484716
PROGRESS    Completed epoch 1098 / 2000;    current loss: 0.33548107743263245
INFO Gradient norm: 54.178765160900866
PROGRESS    Completed epoch 1099 / 2000;    current loss: 0.296604722738266
INFO Gradient norm: 77.79363507033366
PROGRESS    Completed epoch 1100 / 2000;    current loss: 0.30990028381347656
INFO Gradient norm: 103.52159568220992
PROGRESS    Completed epoch 1101 / 2000;    current loss: 0.330089807510376
INFO Gradient norm: 52.513292056246016
PROGRESS    Completed epoch 1102 / 2000;    current loss: 0.29631808400154114
INFO Gradient norm: 86.14366340276192
PROGRESS    Completed epoch 1103 / 2000;    current loss: 0.3107866048812866
INFO Gradient norm: 122.58315622327719
PROGRESS    Completed epoch 1104 / 2000;    current loss: 0.3337428569793701
INFO Gradient norm: 52.523005426562925
PROGRESS    Completed epoch 1105 / 2000;    current loss: 0.29569798707962036
INFO Gradient norm: 78.42451197328239
PROGRESS    Completed epoch 1106 / 2000;    current loss: 0.3100617825984955
INFO Gradient norm: 103.95919232278135
PROGRESS    Completed epoch 1107 / 2000;    current loss: 0.33033591508865356
INFO Gradient norm: 53.325680806601234
PROGRESS    Completed epoch 1108 / 2000;    current loss: 0.29636818170547485
INFO Gradient norm: 84.28294624627407
PROGRESS    Completed epoch 1109 / 2000;    current loss: 0.30951812863349915
INFO Gradient norm: 120.57351935603211
PROGRESS    Completed epoch 1110 / 2000;    current loss: 0.3321062922477722
INFO Gradient norm: 51.30519647319408
PROGRESS    Completed epoch 1111 / 2000;    current loss: 0.29496249556541443
INFO Gradient norm: 78.47112697962821
PROGRESS    Completed epoch 1112 / 2000;    current loss: 0.30984365940093994
INFO Gradient norm: 103.69026622728865
PROGRESS    Completed epoch 1113 / 2000;    current loss: 0.32991066575050354
INFO Gradient norm: 53.20417776708585
PROGRESS    Completed epoch 1114 / 2000;    current loss: 0.29602333903312683
INFO Gradient norm: 83.68714807597871
PROGRESS    Completed epoch 1115 / 2000;    current loss: 0.30890795588493347
INFO Gradient norm: 119.94010780839919
PROGRESS    Completed epoch 1116 / 2000;    current loss: 0.33143168687820435
INFO Gradient norm: 51.26696910021171
PROGRESS    Completed epoch 1117 / 2000;    current loss: 0.29461196064949036
INFO Gradient norm: 77.72474892059599
PROGRESS    Completed epoch 1118 / 2000;    current loss: 0.3090941905975342
INFO Gradient norm: 102.77863271197103
PROGRESS    Completed epoch 1119 / 2000;    current loss: 0.3288903534412384
INFO Gradient norm: 52.5014164414281
PROGRESS    Completed epoch 1120 / 2000;    current loss: 0.29540514945983887
INFO Gradient norm: 83.59194719671261
PROGRESS    Completed epoch 1121 / 2000;    current loss: 0.3085775673389435
INFO Gradient norm: 119.62565734072919
PROGRESS    Completed epoch 1122 / 2000;    current loss: 0.33100223541259766
INFO Gradient norm: 51.33234813845913
PROGRESS    Completed epoch 1123 / 2000;    current loss: 0.29431116580963135
INFO Gradient norm: 76.95676315921668
PROGRESS    Completed epoch 1124 / 2000;    current loss: 0.3083368241786957
INFO Gradient norm: 101.95845987725426
PROGRESS    Completed epoch 1125 / 2000;    current loss: 0.3279813230037689
INFO Gradient norm: 52.00381953306982
PROGRESS    Completed epoch 1126 / 2000;    current loss: 0.29489612579345703
INFO Gradient norm: 83.12914714524743
PROGRESS    Completed epoch 1127 / 2000;    current loss: 0.3080669939517975
INFO Gradient norm: 118.81177454945106
PROGRESS    Completed epoch 1128 / 2000;    current loss: 0.33025410771369934
INFO Gradient norm: 50.978022177042114
PROGRESS    Completed epoch 1129 / 2000;    current loss: 0.29387667775154114
INFO Gradient norm: 76.51224041565034
PROGRESS    Completed epoch 1130 / 2000;    current loss: 0.30783316493034363
INFO Gradient norm: 101.37988052962719
PROGRESS    Completed epoch 1131 / 2000;    current loss: 0.32732462882995605
INFO Gradient norm: 51.79860247672415
PROGRESS    Completed epoch 1132 / 2000;    current loss: 0.2945284843444824
INFO Gradient norm: 82.31949113573852
PROGRESS    Completed epoch 1133 / 2000;    current loss: 0.30740612745285034
INFO Gradient norm: 117.72581443423634
PROGRESS    Completed epoch 1134 / 2000;    current loss: 0.3293440639972687
INFO Gradient norm: 50.427759941870775
PROGRESS    Completed epoch 1135 / 2000;    current loss: 0.2933834493160248
INFO Gradient norm: 76.10405424213926
PROGRESS    Completed epoch 1136 / 2000;    current loss: 0.30733564496040344
INFO Gradient norm: 100.81823540474082
PROGRESS    Completed epoch 1137 / 2000;    current loss: 0.3266732096672058
INFO Gradient norm: 51.53473379984653
PROGRESS    Completed epoch 1138 / 2000;    current loss: 0.29412245750427246
INFO Gradient norm: 81.61255962117373
PROGRESS    Completed epoch 1139 / 2000;    current loss: 0.3068079650402069
INFO Gradient norm: 116.76982866937092
PROGRESS    Completed epoch 1140 / 2000;    current loss: 0.32849738001823425
INFO Gradient norm: 50.049079760292834
PROGRESS    Completed epoch 1141 / 2000;    current loss: 0.2929527163505554
INFO Gradient norm: 75.57164666935333
PROGRESS    Completed epoch 1142 / 2000;    current loss: 0.3067915439605713
INFO Gradient norm: 100.13282118249177
PROGRESS    Completed epoch 1143 / 2000;    current loss: 0.32594066858291626
INFO Gradient norm: 51.159340673374615
PROGRESS    Completed epoch 1144 / 2000;    current loss: 0.29368844628334045
INFO Gradient norm: 81.03267152431513
PROGRESS    Completed epoch 1145 / 2000;    current loss: 0.3062240183353424
INFO Gradient norm: 115.94210878886595
PROGRESS    Completed epoch 1146 / 2000;    current loss: 0.32777073979377747
INFO Gradient norm: 49.75403953303419
PROGRESS    Completed epoch 1147 / 2000;    current loss: 0.29255321621894836
INFO Gradient norm: 75.00303002187235
PROGRESS    Completed epoch 1148 / 2000;    current loss: 0.30620241165161133
INFO Gradient norm: 99.42304665013782
PROGRESS    Completed epoch 1149 / 2000;    current loss: 0.325178325176239
INFO Gradient norm: 50.77235748625148
PROGRESS    Completed epoch 1150 / 2000;    current loss: 0.29324787855148315
INFO Gradient norm: 80.44834147418901
PROGRESS    Completed epoch 1151 / 2000;    current loss: 0.30570054054260254
INFO Gradient norm: 115.06692534276833
PROGRESS    Completed epoch 1152 / 2000;    current loss: 0.3270275890827179
INFO Gradient norm: 49.416213648743735
PROGRESS    Completed epoch 1153 / 2000;    current loss: 0.2921578586101532
INFO Gradient norm: 74.46172472083039
PROGRESS    Completed epoch 1154 / 2000;    current loss: 0.3056374788284302
INFO Gradient norm: 98.74148300884256
PROGRESS    Completed epoch 1155 / 2000;    current loss: 0.3244384229183197
INFO Gradient norm: 50.40675396481072
PROGRESS    Completed epoch 1156 / 2000;    current loss: 0.29283496737480164
INFO Gradient norm: 79.80624661464425
PROGRESS    Completed epoch 1157 / 2000;    current loss: 0.3051448464393616
INFO Gradient norm: 114.1644534625029
PROGRESS    Completed epoch 1158 / 2000;    current loss: 0.326225608587265
INFO Gradient norm: 49.05220537535681
PROGRESS    Completed epoch 1159 / 2000;    current loss: 0.29174312949180603
INFO Gradient norm: 73.9312298542262
PROGRESS    Completed epoch 1160 / 2000;    current loss: 0.3050778806209564
INFO Gradient norm: 98.06042360084716
PROGRESS    Completed epoch 1161 / 2000;    current loss: 0.3237153887748718
INFO Gradient norm: 50.06210042931475
PROGRESS    Completed epoch 1162 / 2000;    current loss: 0.29241758584976196
INFO Gradient norm: 79.16469209491474
PROGRESS    Completed epoch 1163 / 2000;    current loss: 0.3045807480812073
INFO Gradient norm: 113.25279061337119
PROGRESS    Completed epoch 1164 / 2000;    current loss: 0.32545265555381775
INFO Gradient norm: 48.67957267883401
PROGRESS    Completed epoch 1165 / 2000;    current loss: 0.29132279753685
INFO Gradient norm: 73.38518193485858
PROGRESS    Completed epoch 1166 / 2000;    current loss: 0.3045250177383423
INFO Gradient norm: 97.36168763351087
PROGRESS    Completed epoch 1167 / 2000;    current loss: 0.32296517491340637
INFO Gradient norm: 49.68269404379502
PROGRESS    Completed epoch 1168 / 2000;    current loss: 0.2919754981994629
INFO Gradient norm: 78.5266214528727
PROGRESS    Completed epoch 1169 / 2000;    current loss: 0.30401769280433655
INFO Gradient norm: 112.34534192767185
PROGRESS    Completed epoch 1170 / 2000;    current loss: 0.3246901035308838
INFO Gradient norm: 48.32615233936977
PROGRESS    Completed epoch 1171 / 2000;    current loss: 0.2909215986728668
INFO Gradient norm: 72.83731213364378
PROGRESS    Completed epoch 1172 / 2000;    current loss: 0.30396705865859985
INFO Gradient norm: 96.65559283960188
PROGRESS    Completed epoch 1173 / 2000;    current loss: 0.32222968339920044
INFO Gradient norm: 49.307973257831215
PROGRESS    Completed epoch 1174 / 2000;    current loss: 0.29156264662742615
INFO Gradient norm: 77.89816368932617
PROGRESS    Completed epoch 1175 / 2000;    current loss: 0.3034557104110718
INFO Gradient norm: 111.42889970283501
PROGRESS    Completed epoch 1176 / 2000;    current loss: 0.32391926646232605
INFO Gradient norm: 47.950262987240485
PROGRESS    Completed epoch 1177 / 2000;    current loss: 0.2905082702636719
INFO Gradient norm: 72.2924251174381
PROGRESS    Completed epoch 1178 / 2000;    current loss: 0.3034249544143677
INFO Gradient norm: 95.97329225428085
PROGRESS    Completed epoch 1179 / 2000;    current loss: 0.3215116858482361
INFO Gradient norm: 48.969491868692884
PROGRESS    Completed epoch 1180 / 2000;    current loss: 0.29115036129951477
INFO Gradient norm: 77.23734789222932
PROGRESS    Completed epoch 1181 / 2000;    current loss: 0.30289962887763977
INFO Gradient norm: 110.50560738102098
PROGRESS    Completed epoch 1182 / 2000;    current loss: 0.3231445848941803
INFO Gradient norm: 47.56199464009705
PROGRESS    Completed epoch 1183 / 2000;    current loss: 0.2900752127170563
INFO Gradient norm: 71.73931149577008
PROGRESS    Completed epoch 1184 / 2000;    current loss: 0.3028576374053955
INFO Gradient norm: 94.59879380331068
PROGRESS    Completed epoch 1185 / 2000;    current loss: 0.3201925456523895
INFO Gradient norm: 45.56588602323328
PROGRESS    Completed epoch 1186 / 2000;    current loss: 0.2898741662502289
INFO Gradient norm: 81.3939091893234
PROGRESS    Completed epoch 1187 / 2000;    current loss: 0.3056238889694214
INFO Gradient norm: 116.04903232733486
PROGRESS    Completed epoch 1188 / 2000;    current loss: 0.328104168176651
INFO Gradient norm: 55.06511110313269
PROGRESS    Completed epoch 1189 / 2000;    current loss: 0.29348161816596985
INFO Gradient norm: 63.43844187735804
PROGRESS    Completed epoch 1190 / 2000;    current loss: 0.2986903190612793
INFO Gradient norm: 87.09290471233604
PROGRESS    Completed epoch 1191 / 2000;    current loss: 0.314852774143219
INFO Gradient norm: 40.655141864833205
PROGRESS    Completed epoch 1192 / 2000;    current loss: 0.28863325715065
INFO Gradient norm: 82.6711540744101
PROGRESS    Completed epoch 1193 / 2000;    current loss: 0.3067755401134491
INFO Gradient norm: 113.96996164461865
PROGRESS    Completed epoch 1194 / 2000;    current loss: 0.3270086646080017
INFO Gradient norm: 51.261770005777045
PROGRESS    Completed epoch 1195 / 2000;    current loss: 0.29219356179237366
INFO Gradient norm: 67.13787228376462
PROGRESS    Completed epoch 1196 / 2000;    current loss: 0.3010575473308563
INFO Gradient norm: 91.48357938589294
PROGRESS    Completed epoch 1197 / 2000;    current loss: 0.3187630772590637
INFO Gradient norm: 46.664506662694876
PROGRESS    Completed epoch 1198 / 2000;    current loss: 0.2908649742603302
INFO Gradient norm: 74.21657315576996
PROGRESS    Completed epoch 1199 / 2000;    current loss: 0.30219268798828125
INFO Gradient norm: 105.30987537650913
PROGRESS    Completed epoch 1200 / 2000;    current loss: 0.3207918405532837
INFO Gradient norm: 44.306564160700546
PROGRESS    Completed epoch 1201 / 2000;    current loss: 0.28957805037498474
INFO Gradient norm: 71.2637277974374
PROGRESS    Completed epoch 1202 / 2000;    current loss: 0.30342432856559753
INFO Gradient norm: 94.43832599343074
PROGRESS    Completed epoch 1203 / 2000;    current loss: 0.32118719816207886
INFO Gradient norm: 49.19800636808524
PROGRESS    Completed epoch 1204 / 2000;    current loss: 0.2915670573711395
INFO Gradient norm: 71.77140101052187
PROGRESS    Completed epoch 1205 / 2000;    current loss: 0.30052319169044495
INFO Gradient norm: 103.92573727339226
PROGRESS    Completed epoch 1206 / 2000;    current loss: 0.319375216960907
INFO Gradient norm: 44.3247866391797
PROGRESS    Completed epoch 1207 / 2000;    current loss: 0.28908517956733704
INFO Gradient norm: 70.17463932538959
PROGRESS    Completed epoch 1208 / 2000;    current loss: 0.3022470772266388
INFO Gradient norm: 92.78981092638422
PROGRESS    Completed epoch 1209 / 2000;    current loss: 0.31920015811920166
INFO Gradient norm: 47.09848456055945
PROGRESS    Completed epoch 1210 / 2000;    current loss: 0.2901405692100525
INFO Gradient norm: 74.1877891987705
PROGRESS    Completed epoch 1211 / 2000;    current loss: 0.30114296078681946
INFO Gradient norm: 106.48547509344215
PROGRESS    Completed epoch 1212 / 2000;    current loss: 0.3205309212207794
INFO Gradient norm: 46.85709140790699
PROGRESS    Completed epoch 1213 / 2000;    current loss: 0.2893124520778656
INFO Gradient norm: 67.9037631057103
PROGRESS    Completed epoch 1214 / 2000;    current loss: 0.3002846837043762
INFO Gradient norm: 90.78003176510667
PROGRESS    Completed epoch 1215 / 2000;    current loss: 0.3169383108615875
INFO Gradient norm: 45.440085412312015
PROGRESS    Completed epoch 1216 / 2000;    current loss: 0.2889351546764374
INFO Gradient norm: 75.0887291808612
PROGRESS    Completed epoch 1217 / 2000;    current loss: 0.30108314752578735
INFO Gradient norm: 106.75469808986375
PROGRESS    Completed epoch 1218 / 2000;    current loss: 0.3202306032180786
INFO Gradient norm: 46.97381046632126
PROGRESS    Completed epoch 1219 / 2000;    current loss: 0.2888314723968506
INFO Gradient norm: 67.54652570255634
PROGRESS    Completed epoch 1220 / 2000;    current loss: 0.29957762360572815
INFO Gradient norm: 90.59177381518028
PROGRESS    Completed epoch 1221 / 2000;    current loss: 0.3163398802280426
INFO Gradient norm: 45.78008906895883
PROGRESS    Completed epoch 1222 / 2000;    current loss: 0.2885720133781433
INFO Gradient norm: 73.63647988857394
PROGRESS    Completed epoch 1223 / 2000;    current loss: 0.29988932609558105
INFO Gradient norm: 104.91494892861603
PROGRESS    Completed epoch 1224 / 2000;    current loss: 0.3185684382915497
INFO Gradient norm: 45.58379288644972
PROGRESS    Completed epoch 1225 / 2000;    current loss: 0.28789520263671875
INFO Gradient norm: 68.00574030691173
PROGRESS    Completed epoch 1226 / 2000;    current loss: 0.29938414692878723
INFO Gradient norm: 89.28366170858081
PROGRESS    Completed epoch 1227 / 2000;    current loss: 0.31506451964378357
INFO Gradient norm: 41.12239988463364
PROGRESS    Completed epoch 1228 / 2000;    current loss: 0.2868105471134186
INFO Gradient norm: 82.1083826527519
PROGRESS    Completed epoch 1229 / 2000;    current loss: 0.3045783042907715
INFO Gradient norm: 115.72688133550852
PROGRESS    Completed epoch 1230 / 2000;    current loss: 0.3268392086029053
INFO Gradient norm: 56.70706519151827
PROGRESS    Completed epoch 1231 / 2000;    current loss: 0.29264235496520996
INFO Gradient norm: 58.19981071648625
PROGRESS    Completed epoch 1232 / 2000;    current loss: 0.2948744595050812
INFO Gradient norm: 81.41079086531683
PROGRESS    Completed epoch 1233 / 2000;    current loss: 0.31002965569496155
INFO Gradient norm: 37.21919003039025
PROGRESS    Completed epoch 1234 / 2000;    current loss: 0.2862914800643921
INFO Gradient norm: 79.64554999951945
PROGRESS    Completed epoch 1235 / 2000;    current loss: 0.30433031916618347
INFO Gradient norm: 108.25481334285365
PROGRESS    Completed epoch 1236 / 2000;    current loss: 0.3228507339954376
INFO Gradient norm: 47.90951612414993
PROGRESS    Completed epoch 1237 / 2000;    current loss: 0.29001519083976746
INFO Gradient norm: 64.68684689009825
PROGRESS    Completed epoch 1238 / 2000;    current loss: 0.29915159940719604
INFO Gradient norm: 88.02048363115901
PROGRESS    Completed epoch 1239 / 2000;    current loss: 0.31627750396728516
INFO Gradient norm: 46.04489638783436
PROGRESS    Completed epoch 1240 / 2000;    current loss: 0.289862722158432
INFO Gradient norm: 66.94339110422436
PROGRESS    Completed epoch 1241 / 2000;    current loss: 0.29838502407073975
INFO Gradient norm: 95.79574616634716
PROGRESS    Completed epoch 1242 / 2000;    current loss: 0.31511738896369934
INFO Gradient norm: 38.9228282680648
PROGRESS    Completed epoch 1243 / 2000;    current loss: 0.2873016893863678
INFO Gradient norm: 68.65837297002194
PROGRESS    Completed epoch 1244 / 2000;    current loss: 0.3018372654914856
INFO Gradient norm: 89.99879481942112
PROGRESS    Completed epoch 1245 / 2000;    current loss: 0.3183140158653259
INFO Gradient norm: 47.294712875460455
PROGRESS    Completed epoch 1246 / 2000;    current loss: 0.29030072689056396
INFO Gradient norm: 65.90552855361143
PROGRESS    Completed epoch 1247 / 2000;    current loss: 0.2978339195251465
INFO Gradient norm: 96.2702675285433
PROGRESS    Completed epoch 1248 / 2000;    current loss: 0.3153991103172302
INFO Gradient norm: 41.20235957082278
PROGRESS    Completed epoch 1249 / 2000;    current loss: 0.2877408564090729
INFO Gradient norm: 65.4416333299728
PROGRESS    Completed epoch 1250 / 2000;    current loss: 0.29954221844673157
INFO Gradient norm: 86.41485959640542
PROGRESS    Completed epoch 1251 / 2000;    current loss: 0.3149302899837494
INFO Gradient norm: 43.38475422897595
PROGRESS    Completed epoch 1252 / 2000;    current loss: 0.2883683741092682
INFO Gradient norm: 69.9787412682943
PROGRESS    Completed epoch 1253 / 2000;    current loss: 0.29945459961891174
INFO Gradient norm: 100.09306639759464
PROGRESS    Completed epoch 1254 / 2000;    current loss: 0.3175928592681885
INFO Gradient norm: 44.57883637230619
PROGRESS    Completed epoch 1255 / 2000;    current loss: 0.2884145975112915
INFO Gradient norm: 62.806854077738315
PROGRESS    Completed epoch 1256 / 2000;    current loss: 0.29758742451667786
INFO Gradient norm: 84.39593741755735
PROGRESS    Completed epoch 1257 / 2000;    current loss: 0.3128981590270996
INFO Gradient norm: 42.05128660817083
PROGRESS    Completed epoch 1258 / 2000;    current loss: 0.28745388984680176
INFO Gradient norm: 70.09528816372054
PROGRESS    Completed epoch 1259 / 2000;    current loss: 0.29914265871047974
INFO Gradient norm: 99.27398110123812
PROGRESS    Completed epoch 1260 / 2000;    current loss: 0.3167039752006531
INFO Gradient norm: 43.5612471974368
PROGRESS    Completed epoch 1261 / 2000;    current loss: 0.2876805067062378
INFO Gradient norm: 63.368254084418595
PROGRESS    Completed epoch 1262 / 2000;    current loss: 0.29760873317718506
INFO Gradient norm: 85.05437926261887
PROGRESS    Completed epoch 1263 / 2000;    current loss: 0.31320619583129883
INFO Gradient norm: 43.26503707171518
PROGRESS    Completed epoch 1264 / 2000;    current loss: 0.28753286600112915
INFO Gradient norm: 67.72657055106433
PROGRESS    Completed epoch 1265 / 2000;    current loss: 0.2975270450115204
INFO Gradient norm: 96.67108872540209
PROGRESS    Completed epoch 1266 / 2000;    current loss: 0.31456393003463745
INFO Gradient norm: 41.659268290489884
PROGRESS    Completed epoch 1267 / 2000;    current loss: 0.2866203188896179
INFO Gradient norm: 64.01511501901746
PROGRESS    Completed epoch 1268 / 2000;    current loss: 0.29764029383659363
INFO Gradient norm: 85.29040852689361
PROGRESS    Completed epoch 1269 / 2000;    current loss: 0.31313708424568176
INFO Gradient norm: 43.59501520608317
PROGRESS    Completed epoch 1270 / 2000;    current loss: 0.28731149435043335
INFO Gradient norm: 66.80067214004387
PROGRESS    Completed epoch 1271 / 2000;    current loss: 0.2967210114002228
INFO Gradient norm: 95.83884635726618
PROGRESS    Completed epoch 1272 / 2000;    current loss: 0.31369882822036743
INFO Gradient norm: 41.5149910636111
PROGRESS    Completed epoch 1273 / 2000;    current loss: 0.2861793041229248
INFO Gradient norm: 63.32377456980491
PROGRESS    Completed epoch 1274 / 2000;    current loss: 0.29690873622894287
INFO Gradient norm: 84.36573353220159
PROGRESS    Completed epoch 1275 / 2000;    current loss: 0.3120792806148529
INFO Gradient norm: 42.78137406355842
PROGRESS    Completed epoch 1276 / 2000;    current loss: 0.286636620759964
INFO Gradient norm: 67.00756241530577
PROGRESS    Completed epoch 1277 / 2000;    current loss: 0.2964547276496887
INFO Gradient norm: 95.87525806729646
PROGRESS    Completed epoch 1278 / 2000;    current loss: 0.31342437863349915
INFO Gradient norm: 41.87339419539371
PROGRESS    Completed epoch 1279 / 2000;    current loss: 0.285919725894928
INFO Gradient norm: 62.40940113236276
PROGRESS    Completed epoch 1280 / 2000;    current loss: 0.2960580587387085
INFO Gradient norm: 83.44346018766203
PROGRESS    Completed epoch 1281 / 2000;    current loss: 0.31106632947921753
INFO Gradient norm: 42.18351425147565
PROGRESS    Completed epoch 1282 / 2000;    current loss: 0.28604891896247864
INFO Gradient norm: 66.69457763628144
PROGRESS    Completed epoch 1283 / 2000;    current loss: 0.29598286747932434
INFO Gradient norm: 95.19549514912451
PROGRESS    Completed epoch 1284 / 2000;    current loss: 0.31272056698799133
INFO Gradient norm: 41.54852196776845
PROGRESS    Completed epoch 1285 / 2000;    current loss: 0.2854510545730591
INFO Gradient norm: 62.01045603531024
PROGRESS    Completed epoch 1286 / 2000;    current loss: 0.29552316665649414
INFO Gradient norm: 82.95383326549738
PROGRESS    Completed epoch 1287 / 2000;    current loss: 0.3104519844055176
INFO Gradient norm: 42.065990620012144
PROGRESS    Completed epoch 1288 / 2000;    current loss: 0.2856758236885071
INFO Gradient norm: 65.8466393892625
PROGRESS    Completed epoch 1289 / 2000;    current loss: 0.29527270793914795
INFO Gradient norm: 94.1017497763664
PROGRESS    Completed epoch 1290 / 2000;    current loss: 0.3117831349372864
INFO Gradient norm: 40.95305613889423
PROGRESS    Completed epoch 1291 / 2000;    current loss: 0.2849264144897461
INFO Gradient norm: 61.70400105077479
PROGRESS    Completed epoch 1292 / 2000;    current loss: 0.2950614094734192
INFO Gradient norm: 82.46412978217548
PROGRESS    Completed epoch 1293 / 2000;    current loss: 0.309842973947525
INFO Gradient norm: 41.85326288431958
PROGRESS    Completed epoch 1294 / 2000;    current loss: 0.2852690815925598
INFO Gradient norm: 65.20785098034678
PROGRESS    Completed epoch 1295 / 2000;    current loss: 0.29466137290000916
INFO Gradient norm: 93.27743221804667
PROGRESS    Completed epoch 1296 / 2000;    current loss: 0.31100305914878845
INFO Gradient norm: 40.643945139831935
PROGRESS    Completed epoch 1297 / 2000;    current loss: 0.28447797894477844
INFO Gradient norm: 61.17910222231359
PROGRESS    Completed epoch 1298 / 2000;    current loss: 0.2944551110267639
INFO Gradient norm: 81.78662905957715
PROGRESS    Completed epoch 1299 / 2000;    current loss: 0.30906596779823303
INFO Gradient norm: 41.44499699722412
PROGRESS    Completed epoch 1300 / 2000;    current loss: 0.28476670384407043
INFO Gradient norm: 64.75688985701831
PROGRESS    Completed epoch 1301 / 2000;    current loss: 0.2941421866416931
INFO Gradient norm: 92.59427844779223
PROGRESS    Completed epoch 1302 / 2000;    current loss: 0.310314804315567
INFO Gradient norm: 40.424245826006874
PROGRESS    Completed epoch 1303 / 2000;    current loss: 0.2840551733970642
INFO Gradient norm: 60.6080023832481
PROGRESS    Completed epoch 1304 / 2000;    current loss: 0.293849915266037
INFO Gradient norm: 81.09142661169186
PROGRESS    Completed epoch 1305 / 2000;    current loss: 0.30828434228897095
INFO Gradient norm: 41.04272066379979
PROGRESS    Completed epoch 1306 / 2000;    current loss: 0.28428295254707336
INFO Gradient norm: 64.2698329611206
PROGRESS    Completed epoch 1307 / 2000;    current loss: 0.29360029101371765
INFO Gradient norm: 91.8484468162091
PROGRESS    Completed epoch 1308 / 2000;    current loss: 0.3095893859863281
INFO Gradient norm: 40.11304199540859
PROGRESS    Completed epoch 1309 / 2000;    current loss: 0.2836160361766815
INFO Gradient norm: 60.12987053939882
PROGRESS    Completed epoch 1310 / 2000;    current loss: 0.2932831048965454
INFO Gradient norm: 80.47446904172821
PROGRESS    Completed epoch 1311 / 2000;    current loss: 0.3075794279575348
INFO Gradient norm: 40.7546826909721
PROGRESS    Completed epoch 1312 / 2000;    current loss: 0.28384071588516235
INFO Gradient norm: 63.660585539638134
PROGRESS    Completed epoch 1313 / 2000;    current loss: 0.2930009365081787
INFO Gradient norm: 90.9776104047742
PROGRESS    Completed epoch 1314 / 2000;    current loss: 0.3087802231311798
INFO Gradient norm: 39.735864174861135
PROGRESS    Completed epoch 1315 / 2000;    current loss: 0.283147931098938
INFO Gradient norm: 59.66790039120278
PROGRESS    Completed epoch 1316 / 2000;    current loss: 0.2927192747592926
INFO Gradient norm: 78.59969207463625
PROGRESS    Completed epoch 1317 / 2000;    current loss: 0.3059145212173462
INFO Gradient norm: 36.8918141121633
PROGRESS    Completed epoch 1318 / 2000;    current loss: 0.2824961245059967
INFO Gradient norm: 68.40066640070162
PROGRESS    Completed epoch 1319 / 2000;    current loss: 0.29588913917541504
INFO Gradient norm: 96.92149225247309
PROGRESS    Completed epoch 1320 / 2000;    current loss: 0.3138243854045868
INFO Gradient norm: 47.29544800062562
PROGRESS    Completed epoch 1321 / 2000;    current loss: 0.28643813729286194
INFO Gradient norm: 51.76615223360176
PROGRESS    Completed epoch 1322 / 2000;    current loss: 0.289176344871521
INFO Gradient norm: 72.33999332012219
PROGRESS    Completed epoch 1323 / 2000;    current loss: 0.30194681882858276
INFO Gradient norm: 33.44656346491436
PROGRESS    Completed epoch 1324 / 2000;    current loss: 0.28184062242507935
INFO Gradient norm: 68.04403032556371
PROGRESS    Completed epoch 1325 / 2000;    current loss: 0.2961314022541046
INFO Gradient norm: 93.40193269007821
PROGRESS    Completed epoch 1326 / 2000;    current loss: 0.31168365478515625
INFO Gradient norm: 42.21173885348858
PROGRESS    Completed epoch 1327 / 2000;    current loss: 0.28469884395599365
INFO Gradient norm: 56.56842066743293
PROGRESS    Completed epoch 1328 / 2000;    current loss: 0.29189151525497437
INFO Gradient norm: 77.6287082574653
PROGRESS    Completed epoch 1329 / 2000;    current loss: 0.30619749426841736
INFO Gradient norm: 40.017599190149
PROGRESS    Completed epoch 1330 / 2000;    current loss: 0.28410080075263977
INFO Gradient norm: 59.78714182525414
PROGRESS    Completed epoch 1331 / 2000;    current loss: 0.29184848070144653
INFO Gradient norm: 85.4642345810382
PROGRESS    Completed epoch 1332 / 2000;    current loss: 0.3061788082122803
INFO Gradient norm: 36.118731240119395
PROGRESS    Completed epoch 1333 / 2000;    current loss: 0.28246065974235535
INFO Gradient norm: 59.952469930496555
PROGRESS    Completed epoch 1334 / 2000;    current loss: 0.2935791015625
INFO Gradient norm: 79.64697389289866
PROGRESS    Completed epoch 1335 / 2000;    current loss: 0.3075586259365082
INFO Gradient norm: 41.2387432893151
PROGRESS    Completed epoch 1336 / 2000;    current loss: 0.28416943550109863
INFO Gradient norm: 59.165003777888934
PROGRESS    Completed epoch 1337 / 2000;    current loss: 0.2910705804824829
INFO Gradient norm: 86.00643015294364
PROGRESS    Completed epoch 1338 / 2000;    current loss: 0.3060062527656555
INFO Gradient norm: 37.71927604368969
PROGRESS    Completed epoch 1339 / 2000;    current loss: 0.28248506784439087
INFO Gradient norm: 57.672403065785296
PROGRESS    Completed epoch 1340 / 2000;    current loss: 0.291705459356308
INFO Gradient norm: 77.0408954949038
PROGRESS    Completed epoch 1341 / 2000;    current loss: 0.3048796057701111
INFO Gradient norm: 38.36104235112327
PROGRESS    Completed epoch 1342 / 2000;    current loss: 0.2824915647506714
INFO Gradient norm: 62.058378866157504
PROGRESS    Completed epoch 1343 / 2000;    current loss: 0.2918705344200134
INFO Gradient norm: 88.64528737536997
PROGRESS    Completed epoch 1344 / 2000;    current loss: 0.30715280771255493
INFO Gradient norm: 40.050551623544784
PROGRESS    Completed epoch 1345 / 2000;    current loss: 0.282642126083374
INFO Gradient norm: 55.746353770506246
PROGRESS    Completed epoch 1346 / 2000;    current loss: 0.2900606393814087
INFO Gradient norm: 75.54305285113531
PROGRESS    Completed epoch 1347 / 2000;    current loss: 0.30315542221069336
INFO Gradient norm: 37.45390115975865
PROGRESS    Completed epoch 1348 / 2000;    current loss: 0.2816004157066345
INFO Gradient norm: 61.87957233395768
PROGRESS    Completed epoch 1349 / 2000;    current loss: 0.29124686121940613
INFO Gradient norm: 87.73975963188934
PROGRESS    Completed epoch 1350 / 2000;    current loss: 0.306083083152771
INFO Gradient norm: 39.06704317172407
PROGRESS    Completed epoch 1351 / 2000;    current loss: 0.28179702162742615
INFO Gradient norm: 56.23944561158492
PROGRESS    Completed epoch 1352 / 2000;    current loss: 0.2898230254650116
INFO Gradient norm: 76.06413754402392
PROGRESS    Completed epoch 1353 / 2000;    current loss: 0.30309098958969116
INFO Gradient norm: 38.4358976367097
PROGRESS    Completed epoch 1354 / 2000;    current loss: 0.2814311981201172
INFO Gradient norm: 60.012931426297676
PROGRESS    Completed epoch 1355 / 2000;    current loss: 0.28986114263534546
INFO Gradient norm: 85.73215659986143
PROGRESS    Completed epoch 1356 / 2000;    current loss: 0.30432021617889404
INFO Gradient norm: 37.64972376801987
PROGRESS    Completed epoch 1357 / 2000;    current loss: 0.2808213233947754
INFO Gradient norm: 56.26735663434424
PROGRESS    Completed epoch 1358 / 2000;    current loss: 0.2893870770931244
INFO Gradient norm: 66.13262964259862
PROGRESS    Completed epoch 1359 / 2000;    current loss: 0.2964124381542206
INFO Gradient norm: 18.95358922395694
PROGRESS    Completed epoch 1360 / 2000;    current loss: 0.27756157517433167
INFO Gradient norm: 86.92662186595639
PROGRESS    Completed epoch 1361 / 2000;    current loss: 0.30728787183761597
INFO Gradient norm: 115.67714541527954
PROGRESS    Completed epoch 1362 / 2000;    current loss: 0.3296763598918915
INFO Gradient norm: 66.49855928661138
PROGRESS    Completed epoch 1363 / 2000;    current loss: 0.29642775654792786
INFO Gradient norm: 32.2203536136143
PROGRESS    Completed epoch 1364 / 2000;    current loss: 0.2830007076263428
INFO Gradient norm: 54.98424926137066
PROGRESS    Completed epoch 1365 / 2000;    current loss: 0.2933954894542694
INFO Gradient norm: 20.494776200894627
PROGRESS    Completed epoch 1366 / 2000;    current loss: 0.28075283765792847
INFO Gradient norm: 69.14697781281468
PROGRESS    Completed epoch 1367 / 2000;    current loss: 0.29987654089927673
INFO Gradient norm: 85.98997501141352
PROGRESS    Completed epoch 1368 / 2000;    current loss: 0.31084781885147095
INFO Gradient norm: 33.65068793762083
PROGRESS    Completed epoch 1369 / 2000;    current loss: 0.2849934995174408
INFO Gradient norm: 59.07789266446024
PROGRESS    Completed epoch 1370 / 2000;    current loss: 0.2973669171333313
INFO Gradient norm: 80.05549242263334
PROGRESS    Completed epoch 1371 / 2000;    current loss: 0.3137095272541046
INFO Gradient norm: 47.8307743228299
PROGRESS    Completed epoch 1372 / 2000;    current loss: 0.29128819704055786
INFO Gradient norm: 39.76754274326859
PROGRESS    Completed epoch 1373 / 2000;    current loss: 0.28764182329177856
INFO Gradient norm: 62.90440628436918
PROGRESS    Completed epoch 1374 / 2000;    current loss: 0.29815852642059326
INFO Gradient norm: 20.674897818041416
PROGRESS    Completed epoch 1375 / 2000;    current loss: 0.2823461890220642
INFO Gradient norm: 61.09965750330902
PROGRESS    Completed epoch 1376 / 2000;    current loss: 0.2991405725479126
INFO Gradient norm: 75.83405369945619
PROGRESS    Completed epoch 1377 / 2000;    current loss: 0.3103267550468445
INFO Gradient norm: 38.325651852571404
PROGRESS    Completed epoch 1378 / 2000;    current loss: 0.2869105041027069
INFO Gradient norm: 55.15237028079703
PROGRESS    Completed epoch 1379 / 2000;    current loss: 0.29384806752204895
INFO Gradient norm: 81.9587276713796
PROGRESS    Completed epoch 1380 / 2000;    current loss: 0.30936652421951294
INFO Gradient norm: 40.19144342538117
PROGRESS    Completed epoch 1381 / 2000;    current loss: 0.2873317003250122
INFO Gradient norm: 46.19858489176703
PROGRESS    Completed epoch 1382 / 2000;    current loss: 0.2900696396827698
INFO Gradient norm: 63.70338621013227
PROGRESS    Completed epoch 1383 / 2000;    current loss: 0.300366073846817
INFO Gradient norm: 27.945741029232188
PROGRESS    Completed epoch 1384 / 2000;    current loss: 0.28296294808387756
INFO Gradient norm: 62.68135248594148
PROGRESS    Completed epoch 1385 / 2000;    current loss: 0.2972353398799896
INFO Gradient norm: 85.18499361995187
PROGRESS    Completed epoch 1386 / 2000;    current loss: 0.31119462847709656
INFO Gradient norm: 39.73680664713246
PROGRESS    Completed epoch 1387 / 2000;    current loss: 0.2867855131626129
INFO Gradient norm: 48.66833158279186
PROGRESS    Completed epoch 1388 / 2000;    current loss: 0.2909829616546631
INFO Gradient norm: 67.9557646246849
PROGRESS    Completed epoch 1389 / 2000;    current loss: 0.30323949456214905
INFO Gradient norm: 34.54319775199179
PROGRESS    Completed epoch 1390 / 2000;    current loss: 0.28472253680229187
INFO Gradient norm: 53.42839087459092
PROGRESS    Completed epoch 1391 / 2000;    current loss: 0.29227855801582336
INFO Gradient norm: 75.45728630746581
PROGRESS    Completed epoch 1392 / 2000;    current loss: 0.30445992946624756
INFO Gradient norm: 31.45072241974136
PROGRESS    Completed epoch 1393 / 2000;    current loss: 0.28371933102607727
INFO Gradient norm: 53.84793399219411
PROGRESS    Completed epoch 1394 / 2000;    current loss: 0.29349514842033386
INFO Gradient norm: 71.58688475638054
PROGRESS    Completed epoch 1395 / 2000;    current loss: 0.3057510554790497
INFO Gradient norm: 37.36784237276159
PROGRESS    Completed epoch 1396 / 2000;    current loss: 0.2853299081325531
INFO Gradient norm: 51.31223775917544
PROGRESS    Completed epoch 1397 / 2000;    current loss: 0.2907954752445221
INFO Gradient norm: 74.94676715872536
PROGRESS    Completed epoch 1398 / 2000;    current loss: 0.303220272064209
INFO Gradient norm: 32.57149371879574
PROGRESS    Completed epoch 1399 / 2000;    current loss: 0.28349199891090393
INFO Gradient norm: 51.690802303606674
PROGRESS    Completed epoch 1400 / 2000;    current loss: 0.2917518615722656
INFO Gradient norm: 68.82817352420159
PROGRESS    Completed epoch 1401 / 2000;    current loss: 0.3030751943588257
INFO Gradient norm: 34.07672931430445
PROGRESS    Completed epoch 1402 / 2000;    current loss: 0.2835864722728729
INFO Gradient norm: 54.90062540240145
PROGRESS    Completed epoch 1403 / 2000;    current loss: 0.2915128469467163
INFO Gradient norm: 78.30502679428072
PROGRESS    Completed epoch 1404 / 2000;    current loss: 0.3048233687877655
INFO Gradient norm: 35.55254672597158
PROGRESS    Completed epoch 1405 / 2000;    current loss: 0.28387120366096497
INFO Gradient norm: 49.382182069266214
PROGRESS    Completed epoch 1406 / 2000;    current loss: 0.2900070548057556
INFO Gradient norm: 67.14104369792136
PROGRESS    Completed epoch 1407 / 2000;    current loss: 0.3013460040092468
INFO Gradient norm: 33.10832213471426
PROGRESS    Completed epoch 1408 / 2000;    current loss: 0.28278106451034546
INFO Gradient norm: 54.593720129943456
PROGRESS    Completed epoch 1409 / 2000;    current loss: 0.29091504216194153
INFO Gradient norm: 77.08185759174467
PROGRESS    Completed epoch 1410 / 2000;    current loss: 0.30365127325057983
INFO Gradient norm: 34.180893516739026
PROGRESS    Completed epoch 1411 / 2000;    current loss: 0.28262078762054443
INFO Gradient norm: 50.19750103361187
PROGRESS    Completed epoch 1412 / 2000;    current loss: 0.2900444567203522
INFO Gradient norm: 67.92116995938731
PROGRESS    Completed epoch 1413 / 2000;    current loss: 0.3016047477722168
INFO Gradient norm: 34.35929509441185
PROGRESS    Completed epoch 1414 / 2000;    current loss: 0.2827838063240051
INFO Gradient norm: 52.40746817577834
PROGRESS    Completed epoch 1415 / 2000;    current loss: 0.28950589895248413
INFO Gradient norm: 74.87103451321771
PROGRESS    Completed epoch 1416 / 2000;    current loss: 0.30188503861427307
INFO Gradient norm: 32.74542032258789
PROGRESS    Completed epoch 1417 / 2000;    current loss: 0.28176262974739075
INFO Gradient norm: 50.4080085349104
PROGRESS    Completed epoch 1418 / 2000;    current loss: 0.2897655665874481
INFO Gradient norm: 67.69481272592441
PROGRESS    Completed epoch 1419 / 2000;    current loss: 0.3010898232460022
INFO Gradient norm: 34.11081455111218
PROGRESS    Completed epoch 1420 / 2000;    current loss: 0.2822744846343994
INFO Gradient norm: 52.22772586908107
PROGRESS    Completed epoch 1421 / 2000;    current loss: 0.28899818658828735
INFO Gradient norm: 74.79283565807512
PROGRESS    Completed epoch 1422 / 2000;    current loss: 0.30143558979034424
INFO Gradient norm: 33.18470549429482
PROGRESS    Completed epoch 1423 / 2000;    current loss: 0.281450480222702
INFO Gradient norm: 49.37155462847116
PROGRESS    Completed epoch 1424 / 2000;    current loss: 0.2887927293777466
INFO Gradient norm: 66.54112339484352
PROGRESS    Completed epoch 1425 / 2000;    current loss: 0.2998442053794861
INFO Gradient norm: 33.173304189699806
PROGRESS    Completed epoch 1426 / 2000;    current loss: 0.2814829647541046
INFO Gradient norm: 52.45012675578516
PROGRESS    Completed epoch 1427 / 2000;    current loss: 0.28867143392562866
INFO Gradient norm: 74.70137953604699
PROGRESS    Completed epoch 1428 / 2000;    current loss: 0.30098146200180054
INFO Gradient norm: 33.27759022489327
PROGRESS    Completed epoch 1429 / 2000;    current loss: 0.2810169458389282
INFO Gradient norm: 48.77176561824839
PROGRESS    Completed epoch 1430 / 2000;    current loss: 0.28774991631507874
INFO Gradient norm: 65.99095516647176
PROGRESS    Completed epoch 1431 / 2000;    current loss: 0.2990826368331909
INFO Gradient norm: 33.00094741651601
PROGRESS    Completed epoch 1432 / 2000;    current loss: 0.280690461397171
INFO Gradient norm: 51.71174768147959
PROGRESS    Completed epoch 1433 / 2000;    current loss: 0.28829169273376465
INFO Gradient norm: 73.66601233590478
PROGRESS    Completed epoch 1434 / 2000;    current loss: 0.30041205883026123
INFO Gradient norm: 32.60698738983446
PROGRESS    Completed epoch 1435 / 2000;    current loss: 0.28077441453933716
INFO Gradient norm: 48.68021219196405
PROGRESS    Completed epoch 1436 / 2000;    current loss: 0.2876846194267273
INFO Gradient norm: 65.71955123076597
PROGRESS    Completed epoch 1437 / 2000;    current loss: 0.29859793186187744
INFO Gradient norm: 33.00152678919372
PROGRESS    Completed epoch 1438 / 2000;    current loss: 0.280662477016449
INFO Gradient norm: 51.00082228901345
PROGRESS    Completed epoch 1439 / 2000;    current loss: 0.2876279056072235
INFO Gradient norm: 72.87788591796699
PROGRESS    Completed epoch 1440 / 2000;    current loss: 0.29962673783302307
INFO Gradient norm: 32.27609352061017
PROGRESS    Completed epoch 1441 / 2000;    current loss: 0.2802966237068176
INFO Gradient norm: 48.23970089103866
PROGRESS    Completed epoch 1442 / 2000;    current loss: 0.28711095452308655
INFO Gradient norm: 65.04528264038638
PROGRESS    Completed epoch 1443 / 2000;    current loss: 0.29775676131248474
INFO Gradient norm: 32.646864372214395
PROGRESS    Completed epoch 1444 / 2000;    current loss: 0.2800576388835907
INFO Gradient norm: 50.4500561825987
PROGRESS    Completed epoch 1445 / 2000;    current loss: 0.2869648337364197
INFO Gradient norm: 71.86996263154943
PROGRESS    Completed epoch 1446 / 2000;    current loss: 0.2986409664154053
INFO Gradient norm: 31.444145438779195
PROGRESS    Completed epoch 1447 / 2000;    current loss: 0.2796003520488739
INFO Gradient norm: 48.52014273161676
PROGRESS    Completed epoch 1448 / 2000;    current loss: 0.2864353060722351
INFO Gradient norm: 65.32674710405163
PROGRESS    Completed epoch 1449 / 2000;    current loss: 0.2975448668003082
INFO Gradient norm: 32.99515342675107
PROGRESS    Completed epoch 1450 / 2000;    current loss: 0.279398113489151
INFO Gradient norm: 49.86397857932251
PROGRESS    Completed epoch 1451 / 2000;    current loss: 0.28582635521888733
INFO Gradient norm: 71.53105352205446
PROGRESS    Completed epoch 1452 / 2000;    current loss: 0.2979333996772766
INFO Gradient norm: 31.741822733354706
PROGRESS    Completed epoch 1453 / 2000;    current loss: 0.27881354093551636
INFO Gradient norm: 47.60678233922958
PROGRESS    Completed epoch 1454 / 2000;    current loss: 0.2858755886554718
INFO Gradient norm: 64.18485006490573
PROGRESS    Completed epoch 1455 / 2000;    current loss: 0.2963259220123291
INFO Gradient norm: 32.003700261000475
PROGRESS    Completed epoch 1456 / 2000;    current loss: 0.2789624035358429
INFO Gradient norm: 50.296926365463484
PROGRESS    Completed epoch 1457 / 2000;    current loss: 0.28603047132492065
INFO Gradient norm: 71.72272007797432
PROGRESS    Completed epoch 1458 / 2000;    current loss: 0.29773199558258057
INFO Gradient norm: 32.09630736467699
PROGRESS    Completed epoch 1459 / 2000;    current loss: 0.2789005637168884
INFO Gradient norm: 46.7917325838898
PROGRESS    Completed epoch 1460 / 2000;    current loss: 0.2847275733947754
INFO Gradient norm: 63.423447423533666
PROGRESS    Completed epoch 1461 / 2000;    current loss: 0.29511409997940063
INFO Gradient norm: 31.64868036447871
PROGRESS    Completed epoch 1462 / 2000;    current loss: 0.2784828245639801
INFO Gradient norm: 49.761167279529396
PROGRESS    Completed epoch 1463 / 2000;    current loss: 0.28547167778015137
INFO Gradient norm: 70.87949348410449
PROGRESS    Completed epoch 1464 / 2000;    current loss: 0.2969062924385071
INFO Gradient norm: 31.50997512674182
PROGRESS    Completed epoch 1465 / 2000;    current loss: 0.2783551812171936
INFO Gradient norm: 46.72312912331008
PROGRESS    Completed epoch 1466 / 2000;    current loss: 0.28470611572265625
INFO Gradient norm: 63.220548354801494
PROGRESS    Completed epoch 1467 / 2000;    current loss: 0.295033723115921
INFO Gradient norm: 31.616015272696437
PROGRESS    Completed epoch 1468 / 2000;    current loss: 0.27796101570129395
INFO Gradient norm: 48.365367698432884
PROGRESS    Completed epoch 1469 / 2000;    current loss: 0.2844184935092926
INFO Gradient norm: 68.93504202041755
PROGRESS    Completed epoch 1470 / 2000;    current loss: 0.29527097940444946
INFO Gradient norm: 29.842177274715887
PROGRESS    Completed epoch 1471 / 2000;    current loss: 0.2773021161556244
INFO Gradient norm: 47.51674231991658
PROGRESS    Completed epoch 1472 / 2000;    current loss: 0.2846243381500244
INFO Gradient norm: 63.82194680686103
PROGRESS    Completed epoch 1473 / 2000;    current loss: 0.294964998960495
INFO Gradient norm: 32.469277268335105
PROGRESS    Completed epoch 1474 / 2000;    current loss: 0.27783071994781494
INFO Gradient norm: 47.78842986060043
PROGRESS    Completed epoch 1475 / 2000;    current loss: 0.2836027443408966
INFO Gradient norm: 68.93462270778298
PROGRESS    Completed epoch 1476 / 2000;    current loss: 0.2947753369808197
INFO Gradient norm: 30.627368032251486
PROGRESS    Completed epoch 1477 / 2000;    current loss: 0.27706795930862427
INFO Gradient norm: 46.11207977531363
PROGRESS    Completed epoch 1478 / 2000;    current loss: 0.283437579870224
INFO Gradient norm: 62.176120153214
PROGRESS    Completed epoch 1479 / 2000;    current loss: 0.2933507561683655
INFO Gradient norm: 30.79909800793326
PROGRESS    Completed epoch 1480 / 2000;    current loss: 0.2768079340457916
INFO Gradient norm: 49.008191925077654
PROGRESS    Completed epoch 1481 / 2000;    current loss: 0.2837033271789551
INFO Gradient norm: 69.816847269896
PROGRESS    Completed epoch 1482 / 2000;    current loss: 0.2949270009994507
INFO Gradient norm: 31.492388629930403
PROGRESS    Completed epoch 1483 / 2000;    current loss: 0.27687332034111023
INFO Gradient norm: 45.10954761260567
PROGRESS    Completed epoch 1484 / 2000;    current loss: 0.2825066149234772
INFO Gradient norm: 61.36484705751205
PROGRESS    Completed epoch 1485 / 2000;    current loss: 0.2924051582813263
INFO Gradient norm: 30.509173813245628
PROGRESS    Completed epoch 1486 / 2000;    current loss: 0.2762801945209503
INFO Gradient norm: 48.26787628450095
PROGRESS    Completed epoch 1487 / 2000;    current loss: 0.28298625349998474
INFO Gradient norm: 68.61556759830523
PROGRESS    Completed epoch 1488 / 2000;    current loss: 0.29384058713912964
INFO Gradient norm: 30.520195470561625
PROGRESS    Completed epoch 1489 / 2000;    current loss: 0.27616551518440247
INFO Gradient norm: 45.3094806533655
PROGRESS    Completed epoch 1490 / 2000;    current loss: 0.2822205424308777
INFO Gradient norm: 61.42050083563398
PROGRESS    Completed epoch 1491 / 2000;    current loss: 0.29209908843040466
INFO Gradient norm: 30.853158799494768
PROGRESS    Completed epoch 1492 / 2000;    current loss: 0.2759717106819153
INFO Gradient norm: 47.194381903897884
PROGRESS    Completed epoch 1493 / 2000;    current loss: 0.2821113169193268
INFO Gradient norm: 67.49666929845542
PROGRESS    Completed epoch 1494 / 2000;    current loss: 0.2928217649459839
INFO Gradient norm: 29.969102952214808
PROGRESS    Completed epoch 1495 / 2000;    current loss: 0.27557066082954407
INFO Gradient norm: 44.981857561478144
PROGRESS    Completed epoch 1496 / 2000;    current loss: 0.2816593647003174
INFO Gradient norm: 60.837595135108785
PROGRESS    Completed epoch 1497 / 2000;    current loss: 0.29133960604667664
INFO Gradient norm: 30.400032624326432
PROGRESS    Completed epoch 1498 / 2000;    current loss: 0.27538856863975525
INFO Gradient norm: 47.07317618648862
PROGRESS    Completed epoch 1499 / 2000;    current loss: 0.2812979817390442
INFO Gradient norm: 67.23974821971113
PROGRESS    Completed epoch 1500 / 2000;    current loss: 0.2923591732978821
INFO Gradient norm: 30.08853985957398
PROGRESS    Completed epoch 1501 / 2000;    current loss: 0.27522873878479004
INFO Gradient norm: 44.2624901791525
PROGRESS    Completed epoch 1502 / 2000;    current loss: 0.2806027829647064
INFO Gradient norm: 60.055802774391296
PROGRESS    Completed epoch 1503 / 2000;    current loss: 0.2904982566833496
INFO Gradient norm: 29.921425518507448
PROGRESS    Completed epoch 1504 / 2000;    current loss: 0.27488261461257935
INFO Gradient norm: 46.84602827640883
PROGRESS    Completed epoch 1505 / 2000;    current loss: 0.2813035547733307
INFO Gradient norm: 66.79000130236098
PROGRESS    Completed epoch 1506 / 2000;    current loss: 0.2917638123035431
INFO Gradient norm: 29.60388658195906
PROGRESS    Completed epoch 1507 / 2000;    current loss: 0.27470263838768005
INFO Gradient norm: 44.325188254291504
PROGRESS    Completed epoch 1508 / 2000;    current loss: 0.2802383005619049
INFO Gradient norm: 60.15732442985048
PROGRESS    Completed epoch 1509 / 2000;    current loss: 0.2901376485824585
INFO Gradient norm: 30.343427411207962
PROGRESS    Completed epoch 1510 / 2000;    current loss: 0.2745567560195923
INFO Gradient norm: 45.717126944679805
PROGRESS    Completed epoch 1511 / 2000;    current loss: 0.2802726626396179
INFO Gradient norm: 65.55549083380798
PROGRESS    Completed epoch 1512 / 2000;    current loss: 0.2906211018562317
INFO Gradient norm: 29.133282139004418
PROGRESS    Completed epoch 1513 / 2000;    current loss: 0.27366089820861816
INFO Gradient norm: 43.96438899366661
PROGRESS    Completed epoch 1514 / 2000;    current loss: 0.2799355983734131
INFO Gradient norm: 59.4630718589939
PROGRESS    Completed epoch 1515 / 2000;    current loss: 0.28926393389701843
INFO Gradient norm: 29.67668196135596
PROGRESS    Completed epoch 1516 / 2000;    current loss: 0.2738873362541199
INFO Gradient norm: 45.93742914344863
PROGRESS    Completed epoch 1517 / 2000;    current loss: 0.2799723148345947
INFO Gradient norm: 65.72781147443467
PROGRESS    Completed epoch 1518 / 2000;    current loss: 0.29039251804351807
INFO Gradient norm: 29.550893983657776
PROGRESS    Completed epoch 1519 / 2000;    current loss: 0.2737998068332672
INFO Gradient norm: 43.09526854189669
PROGRESS    Completed epoch 1520 / 2000;    current loss: 0.27915069460868835
INFO Gradient norm: 58.577527017095946
PROGRESS    Completed epoch 1521 / 2000;    current loss: 0.288351833820343
INFO Gradient norm: 29.03460511275481
PROGRESS    Completed epoch 1522 / 2000;    current loss: 0.2733653485774994
INFO Gradient norm: 45.40747877190767
PROGRESS    Completed epoch 1523 / 2000;    current loss: 0.279361754655838
INFO Gradient norm: 64.43909576911496
PROGRESS    Completed epoch 1524 / 2000;    current loss: 0.2891450524330139
INFO Gradient norm: 28.28245630798573
PROGRESS    Completed epoch 1525 / 2000;    current loss: 0.2728445529937744
INFO Gradient norm: 43.75181328351132
PROGRESS    Completed epoch 1526 / 2000;    current loss: 0.2789498567581177
INFO Gradient norm: 59.181196554712365
PROGRESS    Completed epoch 1527 / 2000;    current loss: 0.2882517874240875
INFO Gradient norm: 30.023725757552945
PROGRESS    Completed epoch 1528 / 2000;    current loss: 0.273046612739563
INFO Gradient norm: 44.1978904442278
PROGRESS    Completed epoch 1529 / 2000;    current loss: 0.2782316207885742
INFO Gradient norm: 63.695390827104056
PROGRESS    Completed epoch 1530 / 2000;    current loss: 0.28817665576934814
INFO Gradient norm: 28.32121348217897
PROGRESS    Completed epoch 1531 / 2000;    current loss: 0.27237847447395325
INFO Gradient norm: 42.81028620418872
PROGRESS    Completed epoch 1532 / 2000;    current loss: 0.2779611647129059
INFO Gradient norm: 57.892462700104126
PROGRESS    Completed epoch 1533 / 2000;    current loss: 0.2868766784667969
INFO Gradient norm: 28.70314085855249
PROGRESS    Completed epoch 1534 / 2000;    current loss: 0.27206727862358093
INFO Gradient norm: 45.08028660510959
PROGRESS    Completed epoch 1535 / 2000;    current loss: 0.2781658470630646
INFO Gradient norm: 64.36242785477182
PROGRESS    Completed epoch 1536 / 2000;    current loss: 0.2881600260734558
INFO Gradient norm: 29.130078286907484
PROGRESS    Completed epoch 1537 / 2000;    current loss: 0.2721608281135559
INFO Gradient norm: 41.79257787955559
PROGRESS    Completed epoch 1538 / 2000;    current loss: 0.27704307436943054
INFO Gradient norm: 55.936036998146015
PROGRESS    Completed epoch 1539 / 2000;    current loss: 0.2852277159690857
INFO Gradient norm: 24.98077356517393
PROGRESS    Completed epoch 1540 / 2000;    current loss: 0.2709479033946991
INFO Gradient norm: 50.079199962375874
PROGRESS    Completed epoch 1541 / 2000;    current loss: 0.28075477480888367
INFO Gradient norm: 70.35385091805666
PROGRESS    Completed epoch 1542 / 2000;    current loss: 0.29251161217689514
INFO Gradient norm: 36.081798588851285
PROGRESS    Completed epoch 1543 / 2000;    current loss: 0.27493521571159363
INFO Gradient norm: 35.287428014182055
PROGRESS    Completed epoch 1544 / 2000;    current loss: 0.2748139500617981
INFO Gradient norm: 51.28133666507618
PROGRESS    Completed epoch 1545 / 2000;    current loss: 0.28298822045326233
INFO Gradient norm: 23.385711452342058
PROGRESS    Completed epoch 1546 / 2000;    current loss: 0.2709657549858093
INFO Gradient norm: 47.860052170301316
PROGRESS    Completed epoch 1547 / 2000;    current loss: 0.2799610495567322
INFO Gradient norm: 65.11784640177049
PROGRESS    Completed epoch 1548 / 2000;    current loss: 0.2893722653388977
INFO Gradient norm: 29.36517694236995
PROGRESS    Completed epoch 1549 / 2000;    current loss: 0.27280813455581665
INFO Gradient norm: 41.608405464321926
PROGRESS    Completed epoch 1550 / 2000;    current loss: 0.2777724862098694
INFO Gradient norm: 57.65282058691161
PROGRESS    Completed epoch 1551 / 2000;    current loss: 0.2873002886772156
INFO Gradient norm: 30.390970579311816
PROGRESS    Completed epoch 1552 / 2000;    current loss: 0.2730601727962494
INFO Gradient norm: 40.33639699452743
PROGRESS    Completed epoch 1553 / 2000;    current loss: 0.27620309591293335
INFO Gradient norm: 58.70140308180794
PROGRESS    Completed epoch 1554 / 2000;    current loss: 0.2854376435279846
INFO Gradient norm: 25.06700076101202
PROGRESS    Completed epoch 1555 / 2000;    current loss: 0.27140697836875916
INFO Gradient norm: 43.30601341510202
PROGRESS    Completed epoch 1556 / 2000;    current loss: 0.278513640165329
INFO Gradient norm: 57.67344804502229
PROGRESS    Completed epoch 1557 / 2000;    current loss: 0.2871934771537781
INFO Gradient norm: 29.521197516989034
PROGRESS    Completed epoch 1558 / 2000;    current loss: 0.27250197529792786
INFO Gradient norm: 41.95538295993019
PROGRESS    Completed epoch 1559 / 2000;    current loss: 0.2768135964870453
INFO Gradient norm: 61.049747306331454
PROGRESS    Completed epoch 1560 / 2000;    current loss: 0.28626182675361633
INFO Gradient norm: 27.784968175641907
PROGRESS    Completed epoch 1561 / 2000;    current loss: 0.27151837944984436
INFO Gradient norm: 40.88092347659545
PROGRESS    Completed epoch 1562 / 2000;    current loss: 0.2765883505344391
INFO Gradient norm: 55.49067757663868
PROGRESS    Completed epoch 1563 / 2000;    current loss: 0.28480562567710876
INFO Gradient norm: 27.21908569293957
PROGRESS    Completed epoch 1564 / 2000;    current loss: 0.27103134989738464
INFO Gradient norm: 44.218331093991246
PROGRESS    Completed epoch 1565 / 2000;    current loss: 0.27708837389945984
INFO Gradient norm: 63.004210847782645
PROGRESS    Completed epoch 1566 / 2000;    current loss: 0.2867719829082489
INFO Gradient norm: 29.39235535146504
PROGRESS    Completed epoch 1567 / 2000;    current loss: 0.27142104506492615
INFO Gradient norm: 39.51296130327013
PROGRESS    Completed epoch 1568 / 2000;    current loss: 0.2753176689147949
INFO Gradient norm: 54.597858785224425
PROGRESS    Completed epoch 1569 / 2000;    current loss: 0.2837061583995819
INFO Gradient norm: 26.844790311809977
PROGRESS    Completed epoch 1570 / 2000;    current loss: 0.27028489112854004
INFO Gradient norm: 43.59325324457578
PROGRESS    Completed epoch 1571 / 2000;    current loss: 0.2762839198112488
INFO Gradient norm: 61.8146933909233
PROGRESS    Completed epoch 1572 / 2000;    current loss: 0.28555867075920105
INFO Gradient norm: 28.17441832625776
PROGRESS    Completed epoch 1573 / 2000;    current loss: 0.2705322206020355
INFO Gradient norm: 40.30649754735067
PROGRESS    Completed epoch 1574 / 2000;    current loss: 0.27517169713974
INFO Gradient norm: 55.25225785128439
PROGRESS    Completed epoch 1575 / 2000;    current loss: 0.28367024660110474
INFO Gradient norm: 25.164920968784667
PROGRESS    Completed epoch 1576 / 2000;    current loss: 0.26949745416641235
INFO Gradient norm: 47.09000767394935
PROGRESS    Completed epoch 1577 / 2000;    current loss: 0.27768951654434204
INFO Gradient norm: 66.8105574663481
PROGRESS    Completed epoch 1578 / 2000;    current loss: 0.28866636753082275
INFO Gradient norm: 33.98352176014671
PROGRESS    Completed epoch 1579 / 2000;    current loss: 0.2726220190525055
INFO Gradient norm: 34.20595946855955
PROGRESS    Completed epoch 1580 / 2000;    current loss: 0.27307265996932983
INFO Gradient norm: 49.414796588493445
PROGRESS    Completed epoch 1581 / 2000;    current loss: 0.2807454764842987
INFO Gradient norm: 22.602784507365655
PROGRESS    Completed epoch 1582 / 2000;    current loss: 0.2693648636341095
INFO Gradient norm: 44.97847147515184
PROGRESS    Completed epoch 1583 / 2000;    current loss: 0.27731555700302124
INFO Gradient norm: 61.0504566248856
PROGRESS    Completed epoch 1584 / 2000;    current loss: 0.2858920395374298
INFO Gradient norm: 26.82732691469959
PROGRESS    Completed epoch 1585 / 2000;    current loss: 0.2707522213459015
INFO Gradient norm: 40.03536616481773
PROGRESS    Completed epoch 1586 / 2000;    current loss: 0.2758508026599884
INFO Gradient norm: 55.02896989642663
PROGRESS    Completed epoch 1587 / 2000;    current loss: 0.2846603989601135
INFO Gradient norm: 29.147285037936296
PROGRESS    Completed epoch 1588 / 2000;    current loss: 0.2714075446128845
INFO Gradient norm: 37.26643527904652
PROGRESS    Completed epoch 1589 / 2000;    current loss: 0.2743743062019348
INFO Gradient norm: 54.751577513035706
PROGRESS    Completed epoch 1590 / 2000;    current loss: 0.28272467851638794
INFO Gradient norm: 23.2758399494402
PROGRESS    Completed epoch 1591 / 2000;    current loss: 0.2698899805545807
INFO Gradient norm: 40.367857204355005
PROGRESS    Completed epoch 1592 / 2000;    current loss: 0.27607980370521545
INFO Gradient norm: 53.602861866125814
PROGRESS    Completed epoch 1593 / 2000;    current loss: 0.2837701439857483
INFO Gradient norm: 26.8424842864076
PROGRESS    Completed epoch 1594 / 2000;    current loss: 0.27051278948783875
INFO Gradient norm: 39.800314767850445
PROGRESS    Completed epoch 1595 / 2000;    current loss: 0.2752295136451721
INFO Gradient norm: 57.48045249095248
PROGRESS    Completed epoch 1596 / 2000;    current loss: 0.2839196026325226
INFO Gradient norm: 26.35774016933274
PROGRESS    Completed epoch 1597 / 2000;    current loss: 0.2701816260814667
INFO Gradient norm: 37.40052593648419
PROGRESS    Completed epoch 1598 / 2000;    current loss: 0.2740764617919922
INFO Gradient norm: 51.14956468313109
PROGRESS    Completed epoch 1599 / 2000;    current loss: 0.28153368830680847
INFO Gradient norm: 24.81696174962606
PROGRESS    Completed epoch 1600 / 2000;    current loss: 0.2692372500896454
INFO Gradient norm: 41.03325742699514
PROGRESS    Completed epoch 1601 / 2000;    current loss: 0.2750757932662964
INFO Gradient norm: 58.061338476056704
PROGRESS    Completed epoch 1602 / 2000;    current loss: 0.28366854786872864
INFO Gradient norm: 26.551158522611413
PROGRESS    Completed epoch 1603 / 2000;    current loss: 0.26968950033187866
INFO Gradient norm: 37.23941558241032
PROGRESS    Completed epoch 1604 / 2000;    current loss: 0.27341312170028687
INFO Gradient norm: 51.315507649927106
PROGRESS    Completed epoch 1605 / 2000;    current loss: 0.2811067998409271
INFO Gradient norm: 25.658503221855124
PROGRESS    Completed epoch 1606 / 2000;    current loss: 0.2690035104751587
INFO Gradient norm: 39.34642017123835
PROGRESS    Completed epoch 1607 / 2000;    current loss: 0.2738943099975586
INFO Gradient norm: 56.139429032813396
PROGRESS    Completed epoch 1608 / 2000;    current loss: 0.28210458159446716
INFO Gradient norm: 25.024411260718136
PROGRESS    Completed epoch 1609 / 2000;    current loss: 0.26882413029670715
INFO Gradient norm: 37.96698788423589
PROGRESS    Completed epoch 1610 / 2000;    current loss: 0.2734256982803345
INFO Gradient norm: 51.6622362595345
PROGRESS    Completed epoch 1611 / 2000;    current loss: 0.2810346484184265
INFO Gradient norm: 25.85803208240012
PROGRESS    Completed epoch 1612 / 2000;    current loss: 0.2686692774295807
INFO Gradient norm: 39.039747032283515
PROGRESS    Completed epoch 1613 / 2000;    current loss: 0.27345144748687744
INFO Gradient norm: 56.0097031056514
PROGRESS    Completed epoch 1614 / 2000;    current loss: 0.2817396819591522
INFO Gradient norm: 24.99157924659616
PROGRESS    Completed epoch 1615 / 2000;    current loss: 0.26825281977653503
INFO Gradient norm: 37.55150407308003
PROGRESS    Completed epoch 1616 / 2000;    current loss: 0.2727128267288208
INFO Gradient norm: 51.14170214389865
PROGRESS    Completed epoch 1617 / 2000;    current loss: 0.28007757663726807
INFO Gradient norm: 23.241856779488867
PROGRESS    Completed epoch 1618 / 2000;    current loss: 0.2675706744194031
INFO Gradient norm: 43.5151744048436
PROGRESS    Completed epoch 1619 / 2000;    current loss: 0.2752639949321747
INFO Gradient norm: 61.923024106520806
PROGRESS    Completed epoch 1620 / 2000;    current loss: 0.28534868359565735
INFO Gradient norm: 32.32152562887014
PROGRESS    Completed epoch 1621 / 2000;    current loss: 0.27081629633903503
INFO Gradient norm: 30.7612699361446
PROGRESS    Completed epoch 1622 / 2000;    current loss: 0.27022403478622437
INFO Gradient norm: 45.12729550770247
PROGRESS    Completed epoch 1623 / 2000;    current loss: 0.27700871229171753
INFO Gradient norm: 20.104807922480873
PROGRESS    Completed epoch 1624 / 2000;    current loss: 0.2670312821865082
INFO Gradient norm: 42.813961292391255
PROGRESS    Completed epoch 1625 / 2000;    current loss: 0.27512261271476746
INFO Gradient norm: 57.88433222773819
PROGRESS    Completed epoch 1626 / 2000;    current loss: 0.28297746181488037
INFO Gradient norm: 26.222084061581192
PROGRESS    Completed epoch 1627 / 2000;    current loss: 0.268919438123703
INFO Gradient norm: 37.072473026674075
PROGRESS    Completed epoch 1628 / 2000;    current loss: 0.2729482352733612
INFO Gradient norm: 51.770784474614956
PROGRESS    Completed epoch 1629 / 2000;    current loss: 0.2811773419380188
INFO Gradient norm: 27.49804351979524
PROGRESS    Completed epoch 1630 / 2000;    current loss: 0.26908284425735474
INFO Gradient norm: 35.10173177677945
PROGRESS    Completed epoch 1631 / 2000;    current loss: 0.2717250883579254
INFO Gradient norm: 51.50365218863704
PROGRESS    Completed epoch 1632 / 2000;    current loss: 0.2791863977909088
INFO Gradient norm: 22.022395499661034
PROGRESS    Completed epoch 1633 / 2000;    current loss: 0.2675711214542389
INFO Gradient norm: 38.721472000888575
PROGRESS    Completed epoch 1634 / 2000;    current loss: 0.2735653221607208
INFO Gradient norm: 51.67112722082563
PROGRESS    Completed epoch 1635 / 2000;    current loss: 0.2808730900287628
INFO Gradient norm: 25.855104494962323
PROGRESS    Completed epoch 1636 / 2000;    current loss: 0.26846063137054443
INFO Gradient norm: 37.333132487895845
PROGRESS    Completed epoch 1637 / 2000;    current loss: 0.27213773131370544
INFO Gradient norm: 54.379116030402095
PROGRESS    Completed epoch 1638 / 2000;    current loss: 0.2801627814769745
INFO Gradient norm: 25.411276428972126
PROGRESS    Completed epoch 1639 / 2000;    current loss: 0.267805278301239
INFO Gradient norm: 35.4290726129515
PROGRESS    Completed epoch 1640 / 2000;    current loss: 0.2714667022228241
INFO Gradient norm: 48.72075439349577
PROGRESS    Completed epoch 1641 / 2000;    current loss: 0.27842164039611816
INFO Gradient norm: 23.57820303402603
PROGRESS    Completed epoch 1642 / 2000;    current loss: 0.267063707113266
INFO Gradient norm: 39.26027390972774
PROGRESS    Completed epoch 1643 / 2000;    current loss: 0.27235502004623413
INFO Gradient norm: 55.68183596310221
PROGRESS    Completed epoch 1644 / 2000;    current loss: 0.2804190516471863
INFO Gradient norm: 26.209316090407167
PROGRESS    Completed epoch 1645 / 2000;    current loss: 0.26759085059165955
INFO Gradient norm: 34.89088211216214
PROGRESS    Completed epoch 1646 / 2000;    current loss: 0.2707531154155731
INFO Gradient norm: 48.590686387467734
PROGRESS    Completed epoch 1647 / 2000;    current loss: 0.2778557240962982
INFO Gradient norm: 24.065547138409677
PROGRESS    Completed epoch 1648 / 2000;    current loss: 0.2666912078857422
INFO Gradient norm: 37.89601959264072
PROGRESS    Completed epoch 1649 / 2000;    current loss: 0.27131572365760803
INFO Gradient norm: 53.89931898702317
PROGRESS    Completed epoch 1650 / 2000;    current loss: 0.27892443537712097
INFO Gradient norm: 24.619392000378767
PROGRESS    Completed epoch 1651 / 2000;    current loss: 0.26663321256637573
INFO Gradient norm: 35.81603280398908
PROGRESS    Completed epoch 1652 / 2000;    current loss: 0.27062684297561646
INFO Gradient norm: 48.641997478850804
PROGRESS    Completed epoch 1653 / 2000;    current loss: 0.2774614095687866
INFO Gradient norm: 21.724897132342505
PROGRESS    Completed epoch 1654 / 2000;    current loss: 0.2657584249973297
INFO Gradient norm: 41.84613779362345
PROGRESS    Completed epoch 1655 / 2000;    current loss: 0.27278661727905273
INFO Gradient norm: 59.16750307212167
PROGRESS    Completed epoch 1656 / 2000;    current loss: 0.2819831371307373
INFO Gradient norm: 30.503788164832116
PROGRESS    Completed epoch 1657 / 2000;    current loss: 0.2685657739639282
INFO Gradient norm: 29.672465426301343
PROGRESS    Completed epoch 1658 / 2000;    current loss: 0.268576979637146
INFO Gradient norm: 43.53460757809455
PROGRESS    Completed epoch 1659 / 2000;    current loss: 0.2750312089920044
INFO Gradient norm: 20.02736823297187
PROGRESS    Completed epoch 1660 / 2000;    current loss: 0.26568201184272766
INFO Gradient norm: 38.846054158223616
PROGRESS    Completed epoch 1661 / 2000;    current loss: 0.2720305621623993
INFO Gradient norm: 52.68573438371454
PROGRESS    Completed epoch 1662 / 2000;    current loss: 0.27885204553604126
INFO Gradient norm: 22.792237723180715
PROGRESS    Completed epoch 1663 / 2000;    current loss: 0.2666322588920593
INFO Gradient norm: 35.98111890044664
PROGRESS    Completed epoch 1664 / 2000;    current loss: 0.27131354808807373
INFO Gradient norm: 49.282830966958194
PROGRESS    Completed epoch 1665 / 2000;    current loss: 0.27870360016822815
INFO Gradient norm: 26.188038841956065
PROGRESS    Completed epoch 1666 / 2000;    current loss: 0.26756805181503296
INFO Gradient norm: 32.34158458757108
PROGRESS    Completed epoch 1667 / 2000;    current loss: 0.26978737115859985
INFO Gradient norm: 47.39423586637963
PROGRESS    Completed epoch 1668 / 2000;    current loss: 0.27622556686401367
INFO Gradient norm: 20.117105556364997
PROGRESS    Completed epoch 1669 / 2000;    current loss: 0.2657458186149597
INFO Gradient norm: 35.7838637184929
PROGRESS    Completed epoch 1670 / 2000;    current loss: 0.2710418105125427
INFO Gradient norm: 47.53456396276517
PROGRESS    Completed epoch 1671 / 2000;    current loss: 0.27740779519081116
INFO Gradient norm: 23.399004431873717
PROGRESS    Completed epoch 1672 / 2000;    current loss: 0.26627448201179504
INFO Gradient norm: 35.75317196234695
PROGRESS    Completed epoch 1673 / 2000;    current loss: 0.2705402970314026
INFO Gradient norm: 51.72140194755654
PROGRESS    Completed epoch 1674 / 2000;    current loss: 0.2781522572040558
INFO Gradient norm: 24.698249242074933
PROGRESS    Completed epoch 1675 / 2000;    current loss: 0.266593337059021
INFO Gradient norm: 31.809166422586145
PROGRESS    Completed epoch 1676 / 2000;    current loss: 0.2689172625541687
INFO Gradient norm: 44.341203315341026
PROGRESS    Completed epoch 1677 / 2000;    current loss: 0.2750771939754486
INFO Gradient norm: 21.12622012910672
PROGRESS    Completed epoch 1678 / 2000;    current loss: 0.2651868462562561
INFO Gradient norm: 36.51095995706276
PROGRESS    Completed epoch 1679 / 2000;    current loss: 0.2703973054885864
INFO Gradient norm: 51.105689807634896
PROGRESS    Completed epoch 1680 / 2000;    current loss: 0.27737972140312195
INFO Gradient norm: 23.317861943106504
PROGRESS    Completed epoch 1681 / 2000;    current loss: 0.2657244801521301
INFO Gradient norm: 33.14601326597366
PROGRESS    Completed epoch 1682 / 2000;    current loss: 0.26900514960289
INFO Gradient norm: 45.92364017973913
PROGRESS    Completed epoch 1683 / 2000;    current loss: 0.2755746841430664
INFO Gradient norm: 23.26597904596705
PROGRESS    Completed epoch 1684 / 2000;    current loss: 0.2652895748615265
INFO Gradient norm: 33.740748311876594
PROGRESS    Completed epoch 1685 / 2000;    current loss: 0.26880526542663574
INFO Gradient norm: 48.56930472031062
PROGRESS    Completed epoch 1686 / 2000;    current loss: 0.27549663186073303
INFO Gradient norm: 21.65615512575185
PROGRESS    Completed epoch 1687 / 2000;    current loss: 0.2647351920604706
INFO Gradient norm: 33.57150512395301
PROGRESS    Completed epoch 1688 / 2000;    current loss: 0.26867812871932983
INFO Gradient norm: 45.70017920852606
PROGRESS    Completed epoch 1689 / 2000;    current loss: 0.2748994529247284
INFO Gradient norm: 22.72045162125722
PROGRESS    Completed epoch 1690 / 2000;    current loss: 0.26443421840667725
INFO Gradient norm: 34.440382767537336
PROGRESS    Completed epoch 1691 / 2000;    current loss: 0.26858386397361755
INFO Gradient norm: 49.49889795133764
PROGRESS    Completed epoch 1692 / 2000;    current loss: 0.2755947411060333
INFO Gradient norm: 22.561469331491754
PROGRESS    Completed epoch 1693 / 2000;    current loss: 0.26427537202835083
INFO Gradient norm: 31.569840936889744
PROGRESS    Completed epoch 1694 / 2000;    current loss: 0.26731711626052856
INFO Gradient norm: 37.493271482117365
PROGRESS    Completed epoch 1695 / 2000;    current loss: 0.2705938220024109
INFO Gradient norm: 9.001330005090177
PROGRESS    Completed epoch 1696 / 2000;    current loss: 0.26269230246543884
INFO Gradient norm: 46.001232556055264
PROGRESS    Completed epoch 1697 / 2000;    current loss: 0.27496108412742615
INFO Gradient norm: 57.59617147152752
PROGRESS    Completed epoch 1698 / 2000;    current loss: 0.28186583518981934
INFO Gradient norm: 27.887236447321886
PROGRESS    Completed epoch 1699 / 2000;    current loss: 0.2677822411060333
INFO Gradient norm: 30.26969850468173
PROGRESS    Completed epoch 1700 / 2000;    current loss: 0.26893970370292664
INFO Gradient norm: 45.22651888553796
PROGRESS    Completed epoch 1701 / 2000;    current loss: 0.27667850255966187
INFO Gradient norm: 25.400784870981337
PROGRESS    Completed epoch 1702 / 2000;    current loss: 0.26746898889541626
INFO Gradient norm: 27.803503011240597
PROGRESS    Completed epoch 1703 / 2000;    current loss: 0.2682189345359802
INFO Gradient norm: 41.03744075693514
PROGRESS    Completed epoch 1704 / 2000;    current loss: 0.27349960803985596
INFO Gradient norm: 15.174212150746003
PROGRESS    Completed epoch 1705 / 2000;    current loss: 0.2650027275085449
INFO Gradient norm: 36.959175822032584
PROGRESS    Completed epoch 1706 / 2000;    current loss: 0.2723562717437744
INFO Gradient norm: 47.685830997418684
PROGRESS    Completed epoch 1707 / 2000;    current loss: 0.27855485677719116
INFO Gradient norm: 24.5686639325067
PROGRESS    Completed epoch 1708 / 2000;    current loss: 0.26708748936653137
INFO Gradient norm: 32.140906739614984
PROGRESS    Completed epoch 1709 / 2000;    current loss: 0.269827663898468
INFO Gradient norm: 47.790024905141244
PROGRESS    Completed epoch 1710 / 2000;    current loss: 0.27680471539497375
INFO Gradient norm: 23.512099598654196
PROGRESS    Completed epoch 1711 / 2000;    current loss: 0.26663774251937866
INFO Gradient norm: 29.316748229447334
PROGRESS    Completed epoch 1712 / 2000;    current loss: 0.26870325207710266
INFO Gradient norm: 40.87826225298842
PROGRESS    Completed epoch 1713 / 2000;    current loss: 0.274094820022583
INFO Gradient norm: 18.395002186802557
PROGRESS    Completed epoch 1714 / 2000;    current loss: 0.26519009470939636
INFO Gradient norm: 36.323792444984576
PROGRESS    Completed epoch 1715 / 2000;    current loss: 0.2710004448890686
INFO Gradient norm: 50.14520216764122
PROGRESS    Completed epoch 1716 / 2000;    current loss: 0.2777259647846222
INFO Gradient norm: 24.127138945230065
PROGRESS    Completed epoch 1717 / 2000;    current loss: 0.26651760935783386
INFO Gradient norm: 29.9116197569109
PROGRESS    Completed epoch 1718 / 2000;    current loss: 0.26853325963020325
INFO Gradient norm: 42.615302871211426
PROGRESS    Completed epoch 1719 / 2000;    current loss: 0.27468180656433105
INFO Gradient norm: 21.49000781161802
PROGRESS    Completed epoch 1720 / 2000;    current loss: 0.2654848098754883
INFO Gradient norm: 32.00571480483513
PROGRESS    Completed epoch 1721 / 2000;    current loss: 0.26881542801856995
INFO Gradient norm: 45.68399848291467
PROGRESS    Completed epoch 1722 / 2000;    current loss: 0.27489176392555237
INFO Gradient norm: 20.30297627367019
PROGRESS    Completed epoch 1723 / 2000;    current loss: 0.2649860084056854
INFO Gradient norm: 32.276321985297116
PROGRESS    Completed epoch 1724 / 2000;    current loss: 0.2689540386199951
INFO Gradient norm: 44.0693240995436
PROGRESS    Completed epoch 1725 / 2000;    current loss: 0.2749939560890198
INFO Gradient norm: 22.42687900939495
PROGRESS    Completed epoch 1726 / 2000;    current loss: 0.265168696641922
INFO Gradient norm: 31.482996872571725
PROGRESS    Completed epoch 1727 / 2000;    current loss: 0.2680601179599762
INFO Gradient norm: 45.80795937237729
PROGRESS    Completed epoch 1728 / 2000;    current loss: 0.27429571747779846
INFO Gradient norm: 21.269481487694616
PROGRESS    Completed epoch 1729 / 2000;    current loss: 0.2644679546356201
INFO Gradient norm: 30.603654400516632
PROGRESS    Completed epoch 1730 / 2000;    current loss: 0.26756536960601807
INFO Gradient norm: 42.18705330925027
PROGRESS    Completed epoch 1731 / 2000;    current loss: 0.27314987778663635
INFO Gradient norm: 20.64165385960672
PROGRESS    Completed epoch 1732 / 2000;    current loss: 0.2638024389743805
INFO Gradient norm: 32.99693876864119
PROGRESS    Completed epoch 1733 / 2000;    current loss: 0.26795458793640137
INFO Gradient norm: 46.67459613903893
PROGRESS    Completed epoch 1734 / 2000;    current loss: 0.2740507423877716
INFO Gradient norm: 21.95141880003112
PROGRESS    Completed epoch 1735 / 2000;    current loss: 0.26420727372169495
INFO Gradient norm: 30.18005795523455
PROGRESS    Completed epoch 1736 / 2000;    current loss: 0.26688262820243835
INFO Gradient norm: 42.1433423811965
PROGRESS    Completed epoch 1737 / 2000;    current loss: 0.27266111969947815
INFO Gradient norm: 21.209072776929588
PROGRESS    Completed epoch 1738 / 2000;    current loss: 0.2634958326816559
INFO Gradient norm: 31.670585729463006
PROGRESS    Completed epoch 1739 / 2000;    current loss: 0.26696380972862244
INFO Gradient norm: 45.43966613801547
PROGRESS    Completed epoch 1740 / 2000;    current loss: 0.2730453908443451
INFO Gradient norm: 20.856737490171323
PROGRESS    Completed epoch 1741 / 2000;    current loss: 0.2633777856826782
INFO Gradient norm: 30.664281578153524
PROGRESS    Completed epoch 1742 / 2000;    current loss: 0.26651227474212646
INFO Gradient norm: 42.316466923812825
PROGRESS    Completed epoch 1743 / 2000;    current loss: 0.2721829116344452
INFO Gradient norm: 21.137862525210295
PROGRESS    Completed epoch 1744 / 2000;    current loss: 0.2630578577518463
INFO Gradient norm: 31.4976167068673
PROGRESS    Completed epoch 1745 / 2000;    current loss: 0.26627033948898315
INFO Gradient norm: 45.38098795484245
PROGRESS    Completed epoch 1746 / 2000;    current loss: 0.27238720655441284
INFO Gradient norm: 21.15539872988913
PROGRESS    Completed epoch 1747 / 2000;    current loss: 0.2628209590911865
INFO Gradient norm: 29.97911469015937
PROGRESS    Completed epoch 1748 / 2000;    current loss: 0.2656066417694092
INFO Gradient norm: 41.52822518433101
PROGRESS    Completed epoch 1749 / 2000;    current loss: 0.27107807993888855
INFO Gradient norm: 20.497591322237046
PROGRESS    Completed epoch 1750 / 2000;    current loss: 0.2622092068195343
INFO Gradient norm: 31.59020947235165
PROGRESS    Completed epoch 1751 / 2000;    current loss: 0.26553985476493835
INFO Gradient norm: 45.19186076023039
PROGRESS    Completed epoch 1752 / 2000;    current loss: 0.2714008688926697
INFO Gradient norm: 21.17885942784325
PROGRESS    Completed epoch 1753 / 2000;    current loss: 0.2620447874069214
INFO Gradient norm: 29.36317879017805
PROGRESS    Completed epoch 1754 / 2000;    current loss: 0.264689564704895
INFO Gradient norm: 41.09355084604283
PROGRESS    Completed epoch 1755 / 2000;    current loss: 0.27017655968666077
INFO Gradient norm: 20.353681062467697
PROGRESS    Completed epoch 1756 / 2000;    current loss: 0.26152709126472473
INFO Gradient norm: 31.014242304596053
PROGRESS    Completed epoch 1757 / 2000;    current loss: 0.264798641204834
INFO Gradient norm: 44.22120116164673
PROGRESS    Completed epoch 1758 / 2000;    current loss: 0.27044615149497986
INFO Gradient norm: 20.111765492382045
PROGRESS    Completed epoch 1759 / 2000;    current loss: 0.2611081004142761
INFO Gradient norm: 30.12387748759982
PROGRESS    Completed epoch 1760 / 2000;    current loss: 0.26420313119888306
INFO Gradient norm: 41.542548074001154
PROGRESS    Completed epoch 1761 / 2000;    current loss: 0.26976659893989563
INFO Gradient norm: 20.83193542727879
PROGRESS    Completed epoch 1762 / 2000;    current loss: 0.2609201967716217
INFO Gradient norm: 30.716883361075826
PROGRESS    Completed epoch 1763 / 2000;    current loss: 0.26406973600387573
INFO Gradient norm: 44.534485544872446
PROGRESS    Completed epoch 1764 / 2000;    current loss: 0.2701168954372406
INFO Gradient norm: 21.046393365330427
PROGRESS    Completed epoch 1765 / 2000;    current loss: 0.2609422504901886
INFO Gradient norm: 29.0182921253842
PROGRESS    Completed epoch 1766 / 2000;    current loss: 0.26338765025138855
INFO Gradient norm: 40.542903796690936
PROGRESS    Completed epoch 1767 / 2000;    current loss: 0.26872771978378296
INFO Gradient norm: 20.15279673096475
PROGRESS    Completed epoch 1768 / 2000;    current loss: 0.26027634739875793
INFO Gradient norm: 30.670998477852034
PROGRESS    Completed epoch 1769 / 2000;    current loss: 0.2635155916213989
INFO Gradient norm: 43.95001004434454
PROGRESS    Completed epoch 1770 / 2000;    current loss: 0.2692396342754364
INFO Gradient norm: 20.30645699978611
PROGRESS    Completed epoch 1771 / 2000;    current loss: 0.26009637117385864
INFO Gradient norm: 29.231782664037524
PROGRESS    Completed epoch 1772 / 2000;    current loss: 0.26286745071411133
INFO Gradient norm: 40.518630345230385
PROGRESS    Completed epoch 1773 / 2000;    current loss: 0.2681446671485901
INFO Gradient norm: 19.888728746755845
PROGRESS    Completed epoch 1774 / 2000;    current loss: 0.25970467925071716
INFO Gradient norm: 30.18627897847511
PROGRESS    Completed epoch 1775 / 2000;    current loss: 0.2627865970134735
INFO Gradient norm: 43.15958514502067
PROGRESS    Completed epoch 1776 / 2000;    current loss: 0.26817938685417175
INFO Gradient norm: 19.684688779944352
PROGRESS    Completed epoch 1777 / 2000;    current loss: 0.2595253884792328
INFO Gradient norm: 26.732358125942437
PROGRESS    Completed epoch 1778 / 2000;    current loss: 0.2618072032928467
INFO Gradient norm: 31.951412751526547
PROGRESS    Completed epoch 1779 / 2000;    current loss: 0.2644633948802948
INFO Gradient norm: 6.5664349719580954
PROGRESS    Completed epoch 1780 / 2000;    current loss: 0.25842687487602234
INFO Gradient norm: 39.836031659335674
PROGRESS    Completed epoch 1781 / 2000;    current loss: 0.2680142819881439
INFO Gradient norm: 47.8922464987822
PROGRESS    Completed epoch 1782 / 2000;    current loss: 0.27228644490242004
INFO Gradient norm: 20.041814423121767
PROGRESS    Completed epoch 1783 / 2000;    current loss: 0.26127690076828003
INFO Gradient norm: 31.56833566693402
PROGRESS    Completed epoch 1784 / 2000;    current loss: 0.26544642448425293
INFO Gradient norm: 45.05193455627346
PROGRESS    Completed epoch 1785 / 2000;    current loss: 0.27283674478530884
INFO Gradient norm: 27.663805829965884
PROGRESS    Completed epoch 1786 / 2000;    current loss: 0.2639496624469757
INFO Gradient norm: 19.13960436142177
PROGRESS    Completed epoch 1787 / 2000;    current loss: 0.26121726632118225
INFO Gradient norm: 32.28304194176007
PROGRESS    Completed epoch 1788 / 2000;    current loss: 0.265321284532547
INFO Gradient norm: 11.554148431213209
PROGRESS    Completed epoch 1789 / 2000;    current loss: 0.2595932185649872
INFO Gradient norm: 31.62180756984611
PROGRESS    Completed epoch 1790 / 2000;    current loss: 0.2652895152568817
INFO Gradient norm: 39.14537735684323
PROGRESS    Completed epoch 1791 / 2000;    current loss: 0.2689448595046997
INFO Gradient norm: 16.797117510302336
PROGRESS    Completed epoch 1792 / 2000;    current loss: 0.2600742280483246
INFO Gradient norm: 33.557925055245214
PROGRESS    Completed epoch 1793 / 2000;    current loss: 0.26529592275619507
INFO Gradient norm: 47.759919028508804
PROGRESS    Completed epoch 1794 / 2000;    current loss: 0.27218759059906006
INFO Gradient norm: 26.231907479761833
PROGRESS    Completed epoch 1795 / 2000;    current loss: 0.2624187767505646
INFO Gradient norm: 20.93559682769003
PROGRESS    Completed epoch 1796 / 2000;    current loss: 0.26066523790359497
INFO Gradient norm: 32.531180381073064
PROGRESS    Completed epoch 1797 / 2000;    current loss: 0.2649180293083191
INFO Gradient norm: 14.30284658116506
PROGRESS    Completed epoch 1798 / 2000;    current loss: 0.25901877880096436
INFO Gradient norm: 30.64132922372372
PROGRESS    Completed epoch 1799 / 2000;    current loss: 0.26391077041625977
INFO Gradient norm: 40.0181356075243
PROGRESS    Completed epoch 1800 / 2000;    current loss: 0.2679356038570404
INFO Gradient norm: 16.184039584465545
PROGRESS    Completed epoch 1801 / 2000;    current loss: 0.259419322013855
INFO Gradient norm: 30.14876305060738
PROGRESS    Completed epoch 1802 / 2000;    current loss: 0.26360344886779785
INFO Gradient norm: 41.13114696183698
PROGRESS    Completed epoch 1803 / 2000;    current loss: 0.26919496059417725
INFO Gradient norm: 22.90596734391012
PROGRESS    Completed epoch 1804 / 2000;    current loss: 0.26076462864875793
INFO Gradient norm: 23.131758629300084
PROGRESS    Completed epoch 1805 / 2000;    current loss: 0.2609190046787262
INFO Gradient norm: 36.119896814707296
PROGRESS    Completed epoch 1806 / 2000;    current loss: 0.2657294273376465
INFO Gradient norm: 15.963166294451913
PROGRESS    Completed epoch 1807 / 2000;    current loss: 0.2588270306587219
INFO Gradient norm: 27.320024349913766
PROGRESS    Completed epoch 1808 / 2000;    current loss: 0.26186317205429077
INFO Gradient norm: 36.25935653887231
PROGRESS    Completed epoch 1809 / 2000;    current loss: 0.2657891511917114
INFO Gradient norm: 16.321561119287153
PROGRESS    Completed epoch 1810 / 2000;    current loss: 0.25826191902160645
INFO Gradient norm: 30.46610108445025
PROGRESS    Completed epoch 1811 / 2000;    current loss: 0.26264727115631104
INFO Gradient norm: 42.91387942118924
PROGRESS    Completed epoch 1812 / 2000;    current loss: 0.2682088613510132
INFO Gradient norm: 21.511643674832396
PROGRESS    Completed epoch 1813 / 2000;    current loss: 0.2594102621078491
INFO Gradient norm: 23.89726888510138
PROGRESS    Completed epoch 1814 / 2000;    current loss: 0.25991174578666687
INFO Gradient norm: 34.80176802537002
PROGRESS    Completed epoch 1815 / 2000;    current loss: 0.26434847712516785
INFO Gradient norm: 16.81777740758242
PROGRESS    Completed epoch 1816 / 2000;    current loss: 0.25771039724349976
INFO Gradient norm: 27.84451380024208
PROGRESS    Completed epoch 1817 / 2000;    current loss: 0.26095908880233765
INFO Gradient norm: 38.83735898799521
PROGRESS    Completed epoch 1818 / 2000;    current loss: 0.26554498076438904
INFO Gradient norm: 16.98138491188249
PROGRESS    Completed epoch 1819 / 2000;    current loss: 0.2576693892478943
INFO Gradient norm: 27.484566031374886
PROGRESS    Completed epoch 1820 / 2000;    current loss: 0.2606325149536133
INFO Gradient norm: 37.6486956564294
PROGRESS    Completed epoch 1821 / 2000;    current loss: 0.2653335928916931
INFO Gradient norm: 19.1165777516054
PROGRESS    Completed epoch 1822 / 2000;    current loss: 0.25766777992248535
INFO Gradient norm: 25.703073127922757
PROGRESS    Completed epoch 1823 / 2000;    current loss: 0.2596780061721802
INFO Gradient norm: 37.615933708247084
PROGRESS    Completed epoch 1824 / 2000;    current loss: 0.26431047916412354
INFO Gradient norm: 17.001447704711012
PROGRESS    Completed epoch 1825 / 2000;    current loss: 0.25699546933174133
INFO Gradient norm: 26.437727246712466
PROGRESS    Completed epoch 1826 / 2000;    current loss: 0.25963345170021057
INFO Gradient norm: 36.07688850410663
PROGRESS    Completed epoch 1827 / 2000;    current loss: 0.2638634443283081
INFO Gradient norm: 17.337014744409906
PROGRESS    Completed epoch 1828 / 2000;    current loss: 0.2566233277320862
INFO Gradient norm: 27.813613530511493
PROGRESS    Completed epoch 1829 / 2000;    current loss: 0.25972679257392883
INFO Gradient norm: 39.799463036976114
PROGRESS    Completed epoch 1830 / 2000;    current loss: 0.2647393047809601
INFO Gradient norm: 19.06429959695605
PROGRESS    Completed epoch 1831 / 2000;    current loss: 0.25688275694847107
INFO Gradient norm: 24.731994892229785
PROGRESS    Completed epoch 1832 / 2000;    current loss: 0.2584175169467926
INFO Gradient norm: 34.91512952489985
PROGRESS    Completed epoch 1833 / 2000;    current loss: 0.2626590132713318
INFO Gradient norm: 16.93682758373041
PROGRESS    Completed epoch 1834 / 2000;    current loss: 0.2559238076210022
INFO Gradient norm: 27.116465285186223
PROGRESS    Completed epoch 1835 / 2000;    current loss: 0.25888997316360474
INFO Gradient norm: 38.40546626236444
PROGRESS    Completed epoch 1836 / 2000;    current loss: 0.2634845972061157
INFO Gradient norm: 17.5473957294683
PROGRESS    Completed epoch 1837 / 2000;    current loss: 0.2558908462524414
INFO Gradient norm: 25.714400146994894
PROGRESS    Completed epoch 1838 / 2000;    current loss: 0.25812333822250366
INFO Gradient norm: 35.70451433015897
PROGRESS    Completed epoch 1839 / 2000;    current loss: 0.2624514102935791
INFO Gradient norm: 17.827593910800033
PROGRESS    Completed epoch 1840 / 2000;    current loss: 0.2554565370082855
INFO Gradient norm: 25.98848444982904
PROGRESS    Completed epoch 1841 / 2000;    current loss: 0.2578367292881012
INFO Gradient norm: 37.58239050340695
PROGRESS    Completed epoch 1842 / 2000;    current loss: 0.2624486982822418
INFO Gradient norm: 17.341367208990984
PROGRESS    Completed epoch 1843 / 2000;    current loss: 0.255194753408432
INFO Gradient norm: 22.23057147457212
PROGRESS    Completed epoch 1844 / 2000;    current loss: 0.25648701190948486
INFO Gradient norm: 26.58333936171205
PROGRESS    Completed epoch 1845 / 2000;    current loss: 0.25851768255233765
INFO Gradient norm: 3.7471476231897816
PROGRESS    Completed epoch 1846 / 2000;    current loss: 0.25412723422050476
INFO Gradient norm: 33.251409858472165
PROGRESS    Completed epoch 1847 / 2000;    current loss: 0.2617200016975403
INFO Gradient norm: 36.93204583203157
PROGRESS    Completed epoch 1848 / 2000;    current loss: 0.2633618116378784
INFO Gradient norm: 10.359695657823599
PROGRESS    Completed epoch 1849 / 2000;    current loss: 0.25512760877609253
INFO Gradient norm: 34.86210023863106
PROGRESS    Completed epoch 1850 / 2000;    current loss: 0.26309171319007874
INFO Gradient norm: 46.59303108244333
PROGRESS    Completed epoch 1851 / 2000;    current loss: 0.27036553621292114
INFO Gradient norm: 30.704545502023542
PROGRESS    Completed epoch 1852 / 2000;    current loss: 0.26110029220581055
INFO Gradient norm: 11.753915565545297
PROGRESS    Completed epoch 1853 / 2000;    current loss: 0.2553442120552063
INFO Gradient norm: 26.063466732864345
PROGRESS    Completed epoch 1854 / 2000;    current loss: 0.25887998938560486
INFO Gradient norm: 10.367664362015962
PROGRESS    Completed epoch 1855 / 2000;    current loss: 0.255002498626709
INFO Gradient norm: 26.20565074647531
PROGRESS    Completed epoch 1856 / 2000;    current loss: 0.25896239280700684
INFO Gradient norm: 31.346440021391167
PROGRESS    Completed epoch 1857 / 2000;    current loss: 0.26109910011291504
INFO Gradient norm: 9.590764940750732
PROGRESS    Completed epoch 1858 / 2000;    current loss: 0.2544451653957367
INFO Gradient norm: 33.92932659790657
PROGRESS    Completed epoch 1859 / 2000;    current loss: 0.2613045573234558
INFO Gradient norm: 44.46226650071018
PROGRESS    Completed epoch 1860 / 2000;    current loss: 0.26635342836380005
INFO Gradient norm: 23.156434803873314
PROGRESS    Completed epoch 1861 / 2000;    current loss: 0.25698599219322205
INFO Gradient norm: 21.307746257542316
PROGRESS    Completed epoch 1862 / 2000;    current loss: 0.25631585717201233
INFO Gradient norm: 33.029576243960626
PROGRESS    Completed epoch 1863 / 2000;    current loss: 0.26081424951553345
INFO Gradient norm: 17.229215510088785
PROGRESS    Completed epoch 1864 / 2000;    current loss: 0.25491631031036377
INFO Gradient norm: 23.963686271321045
PROGRESS    Completed epoch 1865 / 2000;    current loss: 0.25670573115348816
INFO Gradient norm: 33.87511897389608
PROGRESS    Completed epoch 1866 / 2000;    current loss: 0.2603132426738739
INFO Gradient norm: 13.43828869038605
PROGRESS    Completed epoch 1867 / 2000;    current loss: 0.2538178265094757
INFO Gradient norm: 27.85754427283954
PROGRESS    Completed epoch 1868 / 2000;    current loss: 0.25780192017555237
INFO Gradient norm: 37.0249171795584
PROGRESS    Completed epoch 1869 / 2000;    current loss: 0.2620631158351898
INFO Gradient norm: 19.192457655025333
PROGRESS    Completed epoch 1870 / 2000;    current loss: 0.25461670756340027
INFO Gradient norm: 24.15564841274917
PROGRESS    Completed epoch 1871 / 2000;    current loss: 0.2560042142868042
INFO Gradient norm: 36.404613941667584
PROGRESS    Completed epoch 1872 / 2000;    current loss: 0.2606985569000244
INFO Gradient norm: 17.85796757963118
PROGRESS    Completed epoch 1873 / 2000;    current loss: 0.2539880573749542
INFO Gradient norm: 23.093079708023733
PROGRESS    Completed epoch 1874 / 2000;    current loss: 0.25529059767723083
INFO Gradient norm: 32.31604094340297
PROGRESS    Completed epoch 1875 / 2000;    current loss: 0.2588903605937958
INFO Gradient norm: 14.685339856353533
PROGRESS    Completed epoch 1876 / 2000;    current loss: 0.2527954578399658
INFO Gradient norm: 27.45408603862166
PROGRESS    Completed epoch 1877 / 2000;    current loss: 0.25638750195503235
INFO Gradient norm: 38.14605330952167
PROGRESS    Completed epoch 1878 / 2000;    current loss: 0.26080819964408875
INFO Gradient norm: 18.228706547637312
PROGRESS    Completed epoch 1879 / 2000;    current loss: 0.2533777356147766
INFO Gradient norm: 23.7008412424121
PROGRESS    Completed epoch 1880 / 2000;    current loss: 0.2548249661922455
INFO Gradient norm: 33.849147333682325
PROGRESS    Completed epoch 1881 / 2000;    current loss: 0.2589911222457886
INFO Gradient norm: 17.222203031620722
PROGRESS    Completed epoch 1882 / 2000;    current loss: 0.25271692872047424
INFO Gradient norm: 24.230843138336088
PROGRESS    Completed epoch 1883 / 2000;    current loss: 0.2546481490135193
INFO Gradient norm: 35.103995791474645
PROGRESS    Completed epoch 1884 / 2000;    current loss: 0.2587060034275055
INFO Gradient norm: 15.830192601813078
PROGRESS    Completed epoch 1885 / 2000;    current loss: 0.2521418035030365
INFO Gradient norm: 24.867234482590828
PROGRESS    Completed epoch 1886 / 2000;    current loss: 0.25458642840385437
INFO Gradient norm: 34.03130130146448
PROGRESS    Completed epoch 1887 / 2000;    current loss: 0.2584339380264282
INFO Gradient norm: 17.020430289558377
PROGRESS    Completed epoch 1888 / 2000;    current loss: 0.25211387872695923
INFO Gradient norm: 24.50282925787032
PROGRESS    Completed epoch 1889 / 2000;    current loss: 0.25409379601478577
INFO Gradient norm: 35.519145391884216
PROGRESS    Completed epoch 1890 / 2000;    current loss: 0.25830715894699097
INFO Gradient norm: 16.724549366019918
PROGRESS    Completed epoch 1891 / 2000;    current loss: 0.2517644762992859
INFO Gradient norm: 20.78070458549524
PROGRESS    Completed epoch 1892 / 2000;    current loss: 0.2529429495334625
INFO Gradient norm: 25.008564380006398
PROGRESS    Completed epoch 1893 / 2000;    current loss: 0.25480198860168457
INFO Gradient norm: 4.11159227098943
PROGRESS    Completed epoch 1894 / 2000;    current loss: 0.25080716609954834
INFO Gradient norm: 31.568866554203744
PROGRESS    Completed epoch 1895 / 2000;    current loss: 0.25750213861465454
INFO Gradient norm: 36.26513931429788
PROGRESS    Completed epoch 1896 / 2000;    current loss: 0.2596520781517029
INFO Gradient norm: 12.441677410440416
PROGRESS    Completed epoch 1897 / 2000;    current loss: 0.252096951007843
INFO Gradient norm: 29.649876680748914
PROGRESS    Completed epoch 1898 / 2000;    current loss: 0.2574666738510132
INFO Gradient norm: 40.684964659351614
PROGRESS    Completed epoch 1899 / 2000;    current loss: 0.2634381651878357
INFO Gradient norm: 25.984159835453337
PROGRESS    Completed epoch 1900 / 2000;    current loss: 0.25591766834259033
INFO Gradient norm: 13.002623791066693
PROGRESS    Completed epoch 1901 / 2000;    current loss: 0.25214630365371704
INFO Gradient norm: 25.622134226696637
PROGRESS    Completed epoch 1902 / 2000;    current loss: 0.2553565800189972
INFO Gradient norm: 10.535325982243497
PROGRESS    Completed epoch 1903 / 2000;    current loss: 0.2516383230686188
INFO Gradient norm: 23.798128125053516
PROGRESS    Completed epoch 1904 / 2000;    current loss: 0.2547706067562103
INFO Gradient norm: 29.326318157035182
PROGRESS    Completed epoch 1905 / 2000;    current loss: 0.25685638189315796
INFO Gradient norm: 10.061795212572635
PROGRESS    Completed epoch 1906 / 2000;    current loss: 0.2511054277420044
INFO Gradient norm: 29.66351936627769
PROGRESS    Completed epoch 1907 / 2000;    current loss: 0.25634336471557617
INFO Gradient norm: 39.558861435828014
PROGRESS    Completed epoch 1908 / 2000;    current loss: 0.2606278955936432
INFO Gradient norm: 20.366460042503505
PROGRESS    Completed epoch 1909 / 2000;    current loss: 0.252868115901947
INFO Gradient norm: 19.52270584329924
PROGRESS    Completed epoch 1910 / 2000;    current loss: 0.2524442672729492
INFO Gradient norm: 30.00339718634812
PROGRESS    Completed epoch 1911 / 2000;    current loss: 0.2562043368816376
INFO Gradient norm: 15.57586553814463
PROGRESS    Completed epoch 1912 / 2000;    current loss: 0.2511875629425049
INFO Gradient norm: 21.43351556547112
PROGRESS    Completed epoch 1913 / 2000;    current loss: 0.2527684271335602
INFO Gradient norm: 30.48533797014816
PROGRESS    Completed epoch 1914 / 2000;    current loss: 0.2559070587158203
INFO Gradient norm: 12.261527639026474
PROGRESS    Completed epoch 1915 / 2000;    current loss: 0.25037363171577454
INFO Gradient norm: 24.609607336589583
PROGRESS    Completed epoch 1916 / 2000;    current loss: 0.25339213013648987
INFO Gradient norm: 32.7279940335123
PROGRESS    Completed epoch 1917 / 2000;    current loss: 0.2568071484565735
INFO Gradient norm: 16.42192743119593
PROGRESS    Completed epoch 1918 / 2000;    current loss: 0.2506207227706909
INFO Gradient norm: 22.483506195726683
PROGRESS    Completed epoch 1919 / 2000;    current loss: 0.25229960680007935
INFO Gradient norm: 33.30071567785877
PROGRESS    Completed epoch 1920 / 2000;    current loss: 0.2564496397972107
INFO Gradient norm: 16.54764679577036
PROGRESS    Completed epoch 1921 / 2000;    current loss: 0.2505660355091095
INFO Gradient norm: 20.268066533854785
PROGRESS    Completed epoch 1922 / 2000;    current loss: 0.2512449324131012
INFO Gradient norm: 28.825287059730766
PROGRESS    Completed epoch 1923 / 2000;    current loss: 0.25428590178489685
INFO Gradient norm: 13.248789947584223
PROGRESS    Completed epoch 1924 / 2000;    current loss: 0.24927377700805664
INFO Gradient norm: 23.9829806327873
PROGRESS    Completed epoch 1925 / 2000;    current loss: 0.25215330719947815
INFO Gradient norm: 33.254979174328916
PROGRESS    Completed epoch 1926 / 2000;    current loss: 0.25564810633659363
INFO Gradient norm: 15.280940894032849
PROGRESS    Completed epoch 1927 / 2000;    current loss: 0.2493991106748581
INFO Gradient norm: 22.10048292518245
PROGRESS    Completed epoch 1928 / 2000;    current loss: 0.25101274251937866
INFO Gradient norm: 31.09115088166759
PROGRESS    Completed epoch 1929 / 2000;    current loss: 0.2545391023159027
INFO Gradient norm: 15.927593378286103
PROGRESS    Completed epoch 1930 / 2000;    current loss: 0.2490280568599701
INFO Gradient norm: 21.395774769400152
PROGRESS    Completed epoch 1931 / 2000;    current loss: 0.25048887729644775
INFO Gradient norm: 31.328775488993976
PROGRESS    Completed epoch 1932 / 2000;    current loss: 0.2540561258792877
INFO Gradient norm: 14.386839490641101
PROGRESS    Completed epoch 1933 / 2000;    current loss: 0.2485695779323578
INFO Gradient norm: 21.54926804044104
PROGRESS    Completed epoch 1934 / 2000;    current loss: 0.2502439022064209
INFO Gradient norm: 24.64326198289731
PROGRESS    Completed epoch 1935 / 2000;    current loss: 0.25170430541038513
INFO Gradient norm: 4.303984340555833
PROGRESS    Completed epoch 1936 / 2000;    current loss: 0.24770726263523102
INFO Gradient norm: 29.634543407363992
PROGRESS    Completed epoch 1937 / 2000;    current loss: 0.2539514899253845
INFO Gradient norm: 34.973834319945965
PROGRESS    Completed epoch 1938 / 2000;    current loss: 0.2562265396118164
INFO Gradient norm: 13.328715207073055
PROGRESS    Completed epoch 1939 / 2000;    current loss: 0.24913489818572998
INFO Gradient norm: 26.338756690944866
PROGRESS    Completed epoch 1940 / 2000;    current loss: 0.2530647814273834
INFO Gradient norm: 37.018699521234005
PROGRESS    Completed epoch 1941 / 2000;    current loss: 0.2584238350391388
INFO Gradient norm: 23.38148516132492
PROGRESS    Completed epoch 1942 / 2000;    current loss: 0.25199177861213684
INFO Gradient norm: 13.149984365680954
PROGRESS    Completed epoch 1943 / 2000;    current loss: 0.24917718768119812
INFO Gradient norm: 24.476740281423574
PROGRESS    Completed epoch 1944 / 2000;    current loss: 0.2521258294582367
INFO Gradient norm: 9.895344027981045
PROGRESS    Completed epoch 1945 / 2000;    current loss: 0.24852895736694336
INFO Gradient norm: 22.7355897127932
PROGRESS    Completed epoch 1946 / 2000;    current loss: 0.25156494975090027
INFO Gradient norm: 28.035610719599806
PROGRESS    Completed epoch 1947 / 2000;    current loss: 0.25354620814323425
INFO Gradient norm: 9.898065019463003
PROGRESS    Completed epoch 1948 / 2000;    current loss: 0.24829699099063873
INFO Gradient norm: 27.531702462985695
PROGRESS    Completed epoch 1949 / 2000;    current loss: 0.25273680686950684
INFO Gradient norm: 36.81154274882238
PROGRESS    Completed epoch 1950 / 2000;    current loss: 0.2567203938961029
INFO Gradient norm: 19.136236605713123
PROGRESS    Completed epoch 1951 / 2000;    current loss: 0.24981307983398438
INFO Gradient norm: 18.432419152149212
PROGRESS    Completed epoch 1952 / 2000;    current loss: 0.24951182305812836
INFO Gradient norm: 28.363134738863373
PROGRESS    Completed epoch 1953 / 2000;    current loss: 0.2529750466346741
INFO Gradient norm: 14.620394496320511
PROGRESS    Completed epoch 1954 / 2000;    current loss: 0.24833276867866516
INFO Gradient norm: 20.469091956665668
PROGRESS    Completed epoch 1955 / 2000;    current loss: 0.24976208806037903
INFO Gradient norm: 29.037916285715454
PROGRESS    Completed epoch 1956 / 2000;    current loss: 0.2526331841945648
INFO Gradient norm: 11.826584811632321
PROGRESS    Completed epoch 1957 / 2000;    current loss: 0.2475455105304718
INFO Gradient norm: 23.292972306232183
PROGRESS    Completed epoch 1958 / 2000;    current loss: 0.25036370754241943
INFO Gradient norm: 31.128433171635677
PROGRESS    Completed epoch 1959 / 2000;    current loss: 0.2535676956176758
INFO Gradient norm: 15.705039052749
PROGRESS    Completed epoch 1960 / 2000;    current loss: 0.24785147607326508
INFO Gradient norm: 21.037635826324394
PROGRESS    Completed epoch 1961 / 2000;    current loss: 0.24921385943889618
INFO Gradient norm: 31.343372416607338
PROGRESS    Completed epoch 1962 / 2000;    current loss: 0.252874493598938
INFO Gradient norm: 15.59944215144403
PROGRESS    Completed epoch 1963 / 2000;    current loss: 0.24752956628799438
INFO Gradient norm: 19.276034595861272
PROGRESS    Completed epoch 1964 / 2000;    current loss: 0.24827075004577637
INFO Gradient norm: 27.40099156416407
PROGRESS    Completed epoch 1965 / 2000;    current loss: 0.2510744035243988
INFO Gradient norm: 12.506929543230829
PROGRESS    Completed epoch 1966 / 2000;    current loss: 0.24638362228870392
INFO Gradient norm: 22.696552467881077
PROGRESS    Completed epoch 1967 / 2000;    current loss: 0.24903333187103271
INFO Gradient norm: 31.467228736354976
PROGRESS    Completed epoch 1968 / 2000;    current loss: 0.25230053067207336
INFO Gradient norm: 14.498983712268638
PROGRESS    Completed epoch 1969 / 2000;    current loss: 0.2466500848531723
INFO Gradient norm: 20.921151512589315
PROGRESS    Completed epoch 1970 / 2000;    current loss: 0.24804820120334625
INFO Gradient norm: 29.57772207421281
PROGRESS    Completed epoch 1971 / 2000;    current loss: 0.2513487637042999
INFO Gradient norm: 15.279491211177044
PROGRESS    Completed epoch 1972 / 2000;    current loss: 0.24635322391986847
INFO Gradient norm: 19.98299246043233
PROGRESS    Completed epoch 1973 / 2000;    current loss: 0.24757319688796997
INFO Gradient norm: 29.328739274151413
PROGRESS    Completed epoch 1974 / 2000;    current loss: 0.25067898631095886
INFO Gradient norm: 13.440307890036712
PROGRESS    Completed epoch 1975 / 2000;    current loss: 0.24565215408802032
INFO Gradient norm: 20.73361426244237
PROGRESS    Completed epoch 1976 / 2000;    current loss: 0.2473563849925995
INFO Gradient norm: 28.52948937422206
PROGRESS    Completed epoch 1977 / 2000;    current loss: 0.2502244710922241
INFO Gradient norm: 13.659643429535084
PROGRESS    Completed epoch 1978 / 2000;    current loss: 0.24526825547218323
INFO Gradient norm: 21.610444444569445
PROGRESS    Completed epoch 1979 / 2000;    current loss: 0.24727971851825714
INFO Gradient norm: 30.995762741889834
PROGRESS    Completed epoch 1980 / 2000;    current loss: 0.25064516067504883
INFO Gradient norm: 15.060476302924659
PROGRESS    Completed epoch 1981 / 2000;    current loss: 0.245341956615448
INFO Gradient norm: 19.326826383272756
PROGRESS    Completed epoch 1982 / 2000;    current loss: 0.24626538157463074
INFO Gradient norm: 22.764201590785962
PROGRESS    Completed epoch 1983 / 2000;    current loss: 0.2477649599313736
INFO Gradient norm: 4.701431622445754
PROGRESS    Completed epoch 1984 / 2000;    current loss: 0.24423417448997498
INFO Gradient norm: 26.562921271044857
PROGRESS    Completed epoch 1985 / 2000;    current loss: 0.24945168197155
INFO Gradient norm: 31.917991260408492
PROGRESS    Completed epoch 1986 / 2000;    current loss: 0.25177544355392456
INFO Gradient norm: 12.862699498159117
PROGRESS    Completed epoch 1987 / 2000;    current loss: 0.24580101668834686
INFO Gradient norm: 22.696011161595003
PROGRESS    Completed epoch 1988 / 2000;    current loss: 0.2485780417919159
INFO Gradient norm: 32.197694900380384
PROGRESS    Completed epoch 1989 / 2000;    current loss: 0.25282609462738037
INFO Gradient norm: 19.726273321562743
PROGRESS    Completed epoch 1990 / 2000;    current loss: 0.24757783114910126
INFO Gradient norm: 13.030059437588111
PROGRESS    Completed epoch 1991 / 2000;    current loss: 0.24583527445793152
INFO Gradient norm: 23.085924340216014
PROGRESS    Completed epoch 1992 / 2000;    current loss: 0.24833109974861145
INFO Gradient norm: 9.764053714481456
PROGRESS    Completed epoch 1993 / 2000;    current loss: 0.24506708979606628
INFO Gradient norm: 19.8970158384275
PROGRESS    Completed epoch 1994 / 2000;    current loss: 0.24726997315883636
INFO Gradient norm: 25.152098241415867
PROGRESS    Completed epoch 1995 / 2000;    current loss: 0.24905936419963837
INFO Gradient norm: 9.267165930318026
PROGRESS    Completed epoch 1996 / 2000;    current loss: 0.24460859596729279
INFO Gradient norm: 23.740795260251726
PROGRESS    Completed epoch 1997 / 2000;    current loss: 0.24806393682956696
INFO Gradient norm: 31.894572343731753
PROGRESS    Completed epoch 1998 / 2000;    current loss: 0.25120672583580017
INFO Gradient norm: 15.915305172006018
PROGRESS    Completed epoch 1999 / 2000;    current loss: 0.24564258754253387
INFO Gradient norm: 17.302474966587706
PROGRESS    Completed epoch 2000 / 2000;    current loss: 0.24576278030872345
INFO    Saving model weights ...
INFO Model weights saved successfully to /home/hoang/utopya_output/Dengue/250605-150403/data/uni10/data_npc_checkpoint.pth
INFO    Simulation run finished.
INFO    Wrapping up ...
SUCCESS    All done.

---
end of log. exit code: 0

