Log of 'out' stream of WorkerTask 'uni09'
---

INFO    Using 'cpu' as training device. Number of threads: 10
INFO    Loading training data ...
INFO    Initializing the neural net ...
INFO    Initialized model 'Dengue'.
INFO    Now commencing training for 2000 epochs ...
INFO Gradient norm: 1392.0282599049062
PROGRESS    Completed epoch 1 / 2000;    current loss: 612.3154907226562
INFO Gradient norm: 1391.2962137866778
PROGRESS    Completed epoch 2 / 2000;    current loss: 611.7604370117188
INFO Gradient norm: 1390.5634298167179
PROGRESS    Completed epoch 3 / 2000;    current loss: 611.2052612304688
INFO Gradient norm: 1389.830183733309
PROGRESS    Completed epoch 4 / 2000;    current loss: 610.6497802734375
INFO Gradient norm: 1389.0946282838393
PROGRESS    Completed epoch 5 / 2000;    current loss: 610.0936889648438
INFO Gradient norm: 1388.3588191228857
PROGRESS    Completed epoch 6 / 2000;    current loss: 609.53662109375
INFO Gradient norm: 1387.6197375143229
PROGRESS    Completed epoch 7 / 2000;    current loss: 608.9783935546875
INFO Gradient norm: 1386.8784954372372
PROGRESS    Completed epoch 8 / 2000;    current loss: 608.4188232421875
INFO Gradient norm: 1386.1336620974985
PROGRESS    Completed epoch 9 / 2000;    current loss: 607.8571166992188
INFO Gradient norm: 1385.3860838416156
PROGRESS    Completed epoch 10 / 2000;    current loss: 607.29345703125
INFO Gradient norm: 1384.6343463097826
PROGRESS    Completed epoch 11 / 2000;    current loss: 606.7274169921875
INFO Gradient norm: 1383.8772081868676
PROGRESS    Completed epoch 12 / 2000;    current loss: 606.158447265625
INFO Gradient norm: 1383.1162580670184
PROGRESS    Completed epoch 13 / 2000;    current loss: 605.5866088867188
INFO Gradient norm: 1382.349903906157
PROGRESS    Completed epoch 14 / 2000;    current loss: 605.0115966796875
INFO Gradient norm: 1381.5774399035056
PROGRESS    Completed epoch 15 / 2000;    current loss: 604.4326782226562
INFO Gradient norm: 1380.798540876533
PROGRESS    Completed epoch 16 / 2000;    current loss: 603.8497314453125
INFO Gradient norm: 1380.012577726133
PROGRESS    Completed epoch 17 / 2000;    current loss: 603.2625122070312
INFO Gradient norm: 1379.2199128855746
PROGRESS    Completed epoch 18 / 2000;    current loss: 602.6709594726562
INFO Gradient norm: 1378.4196133270211
PROGRESS    Completed epoch 19 / 2000;    current loss: 602.0739135742188
INFO Gradient norm: 1377.6107993442681
PROGRESS    Completed epoch 20 / 2000;    current loss: 601.4725341796875
INFO Gradient norm: 1376.7929360696103
PROGRESS    Completed epoch 21 / 2000;    current loss: 600.8649291992188
INFO Gradient norm: 1375.9663796714271
PROGRESS    Completed epoch 22 / 2000;    current loss: 600.2521362304688
INFO Gradient norm: 1375.1292120940427
PROGRESS    Completed epoch 23 / 2000;    current loss: 599.6325073242188
INFO Gradient norm: 1374.2823009103236
PROGRESS    Completed epoch 24 / 2000;    current loss: 599.0069580078125
INFO Gradient norm: 1373.4243786742093
PROGRESS    Completed epoch 25 / 2000;    current loss: 598.3744506835938
INFO Gradient norm: 1372.5555361150607
PROGRESS    Completed epoch 26 / 2000;    current loss: 597.7349853515625
INFO Gradient norm: 1371.674631584802
PROGRESS    Completed epoch 27 / 2000;    current loss: 597.0885009765625
INFO Gradient norm: 1370.7810140693612
PROGRESS    Completed epoch 28 / 2000;    current loss: 596.4342041015625
INFO Gradient norm: 1369.8748997934158
PROGRESS    Completed epoch 29 / 2000;    current loss: 595.771728515625
INFO Gradient norm: 1368.9544063451258
PROGRESS    Completed epoch 30 / 2000;    current loss: 595.1009521484375
INFO Gradient norm: 1368.0212985833898
PROGRESS    Completed epoch 31 / 2000;    current loss: 594.42236328125
INFO Gradient norm: 1367.0716414370233
PROGRESS    Completed epoch 32 / 2000;    current loss: 593.7342529296875
INFO Gradient norm: 1366.107668312564
PROGRESS    Completed epoch 33 / 2000;    current loss: 593.0374755859375
INFO Gradient norm: 1365.12747427822
PROGRESS    Completed epoch 34 / 2000;    current loss: 592.331298828125
INFO Gradient norm: 1364.130696954386
PROGRESS    Completed epoch 35 / 2000;    current loss: 591.6151733398438
INFO Gradient norm: 1363.1173018785998
PROGRESS    Completed epoch 36 / 2000;    current loss: 590.889404296875
INFO Gradient norm: 1362.0847903543956
PROGRESS    Completed epoch 37 / 2000;    current loss: 590.1531982421875
INFO Gradient norm: 1361.033245360051
PROGRESS    Completed epoch 38 / 2000;    current loss: 589.4063110351562
INFO Gradient norm: 1359.962662069291
PROGRESS    Completed epoch 39 / 2000;    current loss: 588.6489868164062
INFO Gradient norm: 1358.871921026843
PROGRESS    Completed epoch 40 / 2000;    current loss: 587.8805541992188
INFO Gradient norm: 1357.7603433209115
PROGRESS    Completed epoch 41 / 2000;    current loss: 587.1007080078125
INFO Gradient norm: 1356.626304532561
PROGRESS    Completed epoch 42 / 2000;    current loss: 586.3089599609375
INFO Gradient norm: 1355.4697094936353
PROGRESS    Completed epoch 43 / 2000;    current loss: 585.5057373046875
INFO Gradient norm: 1354.2908954773038
PROGRESS    Completed epoch 44 / 2000;    current loss: 584.6904296875
INFO Gradient norm: 1353.0858357481404
PROGRESS    Completed epoch 45 / 2000;    current loss: 583.8623046875
INFO Gradient norm: 1351.856186281198
PROGRESS    Completed epoch 46 / 2000;    current loss: 583.0215454101562
INFO Gradient norm: 1350.601014349553
PROGRESS    Completed epoch 47 / 2000;    current loss: 582.1681518554688
INFO Gradient norm: 1349.318369190296
PROGRESS    Completed epoch 48 / 2000;    current loss: 581.3013305664062
INFO Gradient norm: 1348.0078468468744
PROGRESS    Completed epoch 49 / 2000;    current loss: 580.4210205078125
INFO Gradient norm: 1346.6681106329663
PROGRESS    Completed epoch 50 / 2000;    current loss: 579.5272216796875
INFO Gradient norm: 1345.2991339580985
PROGRESS    Completed epoch 51 / 2000;    current loss: 578.6196899414062
INFO Gradient norm: 1343.897773390578
PROGRESS    Completed epoch 52 / 2000;    current loss: 577.6976318359375
INFO Gradient norm: 1342.4651875798763
PROGRESS    Completed epoch 53 / 2000;    current loss: 576.761474609375
INFO Gradient norm: 1340.9985063758527
PROGRESS    Completed epoch 54 / 2000;    current loss: 575.8106079101562
INFO Gradient norm: 1339.4982344623834
PROGRESS    Completed epoch 55 / 2000;    current loss: 574.8451538085938
INFO Gradient norm: 1337.9620153679152
PROGRESS    Completed epoch 56 / 2000;    current loss: 573.864501953125
INFO Gradient norm: 1336.3891214604464
PROGRESS    Completed epoch 57 / 2000;    current loss: 572.8687133789062
INFO Gradient norm: 1334.7775447708286
PROGRESS    Completed epoch 58 / 2000;    current loss: 571.857421875
INFO Gradient norm: 1333.1265573696508
PROGRESS    Completed epoch 59 / 2000;    current loss: 570.8301391601562
INFO Gradient norm: 1331.4345741606555
PROGRESS    Completed epoch 60 / 2000;    current loss: 569.7875366210938
INFO Gradient norm: 1329.7008579995445
PROGRESS    Completed epoch 61 / 2000;    current loss: 568.729248046875
INFO Gradient norm: 1327.9233180582555
PROGRESS    Completed epoch 62 / 2000;    current loss: 567.6541748046875
INFO Gradient norm: 1326.1006325138176
PROGRESS    Completed epoch 63 / 2000;    current loss: 566.5630493164062
INFO Gradient norm: 1324.231015809643
PROGRESS    Completed epoch 64 / 2000;    current loss: 565.4555053710938
INFO Gradient norm: 1322.3126906437521
PROGRESS    Completed epoch 65 / 2000;    current loss: 564.3313598632812
INFO Gradient norm: 1320.3450495770496
PROGRESS    Completed epoch 66 / 2000;    current loss: 563.1904296875
INFO Gradient norm: 1318.324864584551
PROGRESS    Completed epoch 67 / 2000;    current loss: 562.0324096679688
INFO Gradient norm: 1316.2514565860329
PROGRESS    Completed epoch 68 / 2000;    current loss: 560.8572998046875
INFO Gradient norm: 1314.1233923304915
PROGRESS    Completed epoch 69 / 2000;    current loss: 559.6653442382812
INFO Gradient norm: 1311.9387661348085
PROGRESS    Completed epoch 70 / 2000;    current loss: 558.4562377929688
INFO Gradient norm: 1309.7008298706003
PROGRESS    Completed epoch 71 / 2000;    current loss: 557.2298583984375
INFO Gradient norm: 1307.411713017495
PROGRESS    Completed epoch 72 / 2000;    current loss: 555.9859619140625
INFO Gradient norm: 1305.0772230400335
PROGRESS    Completed epoch 73 / 2000;    current loss: 554.7250366210938
INFO Gradient norm: 1302.6939547371123
PROGRESS    Completed epoch 74 / 2000;    current loss: 553.445556640625
INFO Gradient norm: 1300.2612623340835
PROGRESS    Completed epoch 75 / 2000;    current loss: 552.148681640625
INFO Gradient norm: 1297.777202270646
PROGRESS    Completed epoch 76 / 2000;    current loss: 550.8338012695312
INFO Gradient norm: 1295.2389798851896
PROGRESS    Completed epoch 77 / 2000;    current loss: 549.5010986328125
INFO Gradient norm: 1292.6442722804788
PROGRESS    Completed epoch 78 / 2000;    current loss: 548.150390625
INFO Gradient norm: 1289.9905968211233
PROGRESS    Completed epoch 79 / 2000;    current loss: 546.78125
INFO Gradient norm: 1287.2751578805041
PROGRESS    Completed epoch 80 / 2000;    current loss: 545.39404296875
INFO Gradient norm: 1284.4957918194918
PROGRESS    Completed epoch 81 / 2000;    current loss: 543.9888305664062
INFO Gradient norm: 1281.6486451239175
PROGRESS    Completed epoch 82 / 2000;    current loss: 542.565673828125
INFO Gradient norm: 1278.731051576661
PROGRESS    Completed epoch 83 / 2000;    current loss: 541.1238403320312
INFO Gradient norm: 1275.741338621782
PROGRESS    Completed epoch 84 / 2000;    current loss: 539.663818359375
INFO Gradient norm: 1272.6744813403502
PROGRESS    Completed epoch 85 / 2000;    current loss: 538.1854858398438
INFO Gradient norm: 1269.5296622074536
PROGRESS    Completed epoch 86 / 2000;    current loss: 536.6893920898438
INFO Gradient norm: 1266.3035193691753
PROGRESS    Completed epoch 87 / 2000;    current loss: 535.1748657226562
INFO Gradient norm: 1262.991986846724
PROGRESS    Completed epoch 88 / 2000;    current loss: 533.6422119140625
INFO Gradient norm: 1259.5941947546244
PROGRESS    Completed epoch 89 / 2000;    current loss: 532.092041015625
INFO Gradient norm: 1256.1053964294608
PROGRESS    Completed epoch 90 / 2000;    current loss: 530.5236206054688
INFO Gradient norm: 1252.5225462768233
PROGRESS    Completed epoch 91 / 2000;    current loss: 528.9374389648438
INFO Gradient norm: 1248.8448079528443
PROGRESS    Completed epoch 92 / 2000;    current loss: 527.3338623046875
INFO Gradient norm: 1245.068056893684
PROGRESS    Completed epoch 93 / 2000;    current loss: 525.712890625
INFO Gradient norm: 1241.1893076994459
PROGRESS    Completed epoch 94 / 2000;    current loss: 524.074462890625
INFO Gradient norm: 1237.2065976662186
PROGRESS    Completed epoch 95 / 2000;    current loss: 522.419189453125
INFO Gradient norm: 1233.1164718575635
PROGRESS    Completed epoch 96 / 2000;    current loss: 520.7470703125
INFO Gradient norm: 1228.9169673680833
PROGRESS    Completed epoch 97 / 2000;    current loss: 519.0580444335938
INFO Gradient norm: 1224.6062389910464
PROGRESS    Completed epoch 98 / 2000;    current loss: 517.352783203125
INFO Gradient norm: 1220.18165618993
PROGRESS    Completed epoch 99 / 2000;    current loss: 515.6315307617188
INFO Gradient norm: 1215.6398690220915
PROGRESS    Completed epoch 100 / 2000;    current loss: 513.8943481445312
INFO Gradient norm: 1210.9816024013016
PROGRESS    Completed epoch 101 / 2000;    current loss: 512.1414794921875
INFO Gradient norm: 1206.2033162282899
PROGRESS    Completed epoch 102 / 2000;    current loss: 510.3737487792969
INFO Gradient norm: 1201.305205393963
PROGRESS    Completed epoch 103 / 2000;    current loss: 508.5913391113281
INFO Gradient norm: 1196.2843799552752
PROGRESS    Completed epoch 104 / 2000;    current loss: 506.7941589355469
INFO Gradient norm: 1191.1416959315013
PROGRESS    Completed epoch 105 / 2000;    current loss: 504.98297119140625
INFO Gradient norm: 1185.8756350185874
PROGRESS    Completed epoch 106 / 2000;    current loss: 503.158203125
INFO Gradient norm: 1180.4864461353602
PROGRESS    Completed epoch 107 / 2000;    current loss: 501.3202209472656
INFO Gradient norm: 1174.973965520022
PROGRESS    Completed epoch 108 / 2000;    current loss: 499.4692077636719
INFO Gradient norm: 1169.339693846824
PROGRESS    Completed epoch 109 / 2000;    current loss: 497.6056213378906
INFO Gradient norm: 1163.5839794366534
PROGRESS    Completed epoch 110 / 2000;    current loss: 495.7306823730469
INFO Gradient norm: 1157.7099273521064
PROGRESS    Completed epoch 111 / 2000;    current loss: 493.8440856933594
INFO Gradient norm: 1151.7241123250842
PROGRESS    Completed epoch 112 / 2000;    current loss: 491.94659423828125
INFO Gradient norm: 1145.6360508034668
PROGRESS    Completed epoch 113 / 2000;    current loss: 490.0386962890625
INFO Gradient norm: 1139.453599817304
PROGRESS    Completed epoch 114 / 2000;    current loss: 488.12066650390625
INFO Gradient norm: 1133.1843249386613
PROGRESS    Completed epoch 115 / 2000;    current loss: 486.1942138671875
INFO Gradient norm: 1126.889850986428
PROGRESS    Completed epoch 116 / 2000;    current loss: 484.2611083984375
INFO Gradient norm: 1120.5072816381369
PROGRESS    Completed epoch 117 / 2000;    current loss: 482.3192138671875
INFO Gradient norm: 1114.040225758348
PROGRESS    Completed epoch 118 / 2000;    current loss: 480.36834716796875
INFO Gradient norm: 1107.4943810873124
PROGRESS    Completed epoch 119 / 2000;    current loss: 478.4090881347656
INFO Gradient norm: 1100.8733588495634
PROGRESS    Completed epoch 120 / 2000;    current loss: 476.4423828125
INFO Gradient norm: 1094.1833518050535
PROGRESS    Completed epoch 121 / 2000;    current loss: 474.4685363769531
INFO Gradient norm: 1087.4310787467102
PROGRESS    Completed epoch 122 / 2000;    current loss: 472.4881591796875
INFO Gradient norm: 1080.6236114531437
PROGRESS    Completed epoch 123 / 2000;    current loss: 470.50164794921875
INFO Gradient norm: 1073.7668879872335
PROGRESS    Completed epoch 124 / 2000;    current loss: 468.5089416503906
INFO Gradient norm: 1066.8737270947317
PROGRESS    Completed epoch 125 / 2000;    current loss: 466.51153564453125
INFO Gradient norm: 1059.9561037258236
PROGRESS    Completed epoch 126 / 2000;    current loss: 464.5094909667969
INFO Gradient norm: 1053.024555547915
PROGRESS    Completed epoch 127 / 2000;    current loss: 462.5031433105469
INFO Gradient norm: 1046.0887659292812
PROGRESS    Completed epoch 128 / 2000;    current loss: 460.4931640625
INFO Gradient norm: 1039.1574349266436
PROGRESS    Completed epoch 129 / 2000;    current loss: 458.4796142578125
INFO Gradient norm: 1032.2411957895588
PROGRESS    Completed epoch 130 / 2000;    current loss: 456.46319580078125
INFO Gradient norm: 1025.34918981176
PROGRESS    Completed epoch 131 / 2000;    current loss: 454.4443054199219
INFO Gradient norm: 1018.4937218574543
PROGRESS    Completed epoch 132 / 2000;    current loss: 452.4233093261719
INFO Gradient norm: 1011.6849214149656
PROGRESS    Completed epoch 133 / 2000;    current loss: 450.4003601074219
INFO Gradient norm: 1004.9352035172872
PROGRESS    Completed epoch 134 / 2000;    current loss: 448.37628173828125
INFO Gradient norm: 998.2571886256918
PROGRESS    Completed epoch 135 / 2000;    current loss: 446.35113525390625
INFO Gradient norm: 991.6598685127611
PROGRESS    Completed epoch 136 / 2000;    current loss: 444.32501220703125
INFO Gradient norm: 985.1557700237088
PROGRESS    Completed epoch 137 / 2000;    current loss: 442.29864501953125
INFO Gradient norm: 978.7527711145552
PROGRESS    Completed epoch 138 / 2000;    current loss: 440.27197265625
INFO Gradient norm: 972.4618830790838
PROGRESS    Completed epoch 139 / 2000;    current loss: 438.2454528808594
INFO Gradient norm: 966.285329504804
PROGRESS    Completed epoch 140 / 2000;    current loss: 436.2188415527344
INFO Gradient norm: 960.2362689780165
PROGRESS    Completed epoch 141 / 2000;    current loss: 434.19256591796875
INFO Gradient norm: 954.3197020707336
PROGRESS    Completed epoch 142 / 2000;    current loss: 432.16650390625
INFO Gradient norm: 948.5412294727303
PROGRESS    Completed epoch 143 / 2000;    current loss: 430.14154052734375
INFO Gradient norm: 942.9057295897189
PROGRESS    Completed epoch 144 / 2000;    current loss: 428.1169128417969
INFO Gradient norm: 937.4166432558898
PROGRESS    Completed epoch 145 / 2000;    current loss: 426.09320068359375
INFO Gradient norm: 932.0769190417734
PROGRESS    Completed epoch 146 / 2000;    current loss: 424.0702209472656
INFO Gradient norm: 926.8895075731873
PROGRESS    Completed epoch 147 / 2000;    current loss: 422.0482482910156
INFO Gradient norm: 921.8568848097258
PROGRESS    Completed epoch 148 / 2000;    current loss: 420.0275573730469
INFO Gradient norm: 916.9748745255276
PROGRESS    Completed epoch 149 / 2000;    current loss: 418.00732421875
INFO Gradient norm: 912.2467870618644
PROGRESS    Completed epoch 150 / 2000;    current loss: 415.9883728027344
INFO Gradient norm: 907.6679104649526
PROGRESS    Completed epoch 151 / 2000;    current loss: 413.97003173828125
INFO Gradient norm: 903.2369617985743
PROGRESS    Completed epoch 152 / 2000;    current loss: 411.9523620605469
INFO Gradient norm: 898.9517480423049
PROGRESS    Completed epoch 153 / 2000;    current loss: 409.935546875
INFO Gradient norm: 894.8103290589492
PROGRESS    Completed epoch 154 / 2000;    current loss: 407.9194030761719
INFO Gradient norm: 890.8180643880245
PROGRESS    Completed epoch 155 / 2000;    current loss: 405.9033203125
INFO Gradient norm: 886.9755730534663
PROGRESS    Completed epoch 156 / 2000;    current loss: 403.88775634765625
INFO Gradient norm: 883.2717352237261
PROGRESS    Completed epoch 157 / 2000;    current loss: 401.87164306640625
INFO Gradient norm: 879.6976141541822
PROGRESS    Completed epoch 158 / 2000;    current loss: 399.8545837402344
INFO Gradient norm: 876.2460019381399
PROGRESS    Completed epoch 159 / 2000;    current loss: 397.8356628417969
INFO Gradient norm: 872.9074119014084
PROGRESS    Completed epoch 160 / 2000;    current loss: 395.8150634765625
INFO Gradient norm: 869.6683076473875
PROGRESS    Completed epoch 161 / 2000;    current loss: 393.7915344238281
INFO Gradient norm: 866.5172935716415
PROGRESS    Completed epoch 162 / 2000;    current loss: 391.7646789550781
INFO Gradient norm: 863.4431153265896
PROGRESS    Completed epoch 163 / 2000;    current loss: 389.73382568359375
INFO Gradient norm: 860.4368701860021
PROGRESS    Completed epoch 164 / 2000;    current loss: 387.6986999511719
INFO Gradient norm: 857.4895651941767
PROGRESS    Completed epoch 165 / 2000;    current loss: 385.65875244140625
INFO Gradient norm: 854.5931600398249
PROGRESS    Completed epoch 166 / 2000;    current loss: 383.6140441894531
INFO Gradient norm: 851.7405074254218
PROGRESS    Completed epoch 167 / 2000;    current loss: 381.5640563964844
INFO Gradient norm: 848.9245305630498
PROGRESS    Completed epoch 168 / 2000;    current loss: 379.50848388671875
INFO Gradient norm: 846.1391032342982
PROGRESS    Completed epoch 169 / 2000;    current loss: 377.447021484375
INFO Gradient norm: 843.378941670024
PROGRESS    Completed epoch 170 / 2000;    current loss: 375.37945556640625
INFO Gradient norm: 840.6397894802313
PROGRESS    Completed epoch 171 / 2000;    current loss: 373.30596923828125
INFO Gradient norm: 837.9155424821129
PROGRESS    Completed epoch 172 / 2000;    current loss: 371.2259826660156
INFO Gradient norm: 835.2031276668885
PROGRESS    Completed epoch 173 / 2000;    current loss: 369.1399841308594
INFO Gradient norm: 835.4696318495195
PROGRESS    Completed epoch 174 / 2000;    current loss: 367.0706787109375
INFO Gradient norm: 832.970967909474
PROGRESS    Completed epoch 175 / 2000;    current loss: 365.05242919921875
INFO Gradient norm: 830.404514468678
PROGRESS    Completed epoch 176 / 2000;    current loss: 363.01043701171875
INFO Gradient norm: 827.7766231791934
PROGRESS    Completed epoch 177 / 2000;    current loss: 360.9458312988281
INFO Gradient norm: 825.0958389562694
PROGRESS    Completed epoch 178 / 2000;    current loss: 358.86114501953125
INFO Gradient norm: 822.3668365483826
PROGRESS    Completed epoch 179 / 2000;    current loss: 356.7568359375
INFO Gradient norm: 819.5971428015282
PROGRESS    Completed epoch 180 / 2000;    current loss: 354.6355285644531
INFO Gradient norm: 816.7919921875052
PROGRESS    Completed epoch 181 / 2000;    current loss: 352.4982604980469
INFO Gradient norm: 811.6879692413263
PROGRESS    Completed epoch 182 / 2000;    current loss: 350.38909912109375
INFO Gradient norm: 809.053773650103
PROGRESS    Completed epoch 183 / 2000;    current loss: 348.2862243652344
INFO Gradient norm: 806.4546716271582
PROGRESS    Completed epoch 184 / 2000;    current loss: 346.1708068847656
INFO Gradient norm: 803.7659726094994
PROGRESS    Completed epoch 185 / 2000;    current loss: 344.04351806640625
INFO Gradient norm: 801.039098324753
PROGRESS    Completed epoch 186 / 2000;    current loss: 341.9019470214844
INFO Gradient norm: 798.2724358759407
PROGRESS    Completed epoch 187 / 2000;    current loss: 339.7469177246094
INFO Gradient norm: 795.4672092494268
PROGRESS    Completed epoch 188 / 2000;    current loss: 337.57867431640625
INFO Gradient norm: 792.6276252351535
PROGRESS    Completed epoch 189 / 2000;    current loss: 335.3990173339844
INFO Gradient norm: 789.7543272606174
PROGRESS    Completed epoch 190 / 2000;    current loss: 333.2082824707031
INFO Gradient norm: 786.8489987677722
PROGRESS    Completed epoch 191 / 2000;    current loss: 331.00714111328125
INFO Gradient norm: 783.9125892976349
PROGRESS    Completed epoch 192 / 2000;    current loss: 328.7964172363281
INFO Gradient norm: 780.9469602011062
PROGRESS    Completed epoch 193 / 2000;    current loss: 326.5768127441406
INFO Gradient norm: 777.9509972804299
PROGRESS    Completed epoch 194 / 2000;    current loss: 324.34857177734375
INFO Gradient norm: 774.9326697390158
PROGRESS    Completed epoch 195 / 2000;    current loss: 322.11309814453125
INFO Gradient norm: 773.7015743502562
PROGRESS    Completed epoch 196 / 2000;    current loss: 319.8793640136719
INFO Gradient norm: 770.6305137811679
PROGRESS    Completed epoch 197 / 2000;    current loss: 317.6538391113281
INFO Gradient norm: 767.5628553352949
PROGRESS    Completed epoch 198 / 2000;    current loss: 315.4149475097656
INFO Gradient norm: 764.4456767113646
PROGRESS    Completed epoch 199 / 2000;    current loss: 313.1602478027344
INFO Gradient norm: 759.7100819997252
PROGRESS    Completed epoch 200 / 2000;    current loss: 310.9228820800781
INFO Gradient norm: 756.6244998926392
PROGRESS    Completed epoch 201 / 2000;    current loss: 308.67694091796875
INFO Gradient norm: 753.5031913400052
PROGRESS    Completed epoch 202 / 2000;    current loss: 306.4215087890625
INFO Gradient norm: 750.3470273906263
PROGRESS    Completed epoch 203 / 2000;    current loss: 304.1566162109375
INFO Gradient norm: 747.1583518306059
PROGRESS    Completed epoch 204 / 2000;    current loss: 301.88287353515625
INFO Gradient norm: 743.9395564381007
PROGRESS    Completed epoch 205 / 2000;    current loss: 299.6014404296875
INFO Gradient norm: 740.692437640585
PROGRESS    Completed epoch 206 / 2000;    current loss: 297.312744140625
INFO Gradient norm: 737.4184304697623
PROGRESS    Completed epoch 207 / 2000;    current loss: 295.01715087890625
INFO Gradient norm: 734.1191467127701
PROGRESS    Completed epoch 208 / 2000;    current loss: 292.71539306640625
INFO Gradient norm: 732.1935671021256
PROGRESS    Completed epoch 209 / 2000;    current loss: 290.4117431640625
INFO Gradient norm: 728.8489969273077
PROGRESS    Completed epoch 210 / 2000;    current loss: 288.1128845214844
INFO Gradient norm: 724.131738544475
PROGRESS    Completed epoch 211 / 2000;    current loss: 285.80438232421875
INFO Gradient norm: 720.769866588723
PROGRESS    Completed epoch 212 / 2000;    current loss: 283.49761962890625
INFO Gradient norm: 717.3815489994058
PROGRESS    Completed epoch 213 / 2000;    current loss: 281.18353271484375
INFO Gradient norm: 713.9689026343217
PROGRESS    Completed epoch 214 / 2000;    current loss: 278.8636169433594
INFO Gradient norm: 711.786947527852
PROGRESS    Completed epoch 215 / 2000;    current loss: 276.5475158691406
INFO Gradient norm: 708.302198453946
PROGRESS    Completed epoch 216 / 2000;    current loss: 274.2210388183594
INFO Gradient norm: 703.6241874525315
PROGRESS    Completed epoch 217 / 2000;    current loss: 271.89959716796875
INFO Gradient norm: 700.135747042127
PROGRESS    Completed epoch 218 / 2000;    current loss: 269.57537841796875
INFO Gradient norm: 696.6198604863301
PROGRESS    Completed epoch 219 / 2000;    current loss: 267.2455749511719
INFO Gradient norm: 693.0752908885335
PROGRESS    Completed epoch 220 / 2000;    current loss: 264.9103088378906
INFO Gradient norm: 689.5043579571587
PROGRESS    Completed epoch 221 / 2000;    current loss: 262.57073974609375
INFO Gradient norm: 685.906091918979
PROGRESS    Completed epoch 222 / 2000;    current loss: 260.22705078125
INFO Gradient norm: 682.2820907229527
PROGRESS    Completed epoch 223 / 2000;    current loss: 257.8800964355469
INFO Gradient norm: 679.6675705554379
PROGRESS    Completed epoch 224 / 2000;    current loss: 255.5384521484375
INFO Gradient norm: 675.9807409651011
PROGRESS    Completed epoch 225 / 2000;    current loss: 253.19442749023438
INFO Gradient norm: 671.292464840441
PROGRESS    Completed epoch 226 / 2000;    current loss: 250.84799194335938
INFO Gradient norm: 667.587564989346
PROGRESS    Completed epoch 227 / 2000;    current loss: 248.50564575195312
INFO Gradient norm: 663.8569248355926
PROGRESS    Completed epoch 228 / 2000;    current loss: 246.16058349609375
INFO Gradient norm: 660.1005966186482
PROGRESS    Completed epoch 229 / 2000;    current loss: 243.8122100830078
INFO Gradient norm: 656.3219679532131
PROGRESS    Completed epoch 230 / 2000;    current loss: 241.4625701904297
INFO Gradient norm: 653.3964565520447
PROGRESS    Completed epoch 231 / 2000;    current loss: 239.1181640625
INFO Gradient norm: 649.557678151803
PROGRESS    Completed epoch 232 / 2000;    current loss: 236.77066040039062
INFO Gradient norm: 644.8897718179076
PROGRESS    Completed epoch 233 / 2000;    current loss: 234.42755126953125
INFO Gradient norm: 641.0463425787938
PROGRESS    Completed epoch 234 / 2000;    current loss: 232.0862274169922
INFO Gradient norm: 637.180991251861
PROGRESS    Completed epoch 235 / 2000;    current loss: 229.7427215576172
INFO Gradient norm: 633.2945854207845
PROGRESS    Completed epoch 236 / 2000;    current loss: 227.39822387695312
INFO Gradient norm: 629.3873474810522
PROGRESS    Completed epoch 237 / 2000;    current loss: 225.052734375
INFO Gradient norm: 625.4575386575978
PROGRESS    Completed epoch 238 / 2000;    current loss: 222.7070770263672
INFO Gradient norm: 622.2167832547065
PROGRESS    Completed epoch 239 / 2000;    current loss: 220.36741638183594
INFO Gradient norm: 618.2323878908684
PROGRESS    Completed epoch 240 / 2000;    current loss: 218.02867126464844
INFO Gradient norm: 613.5692083673802
PROGRESS    Completed epoch 241 / 2000;    current loss: 215.69314575195312
INFO Gradient norm: 609.5677200447204
PROGRESS    Completed epoch 242 / 2000;    current loss: 213.3619384765625
INFO Gradient norm: 605.5417953460001
PROGRESS    Completed epoch 243 / 2000;    current loss: 211.03131103515625
INFO Gradient norm: 601.4899453682607
PROGRESS    Completed epoch 244 / 2000;    current loss: 208.70108032226562
INFO Gradient norm: 597.413416738274
PROGRESS    Completed epoch 245 / 2000;    current loss: 206.37254333496094
INFO Gradient norm: 593.8766173693143
PROGRESS    Completed epoch 246 / 2000;    current loss: 204.049560546875
INFO Gradient norm: 589.7344466818414
PROGRESS    Completed epoch 247 / 2000;    current loss: 201.7296142578125
INFO Gradient norm: 585.063045458053
PROGRESS    Completed epoch 248 / 2000;    current loss: 199.41851806640625
INFO Gradient norm: 580.9020990780068
PROGRESS    Completed epoch 249 / 2000;    current loss: 197.11016845703125
INFO Gradient norm: 576.7145249177136
PROGRESS    Completed epoch 250 / 2000;    current loss: 194.8041229248047
INFO Gradient norm: 572.5009234917336
PROGRESS    Completed epoch 251 / 2000;    current loss: 192.50094604492188
INFO Gradient norm: 568.2653042926391
PROGRESS    Completed epoch 252 / 2000;    current loss: 190.20150756835938
INFO Gradient norm: 564.0023902124598
PROGRESS    Completed epoch 253 / 2000;    current loss: 187.9063262939453
INFO Gradient norm: 560.1077346333585
PROGRESS    Completed epoch 254 / 2000;    current loss: 185.62083435058594
INFO Gradient norm: 555.7770880544767
PROGRESS    Completed epoch 255 / 2000;    current loss: 183.33946228027344
INFO Gradient norm: 551.0844460552725
PROGRESS    Completed epoch 256 / 2000;    current loss: 181.06350708007812
INFO Gradient norm: 546.7339317165579
PROGRESS    Completed epoch 257 / 2000;    current loss: 178.7962646484375
INFO Gradient norm: 542.3591895350737
PROGRESS    Completed epoch 258 / 2000;    current loss: 176.53431701660156
INFO Gradient norm: 537.959735098515
PROGRESS    Completed epoch 259 / 2000;    current loss: 174.27801513671875
INFO Gradient norm: 533.768755005229
PROGRESS    Completed epoch 260 / 2000;    current loss: 172.02854919433594
INFO Gradient norm: 529.0947637532759
PROGRESS    Completed epoch 261 / 2000;    current loss: 169.78802490234375
INFO Gradient norm: 524.6293792165648
PROGRESS    Completed epoch 262 / 2000;    current loss: 167.5543212890625
INFO Gradient norm: 520.2891284967083
PROGRESS    Completed epoch 263 / 2000;    current loss: 165.32815551757812
INFO Gradient norm: 515.6340903496896
PROGRESS    Completed epoch 264 / 2000;    current loss: 163.11077880859375
INFO Gradient norm: 511.1050154080206
PROGRESS    Completed epoch 265 / 2000;    current loss: 160.90142822265625
INFO Gradient norm: 506.5551974929471
PROGRESS    Completed epoch 266 / 2000;    current loss: 158.69992065429688
INFO Gradient norm: 502.0088052695116
PROGRESS    Completed epoch 267 / 2000;    current loss: 156.50746154785156
INFO Gradient norm: 497.7254830657329
PROGRESS    Completed epoch 268 / 2000;    current loss: 154.33056640625
INFO Gradient norm: 493.2921736145606
PROGRESS    Completed epoch 269 / 2000;    current loss: 152.18077087402344
INFO Gradient norm: 488.81872212387884
PROGRESS    Completed epoch 270 / 2000;    current loss: 150.03619384765625
INFO Gradient norm: 484.3065674223587
PROGRESS    Completed epoch 271 / 2000;    current loss: 147.89739990234375
INFO Gradient norm: 479.81329851056245
PROGRESS    Completed epoch 272 / 2000;    current loss: 145.7655792236328
INFO Gradient norm: 475.18126407372273
PROGRESS    Completed epoch 273 / 2000;    current loss: 143.6414337158203
INFO Gradient norm: 470.5784747089385
PROGRESS    Completed epoch 274 / 2000;    current loss: 141.52525329589844
INFO Gradient norm: 465.9574952445039
PROGRESS    Completed epoch 275 / 2000;    current loss: 139.41769409179688
INFO Gradient norm: 461.2622211049524
PROGRESS    Completed epoch 276 / 2000;    current loss: 137.3192138671875
INFO Gradient norm: 456.44058801861746
PROGRESS    Completed epoch 277 / 2000;    current loss: 135.23880004882812
INFO Gradient norm: 451.8925705344921
PROGRESS    Completed epoch 278 / 2000;    current loss: 133.1728515625
INFO Gradient norm: 447.3140219297411
PROGRESS    Completed epoch 279 / 2000;    current loss: 131.11505126953125
INFO Gradient norm: 442.7066254074342
PROGRESS    Completed epoch 280 / 2000;    current loss: 129.06631469726562
INFO Gradient norm: 438.0744106206052
PROGRESS    Completed epoch 281 / 2000;    current loss: 127.02667236328125
INFO Gradient norm: 433.44651028534275
PROGRESS    Completed epoch 282 / 2000;    current loss: 124.996826171875
INFO Gradient norm: 428.75881274531446
PROGRESS    Completed epoch 283 / 2000;    current loss: 122.97783660888672
INFO Gradient norm: 424.04399357897506
PROGRESS    Completed epoch 284 / 2000;    current loss: 120.96923065185547
INFO Gradient norm: 419.6004686039826
PROGRESS    Completed epoch 285 / 2000;    current loss: 118.97663879394531
INFO Gradient norm: 415.01606120084966
PROGRESS    Completed epoch 286 / 2000;    current loss: 116.99665832519531
INFO Gradient norm: 410.39933855368827
PROGRESS    Completed epoch 287 / 2000;    current loss: 115.02586364746094
INFO Gradient norm: 405.75096132079835
PROGRESS    Completed epoch 288 / 2000;    current loss: 113.06501770019531
INFO Gradient norm: 401.0778484179104
PROGRESS    Completed epoch 289 / 2000;    current loss: 111.1151123046875
INFO Gradient norm: 396.4183291879446
PROGRESS    Completed epoch 290 / 2000;    current loss: 109.18104553222656
INFO Gradient norm: 391.90699131994535
PROGRESS    Completed epoch 291 / 2000;    current loss: 107.25804138183594
INFO Gradient norm: 387.3794742082397
PROGRESS    Completed epoch 292 / 2000;    current loss: 105.3453369140625
INFO Gradient norm: 382.8404144026565
PROGRESS    Completed epoch 293 / 2000;    current loss: 103.44305419921875
INFO Gradient norm: 378.2954607597559
PROGRESS    Completed epoch 294 / 2000;    current loss: 101.55189514160156
INFO Gradient norm: 373.7496916744308
PROGRESS    Completed epoch 295 / 2000;    current loss: 99.6720962524414
INFO Gradient norm: 369.3688482670136
PROGRESS    Completed epoch 296 / 2000;    current loss: 97.80484008789062
INFO Gradient norm: 365.0058028597718
PROGRESS    Completed epoch 297 / 2000;    current loss: 95.94896697998047
INFO Gradient norm: 360.61370701464153
PROGRESS    Completed epoch 298 / 2000;    current loss: 94.10401916503906
INFO Gradient norm: 356.23697834886474
PROGRESS    Completed epoch 299 / 2000;    current loss: 92.27000427246094
INFO Gradient norm: 351.9909768818475
PROGRESS    Completed epoch 300 / 2000;    current loss: 90.44678497314453
INFO Gradient norm: 347.8604989628502
PROGRESS    Completed epoch 301 / 2000;    current loss: 88.6344985961914
INFO Gradient norm: 343.78008248763206
PROGRESS    Completed epoch 302 / 2000;    current loss: 86.83251953125
INFO Gradient norm: 339.7672718967741
PROGRESS    Completed epoch 303 / 2000;    current loss: 85.04064178466797
INFO Gradient norm: 335.8437624235791
PROGRESS    Completed epoch 304 / 2000;    current loss: 83.25845336914062
INFO Gradient norm: 332.03511939797454
PROGRESS    Completed epoch 305 / 2000;    current loss: 81.48649597167969
INFO Gradient norm: 328.4094571832417
PROGRESS    Completed epoch 306 / 2000;    current loss: 79.7238540649414
INFO Gradient norm: 324.8907751609201
PROGRESS    Completed epoch 307 / 2000;    current loss: 77.97134399414062
INFO Gradient norm: 321.4147489667628
PROGRESS    Completed epoch 308 / 2000;    current loss: 76.23053741455078
INFO Gradient norm: 318.0665915970551
PROGRESS    Completed epoch 309 / 2000;    current loss: 74.50009155273438
INFO Gradient norm: 314.7551786210615
PROGRESS    Completed epoch 310 / 2000;    current loss: 72.78022766113281
INFO Gradient norm: 311.48455816249026
PROGRESS    Completed epoch 311 / 2000;    current loss: 71.07019805908203
INFO Gradient norm: 308.2615644288795
PROGRESS    Completed epoch 312 / 2000;    current loss: 69.37068939208984
INFO Gradient norm: 305.2025665253493
PROGRESS    Completed epoch 313 / 2000;    current loss: 67.68417358398438
INFO Gradient norm: 302.08180382510545
PROGRESS    Completed epoch 314 / 2000;    current loss: 66.00849151611328
INFO Gradient norm: 298.93161000963283
PROGRESS    Completed epoch 315 / 2000;    current loss: 64.34419250488281
INFO Gradient norm: 295.9452997344677
PROGRESS    Completed epoch 316 / 2000;    current loss: 62.694026947021484
INFO Gradient norm: 293.0223033893769
PROGRESS    Completed epoch 317 / 2000;    current loss: 61.057945251464844
INFO Gradient norm: 290.9729994961823
PROGRESS    Completed epoch 318 / 2000;    current loss: 59.45185852050781
INFO Gradient norm: 289.1554125944741
PROGRESS    Completed epoch 319 / 2000;    current loss: 57.91222381591797
INFO Gradient norm: 288.5414709325653
PROGRESS    Completed epoch 320 / 2000;    current loss: 56.42101287841797
INFO Gradient norm: 290.66952687457535
PROGRESS    Completed epoch 321 / 2000;    current loss: 54.989505767822266
INFO Gradient norm: 294.50150603617476
PROGRESS    Completed epoch 322 / 2000;    current loss: 53.602447509765625
INFO Gradient norm: 298.66140402542004
PROGRESS    Completed epoch 323 / 2000;    current loss: 52.266334533691406
INFO Gradient norm: 304.7975283101408
PROGRESS    Completed epoch 324 / 2000;    current loss: 50.98698806762695
INFO Gradient norm: 304.88436239194033
PROGRESS    Completed epoch 325 / 2000;    current loss: 49.66321563720703
INFO Gradient norm: 297.3270682141509
PROGRESS    Completed epoch 326 / 2000;    current loss: 48.29018020629883
INFO Gradient norm: 289.6465759425767
PROGRESS    Completed epoch 327 / 2000;    current loss: 46.981903076171875
INFO Gradient norm: 277.378461568504
PROGRESS    Completed epoch 328 / 2000;    current loss: 45.660762786865234
INFO Gradient norm: 263.0741254656449
PROGRESS    Completed epoch 329 / 2000;    current loss: 44.33192443847656
INFO Gradient norm: 249.38444638677996
PROGRESS    Completed epoch 330 / 2000;    current loss: 43.04145812988281
INFO Gradient norm: 241.05322901805798
PROGRESS    Completed epoch 331 / 2000;    current loss: 41.84083557128906
INFO Gradient norm: 235.63621108339524
PROGRESS    Completed epoch 332 / 2000;    current loss: 40.655677795410156
INFO Gradient norm: 232.60000782566948
PROGRESS    Completed epoch 333 / 2000;    current loss: 39.48978042602539
INFO Gradient norm: 228.83254217452867
PROGRESS    Completed epoch 334 / 2000;    current loss: 38.32029342651367
INFO Gradient norm: 224.11444098301402
PROGRESS    Completed epoch 335 / 2000;    current loss: 37.13923645019531
INFO Gradient norm: 221.92622161223147
PROGRESS    Completed epoch 336 / 2000;    current loss: 35.9765625
INFO Gradient norm: 219.39286293923595
PROGRESS    Completed epoch 337 / 2000;    current loss: 34.85105895996094
INFO Gradient norm: 222.31375033816758
PROGRESS    Completed epoch 338 / 2000;    current loss: 33.75185012817383
INFO Gradient norm: 226.68145863978728
PROGRESS    Completed epoch 339 / 2000;    current loss: 32.68313217163086
INFO Gradient norm: 226.36506886974004
PROGRESS    Completed epoch 340 / 2000;    current loss: 31.623332977294922
INFO Gradient norm: 222.12038264496297
PROGRESS    Completed epoch 341 / 2000;    current loss: 30.60785484313965
INFO Gradient norm: 210.43690211003954
PROGRESS    Completed epoch 342 / 2000;    current loss: 29.571027755737305
INFO Gradient norm: 197.9297928773935
PROGRESS    Completed epoch 343 / 2000;    current loss: 28.537681579589844
INFO Gradient norm: 193.49729625180802
PROGRESS    Completed epoch 344 / 2000;    current loss: 27.553905487060547
INFO Gradient norm: 189.67770825082349
PROGRESS    Completed epoch 345 / 2000;    current loss: 26.589412689208984
INFO Gradient norm: 186.4081627021581
PROGRESS    Completed epoch 346 / 2000;    current loss: 25.61324691772461
INFO Gradient norm: 187.51405460598465
PROGRESS    Completed epoch 347 / 2000;    current loss: 24.71592903137207
INFO Gradient norm: 187.33328091834923
PROGRESS    Completed epoch 348 / 2000;    current loss: 23.821781158447266
INFO Gradient norm: 174.51173241287407
PROGRESS    Completed epoch 349 / 2000;    current loss: 22.967187881469727
INFO Gradient norm: 169.37231805261203
PROGRESS    Completed epoch 350 / 2000;    current loss: 22.11786460876465
INFO Gradient norm: 166.83497798524547
PROGRESS    Completed epoch 351 / 2000;    current loss: 21.31010627746582
INFO Gradient norm: 168.17583001120718
PROGRESS    Completed epoch 352 / 2000;    current loss: 20.521163940429688
INFO Gradient norm: 164.4747377661706
PROGRESS    Completed epoch 353 / 2000;    current loss: 19.71875
INFO Gradient norm: 155.3162993956031
PROGRESS    Completed epoch 354 / 2000;    current loss: 18.929542541503906
INFO Gradient norm: 152.79617103499794
PROGRESS    Completed epoch 355 / 2000;    current loss: 18.178865432739258
INFO Gradient norm: 157.07727099251588
PROGRESS    Completed epoch 356 / 2000;    current loss: 17.42369270324707
INFO Gradient norm: 153.63553429445102
PROGRESS    Completed epoch 357 / 2000;    current loss: 16.70322608947754
INFO Gradient norm: 143.39472166817913
PROGRESS    Completed epoch 358 / 2000;    current loss: 16.019289016723633
INFO Gradient norm: 144.8679807665781
PROGRESS    Completed epoch 359 / 2000;    current loss: 15.350408554077148
INFO Gradient norm: 139.8253487839526
PROGRESS    Completed epoch 360 / 2000;    current loss: 14.745329856872559
INFO Gradient norm: 140.13139854554345
PROGRESS    Completed epoch 361 / 2000;    current loss: 14.13177490234375
INFO Gradient norm: 129.57814413915574
PROGRESS    Completed epoch 362 / 2000;    current loss: 13.501555442810059
INFO Gradient norm: 127.55617985694359
PROGRESS    Completed epoch 363 / 2000;    current loss: 12.868868827819824
INFO Gradient norm: 126.8463996966109
PROGRESS    Completed epoch 364 / 2000;    current loss: 12.294777870178223
INFO Gradient norm: 123.65756698271001
PROGRESS    Completed epoch 365 / 2000;    current loss: 11.750782012939453
INFO Gradient norm: 130.85983780762197
PROGRESS    Completed epoch 366 / 2000;    current loss: 11.198387145996094
INFO Gradient norm: 115.20213852632645
PROGRESS    Completed epoch 367 / 2000;    current loss: 10.685931205749512
INFO Gradient norm: 183.13130493670346
PROGRESS    Completed epoch 368 / 2000;    current loss: 10.230952262878418
INFO Gradient norm: 159.22252730259655
PROGRESS    Completed epoch 369 / 2000;    current loss: 9.727604866027832
INFO Gradient norm: 123.0621550083818
PROGRESS    Completed epoch 370 / 2000;    current loss: 9.266227722167969
INFO Gradient norm: 117.74766072048519
PROGRESS    Completed epoch 371 / 2000;    current loss: 8.840653419494629
INFO Gradient norm: 144.94796194346776
PROGRESS    Completed epoch 372 / 2000;    current loss: 8.40654182434082
INFO Gradient norm: 117.35945685915122
PROGRESS    Completed epoch 373 / 2000;    current loss: 8.02643871307373
INFO Gradient norm: 128.0777096998183
PROGRESS    Completed epoch 374 / 2000;    current loss: 7.661952018737793
INFO Gradient norm: 106.29424680453468
PROGRESS    Completed epoch 375 / 2000;    current loss: 7.270120620727539
INFO Gradient norm: 190.98861063131497
PROGRESS    Completed epoch 376 / 2000;    current loss: 6.912408351898193
INFO Gradient norm: 137.74949725772652
PROGRESS    Completed epoch 377 / 2000;    current loss: 6.557386875152588
INFO Gradient norm: 141.89598474227859
PROGRESS    Completed epoch 378 / 2000;    current loss: 6.235764503479004
INFO Gradient norm: 131.2080395316777
PROGRESS    Completed epoch 379 / 2000;    current loss: 5.915633201599121
INFO Gradient norm: 158.94603553699918
PROGRESS    Completed epoch 380 / 2000;    current loss: 5.596756458282471
INFO Gradient norm: 127.95739922685001
PROGRESS    Completed epoch 381 / 2000;    current loss: 5.317223072052002
INFO Gradient norm: 185.30485557866254
PROGRESS    Completed epoch 382 / 2000;    current loss: 5.062967300415039
INFO Gradient norm: 165.97168608938563
PROGRESS    Completed epoch 383 / 2000;    current loss: 4.779777526855469
INFO Gradient norm: 230.8550670089495
PROGRESS    Completed epoch 384 / 2000;    current loss: 4.532855033874512
INFO Gradient norm: 232.48396541415244
PROGRESS    Completed epoch 385 / 2000;    current loss: 4.29364013671875
INFO Gradient norm: 198.02656081294484
PROGRESS    Completed epoch 386 / 2000;    current loss: 4.053895950317383
INFO Gradient norm: 176.61394727652558
PROGRESS    Completed epoch 387 / 2000;    current loss: 3.814866065979004
INFO Gradient norm: 216.38577871598304
PROGRESS    Completed epoch 388 / 2000;    current loss: 3.6219377517700195
INFO Gradient norm: 210.6932027423371
PROGRESS    Completed epoch 389 / 2000;    current loss: 3.4397144317626953
INFO Gradient norm: 213.8107552739639
PROGRESS    Completed epoch 390 / 2000;    current loss: 3.242295026779175
INFO Gradient norm: 189.14779941500302
PROGRESS    Completed epoch 391 / 2000;    current loss: 3.0229296684265137
INFO Gradient norm: 225.74083402622128
PROGRESS    Completed epoch 392 / 2000;    current loss: 2.867743968963623
INFO Gradient norm: 158.41516743792297
PROGRESS    Completed epoch 393 / 2000;    current loss: 2.698772430419922
INFO Gradient norm: 285.10264471213736
PROGRESS    Completed epoch 394 / 2000;    current loss: 2.578019857406616
INFO Gradient norm: 226.12924134573205
PROGRESS    Completed epoch 395 / 2000;    current loss: 2.3875598907470703
INFO Gradient norm: 332.4714876441056
PROGRESS    Completed epoch 396 / 2000;    current loss: 2.2469751834869385
INFO Gradient norm: 231.4769447319723
PROGRESS    Completed epoch 397 / 2000;    current loss: 2.0833017826080322
INFO Gradient norm: 265.75154469065666
PROGRESS    Completed epoch 398 / 2000;    current loss: 1.9619264602661133
INFO Gradient norm: 223.00200557746737
PROGRESS    Completed epoch 399 / 2000;    current loss: 1.8112001419067383
INFO Gradient norm: 264.7768051294722
PROGRESS    Completed epoch 400 / 2000;    current loss: 1.6680153608322144
INFO Gradient norm: 286.91061771241243
PROGRESS    Completed epoch 401 / 2000;    current loss: 1.5414386987686157
INFO Gradient norm: 227.25585121481544
PROGRESS    Completed epoch 402 / 2000;    current loss: 1.419734001159668
INFO Gradient norm: 212.66877183169117
PROGRESS    Completed epoch 403 / 2000;    current loss: 1.301025390625
INFO Gradient norm: 307.1865654840398
PROGRESS    Completed epoch 404 / 2000;    current loss: 1.2088335752487183
INFO Gradient norm: 269.1748185360397
PROGRESS    Completed epoch 405 / 2000;    current loss: 1.0980852842330933
INFO Gradient norm: 218.67270550407588
PROGRESS    Completed epoch 406 / 2000;    current loss: 0.9985172748565674
INFO Gradient norm: 114.82546351752862
PROGRESS    Completed epoch 407 / 2000;    current loss: 0.8940420746803284
INFO Gradient norm: 492.9011477983247
PROGRESS    Completed epoch 408 / 2000;    current loss: 0.9272562861442566
INFO Gradient norm: 441.08428001131745
PROGRESS    Completed epoch 409 / 2000;    current loss: 0.8308168649673462
INFO Gradient norm: 145.0738879178114
PROGRESS    Completed epoch 410 / 2000;    current loss: 0.6825405359268188
INFO Gradient norm: 101.26278638974475
PROGRESS    Completed epoch 411 / 2000;    current loss: 0.6254333853721619
INFO Gradient norm: 440.10995964525694
PROGRESS    Completed epoch 412 / 2000;    current loss: 0.6725049018859863
INFO Gradient norm: 348.12189142492264
PROGRESS    Completed epoch 413 / 2000;    current loss: 0.5996937155723572
INFO Gradient norm: 223.59114142723243
PROGRESS    Completed epoch 414 / 2000;    current loss: 0.542712926864624
INFO Gradient norm: 215.13724150949048
PROGRESS    Completed epoch 415 / 2000;    current loss: 0.5152804851531982
INFO Gradient norm: 301.86798078813115
PROGRESS    Completed epoch 416 / 2000;    current loss: 0.5108386278152466
INFO Gradient norm: 217.89361804733386
PROGRESS    Completed epoch 417 / 2000;    current loss: 0.4728250205516815
INFO Gradient norm: 295.37915800898895
PROGRESS    Completed epoch 418 / 2000;    current loss: 0.5020833015441895
INFO Gradient norm: 228.6781224233947
PROGRESS    Completed epoch 419 / 2000;    current loss: 0.471127450466156
INFO Gradient norm: 402.8402519792133
PROGRESS    Completed epoch 420 / 2000;    current loss: 0.5163086652755737
INFO Gradient norm: 371.60843002619094
PROGRESS    Completed epoch 421 / 2000;    current loss: 0.5019041299819946
INFO Gradient norm: 209.1369669879102
PROGRESS    Completed epoch 422 / 2000;    current loss: 0.4563228487968445
INFO Gradient norm: 157.21028783904944
PROGRESS    Completed epoch 423 / 2000;    current loss: 0.4408763647079468
INFO Gradient norm: 479.88579440569214
PROGRESS    Completed epoch 424 / 2000;    current loss: 0.5393733978271484
INFO Gradient norm: 422.65564264720416
PROGRESS    Completed epoch 425 / 2000;    current loss: 0.5138586759567261
INFO Gradient norm: 187.35005637715997
PROGRESS    Completed epoch 426 / 2000;    current loss: 0.4436488151550293
INFO Gradient norm: 146.89923450168877
PROGRESS    Completed epoch 427 / 2000;    current loss: 0.4331175982952118
INFO Gradient norm: 480.0942371266729
PROGRESS    Completed epoch 428 / 2000;    current loss: 0.5349052548408508
INFO Gradient norm: 415.0970446191092
PROGRESS    Completed epoch 429 / 2000;    current loss: 0.5072711706161499
INFO Gradient norm: 194.61877472227422
PROGRESS    Completed epoch 430 / 2000;    current loss: 0.4429842233657837
INFO Gradient norm: 158.26510299268833
PROGRESS    Completed epoch 431 / 2000;    current loss: 0.43348824977874756
INFO Gradient norm: 455.64166070919634
PROGRESS    Completed epoch 432 / 2000;    current loss: 0.5226749181747437
INFO Gradient norm: 386.0278086684788
PROGRESS    Completed epoch 433 / 2000;    current loss: 0.4946011006832123
INFO Gradient norm: 216.55767415785056
PROGRESS    Completed epoch 434 / 2000;    current loss: 0.44814711809158325
INFO Gradient norm: 182.53387245821114
PROGRESS    Completed epoch 435 / 2000;    current loss: 0.43809089064598083
INFO Gradient norm: 420.5961379363211
PROGRESS    Completed epoch 436 / 2000;    current loss: 0.5074863433837891
INFO Gradient norm: 351.6934967613531
PROGRESS    Completed epoch 437 / 2000;    current loss: 0.4815852642059326
INFO Gradient norm: 238.95418593207967
PROGRESS    Completed epoch 438 / 2000;    current loss: 0.4551593065261841
INFO Gradient norm: 201.1557386897262
PROGRESS    Completed epoch 439 / 2000;    current loss: 0.4432885944843292
INFO Gradient norm: 396.96828183970985
PROGRESS    Completed epoch 440 / 2000;    current loss: 0.4990035891532898
INFO Gradient norm: 335.4416257173336
PROGRESS    Completed epoch 441 / 2000;    current loss: 0.47728386521339417
INFO Gradient norm: 246.23981444876037
PROGRESS    Completed epoch 442 / 2000;    current loss: 0.4592018723487854
INFO Gradient norm: 209.80493008689405
PROGRESS    Completed epoch 443 / 2000;    current loss: 0.44707825779914856
INFO Gradient norm: 382.60823627344257
PROGRESS    Completed epoch 444 / 2000;    current loss: 0.4949462413787842
INFO Gradient norm: 320.3822590441757
PROGRESS    Completed epoch 445 / 2000;    current loss: 0.4734519422054291
INFO Gradient norm: 256.6425966567134
PROGRESS    Completed epoch 446 / 2000;    current loss: 0.46395814418792725
INFO Gradient norm: 220.9198492306387
PROGRESS    Completed epoch 447 / 2000;    current loss: 0.4512525498867035
INFO Gradient norm: 365.17517460350683
PROGRESS    Completed epoch 448 / 2000;    current loss: 0.48931145668029785
INFO Gradient norm: 303.52469740961175
PROGRESS    Completed epoch 449 / 2000;    current loss: 0.46869638562202454
INFO Gradient norm: 267.23273397485303
PROGRESS    Completed epoch 450 / 2000;    current loss: 0.4686116874217987
INFO Gradient norm: 231.7013577788254
PROGRESS    Completed epoch 451 / 2000;    current loss: 0.4551834762096405
INFO Gradient norm: 348.5835318745303
PROGRESS    Completed epoch 452 / 2000;    current loss: 0.4838158190250397
INFO Gradient norm: 288.0808175253102
PROGRESS    Completed epoch 453 / 2000;    current loss: 0.4642620086669922
INFO Gradient norm: 276.34590354118177
PROGRESS    Completed epoch 454 / 2000;    current loss: 0.4726240634918213
INFO Gradient norm: 240.67427817435828
PROGRESS    Completed epoch 455 / 2000;    current loss: 0.45848822593688965
INFO Gradient norm: 334.75186744013826
PROGRESS    Completed epoch 456 / 2000;    current loss: 0.4792470633983612
INFO Gradient norm: 275.6203767958981
PROGRESS    Completed epoch 457 / 2000;    current loss: 0.4607044756412506
INFO Gradient norm: 283.19943499689015
PROGRESS    Completed epoch 458 / 2000;    current loss: 0.47569289803504944
INFO Gradient norm: 247.26266259272938
PROGRESS    Completed epoch 459 / 2000;    current loss: 0.46093037724494934
INFO Gradient norm: 324.3085843737617
PROGRESS    Completed epoch 460 / 2000;    current loss: 0.47581303119659424
INFO Gradient norm: 266.47020629557403
PROGRESS    Completed epoch 461 / 2000;    current loss: 0.4580947160720825
INFO Gradient norm: 287.83058531845694
PROGRESS    Completed epoch 462 / 2000;    current loss: 0.47777169942855835
INFO Gradient norm: 251.60655069107975
PROGRESS    Completed epoch 463 / 2000;    current loss: 0.4625321924686432
INFO Gradient norm: 317.15225114866433
PROGRESS    Completed epoch 464 / 2000;    current loss: 0.4734536409378052
INFO Gradient norm: 260.2625072918511
PROGRESS    Completed epoch 465 / 2000;    current loss: 0.4563019275665283
INFO Gradient norm: 290.5370322173145
PROGRESS    Completed epoch 466 / 2000;    current loss: 0.4789658188819885
INFO Gradient norm: 254.0438348089826
PROGRESS    Completed epoch 467 / 2000;    current loss: 0.4633997976779938
INFO Gradient norm: 312.59141060464174
PROGRESS    Completed epoch 468 / 2000;    current loss: 0.47192391753196716
INFO Gradient norm: 256.5217167764976
PROGRESS    Completed epoch 469 / 2000;    current loss: 0.45517924427986145
INFO Gradient norm: 291.7346640680982
PROGRESS    Completed epoch 470 / 2000;    current loss: 0.47946298122406006
INFO Gradient norm: 255.05391824624087
PROGRESS    Completed epoch 471 / 2000;    current loss: 0.46369943022727966
INFO Gradient norm: 309.97111420936415
PROGRESS    Completed epoch 472 / 2000;    current loss: 0.4710021913051605
INFO Gradient norm: 254.4917532555562
PROGRESS    Completed epoch 473 / 2000;    current loss: 0.4545098543167114
INFO Gradient norm: 291.86322577726276
PROGRESS    Completed epoch 474 / 2000;    current loss: 0.4794548749923706
INFO Gradient norm: 255.11203862712895
PROGRESS    Completed epoch 475 / 2000;    current loss: 0.463617742061615
INFO Gradient norm: 308.67037939460965
PROGRESS    Completed epoch 476 / 2000;    current loss: 0.4704902470111847
INFO Gradient norm: 253.5565985785851
PROGRESS    Completed epoch 477 / 2000;    current loss: 0.45413240790367126
INFO Gradient norm: 291.3367993617468
PROGRESS    Completed epoch 478 / 2000;    current loss: 0.47913119196891785
INFO Gradient norm: 254.54770065766948
PROGRESS    Completed epoch 479 / 2000;    current loss: 0.4632847011089325
INFO Gradient norm: 308.1371914832102
PROGRESS    Completed epoch 480 / 2000;    current loss: 0.4702175557613373
INFO Gradient norm: 253.30390805323273
PROGRESS    Completed epoch 481 / 2000;    current loss: 0.4539349675178528
INFO Gradient norm: 290.4620272300159
PROGRESS    Completed epoch 482 / 2000;    current loss: 0.47864866256713867
INFO Gradient norm: 253.68044456190643
PROGRESS    Completed epoch 483 / 2000;    current loss: 0.4628324508666992
INFO Gradient norm: 308.0340053945541
PROGRESS    Completed epoch 484 / 2000;    current loss: 0.4700813591480255
INFO Gradient norm: 253.370951998825
PROGRESS    Completed epoch 485 / 2000;    current loss: 0.45382755994796753
INFO Gradient norm: 289.4351963338349
PROGRESS    Completed epoch 486 / 2000;    current loss: 0.4780815541744232
INFO Gradient norm: 252.6886274129295
PROGRESS    Completed epoch 487 / 2000;    current loss: 0.46233123540878296
INFO Gradient norm: 308.0619665384724
PROGRESS    Completed epoch 488 / 2000;    current loss: 0.46998724341392517
INFO Gradient norm: 253.4650534729488
PROGRESS    Completed epoch 489 / 2000;    current loss: 0.4537180960178375
INFO Gradient norm: 288.3994548919268
PROGRESS    Completed epoch 490 / 2000;    current loss: 0.4775143265724182
INFO Gradient norm: 251.68566732734527
PROGRESS    Completed epoch 491 / 2000;    current loss: 0.4618276059627533
INFO Gradient norm: 308.0910869431436
PROGRESS    Completed epoch 492 / 2000;    current loss: 0.46990305185317993
INFO Gradient norm: 253.56747349186273
PROGRESS    Completed epoch 493 / 2000;    current loss: 0.453628808259964
INFO Gradient norm: 287.3835920816382
PROGRESS    Completed epoch 494 / 2000;    current loss: 0.47696739435195923
INFO Gradient norm: 250.7759984630191
PROGRESS    Completed epoch 495 / 2000;    current loss: 0.46136394143104553
INFO Gradient norm: 307.98876920384623
PROGRESS    Completed epoch 496 / 2000;    current loss: 0.46976205706596375
INFO Gradient norm: 253.5753440532452
PROGRESS    Completed epoch 497 / 2000;    current loss: 0.4535095691680908
INFO Gradient norm: 286.4770812089862
PROGRESS    Completed epoch 498 / 2000;    current loss: 0.47647568583488464
INFO Gradient norm: 249.9695659963465
PROGRESS    Completed epoch 499 / 2000;    current loss: 0.46094468235969543
INFO Gradient norm: 307.76439740012904
PROGRESS    Completed epoch 500 / 2000;    current loss: 0.46959662437438965
INFO Gradient norm: 253.45932421097055
PROGRESS    Completed epoch 501 / 2000;    current loss: 0.45335933566093445
INFO Gradient norm: 285.6722481962943
PROGRESS    Completed epoch 502 / 2000;    current loss: 0.4760335087776184
INFO Gradient norm: 249.22852164649393
PROGRESS    Completed epoch 503 / 2000;    current loss: 0.4605610966682434
INFO Gradient norm: 307.4423148246224
PROGRESS    Completed epoch 504 / 2000;    current loss: 0.4694035053253174
INFO Gradient norm: 253.1754440684387
PROGRESS    Completed epoch 505 / 2000;    current loss: 0.45316576957702637
INFO Gradient norm: 284.93183280865185
PROGRESS    Completed epoch 506 / 2000;    current loss: 0.4756143391132355
INFO Gradient norm: 248.58128338755608
PROGRESS    Completed epoch 507 / 2000;    current loss: 0.46020492911338806
INFO Gradient norm: 307.02069169839547
PROGRESS    Completed epoch 508 / 2000;    current loss: 0.4691806137561798
INFO Gradient norm: 252.88466518332007
PROGRESS    Completed epoch 509 / 2000;    current loss: 0.4529724419116974
INFO Gradient norm: 284.2725012835299
PROGRESS    Completed epoch 510 / 2000;    current loss: 0.47524625062942505
INFO Gradient norm: 248.00610831039063
PROGRESS    Completed epoch 511 / 2000;    current loss: 0.4598822593688965
INFO Gradient norm: 306.52234388160224
PROGRESS    Completed epoch 512 / 2000;    current loss: 0.46892762184143066
INFO Gradient norm: 252.44576064054004
PROGRESS    Completed epoch 513 / 2000;    current loss: 0.4527471959590912
INFO Gradient norm: 283.65963241485434
PROGRESS    Completed epoch 514 / 2000;    current loss: 0.47488823533058167
INFO Gradient norm: 247.4667245530864
PROGRESS    Completed epoch 515 / 2000;    current loss: 0.4595741927623749
INFO Gradient norm: 305.9481512377957
PROGRESS    Completed epoch 516 / 2000;    current loss: 0.4686583876609802
INFO Gradient norm: 252.04349084642914
PROGRESS    Completed epoch 517 / 2000;    current loss: 0.45252397656440735
INFO Gradient norm: 283.1187522641765
PROGRESS    Completed epoch 518 / 2000;    current loss: 0.4745800793170929
INFO Gradient norm: 246.98645293243132
PROGRESS    Completed epoch 519 / 2000;    current loss: 0.4592922627925873
INFO Gradient norm: 305.37071244452756
PROGRESS    Completed epoch 520 / 2000;    current loss: 0.4683874249458313
INFO Gradient norm: 251.56255352307093
PROGRESS    Completed epoch 521 / 2000;    current loss: 0.4522882103919983
INFO Gradient norm: 282.5641692368974
PROGRESS    Completed epoch 522 / 2000;    current loss: 0.4742555320262909
INFO Gradient norm: 246.4987244071895
PROGRESS    Completed epoch 523 / 2000;    current loss: 0.45902201533317566
INFO Gradient norm: 304.81924750779905
PROGRESS    Completed epoch 524 / 2000;    current loss: 0.46812668442726135
INFO Gradient norm: 251.13695899127723
PROGRESS    Completed epoch 525 / 2000;    current loss: 0.45206141471862793
INFO Gradient norm: 281.9981281033147
PROGRESS    Completed epoch 526 / 2000;    current loss: 0.47392764687538147
INFO Gradient norm: 246.0128131552404
PROGRESS    Completed epoch 527 / 2000;    current loss: 0.4587441384792328
INFO Gradient norm: 304.27416088997603
PROGRESS    Completed epoch 528 / 2000;    current loss: 0.46786677837371826
INFO Gradient norm: 250.68941389890432
PROGRESS    Completed epoch 529 / 2000;    current loss: 0.4518399238586426
INFO Gradient norm: 281.4818077753381
PROGRESS    Completed epoch 530 / 2000;    current loss: 0.4736175537109375
INFO Gradient norm: 245.55267528816555
PROGRESS    Completed epoch 531 / 2000;    current loss: 0.458472341299057
INFO Gradient norm: 303.6837251398037
PROGRESS    Completed epoch 532 / 2000;    current loss: 0.467592716217041
INFO Gradient norm: 250.21266071117353
PROGRESS    Completed epoch 533 / 2000;    current loss: 0.4516034722328186
INFO Gradient norm: 280.96420904913214
PROGRESS    Completed epoch 534 / 2000;    current loss: 0.47331860661506653
INFO Gradient norm: 245.09393403524322
PROGRESS    Completed epoch 535 / 2000;    current loss: 0.4582037627696991
INFO Gradient norm: 303.0862548781097
PROGRESS    Completed epoch 536 / 2000;    current loss: 0.46732011437416077
INFO Gradient norm: 249.77524541322575
PROGRESS    Completed epoch 537 / 2000;    current loss: 0.45138251781463623
INFO Gradient norm: 280.4571381382658
PROGRESS    Completed epoch 538 / 2000;    current loss: 0.47302088141441345
INFO Gradient norm: 244.6559794812658
PROGRESS    Completed epoch 539 / 2000;    current loss: 0.45794400572776794
INFO Gradient norm: 302.57468802828066
PROGRESS    Completed epoch 540 / 2000;    current loss: 0.46707671880722046
INFO Gradient norm: 249.34106064152746
PROGRESS    Completed epoch 541 / 2000;    current loss: 0.45116791129112244
INFO Gradient norm: 279.928889582921
PROGRESS    Completed epoch 542 / 2000;    current loss: 0.4727076292037964
INFO Gradient norm: 244.20406263641115
PROGRESS    Completed epoch 543 / 2000;    current loss: 0.45768997073173523
INFO Gradient norm: 302.00826837244364
PROGRESS    Completed epoch 544 / 2000;    current loss: 0.4668111205101013
INFO Gradient norm: 248.89492162914064
PROGRESS    Completed epoch 545 / 2000;    current loss: 0.45094290375709534
INFO Gradient norm: 279.4465319645543
PROGRESS    Completed epoch 546 / 2000;    current loss: 0.4724266529083252
INFO Gradient norm: 243.79543829413035
PROGRESS    Completed epoch 547 / 2000;    current loss: 0.45744332671165466
INFO Gradient norm: 301.4763306388809
PROGRESS    Completed epoch 548 / 2000;    current loss: 0.46655914187431335
INFO Gradient norm: 248.458169776725
PROGRESS    Completed epoch 549 / 2000;    current loss: 0.450730562210083
INFO Gradient norm: 278.9551125163548
PROGRESS    Completed epoch 550 / 2000;    current loss: 0.4721390902996063
INFO Gradient norm: 243.36014642088432
PROGRESS    Completed epoch 551 / 2000;    current loss: 0.45718950033187866
INFO Gradient norm: 300.9285353485213
PROGRESS    Completed epoch 552 / 2000;    current loss: 0.4663001596927643
INFO Gradient norm: 248.05125617058835
PROGRESS    Completed epoch 553 / 2000;    current loss: 0.45051679015159607
INFO Gradient norm: 278.45424079942876
PROGRESS    Completed epoch 554 / 2000;    current loss: 0.471846342086792
INFO Gradient norm: 242.91885518816076
PROGRESS    Completed epoch 555 / 2000;    current loss: 0.45693907141685486
INFO Gradient norm: 300.3992316231621
PROGRESS    Completed epoch 556 / 2000;    current loss: 0.4660535752773285
INFO Gradient norm: 247.59422050212257
PROGRESS    Completed epoch 557 / 2000;    current loss: 0.45029574632644653
INFO Gradient norm: 277.9790558713778
PROGRESS    Completed epoch 558 / 2000;    current loss: 0.4715648889541626
INFO Gradient norm: 242.5195695792639
PROGRESS    Completed epoch 559 / 2000;    current loss: 0.45669472217559814
INFO Gradient norm: 299.85453411653106
PROGRESS    Completed epoch 560 / 2000;    current loss: 0.46579819917678833
INFO Gradient norm: 247.16225119947774
PROGRESS    Completed epoch 561 / 2000;    current loss: 0.4500862658023834
INFO Gradient norm: 277.49976675979394
PROGRESS    Completed epoch 562 / 2000;    current loss: 0.47128817439079285
INFO Gradient norm: 242.0912847635141
PROGRESS    Completed epoch 563 / 2000;    current loss: 0.45644935965538025
INFO Gradient norm: 299.2941413590945
PROGRESS    Completed epoch 564 / 2000;    current loss: 0.4655446708202362
INFO Gradient norm: 246.7607611379227
PROGRESS    Completed epoch 565 / 2000;    current loss: 0.4498843550682068
INFO Gradient norm: 277.056561207266
PROGRESS    Completed epoch 566 / 2000;    current loss: 0.4710197448730469
INFO Gradient norm: 241.70206784207218
PROGRESS    Completed epoch 567 / 2000;    current loss: 0.4562165439128876
INFO Gradient norm: 298.80731444043124
PROGRESS    Completed epoch 568 / 2000;    current loss: 0.4652996361255646
INFO Gradient norm: 246.35085946168198
PROGRESS    Completed epoch 569 / 2000;    current loss: 0.4496743083000183
INFO Gradient norm: 276.5766414397561
PROGRESS    Completed epoch 570 / 2000;    current loss: 0.4707338511943817
INFO Gradient norm: 241.2844437396979
PROGRESS    Completed epoch 571 / 2000;    current loss: 0.4559718072414398
INFO Gradient norm: 298.2838876811919
PROGRESS    Completed epoch 572 / 2000;    current loss: 0.46506261825561523
INFO Gradient norm: 245.9109870713342
PROGRESS    Completed epoch 573 / 2000;    current loss: 0.44946035742759705
INFO Gradient norm: 276.1133078352089
PROGRESS    Completed epoch 574 / 2000;    current loss: 0.4704587459564209
INFO Gradient norm: 240.88580953512525
PROGRESS    Completed epoch 575 / 2000;    current loss: 0.4557451009750366
INFO Gradient norm: 297.8309613213803
PROGRESS    Completed epoch 576 / 2000;    current loss: 0.4648330509662628
INFO Gradient norm: 245.54315112291852
PROGRESS    Completed epoch 577 / 2000;    current loss: 0.4492655098438263
INFO Gradient norm: 275.68810367981183
PROGRESS    Completed epoch 578 / 2000;    current loss: 0.4701995551586151
INFO Gradient norm: 240.49893671793816
PROGRESS    Completed epoch 579 / 2000;    current loss: 0.45550936460494995
INFO Gradient norm: 297.28228214074363
PROGRESS    Completed epoch 580 / 2000;    current loss: 0.4645795524120331
INFO Gradient norm: 245.14925557536424
PROGRESS    Completed epoch 581 / 2000;    current loss: 0.4490659832954407
INFO Gradient norm: 275.21140675635746
PROGRESS    Completed epoch 582 / 2000;    current loss: 0.4699207544326782
INFO Gradient norm: 240.10804051022578
PROGRESS    Completed epoch 583 / 2000;    current loss: 0.45528191328048706
INFO Gradient norm: 296.82226174659036
PROGRESS    Completed epoch 584 / 2000;    current loss: 0.4643566608428955
INFO Gradient norm: 244.77687322889847
PROGRESS    Completed epoch 585 / 2000;    current loss: 0.4488646686077118
INFO Gradient norm: 274.77706609554417
PROGRESS    Completed epoch 586 / 2000;    current loss: 0.4696611166000366
INFO Gradient norm: 239.731037704266
PROGRESS    Completed epoch 587 / 2000;    current loss: 0.45505961775779724
INFO Gradient norm: 296.28018848845625
PROGRESS    Completed epoch 588 / 2000;    current loss: 0.4641028046607971
INFO Gradient norm: 244.37658738289596
PROGRESS    Completed epoch 589 / 2000;    current loss: 0.44866427779197693
INFO Gradient norm: 274.3389949484618
PROGRESS    Completed epoch 590 / 2000;    current loss: 0.4694000780582428
INFO Gradient norm: 239.34825701943387
PROGRESS    Completed epoch 591 / 2000;    current loss: 0.45482727885246277
INFO Gradient norm: 295.8330429110183
PROGRESS    Completed epoch 592 / 2000;    current loss: 0.4638828933238983
INFO Gradient norm: 243.98107391755036
PROGRESS    Completed epoch 593 / 2000;    current loss: 0.44846683740615845
INFO Gradient norm: 273.8999900656445
PROGRESS    Completed epoch 594 / 2000;    current loss: 0.46913638710975647
INFO Gradient norm: 238.95576547339556
PROGRESS    Completed epoch 595 / 2000;    current loss: 0.45460376143455505
INFO Gradient norm: 295.3486140259435
PROGRESS    Completed epoch 596 / 2000;    current loss: 0.4636487066745758
INFO Gradient norm: 243.62944550906167
PROGRESS    Completed epoch 597 / 2000;    current loss: 0.44827666878700256
INFO Gradient norm: 273.46809071404743
PROGRESS    Completed epoch 598 / 2000;    current loss: 0.46887868642807007
INFO Gradient norm: 238.5742649945391
PROGRESS    Completed epoch 599 / 2000;    current loss: 0.45437681674957275
INFO Gradient norm: 294.8478051150217
PROGRESS    Completed epoch 600 / 2000;    current loss: 0.4634076952934265
INFO Gradient norm: 243.24020956154334
PROGRESS    Completed epoch 601 / 2000;    current loss: 0.4480823278427124
INFO Gradient norm: 273.0471225953966
PROGRESS    Completed epoch 602 / 2000;    current loss: 0.4686236083507538
INFO Gradient norm: 238.18878362796357
PROGRESS    Completed epoch 603 / 2000;    current loss: 0.4541530907154083
INFO Gradient norm: 294.3552009227737
PROGRESS    Completed epoch 604 / 2000;    current loss: 0.4631715416908264
INFO Gradient norm: 242.86013942770126
PROGRESS    Completed epoch 605 / 2000;    current loss: 0.44788604974746704
INFO Gradient norm: 272.61304083150804
PROGRESS    Completed epoch 606 / 2000;    current loss: 0.4683675467967987
INFO Gradient norm: 237.82567419534567
PROGRESS    Completed epoch 607 / 2000;    current loss: 0.4539332687854767
INFO Gradient norm: 293.88300603224576
PROGRESS    Completed epoch 608 / 2000;    current loss: 0.4629402756690979
INFO Gradient norm: 242.46508562771075
PROGRESS    Completed epoch 609 / 2000;    current loss: 0.4476885497570038
INFO Gradient norm: 272.1897380070639
PROGRESS    Completed epoch 610 / 2000;    current loss: 0.4681072533130646
INFO Gradient norm: 237.46504841310949
PROGRESS    Completed epoch 611 / 2000;    current loss: 0.4537167251110077
INFO Gradient norm: 293.4263747007133
PROGRESS    Completed epoch 612 / 2000;    current loss: 0.4627167880535126
INFO Gradient norm: 242.1072965486959
PROGRESS    Completed epoch 613 / 2000;    current loss: 0.44750499725341797
INFO Gradient norm: 271.76748450790325
PROGRESS    Completed epoch 614 / 2000;    current loss: 0.4678560793399811
INFO Gradient norm: 237.11707080474815
PROGRESS    Completed epoch 615 / 2000;    current loss: 0.4535079002380371
INFO Gradient norm: 292.9352615808282
PROGRESS    Completed epoch 616 / 2000;    current loss: 0.4624786376953125
INFO Gradient norm: 241.71999137259726
PROGRESS    Completed epoch 617 / 2000;    current loss: 0.4473087191581726
INFO Gradient norm: 271.3660039884681
PROGRESS    Completed epoch 618 / 2000;    current loss: 0.46761107444763184
INFO Gradient norm: 236.76075176083845
PROGRESS    Completed epoch 619 / 2000;    current loss: 0.45329704880714417
INFO Gradient norm: 292.4326621331535
PROGRESS    Completed epoch 620 / 2000;    current loss: 0.46224820613861084
INFO Gradient norm: 241.33248508668504
PROGRESS    Completed epoch 621 / 2000;    current loss: 0.4471105933189392
INFO Gradient norm: 270.94169352944016
PROGRESS    Completed epoch 622 / 2000;    current loss: 0.4673583507537842
INFO Gradient norm: 236.4081582406739
PROGRESS    Completed epoch 623 / 2000;    current loss: 0.45308616757392883
INFO Gradient norm: 291.9455042984753
PROGRESS    Completed epoch 624 / 2000;    current loss: 0.46200913190841675
INFO Gradient norm: 240.95561146591584
PROGRESS    Completed epoch 625 / 2000;    current loss: 0.44692462682724
INFO Gradient norm: 270.54604342728487
PROGRESS    Completed epoch 626 / 2000;    current loss: 0.4671179950237274
INFO Gradient norm: 236.06608302120694
PROGRESS    Completed epoch 627 / 2000;    current loss: 0.4528733491897583
INFO Gradient norm: 291.51948879596785
PROGRESS    Completed epoch 628 / 2000;    current loss: 0.4617907404899597
INFO Gradient norm: 240.5811459654749
PROGRESS    Completed epoch 629 / 2000;    current loss: 0.44673043489456177
INFO Gradient norm: 270.1584955952076
PROGRESS    Completed epoch 630 / 2000;    current loss: 0.4668790102005005
INFO Gradient norm: 235.72051163270797
PROGRESS    Completed epoch 631 / 2000;    current loss: 0.452668696641922
INFO Gradient norm: 291.03811795407125
PROGRESS    Completed epoch 632 / 2000;    current loss: 0.46156084537506104
INFO Gradient norm: 240.22205686811444
PROGRESS    Completed epoch 633 / 2000;    current loss: 0.4465421140193939
INFO Gradient norm: 269.7597954018762
PROGRESS    Completed epoch 634 / 2000;    current loss: 0.46663814783096313
INFO Gradient norm: 235.37263465398198
PROGRESS    Completed epoch 635 / 2000;    current loss: 0.4524592161178589
INFO Gradient norm: 290.54225557741324
PROGRESS    Completed epoch 636 / 2000;    current loss: 0.4613310694694519
INFO Gradient norm: 239.84355472352584
PROGRESS    Completed epoch 637 / 2000;    current loss: 0.44635140895843506
INFO Gradient norm: 269.3802461335972
PROGRESS    Completed epoch 638 / 2000;    current loss: 0.4664040207862854
INFO Gradient norm: 235.02874852079736
PROGRESS    Completed epoch 639 / 2000;    current loss: 0.45225441455841064
INFO Gradient norm: 290.09986476243023
PROGRESS    Completed epoch 640 / 2000;    current loss: 0.4611096978187561
INFO Gradient norm: 239.49631015871674
PROGRESS    Completed epoch 641 / 2000;    current loss: 0.44616883993148804
INFO Gradient norm: 268.9742969547093
PROGRESS    Completed epoch 642 / 2000;    current loss: 0.4661564826965332
INFO Gradient norm: 234.71047502578514
PROGRESS    Completed epoch 643 / 2000;    current loss: 0.4520551860332489
INFO Gradient norm: 289.6168000161903
PROGRESS    Completed epoch 644 / 2000;    current loss: 0.46087127923965454
INFO Gradient norm: 239.10919816523858
PROGRESS    Completed epoch 645 / 2000;    current loss: 0.4459780156612396
INFO Gradient norm: 268.5929405165818
PROGRESS    Completed epoch 646 / 2000;    current loss: 0.46592187881469727
INFO Gradient norm: 234.3809978709886
PROGRESS    Completed epoch 647 / 2000;    current loss: 0.45185646414756775
INFO Gradient norm: 289.1648529141932
PROGRESS    Completed epoch 648 / 2000;    current loss: 0.46065446734428406
INFO Gradient norm: 238.75110735424164
PROGRESS    Completed epoch 649 / 2000;    current loss: 0.44579067826271057
INFO Gradient norm: 268.18952850097145
PROGRESS    Completed epoch 650 / 2000;    current loss: 0.4656751751899719
INFO Gradient norm: 234.04566389519178
PROGRESS    Completed epoch 651 / 2000;    current loss: 0.4516555964946747
INFO Gradient norm: 288.69198086137794
PROGRESS    Completed epoch 652 / 2000;    current loss: 0.46042221784591675
INFO Gradient norm: 238.39298824857292
PROGRESS    Completed epoch 653 / 2000;    current loss: 0.4456064999103546
INFO Gradient norm: 267.8181872122876
PROGRESS    Completed epoch 654 / 2000;    current loss: 0.46544596552848816
INFO Gradient norm: 233.71940929733358
PROGRESS    Completed epoch 655 / 2000;    current loss: 0.4514591097831726
INFO Gradient norm: 288.2127477554477
PROGRESS    Completed epoch 656 / 2000;    current loss: 0.4601929187774658
INFO Gradient norm: 237.95587821599622
PROGRESS    Completed epoch 657 / 2000;    current loss: 0.4454011917114258
INFO Gradient norm: 267.44153160607266
PROGRESS    Completed epoch 658 / 2000;    current loss: 0.46521541476249695
INFO Gradient norm: 233.3858802677006
PROGRESS    Completed epoch 659 / 2000;    current loss: 0.45125389099121094
INFO Gradient norm: 287.69780717805384
PROGRESS    Completed epoch 660 / 2000;    current loss: 0.4599466323852539
INFO Gradient norm: 237.6063192340509
PROGRESS    Completed epoch 661 / 2000;    current loss: 0.4452216923236847
INFO Gradient norm: 267.0898367074428
PROGRESS    Completed epoch 662 / 2000;    current loss: 0.4649965465068817
INFO Gradient norm: 233.06220418983582
PROGRESS    Completed epoch 663 / 2000;    current loss: 0.45106250047683716
INFO Gradient norm: 287.273381457749
PROGRESS    Completed epoch 664 / 2000;    current loss: 0.4597325921058655
INFO Gradient norm: 237.2324048262791
PROGRESS    Completed epoch 665 / 2000;    current loss: 0.445033997297287
INFO Gradient norm: 266.7173939958213
PROGRESS    Completed epoch 666 / 2000;    current loss: 0.464756578207016
INFO Gradient norm: 232.76588206417742
PROGRESS    Completed epoch 667 / 2000;    current loss: 0.45086413621902466
INFO Gradient norm: 286.7646891751291
PROGRESS    Completed epoch 668 / 2000;    current loss: 0.45949578285217285
INFO Gradient norm: 236.84935873930053
PROGRESS    Completed epoch 669 / 2000;    current loss: 0.44483911991119385
INFO Gradient norm: 266.3327987349401
PROGRESS    Completed epoch 670 / 2000;    current loss: 0.46452564001083374
INFO Gradient norm: 232.43645097435945
PROGRESS    Completed epoch 671 / 2000;    current loss: 0.4506682753562927
INFO Gradient norm: 286.3265071547655
PROGRESS    Completed epoch 672 / 2000;    current loss: 0.4592739939689636
INFO Gradient norm: 236.45838822019476
PROGRESS    Completed epoch 673 / 2000;    current loss: 0.44464296102523804
INFO Gradient norm: 265.96230023637486
PROGRESS    Completed epoch 674 / 2000;    current loss: 0.4642990529537201
INFO Gradient norm: 232.11878233185104
PROGRESS    Completed epoch 675 / 2000;    current loss: 0.4504697322845459
INFO Gradient norm: 285.85802933483996
PROGRESS    Completed epoch 676 / 2000;    current loss: 0.4590470790863037
INFO Gradient norm: 236.11028164448805
PROGRESS    Completed epoch 677 / 2000;    current loss: 0.4444584846496582
INFO Gradient norm: 265.584247562319
PROGRESS    Completed epoch 678 / 2000;    current loss: 0.4640638828277588
INFO Gradient norm: 231.8128461589102
PROGRESS    Completed epoch 679 / 2000;    current loss: 0.4502837061882019
INFO Gradient norm: 285.34403338239275
PROGRESS    Completed epoch 680 / 2000;    current loss: 0.45880094170570374
INFO Gradient norm: 235.72556933246415
PROGRESS    Completed epoch 681 / 2000;    current loss: 0.44426995515823364
INFO Gradient norm: 265.21705741848893
PROGRESS    Completed epoch 682 / 2000;    current loss: 0.4638282060623169
INFO Gradient norm: 231.5027578916053
PROGRESS    Completed epoch 683 / 2000;    current loss: 0.4500955045223236
INFO Gradient norm: 284.8836586034371
PROGRESS    Completed epoch 684 / 2000;    current loss: 0.4585801362991333
INFO Gradient norm: 235.3418874599492
PROGRESS    Completed epoch 685 / 2000;    current loss: 0.444080114364624
INFO Gradient norm: 264.87660037937667
PROGRESS    Completed epoch 686 / 2000;    current loss: 0.4636157751083374
INFO Gradient norm: 231.1745605081031
PROGRESS    Completed epoch 687 / 2000;    current loss: 0.449895441532135
INFO Gradient norm: 284.3806308981209
PROGRESS    Completed epoch 688 / 2000;    current loss: 0.4583384394645691
INFO Gradient norm: 234.9621920040361
PROGRESS    Completed epoch 689 / 2000;    current loss: 0.44389036297798157
INFO Gradient norm: 264.51064121566515
PROGRESS    Completed epoch 690 / 2000;    current loss: 0.4633890688419342
INFO Gradient norm: 230.8781264695223
PROGRESS    Completed epoch 691 / 2000;    current loss: 0.449708491563797
INFO Gradient norm: 283.9543488794398
PROGRESS    Completed epoch 692 / 2000;    current loss: 0.45812469720840454
INFO Gradient norm: 234.63197737247637
PROGRESS    Completed epoch 693 / 2000;    current loss: 0.4437158405780792
INFO Gradient norm: 264.12299840845645
PROGRESS    Completed epoch 694 / 2000;    current loss: 0.46315646171569824
INFO Gradient norm: 230.5604919314751
PROGRESS    Completed epoch 695 / 2000;    current loss: 0.44951680302619934
INFO Gradient norm: 283.48540575852473
PROGRESS    Completed epoch 696 / 2000;    current loss: 0.4578939974308014
INFO Gradient norm: 234.24030235121944
PROGRESS    Completed epoch 697 / 2000;    current loss: 0.4435281455516815
INFO Gradient norm: 263.7723043166172
PROGRESS    Completed epoch 698 / 2000;    current loss: 0.46292805671691895
INFO Gradient norm: 230.25348621805773
PROGRESS    Completed epoch 699 / 2000;    current loss: 0.44931867718696594
INFO Gradient norm: 283.00817651351923
PROGRESS    Completed epoch 700 / 2000;    current loss: 0.4576590955257416
INFO Gradient norm: 233.87833543393702
PROGRESS    Completed epoch 701 / 2000;    current loss: 0.44333815574645996
INFO Gradient norm: 263.4017589900782
PROGRESS    Completed epoch 702 / 2000;    current loss: 0.4627014994621277
INFO Gradient norm: 229.94008987149687
PROGRESS    Completed epoch 703 / 2000;    current loss: 0.44913122057914734
INFO Gradient norm: 282.53246585333414
PROGRESS    Completed epoch 704 / 2000;    current loss: 0.4574355483055115
INFO Gradient norm: 233.47273054471114
PROGRESS    Completed epoch 705 / 2000;    current loss: 0.44314318895339966
INFO Gradient norm: 263.03465049364644
PROGRESS    Completed epoch 706 / 2000;    current loss: 0.46247661113739014
INFO Gradient norm: 229.6490777444092
PROGRESS    Completed epoch 707 / 2000;    current loss: 0.44895026087760925
INFO Gradient norm: 282.05315102789433
PROGRESS    Completed epoch 708 / 2000;    current loss: 0.4572064280509949
INFO Gradient norm: 233.0979922116526
PROGRESS    Completed epoch 709 / 2000;    current loss: 0.4429536759853363
INFO Gradient norm: 262.68576916151807
PROGRESS    Completed epoch 710 / 2000;    current loss: 0.4622523784637451
INFO Gradient norm: 229.33744130039125
PROGRESS    Completed epoch 711 / 2000;    current loss: 0.4487539529800415
INFO Gradient norm: 281.57560886162565
PROGRESS    Completed epoch 712 / 2000;    current loss: 0.4569699466228485
INFO Gradient norm: 232.75346287325476
PROGRESS    Completed epoch 713 / 2000;    current loss: 0.44277068972587585
INFO Gradient norm: 262.3316902388592
PROGRESS    Completed epoch 714 / 2000;    current loss: 0.46203041076660156
INFO Gradient norm: 229.04049985088278
PROGRESS    Completed epoch 715 / 2000;    current loss: 0.4485760033130646
INFO Gradient norm: 281.10337578766416
PROGRESS    Completed epoch 716 / 2000;    current loss: 0.4567399322986603
INFO Gradient norm: 232.32192277451324
PROGRESS    Completed epoch 717 / 2000;    current loss: 0.4425751268863678
INFO Gradient norm: 261.9877345658887
PROGRESS    Completed epoch 718 / 2000;    current loss: 0.46181720495224
INFO Gradient norm: 228.7213548198609
PROGRESS    Completed epoch 719 / 2000;    current loss: 0.4483843147754669
INFO Gradient norm: 280.5987009065095
PROGRESS    Completed epoch 720 / 2000;    current loss: 0.4565054774284363
INFO Gradient norm: 231.9629887852722
PROGRESS    Completed epoch 721 / 2000;    current loss: 0.4423896074295044
INFO Gradient norm: 261.6065666719771
PROGRESS    Completed epoch 722 / 2000;    current loss: 0.4615764021873474
INFO Gradient norm: 228.4118719937934
PROGRESS    Completed epoch 723 / 2000;    current loss: 0.44819536805152893
INFO Gradient norm: 280.12618905866776
PROGRESS    Completed epoch 724 / 2000;    current loss: 0.4562748968601227
INFO Gradient norm: 231.6073173725894
PROGRESS    Completed epoch 725 / 2000;    current loss: 0.4422079026699066
INFO Gradient norm: 261.2492467358648
PROGRESS    Completed epoch 726 / 2000;    current loss: 0.4613514542579651
INFO Gradient norm: 228.08844225991885
PROGRESS    Completed epoch 727 / 2000;    current loss: 0.4480043351650238
INFO Gradient norm: 279.66526006963824
PROGRESS    Completed epoch 728 / 2000;    current loss: 0.4560520648956299
INFO Gradient norm: 231.23584131237425
PROGRESS    Completed epoch 729 / 2000;    current loss: 0.44202306866645813
INFO Gradient norm: 260.4867441653176
PROGRESS    Completed epoch 730 / 2000;    current loss: 0.4609725773334503
INFO Gradient norm: 224.49737160021778
PROGRESS    Completed epoch 731 / 2000;    current loss: 0.44688528776168823
INFO Gradient norm: 290.30627419662676
PROGRESS    Completed epoch 732 / 2000;    current loss: 0.4599895775318146
INFO Gradient norm: 244.41924412426627
PROGRESS    Completed epoch 733 / 2000;    current loss: 0.4463961720466614
INFO Gradient norm: 251.92905618589708
PROGRESS    Completed epoch 734 / 2000;    current loss: 0.45807772874832153
INFO Gradient norm: 217.27225980708616
PROGRESS    Completed epoch 735 / 2000;    current loss: 0.4449582099914551
INFO Gradient norm: 298.8111679037983
PROGRESS    Completed epoch 736 / 2000;    current loss: 0.4634193778038025
INFO Gradient norm: 250.46491160614374
PROGRESS    Completed epoch 737 / 2000;    current loss: 0.4486616551876068
INFO Gradient norm: 249.09654075321873
PROGRESS    Completed epoch 738 / 2000;    current loss: 0.4573158323764801
INFO Gradient norm: 215.57609616290995
PROGRESS    Completed epoch 739 / 2000;    current loss: 0.44473356008529663
INFO Gradient norm: 299.34142525928564
PROGRESS    Completed epoch 740 / 2000;    current loss: 0.463960736989975
INFO Gradient norm: 249.60784278202965
PROGRESS    Completed epoch 741 / 2000;    current loss: 0.448710173368454
INFO Gradient norm: 250.0490344028751
PROGRESS    Completed epoch 742 / 2000;    current loss: 0.4579215347766876
INFO Gradient norm: 217.25160211854234
PROGRESS    Completed epoch 743 / 2000;    current loss: 0.4454662501811981
INFO Gradient norm: 295.30153714073833
PROGRESS    Completed epoch 744 / 2000;    current loss: 0.46281561255455017
INFO Gradient norm: 245.18465932940683
PROGRESS    Completed epoch 745 / 2000;    current loss: 0.44758906960487366
INFO Gradient norm: 252.76640701724443
PROGRESS    Completed epoch 746 / 2000;    current loss: 0.4591318964958191
INFO Gradient norm: 220.33715356066557
PROGRESS    Completed epoch 747 / 2000;    current loss: 0.4466167688369751
INFO Gradient norm: 289.59028747636984
PROGRESS    Completed epoch 748 / 2000;    current loss: 0.4610338807106018
INFO Gradient norm: 239.62129523541785
PROGRESS    Completed epoch 749 / 2000;    current loss: 0.44608205556869507
INFO Gradient norm: 255.8565866286697
PROGRESS    Completed epoch 750 / 2000;    current loss: 0.46047279238700867
INFO Gradient norm: 223.54154799090512
PROGRESS    Completed epoch 751 / 2000;    current loss: 0.4477553367614746
INFO Gradient norm: 283.9222431084748
PROGRESS    Completed epoch 752 / 2000;    current loss: 0.4592353403568268
INFO Gradient norm: 234.43158956078526
PROGRESS    Completed epoch 753 / 2000;    current loss: 0.44465193152427673
INFO Gradient norm: 258.463239877711
PROGRESS    Completed epoch 754 / 2000;    current loss: 0.4615745544433594
INFO Gradient norm: 226.1300798802305
PROGRESS    Completed epoch 755 / 2000;    current loss: 0.4486747682094574
INFO Gradient norm: 279.3087656995395
PROGRESS    Completed epoch 756 / 2000;    current loss: 0.4577479362487793
INFO Gradient norm: 230.36824245604285
PROGRESS    Completed epoch 757 / 2000;    current loss: 0.4435129463672638
INFO Gradient norm: 260.2439651265506
PROGRESS    Completed epoch 758 / 2000;    current loss: 0.4623018205165863
INFO Gradient norm: 227.83357266891758
PROGRESS    Completed epoch 759 / 2000;    current loss: 0.4492463171482086
INFO Gradient norm: 276.020431850171
PROGRESS    Completed epoch 760 / 2000;    current loss: 0.4566667079925537
INFO Gradient norm: 227.58508580881949
PROGRESS    Completed epoch 761 / 2000;    current loss: 0.4426969885826111
INFO Gradient norm: 261.1794990566608
PROGRESS    Completed epoch 762 / 2000;    current loss: 0.46267253160476685
INFO Gradient norm: 228.66933245662068
PROGRESS    Completed epoch 763 / 2000;    current loss: 0.44948866963386536
INFO Gradient norm: 273.94635476997615
PROGRESS    Completed epoch 764 / 2000;    current loss: 0.45594748854637146
INFO Gradient norm: 225.92249793952084
PROGRESS    Completed epoch 765 / 2000;    current loss: 0.44216465950012207
INFO Gradient norm: 261.3877354840308
PROGRESS    Completed epoch 766 / 2000;    current loss: 0.46268078684806824
INFO Gradient norm: 228.80337802549772
PROGRESS    Completed epoch 767 / 2000;    current loss: 0.449461430311203
INFO Gradient norm: 272.8039413312584
PROGRESS    Completed epoch 768 / 2000;    current loss: 0.45550674200057983
INFO Gradient norm: 225.10627694433109
PROGRESS    Completed epoch 769 / 2000;    current loss: 0.4418512284755707
INFO Gradient norm: 261.0998274696946
PROGRESS    Completed epoch 770 / 2000;    current loss: 0.4624904692173004
INFO Gradient norm: 228.4523993250514
PROGRESS    Completed epoch 771 / 2000;    current loss: 0.44923585653305054
INFO Gradient norm: 272.36608999731845
PROGRESS    Completed epoch 772 / 2000;    current loss: 0.4552745521068573
INFO Gradient norm: 224.8545159737082
PROGRESS    Completed epoch 773 / 2000;    current loss: 0.4416826367378235
INFO Gradient norm: 260.4824210662976
PROGRESS    Completed epoch 774 / 2000;    current loss: 0.46213504672050476
INFO Gradient norm: 227.84856568495658
PROGRESS    Completed epoch 775 / 2000;    current loss: 0.4489281177520752
INFO Gradient norm: 272.1302753572471
PROGRESS    Completed epoch 776 / 2000;    current loss: 0.4550977945327759
INFO Gradient norm: 224.81195125103608
PROGRESS    Completed epoch 777 / 2000;    current loss: 0.44156181812286377
INFO Gradient norm: 259.750759459022
PROGRESS    Completed epoch 778 / 2000;    current loss: 0.46173813939094543
INFO Gradient norm: 227.16230563489057
PROGRESS    Completed epoch 779 / 2000;    current loss: 0.44857141375541687
INFO Gradient norm: 272.04808659725904
PROGRESS    Completed epoch 780 / 2000;    current loss: 0.45496678352355957
INFO Gradient norm: 224.8559873369924
PROGRESS    Completed epoch 781 / 2000;    current loss: 0.44145891070365906
INFO Gradient norm: 258.9820164918815
PROGRESS    Completed epoch 782 / 2000;    current loss: 0.4613204300403595
INFO Gradient norm: 226.4740057308547
PROGRESS    Completed epoch 783 / 2000;    current loss: 0.44823136925697327
INFO Gradient norm: 271.97074024332215
PROGRESS    Completed epoch 784 / 2000;    current loss: 0.4548460841178894
INFO Gradient norm: 224.79023351790335
PROGRESS    Completed epoch 785 / 2000;    current loss: 0.4413353502750397
INFO Gradient norm: 258.30370296102075
PROGRESS    Completed epoch 786 / 2000;    current loss: 0.4609397351741791
INFO Gradient norm: 225.87794251780113
PROGRESS    Completed epoch 787 / 2000;    current loss: 0.4479138255119324
INFO Gradient norm: 271.73998815931066
PROGRESS    Completed epoch 788 / 2000;    current loss: 0.45466887950897217
INFO Gradient norm: 224.7098145733108
PROGRESS    Completed epoch 789 / 2000;    current loss: 0.4412032961845398
INFO Gradient norm: 257.6797684106038
PROGRESS    Completed epoch 790 / 2000;    current loss: 0.4605836868286133
INFO Gradient norm: 225.3197625139246
PROGRESS    Completed epoch 791 / 2000;    current loss: 0.447624146938324
INFO Gradient norm: 271.45039901390794
PROGRESS    Completed epoch 792 / 2000;    current loss: 0.4544851779937744
INFO Gradient norm: 224.4922507930649
PROGRESS    Completed epoch 793 / 2000;    current loss: 0.44103747606277466
INFO Gradient norm: 257.100248375863
PROGRESS    Completed epoch 794 / 2000;    current loss: 0.4602470099925995
INFO Gradient norm: 224.8174449599828
PROGRESS    Completed epoch 795 / 2000;    current loss: 0.4473282992839813
INFO Gradient norm: 271.0829495363491
PROGRESS    Completed epoch 796 / 2000;    current loss: 0.454265832901001
INFO Gradient norm: 224.18254465788564
PROGRESS    Completed epoch 797 / 2000;    current loss: 0.440849244594574
INFO Gradient norm: 256.5951009554939
PROGRESS    Completed epoch 798 / 2000;    current loss: 0.45993754267692566
INFO Gradient norm: 224.4171249628032
PROGRESS    Completed epoch 799 / 2000;    current loss: 0.44709935784339905
INFO Gradient norm: 270.5908206042638
PROGRESS    Completed epoch 800 / 2000;    current loss: 0.45401129126548767
INFO Gradient norm: 223.80591154465293
PROGRESS    Completed epoch 801 / 2000;    current loss: 0.44063931703567505
INFO Gradient norm: 256.1483348743392
PROGRESS    Completed epoch 802 / 2000;    current loss: 0.45966073870658875
INFO Gradient norm: 224.01657499617477
PROGRESS    Completed epoch 803 / 2000;    current loss: 0.4468580186367035
INFO Gradient norm: 270.0931365080033
PROGRESS    Completed epoch 804 / 2000;    current loss: 0.4537523090839386
INFO Gradient norm: 223.41962994004928
PROGRESS    Completed epoch 805 / 2000;    current loss: 0.44042691588401794
INFO Gradient norm: 255.70644967554526
PROGRESS    Completed epoch 806 / 2000;    current loss: 0.4593864381313324
INFO Gradient norm: 223.6401415151646
PROGRESS    Completed epoch 807 / 2000;    current loss: 0.44663092494010925
INFO Gradient norm: 269.5537597864433
PROGRESS    Completed epoch 808 / 2000;    current loss: 0.45346617698669434
INFO Gradient norm: 223.00578949108174
PROGRESS    Completed epoch 809 / 2000;    current loss: 0.44019603729248047
INFO Gradient norm: 255.27655526359482
PROGRESS    Completed epoch 810 / 2000;    current loss: 0.45911842584609985
INFO Gradient norm: 223.28220103897343
PROGRESS    Completed epoch 811 / 2000;    current loss: 0.44640102982521057
INFO Gradient norm: 269.03644759820486
PROGRESS    Completed epoch 812 / 2000;    current loss: 0.4532087445259094
INFO Gradient norm: 222.59281100744437
PROGRESS    Completed epoch 813 / 2000;    current loss: 0.4399907886981964
INFO Gradient norm: 254.8488039478643
PROGRESS    Completed epoch 814 / 2000;    current loss: 0.45884883403778076
INFO Gradient norm: 222.90813161822646
PROGRESS    Completed epoch 815 / 2000;    current loss: 0.44617560505867004
INFO Gradient norm: 268.5436374531396
PROGRESS    Completed epoch 816 / 2000;    current loss: 0.4529571533203125
INFO Gradient norm: 222.2084179438668
PROGRESS    Completed epoch 817 / 2000;    current loss: 0.4397774934768677
INFO Gradient norm: 254.39729097763728
PROGRESS    Completed epoch 818 / 2000;    current loss: 0.45857149362564087
INFO Gradient norm: 222.5286311345957
PROGRESS    Completed epoch 819 / 2000;    current loss: 0.4459427297115326
INFO Gradient norm: 267.98536241170825
PROGRESS    Completed epoch 820 / 2000;    current loss: 0.4526745676994324
INFO Gradient norm: 221.7935219637008
PROGRESS    Completed epoch 821 / 2000;    current loss: 0.4395694136619568
INFO Gradient norm: 253.953540887743
PROGRESS    Completed epoch 822 / 2000;    current loss: 0.4582898020744324
INFO Gradient norm: 222.1428656955484
PROGRESS    Completed epoch 823 / 2000;    current loss: 0.44571009278297424
INFO Gradient norm: 267.4962218125453
PROGRESS    Completed epoch 824 / 2000;    current loss: 0.4524212181568146
INFO Gradient norm: 221.3798146978766
PROGRESS    Completed epoch 825 / 2000;    current loss: 0.43934935331344604
INFO Gradient norm: 253.52958054242524
PROGRESS    Completed epoch 826 / 2000;    current loss: 0.4580261707305908
INFO Gradient norm: 221.76329493781955
PROGRESS    Completed epoch 827 / 2000;    current loss: 0.44547155499458313
INFO Gradient norm: 267.00944506396405
PROGRESS    Completed epoch 828 / 2000;    current loss: 0.45217013359069824
INFO Gradient norm: 221.02407219165696
PROGRESS    Completed epoch 829 / 2000;    current loss: 0.4391454756259918
INFO Gradient norm: 253.11100011390462
PROGRESS    Completed epoch 830 / 2000;    current loss: 0.457764595746994
INFO Gradient norm: 221.4168040952068
PROGRESS    Completed epoch 831 / 2000;    current loss: 0.44526344537734985
INFO Gradient norm: 266.48077576340773
PROGRESS    Completed epoch 832 / 2000;    current loss: 0.451895534992218
INFO Gradient norm: 220.6228582395466
PROGRESS    Completed epoch 833 / 2000;    current loss: 0.43892696499824524
INFO Gradient norm: 252.65449363903085
PROGRESS    Completed epoch 834 / 2000;    current loss: 0.45747822523117065
INFO Gradient norm: 221.01750939507096
PROGRESS    Completed epoch 835 / 2000;    current loss: 0.445024698972702
INFO Gradient norm: 265.9603088582958
PROGRESS    Completed epoch 836 / 2000;    current loss: 0.45163440704345703
INFO Gradient norm: 220.24237569222063
PROGRESS    Completed epoch 837 / 2000;    current loss: 0.4387306272983551
INFO Gradient norm: 252.20500869098709
PROGRESS    Completed epoch 838 / 2000;    current loss: 0.4571976661682129
INFO Gradient norm: 220.63565888224463
PROGRESS    Completed epoch 839 / 2000;    current loss: 0.4447903037071228
INFO Gradient norm: 265.5064438314047
PROGRESS    Completed epoch 840 / 2000;    current loss: 0.4513985216617584
INFO Gradient norm: 219.84496460971664
PROGRESS    Completed epoch 841 / 2000;    current loss: 0.43851521611213684
INFO Gradient norm: 251.7660823217678
PROGRESS    Completed epoch 842 / 2000;    current loss: 0.4569253921508789
INFO Gradient norm: 220.2686879314166
PROGRESS    Completed epoch 843 / 2000;    current loss: 0.44456976652145386
INFO Gradient norm: 265.02464784910296
PROGRESS    Completed epoch 844 / 2000;    current loss: 0.45113828778266907
INFO Gradient norm: 219.4893659161835
PROGRESS    Completed epoch 845 / 2000;    current loss: 0.43831154704093933
INFO Gradient norm: 251.3204312977501
PROGRESS    Completed epoch 846 / 2000;    current loss: 0.4566478133201599
INFO Gradient norm: 219.88404085833966
PROGRESS    Completed epoch 847 / 2000;    current loss: 0.444330096244812
INFO Gradient norm: 264.5117713803687
PROGRESS    Completed epoch 848 / 2000;    current loss: 0.450870156288147
INFO Gradient norm: 219.1074859345125
PROGRESS    Completed epoch 849 / 2000;    current loss: 0.43809643387794495
INFO Gradient norm: 250.88027140718714
PROGRESS    Completed epoch 850 / 2000;    current loss: 0.45637789368629456
INFO Gradient norm: 219.48434434063935
PROGRESS    Completed epoch 851 / 2000;    current loss: 0.44409438967704773
INFO Gradient norm: 264.01188388766445
PROGRESS    Completed epoch 852 / 2000;    current loss: 0.45062893629074097
INFO Gradient norm: 218.73969530177146
PROGRESS    Completed epoch 853 / 2000;    current loss: 0.43789514899253845
INFO Gradient norm: 250.43819470842783
PROGRESS    Completed epoch 854 / 2000;    current loss: 0.4561041593551636
INFO Gradient norm: 219.137664462568
PROGRESS    Completed epoch 855 / 2000;    current loss: 0.44387388229370117
INFO Gradient norm: 263.4640348072746
PROGRESS    Completed epoch 856 / 2000;    current loss: 0.4503526985645294
INFO Gradient norm: 218.30185887509802
PROGRESS    Completed epoch 857 / 2000;    current loss: 0.43768006563186646
INFO Gradient norm: 249.8372518083721
PROGRESS    Completed epoch 858 / 2000;    current loss: 0.4557914137840271
INFO Gradient norm: 216.3550680745367
PROGRESS    Completed epoch 859 / 2000;    current loss: 0.44300517439842224
INFO Gradient norm: 268.6814412464485
PROGRESS    Completed epoch 860 / 2000;    current loss: 0.45219358801841736
INFO Gradient norm: 226.1554657666806
PROGRESS    Completed epoch 861 / 2000;    current loss: 0.44014063477516174
INFO Gradient norm: 242.44555053500574
PROGRESS    Completed epoch 862 / 2000;    current loss: 0.4532480537891388
INFO Gradient norm: 209.94131542764987
PROGRESS    Completed epoch 863 / 2000;    current loss: 0.44120514392852783
INFO Gradient norm: 276.3595665955082
PROGRESS    Completed epoch 864 / 2000;    current loss: 0.4550051689147949
INFO Gradient norm: 231.99757317702296
PROGRESS    Completed epoch 865 / 2000;    current loss: 0.44206658005714417
INFO Gradient norm: 239.39628401136667
PROGRESS    Completed epoch 866 / 2000;    current loss: 0.4522707462310791
INFO Gradient norm: 207.76552877892706
PROGRESS    Completed epoch 867 / 2000;    current loss: 0.44068434834480286
INFO Gradient norm: 278.0040044506353
PROGRESS    Completed epoch 868 / 2000;    current loss: 0.4557238519191742
INFO Gradient norm: 232.52888402889477
PROGRESS    Completed epoch 869 / 2000;    current loss: 0.4423578679561615
INFO Gradient norm: 239.38147639242683
PROGRESS    Completed epoch 870 / 2000;    current loss: 0.4523504078388214
INFO Gradient norm: 208.3351375774265
PROGRESS    Completed epoch 871 / 2000;    current loss: 0.4409330487251282
INFO Gradient norm: 275.92115331579913
PROGRESS    Completed epoch 872 / 2000;    current loss: 0.455120712518692
INFO Gradient norm: 230.0132117201732
PROGRESS    Completed epoch 873 / 2000;    current loss: 0.44170331954956055
INFO Gradient norm: 241.0020823216913
PROGRESS    Completed epoch 874 / 2000;    current loss: 0.45300355553627014
INFO Gradient norm: 210.2680702511193
PROGRESS    Completed epoch 875 / 2000;    current loss: 0.44157058000564575
INFO Gradient norm: 272.1748610014931
PROGRESS    Completed epoch 876 / 2000;    current loss: 0.45392152667045593
INFO Gradient norm: 226.27674964427047
PROGRESS    Completed epoch 877 / 2000;    current loss: 0.4406721293926239
INFO Gradient norm: 243.0994843369901
PROGRESS    Completed epoch 878 / 2000;    current loss: 0.4537988007068634
INFO Gradient norm: 212.48745588646898
PROGRESS    Completed epoch 879 / 2000;    current loss: 0.44227334856987
INFO Gradient norm: 268.2324896850502
PROGRESS    Completed epoch 880 / 2000;    current loss: 0.4526269733905792
INFO Gradient norm: 222.61677061431308
PROGRESS    Completed epoch 881 / 2000;    current loss: 0.43960630893707275
INFO Gradient norm: 244.96047069426908
PROGRESS    Completed epoch 882 / 2000;    current loss: 0.4544825553894043
INFO Gradient norm: 214.36636433480177
PROGRESS    Completed epoch 883 / 2000;    current loss: 0.44284147024154663
INFO Gradient norm: 264.8591178733632
PROGRESS    Completed epoch 884 / 2000;    current loss: 0.4515007436275482
INFO Gradient norm: 219.62298263935313
PROGRESS    Completed epoch 885 / 2000;    current loss: 0.4387252926826477
INFO Gradient norm: 246.28260555452198
PROGRESS    Completed epoch 886 / 2000;    current loss: 0.45491892099380493
INFO Gradient norm: 215.61903622900672
PROGRESS    Completed epoch 887 / 2000;    current loss: 0.44316741824150085
INFO Gradient norm: 262.3953428557475
PROGRESS    Completed epoch 888 / 2000;    current loss: 0.45063909888267517
INFO Gradient norm: 217.57176785320297
PROGRESS    Completed epoch 889 / 2000;    current loss: 0.4380647540092468
INFO Gradient norm: 246.95760845552047
PROGRESS    Completed epoch 890 / 2000;    current loss: 0.45509910583496094
INFO Gradient norm: 216.2092017049673
PROGRESS    Completed epoch 891 / 2000;    current loss: 0.44326329231262207
INFO Gradient norm: 260.8114574776118
PROGRESS    Completed epoch 892 / 2000;    current loss: 0.45003047585487366
INFO Gradient norm: 216.29968601260728
PROGRESS    Completed epoch 893 / 2000;    current loss: 0.43760454654693604
INFO Gradient norm: 247.0730134139302
PROGRESS    Completed epoch 894 / 2000;    current loss: 0.45502716302871704
INFO Gradient norm: 216.30944790644463
PROGRESS    Completed epoch 895 / 2000;    current loss: 0.4431764483451843
INFO Gradient norm: 259.90057858463996
PROGRESS    Completed epoch 896 / 2000;    current loss: 0.4496115446090698
INFO Gradient norm: 215.62503628363427
PROGRESS    Completed epoch 897 / 2000;    current loss: 0.4372924864292145
INFO Gradient norm: 246.8369647985099
PROGRESS    Completed epoch 898 / 2000;    current loss: 0.4548088312149048
INFO Gradient norm: 216.04260699118083
PROGRESS    Completed epoch 899 / 2000;    current loss: 0.4429718852043152
INFO Gradient norm: 259.4683721417904
PROGRESS    Completed epoch 900 / 2000;    current loss: 0.44934144616127014
INFO Gradient norm: 215.36722745357443
PROGRESS    Completed epoch 901 / 2000;    current loss: 0.4370907247066498
INFO Gradient norm: 246.34310329916912
PROGRESS    Completed epoch 902 / 2000;    current loss: 0.4544890820980072
INFO Gradient norm: 215.55771664730196
PROGRESS    Completed epoch 903 / 2000;    current loss: 0.4426790773868561
INFO Gradient norm: 259.19575606213044
PROGRESS    Completed epoch 904 / 2000;    current loss: 0.4491220712661743
INFO Gradient norm: 215.2832528382166
PROGRESS    Completed epoch 905 / 2000;    current loss: 0.4369313418865204
INFO Gradient norm: 245.7153953987562
PROGRESS    Completed epoch 906 / 2000;    current loss: 0.45409974455833435
INFO Gradient norm: 215.02733728112776
PROGRESS    Completed epoch 907 / 2000;    current loss: 0.4423687160015106
INFO Gradient norm: 259.0337974663845
PROGRESS    Completed epoch 908 / 2000;    current loss: 0.44894012808799744
INFO Gradient norm: 215.18927866066542
PROGRESS    Completed epoch 909 / 2000;    current loss: 0.4367688000202179
INFO Gradient norm: 245.13077786600203
PROGRESS    Completed epoch 910 / 2000;    current loss: 0.45374858379364014
INFO Gradient norm: 214.47149090932385
PROGRESS    Completed epoch 911 / 2000;    current loss: 0.4420486390590668
INFO Gradient norm: 258.8280836127934
PROGRESS    Completed epoch 912 / 2000;    current loss: 0.44874247908592224
INFO Gradient norm: 215.07455149993268
PROGRESS    Completed epoch 913 / 2000;    current loss: 0.43660810589790344
INFO Gradient norm: 244.55459680196023
PROGRESS    Completed epoch 914 / 2000;    current loss: 0.45339131355285645
INFO Gradient norm: 213.9725901093215
PROGRESS    Completed epoch 915 / 2000;    current loss: 0.44176459312438965
INFO Gradient norm: 258.5299747569857
PROGRESS    Completed epoch 916 / 2000;    current loss: 0.448517382144928
INFO Gradient norm: 214.83620995141408
PROGRESS    Completed epoch 917 / 2000;    current loss: 0.4364174008369446
INFO Gradient norm: 244.04500018514145
PROGRESS    Completed epoch 918 / 2000;    current loss: 0.4530782401561737
INFO Gradient norm: 213.52385220525488
PROGRESS    Completed epoch 919 / 2000;    current loss: 0.441489040851593
INFO Gradient norm: 258.1507796995249
PROGRESS    Completed epoch 920 / 2000;    current loss: 0.448274701833725
INFO Gradient norm: 214.57759427342938
PROGRESS    Completed epoch 921 / 2000;    current loss: 0.4362066686153412
INFO Gradient norm: 243.60382259884423
PROGRESS    Completed epoch 922 / 2000;    current loss: 0.45277711749076843
INFO Gradient norm: 213.1516360166874
PROGRESS    Completed epoch 923 / 2000;    current loss: 0.44124922156333923
INFO Gradient norm: 257.67468111384727
PROGRESS    Completed epoch 924 / 2000;    current loss: 0.44800132513046265
INFO Gradient norm: 214.17932155453312
PROGRESS    Completed epoch 925 / 2000;    current loss: 0.43598294258117676
INFO Gradient norm: 243.19713210139835
PROGRESS    Completed epoch 926 / 2000;    current loss: 0.45250415802001953
INFO Gradient norm: 212.7994264178407
PROGRESS    Completed epoch 927 / 2000;    current loss: 0.4410155713558197
INFO Gradient norm: 257.162064056879
PROGRESS    Completed epoch 928 / 2000;    current loss: 0.44772428274154663
INFO Gradient norm: 213.78040424883753
PROGRESS    Completed epoch 929 / 2000;    current loss: 0.43575313687324524
INFO Gradient norm: 242.7790202267028
PROGRESS    Completed epoch 930 / 2000;    current loss: 0.45222875475883484
INFO Gradient norm: 212.49394031997198
PROGRESS    Completed epoch 931 / 2000;    current loss: 0.44080090522766113
INFO Gradient norm: 256.5833687558149
PROGRESS    Completed epoch 932 / 2000;    current loss: 0.44743648171424866
INFO Gradient norm: 213.328593334415
PROGRESS    Completed epoch 933 / 2000;    current loss: 0.4355212450027466
INFO Gradient norm: 242.41314779183816
PROGRESS    Completed epoch 934 / 2000;    current loss: 0.4519822299480438
INFO Gradient norm: 212.16430209956346
PROGRESS    Completed epoch 935 / 2000;    current loss: 0.44058847427368164
INFO Gradient norm: 256.0236793167689
PROGRESS    Completed epoch 936 / 2000;    current loss: 0.44713324308395386
INFO Gradient norm: 212.83756275135
PROGRESS    Completed epoch 937 / 2000;    current loss: 0.4352637529373169
INFO Gradient norm: 242.02475866021555
PROGRESS    Completed epoch 938 / 2000;    current loss: 0.4517163634300232
INFO Gradient norm: 211.87224287565732
PROGRESS    Completed epoch 939 / 2000;    current loss: 0.44038140773773193
INFO Gradient norm: 255.41849004919186
PROGRESS    Completed epoch 940 / 2000;    current loss: 0.44683754444122314
INFO Gradient norm: 212.35643427440476
PROGRESS    Completed epoch 941 / 2000;    current loss: 0.43502968549728394
INFO Gradient norm: 241.62671363754228
PROGRESS    Completed epoch 942 / 2000;    current loss: 0.4514492452144623
INFO Gradient norm: 211.52849274838886
PROGRESS    Completed epoch 943 / 2000;    current loss: 0.4401586353778839
INFO Gradient norm: 254.8250064902692
PROGRESS    Completed epoch 944 / 2000;    current loss: 0.446551114320755
INFO Gradient norm: 211.90682382376116
PROGRESS    Completed epoch 945 / 2000;    current loss: 0.43479907512664795
INFO Gradient norm: 241.25235298355759
PROGRESS    Completed epoch 946 / 2000;    current loss: 0.4512042701244354
INFO Gradient norm: 211.18077400061782
PROGRESS    Completed epoch 947 / 2000;    current loss: 0.43993574380874634
INFO Gradient norm: 254.28494380772926
PROGRESS    Completed epoch 948 / 2000;    current loss: 0.44627270102500916
INFO Gradient norm: 211.4800511516217
PROGRESS    Completed epoch 949 / 2000;    current loss: 0.4345782399177551
INFO Gradient norm: 240.70805205782779
PROGRESS    Completed epoch 950 / 2000;    current loss: 0.45089787244796753
INFO Gradient norm: 208.46373683184646
PROGRESS    Completed epoch 951 / 2000;    current loss: 0.43906816840171814
INFO Gradient norm: 261.93332579249835
PROGRESS    Completed epoch 952 / 2000;    current loss: 0.448824405670166
INFO Gradient norm: 221.24544400989325
PROGRESS    Completed epoch 953 / 2000;    current loss: 0.43748462200164795
INFO Gradient norm: 233.96266176835124
PROGRESS    Completed epoch 954 / 2000;    current loss: 0.4486207067966461
INFO Gradient norm: 202.85177618379907
PROGRESS    Completed epoch 955 / 2000;    current loss: 0.43755021691322327
INFO Gradient norm: 268.2624328062154
PROGRESS    Completed epoch 956 / 2000;    current loss: 0.4510995149612427
INFO Gradient norm: 225.6052133792275
PROGRESS    Completed epoch 957 / 2000;    current loss: 0.4389328956604004
INFO Gradient norm: 231.9070227552638
PROGRESS    Completed epoch 958 / 2000;    current loss: 0.44802531599998474
INFO Gradient norm: 201.7192167120952
PROGRESS    Completed epoch 959 / 2000;    current loss: 0.43734076619148254
INFO Gradient norm: 268.1304660473649
PROGRESS    Completed epoch 960 / 2000;    current loss: 0.4512283205986023
INFO Gradient norm: 224.4815437254924
PROGRESS    Completed epoch 961 / 2000;    current loss: 0.43876397609710693
INFO Gradient norm: 232.8086159457767
PROGRESS    Completed epoch 962 / 2000;    current loss: 0.4484519362449646
INFO Gradient norm: 203.2353714930249
PROGRESS    Completed epoch 963 / 2000;    current loss: 0.43789753317832947
INFO Gradient norm: 264.479974435238
PROGRESS    Completed epoch 964 / 2000;    current loss: 0.45017024874687195
INFO Gradient norm: 220.45268979540936
PROGRESS    Completed epoch 965 / 2000;    current loss: 0.4377394914627075
INFO Gradient norm: 235.15139119645463
PROGRESS    Completed epoch 966 / 2000;    current loss: 0.4493778645992279
INFO Gradient norm: 205.84760804210316
PROGRESS    Completed epoch 967 / 2000;    current loss: 0.43875423073768616
INFO Gradient norm: 259.5364647472075
PROGRESS    Completed epoch 968 / 2000;    current loss: 0.4486648440361023
INFO Gradient norm: 215.77508104583808
PROGRESS    Completed epoch 969 / 2000;    current loss: 0.43648695945739746
INFO Gradient norm: 237.63807549896546
PROGRESS    Completed epoch 970 / 2000;    current loss: 0.45031672716140747
INFO Gradient norm: 208.4046402954309
PROGRESS    Completed epoch 971 / 2000;    current loss: 0.4395628869533539
INFO Gradient norm: 254.94201076463827
PROGRESS    Completed epoch 972 / 2000;    current loss: 0.4472463130950928
INFO Gradient norm: 211.56627794356598
PROGRESS    Completed epoch 973 / 2000;    current loss: 0.4353538453578949
INFO Gradient norm: 239.55978578691546
PROGRESS    Completed epoch 974 / 2000;    current loss: 0.4510335922241211
INFO Gradient norm: 210.26832851546288
PROGRESS    Completed epoch 975 / 2000;    current loss: 0.44012266397476196
INFO Gradient norm: 251.32563964244346
PROGRESS    Completed epoch 976 / 2000;    current loss: 0.4461152255535126
INFO Gradient norm: 208.49589883027906
PROGRESS    Completed epoch 977 / 2000;    current loss: 0.43448713421821594
INFO Gradient norm: 240.6364624423405
PROGRESS    Completed epoch 978 / 2000;    current loss: 0.4513828754425049
INFO Gradient norm: 211.28117991891196
PROGRESS    Completed epoch 979 / 2000;    current loss: 0.44038546085357666
INFO Gradient norm: 248.97216283554909
PROGRESS    Completed epoch 980 / 2000;    current loss: 0.44532310962677
INFO Gradient norm: 206.59718151578352
PROGRESS    Completed epoch 981 / 2000;    current loss: 0.4339157044887543
INFO Gradient norm: 240.9377316593925
PROGRESS    Completed epoch 982 / 2000;    current loss: 0.4514229893684387
INFO Gradient norm: 211.44212901353882
PROGRESS    Completed epoch 983 / 2000;    current loss: 0.44035133719444275
INFO Gradient norm: 247.6668101780007
PROGRESS    Completed epoch 984 / 2000;    current loss: 0.4448450207710266
INFO Gradient norm: 205.64973056391125
PROGRESS    Completed epoch 985 / 2000;    current loss: 0.43356436491012573
INFO Gradient norm: 240.6059478763958
PROGRESS    Completed epoch 986 / 2000;    current loss: 0.4512059986591339
INFO Gradient norm: 211.10140002678392
PROGRESS    Completed epoch 987 / 2000;    current loss: 0.4401319622993469
INFO Gradient norm: 247.07176039508735
PROGRESS    Completed epoch 988 / 2000;    current loss: 0.44455066323280334
INFO Gradient norm: 205.30849272491716
PROGRESS    Completed epoch 989 / 2000;    current loss: 0.4333612322807312
INFO Gradient norm: 239.9104095678187
PROGRESS    Completed epoch 990 / 2000;    current loss: 0.45082780718803406
INFO Gradient norm: 210.41245743960977
PROGRESS    Completed epoch 991 / 2000;    current loss: 0.43978941440582275
INFO Gradient norm: 246.87841375170404
PROGRESS    Completed epoch 992 / 2000;    current loss: 0.4443794786930084
INFO Gradient norm: 205.2610659112018
PROGRESS    Completed epoch 993 / 2000;    current loss: 0.4332340359687805
INFO Gradient norm: 239.03887321629614
PROGRESS    Completed epoch 994 / 2000;    current loss: 0.45037177205085754
INFO Gradient norm: 209.60021744233558
PROGRESS    Completed epoch 995 / 2000;    current loss: 0.43940773606300354
INFO Gradient norm: 246.77317719508287
PROGRESS    Completed epoch 996 / 2000;    current loss: 0.4442306458950043
INFO Gradient norm: 205.30491615893155
PROGRESS    Completed epoch 997 / 2000;    current loss: 0.4331211447715759
INFO Gradient norm: 238.16817843314257
PROGRESS    Completed epoch 998 / 2000;    current loss: 0.44993600249290466
INFO Gradient norm: 208.7955072177005
PROGRESS    Completed epoch 999 / 2000;    current loss: 0.43904033303260803
INFO Gradient norm: 246.5874518016895
PROGRESS    Completed epoch 1000 / 2000;    current loss: 0.444059818983078
INFO Gradient norm: 205.24985973088863
PROGRESS    Completed epoch 1001 / 2000;    current loss: 0.43298107385635376
INFO Gradient norm: 237.33790582066413
PROGRESS    Completed epoch 1002 / 2000;    current loss: 0.44950005412101746
INFO Gradient norm: 208.07599379812606
PROGRESS    Completed epoch 1003 / 2000;    current loss: 0.438686728477478
INFO Gradient norm: 246.31101420795252
PROGRESS    Completed epoch 1004 / 2000;    current loss: 0.44385650753974915
INFO Gradient norm: 205.03205755009904
PROGRESS    Completed epoch 1005 / 2000;    current loss: 0.4328036308288574
INFO Gradient norm: 236.6432550443939
PROGRESS    Completed epoch 1006 / 2000;    current loss: 0.44912299513816833
INFO Gradient norm: 207.457859422364
PROGRESS    Completed epoch 1007 / 2000;    current loss: 0.43837982416152954
INFO Gradient norm: 245.9124969915408
PROGRESS    Completed epoch 1008 / 2000;    current loss: 0.44362160563468933
INFO Gradient norm: 204.74329923837738
PROGRESS    Completed epoch 1009 / 2000;    current loss: 0.43262043595314026
INFO Gradient norm: 236.0008243197785
PROGRESS    Completed epoch 1010 / 2000;    current loss: 0.44877299666404724
INFO Gradient norm: 206.94045343187446
PROGRESS    Completed epoch 1011 / 2000;    current loss: 0.4381060004234314
INFO Gradient norm: 245.36908868306693
PROGRESS    Completed epoch 1012 / 2000;    current loss: 0.44335803389549255
INFO Gradient norm: 204.31696780744934
PROGRESS    Completed epoch 1013 / 2000;    current loss: 0.43240293860435486
INFO Gradient norm: 235.44723228151724
PROGRESS    Completed epoch 1014 / 2000;    current loss: 0.44846290349960327
INFO Gradient norm: 206.46446249512368
PROGRESS    Completed epoch 1015 / 2000;    current loss: 0.4378456473350525
INFO Gradient norm: 244.74520321780608
PROGRESS    Completed epoch 1016 / 2000;    current loss: 0.44306278228759766
INFO Gradient norm: 203.79865224346278
PROGRESS    Completed epoch 1017 / 2000;    current loss: 0.4321497976779938
INFO Gradient norm: 234.94437088265002
PROGRESS    Completed epoch 1018 / 2000;    current loss: 0.4481721818447113
INFO Gradient norm: 206.04490288891606
PROGRESS    Completed epoch 1019 / 2000;    current loss: 0.43760326504707336
INFO Gradient norm: 244.08794303282565
PROGRESS    Completed epoch 1020 / 2000;    current loss: 0.442757785320282
INFO Gradient norm: 203.26714527091897
PROGRESS    Completed epoch 1021 / 2000;    current loss: 0.43189939856529236
INFO Gradient norm: 234.2047850223496
PROGRESS    Completed epoch 1022 / 2000;    current loss: 0.4478043019771576
INFO Gradient norm: 203.5112284473779
PROGRESS    Completed epoch 1023 / 2000;    current loss: 0.4368155002593994
INFO Gradient norm: 248.39562424742982
PROGRESS    Completed epoch 1024 / 2000;    current loss: 0.4441457688808441
INFO Gradient norm: 209.84975069598875
PROGRESS    Completed epoch 1025 / 2000;    current loss: 0.4338119626045227
INFO Gradient norm: 227.91943096517883
PROGRESS    Completed epoch 1026 / 2000;    current loss: 0.44570887088775635
INFO Gradient norm: 198.11359325897902
PROGRESS    Completed epoch 1027 / 2000;    current loss: 0.4353315532207489
INFO Gradient norm: 254.51663490964702
PROGRESS    Completed epoch 1028 / 2000;    current loss: 0.446215957403183
INFO Gradient norm: 214.41410094979622
PROGRESS    Completed epoch 1029 / 2000;    current loss: 0.43518301844596863
INFO Gradient norm: 225.41460150806398
PROGRESS    Completed epoch 1030 / 2000;    current loss: 0.4449123442173004
INFO Gradient norm: 196.38616963376606
PROGRESS    Completed epoch 1031 / 2000;    current loss: 0.4348873794078827
INFO Gradient norm: 255.337632952751
PROGRESS    Completed epoch 1032 / 2000;    current loss: 0.4465654790401459
INFO Gradient norm: 214.31126607817362
PROGRESS    Completed epoch 1033 / 2000;    current loss: 0.4352353513240814
INFO Gradient norm: 225.59542272191612
PROGRESS    Completed epoch 1034 / 2000;    current loss: 0.44500845670700073
INFO Gradient norm: 197.1087717283428
PROGRESS    Completed epoch 1035 / 2000;    current loss: 0.4351279139518738
INFO Gradient norm: 252.92175791472405
PROGRESS    Completed epoch 1036 / 2000;    current loss: 0.4458494186401367
INFO Gradient norm: 211.62255810568416
PROGRESS    Completed epoch 1037 / 2000;    current loss: 0.43452197313308716
INFO Gradient norm: 227.13804537398005
PROGRESS    Completed epoch 1038 / 2000;    current loss: 0.4455564320087433
INFO Gradient norm: 198.9023305739955
PROGRESS    Completed epoch 1039 / 2000;    current loss: 0.43565431237220764
INFO Gradient norm: 249.25252337072445
PROGRESS    Completed epoch 1040 / 2000;    current loss: 0.4447157084941864
INFO Gradient norm: 208.034968339767
PROGRESS    Completed epoch 1041 / 2000;    current loss: 0.43354713916778564
INFO Gradient norm: 228.9415251003529
PROGRESS    Completed epoch 1042 / 2000;    current loss: 0.44617119431495667
INFO Gradient norm: 200.8265552234366
PROGRESS    Completed epoch 1043 / 2000;    current loss: 0.4361947476863861
INFO Gradient norm: 245.5948842745608
PROGRESS    Completed epoch 1044 / 2000;    current loss: 0.44356462359428406
INFO Gradient norm: 204.67904190302667
PROGRESS    Completed epoch 1045 / 2000;    current loss: 0.4326131343841553
INFO Gradient norm: 230.45520240113513
PROGRESS    Completed epoch 1046 / 2000;    current loss: 0.44666045904159546
INFO Gradient norm: 202.3042053547347
PROGRESS    Completed epoch 1047 / 2000;    current loss: 0.43658512830734253
INFO Gradient norm: 242.62812596707658
PROGRESS    Completed epoch 1048 / 2000;    current loss: 0.4425968527793884
INFO Gradient norm: 202.0951570510526
PROGRESS    Completed epoch 1049 / 2000;    current loss: 0.4318583011627197
INFO Gradient norm: 231.31197180192316
PROGRESS    Completed epoch 1050 / 2000;    current loss: 0.4468807578086853
INFO Gradient norm: 203.1142030065712
PROGRESS    Completed epoch 1051 / 2000;    current loss: 0.4367409646511078
INFO Gradient norm: 240.57085810392334
PROGRESS    Completed epoch 1052 / 2000;    current loss: 0.4418804943561554
INFO Gradient norm: 200.43587780253335
PROGRESS    Completed epoch 1053 / 2000;    current loss: 0.431324303150177
INFO Gradient norm: 231.51828676861464
PROGRESS    Completed epoch 1054 / 2000;    current loss: 0.44684961438179016
INFO Gradient norm: 203.27779791384475
PROGRESS    Completed epoch 1055 / 2000;    current loss: 0.43668654561042786
INFO Gradient norm: 239.34608227571414
PROGRESS    Completed epoch 1056 / 2000;    current loss: 0.4414078891277313
INFO Gradient norm: 199.53735219763644
PROGRESS    Completed epoch 1057 / 2000;    current loss: 0.4309687912464142
INFO Gradient norm: 231.24426204381163
PROGRESS    Completed epoch 1058 / 2000;    current loss: 0.4466320872306824
INFO Gradient norm: 202.97383378809346
PROGRESS    Completed epoch 1059 / 2000;    current loss: 0.4364592432975769
INFO Gradient norm: 238.6987535436522
PROGRESS    Completed epoch 1060 / 2000;    current loss: 0.44107919931411743
INFO Gradient norm: 199.13614500518096
PROGRESS    Completed epoch 1061 / 2000;    current loss: 0.4307308793067932
INFO Gradient norm: 230.65125376614012
PROGRESS    Completed epoch 1062 / 2000;    current loss: 0.44628551602363586
INFO Gradient norm: 202.3908868145718
PROGRESS    Completed epoch 1063 / 2000;    current loss: 0.4361489713191986
INFO Gradient norm: 238.3401528918317
PROGRESS    Completed epoch 1064 / 2000;    current loss: 0.44084131717681885
INFO Gradient norm: 198.96716299169242
PROGRESS    Completed epoch 1065 / 2000;    current loss: 0.4305563271045685
INFO Gradient norm: 229.88440861181977
PROGRESS    Completed epoch 1066 / 2000;    current loss: 0.44586530327796936
INFO Gradient norm: 201.7070877409301
PROGRESS    Completed epoch 1067 / 2000;    current loss: 0.4358145594596863
INFO Gradient norm: 238.14258686068993
PROGRESS    Completed epoch 1068 / 2000;    current loss: 0.4406490623950958
INFO Gradient norm: 198.83736736568258
PROGRESS    Completed epoch 1069 / 2000;    current loss: 0.43038758635520935
INFO Gradient norm: 229.1692276447629
PROGRESS    Completed epoch 1070 / 2000;    current loss: 0.4454724192619324
INFO Gradient norm: 201.04182082781213
PROGRESS    Completed epoch 1071 / 2000;    current loss: 0.4354729950428009
INFO Gradient norm: 237.7929765237549
PROGRESS    Completed epoch 1072 / 2000;    current loss: 0.4404151141643524
INFO Gradient norm: 198.65660778761028
PROGRESS    Completed epoch 1073 / 2000;    current loss: 0.4302046597003937
INFO Gradient norm: 228.45454115294552
PROGRESS    Completed epoch 1074 / 2000;    current loss: 0.4450972080230713
INFO Gradient norm: 200.4301376898832
PROGRESS    Completed epoch 1075 / 2000;    current loss: 0.4351571202278137
INFO Gradient norm: 237.46559434145246
PROGRESS    Completed epoch 1076 / 2000;    current loss: 0.44017988443374634
INFO Gradient norm: 198.36273024732367
PROGRESS    Completed epoch 1077 / 2000;    current loss: 0.42999768257141113
INFO Gradient norm: 227.81358644006485
PROGRESS    Completed epoch 1078 / 2000;    current loss: 0.44474196434020996
INFO Gradient norm: 199.85701461682973
PROGRESS    Completed epoch 1079 / 2000;    current loss: 0.43485379219055176
INFO Gradient norm: 236.93214337312435
PROGRESS    Completed epoch 1080 / 2000;    current loss: 0.4399030804634094
INFO Gradient norm: 197.95144652079566
PROGRESS    Completed epoch 1081 / 2000;    current loss: 0.42976972460746765
INFO Gradient norm: 226.11178367869536
PROGRESS    Completed epoch 1082 / 2000;    current loss: 0.44405874609947205
INFO Gradient norm: 196.275818872041
PROGRESS    Completed epoch 1083 / 2000;    current loss: 0.4337916374206543
INFO Gradient norm: 245.12326795483415
PROGRESS    Completed epoch 1084 / 2000;    current loss: 0.442473828792572
INFO Gradient norm: 207.88974897641614
PROGRESS    Completed epoch 1085 / 2000;    current loss: 0.4325624108314514
INFO Gradient norm: 220.24060146193096
PROGRESS    Completed epoch 1086 / 2000;    current loss: 0.4421572685241699
INFO Gradient norm: 191.4883949482341
PROGRESS    Completed epoch 1087 / 2000;    current loss: 0.43252643942832947
INFO Gradient norm: 250.0230811450745
PROGRESS    Completed epoch 1088 / 2000;    current loss: 0.444135844707489
INFO Gradient norm: 211.02761744279212
PROGRESS    Completed epoch 1089 / 2000;    current loss: 0.4335498809814453
INFO Gradient norm: 218.77941419991782
PROGRESS    Completed epoch 1090 / 2000;    current loss: 0.44174447655677795
INFO Gradient norm: 190.9343079327059
PROGRESS    Completed epoch 1091 / 2000;    current loss: 0.43244460225105286
INFO Gradient norm: 248.95295552525752
PROGRESS    Completed epoch 1092 / 2000;    current loss: 0.44391268491744995
INFO Gradient norm: 209.09278140845743
PROGRESS    Completed epoch 1093 / 2000;    current loss: 0.43311262130737305
INFO Gradient norm: 220.10328633519543
PROGRESS    Completed epoch 1094 / 2000;    current loss: 0.44225335121154785
INFO Gradient norm: 192.79223633492632
PROGRESS    Completed epoch 1095 / 2000;    current loss: 0.4330236613750458
INFO Gradient norm: 244.7872486570398
PROGRESS    Completed epoch 1096 / 2000;    current loss: 0.4427104592323303
INFO Gradient norm: 204.6849317728796
PROGRESS    Completed epoch 1097 / 2000;    current loss: 0.4319927394390106
INFO Gradient norm: 222.5572273091093
PROGRESS    Completed epoch 1098 / 2000;    current loss: 0.443116158246994
INFO Gradient norm: 195.49032736039518
PROGRESS    Completed epoch 1099 / 2000;    current loss: 0.4338203966617584
INFO Gradient norm: 239.739910265777
PROGRESS    Completed epoch 1100 / 2000;    current loss: 0.4412118196487427
INFO Gradient norm: 199.97174903385408
PROGRESS    Completed epoch 1101 / 2000;    current loss: 0.4307694137096405
INFO Gradient norm: 224.89581468733192
PROGRESS    Completed epoch 1102 / 2000;    current loss: 0.4439258873462677
INFO Gradient norm: 197.84438194482055
PROGRESS    Completed epoch 1103 / 2000;    current loss: 0.43449386954307556
INFO Gradient norm: 235.35428952766378
PROGRESS    Completed epoch 1104 / 2000;    current loss: 0.43989261984825134
INFO Gradient norm: 196.0748240165159
PROGRESS    Completed epoch 1105 / 2000;    current loss: 0.42974400520324707
INFO Gradient norm: 226.48293112252313
PROGRESS    Completed epoch 1106 / 2000;    current loss: 0.44443392753601074
INFO Gradient norm: 199.3368504362954
PROGRESS    Completed epoch 1107 / 2000;    current loss: 0.4348872900009155
INFO Gradient norm: 232.19561779710082
PROGRESS    Completed epoch 1108 / 2000;    current loss: 0.4389183521270752
INFO Gradient norm: 193.45497431317395
PROGRESS    Completed epoch 1109 / 2000;    current loss: 0.42900434136390686
INFO Gradient norm: 227.09123185692016
PROGRESS    Completed epoch 1110 / 2000;    current loss: 0.4445781409740448
INFO Gradient norm: 199.8600523887745
PROGRESS    Completed epoch 1111 / 2000;    current loss: 0.43495482206344604
INFO Gradient norm: 230.31483991161372
PROGRESS    Completed epoch 1112 / 2000;    current loss: 0.43829166889190674
INFO Gradient norm: 192.0534920365635
PROGRESS    Completed epoch 1113 / 2000;    current loss: 0.42855122685432434
INFO Gradient norm: 226.9379427303876
PROGRESS    Completed epoch 1114 / 2000;    current loss: 0.44441619515419006
INFO Gradient norm: 199.62398103641345
PROGRESS    Completed epoch 1115 / 2000;    current loss: 0.43477296829223633
INFO Gradient norm: 229.3866636133543
PROGRESS    Completed epoch 1116 / 2000;    current loss: 0.43789732456207275
INFO Gradient norm: 191.45576902884503
PROGRESS    Completed epoch 1117 / 2000;    current loss: 0.42827585339546204
INFO Gradient norm: 226.23204378348254
PROGRESS    Completed epoch 1118 / 2000;    current loss: 0.44404149055480957
INFO Gradient norm: 198.88060835083826
PROGRESS    Completed epoch 1119 / 2000;    current loss: 0.43441322445869446
INFO Gradient norm: 229.0842296521181
PROGRESS    Completed epoch 1120 / 2000;    current loss: 0.4376877546310425
INFO Gradient norm: 191.36034530155916
PROGRESS    Completed epoch 1121 / 2000;    current loss: 0.4281196892261505
INFO Gradient norm: 225.2644511824795
PROGRESS    Completed epoch 1122 / 2000;    current loss: 0.4435732662677765
INFO Gradient norm: 197.9731688951498
PROGRESS    Completed epoch 1123 / 2000;    current loss: 0.4340074956417084
INFO Gradient norm: 228.97079537064164
PROGRESS    Completed epoch 1124 / 2000;    current loss: 0.4375283122062683
INFO Gradient norm: 191.40255888540457
PROGRESS    Completed epoch 1125 / 2000;    current loss: 0.42799773812294006
INFO Gradient norm: 224.22911516501287
PROGRESS    Completed epoch 1126 / 2000;    current loss: 0.4430777430534363
INFO Gradient norm: 197.00568274060086
PROGRESS    Completed epoch 1127 / 2000;    current loss: 0.4335879683494568
INFO Gradient norm: 228.83640956663845
PROGRESS    Completed epoch 1128 / 2000;    current loss: 0.4373539388179779
INFO Gradient norm: 191.3725157244502
PROGRESS    Completed epoch 1129 / 2000;    current loss: 0.4278580844402313
INFO Gradient norm: 223.24658495073896
PROGRESS    Completed epoch 1130 / 2000;    current loss: 0.4426049292087555
INFO Gradient norm: 195.76027187647787
PROGRESS    Completed epoch 1131 / 2000;    current loss: 0.43310266733169556
INFO Gradient norm: 228.81353246874886
PROGRESS    Completed epoch 1132 / 2000;    current loss: 0.4372391998767853
INFO Gradient norm: 192.01895343525197
PROGRESS    Completed epoch 1133 / 2000;    current loss: 0.42791661620140076
INFO Gradient norm: 221.0527081281997
PROGRESS    Completed epoch 1134 / 2000;    current loss: 0.4417632222175598
INFO Gradient norm: 193.84207097505652
PROGRESS    Completed epoch 1135 / 2000;    current loss: 0.4324497580528259
INFO Gradient norm: 229.98764086958172
PROGRESS    Completed epoch 1136 / 2000;    current loss: 0.4374908208847046
INFO Gradient norm: 192.9654900203896
PROGRESS    Completed epoch 1137 / 2000;    current loss: 0.4280540347099304
INFO Gradient norm: 219.20848106756486
PROGRESS    Completed epoch 1138 / 2000;    current loss: 0.4410463273525238
INFO Gradient norm: 190.64223730591138
PROGRESS    Completed epoch 1139 / 2000;    current loss: 0.4314974248409271
INFO Gradient norm: 236.63437357989807
PROGRESS    Completed epoch 1140 / 2000;    current loss: 0.4395095407962799
INFO Gradient norm: 200.80831330319782
PROGRESS    Completed epoch 1141 / 2000;    current loss: 0.43018946051597595
INFO Gradient norm: 214.21671657896022
PROGRESS    Completed epoch 1142 / 2000;    current loss: 0.4394553303718567
INFO Gradient norm: 186.65549349299968
PROGRESS    Completed epoch 1143 / 2000;    current loss: 0.4304491877555847
INFO Gradient norm: 240.35490401100373
PROGRESS    Completed epoch 1144 / 2000;    current loss: 0.44071897864341736
INFO Gradient norm: 202.97809148351936
PROGRESS    Completed epoch 1145 / 2000;    current loss: 0.4308405816555023
INFO Gradient norm: 213.16320386527462
PROGRESS    Completed epoch 1146 / 2000;    current loss: 0.4391458034515381
INFO Gradient norm: 186.4680072945084
PROGRESS    Completed epoch 1147 / 2000;    current loss: 0.4304378032684326
INFO Gradient norm: 238.7512588722714
PROGRESS    Completed epoch 1148 / 2000;    current loss: 0.4402974843978882
INFO Gradient norm: 200.65822774015905
PROGRESS    Completed epoch 1149 / 2000;    current loss: 0.4302772283554077
INFO Gradient norm: 214.58164287745655
PROGRESS    Completed epoch 1150 / 2000;    current loss: 0.43963131308555603
INFO Gradient norm: 188.35908211103697
PROGRESS    Completed epoch 1151 / 2000;    current loss: 0.4309704601764679
INFO Gradient norm: 234.48241482396605
PROGRESS    Completed epoch 1152 / 2000;    current loss: 0.4390562176704407
INFO Gradient norm: 196.36532395947538
PROGRESS    Completed epoch 1153 / 2000;    current loss: 0.42918574810028076
INFO Gradient norm: 216.87062312379092
PROGRESS    Completed epoch 1154 / 2000;    current loss: 0.4403870701789856
INFO Gradient norm: 190.83104408565245
PROGRESS    Completed epoch 1155 / 2000;    current loss: 0.43165212869644165
INFO Gradient norm: 229.7718985807076
PROGRESS    Completed epoch 1156 / 2000;    current loss: 0.4376766085624695
INFO Gradient norm: 191.9424828539481
PROGRESS    Completed epoch 1157 / 2000;    current loss: 0.42802971601486206
INFO Gradient norm: 218.9169127663595
PROGRESS    Completed epoch 1158 / 2000;    current loss: 0.441042423248291
INFO Gradient norm: 192.8612392022376
PROGRESS    Completed epoch 1159 / 2000;    current loss: 0.4321931004524231
INFO Gradient norm: 225.75030293809817
PROGRESS    Completed epoch 1160 / 2000;    current loss: 0.4364602863788605
INFO Gradient norm: 188.43283800108597
PROGRESS    Completed epoch 1161 / 2000;    current loss: 0.4270963966846466
INFO Gradient norm: 220.1609491556306
PROGRESS    Completed epoch 1162 / 2000;    current loss: 0.4413983225822449
INFO Gradient norm: 194.02839534324576
PROGRESS    Completed epoch 1163 / 2000;    current loss: 0.4324459433555603
INFO Gradient norm: 222.9570776250801
PROGRESS    Completed epoch 1164 / 2000;    current loss: 0.4355925917625427
INFO Gradient norm: 186.16588595491794
PROGRESS    Completed epoch 1165 / 2000;    current loss: 0.42644745111465454
INFO Gradient norm: 220.53249094389494
PROGRESS    Completed epoch 1166 / 2000;    current loss: 0.4414190351963043
INFO Gradient norm: 194.28426280524766
PROGRESS    Completed epoch 1167 / 2000;    current loss: 0.4324186146259308
INFO Gradient norm: 221.37724405159676
PROGRESS    Completed epoch 1168 / 2000;    current loss: 0.43503686785697937
INFO Gradient norm: 184.99178755717386
PROGRESS    Completed epoch 1169 / 2000;    current loss: 0.4260352849960327
INFO Gradient norm: 220.12161143013594
PROGRESS    Completed epoch 1170 / 2000;    current loss: 0.4411567747592926
INFO Gradient norm: 193.82508993070385
PROGRESS    Completed epoch 1171 / 2000;    current loss: 0.43215081095695496
INFO Gradient norm: 220.61849086898016
PROGRESS    Completed epoch 1172 / 2000;    current loss: 0.43468302488327026
INFO Gradient norm: 184.5608873372057
PROGRESS    Completed epoch 1173 / 2000;    current loss: 0.42578235268592834
INFO Gradient norm: 217.74926929255344
PROGRESS    Completed epoch 1174 / 2000;    current loss: 0.4402746260166168
INFO Gradient norm: 189.75022449948798
PROGRESS    Completed epoch 1175 / 2000;    current loss: 0.4309512674808502
INFO Gradient norm: 227.16304867592984
PROGRESS    Completed epoch 1176 / 2000;    current loss: 0.4365985691547394
INFO Gradient norm: 192.95350613240942
PROGRESS    Completed epoch 1177 / 2000;    current loss: 0.42799267172813416
INFO Gradient norm: 211.8127106084101
PROGRESS    Completed epoch 1178 / 2000;    current loss: 0.43836548924446106
INFO Gradient norm: 184.72571618393965
PROGRESS    Completed epoch 1179 / 2000;    current loss: 0.42960020899772644
INFO Gradient norm: 232.3442217080759
PROGRESS    Completed epoch 1180 / 2000;    current loss: 0.43818235397338867
INFO Gradient norm: 196.6957318004793
PROGRESS    Completed epoch 1181 / 2000;    current loss: 0.4289999306201935
INFO Gradient norm: 209.6242776588696
PROGRESS    Completed epoch 1182 / 2000;    current loss: 0.43766266107559204
INFO Gradient norm: 183.32784804901303
PROGRESS    Completed epoch 1183 / 2000;    current loss: 0.4292183518409729
INFO Gradient norm: 232.3930004318335
PROGRESS    Completed epoch 1184 / 2000;    current loss: 0.43821126222610474
INFO Gradient norm: 195.90284066006404
PROGRESS    Completed epoch 1185 / 2000;    current loss: 0.428798109292984
INFO Gradient norm: 210.04336660901689
PROGRESS    Completed epoch 1186 / 2000;    current loss: 0.4377671778202057
INFO Gradient norm: 184.28650327572353
PROGRESS    Completed epoch 1187 / 2000;    current loss: 0.4294483959674835
INFO Gradient norm: 229.3926036193782
PROGRESS    Completed epoch 1188 / 2000;    current loss: 0.437315970659256
INFO Gradient norm: 192.67996326796933
PROGRESS    Completed epoch 1189 / 2000;    current loss: 0.4279491901397705
INFO Gradient norm: 211.68936851578727
PROGRESS    Completed epoch 1190 / 2000;    current loss: 0.4382636547088623
INFO Gradient norm: 186.20566185223356
PROGRESS    Completed epoch 1191 / 2000;    current loss: 0.4299375116825104
INFO Gradient norm: 225.36778134668313
PROGRESS    Completed epoch 1192 / 2000;    current loss: 0.4361080229282379
INFO Gradient norm: 188.83217944112704
PROGRESS    Completed epoch 1193 / 2000;    current loss: 0.4269237816333771
INFO Gradient norm: 213.45285388735167
PROGRESS    Completed epoch 1194 / 2000;    current loss: 0.4387769103050232
INFO Gradient norm: 188.04538956194557
PROGRESS    Completed epoch 1195 / 2000;    current loss: 0.43036818504333496
INFO Gradient norm: 221.57611129990508
PROGRESS    Completed epoch 1196 / 2000;    current loss: 0.43494901061058044
INFO Gradient norm: 185.4606702439622
PROGRESS    Completed epoch 1197 / 2000;    current loss: 0.4259989857673645
INFO Gradient norm: 214.71430174157504
PROGRESS    Completed epoch 1198 / 2000;    current loss: 0.4391002357006073
INFO Gradient norm: 189.2556261936239
PROGRESS    Completed epoch 1199 / 2000;    current loss: 0.4306192398071289
INFO Gradient norm: 218.74659329441621
PROGRESS    Completed epoch 1200 / 2000;    current loss: 0.43404921889305115
INFO Gradient norm: 183.08276095813284
PROGRESS    Completed epoch 1201 / 2000;    current loss: 0.42530393600463867
INFO Gradient norm: 215.19266328164818
PROGRESS    Completed epoch 1202 / 2000;    current loss: 0.4391440153121948
INFO Gradient norm: 189.63583960726237
PROGRESS    Completed epoch 1203 / 2000;    current loss: 0.4305943548679352
INFO Gradient norm: 216.92777734226536
PROGRESS    Completed epoch 1204 / 2000;    current loss: 0.43341532349586487
INFO Gradient norm: 181.68605009434532
PROGRESS    Completed epoch 1205 / 2000;    current loss: 0.4248313307762146
INFO Gradient norm: 214.98521711738027
PROGRESS    Completed epoch 1206 / 2000;    current loss: 0.43893763422966003
INFO Gradient norm: 189.39020222710906
PROGRESS    Completed epoch 1207 / 2000;    current loss: 0.43038374185562134
INFO Gradient norm: 215.96747614319065
PROGRESS    Completed epoch 1208 / 2000;    current loss: 0.4329943060874939
INFO Gradient norm: 182.18447250447807
PROGRESS    Completed epoch 1209 / 2000;    current loss: 0.42481768131256104
INFO Gradient norm: 213.21792672634217
PROGRESS    Completed epoch 1210 / 2000;    current loss: 0.43824025988578796
INFO Gradient norm: 186.59308560702996
PROGRESS    Completed epoch 1211 / 2000;    current loss: 0.42952555418014526
INFO Gradient norm: 220.22144023317293
PROGRESS    Completed epoch 1212 / 2000;    current loss: 0.4341590106487274
INFO Gradient norm: 186.3149635517818
PROGRESS    Completed epoch 1213 / 2000;    current loss: 0.4258181154727936
INFO Gradient norm: 209.59983013401384
PROGRESS    Completed epoch 1214 / 2000;    current loss: 0.4370291829109192
INFO Gradient norm: 183.64635440620648
PROGRESS    Completed epoch 1215 / 2000;    current loss: 0.42866572737693787
INFO Gradient norm: 222.54292097008286
PROGRESS    Completed epoch 1216 / 2000;    current loss: 0.4347821772098541
INFO Gradient norm: 187.8360277452559
PROGRESS    Completed epoch 1217 / 2000;    current loss: 0.4261449873447418
INFO Gradient norm: 208.30033037634877
PROGRESS    Completed epoch 1218 / 2000;    current loss: 0.4365357458591461
INFO Gradient norm: 182.835937467785
PROGRESS    Completed epoch 1219 / 2000;    current loss: 0.42836931347846985
INFO Gradient norm: 221.85175116068862
PROGRESS    Completed epoch 1220 / 2000;    current loss: 0.43453162908554077
INFO Gradient norm: 186.73946076768624
PROGRESS    Completed epoch 1221 / 2000;    current loss: 0.42580467462539673
INFO Gradient norm: 208.45578616705012
PROGRESS    Completed epoch 1222 / 2000;    current loss: 0.43650710582733154
INFO Gradient norm: 183.33897557664622
PROGRESS    Completed epoch 1223 / 2000;    current loss: 0.42843353748321533
INFO Gradient norm: 219.50174167782822
PROGRESS    Completed epoch 1224 / 2000;    current loss: 0.433784157037735
INFO Gradient norm: 184.35646123150508
PROGRESS    Completed epoch 1225 / 2000;    current loss: 0.4251333475112915
INFO Gradient norm: 208.77931560524445
PROGRESS    Completed epoch 1226 / 2000;    current loss: 0.43653371930122375
INFO Gradient norm: 182.14794542460788
PROGRESS    Completed epoch 1227 / 2000;    current loss: 0.4280729293823242
INFO Gradient norm: 223.32121200877782
PROGRESS    Completed epoch 1228 / 2000;    current loss: 0.4349222183227539
INFO Gradient norm: 189.83174551203848
PROGRESS    Completed epoch 1229 / 2000;    current loss: 0.42658448219299316
INFO Gradient norm: 204.92068729484953
PROGRESS    Completed epoch 1230 / 2000;    current loss: 0.4353833794593811
INFO Gradient norm: 179.2254558925283
PROGRESS    Completed epoch 1231 / 2000;    current loss: 0.4273565709590912
INFO Gradient norm: 225.5643478426813
PROGRESS    Completed epoch 1232 / 2000;    current loss: 0.43564701080322266
INFO Gradient norm: 190.78942555826046
PROGRESS    Completed epoch 1233 / 2000;    current loss: 0.42689985036849976
INFO Gradient norm: 204.5003455189203
PROGRESS    Completed epoch 1234 / 2000;    current loss: 0.4352770745754242
INFO Gradient norm: 179.53327765566817
PROGRESS    Completed epoch 1235 / 2000;    current loss: 0.42745423316955566
INFO Gradient norm: 223.30184019389984
PROGRESS    Completed epoch 1236 / 2000;    current loss: 0.4350337088108063
INFO Gradient norm: 187.96910220627882
PROGRESS    Completed epoch 1237 / 2000;    current loss: 0.42621397972106934
INFO Gradient norm: 206.06785847937013
PROGRESS    Completed epoch 1238 / 2000;    current loss: 0.4357552230358124
INFO Gradient norm: 181.48436894509692
PROGRESS    Completed epoch 1239 / 2000;    current loss: 0.42795225977897644
INFO Gradient norm: 218.9291577749726
PROGRESS    Completed epoch 1240 / 2000;    current loss: 0.4337897300720215
INFO Gradient norm: 183.68177135641486
PROGRESS    Completed epoch 1241 / 2000;    current loss: 0.4251314401626587
INFO Gradient norm: 208.1316783806158
PROGRESS    Completed epoch 1242 / 2000;    current loss: 0.43637630343437195
INFO Gradient norm: 183.68546023546563
PROGRESS    Completed epoch 1243 / 2000;    current loss: 0.428508996963501
INFO Gradient norm: 214.46739369557037
PROGRESS    Completed epoch 1244 / 2000;    current loss: 0.432503342628479
INFO Gradient norm: 179.61536948193236
PROGRESS    Completed epoch 1245 / 2000;    current loss: 0.4240823984146118
INFO Gradient norm: 209.7511001589945
PROGRESS    Completed epoch 1246 / 2000;    current loss: 0.4368307292461395
INFO Gradient norm: 185.22250693968982
PROGRESS    Completed epoch 1247 / 2000;    current loss: 0.4288463592529297
INFO Gradient norm: 210.93448739933208
PROGRESS    Completed epoch 1248 / 2000;    current loss: 0.43145114183425903
INFO Gradient norm: 176.5966914801378
PROGRESS    Completed epoch 1249 / 2000;    current loss: 0.4232637286186218
INFO Gradient norm: 210.47215629488545
PROGRESS    Completed epoch 1250 / 2000;    current loss: 0.43696117401123047
INFO Gradient norm: 185.69783363221285
PROGRESS    Completed epoch 1251 / 2000;    current loss: 0.42886149883270264
INFO Gradient norm: 209.2403325834431
PROGRESS    Completed epoch 1252 / 2000;    current loss: 0.4308917820453644
INFO Gradient norm: 176.3002932017209
PROGRESS    Completed epoch 1253 / 2000;    current loss: 0.42311155796051025
INFO Gradient norm: 208.55146665247798
PROGRESS    Completed epoch 1254 / 2000;    current loss: 0.4362546503543854
INFO Gradient norm: 183.471450375281
PROGRESS    Completed epoch 1255 / 2000;    current loss: 0.42817455530166626
INFO Gradient norm: 210.79998898383255
PROGRESS    Completed epoch 1256 / 2000;    current loss: 0.4312278926372528
INFO Gradient norm: 177.65143506405965
PROGRESS    Completed epoch 1257 / 2000;    current loss: 0.4233289062976837
INFO Gradient norm: 206.49045504586675
PROGRESS    Completed epoch 1258 / 2000;    current loss: 0.4354965388774872
INFO Gradient norm: 180.29909458940253
PROGRESS    Completed epoch 1259 / 2000;    current loss: 0.4272427558898926
INFO Gradient norm: 216.4815792498113
PROGRESS    Completed epoch 1260 / 2000;    current loss: 0.4327981173992157
INFO Gradient norm: 184.29133466212284
PROGRESS    Completed epoch 1261 / 2000;    current loss: 0.42496347427368164
INFO Gradient norm: 201.8496622030704
PROGRESS    Completed epoch 1262 / 2000;    current loss: 0.4340474009513855
INFO Gradient norm: 176.6423572308739
PROGRESS    Completed epoch 1263 / 2000;    current loss: 0.4262797236442566
INFO Gradient norm: 219.47220640410202
PROGRESS    Completed epoch 1264 / 2000;    current loss: 0.43364793062210083
INFO Gradient norm: 185.93383468790506
PROGRESS    Completed epoch 1265 / 2000;    current loss: 0.42537596821784973
INFO Gradient norm: 200.8483643809468
PROGRESS    Completed epoch 1266 / 2000;    current loss: 0.4337165653705597
INFO Gradient norm: 176.4087012313524
PROGRESS    Completed epoch 1267 / 2000;    current loss: 0.4261884093284607
INFO Gradient norm: 217.71696859796705
PROGRESS    Completed epoch 1268 / 2000;    current loss: 0.43314129114151
INFO Gradient norm: 183.6082608204149
PROGRESS    Completed epoch 1269 / 2000;    current loss: 0.42477670311927795
INFO Gradient norm: 201.98391393826427
PROGRESS    Completed epoch 1270 / 2000;    current loss: 0.4340171217918396
INFO Gradient norm: 178.00329800446116
PROGRESS    Completed epoch 1271 / 2000;    current loss: 0.4265570044517517
INFO Gradient norm: 213.6784544872005
PROGRESS    Completed epoch 1272 / 2000;    current loss: 0.4319803714752197
INFO Gradient norm: 179.52369494201926
PROGRESS    Completed epoch 1273 / 2000;    current loss: 0.4237389862537384
INFO Gradient norm: 203.8615301642857
PROGRESS    Completed epoch 1274 / 2000;    current loss: 0.434550404548645
INFO Gradient norm: 180.03436673179246
PROGRESS    Completed epoch 1275 / 2000;    current loss: 0.42702656984329224
INFO Gradient norm: 209.30457736819477
PROGRESS    Completed epoch 1276 / 2000;    current loss: 0.43071502447128296
INFO Gradient norm: 175.56899729837636
PROGRESS    Completed epoch 1277 / 2000;    current loss: 0.4227087199687958
INFO Gradient norm: 204.90243588543473
PROGRESS    Completed epoch 1278 / 2000;    current loss: 0.43480154871940613
INFO Gradient norm: 179.44190016947107
PROGRESS    Completed epoch 1279 / 2000;    current loss: 0.426843523979187
INFO Gradient norm: 210.78013771671317
PROGRESS    Completed epoch 1280 / 2000;    current loss: 0.4311518967151642
INFO Gradient norm: 179.1977926636663
PROGRESS    Completed epoch 1281 / 2000;    current loss: 0.42365044355392456
INFO Gradient norm: 200.93520153425646
PROGRESS    Completed epoch 1282 / 2000;    current loss: 0.43362677097320557
INFO Gradient norm: 176.14208443535
PROGRESS    Completed epoch 1283 / 2000;    current loss: 0.4260002374649048
INFO Gradient norm: 213.71813446389953
PROGRESS    Completed epoch 1284 / 2000;    current loss: 0.43200939893722534
INFO Gradient norm: 181.07902666557212
PROGRESS    Completed epoch 1285 / 2000;    current loss: 0.42413315176963806
INFO Gradient norm: 199.59767767783856
PROGRESS    Completed epoch 1286 / 2000;    current loss: 0.43319615721702576
INFO Gradient norm: 175.45847352754507
PROGRESS    Completed epoch 1287 / 2000;    current loss: 0.42580080032348633
INFO Gradient norm: 212.8003792259975
PROGRESS    Completed epoch 1288 / 2000;    current loss: 0.4317377209663391
INFO Gradient norm: 179.6338325948847
PROGRESS    Completed epoch 1289 / 2000;    current loss: 0.42374318838119507
INFO Gradient norm: 200.12038478837965
PROGRESS    Completed epoch 1290 / 2000;    current loss: 0.43329623341560364
INFO Gradient norm: 176.3514871102188
PROGRESS    Completed epoch 1291 / 2000;    current loss: 0.42596641182899475
INFO Gradient norm: 209.84533681285848
PROGRESS    Completed epoch 1292 / 2000;    current loss: 0.43086519837379456
INFO Gradient norm: 176.67209058674877
PROGRESS    Completed epoch 1293 / 2000;    current loss: 0.42296501994132996
INFO Gradient norm: 201.2971551631949
PROGRESS    Completed epoch 1294 / 2000;    current loss: 0.4335790276527405
INFO Gradient norm: 177.70617017213848
PROGRESS    Completed epoch 1295 / 2000;    current loss: 0.42623454332351685
INFO Gradient norm: 206.41871526349203
PROGRESS    Completed epoch 1296 / 2000;    current loss: 0.42984285950660706
INFO Gradient norm: 173.48207719711763
PROGRESS    Completed epoch 1297 / 2000;    current loss: 0.42210808396339417
INFO Gradient norm: 202.3213598899251
PROGRESS    Completed epoch 1298 / 2000;    current loss: 0.43378591537475586
INFO Gradient norm: 178.737988385867
PROGRESS    Completed epoch 1299 / 2000;    current loss: 0.4263886511325836
INFO Gradient norm: 203.45735485407624
PROGRESS    Completed epoch 1300 / 2000;    current loss: 0.428943932056427
INFO Gradient norm: 172.25683512046098
PROGRESS    Completed epoch 1301 / 2000;    current loss: 0.4217239320278168
INFO Gradient norm: 201.50979657072622
PROGRESS    Completed epoch 1302 / 2000;    current loss: 0.43343937397003174
INFO Gradient norm: 177.094986162643
PROGRESS    Completed epoch 1303 / 2000;    current loss: 0.4258856773376465
INFO Gradient norm: 206.48775722737437
PROGRESS    Completed epoch 1304 / 2000;    current loss: 0.429722398519516
INFO Gradient norm: 174.858844058218
PROGRESS    Completed epoch 1305 / 2000;    current loss: 0.42229893803596497
INFO Gradient norm: 199.44302959854974
PROGRESS    Completed epoch 1306 / 2000;    current loss: 0.4327487647533417
INFO Gradient norm: 175.50183056962902
PROGRESS    Completed epoch 1307 / 2000;    current loss: 0.42539599537849426
INFO Gradient norm: 206.75998283765713
PROGRESS    Completed epoch 1308 / 2000;    current loss: 0.42972373962402344
INFO Gradient norm: 174.67474814184345
PROGRESS    Completed epoch 1309 / 2000;    current loss: 0.42217740416526794
INFO Gradient norm: 198.757230002845
PROGRESS    Completed epoch 1310 / 2000;    current loss: 0.4324517846107483
INFO Gradient norm: 174.01061313260047
PROGRESS    Completed epoch 1311 / 2000;    current loss: 0.4249609112739563
INFO Gradient norm: 208.32307056563428
PROGRESS    Completed epoch 1312 / 2000;    current loss: 0.4301489591598511
INFO Gradient norm: 177.41597733801262
PROGRESS    Completed epoch 1313 / 2000;    current loss: 0.42284470796585083
INFO Gradient norm: 195.48494537857184
PROGRESS    Completed epoch 1314 / 2000;    current loss: 0.43148910999298096
INFO Gradient norm: 171.5273283732783
PROGRESS    Completed epoch 1315 / 2000;    current loss: 0.424335241317749
INFO Gradient norm: 209.87390020369895
PROGRESS    Completed epoch 1316 / 2000;    current loss: 0.43058788776397705
INFO Gradient norm: 177.96671452800112
PROGRESS    Completed epoch 1317 / 2000;    current loss: 0.4229832887649536
INFO Gradient norm: 194.98928551454193
PROGRESS    Completed epoch 1318 / 2000;    current loss: 0.43131008744239807
INFO Gradient norm: 171.64766177950446
PROGRESS    Completed epoch 1319 / 2000;    current loss: 0.4243234395980835
INFO Gradient norm: 207.81545551708513
PROGRESS    Completed epoch 1320 / 2000;    current loss: 0.4300021529197693
INFO Gradient norm: 175.48680202554354
PROGRESS    Completed epoch 1321 / 2000;    current loss: 0.42235273122787476
INFO Gradient norm: 196.07957070948504
PROGRESS    Completed epoch 1322 / 2000;    current loss: 0.43157342076301575
INFO Gradient norm: 173.07435938688792
PROGRESS    Completed epoch 1323 / 2000;    current loss: 0.4246264100074768
INFO Gradient norm: 204.132667780529
PROGRESS    Completed epoch 1324 / 2000;    current loss: 0.42894309759140015
INFO Gradient norm: 171.9292761464774
PROGRESS    Completed epoch 1325 / 2000;    current loss: 0.42144179344177246
INFO Gradient norm: 197.538539059743
PROGRESS    Completed epoch 1326 / 2000;    current loss: 0.43192601203918457
INFO Gradient norm: 174.36801897149383
PROGRESS    Completed epoch 1327 / 2000;    current loss: 0.4248640537261963
INFO Gradient norm: 202.6547102744034
PROGRESS    Completed epoch 1328 / 2000;    current loss: 0.42849913239479065
INFO Gradient norm: 171.57645570260786
PROGRESS    Completed epoch 1329 / 2000;    current loss: 0.42132097482681274
INFO Gradient norm: 196.75531093695037
PROGRESS    Completed epoch 1330 / 2000;    current loss: 0.4316371977329254
INFO Gradient norm: 173.40841392593808
PROGRESS    Completed epoch 1331 / 2000;    current loss: 0.4245687425136566
INFO Gradient norm: 202.31060364956778
PROGRESS    Completed epoch 1332 / 2000;    current loss: 0.42837199568748474
INFO Gradient norm: 170.9154814381645
PROGRESS    Completed epoch 1333 / 2000;    current loss: 0.4211122989654541
INFO Gradient norm: 196.05705008056708
PROGRESS    Completed epoch 1334 / 2000;    current loss: 0.4313751459121704
INFO Gradient norm: 171.87281058170782
PROGRESS    Completed epoch 1335 / 2000;    current loss: 0.4241500496864319
INFO Gradient norm: 204.06502022776243
PROGRESS    Completed epoch 1336 / 2000;    current loss: 0.4288449287414551
INFO Gradient norm: 173.80134042231165
PROGRESS    Completed epoch 1337 / 2000;    current loss: 0.4218176305294037
INFO Gradient norm: 193.07526455096368
PROGRESS    Completed epoch 1338 / 2000;    current loss: 0.43049877882003784
INFO Gradient norm: 169.60919557059475
PROGRESS    Completed epoch 1339 / 2000;    current loss: 0.4235851466655731
INFO Gradient norm: 205.32240206738942
PROGRESS    Completed epoch 1340 / 2000;    current loss: 0.42920151352882385
INFO Gradient norm: 174.17258056793528
PROGRESS    Completed epoch 1341 / 2000;    current loss: 0.4218992590904236
INFO Gradient norm: 192.59601638226306
PROGRESS    Completed epoch 1342 / 2000;    current loss: 0.43032631278038025
INFO Gradient norm: 169.68726731156346
PROGRESS    Completed epoch 1343 / 2000;    current loss: 0.42355459928512573
INFO Gradient norm: 203.29458896807125
PROGRESS    Completed epoch 1344 / 2000;    current loss: 0.42861419916152954
INFO Gradient norm: 171.82332878583594
PROGRESS    Completed epoch 1345 / 2000;    current loss: 0.4212902784347534
INFO Gradient norm: 193.5263887863061
PROGRESS    Completed epoch 1346 / 2000;    current loss: 0.43052661418914795
INFO Gradient norm: 170.92321731688645
PROGRESS    Completed epoch 1347 / 2000;    current loss: 0.42378583550453186
INFO Gradient norm: 199.8556882163111
PROGRESS    Completed epoch 1348 / 2000;    current loss: 0.4276347756385803
INFO Gradient norm: 168.51405552223062
PROGRESS    Completed epoch 1349 / 2000;    current loss: 0.42044299840927124
INFO Gradient norm: 194.4809346049297
PROGRESS    Completed epoch 1350 / 2000;    current loss: 0.4307217597961426
INFO Gradient norm: 170.5003310547001
PROGRESS    Completed epoch 1351 / 2000;    current loss: 0.4236301779747009
INFO Gradient norm: 202.0001530059407
PROGRESS    Completed epoch 1352 / 2000;    current loss: 0.42821162939071655
INFO Gradient norm: 172.33545763635266
PROGRESS    Completed epoch 1353 / 2000;    current loss: 0.4213683307170868
INFO Gradient norm: 191.17431937955976
PROGRESS    Completed epoch 1354 / 2000;    current loss: 0.429779052734375
INFO Gradient norm: 167.97134349166055
PROGRESS    Completed epoch 1355 / 2000;    current loss: 0.4230072498321533
INFO Gradient norm: 203.63306029921156
PROGRESS    Completed epoch 1356 / 2000;    current loss: 0.42866086959838867
INFO Gradient norm: 172.93216247903507
PROGRESS    Completed epoch 1357 / 2000;    current loss: 0.4215097427368164
INFO Gradient norm: 190.68546601580596
PROGRESS    Completed epoch 1358 / 2000;    current loss: 0.42960622906684875
INFO Gradient norm: 168.1162644661824
PROGRESS    Completed epoch 1359 / 2000;    current loss: 0.42300716042518616
INFO Gradient norm: 201.52122791207978
PROGRESS    Completed epoch 1360 / 2000;    current loss: 0.42807385325431824
INFO Gradient norm: 170.37870184981475
PROGRESS    Completed epoch 1361 / 2000;    current loss: 0.4208809733390808
INFO Gradient norm: 191.82388660651176
PROGRESS    Completed epoch 1362 / 2000;    current loss: 0.4298759400844574
INFO Gradient norm: 169.55154335785622
PROGRESS    Completed epoch 1363 / 2000;    current loss: 0.423300176858902
INFO Gradient norm: 197.69165440350557
PROGRESS    Completed epoch 1364 / 2000;    current loss: 0.4270170331001282
INFO Gradient norm: 166.65801806671573
PROGRESS    Completed epoch 1365 / 2000;    current loss: 0.4199591875076294
INFO Gradient norm: 193.20869366899993
PROGRESS    Completed epoch 1366 / 2000;    current loss: 0.430201917886734
INFO Gradient norm: 171.0409986670628
PROGRESS    Completed epoch 1367 / 2000;    current loss: 0.42357760667800903
INFO Gradient norm: 194.00122373338112
PROGRESS    Completed epoch 1368 / 2000;    current loss: 0.42597097158432007
INFO Gradient norm: 164.82609382988616
PROGRESS    Completed epoch 1369 / 2000;    current loss: 0.4194740653038025
INFO Gradient norm: 192.0579362665285
PROGRESS    Completed epoch 1370 / 2000;    current loss: 0.4298110604286194
INFO Gradient norm: 169.05326080506688
PROGRESS    Completed epoch 1371 / 2000;    current loss: 0.42304527759552
INFO Gradient norm: 196.4361660019285
PROGRESS    Completed epoch 1372 / 2000;    current loss: 0.4265960156917572
INFO Gradient norm: 166.9066387667323
PROGRESS    Completed epoch 1373 / 2000;    current loss: 0.4199222922325134
INFO Gradient norm: 190.2389269463214
PROGRESS    Completed epoch 1374 / 2000;    current loss: 0.42922863364219666
INFO Gradient norm: 167.67444776564696
PROGRESS    Completed epoch 1375 / 2000;    current loss: 0.4226379692554474
INFO Gradient norm: 196.45280568315894
PROGRESS    Completed epoch 1376 / 2000;    current loss: 0.42654088139533997
INFO Gradient norm: 166.5602069548867
PROGRESS    Completed epoch 1377 / 2000;    current loss: 0.41978174448013306
INFO Gradient norm: 189.77577616020005
PROGRESS    Completed epoch 1378 / 2000;    current loss: 0.4290107488632202
INFO Gradient norm: 167.5451165687127
PROGRESS    Completed epoch 1379 / 2000;    current loss: 0.4225122630596161
INFO Gradient norm: 195.28395143202061
PROGRESS    Completed epoch 1380 / 2000;    current loss: 0.4261511266231537
INFO Gradient norm: 165.9580230579352
PROGRESS    Completed epoch 1381 / 2000;    current loss: 0.41957029700279236
INFO Gradient norm: 188.66121196392035
PROGRESS    Completed epoch 1382 / 2000;    current loss: 0.42862269282341003
INFO Gradient norm: 166.02788877751965
PROGRESS    Completed epoch 1383 / 2000;    current loss: 0.4220903217792511
INFO Gradient norm: 196.3189272540273
PROGRESS    Completed epoch 1384 / 2000;    current loss: 0.42641276121139526
INFO Gradient norm: 166.85221930325034
PROGRESS    Completed epoch 1385 / 2000;    current loss: 0.4197399616241455
INFO Gradient norm: 187.63813508330693
PROGRESS    Completed epoch 1386 / 2000;    current loss: 0.4282715320587158
INFO Gradient norm: 165.50709403071656
PROGRESS    Completed epoch 1387 / 2000;    current loss: 0.42189809679985046
INFO Gradient norm: 195.15651159676466
PROGRESS    Completed epoch 1388 / 2000;    current loss: 0.4260495603084564
INFO Gradient norm: 165.95824105928241
PROGRESS    Completed epoch 1389 / 2000;    current loss: 0.4194812774658203
INFO Gradient norm: 187.18774195481936
PROGRESS    Completed epoch 1390 / 2000;    current loss: 0.4280863106250763
INFO Gradient norm: 164.7279962101407
PROGRESS    Completed epoch 1391 / 2000;    current loss: 0.4216691851615906
INFO Gradient norm: 195.60318915998684
PROGRESS    Completed epoch 1392 / 2000;    current loss: 0.42615169286727905
INFO Gradient norm: 166.3964529069715
PROGRESS    Completed epoch 1393 / 2000;    current loss: 0.4195663034915924
INFO Gradient norm: 186.2417508214776
PROGRESS    Completed epoch 1394 / 2000;    current loss: 0.4277837872505188
INFO Gradient norm: 164.28044886122285
PROGRESS    Completed epoch 1395 / 2000;    current loss: 0.4215136170387268
INFO Gradient norm: 194.37346170657403
PROGRESS    Completed epoch 1396 / 2000;    current loss: 0.42580288648605347
INFO Gradient norm: 164.8419685539268
PROGRESS    Completed epoch 1397 / 2000;    current loss: 0.41916459798812866
INFO Gradient norm: 185.8684487216371
PROGRESS    Completed epoch 1398 / 2000;    current loss: 0.4276275336742401
INFO Gradient norm: 163.12231282451648
PROGRESS    Completed epoch 1399 / 2000;    current loss: 0.42121046781539917
INFO Gradient norm: 196.79084715473937
PROGRESS    Completed epoch 1400 / 2000;    current loss: 0.42644160985946655
INFO Gradient norm: 168.11742760783605
PROGRESS    Completed epoch 1401 / 2000;    current loss: 0.41995295882225037
INFO Gradient norm: 183.8592760509019
PROGRESS    Completed epoch 1402 / 2000;    current loss: 0.42707332968711853
INFO Gradient norm: 161.88867559470597
PROGRESS    Completed epoch 1403 / 2000;    current loss: 0.42092165350914
INFO Gradient norm: 196.56464853796982
PROGRESS    Completed epoch 1404 / 2000;    current loss: 0.4264048933982849
INFO Gradient norm: 167.06140444951942
PROGRESS    Completed epoch 1405 / 2000;    current loss: 0.41971442103385925
INFO Gradient norm: 184.31454335293665
PROGRESS    Completed epoch 1406 / 2000;    current loss: 0.42717117071151733
INFO Gradient norm: 162.87479989535393
PROGRESS    Completed epoch 1407 / 2000;    current loss: 0.42111366987228394
INFO Gradient norm: 193.35664953441054
PROGRESS    Completed epoch 1408 / 2000;    current loss: 0.42555099725723267
INFO Gradient norm: 163.67735302638724
PROGRESS    Completed epoch 1409 / 2000;    current loss: 0.4189130365848541
INFO Gradient norm: 185.8265166809391
PROGRESS    Completed epoch 1410 / 2000;    current loss: 0.4275370240211487
INFO Gradient norm: 164.56807284060912
PROGRESS    Completed epoch 1411 / 2000;    current loss: 0.4214651584625244
INFO Gradient norm: 189.30100673245602
PROGRESS    Completed epoch 1412 / 2000;    current loss: 0.42446354031562805
INFO Gradient norm: 159.89072546909236
PROGRESS    Completed epoch 1413 / 2000;    current loss: 0.4180063009262085
INFO Gradient norm: 185.7026322196299
PROGRESS    Completed epoch 1414 / 2000;    current loss: 0.4274670481681824
INFO Gradient norm: 163.17173141491529
PROGRESS    Completed epoch 1415 / 2000;    current loss: 0.4211137890815735
INFO Gradient norm: 191.75807187626205
PROGRESS    Completed epoch 1416 / 2000;    current loss: 0.425132691860199
INFO Gradient norm: 163.9893558503806
PROGRESS    Completed epoch 1417 / 2000;    current loss: 0.41897812485694885
INFO Gradient norm: 182.90180205727887
PROGRESS    Completed epoch 1418 / 2000;    current loss: 0.4267011880874634
INFO Gradient norm: 161.01580903118068
PROGRESS    Completed epoch 1419 / 2000;    current loss: 0.420602023601532
INFO Gradient norm: 192.9508685115244
PROGRESS    Completed epoch 1420 / 2000;    current loss: 0.42544418573379517
INFO Gradient norm: 164.3352093569216
PROGRESS    Completed epoch 1421 / 2000;    current loss: 0.41904959082603455
INFO Gradient norm: 182.4364600390706
PROGRESS    Completed epoch 1422 / 2000;    current loss: 0.4265342950820923
INFO Gradient norm: 161.0695631170255
PROGRESS    Completed epoch 1423 / 2000;    current loss: 0.42056751251220703
INFO Gradient norm: 190.99596277468987
PROGRESS    Completed epoch 1424 / 2000;    current loss: 0.42490777373313904
INFO Gradient norm: 162.10180293051897
PROGRESS    Completed epoch 1425 / 2000;    current loss: 0.41849830746650696
INFO Gradient norm: 183.18104389556007
PROGRESS    Completed epoch 1426 / 2000;    current loss: 0.42667263746261597
INFO Gradient norm: 162.12625711195471
PROGRESS    Completed epoch 1427 / 2000;    current loss: 0.42074525356292725
INFO Gradient norm: 187.8056257768135
PROGRESS    Completed epoch 1428 / 2000;    current loss: 0.42402708530426025
INFO Gradient norm: 159.03166755621962
PROGRESS    Completed epoch 1429 / 2000;    current loss: 0.41774100065231323
INFO Gradient norm: 184.14572726804104
PROGRESS    Completed epoch 1430 / 2000;    current loss: 0.42684391140937805
INFO Gradient norm: 163.16476050835456
PROGRESS    Completed epoch 1431 / 2000;    current loss: 0.4208926260471344
INFO Gradient norm: 185.3157538412985
PROGRESS    Completed epoch 1432 / 2000;    current loss: 0.4233246445655823
INFO Gradient norm: 157.35860588880058
PROGRESS    Completed epoch 1433 / 2000;    current loss: 0.4172961413860321
INFO Gradient norm: 183.54702124878068
PROGRESS    Completed epoch 1434 / 2000;    current loss: 0.4266035556793213
INFO Gradient norm: 161.7358634072574
PROGRESS    Completed epoch 1435 / 2000;    current loss: 0.4204941391944885
INFO Gradient norm: 187.0748362077469
PROGRESS    Completed epoch 1436 / 2000;    current loss: 0.42372968792915344
INFO Gradient norm: 159.54622066320084
PROGRESS    Completed epoch 1437 / 2000;    current loss: 0.41774043440818787
INFO Gradient norm: 181.6314014609582
PROGRESS    Completed epoch 1438 / 2000;    current loss: 0.426014244556427
INFO Gradient norm: 160.27315665627503
PROGRESS    Completed epoch 1439 / 2000;    current loss: 0.4200793504714966
INFO Gradient norm: 187.20514508673014
PROGRESS    Completed epoch 1440 / 2000;    current loss: 0.423704594373703
INFO Gradient norm: 159.27861830558498
PROGRESS    Completed epoch 1441 / 2000;    current loss: 0.41761621832847595
INFO Gradient norm: 180.6741845191426
PROGRESS    Completed epoch 1442 / 2000;    current loss: 0.4256810247898102
INFO Gradient norm: 158.86427198432733
PROGRESS    Completed epoch 1443 / 2000;    current loss: 0.4197025001049042
INFO Gradient norm: 188.29609295430106
PROGRESS    Completed epoch 1444 / 2000;    current loss: 0.4239674508571625
INFO Gradient norm: 161.16680501793633
PROGRESS    Completed epoch 1445 / 2000;    current loss: 0.41803687810897827
INFO Gradient norm: 178.48995541850672
PROGRESS    Completed epoch 1446 / 2000;    current loss: 0.42506909370422363
INFO Gradient norm: 157.30784558838747
PROGRESS    Completed epoch 1447 / 2000;    current loss: 0.4193193018436432
INFO Gradient norm: 188.5937735059898
PROGRESS    Completed epoch 1448 / 2000;    current loss: 0.42403942346572876
INFO Gradient norm: 160.7668814413552
PROGRESS    Completed epoch 1449 / 2000;    current loss: 0.41792628169059753
INFO Gradient norm: 178.34528849821837
PROGRESS    Completed epoch 1450 / 2000;    current loss: 0.42498859763145447
INFO Gradient norm: 157.64104506695753
PROGRESS    Completed epoch 1451 / 2000;    current loss: 0.41933903098106384
INFO Gradient norm: 186.30390502343255
PROGRESS    Completed epoch 1452 / 2000;    current loss: 0.42341485619544983
INFO Gradient norm: 158.30181191294002
PROGRESS    Completed epoch 1453 / 2000;    current loss: 0.4173337519168854
INFO Gradient norm: 179.19154021202692
PROGRESS    Completed epoch 1454 / 2000;    current loss: 0.42514994740486145
INFO Gradient norm: 158.70571965384448
PROGRESS    Completed epoch 1455 / 2000;    current loss: 0.41950878500938416
INFO Gradient norm: 183.65608282392725
PROGRESS    Completed epoch 1456 / 2000;    current loss: 0.42271438241004944
INFO Gradient norm: 156.2484003082182
PROGRESS    Completed epoch 1457 / 2000;    current loss: 0.41684016585350037
INFO Gradient norm: 179.11414102087917
PROGRESS    Completed epoch 1458 / 2000;    current loss: 0.4250805974006653
INFO Gradient norm: 158.21113099046525
PROGRESS    Completed epoch 1459 / 2000;    current loss: 0.4193528890609741
INFO Gradient norm: 183.2522801528505
PROGRESS    Completed epoch 1460 / 2000;    current loss: 0.4225860834121704
INFO Gradient norm: 156.09130052796624
PROGRESS    Completed epoch 1461 / 2000;    current loss: 0.41676658391952515
INFO Gradient norm: 178.26952856491792
PROGRESS    Completed epoch 1462 / 2000;    current loss: 0.4247989058494568
INFO Gradient norm: 156.97546837146484
PROGRESS    Completed epoch 1463 / 2000;    current loss: 0.41902732849121094
INFO Gradient norm: 184.91595534582393
PROGRESS    Completed epoch 1464 / 2000;    current loss: 0.4229815900325775
INFO Gradient norm: 158.20314345567303
PROGRESS    Completed epoch 1465 / 2000;    current loss: 0.4172206223011017
INFO Gradient norm: 176.48321164982937
PROGRESS    Completed epoch 1466 / 2000;    current loss: 0.4242953360080719
INFO Gradient norm: 155.7494638685941
PROGRESS    Completed epoch 1467 / 2000;    current loss: 0.4187091290950775
INFO Gradient norm: 184.80364904235196
PROGRESS    Completed epoch 1468 / 2000;    current loss: 0.4229392111301422
INFO Gradient norm: 157.5554179413369
PROGRESS    Completed epoch 1469 / 2000;    current loss: 0.4170489013195038
INFO Gradient norm: 176.40560722297664
PROGRESS    Completed epoch 1470 / 2000;    current loss: 0.42421749234199524
INFO Gradient norm: 156.04113263785624
PROGRESS    Completed epoch 1471 / 2000;    current loss: 0.41872289776802063
INFO Gradient norm: 182.57324485137823
PROGRESS    Completed epoch 1472 / 2000;    current loss: 0.42234379053115845
INFO Gradient norm: 155.19874142249807
PROGRESS    Completed epoch 1473 / 2000;    current loss: 0.4164881110191345
INFO Gradient norm: 176.65507514845183
PROGRESS    Completed epoch 1474 / 2000;    current loss: 0.42422574758529663
INFO Gradient norm: 155.6491331065408
PROGRESS    Completed epoch 1475 / 2000;    current loss: 0.41859737038612366
INFO Gradient norm: 182.64727059367488
PROGRESS    Completed epoch 1476 / 2000;    current loss: 0.4223569333553314
INFO Gradient norm: 156.4193984346527
PROGRESS    Completed epoch 1477 / 2000;    current loss: 0.4167628586292267
INFO Gradient norm: 174.83311828726355
PROGRESS    Completed epoch 1478 / 2000;    current loss: 0.4237413704395294
INFO Gradient norm: 154.31932117358664
PROGRESS    Completed epoch 1479 / 2000;    current loss: 0.41827526688575745
INFO Gradient norm: 182.830232396277
PROGRESS    Completed epoch 1480 / 2000;    current loss: 0.4224041700363159
INFO Gradient norm: 156.0745482669697
PROGRESS    Completed epoch 1481 / 2000;    current loss: 0.41667047142982483
INFO Gradient norm: 174.62548414924456
PROGRESS    Completed epoch 1482 / 2000;    current loss: 0.4236445724964142
INFO Gradient norm: 154.43388114838177
PROGRESS    Completed epoch 1483 / 2000;    current loss: 0.41825276613235474
INFO Gradient norm: 180.94282761239205
PROGRESS    Completed epoch 1484 / 2000;    current loss: 0.421903520822525
INFO Gradient norm: 154.07926250316444
PROGRESS    Completed epoch 1485 / 2000;    current loss: 0.4161975085735321
INFO Gradient norm: 175.10230919953926
PROGRESS    Completed epoch 1486 / 2000;    current loss: 0.4237055778503418
INFO Gradient norm: 155.13254516713468
PROGRESS    Completed epoch 1487 / 2000;    current loss: 0.4183444380760193
INFO Gradient norm: 178.3773013194902
PROGRESS    Completed epoch 1488 / 2000;    current loss: 0.4212265908718109
INFO Gradient norm: 151.80467008297572
PROGRESS    Completed epoch 1489 / 2000;    current loss: 0.4156363606452942
INFO Gradient norm: 175.18195104547974
PROGRESS    Completed epoch 1490 / 2000;    current loss: 0.423648864030838
INFO Gradient norm: 154.67592218021989
PROGRESS    Completed epoch 1491 / 2000;    current loss: 0.41817620396614075
INFO Gradient norm: 178.82268480375876
PROGRESS    Completed epoch 1492 / 2000;    current loss: 0.421292245388031
INFO Gradient norm: 152.85773379383699
PROGRESS    Completed epoch 1493 / 2000;    current loss: 0.41583746671676636
INFO Gradient norm: 173.85444917395088
PROGRESS    Completed epoch 1494 / 2000;    current loss: 0.42324915528297424
INFO Gradient norm: 153.71009343804286
PROGRESS    Completed epoch 1495 / 2000;    current loss: 0.41790127754211426
INFO Gradient norm: 178.49923112139118
PROGRESS    Completed epoch 1496 / 2000;    current loss: 0.42116767168045044
INFO Gradient norm: 152.32148048404557
PROGRESS    Completed epoch 1497 / 2000;    current loss: 0.41567373275756836
INFO Gradient norm: 172.83933205843996
PROGRESS    Completed epoch 1498 / 2000;    current loss: 0.42292770743370056
INFO Gradient norm: 152.28781613865291
PROGRESS    Completed epoch 1499 / 2000;    current loss: 0.4175349771976471
INFO Gradient norm: 179.56214647299737
PROGRESS    Completed epoch 1500 / 2000;    current loss: 0.42141634225845337
INFO Gradient norm: 154.03346851139676
PROGRESS    Completed epoch 1501 / 2000;    current loss: 0.4160347580909729
INFO Gradient norm: 171.08008724799333
PROGRESS    Completed epoch 1502 / 2000;    current loss: 0.42244604229927063
INFO Gradient norm: 151.04005262170108
PROGRESS    Completed epoch 1503 / 2000;    current loss: 0.4172293543815613
INFO Gradient norm: 179.59124140022598
PROGRESS    Completed epoch 1504 / 2000;    current loss: 0.4214083254337311
INFO Gradient norm: 153.53902909727245
PROGRESS    Completed epoch 1505 / 2000;    current loss: 0.41589751839637756
INFO Gradient norm: 170.89116320437782
PROGRESS    Completed epoch 1506 / 2000;    current loss: 0.4223524332046509
INFO Gradient norm: 151.24667132655227
PROGRESS    Completed epoch 1507 / 2000;    current loss: 0.41722461581230164
INFO Gradient norm: 177.5914590240814
PROGRESS    Completed epoch 1508 / 2000;    current loss: 0.4208853244781494
INFO Gradient norm: 151.46280156469305
PROGRESS    Completed epoch 1509 / 2000;    current loss: 0.41540998220443726
INFO Gradient norm: 171.43192677046616
PROGRESS    Completed epoch 1510 / 2000;    current loss: 0.42243120074272156
INFO Gradient norm: 151.93367518878122
PROGRESS    Completed epoch 1511 / 2000;    current loss: 0.41731131076812744
INFO Gradient norm: 175.25384653663176
PROGRESS    Completed epoch 1512 / 2000;    current loss: 0.42027807235717773
INFO Gradient norm: 149.75162169866476
PROGRESS    Completed epoch 1513 / 2000;    current loss: 0.41500645875930786
INFO Gradient norm: 171.24244168287117
PROGRESS    Completed epoch 1514 / 2000;    current loss: 0.4223257303237915
INFO Gradient norm: 151.489241541046
PROGRESS    Completed epoch 1515 / 2000;    current loss: 0.41715413331985474
INFO Gradient norm: 174.8945428051127
PROGRESS    Completed epoch 1516 / 2000;    current loss: 0.42015689611434937
INFO Gradient norm: 149.48031841238483
PROGRESS    Completed epoch 1517 / 2000;    current loss: 0.4149065911769867
INFO Gradient norm: 170.3898771997886
PROGRESS    Completed epoch 1518 / 2000;    current loss: 0.42205387353897095
INFO Gradient norm: 150.2936815799737
PROGRESS    Completed epoch 1519 / 2000;    current loss: 0.4168519675731659
INFO Gradient norm: 176.23093033062696
PROGRESS    Completed epoch 1520 / 2000;    current loss: 0.4204692542552948
INFO Gradient norm: 151.1852601740301
PROGRESS    Completed epoch 1521 / 2000;    current loss: 0.4152493476867676
INFO Gradient norm: 168.84232186910688
PROGRESS    Completed epoch 1522 / 2000;    current loss: 0.4216107726097107
INFO Gradient norm: 149.21522084030693
PROGRESS    Completed epoch 1523 / 2000;    current loss: 0.4165719151496887
INFO Gradient norm: 176.04857048058292
PROGRESS    Completed epoch 1524 / 2000;    current loss: 0.4203934967517853
INFO Gradient norm: 150.60686833766167
PROGRESS    Completed epoch 1525 / 2000;    current loss: 0.41509366035461426
INFO Gradient norm: 168.59949903368337
PROGRESS    Completed epoch 1526 / 2000;    current loss: 0.42149773240089417
INFO Gradient norm: 149.2786847410726
PROGRESS    Completed epoch 1527 / 2000;    current loss: 0.41653162240982056
INFO Gradient norm: 174.22669497076686
PROGRESS    Completed epoch 1528 / 2000;    current loss: 0.41991767287254333
INFO Gradient norm: 148.72560301603255
PROGRESS    Completed epoch 1529 / 2000;    current loss: 0.4146542549133301
INFO Gradient norm: 168.67405706557406
PROGRESS    Completed epoch 1530 / 2000;    current loss: 0.4214715361595154
INFO Gradient norm: 148.9586698572072
PROGRESS    Completed epoch 1531 / 2000;    current loss: 0.4164118766784668
INFO Gradient norm: 173.95155863958246
PROGRESS    Completed epoch 1532 / 2000;    current loss: 0.41983762383461
INFO Gradient norm: 149.31171944353872
PROGRESS    Completed epoch 1533 / 2000;    current loss: 0.414772093296051
INFO Gradient norm: 167.29920697765564
PROGRESS    Completed epoch 1534 / 2000;    current loss: 0.42109495401382446
INFO Gradient norm: 147.87388371182038
PROGRESS    Completed epoch 1535 / 2000;    current loss: 0.41614916920661926
INFO Gradient norm: 173.92065310563598
PROGRESS    Completed epoch 1536 / 2000;    current loss: 0.4198179841041565
INFO Gradient norm: 148.96289398830666
PROGRESS    Completed epoch 1537 / 2000;    current loss: 0.4146726131439209
INFO Gradient norm: 166.9490397056477
PROGRESS    Completed epoch 1538 / 2000;    current loss: 0.4209666848182678
INFO Gradient norm: 147.82932249408648
PROGRESS    Completed epoch 1539 / 2000;    current loss: 0.41609153151512146
INFO Gradient norm: 172.390711842622
PROGRESS    Completed epoch 1540 / 2000;    current loss: 0.41942477226257324
INFO Gradient norm: 147.35948400595947
PROGRESS    Completed epoch 1541 / 2000;    current loss: 0.41429391503334045
INFO Gradient norm: 167.14060311923745
PROGRESS    Completed epoch 1542 / 2000;    current loss: 0.42094478011131287
INFO Gradient norm: 148.13278075962037
PROGRESS    Completed epoch 1543 / 2000;    current loss: 0.41608551144599915
INFO Gradient norm: 170.4299368835167
PROGRESS    Completed epoch 1544 / 2000;    current loss: 0.4189057946205139
INFO Gradient norm: 145.8789745128424
PROGRESS    Completed epoch 1545 / 2000;    current loss: 0.4139341711997986
INFO Gradient norm: 166.84807045987907
PROGRESS    Completed epoch 1546 / 2000;    current loss: 0.4208073616027832
INFO Gradient norm: 147.54998210551724
PROGRESS    Completed epoch 1547 / 2000;    current loss: 0.4159087538719177
INFO Gradient norm: 170.84958254768168
PROGRESS    Completed epoch 1548 / 2000;    current loss: 0.4189664423465729
INFO Gradient norm: 146.48392406550883
PROGRESS    Completed epoch 1549 / 2000;    current loss: 0.4140283763408661
INFO Gradient norm: 165.77556189618
PROGRESS    Completed epoch 1550 / 2000;    current loss: 0.4204845726490021
INFO Gradient norm: 146.7366457463581
PROGRESS    Completed epoch 1551 / 2000;    current loss: 0.41567370295524597
INFO Gradient norm: 170.3639167100517
PROGRESS    Completed epoch 1552 / 2000;    current loss: 0.4188033640384674
INFO Gradient norm: 145.9194727051442
PROGRESS    Completed epoch 1553 / 2000;    current loss: 0.41385790705680847
INFO Gradient norm: 164.9857642140464
PROGRESS    Completed epoch 1554 / 2000;    current loss: 0.42022979259490967
INFO Gradient norm: 145.71625689554853
PROGRESS    Completed epoch 1555 / 2000;    current loss: 0.4154077172279358
INFO Gradient norm: 170.68035293933661
PROGRESS    Completed epoch 1556 / 2000;    current loss: 0.41886046528816223
INFO Gradient norm: 146.69781066522137
PROGRESS    Completed epoch 1557 / 2000;    current loss: 0.4140021800994873
INFO Gradient norm: 163.6713059414965
PROGRESS    Completed epoch 1558 / 2000;    current loss: 0.4198763370513916
INFO Gradient norm: 144.71657441660415
PROGRESS    Completed epoch 1559 / 2000;    current loss: 0.4151538014411926
INFO Gradient norm: 170.4868738928528
PROGRESS    Completed epoch 1560 / 2000;    current loss: 0.4187970757484436
INFO Gradient norm: 146.22725810307335
PROGRESS    Completed epoch 1561 / 2000;    current loss: 0.41386860609054565
INFO Gradient norm: 163.3762424361581
PROGRESS    Completed epoch 1562 / 2000;    current loss: 0.4197539985179901
INFO Gradient norm: 144.71801877896837
PROGRESS    Completed epoch 1563 / 2000;    current loss: 0.4151064455509186
INFO Gradient norm: 168.90769750121953
PROGRESS    Completed epoch 1564 / 2000;    current loss: 0.41839006543159485
INFO Gradient norm: 144.60536966017102
PROGRESS    Completed epoch 1565 / 2000;    current loss: 0.4134995937347412
INFO Gradient norm: 163.53497379765514
PROGRESS    Completed epoch 1566 / 2000;    current loss: 0.41972607374191284
INFO Gradient norm: 145.02641482650594
PROGRESS    Completed epoch 1567 / 2000;    current loss: 0.4151114523410797
INFO Gradient norm: 167.41298541880647
PROGRESS    Completed epoch 1568 / 2000;    current loss: 0.418008416891098
INFO Gradient norm: 143.49479083452468
PROGRESS    Completed epoch 1569 / 2000;    current loss: 0.4132276773452759
INFO Gradient norm: 163.0063648197201
PROGRESS    Completed epoch 1570 / 2000;    current loss: 0.41955167055130005
INFO Gradient norm: 144.15690704360696
PROGRESS    Completed epoch 1571 / 2000;    current loss: 0.4148874282836914
INFO Gradient norm: 167.63928961159615
PROGRESS    Completed epoch 1572 / 2000;    current loss: 0.41803163290023804
INFO Gradient norm: 144.06890750885896
PROGRESS    Completed epoch 1573 / 2000;    current loss: 0.41333359479904175
INFO Gradient norm: 161.94690487433886
PROGRESS    Completed epoch 1574 / 2000;    current loss: 0.41924917697906494
INFO Gradient norm: 143.37841792405433
PROGRESS    Completed epoch 1575 / 2000;    current loss: 0.41467684507369995
INFO Gradient norm: 167.2991453939446
PROGRESS    Completed epoch 1576 / 2000;    current loss: 0.4179303050041199
INFO Gradient norm: 143.58700852360832
PROGRESS    Completed epoch 1577 / 2000;    current loss: 0.4131886959075928
INFO Gradient norm: 161.54654855224686
PROGRESS    Completed epoch 1578 / 2000;    current loss: 0.41909459233283997
INFO Gradient norm: 143.1845599829487
PROGRESS    Completed epoch 1579 / 2000;    current loss: 0.4145822525024414
INFO Gradient norm: 166.03156550212933
PROGRESS    Completed epoch 1580 / 2000;    current loss: 0.41760021448135376
INFO Gradient norm: 142.28928866536668
PROGRESS    Completed epoch 1581 / 2000;    current loss: 0.41287779808044434
INFO Gradient norm: 161.37064951549544
PROGRESS    Completed epoch 1582 / 2000;    current loss: 0.4189850986003876
INFO Gradient norm: 142.71137974841466
PROGRESS    Completed epoch 1583 / 2000;    current loss: 0.41442689299583435
INFO Gradient norm: 166.24839784864378
PROGRESS    Completed epoch 1584 / 2000;    current loss: 0.417617529630661
INFO Gradient norm: 143.1246448659325
PROGRESS    Completed epoch 1585 / 2000;    current loss: 0.41302308440208435
INFO Gradient norm: 160.1303080666312
PROGRESS    Completed epoch 1586 / 2000;    current loss: 0.41865378618240356
INFO Gradient norm: 141.73687106373157
PROGRESS    Completed epoch 1587 / 2000;    current loss: 0.414182186126709
INFO Gradient norm: 166.083471062953
PROGRESS    Completed epoch 1588 / 2000;    current loss: 0.41755589842796326
INFO Gradient norm: 142.65008310195716
PROGRESS    Completed epoch 1589 / 2000;    current loss: 0.4128934144973755
INFO Gradient norm: 159.7579271601679
PROGRESS    Completed epoch 1590 / 2000;    current loss: 0.4185147285461426
INFO Gradient norm: 141.6355998956754
PROGRESS    Completed epoch 1591 / 2000;    current loss: 0.41410714387893677
INFO Gradient norm: 164.70381250607912
PROGRESS    Completed epoch 1592 / 2000;    current loss: 0.4172029197216034
INFO Gradient norm: 141.27898654496772
PROGRESS    Completed epoch 1593 / 2000;    current loss: 0.4125789701938629
INFO Gradient norm: 159.79403267875674
PROGRESS    Completed epoch 1594 / 2000;    current loss: 0.4184659719467163
INFO Gradient norm: 141.76559150474026
PROGRESS    Completed epoch 1595 / 2000;    current loss: 0.4140697121620178
INFO Gradient norm: 162.97403030783792
PROGRESS    Completed epoch 1596 / 2000;    current loss: 0.4167599081993103
INFO Gradient norm: 140.11855391430316
PROGRESS    Completed epoch 1597 / 2000;    current loss: 0.41230636835098267
INFO Gradient norm: 159.16554020764116
PROGRESS    Completed epoch 1598 / 2000;    current loss: 0.4182666540145874
INFO Gradient norm: 140.92968702757835
PROGRESS    Completed epoch 1599 / 2000;    current loss: 0.4138560891151428
INFO Gradient norm: 163.17112718206621
PROGRESS    Completed epoch 1600 / 2000;    current loss: 0.41678667068481445
INFO Gradient norm: 140.36725841218976
PROGRESS    Completed epoch 1601 / 2000;    current loss: 0.4123193025588989
INFO Gradient norm: 158.2632896108287
PROGRESS    Completed epoch 1602 / 2000;    current loss: 0.4179973006248474
INFO Gradient norm: 140.2347153514161
PROGRESS    Completed epoch 1603 / 2000;    current loss: 0.4136617183685303
INFO Gradient norm: 162.64181326107416
PROGRESS    Completed epoch 1604 / 2000;    current loss: 0.4166273772716522
INFO Gradient norm: 139.75622248011874
PROGRESS    Completed epoch 1605 / 2000;    current loss: 0.412153959274292
INFO Gradient norm: 157.77302326583802
PROGRESS    Completed epoch 1606 / 2000;    current loss: 0.41781654953956604
INFO Gradient norm: 139.89115996722583
PROGRESS    Completed epoch 1607 / 2000;    current loss: 0.413521945476532
INFO Gradient norm: 161.9043374883789
PROGRESS    Completed epoch 1608 / 2000;    current loss: 0.41641560196876526
INFO Gradient norm: 139.19518237158528
PROGRESS    Completed epoch 1609 / 2000;    current loss: 0.4119996428489685
INFO Gradient norm: 157.04986097955313
PROGRESS    Completed epoch 1610 / 2000;    current loss: 0.41759657859802246
INFO Gradient norm: 139.01570070716167
PROGRESS    Completed epoch 1611 / 2000;    current loss: 0.413300096988678
INFO Gradient norm: 161.9746353769295
PROGRESS    Completed epoch 1612 / 2000;    current loss: 0.4164222180843353
INFO Gradient norm: 139.50555937399338
PROGRESS    Completed epoch 1613 / 2000;    current loss: 0.41203737258911133
INFO Gradient norm: 156.17217061025622
PROGRESS    Completed epoch 1614 / 2000;    current loss: 0.41734009981155396
INFO Gradient norm: 138.4000646656435
PROGRESS    Completed epoch 1615 / 2000;    current loss: 0.41313135623931885
INFO Gradient norm: 161.41270461813335
PROGRESS    Completed epoch 1616 / 2000;    current loss: 0.4162518382072449
INFO Gradient norm: 138.85549472537718
PROGRESS    Completed epoch 1617 / 2000;    current loss: 0.4118759036064148
INFO Gradient norm: 155.81047091532707
PROGRESS    Completed epoch 1618 / 2000;    current loss: 0.4172055125236511
INFO Gradient norm: 138.20072581314665
PROGRESS    Completed epoch 1619 / 2000;    current loss: 0.413036048412323
INFO Gradient norm: 160.1952994015665
PROGRESS    Completed epoch 1620 / 2000;    current loss: 0.41594281792640686
INFO Gradient norm: 137.64341195025628
PROGRESS    Completed epoch 1621 / 2000;    current loss: 0.4115936756134033
INFO Gradient norm: 155.64066102803878
PROGRESS    Completed epoch 1622 / 2000;    current loss: 0.41711506247520447
INFO Gradient norm: 137.84164207791602
PROGRESS    Completed epoch 1623 / 2000;    current loss: 0.4129096567630768
INFO Gradient norm: 160.0957368394951
PROGRESS    Completed epoch 1624 / 2000;    current loss: 0.41589444875717163
INFO Gradient norm: 138.00045702391776
PROGRESS    Completed epoch 1625 / 2000;    current loss: 0.4116380512714386
INFO Gradient norm: 154.69178756502706
PROGRESS    Completed epoch 1626 / 2000;    current loss: 0.41684389114379883
INFO Gradient norm: 137.11859489416784
PROGRESS    Completed epoch 1627 / 2000;    current loss: 0.4127202332019806
INFO Gradient norm: 159.73416459401403
PROGRESS    Completed epoch 1628 / 2000;    current loss: 0.4157865047454834
INFO Gradient norm: 137.4948392656783
PROGRESS    Completed epoch 1629 / 2000;    current loss: 0.4115108251571655
INFO Gradient norm: 154.29648273240042
PROGRESS    Completed epoch 1630 / 2000;    current loss: 0.4167000651359558
INFO Gradient norm: 136.89403857542044
PROGRESS    Completed epoch 1631 / 2000;    current loss: 0.4126228094100952
INFO Gradient norm: 158.55042426807265
PROGRESS    Completed epoch 1632 / 2000;    current loss: 0.41549113392829895
INFO Gradient norm: 136.35039159312606
PROGRESS    Completed epoch 1633 / 2000;    current loss: 0.41122910380363464
INFO Gradient norm: 154.10128455045685
PROGRESS    Completed epoch 1634 / 2000;    current loss: 0.4165973961353302
INFO Gradient norm: 136.82580915351545
PROGRESS    Completed epoch 1635 / 2000;    current loss: 0.41254591941833496
INFO Gradient norm: 157.1862617777488
PROGRESS    Completed epoch 1636 / 2000;    current loss: 0.41513752937316895
INFO Gradient norm: 135.5525880574885
PROGRESS    Completed epoch 1637 / 2000;    current loss: 0.41104036569595337
INFO Gradient norm: 153.3769724228911
PROGRESS    Completed epoch 1638 / 2000;    current loss: 0.4163835942745209
INFO Gradient norm: 135.98014009758484
PROGRESS    Completed epoch 1639 / 2000;    current loss: 0.4123324453830719
INFO Gradient norm: 157.3042622034687
PROGRESS    Completed epoch 1640 / 2000;    current loss: 0.41514885425567627
INFO Gradient norm: 135.62380567722948
PROGRESS    Completed epoch 1641 / 2000;    current loss: 0.41102540493011475
INFO Gradient norm: 152.58802321078937
PROGRESS    Completed epoch 1642 / 2000;    current loss: 0.41615238785743713
INFO Gradient norm: 135.3108090869438
PROGRESS    Completed epoch 1643 / 2000;    current loss: 0.41214412450790405
INFO Gradient norm: 156.77907207115058
PROGRESS    Completed epoch 1644 / 2000;    current loss: 0.4149848520755768
INFO Gradient norm: 135.04214179017438
PROGRESS    Completed epoch 1645 / 2000;    current loss: 0.4108612537384033
INFO Gradient norm: 152.07861766970535
PROGRESS    Completed epoch 1646 / 2000;    current loss: 0.41597676277160645
INFO Gradient norm: 134.9875966028626
PROGRESS    Completed epoch 1647 / 2000;    current loss: 0.4120293855667114
INFO Gradient norm: 155.89541683234134
PROGRESS    Completed epoch 1648 / 2000;    current loss: 0.41475024819374084
INFO Gradient norm: 134.39057194996155
PROGRESS    Completed epoch 1649 / 2000;    current loss: 0.4106936454772949
INFO Gradient norm: 151.4829783513764
PROGRESS    Completed epoch 1650 / 2000;    current loss: 0.41578352451324463
INFO Gradient norm: 134.27843500461307
PROGRESS    Completed epoch 1651 / 2000;    current loss: 0.411827027797699
INFO Gradient norm: 155.75373276886754
PROGRESS    Completed epoch 1652 / 2000;    current loss: 0.4146915078163147
INFO Gradient norm: 134.39346223617912
PROGRESS    Completed epoch 1653 / 2000;    current loss: 0.4106585681438446
INFO Gradient norm: 150.77204299722234
PROGRESS    Completed epoch 1654 / 2000;    current loss: 0.41557779908180237
INFO Gradient norm: 133.76419559024228
PROGRESS    Completed epoch 1655 / 2000;    current loss: 0.4116811156272888
INFO Gradient norm: 155.12371456194677
PROGRESS    Completed epoch 1656 / 2000;    current loss: 0.41452690958976746
INFO Gradient norm: 133.73892029850907
PROGRESS    Completed epoch 1657 / 2000;    current loss: 0.41049525141716003
INFO Gradient norm: 150.363779875232
PROGRESS    Completed epoch 1658 / 2000;    current loss: 0.4154280722141266
INFO Gradient norm: 133.48144508557607
PROGRESS    Completed epoch 1659 / 2000;    current loss: 0.41157498955726624
INFO Gradient norm: 154.10172935635944
PROGRESS    Completed epoch 1660 / 2000;    current loss: 0.4142613708972931
INFO Gradient norm: 132.8910146240993
PROGRESS    Completed epoch 1661 / 2000;    current loss: 0.4102870225906372
INFO Gradient norm: 149.98050617395478
PROGRESS    Completed epoch 1662 / 2000;    current loss: 0.41528084874153137
INFO Gradient norm: 133.0977612064483
PROGRESS    Completed epoch 1663 / 2000;    current loss: 0.4114401638507843
INFO Gradient norm: 153.6900073191332
PROGRESS    Completed epoch 1664 / 2000;    current loss: 0.41413572430610657
INFO Gradient norm: 132.61256798073433
PROGRESS    Completed epoch 1665 / 2000;    current loss: 0.4101930260658264
INFO Gradient norm: 149.34477680118303
PROGRESS    Completed epoch 1666 / 2000;    current loss: 0.415083646774292
INFO Gradient norm: 132.56817867791833
PROGRESS    Completed epoch 1667 / 2000;    current loss: 0.4112823009490967
INFO Gradient norm: 152.9790708906675
PROGRESS    Completed epoch 1668 / 2000;    current loss: 0.41394028067588806
INFO Gradient norm: 131.9898087984297
PROGRESS    Completed epoch 1669 / 2000;    current loss: 0.41004225611686707
INFO Gradient norm: 148.6948685357542
PROGRESS    Completed epoch 1670 / 2000;    current loss: 0.41488853096961975
INFO Gradient norm: 131.98349786936942
PROGRESS    Completed epoch 1671 / 2000;    current loss: 0.41111570596694946
INFO Gradient norm: 152.5172537123781
PROGRESS    Completed epoch 1672 / 2000;    current loss: 0.4138096570968628
INFO Gradient norm: 131.68648147461494
PROGRESS    Completed epoch 1673 / 2000;    current loss: 0.40994489192962646
INFO Gradient norm: 148.1140922152784
PROGRESS    Completed epoch 1674 / 2000;    current loss: 0.4147012531757355
INFO Gradient norm: 131.49293072889037
PROGRESS    Completed epoch 1675 / 2000;    current loss: 0.41097086668014526
INFO Gradient norm: 151.90862122358575
PROGRESS    Completed epoch 1676 / 2000;    current loss: 0.41364413499832153
INFO Gradient norm: 131.11378443782385
PROGRESS    Completed epoch 1677 / 2000;    current loss: 0.4097975790500641
INFO Gradient norm: 147.5541545780731
PROGRESS    Completed epoch 1678 / 2000;    current loss: 0.4145151674747467
INFO Gradient norm: 130.99997795459163
PROGRESS    Completed epoch 1679 / 2000;    current loss: 0.41082218289375305
INFO Gradient norm: 151.2609985553553
PROGRESS    Completed epoch 1680 / 2000;    current loss: 0.4134712517261505
INFO Gradient norm: 130.65788252580947
PROGRESS    Completed epoch 1681 / 2000;    current loss: 0.40966537594795227
INFO Gradient norm: 147.02258217847714
PROGRESS    Completed epoch 1682 / 2000;    current loss: 0.41435208916664124
INFO Gradient norm: 130.4917074055538
PROGRESS    Completed epoch 1683 / 2000;    current loss: 0.4106709063053131
INFO Gradient norm: 150.74114900005412
PROGRESS    Completed epoch 1684 / 2000;    current loss: 0.4133177101612091
INFO Gradient norm: 130.1698021072909
PROGRESS    Completed epoch 1685 / 2000;    current loss: 0.40953826904296875
INFO Gradient norm: 146.46784654893884
PROGRESS    Completed epoch 1686 / 2000;    current loss: 0.4141707122325897
INFO Gradient norm: 130.0860785118814
PROGRESS    Completed epoch 1687 / 2000;    current loss: 0.41054025292396545
INFO Gradient norm: 150.02722587702237
PROGRESS    Completed epoch 1688 / 2000;    current loss: 0.41313183307647705
INFO Gradient norm: 129.58399454288795
PROGRESS    Completed epoch 1689 / 2000;    current loss: 0.409386545419693
INFO Gradient norm: 145.93109673955703
PROGRESS    Completed epoch 1690 / 2000;    current loss: 0.4139993190765381
INFO Gradient norm: 129.60503636312453
PROGRESS    Completed epoch 1691 / 2000;    current loss: 0.4103933572769165
INFO Gradient norm: 149.4533567735554
PROGRESS    Completed epoch 1692 / 2000;    current loss: 0.4129719138145447
INFO Gradient norm: 129.1562301176955
PROGRESS    Completed epoch 1693 / 2000;    current loss: 0.4092637896537781
INFO Gradient norm: 145.3802953035019
PROGRESS    Completed epoch 1694 / 2000;    current loss: 0.4138210713863373
INFO Gradient norm: 129.11784331262803
PROGRESS    Completed epoch 1695 / 2000;    current loss: 0.41025352478027344
INFO Gradient norm: 148.87925567617455
PROGRESS    Completed epoch 1696 / 2000;    current loss: 0.41281670331954956
INFO Gradient norm: 128.7038429940491
PROGRESS    Completed epoch 1697 / 2000;    current loss: 0.409137487411499
INFO Gradient norm: 144.8237404223437
PROGRESS    Completed epoch 1698 / 2000;    current loss: 0.4136522114276886
INFO Gradient norm: 128.6409333820478
PROGRESS    Completed epoch 1699 / 2000;    current loss: 0.4100956618785858
INFO Gradient norm: 148.36002456847515
PROGRESS    Completed epoch 1700 / 2000;    current loss: 0.4126647710800171
INFO Gradient norm: 128.21348639359303
PROGRESS    Completed epoch 1701 / 2000;    current loss: 0.4090084135532379
INFO Gradient norm: 144.23711634138533
PROGRESS    Completed epoch 1702 / 2000;    current loss: 0.4134744703769684
INFO Gradient norm: 128.1149012458047
PROGRESS    Completed epoch 1703 / 2000;    current loss: 0.40994760394096375
INFO Gradient norm: 147.82283932252074
PROGRESS    Completed epoch 1704 / 2000;    current loss: 0.41251805424690247
INFO Gradient norm: 127.88649839453093
PROGRESS    Completed epoch 1705 / 2000;    current loss: 0.4089112877845764
INFO Gradient norm: 143.68469635222118
PROGRESS    Completed epoch 1706 / 2000;    current loss: 0.41329845786094666
INFO Gradient norm: 127.63854371298743
PROGRESS    Completed epoch 1707 / 2000;    current loss: 0.40980613231658936
INFO Gradient norm: 147.19960661108973
PROGRESS    Completed epoch 1708 / 2000;    current loss: 0.4123510420322418
INFO Gradient norm: 127.27204256311583
PROGRESS    Completed epoch 1709 / 2000;    current loss: 0.40876469016075134
INFO Gradient norm: 143.20459318599114
PROGRESS    Completed epoch 1710 / 2000;    current loss: 0.4131412208080292
INFO Gradient norm: 127.28693268190366
PROGRESS    Completed epoch 1711 / 2000;    current loss: 0.4096810817718506
INFO Gradient norm: 146.41136237968104
PROGRESS    Completed epoch 1712 / 2000;    current loss: 0.41214630007743835
INFO Gradient norm: 126.62103693228916
PROGRESS    Completed epoch 1713 / 2000;    current loss: 0.4085911214351654
INFO Gradient norm: 142.66820106002416
PROGRESS    Completed epoch 1714 / 2000;    current loss: 0.41296857595443726
INFO Gradient norm: 126.75227348673994
PROGRESS    Completed epoch 1715 / 2000;    current loss: 0.4095275402069092
INFO Gradient norm: 145.94568128625716
PROGRESS    Completed epoch 1716 / 2000;    current loss: 0.41201335191726685
INFO Gradient norm: 126.25958742782936
PROGRESS    Completed epoch 1717 / 2000;    current loss: 0.4084930419921875
INFO Gradient norm: 142.08736317272212
PROGRESS    Completed epoch 1718 / 2000;    current loss: 0.41278499364852905
INFO Gradient norm: 126.28691552902718
PROGRESS    Completed epoch 1719 / 2000;    current loss: 0.4093870520591736
INFO Gradient norm: 145.30655605554358
PROGRESS    Completed epoch 1720 / 2000;    current loss: 0.41184404492378235
INFO Gradient norm: 125.75336445219232
PROGRESS    Completed epoch 1721 / 2000;    current loss: 0.408344030380249
INFO Gradient norm: 141.55338801751046
PROGRESS    Completed epoch 1722 / 2000;    current loss: 0.41260647773742676
INFO Gradient norm: 125.80888722523017
PROGRESS    Completed epoch 1723 / 2000;    current loss: 0.40924134850502014
INFO Gradient norm: 144.83055226981148
PROGRESS    Completed epoch 1724 / 2000;    current loss: 0.4116990268230438
INFO Gradient norm: 125.38649362628863
PROGRESS    Completed epoch 1725 / 2000;    current loss: 0.40824007987976074
INFO Gradient norm: 140.98681295366887
PROGRESS    Completed epoch 1726 / 2000;    current loss: 0.41243264079093933
INFO Gradient norm: 125.3155439648229
PROGRESS    Completed epoch 1727 / 2000;    current loss: 0.40909433364868164
INFO Gradient norm: 144.19571998444562
PROGRESS    Completed epoch 1728 / 2000;    current loss: 0.4115336835384369
INFO Gradient norm: 124.81275276864729
PROGRESS    Completed epoch 1729 / 2000;    current loss: 0.40809279680252075
INFO Gradient norm: 140.43027518557778
PROGRESS    Completed epoch 1730 / 2000;    current loss: 0.4122605621814728
INFO Gradient norm: 124.84390795911068
PROGRESS    Completed epoch 1731 / 2000;    current loss: 0.4089500308036804
INFO Gradient norm: 143.60061672180657
PROGRESS    Completed epoch 1732 / 2000;    current loss: 0.41137027740478516
INFO Gradient norm: 124.35261559191048
PROGRESS    Completed epoch 1733 / 2000;    current loss: 0.4079659879207611
INFO Gradient norm: 139.8935257970924
PROGRESS    Completed epoch 1734 / 2000;    current loss: 0.41209322214126587
INFO Gradient norm: 124.38379106767296
PROGRESS    Completed epoch 1735 / 2000;    current loss: 0.4088119864463806
INFO Gradient norm: 142.98741077041413
PROGRESS    Completed epoch 1736 / 2000;    current loss: 0.4111989140510559
INFO Gradient norm: 123.86958185991607
PROGRESS    Completed epoch 1737 / 2000;    current loss: 0.40783238410949707
INFO Gradient norm: 139.31447536610747
PROGRESS    Completed epoch 1738 / 2000;    current loss: 0.411912202835083
INFO Gradient norm: 123.89027768546423
PROGRESS    Completed epoch 1739 / 2000;    current loss: 0.4086662232875824
INFO Gradient norm: 142.36689487734478
PROGRESS    Completed epoch 1740 / 2000;    current loss: 0.4110352694988251
INFO Gradient norm: 123.36399615679645
PROGRESS    Completed epoch 1741 / 2000;    current loss: 0.4076971709728241
INFO Gradient norm: 138.79566930797313
PROGRESS    Completed epoch 1742 / 2000;    current loss: 0.41174858808517456
INFO Gradient norm: 123.42640151106364
PROGRESS    Completed epoch 1743 / 2000;    current loss: 0.4085247814655304
INFO Gradient norm: 141.76629482179257
PROGRESS    Completed epoch 1744 / 2000;    current loss: 0.41086697578430176
INFO Gradient norm: 122.90254255043628
PROGRESS    Completed epoch 1745 / 2000;    current loss: 0.4075668752193451
INFO Gradient norm: 138.21460673419543
PROGRESS    Completed epoch 1746 / 2000;    current loss: 0.41157206892967224
INFO Gradient norm: 122.89617891277842
PROGRESS    Completed epoch 1747 / 2000;    current loss: 0.40836301445961
INFO Gradient norm: 141.264207105899
PROGRESS    Completed epoch 1748 / 2000;    current loss: 0.4107254147529602
INFO Gradient norm: 122.4654502478114
PROGRESS    Completed epoch 1749 / 2000;    current loss: 0.4074423611164093
INFO Gradient norm: 137.67217110004773
PROGRESS    Completed epoch 1750 / 2000;    current loss: 0.41140660643577576
INFO Gradient norm: 122.42672292300702
PROGRESS    Completed epoch 1751 / 2000;    current loss: 0.4082294702529907
INFO Gradient norm: 140.64757841811365
PROGRESS    Completed epoch 1752 / 2000;    current loss: 0.4105665385723114
INFO Gradient norm: 121.95989927807163
PROGRESS    Completed epoch 1753 / 2000;    current loss: 0.4073188602924347
INFO Gradient norm: 137.0928898274291
PROGRESS    Completed epoch 1754 / 2000;    current loss: 0.4112236201763153
INFO Gradient norm: 121.95217576788916
PROGRESS    Completed epoch 1755 / 2000;    current loss: 0.4080811142921448
INFO Gradient norm: 140.0535751111631
PROGRESS    Completed epoch 1756 / 2000;    current loss: 0.41040897369384766
INFO Gradient norm: 121.45561860111017
PROGRESS    Completed epoch 1757 / 2000;    current loss: 0.40718358755111694
INFO Gradient norm: 136.59433916994757
PROGRESS    Completed epoch 1758 / 2000;    current loss: 0.4110618829727173
INFO Gradient norm: 121.49692082440825
PROGRESS    Completed epoch 1759 / 2000;    current loss: 0.4079463481903076
INFO Gradient norm: 139.45339373504945
PROGRESS    Completed epoch 1760 / 2000;    current loss: 0.4102441072463989
INFO Gradient norm: 120.98516212456607
PROGRESS    Completed epoch 1761 / 2000;    current loss: 0.4070481061935425
INFO Gradient norm: 136.0010174169049
PROGRESS    Completed epoch 1762 / 2000;    current loss: 0.41089102625846863
INFO Gradient norm: 121.02083855100766
PROGRESS    Completed epoch 1763 / 2000;    current loss: 0.40780478715896606
INFO Gradient norm: 138.87370901113636
PROGRESS    Completed epoch 1764 / 2000;    current loss: 0.4100853502750397
INFO Gradient norm: 120.47411916171563
PROGRESS    Completed epoch 1765 / 2000;    current loss: 0.40691059827804565
INFO Gradient norm: 135.50175929351573
PROGRESS    Completed epoch 1766 / 2000;    current loss: 0.4107334613800049
INFO Gradient norm: 120.5573140591643
PROGRESS    Completed epoch 1767 / 2000;    current loss: 0.4076654613018036
INFO Gradient norm: 138.27374614770102
PROGRESS    Completed epoch 1768 / 2000;    current loss: 0.4099196791648865
INFO Gradient norm: 120.03147430773927
PROGRESS    Completed epoch 1769 / 2000;    current loss: 0.4067920744419098
INFO Gradient norm: 132.82553572884456
PROGRESS    Completed epoch 1770 / 2000;    current loss: 0.4101945459842682
INFO Gradient norm: 101.9270268907734
PROGRESS    Completed epoch 1771 / 2000;    current loss: 0.40478479862213135
INFO Gradient norm: 162.43616363688722
PROGRESS    Completed epoch 1772 / 2000;    current loss: 0.4153546392917633
INFO Gradient norm: 157.26049043904794
PROGRESS    Completed epoch 1773 / 2000;    current loss: 0.41461652517318726
INFO Gradient norm: 82.47083080888997
PROGRESS    Completed epoch 1774 / 2000;    current loss: 0.4029213786125183
INFO Gradient norm: 63.24695851014409
PROGRESS    Completed epoch 1775 / 2000;    current loss: 0.4010442793369293
INFO Gradient norm: 187.25705251378915
PROGRESS    Completed epoch 1776 / 2000;    current loss: 0.4223545789718628
INFO Gradient norm: 166.06781581331734
PROGRESS    Completed epoch 1777 / 2000;    current loss: 0.41773611307144165
INFO Gradient norm: 84.86423140579011
PROGRESS    Completed epoch 1778 / 2000;    current loss: 0.40423518419265747
INFO Gradient norm: 76.82547947582731
PROGRESS    Completed epoch 1779 / 2000;    current loss: 0.40340787172317505
INFO Gradient norm: 158.96510120874925
PROGRESS    Completed epoch 1780 / 2000;    current loss: 0.4168248772621155
INFO Gradient norm: 131.86311925316755
PROGRESS    Completed epoch 1781 / 2000;    current loss: 0.41167962551116943
INFO Gradient norm: 114.62807945499671
PROGRESS    Completed epoch 1782 / 2000;    current loss: 0.4097159802913666
INFO Gradient norm: 108.05076438024743
PROGRESS    Completed epoch 1783 / 2000;    current loss: 0.40864476561546326
INFO Gradient norm: 121.72435821659799
PROGRESS    Completed epoch 1784 / 2000;    current loss: 0.4102996289730072
INFO Gradient norm: 98.35060235623932
PROGRESS    Completed epoch 1785 / 2000;    current loss: 0.4067944884300232
INFO Gradient norm: 137.71382031327195
PROGRESS    Completed epoch 1786 / 2000;    current loss: 0.414939820766449
INFO Gradient norm: 126.38685553928491
PROGRESS    Completed epoch 1787 / 2000;    current loss: 0.41255930066108704
INFO Gradient norm: 104.67959831225274
PROGRESS    Completed epoch 1788 / 2000;    current loss: 0.4079391062259674
INFO Gradient norm: 88.59664489705924
PROGRESS    Completed epoch 1789 / 2000;    current loss: 0.4058088958263397
INFO Gradient norm: 139.03121637496702
PROGRESS    Completed epoch 1790 / 2000;    current loss: 0.4155493378639221
INFO Gradient norm: 123.7435208765314
PROGRESS    Completed epoch 1791 / 2000;    current loss: 0.41219833493232727
INFO Gradient norm: 111.55547002843655
PROGRESS    Completed epoch 1792 / 2000;    current loss: 0.409025639295578
INFO Gradient norm: 98.55889088585946
PROGRESS    Completed epoch 1793 / 2000;    current loss: 0.4070946276187897
INFO Gradient norm: 129.01203917728142
PROGRESS    Completed epoch 1794 / 2000;    current loss: 0.4132067561149597
INFO Gradient norm: 112.73261216463378
PROGRESS    Completed epoch 1795 / 2000;    current loss: 0.40989449620246887
INFO Gradient norm: 124.9052633308205
PROGRESS    Completed epoch 1796 / 2000;    current loss: 0.41094207763671875
INFO Gradient norm: 111.26071763346042
PROGRESS    Completed epoch 1797 / 2000;    current loss: 0.4086424708366394
INFO Gradient norm: 119.4081727443557
PROGRESS    Completed epoch 1798 / 2000;    current loss: 0.4109218418598175
INFO Gradient norm: 103.5769823202176
PROGRESS    Completed epoch 1799 / 2000;    current loss: 0.40802937746047974
INFO Gradient norm: 135.5138985947706
PROGRESS    Completed epoch 1800 / 2000;    current loss: 0.41261622309684753
INFO Gradient norm: 120.57794736231104
PROGRESS    Completed epoch 1801 / 2000;    current loss: 0.4099977910518646
INFO Gradient norm: 113.33018204144824
PROGRESS    Completed epoch 1802 / 2000;    current loss: 0.40970563888549805
INFO Gradient norm: 100.01967852907188
PROGRESS    Completed epoch 1803 / 2000;    current loss: 0.40737175941467285
INFO Gradient norm: 135.7203605246417
PROGRESS    Completed epoch 1804 / 2000;    current loss: 0.41248852014541626
INFO Gradient norm: 117.60311787609535
PROGRESS    Completed epoch 1805 / 2000;    current loss: 0.4093225300312042
INFO Gradient norm: 116.07959847654654
PROGRESS    Completed epoch 1806 / 2000;    current loss: 0.4101218283176422
INFO Gradient norm: 102.65504889001618
PROGRESS    Completed epoch 1807 / 2000;    current loss: 0.4078187644481659
INFO Gradient norm: 132.06431967421196
PROGRESS    Completed epoch 1808 / 2000;    current loss: 0.41190728545188904
INFO Gradient norm: 114.65017514881114
PROGRESS    Completed epoch 1809 / 2000;    current loss: 0.40903234481811523
INFO Gradient norm: 118.63360901367983
PROGRESS    Completed epoch 1810 / 2000;    current loss: 0.4107730984687805
INFO Gradient norm: 106.5632955870928
PROGRESS    Completed epoch 1811 / 2000;    current loss: 0.40855613350868225
INFO Gradient norm: 125.81131884361267
PROGRESS    Completed epoch 1812 / 2000;    current loss: 0.41082099080085754
INFO Gradient norm: 107.97102458947847
PROGRESS    Completed epoch 1813 / 2000;    current loss: 0.4079609811306
INFO Gradient norm: 123.7108136474772
PROGRESS    Completed epoch 1814 / 2000;    current loss: 0.41166889667510986
INFO Gradient norm: 111.49650279544215
PROGRESS    Completed epoch 1815 / 2000;    current loss: 0.409271240234375
INFO Gradient norm: 119.7939761633135
PROGRESS    Completed epoch 1816 / 2000;    current loss: 0.4096193313598633
INFO Gradient norm: 102.92267201442097
PROGRESS    Completed epoch 1817 / 2000;    current loss: 0.4069877862930298
INFO Gradient norm: 126.37090656026395
PROGRESS    Completed epoch 1818 / 2000;    current loss: 0.4119541347026825
INFO Gradient norm: 113.25485585390388
PROGRESS    Completed epoch 1819 / 2000;    current loss: 0.40931516885757446
INFO Gradient norm: 118.30571251499768
PROGRESS    Completed epoch 1820 / 2000;    current loss: 0.4090787172317505
INFO Gradient norm: 103.77797622594343
PROGRESS    Completed epoch 1821 / 2000;    current loss: 0.4068717360496521
INFO Gradient norm: 123.37038035705964
PROGRESS    Completed epoch 1822 / 2000;    current loss: 0.4111727178096771
INFO Gradient norm: 108.95000888349583
PROGRESS    Completed epoch 1823 / 2000;    current loss: 0.408429890871048
INFO Gradient norm: 123.67431695119782
PROGRESS    Completed epoch 1824 / 2000;    current loss: 0.40986910462379456
INFO Gradient norm: 109.07129490460821
PROGRESS    Completed epoch 1825 / 2000;    current loss: 0.40755265951156616
INFO Gradient norm: 118.44501530845478
PROGRESS    Completed epoch 1826 / 2000;    current loss: 0.4101230502128601
INFO Gradient norm: 104.05781508121693
PROGRESS    Completed epoch 1827 / 2000;    current loss: 0.40754854679107666
INFO Gradient norm: 128.29189683267717
PROGRESS    Completed epoch 1828 / 2000;    current loss: 0.41064023971557617
INFO Gradient norm: 112.7253598670035
PROGRESS    Completed epoch 1829 / 2000;    current loss: 0.4081016182899475
INFO Gradient norm: 116.00062800675121
PROGRESS    Completed epoch 1830 / 2000;    current loss: 0.40963563323020935
INFO Gradient norm: 103.19841500355341
PROGRESS    Completed epoch 1831 / 2000;    current loss: 0.4073558449745178
INFO Gradient norm: 126.66037562987009
PROGRESS    Completed epoch 1832 / 2000;    current loss: 0.4102548360824585
INFO Gradient norm: 109.75116369827373
PROGRESS    Completed epoch 1833 / 2000;    current loss: 0.40751802921295166
INFO Gradient norm: 117.61654823973687
PROGRESS    Completed epoch 1834 / 2000;    current loss: 0.40984341502189636
INFO Gradient norm: 104.7870276900335
PROGRESS    Completed epoch 1835 / 2000;    current loss: 0.4075525999069214
INFO Gradient norm: 124.03522545053697
PROGRESS    Completed epoch 1836 / 2000;    current loss: 0.4097867012023926
INFO Gradient norm: 107.61408022647926
PROGRESS    Completed epoch 1837 / 2000;    current loss: 0.4072099030017853
INFO Gradient norm: 119.05766784950754
PROGRESS    Completed epoch 1838 / 2000;    current loss: 0.41007763147354126
INFO Gradient norm: 106.72541180707229
PROGRESS    Completed epoch 1839 / 2000;    current loss: 0.40780407190322876
INFO Gradient norm: 120.84038329233687
PROGRESS    Completed epoch 1840 / 2000;    current loss: 0.4091755747795105
INFO Gradient norm: 105.19610516799335
PROGRESS    Completed epoch 1841 / 2000;    current loss: 0.406788170337677
INFO Gradient norm: 119.27848343720764
PROGRESS    Completed epoch 1842 / 2000;    current loss: 0.41008901596069336
INFO Gradient norm: 106.13126854450392
PROGRESS    Completed epoch 1843 / 2000;    current loss: 0.40769433975219727
INFO Gradient norm: 121.00880249188427
PROGRESS    Completed epoch 1844 / 2000;    current loss: 0.40921449661254883
INFO Gradient norm: 105.4889231159584
PROGRESS    Completed epoch 1845 / 2000;    current loss: 0.4068105220794678
INFO Gradient norm: 118.50961874445976
PROGRESS    Completed epoch 1846 / 2000;    current loss: 0.4098743200302124
INFO Gradient norm: 105.64394623600155
PROGRESS    Completed epoch 1847 / 2000;    current loss: 0.4075116813182831
INFO Gradient norm: 121.24305890711244
PROGRESS    Completed epoch 1848 / 2000;    current loss: 0.4091792702674866
INFO Gradient norm: 105.9798555478511
PROGRESS    Completed epoch 1849 / 2000;    current loss: 0.406823992729187
INFO Gradient norm: 117.27452760916245
PROGRESS    Completed epoch 1850 / 2000;    current loss: 0.4095756411552429
INFO Gradient norm: 103.6416854426995
PROGRESS    Completed epoch 1851 / 2000;    current loss: 0.4071821868419647
INFO Gradient norm: 122.42038029319824
PROGRESS    Completed epoch 1852 / 2000;    current loss: 0.40938565135002136
INFO Gradient norm: 107.37507623011342
PROGRESS    Completed epoch 1853 / 2000;    current loss: 0.4070590138435364
INFO Gradient norm: 115.13879134957708
PROGRESS    Completed epoch 1854 / 2000;    current loss: 0.40922585129737854
INFO Gradient norm: 102.50546411594902
PROGRESS    Completed epoch 1855 / 2000;    current loss: 0.4069950580596924
INFO Gradient norm: 121.67098726377334
PROGRESS    Completed epoch 1856 / 2000;    current loss: 0.409231960773468
INFO Gradient norm: 105.84582340163732
PROGRESS    Completed epoch 1857 / 2000;    current loss: 0.4067624509334564
INFO Gradient norm: 116.13945744769575
PROGRESS    Completed epoch 1858 / 2000;    current loss: 0.40931466221809387
INFO Gradient norm: 104.01393830559782
PROGRESS    Completed epoch 1859 / 2000;    current loss: 0.4071073532104492
INFO Gradient norm: 118.50303866199353
PROGRESS    Completed epoch 1860 / 2000;    current loss: 0.40857118368148804
INFO Gradient norm: 103.60399309858498
PROGRESS    Completed epoch 1861 / 2000;    current loss: 0.40633028745651245
INFO Gradient norm: 116.35398565465258
PROGRESS    Completed epoch 1862 / 2000;    current loss: 0.40926873683929443
INFO Gradient norm: 103.64820752033008
PROGRESS    Completed epoch 1863 / 2000;    current loss: 0.4070065915584564
INFO Gradient norm: 118.62810422619783
PROGRESS    Completed epoch 1864 / 2000;    current loss: 0.4085700511932373
INFO Gradient norm: 103.50317712717329
PROGRESS    Completed epoch 1865 / 2000;    current loss: 0.4062669575214386
INFO Gradient norm: 115.41731402086826
PROGRESS    Completed epoch 1866 / 2000;    current loss: 0.409037321805954
INFO Gradient norm: 101.89977208652027
PROGRESS    Completed epoch 1867 / 2000;    current loss: 0.4067080616950989
INFO Gradient norm: 120.89536097787365
PROGRESS    Completed epoch 1868 / 2000;    current loss: 0.4089854657649994
INFO Gradient norm: 106.28653211739096
PROGRESS    Completed epoch 1869 / 2000;    current loss: 0.40673983097076416
INFO Gradient norm: 112.98337554124974
PROGRESS    Completed epoch 1870 / 2000;    current loss: 0.40865325927734375
INFO Gradient norm: 100.63071324375525
PROGRESS    Completed epoch 1871 / 2000;    current loss: 0.40651845932006836
INFO Gradient norm: 120.14752309074339
PROGRESS    Completed epoch 1872 / 2000;    current loss: 0.40884244441986084
INFO Gradient norm: 104.51556593018212
PROGRESS    Completed epoch 1873 / 2000;    current loss: 0.4064388871192932
INFO Gradient norm: 114.32155452605248
PROGRESS    Completed epoch 1874 / 2000;    current loss: 0.408811092376709
INFO Gradient norm: 102.56892629904415
PROGRESS    Completed epoch 1875 / 2000;    current loss: 0.4067292809486389
INFO Gradient norm: 116.30136741911993
PROGRESS    Completed epoch 1876 / 2000;    current loss: 0.4081125855445862
INFO Gradient norm: 100.63406516633007
PROGRESS    Completed epoch 1877 / 2000;    current loss: 0.40575459599494934
INFO Gradient norm: 115.49108183427097
PROGRESS    Completed epoch 1878 / 2000;    current loss: 0.40894001722335815
INFO Gradient norm: 102.19969126859218
PROGRESS    Completed epoch 1879 / 2000;    current loss: 0.40666428208351135
INFO Gradient norm: 117.19367169993147
PROGRESS    Completed epoch 1880 / 2000;    current loss: 0.40829765796661377
INFO Gradient norm: 103.21212746709415
PROGRESS    Completed epoch 1881 / 2000;    current loss: 0.40622541308403015
INFO Gradient norm: 112.30232470454655
PROGRESS    Completed epoch 1882 / 2000;    current loss: 0.40846219658851624
INFO Gradient norm: 99.78670542288216
PROGRESS    Completed epoch 1883 / 2000;    current loss: 0.4063309133052826
INFO Gradient norm: 118.21899295515115
PROGRESS    Completed epoch 1884 / 2000;    current loss: 0.40848493576049805
INFO Gradient norm: 103.3739102225973
PROGRESS    Completed epoch 1885 / 2000;    current loss: 0.4062354564666748
INFO Gradient norm: 112.05076299244837
PROGRESS    Completed epoch 1886 / 2000;    current loss: 0.4083554148674011
INFO Gradient norm: 100.15659103111119
PROGRESS    Completed epoch 1887 / 2000;    current loss: 0.40630200505256653
INFO Gradient norm: 116.16037940714558
PROGRESS    Completed epoch 1888 / 2000;    current loss: 0.4080437123775482
INFO Gradient norm: 101.00538845627956
PROGRESS    Completed epoch 1889 / 2000;    current loss: 0.40576937794685364
INFO Gradient norm: 113.28028967405758
PROGRESS    Completed epoch 1890 / 2000;    current loss: 0.40843665599823
INFO Gradient norm: 101.56851301528289
PROGRESS    Completed epoch 1891 / 2000;    current loss: 0.4063774645328522
INFO Gradient norm: 113.50002665877712
PROGRESS    Completed epoch 1892 / 2000;    current loss: 0.40746399760246277
INFO Gradient norm: 99.10453179654642
PROGRESS    Completed epoch 1893 / 2000;    current loss: 0.40534400939941406
INFO Gradient norm: 113.06290840498362
PROGRESS    Completed epoch 1894 / 2000;    current loss: 0.4082837998867035
INFO Gradient norm: 100.23881163776473
PROGRESS    Completed epoch 1895 / 2000;    current loss: 0.4060889780521393
INFO Gradient norm: 115.57852512351421
PROGRESS    Completed epoch 1896 / 2000;    current loss: 0.40777358412742615
INFO Gradient norm: 101.60016898904236
PROGRESS    Completed epoch 1897 / 2000;    current loss: 0.40570399165153503
INFO Gradient norm: 110.8153771219191
PROGRESS    Completed epoch 1898 / 2000;    current loss: 0.4078632593154907
INFO Gradient norm: 98.7318005464542
PROGRESS    Completed epoch 1899 / 2000;    current loss: 0.4058217406272888
INFO Gradient norm: 115.52543301856848
PROGRESS    Completed epoch 1900 / 2000;    current loss: 0.40771034359931946
INFO Gradient norm: 100.92195331320632
PROGRESS    Completed epoch 1901 / 2000;    current loss: 0.4055267870426178
INFO Gradient norm: 110.8950299962546
PROGRESS    Completed epoch 1902 / 2000;    current loss: 0.4077918529510498
INFO Gradient norm: 98.3459200580049
PROGRESS    Completed epoch 1903 / 2000;    current loss: 0.4057193994522095
INFO Gradient norm: 115.22227118817858
PROGRESS    Completed epoch 1904 / 2000;    current loss: 0.4076536297798157
INFO Gradient norm: 101.24684360093063
PROGRESS    Completed epoch 1905 / 2000;    current loss: 0.4056025743484497
INFO Gradient norm: 109.20900020164956
PROGRESS    Completed epoch 1906 / 2000;    current loss: 0.4075586199760437
INFO Gradient norm: 97.35082448293487
PROGRESS    Completed epoch 1907 / 2000;    current loss: 0.40558382868766785
INFO Gradient norm: 114.6536136514189
PROGRESS    Completed epoch 1908 / 2000;    current loss: 0.40755850076675415
INFO Gradient norm: 100.13863512535632
PROGRESS    Completed epoch 1909 / 2000;    current loss: 0.4054234027862549
INFO Gradient norm: 109.72233633363689
PROGRESS    Completed epoch 1910 / 2000;    current loss: 0.40758612751960754
INFO Gradient norm: 98.27726648425626
PROGRESS    Completed epoch 1911 / 2000;    current loss: 0.4056524336338043
INFO Gradient norm: 112.22396517461624
PROGRESS    Completed epoch 1912 / 2000;    current loss: 0.40709108114242554
INFO Gradient norm: 97.7269512462654
PROGRESS    Completed epoch 1913 / 2000;    current loss: 0.40499112010002136
INFO Gradient norm: 110.78164986483566
PROGRESS    Completed epoch 1914 / 2000;    current loss: 0.40765485167503357
INFO Gradient norm: 98.75747148592879
PROGRESS    Completed epoch 1915 / 2000;    current loss: 0.40563124418258667
INFO Gradient norm: 112.01336859433661
PROGRESS    Completed epoch 1916 / 2000;    current loss: 0.4070018529891968
INFO Gradient norm: 98.46582586098896
PROGRESS    Completed epoch 1917 / 2000;    current loss: 0.4050595760345459
INFO Gradient norm: 109.0710868692644
PROGRESS    Completed epoch 1918 / 2000;    current loss: 0.4073362350463867
INFO Gradient norm: 97.22814179592149
PROGRESS    Completed epoch 1919 / 2000;    current loss: 0.40536749362945557
INFO Gradient norm: 112.29843053412046
PROGRESS    Completed epoch 1920 / 2000;    current loss: 0.4070114493370056
INFO Gradient norm: 98.34454447394789
PROGRESS    Completed epoch 1921 / 2000;    current loss: 0.4049840271472931
INFO Gradient norm: 108.6880592713877
PROGRESS    Completed epoch 1922 / 2000;    current loss: 0.4071965217590332
INFO Gradient norm: 96.97581498906649
PROGRESS    Completed epoch 1923 / 2000;    current loss: 0.40526336431503296
INFO Gradient norm: 111.40014738954656
PROGRESS    Completed epoch 1924 / 2000;    current loss: 0.4068073630332947
INFO Gradient norm: 97.7875747415046
PROGRESS    Completed epoch 1925 / 2000;    current loss: 0.4048572778701782
INFO Gradient norm: 107.75780722011874
PROGRESS    Completed epoch 1926 / 2000;    current loss: 0.40699878334999084
INFO Gradient norm: 96.21347128083573
PROGRESS    Completed epoch 1927 / 2000;    current loss: 0.40509819984436035
INFO Gradient norm: 110.96438808160117
PROGRESS    Completed epoch 1928 / 2000;    current loss: 0.4066922068595886
INFO Gradient norm: 97.61934454749888
PROGRESS    Completed epoch 1929 / 2000;    current loss: 0.4047856330871582
INFO Gradient norm: 107.13314066075459
PROGRESS    Completed epoch 1930 / 2000;    current loss: 0.40684837102890015
INFO Gradient norm: 95.49137852807895
PROGRESS    Completed epoch 1931 / 2000;    current loss: 0.40495821833610535
INFO Gradient norm: 111.14556643848366
PROGRESS    Completed epoch 1932 / 2000;    current loss: 0.40669602155685425
INFO Gradient norm: 97.37372768661496
PROGRESS    Completed epoch 1933 / 2000;    current loss: 0.40472501516342163
INFO Gradient norm: 106.75254141025145
PROGRESS    Completed epoch 1934 / 2000;    current loss: 0.40674859285354614
INFO Gradient norm: 95.01680533919762
PROGRESS    Completed epoch 1935 / 2000;    current loss: 0.40486082434654236
INFO Gradient norm: 110.59882567197502
PROGRESS    Completed epoch 1936 / 2000;    current loss: 0.4066088795661926
INFO Gradient norm: 97.19255471464963
PROGRESS    Completed epoch 1937 / 2000;    current loss: 0.4047020375728607
INFO Gradient norm: 105.79135086211558
PROGRESS    Completed epoch 1938 / 2000;    current loss: 0.4065867066383362
INFO Gradient norm: 94.54312489021046
PROGRESS    Completed epoch 1939 / 2000;    current loss: 0.40478187799453735
INFO Gradient norm: 109.6885167706803
PROGRESS    Completed epoch 1940 / 2000;    current loss: 0.40644896030426025
INFO Gradient norm: 96.01767077666048
PROGRESS    Completed epoch 1941 / 2000;    current loss: 0.40450507402420044
INFO Gradient norm: 106.13840055229312
PROGRESS    Completed epoch 1942 / 2000;    current loss: 0.40658050775527954
INFO Gradient norm: 95.04238402699889
PROGRESS    Completed epoch 1943 / 2000;    current loss: 0.40478789806365967
INFO Gradient norm: 107.97370006806682
PROGRESS    Completed epoch 1944 / 2000;    current loss: 0.4061085879802704
INFO Gradient norm: 94.57390761328593
PROGRESS    Completed epoch 1945 / 2000;    current loss: 0.40422576665878296
INFO Gradient norm: 106.08225436713747
PROGRESS    Completed epoch 1946 / 2000;    current loss: 0.40650466084480286
INFO Gradient norm: 94.54659681229707
PROGRESS    Completed epoch 1947 / 2000;    current loss: 0.4046545624732971
INFO Gradient norm: 108.40092682386701
PROGRESS    Completed epoch 1948 / 2000;    current loss: 0.40613800287246704
INFO Gradient norm: 95.29907065058414
PROGRESS    Completed epoch 1949 / 2000;    current loss: 0.4043051302433014
INFO Gradient norm: 104.95964099914565
PROGRESS    Completed epoch 1950 / 2000;    current loss: 0.4062857925891876
INFO Gradient norm: 93.7900645177178
PROGRESS    Completed epoch 1951 / 2000;    current loss: 0.404499888420105
INFO Gradient norm: 107.91592194345245
PROGRESS    Completed epoch 1952 / 2000;    current loss: 0.4060085117816925
INFO Gradient norm: 94.55945102083432
PROGRESS    Completed epoch 1953 / 2000;    current loss: 0.4041379690170288
INFO Gradient norm: 104.29914580245057
PROGRESS    Completed epoch 1954 / 2000;    current loss: 0.4061216115951538
INFO Gradient norm: 93.04180723023899
PROGRESS    Completed epoch 1955 / 2000;    current loss: 0.404352605342865
INFO Gradient norm: 107.67833081313103
PROGRESS    Completed epoch 1956 / 2000;    current loss: 0.4059380292892456
INFO Gradient norm: 94.61219499555575
PROGRESS    Completed epoch 1957 / 2000;    current loss: 0.4041150212287903
INFO Gradient norm: 103.669143937646
PROGRESS    Completed epoch 1958 / 2000;    current loss: 0.40597647428512573
INFO Gradient norm: 92.45147135297968
PROGRESS    Completed epoch 1959 / 2000;    current loss: 0.404220312833786
INFO Gradient norm: 107.62725670635831
PROGRESS    Completed epoch 1960 / 2000;    current loss: 0.4058932960033417
INFO Gradient norm: 94.5232718570341
PROGRESS    Completed epoch 1961 / 2000;    current loss: 0.4040699601173401
INFO Gradient norm: 103.25976136882348
PROGRESS    Completed epoch 1962 / 2000;    current loss: 0.40587905049324036
INFO Gradient norm: 92.37653391723161
PROGRESS    Completed epoch 1963 / 2000;    current loss: 0.4041614532470703
INFO Gradient norm: 106.27461669443232
PROGRESS    Completed epoch 1964 / 2000;    current loss: 0.40565139055252075
INFO Gradient norm: 93.31498018383368
PROGRESS    Completed epoch 1965 / 2000;    current loss: 0.40386730432510376
INFO Gradient norm: 102.97196352638016
PROGRESS    Completed epoch 1966 / 2000;    current loss: 0.40578392148017883
INFO Gradient norm: 91.73001789549997
PROGRESS    Completed epoch 1967 / 2000;    current loss: 0.4040452241897583
INFO Gradient norm: 106.63128111695328
PROGRESS    Completed epoch 1968 / 2000;    current loss: 0.4056936502456665
INFO Gradient norm: 93.8849877798679
PROGRESS    Completed epoch 1969 / 2000;    current loss: 0.4039376974105835
INFO Gradient norm: 102.03132663116016
PROGRESS    Completed epoch 1970 / 2000;    current loss: 0.40562519431114197
INFO Gradient norm: 91.23924727496794
PROGRESS    Completed epoch 1971 / 2000;    current loss: 0.4039493203163147
INFO Gradient norm: 105.7470268830264
PROGRESS    Completed epoch 1972 / 2000;    current loss: 0.40554067492485046
INFO Gradient norm: 92.74148274217579
PROGRESS    Completed epoch 1973 / 2000;    current loss: 0.403746634721756
INFO Gradient norm: 102.4232247657811
PROGRESS    Completed epoch 1974 / 2000;    current loss: 0.4056164622306824
INFO Gradient norm: 91.87984295605438
PROGRESS    Completed epoch 1975 / 2000;    current loss: 0.4039880633354187
INFO Gradient norm: 103.92274844369004
PROGRESS    Completed epoch 1976 / 2000;    current loss: 0.40520918369293213
INFO Gradient norm: 90.9945162456172
PROGRESS    Completed epoch 1977 / 2000;    current loss: 0.403451144695282
INFO Gradient norm: 102.13741909220398
PROGRESS    Completed epoch 1978 / 2000;    current loss: 0.4055439531803131
INFO Gradient norm: 90.90244870135993
PROGRESS    Completed epoch 1979 / 2000;    current loss: 0.4038257300853729
INFO Gradient norm: 104.63251050018268
PROGRESS    Completed epoch 1980 / 2000;    current loss: 0.40531325340270996
INFO Gradient norm: 92.39479622209758
PROGRESS    Completed epoch 1981 / 2000;    current loss: 0.4036553204059601
INFO Gradient norm: 100.30225934135632
PROGRESS    Completed epoch 1982 / 2000;    current loss: 0.40525901317596436
INFO Gradient norm: 89.51205393496194
PROGRESS    Completed epoch 1983 / 2000;    current loss: 0.40362727642059326
INFO Gradient norm: 104.82361766239187
PROGRESS    Completed epoch 1984 / 2000;    current loss: 0.40532392263412476
INFO Gradient norm: 92.27726692595844
PROGRESS    Completed epoch 1985 / 2000;    current loss: 0.4036083221435547
INFO Gradient norm: 99.95521474438121
PROGRESS    Completed epoch 1986 / 2000;    current loss: 0.40515244007110596
INFO Gradient norm: 89.55693250752091
PROGRESS    Completed epoch 1987 / 2000;    current loss: 0.4035736918449402
INFO Gradient norm: 103.51203128858984
PROGRESS    Completed epoch 1988 / 2000;    current loss: 0.40506699681282043
INFO Gradient norm: 90.80682678662987
PROGRESS    Completed epoch 1989 / 2000;    current loss: 0.40334999561309814
INFO Gradient norm: 100.48287322377817
PROGRESS    Completed epoch 1990 / 2000;    current loss: 0.4051576256752014
INFO Gradient norm: 90.12197480836328
PROGRESS    Completed epoch 1991 / 2000;    current loss: 0.40356114506721497
INFO Gradient norm: 101.93909211059632
PROGRESS    Completed epoch 1992 / 2000;    current loss: 0.4047490358352661
INFO Gradient norm: 89.53276836626888
PROGRESS    Completed epoch 1993 / 2000;    current loss: 0.4030817747116089
INFO Gradient norm: 100.13135017210269
PROGRESS    Completed epoch 1994 / 2000;    current loss: 0.4050098657608032
INFO Gradient norm: 89.02769245718717
PROGRESS    Completed epoch 1995 / 2000;    current loss: 0.4033610224723816
INFO Gradient norm: 103.40638236757111
PROGRESS    Completed epoch 1996 / 2000;    current loss: 0.4049442410469055
INFO Gradient norm: 91.59628983528987
PROGRESS    Completed epoch 1997 / 2000;    current loss: 0.4033580422401428
INFO Gradient norm: 98.01547767879435
PROGRESS    Completed epoch 1998 / 2000;    current loss: 0.40469199419021606
INFO Gradient norm: 87.4974680829612
PROGRESS    Completed epoch 1999 / 2000;    current loss: 0.40313953161239624
INFO Gradient norm: 103.52314282891759
PROGRESS    Completed epoch 2000 / 2000;    current loss: 0.4049369990825653
INFO    Saving model weights ...
INFO Model weights saved successfully to /home/hoang/utopya_output/Dengue/250605-202430/data/uni09/data_npc_checkpoint.pth
INFO    Simulation run finished.
INFO    Wrapping up ...
SUCCESS    All done.

---
end of log. exit code: 0

