Log of 'out' stream of WorkerTask 'uni07'
---

INFO    Using 'cpu' as training device. Number of threads: 10
INFO    Loading training data ...
INFO    Initializing the neural net ...
INFO    Initialized model 'Dengue'.
INFO    Now commencing training for 2000 epochs ...
INFO Gradient norm: 738.2249141130904
PROGRESS    Completed epoch 1 / 2000;    current loss: 270.83111572265625
INFO Gradient norm: 741.571653036618
PROGRESS    Completed epoch 2 / 2000;    current loss: 270.6084289550781
INFO Gradient norm: 745.0707945394133
PROGRESS    Completed epoch 3 / 2000;    current loss: 270.3841552734375
INFO Gradient norm: 748.737721916915
PROGRESS    Completed epoch 4 / 2000;    current loss: 270.1585388183594
INFO Gradient norm: 752.589914901641
PROGRESS    Completed epoch 5 / 2000;    current loss: 269.9315185546875
INFO Gradient norm: 756.6463413617862
PROGRESS    Completed epoch 6 / 2000;    current loss: 269.702880859375
INFO Gradient norm: 760.9275431553037
PROGRESS    Completed epoch 7 / 2000;    current loss: 269.47174072265625
INFO Gradient norm: 765.4598207496841
PROGRESS    Completed epoch 8 / 2000;    current loss: 269.23956298828125
INFO Gradient norm: 770.2738467907147
PROGRESS    Completed epoch 9 / 2000;    current loss: 269.0046691894531
INFO Gradient norm: 775.4019560906574
PROGRESS    Completed epoch 10 / 2000;    current loss: 268.766845703125
INFO Gradient norm: 780.8865903739285
PROGRESS    Completed epoch 11 / 2000;    current loss: 268.5271301269531
INFO Gradient norm: 786.7729104112592
PROGRESS    Completed epoch 12 / 2000;    current loss: 268.2843017578125
INFO Gradient norm: 793.1152223979217
PROGRESS    Completed epoch 13 / 2000;    current loss: 268.03857421875
INFO Gradient norm: 799.9843008211686
PROGRESS    Completed epoch 14 / 2000;    current loss: 267.7884521484375
INFO Gradient norm: 807.472221267216
PROGRESS    Completed epoch 15 / 2000;    current loss: 267.53546142578125
INFO Gradient norm: 815.7081738657968
PROGRESS    Completed epoch 16 / 2000;    current loss: 267.27789306640625
INFO Gradient norm: 824.8447669980977
PROGRESS    Completed epoch 17 / 2000;    current loss: 267.01556396484375
INFO Gradient norm: 835.048633672522
PROGRESS    Completed epoch 18 / 2000;    current loss: 266.7489013671875
INFO Gradient norm: 846.5457981907628
PROGRESS    Completed epoch 19 / 2000;    current loss: 266.4758605957031
INFO Gradient norm: 859.6237990456221
PROGRESS    Completed epoch 20 / 2000;    current loss: 266.1974792480469
INFO Gradient norm: 874.6747205962449
PROGRESS    Completed epoch 21 / 2000;    current loss: 265.9121398925781
INFO Gradient norm: 892.2272003885986
PROGRESS    Completed epoch 22 / 2000;    current loss: 265.6189270019531
INFO Gradient norm: 913.0497425564549
PROGRESS    Completed epoch 23 / 2000;    current loss: 265.3175354003906
INFO Gradient norm: 938.2532429080759
PROGRESS    Completed epoch 24 / 2000;    current loss: 265.00579833984375
INFO Gradient norm: 969.5609042311771
PROGRESS    Completed epoch 25 / 2000;    current loss: 264.6827392578125
INFO Gradient norm: 1009.7409040854504
PROGRESS    Completed epoch 26 / 2000;    current loss: 264.3454895019531
INFO Gradient norm: 1063.619304039528
PROGRESS    Completed epoch 27 / 2000;    current loss: 263.990478515625
INFO Gradient norm: 1140.4668673576443
PROGRESS    Completed epoch 28 / 2000;    current loss: 263.61346435546875
INFO Gradient norm: 1260.7535595181487
PROGRESS    Completed epoch 29 / 2000;    current loss: 263.2057189941406
INFO Gradient norm: 1480.6924395226729
PROGRESS    Completed epoch 30 / 2000;    current loss: 262.7486877441406
INFO Gradient norm: 2044.8878427790164
PROGRESS    Completed epoch 31 / 2000;    current loss: 262.1954345703125
INFO Gradient norm: 9727.203490121854
PROGRESS    Completed epoch 32 / 2000;    current loss: 261.16949462890625
INFO Gradient norm: 2328.1542127826433
PROGRESS    Completed epoch 33 / 2000;    current loss: 261.7191162109375
INFO Gradient norm: 1588.795818869507
PROGRESS    Completed epoch 34 / 2000;    current loss: 261.9160461425781
INFO Gradient norm: 1345.7171961279896
PROGRESS    Completed epoch 35 / 2000;    current loss: 261.9752197265625
INFO Gradient norm: 1224.04863800015
PROGRESS    Completed epoch 36 / 2000;    current loss: 261.96600341796875
INFO Gradient norm: 1152.0905078393773
PROGRESS    Completed epoch 37 / 2000;    current loss: 261.9120178222656
INFO Gradient norm: 1105.7675579748818
PROGRESS    Completed epoch 38 / 2000;    current loss: 261.8241271972656
INFO Gradient norm: 1074.7814538657587
PROGRESS    Completed epoch 39 / 2000;    current loss: 261.7090759277344
INFO Gradient norm: 1053.9004193457856
PROGRESS    Completed epoch 40 / 2000;    current loss: 261.56982421875
INFO Gradient norm: 1040.3247732460898
PROGRESS    Completed epoch 41 / 2000;    current loss: 261.40863037109375
INFO Gradient norm: 1032.4897653027094
PROGRESS    Completed epoch 42 / 2000;    current loss: 261.2290954589844
INFO Gradient norm: 1029.568647613982
PROGRESS    Completed epoch 43 / 2000;    current loss: 261.0308837890625
INFO Gradient norm: 1031.2055384074704
PROGRESS    Completed epoch 44 / 2000;    current loss: 260.8140563964844
INFO Gradient norm: 1037.4055698523964
PROGRESS    Completed epoch 45 / 2000;    current loss: 260.58001708984375
INFO Gradient norm: 1048.6046818197162
PROGRESS    Completed epoch 46 / 2000;    current loss: 260.32855224609375
INFO Gradient norm: 1065.7025539394967
PROGRESS    Completed epoch 47 / 2000;    current loss: 260.0593566894531
INFO Gradient norm: 1090.3768238228365
PROGRESS    Completed epoch 48 / 2000;    current loss: 259.77032470703125
INFO Gradient norm: 1125.5335307997298
PROGRESS    Completed epoch 49 / 2000;    current loss: 259.4609375
INFO Gradient norm: 1176.3592072129882
PROGRESS    Completed epoch 50 / 2000;    current loss: 259.12786865234375
INFO Gradient norm: 1252.9638345367864
PROGRESS    Completed epoch 51 / 2000;    current loss: 258.76739501953125
INFO Gradient norm: 1377.653012481366
PROGRESS    Completed epoch 52 / 2000;    current loss: 258.3729248046875
INFO Gradient norm: 1613.4356622820467
PROGRESS    Completed epoch 53 / 2000;    current loss: 257.9249267578125
INFO Gradient norm: 2226.5913419139815
PROGRESS    Completed epoch 54 / 2000;    current loss: 257.3834533691406
INFO Gradient norm: 9201.633651764048
PROGRESS    Completed epoch 55 / 2000;    current loss: 256.4360656738281
INFO Gradient norm: 2579.8935228339737
PROGRESS    Completed epoch 56 / 2000;    current loss: 256.79638671875
INFO Gradient norm: 1712.9768913721982
PROGRESS    Completed epoch 57 / 2000;    current loss: 256.8912658691406
INFO Gradient norm: 1441.8065841850364
PROGRESS    Completed epoch 58 / 2000;    current loss: 256.84942626953125
INFO Gradient norm: 1312.1305300563304
PROGRESS    Completed epoch 59 / 2000;    current loss: 256.7366638183594
INFO Gradient norm: 1239.3000005466681
PROGRESS    Completed epoch 60 / 2000;    current loss: 256.5758056640625
INFO Gradient norm: 1196.959885718174
PROGRESS    Completed epoch 61 / 2000;    current loss: 256.3771057128906
INFO Gradient norm: 1174.111174494432
PROGRESS    Completed epoch 62 / 2000;    current loss: 256.1453857421875
INFO Gradient norm: 1166.0088654423996
PROGRESS    Completed epoch 63 / 2000;    current loss: 255.88201904296875
INFO Gradient norm: 1171.0496459307199
PROGRESS    Completed epoch 64 / 2000;    current loss: 255.59010314941406
INFO Gradient norm: 1190.1126174957326
PROGRESS    Completed epoch 65 / 2000;    current loss: 255.268798828125
INFO Gradient norm: 1226.7790578116121
PROGRESS    Completed epoch 66 / 2000;    current loss: 254.91668701171875
INFO Gradient norm: 1289.4578750430655
PROGRESS    Completed epoch 67 / 2000;    current loss: 254.53091430664062
INFO Gradient norm: 1398.0607939989925
PROGRESS    Completed epoch 68 / 2000;    current loss: 254.10670471191406
INFO Gradient norm: 1609.2868863923625
PROGRESS    Completed epoch 69 / 2000;    current loss: 253.62820434570312
INFO Gradient norm: 2156.673443592416
PROGRESS    Completed epoch 70 / 2000;    current loss: 253.06106567382812
INFO Gradient norm: 6592.216907541162
PROGRESS    Completed epoch 71 / 2000;    current loss: 252.17691040039062
INFO Gradient norm: 2748.5423426293137
PROGRESS    Completed epoch 72 / 2000;    current loss: 252.2781982421875
INFO Gradient norm: 1760.1896890917967
PROGRESS    Completed epoch 73 / 2000;    current loss: 252.28697204589844
INFO Gradient norm: 1479.8779989728828
PROGRESS    Completed epoch 74 / 2000;    current loss: 252.144287109375
INFO Gradient norm: 1358.39425612638
PROGRESS    Completed epoch 75 / 2000;    current loss: 251.92498779296875
INFO Gradient norm: 1302.999378238183
PROGRESS    Completed epoch 76 / 2000;    current loss: 251.65045166015625
INFO Gradient norm: 1287.2292510127409
PROGRESS    Completed epoch 77 / 2000;    current loss: 251.33132934570312
INFO Gradient norm: 1305.0834559157383
PROGRESS    Completed epoch 78 / 2000;    current loss: 250.96786499023438
INFO Gradient norm: 1363.457949886353
PROGRESS    Completed epoch 79 / 2000;    current loss: 250.56007385253906
INFO Gradient norm: 1490.7615722572648
PROGRESS    Completed epoch 80 / 2000;    current loss: 250.10018920898438
INFO Gradient norm: 1785.722303851569
PROGRESS    Completed epoch 81 / 2000;    current loss: 249.57247924804688
INFO Gradient norm: 2828.621534949062
PROGRESS    Completed epoch 82 / 2000;    current loss: 248.90261840820312
INFO Gradient norm: 7384.816379552511
PROGRESS    Completed epoch 83 / 2000;    current loss: 248.12051391601562
INFO Gradient norm: 2437.9579781962448
PROGRESS    Completed epoch 84 / 2000;    current loss: 248.2633056640625
INFO Gradient norm: 1875.023909804802
PROGRESS    Completed epoch 85 / 2000;    current loss: 248.077392578125
INFO Gradient norm: 1706.9995692964255
PROGRESS    Completed epoch 86 / 2000;    current loss: 247.7816925048828
INFO Gradient norm: 1696.3419213467625
PROGRESS    Completed epoch 87 / 2000;    current loss: 247.41233825683594
INFO Gradient norm: 1831.816186095589
PROGRESS    Completed epoch 88 / 2000;    current loss: 246.97171020507812
INFO Gradient norm: 2281.152611729313
PROGRESS    Completed epoch 89 / 2000;    current loss: 246.43911743164062
INFO Gradient norm: 4737.714560757934
PROGRESS    Completed epoch 90 / 2000;    current loss: 245.69430541992188
INFO Gradient norm: 3879.4297157454744
PROGRESS    Completed epoch 91 / 2000;    current loss: 245.39552307128906
INFO Gradient norm: 2212.0228202262965
PROGRESS    Completed epoch 92 / 2000;    current loss: 245.29879760742188
INFO Gradient norm: 1879.4087373303742
PROGRESS    Completed epoch 93 / 2000;    current loss: 245.01068115234375
INFO Gradient norm: 1840.184885836472
PROGRESS    Completed epoch 94 / 2000;    current loss: 244.62107849121094
INFO Gradient norm: 2034.4277161244872
PROGRESS    Completed epoch 95 / 2000;    current loss: 244.14073181152344
INFO Gradient norm: 2838.839493852368
PROGRESS    Completed epoch 96 / 2000;    current loss: 243.5331573486328
INFO Gradient norm: 46775.78165506839
PROGRESS    Completed epoch 97 / 2000;    current loss: 242.1829376220703
INFO Gradient norm: 2390.328873437543
PROGRESS    Completed epoch 98 / 2000;    current loss: 242.78311157226562
INFO Gradient norm: 1711.70521899412
PROGRESS    Completed epoch 99 / 2000;    current loss: 242.5721435546875
INFO Gradient norm: 1537.5386135901251
PROGRESS    Completed epoch 100 / 2000;    current loss: 242.22605895996094
INFO Gradient norm: 1524.5858270430062
PROGRESS    Completed epoch 101 / 2000;    current loss: 241.7930145263672
INFO Gradient norm: 1656.7341035230777
PROGRESS    Completed epoch 102 / 2000;    current loss: 241.27842712402344
INFO Gradient norm: 2152.774279750226
PROGRESS    Completed epoch 103 / 2000;    current loss: 240.65399169921875
INFO Gradient norm: 6889.241445339393
PROGRESS    Completed epoch 104 / 2000;    current loss: 239.69265747070312
INFO Gradient norm: 2461.486912155232
PROGRESS    Completed epoch 105 / 2000;    current loss: 239.67047119140625
INFO Gradient norm: 1645.1795449702315
PROGRESS    Completed epoch 106 / 2000;    current loss: 239.4560089111328
INFO Gradient norm: 1454.4058474858614
PROGRESS    Completed epoch 107 / 2000;    current loss: 239.08108520507812
INFO Gradient norm: 1438.4679074515511
PROGRESS    Completed epoch 108 / 2000;    current loss: 238.61114501953125
INFO Gradient norm: 1574.874730141973
PROGRESS    Completed epoch 109 / 2000;    current loss: 238.0517120361328
INFO Gradient norm: 2110.2834230426542
PROGRESS    Completed epoch 110 / 2000;    current loss: 237.3701171875
INFO Gradient norm: 11107.743825990818
PROGRESS    Completed epoch 111 / 2000;    current loss: 236.21038818359375
INFO Gradient norm: 2034.96800056532
PROGRESS    Completed epoch 112 / 2000;    current loss: 236.39093017578125
INFO Gradient norm: 1439.2249622541763
PROGRESS    Completed epoch 113 / 2000;    current loss: 236.11734008789062
INFO Gradient norm: 1289.410362788818
PROGRESS    Completed epoch 114 / 2000;    current loss: 235.695556640625
INFO Gradient norm: 1267.4805645007348
PROGRESS    Completed epoch 115 / 2000;    current loss: 235.1817626953125
INFO Gradient norm: 1348.069955972294
PROGRESS    Completed epoch 116 / 2000;    current loss: 234.58421325683594
INFO Gradient norm: 1652.7776740232425
PROGRESS    Completed epoch 117 / 2000;    current loss: 233.884521484375
INFO Gradient norm: 3626.3991245925013
PROGRESS    Completed epoch 118 / 2000;    current loss: 232.94102478027344
INFO Gradient norm: 2458.6587102690837
PROGRESS    Completed epoch 119 / 2000;    current loss: 232.56210327148438
INFO Gradient norm: 1517.9283793762188
PROGRESS    Completed epoch 120 / 2000;    current loss: 232.27859497070312
INFO Gradient norm: 1338.3133776640063
PROGRESS    Completed epoch 121 / 2000;    current loss: 231.80465698242188
INFO Gradient norm: 1348.2391849706755
PROGRESS    Completed epoch 122 / 2000;    current loss: 231.2241668701172
INFO Gradient norm: 1563.9187535087403
PROGRESS    Completed epoch 123 / 2000;    current loss: 230.53598022460938
INFO Gradient norm: 2717.1772881834377
PROGRESS    Completed epoch 124 / 2000;    current loss: 229.65586853027344
INFO Gradient norm: 3437.762244786068
PROGRESS    Completed epoch 125 / 2000;    current loss: 228.9637908935547
INFO Gradient norm: 1806.4222802563365
PROGRESS    Completed epoch 126 / 2000;    current loss: 228.67205810546875
INFO Gradient norm: 1617.699471442773
PROGRESS    Completed epoch 127 / 2000;    current loss: 228.1380615234375
INFO Gradient norm: 1840.6599938309953
PROGRESS    Completed epoch 128 / 2000;    current loss: 227.4631805419922
INFO Gradient norm: 3640.7505608171004
PROGRESS    Completed epoch 129 / 2000;    current loss: 226.55014038085938
INFO Gradient norm: 2846.6838731835037
PROGRESS    Completed epoch 130 / 2000;    current loss: 226.04644775390625
INFO Gradient norm: 1768.050190793619
PROGRESS    Completed epoch 131 / 2000;    current loss: 225.66319274902344
INFO Gradient norm: 1698.1439151623792
PROGRESS    Completed epoch 132 / 2000;    current loss: 225.06393432617188
INFO Gradient norm: 2239.5794404525955
PROGRESS    Completed epoch 133 / 2000;    current loss: 224.29444885253906
INFO Gradient norm: 175419.07166160713
PROGRESS    Completed epoch 134 / 2000;    current loss: 222.44322204589844
INFO Gradient norm: 5011.69784494878
PROGRESS    Completed epoch 135 / 2000;    current loss: 222.69677734375
INFO Gradient norm: 13520.984842815582
PROGRESS    Completed epoch 136 / 2000;    current loss: 221.73995971679688
INFO Gradient norm: 2829.408257895423
PROGRESS    Completed epoch 137 / 2000;    current loss: 221.64498901367188
INFO Gradient norm: 2375.5098213542906
PROGRESS    Completed epoch 138 / 2000;    current loss: 221.07614135742188
INFO Gradient norm: 3973.912445407554
PROGRESS    Completed epoch 139 / 2000;    current loss: 220.2145233154297
INFO Gradient norm: 3522.764505428166
PROGRESS    Completed epoch 140 / 2000;    current loss: 219.6016387939453
INFO Gradient norm: 2445.318034829056
PROGRESS    Completed epoch 141 / 2000;    current loss: 219.0914764404297
INFO Gradient norm: 3616.323298570815
PROGRESS    Completed epoch 142 / 2000;    current loss: 218.2677764892578
INFO Gradient norm: 4178.77454376777
PROGRESS    Completed epoch 143 / 2000;    current loss: 217.54713439941406
INFO Gradient norm: 2914.8926526574237
PROGRESS    Completed epoch 144 / 2000;    current loss: 217.01258850097656
INFO Gradient norm: 6415.992838105208
PROGRESS    Completed epoch 145 / 2000;    current loss: 216.0404510498047
INFO Gradient norm: 2516.5012624207075
PROGRESS    Completed epoch 146 / 2000;    current loss: 215.70993041992188
INFO Gradient norm: 1956.3005893173333
PROGRESS    Completed epoch 147 / 2000;    current loss: 215.1359405517578
INFO Gradient norm: 2708.690364241441
PROGRESS    Completed epoch 148 / 2000;    current loss: 214.30140686035156
INFO Gradient norm: 5183.843037972839
PROGRESS    Completed epoch 149 / 2000;    current loss: 213.3613739013672
INFO Gradient norm: 3174.0542372566374
PROGRESS    Completed epoch 150 / 2000;    current loss: 212.84788513183594
INFO Gradient norm: 9905.342949890906
PROGRESS    Completed epoch 151 / 2000;    current loss: 211.7512969970703
INFO Gradient norm: 2096.5463575011013
PROGRESS    Completed epoch 152 / 2000;    current loss: 211.61199951171875
INFO Gradient norm: 1693.361537151537
PROGRESS    Completed epoch 153 / 2000;    current loss: 211.003173828125
INFO Gradient norm: 2256.730837940539
PROGRESS    Completed epoch 154 / 2000;    current loss: 210.15420532226562
INFO Gradient norm: 6357.313323645373
PROGRESS    Completed epoch 155 / 2000;    current loss: 209.04417419433594
INFO Gradient norm: 3372.7283761973863
PROGRESS    Completed epoch 156 / 2000;    current loss: 208.548828125
INFO Gradient norm: 20900.112310367258
PROGRESS    Completed epoch 157 / 2000;    current loss: 207.2503662109375
INFO Gradient norm: 1816.9732395445103
PROGRESS    Completed epoch 158 / 2000;    current loss: 207.3480224609375
INFO Gradient norm: 1502.2742172577805
PROGRESS    Completed epoch 159 / 2000;    current loss: 206.7047882080078
INFO Gradient norm: 1943.802018192967
PROGRESS    Completed epoch 160 / 2000;    current loss: 205.83468627929688
INFO Gradient norm: 8308.96113367411
PROGRESS    Completed epoch 161 / 2000;    current loss: 204.54779052734375
INFO Gradient norm: 3605.359794110674
PROGRESS    Completed epoch 162 / 2000;    current loss: 204.08131408691406
INFO Gradient norm: 16941.17872411647
PROGRESS    Completed epoch 163 / 2000;    current loss: 202.8420867919922
INFO Gradient norm: 5071.00655690808
PROGRESS    Completed epoch 164 / 2000;    current loss: 202.43893432617188
INFO Gradient norm: 6155.782073786498
PROGRESS    Completed epoch 165 / 2000;    current loss: 201.61390686035156
INFO Gradient norm: 8281.282046612832
PROGRESS    Completed epoch 166 / 2000;    current loss: 200.75682067871094
INFO Gradient norm: 4148.680445574489
PROGRESS    Completed epoch 167 / 2000;    current loss: 200.21827697753906
INFO Gradient norm: 27711.196171197247
PROGRESS    Completed epoch 168 / 2000;    current loss: 198.92843627929688
INFO Gradient norm: 3265.1889981974396
PROGRESS    Completed epoch 169 / 2000;    current loss: 198.7641143798828
INFO Gradient norm: 10744.638357326381
PROGRESS    Completed epoch 170 / 2000;    current loss: 197.6039581298828
INFO Gradient norm: 1712.0602617542859
PROGRESS    Completed epoch 171 / 2000;    current loss: 197.48284912109375
INFO Gradient norm: 1468.511280179595
PROGRESS    Completed epoch 172 / 2000;    current loss: 196.76539611816406
INFO Gradient norm: 2195.3339281050585
PROGRESS    Completed epoch 173 / 2000;    current loss: 195.7689666748047
INFO Gradient norm: 2525.7763683946187
PROGRESS    Completed epoch 174 / 2000;    current loss: 194.8901824951172
INFO Gradient norm: 1755.2204112274007
PROGRESS    Completed epoch 175 / 2000;    current loss: 194.22430419921875
INFO Gradient norm: 2819.872388683074
PROGRESS    Completed epoch 176 / 2000;    current loss: 193.194091796875
INFO Gradient norm: 2017.397069654231
PROGRESS    Completed epoch 177 / 2000;    current loss: 192.501953125
INFO Gradient norm: 1564.3425388422852
PROGRESS    Completed epoch 178 / 2000;    current loss: 191.77392578125
INFO Gradient norm: 2441.074501822327
PROGRESS    Completed epoch 179 / 2000;    current loss: 190.7171173095703
INFO Gradient norm: 1999.3539723202425
PROGRESS    Completed epoch 180 / 2000;    current loss: 189.93319702148438
INFO Gradient norm: 1530.2123422872592
PROGRESS    Completed epoch 181 / 2000;    current loss: 189.1859588623047
INFO Gradient norm: 2415.2613799873175
PROGRESS    Completed epoch 182 / 2000;    current loss: 188.10873413085938
INFO Gradient norm: 1825.1706026521797
PROGRESS    Completed epoch 183 / 2000;    current loss: 187.35281372070312
INFO Gradient norm: 1406.9451502124773
PROGRESS    Completed epoch 184 / 2000;    current loss: 186.58868408203125
INFO Gradient norm: 2033.4861764969728
PROGRESS    Completed epoch 185 / 2000;    current loss: 185.51541137695312
INFO Gradient norm: 1978.4839930283663
PROGRESS    Completed epoch 186 / 2000;    current loss: 184.61395263671875
INFO Gradient norm: 1517.577182485636
PROGRESS    Completed epoch 187 / 2000;    current loss: 183.82135009765625
INFO Gradient norm: 2668.1340547198456
PROGRESS    Completed epoch 188 / 2000;    current loss: 182.6669158935547
INFO Gradient norm: 1439.823569590827
PROGRESS    Completed epoch 189 / 2000;    current loss: 182.01687622070312
INFO Gradient norm: 1164.8815370214184
PROGRESS    Completed epoch 190 / 2000;    current loss: 181.20272827148438
INFO Gradient norm: 1492.3409584611761
PROGRESS    Completed epoch 191 / 2000;    current loss: 180.13182067871094
INFO Gradient norm: 2356.533345371794
PROGRESS    Completed epoch 192 / 2000;    current loss: 178.98565673828125
INFO Gradient norm: 1680.6923378509896
PROGRESS    Completed epoch 193 / 2000;    current loss: 178.1757049560547
INFO Gradient norm: 4975.720121479906
PROGRESS    Completed epoch 194 / 2000;    current loss: 176.8647918701172
INFO Gradient norm: 1101.0014783476709
PROGRESS    Completed epoch 195 / 2000;    current loss: 176.4932861328125
INFO Gradient norm: 944.0604184230676
PROGRESS    Completed epoch 196 / 2000;    current loss: 175.62925720214844
INFO Gradient norm: 1092.9038817055687
PROGRESS    Completed epoch 197 / 2000;    current loss: 174.5607452392578
INFO Gradient norm: 5951.585682754947
PROGRESS    Completed epoch 198 / 2000;    current loss: 172.9956512451172
INFO Gradient norm: 853.3497876334476
PROGRESS    Completed epoch 199 / 2000;    current loss: 172.7560577392578
INFO Gradient norm: 716.7304842104447
PROGRESS    Completed epoch 200 / 2000;    current loss: 171.90701293945312
INFO Gradient norm: 698.9862602635789
PROGRESS    Completed epoch 201 / 2000;    current loss: 170.8983154296875
INFO Gradient norm: 748.4072095440051
PROGRESS    Completed epoch 202 / 2000;    current loss: 169.76351928710938
INFO Gradient norm: 1013.393990680559
PROGRESS    Completed epoch 203 / 2000;    current loss: 168.45379638671875
INFO Gradient norm: 1216.0838678537405
PROGRESS    Completed epoch 204 / 2000;    current loss: 167.25772094726562
INFO Gradient norm: 847.2340833039527
PROGRESS    Completed epoch 205 / 2000;    current loss: 166.37408447265625
INFO Gradient norm: 845.4809973970497
PROGRESS    Completed epoch 206 / 2000;    current loss: 165.26988220214844
INFO Gradient norm: 1170.1793963399184
PROGRESS    Completed epoch 207 / 2000;    current loss: 163.96815490722656
INFO Gradient norm: 1002.1680599425393
PROGRESS    Completed epoch 208 / 2000;    current loss: 162.9387969970703
INFO Gradient norm: 796.7032308987322
PROGRESS    Completed epoch 209 / 2000;    current loss: 161.96287536621094
INFO Gradient norm: 814.1633615073898
PROGRESS    Completed epoch 210 / 2000;    current loss: 160.80015563964844
INFO Gradient norm: 1143.1021027369413
PROGRESS    Completed epoch 211 / 2000;    current loss: 159.44459533691406
INFO Gradient norm: 857.0404283035563
PROGRESS    Completed epoch 212 / 2000;    current loss: 158.44387817382812
INFO Gradient norm: 727.8417607293873
PROGRESS    Completed epoch 213 / 2000;    current loss: 157.40740966796875
INFO Gradient norm: 756.6716074654153
PROGRESS    Completed epoch 214 / 2000;    current loss: 156.21038818359375
INFO Gradient norm: 1137.7491092952503
PROGRESS    Completed epoch 215 / 2000;    current loss: 154.8177032470703
INFO Gradient norm: 712.2834599549454
PROGRESS    Completed epoch 216 / 2000;    current loss: 153.928955078125
INFO Gradient norm: 626.325628563703
PROGRESS    Completed epoch 217 / 2000;    current loss: 152.88076782226562
INFO Gradient norm: 617.8072948562233
PROGRESS    Completed epoch 218 / 2000;    current loss: 151.697998046875
INFO Gradient norm: 663.4917413619743
PROGRESS    Completed epoch 219 / 2000;    current loss: 150.40260314941406
INFO Gradient norm: 1013.765016357997
PROGRESS    Completed epoch 220 / 2000;    current loss: 148.92555236816406
INFO Gradient norm: 612.5945163021162
PROGRESS    Completed epoch 221 / 2000;    current loss: 148.03221130371094
INFO Gradient norm: 557.2103759259944
PROGRESS    Completed epoch 222 / 2000;    current loss: 146.92259216308594
INFO Gradient norm: 543.4668969442605
PROGRESS    Completed epoch 223 / 2000;    current loss: 145.70220947265625
INFO Gradient norm: 548.0412687037323
PROGRESS    Completed epoch 224 / 2000;    current loss: 144.39910888671875
INFO Gradient norm: 580.1268706527027
PROGRESS    Completed epoch 225 / 2000;    current loss: 143.0133514404297
INFO Gradient norm: 774.9975577945081
PROGRESS    Completed epoch 226 / 2000;    current loss: 141.48757934570312
INFO Gradient norm: 541.7855222338421
PROGRESS    Completed epoch 227 / 2000;    current loss: 140.51998901367188
INFO Gradient norm: 508.36568713683505
PROGRESS    Completed epoch 228 / 2000;    current loss: 139.35418701171875
INFO Gradient norm: 496.94012836747436
PROGRESS    Completed epoch 229 / 2000;    current loss: 138.09461975097656
INFO Gradient norm: 493.5817563992551
PROGRESS    Completed epoch 230 / 2000;    current loss: 136.77015686035156
INFO Gradient norm: 496.8960335529973
PROGRESS    Completed epoch 231 / 2000;    current loss: 135.388671875
INFO Gradient norm: 512.9221966192871
PROGRESS    Completed epoch 232 / 2000;    current loss: 133.94699096679688
INFO Gradient norm: 600.1589571953032
PROGRESS    Completed epoch 233 / 2000;    current loss: 132.41282653808594
INFO Gradient norm: 489.4956910376192
PROGRESS    Completed epoch 234 / 2000;    current loss: 131.32171630859375
INFO Gradient norm: 470.05378556218164
PROGRESS    Completed epoch 235 / 2000;    current loss: 130.08139038085938
INFO Gradient norm: 461.91423518884096
PROGRESS    Completed epoch 236 / 2000;    current loss: 128.76754760742188
INFO Gradient norm: 458.167021410031
PROGRESS    Completed epoch 237 / 2000;    current loss: 127.40484619140625
INFO Gradient norm: 457.7667396920258
PROGRESS    Completed epoch 238 / 2000;    current loss: 125.99870300292969
INFO Gradient norm: 462.3276422840583
PROGRESS    Completed epoch 239 / 2000;    current loss: 124.55030059814453
INFO Gradient norm: 481.683955205564
PROGRESS    Completed epoch 240 / 2000;    current loss: 123.04776000976562
INFO Gradient norm: 454.9815800450604
PROGRESS    Completed epoch 241 / 2000;    current loss: 121.78829193115234
INFO Gradient norm: 440.94005773616556
PROGRESS    Completed epoch 242 / 2000;    current loss: 120.49824523925781
INFO Gradient norm: 433.9602237151104
PROGRESS    Completed epoch 243 / 2000;    current loss: 119.1474609375
INFO Gradient norm: 429.6749600995695
PROGRESS    Completed epoch 244 / 2000;    current loss: 117.75479125976562
INFO Gradient norm: 427.08741808925106
PROGRESS    Completed epoch 245 / 2000;    current loss: 116.32891845703125
INFO Gradient norm: 426.29467200153766
PROGRESS    Completed epoch 246 / 2000;    current loss: 114.87217712402344
INFO Gradient norm: 428.6887546811658
PROGRESS    Completed epoch 247 / 2000;    current loss: 113.38487243652344
INFO Gradient norm: 423.00306026082455
PROGRESS    Completed epoch 248 / 2000;    current loss: 111.98187255859375
INFO Gradient norm: 413.7204903622039
PROGRESS    Completed epoch 249 / 2000;    current loss: 110.6318588256836
INFO Gradient norm: 408.37899055801165
PROGRESS    Completed epoch 250 / 2000;    current loss: 109.24136352539062
INFO Gradient norm: 404.79166838654857
PROGRESS    Completed epoch 251 / 2000;    current loss: 107.82220458984375
INFO Gradient norm: 402.5720370701241
PROGRESS    Completed epoch 252 / 2000;    current loss: 106.37936401367188
INFO Gradient norm: 400.24908463366023
PROGRESS    Completed epoch 253 / 2000;    current loss: 104.94129943847656
INFO Gradient norm: 393.82814355778083
PROGRESS    Completed epoch 254 / 2000;    current loss: 103.56741333007812
INFO Gradient norm: 389.27853608886437
PROGRESS    Completed epoch 255 / 2000;    current loss: 102.1630859375
INFO Gradient norm: 385.7357689797387
PROGRESS    Completed epoch 256 / 2000;    current loss: 100.7357406616211
INFO Gradient norm: 380.92050583132396
PROGRESS    Completed epoch 257 / 2000;    current loss: 99.33546447753906
INFO Gradient norm: 376.08896148546506
PROGRESS    Completed epoch 258 / 2000;    current loss: 97.9410629272461
INFO Gradient norm: 372.04400660736985
PROGRESS    Completed epoch 259 / 2000;    current loss: 96.52803802490234
INFO Gradient norm: 368.4410044814189
PROGRESS    Completed epoch 260 / 2000;    current loss: 95.10030364990234
INFO Gradient norm: 363.8316466563426
PROGRESS    Completed epoch 261 / 2000;    current loss: 93.72088623046875
INFO Gradient norm: 359.6511559145775
PROGRESS    Completed epoch 262 / 2000;    current loss: 92.3280258178711
INFO Gradient norm: 355.85433769242604
PROGRESS    Completed epoch 263 / 2000;    current loss: 90.92021942138672
INFO Gradient norm: 352.27237186814745
PROGRESS    Completed epoch 264 / 2000;    current loss: 89.50208282470703
INFO Gradient norm: 348.18365149937813
PROGRESS    Completed epoch 265 / 2000;    current loss: 88.11405181884766
INFO Gradient norm: 344.20519249476223
PROGRESS    Completed epoch 266 / 2000;    current loss: 86.73274993896484
INFO Gradient norm: 340.46089695438366
PROGRESS    Completed epoch 267 / 2000;    current loss: 85.34161376953125
INFO Gradient norm: 336.8473248050041
PROGRESS    Completed epoch 268 / 2000;    current loss: 83.94352722167969
INFO Gradient norm: 333.2857004894969
PROGRESS    Completed epoch 269 / 2000;    current loss: 82.55590057373047
INFO Gradient norm: 329.6031073103858
PROGRESS    Completed epoch 270 / 2000;    current loss: 81.18474578857422
INFO Gradient norm: 326.0302237770093
PROGRESS    Completed epoch 271 / 2000;    current loss: 79.80775451660156
INFO Gradient norm: 322.39111704847653
PROGRESS    Completed epoch 272 / 2000;    current loss: 78.4393310546875
INFO Gradient norm: 318.8789664540474
PROGRESS    Completed epoch 273 / 2000;    current loss: 77.07892608642578
INFO Gradient norm: 315.4497563432126
PROGRESS    Completed epoch 274 / 2000;    current loss: 75.71570587158203
INFO Gradient norm: 312.09438992275125
PROGRESS    Completed epoch 275 / 2000;    current loss: 74.37147521972656
INFO Gradient norm: 308.69643814343624
PROGRESS    Completed epoch 276 / 2000;    current loss: 73.02700805664062
INFO Gradient norm: 305.3341503991332
PROGRESS    Completed epoch 277 / 2000;    current loss: 71.68038940429688
INFO Gradient norm: 301.8994098741225
PROGRESS    Completed epoch 278 / 2000;    current loss: 70.34341430664062
INFO Gradient norm: 298.5755746931519
PROGRESS    Completed epoch 279 / 2000;    current loss: 69.01721954345703
INFO Gradient norm: 295.3062990767794
PROGRESS    Completed epoch 280 / 2000;    current loss: 67.68964385986328
INFO Gradient norm: 292.14681824920285
PROGRESS    Completed epoch 281 / 2000;    current loss: 66.37405395507812
INFO Gradient norm: 288.928726935672
PROGRESS    Completed epoch 282 / 2000;    current loss: 65.06410217285156
INFO Gradient norm: 285.7510730135952
PROGRESS    Completed epoch 283 / 2000;    current loss: 63.754417419433594
INFO Gradient norm: 282.5015870080786
PROGRESS    Completed epoch 284 / 2000;    current loss: 62.462100982666016
INFO Gradient norm: 279.3888349013193
PROGRESS    Completed epoch 285 / 2000;    current loss: 61.173194885253906
INFO Gradient norm: 276.29434632219017
PROGRESS    Completed epoch 286 / 2000;    current loss: 59.88435363769531
INFO Gradient norm: 273.3318747686378
PROGRESS    Completed epoch 287 / 2000;    current loss: 58.599647521972656
INFO Gradient norm: 270.3294228644635
PROGRESS    Completed epoch 288 / 2000;    current loss: 57.32991409301758
INFO Gradient norm: 267.26230211888844
PROGRESS    Completed epoch 289 / 2000;    current loss: 56.06460189819336
INFO Gradient norm: 264.45309480874965
PROGRESS    Completed epoch 290 / 2000;    current loss: 54.8057975769043
INFO Gradient norm: 261.4885773665736
PROGRESS    Completed epoch 291 / 2000;    current loss: 53.56062316894531
INFO Gradient norm: 258.65688055569524
PROGRESS    Completed epoch 292 / 2000;    current loss: 52.31682205200195
INFO Gradient norm: 255.9988376526279
PROGRESS    Completed epoch 293 / 2000;    current loss: 51.08684539794922
INFO Gradient norm: 253.2425243159599
PROGRESS    Completed epoch 294 / 2000;    current loss: 49.86281204223633
INFO Gradient norm: 250.48976429396728
PROGRESS    Completed epoch 295 / 2000;    current loss: 48.64136505126953
INFO Gradient norm: 247.66984463654939
PROGRESS    Completed epoch 296 / 2000;    current loss: 47.44490051269531
INFO Gradient norm: 244.96958634845447
PROGRESS    Completed epoch 297 / 2000;    current loss: 46.252647399902344
INFO Gradient norm: 242.24481535740645
PROGRESS    Completed epoch 298 / 2000;    current loss: 45.064613342285156
INFO Gradient norm: 239.50474342206388
PROGRESS    Completed epoch 299 / 2000;    current loss: 43.88261032104492
INFO Gradient norm: 237.00542363515711
PROGRESS    Completed epoch 300 / 2000;    current loss: 42.737308502197266
INFO Gradient norm: 234.34517410349292
PROGRESS    Completed epoch 301 / 2000;    current loss: 41.6005744934082
INFO Gradient norm: 231.67273730682388
PROGRESS    Completed epoch 302 / 2000;    current loss: 40.47328567504883
INFO Gradient norm: 229.02908169436517
PROGRESS    Completed epoch 303 / 2000;    current loss: 39.3588752746582
INFO Gradient norm: 226.36751304912397
PROGRESS    Completed epoch 304 / 2000;    current loss: 38.26720428466797
INFO Gradient norm: 224.13835276529034
PROGRESS    Completed epoch 305 / 2000;    current loss: 37.214195251464844
INFO Gradient norm: 222.2058161819088
PROGRESS    Completed epoch 306 / 2000;    current loss: 36.18035125732422
INFO Gradient norm: 220.9924329898639
PROGRESS    Completed epoch 307 / 2000;    current loss: 35.17460632324219
INFO Gradient norm: 219.47490768363264
PROGRESS    Completed epoch 308 / 2000;    current loss: 34.1966552734375
INFO Gradient norm: 217.20229215990318
PROGRESS    Completed epoch 309 / 2000;    current loss: 33.233036041259766
INFO Gradient norm: 214.1242945084858
PROGRESS    Completed epoch 310 / 2000;    current loss: 32.271766662597656
INFO Gradient norm: 210.05221511540378
PROGRESS    Completed epoch 311 / 2000;    current loss: 31.31145477294922
INFO Gradient norm: 204.64997482381418
PROGRESS    Completed epoch 312 / 2000;    current loss: 30.361196517944336
INFO Gradient norm: 198.91938664230943
PROGRESS    Completed epoch 313 / 2000;    current loss: 29.4268741607666
INFO Gradient norm: 192.806058516111
PROGRESS    Completed epoch 314 / 2000;    current loss: 28.508018493652344
INFO Gradient norm: 186.98181638201748
PROGRESS    Completed epoch 315 / 2000;    current loss: 27.624469757080078
INFO Gradient norm: 182.33127088396566
PROGRESS    Completed epoch 316 / 2000;    current loss: 26.758127212524414
INFO Gradient norm: 178.26129835288842
PROGRESS    Completed epoch 317 / 2000;    current loss: 25.90169906616211
INFO Gradient norm: 174.60776378866535
PROGRESS    Completed epoch 318 / 2000;    current loss: 25.05598258972168
INFO Gradient norm: 171.0965903146978
PROGRESS    Completed epoch 319 / 2000;    current loss: 24.22075843811035
INFO Gradient norm: 167.8166943577083
PROGRESS    Completed epoch 320 / 2000;    current loss: 23.394304275512695
INFO Gradient norm: 165.03163928911047
PROGRESS    Completed epoch 321 / 2000;    current loss: 22.5875186920166
INFO Gradient norm: 163.41480775979127
PROGRESS    Completed epoch 322 / 2000;    current loss: 21.801753997802734
INFO Gradient norm: 161.62918311945938
PROGRESS    Completed epoch 323 / 2000;    current loss: 21.03421401977539
INFO Gradient norm: 159.01576250221342
PROGRESS    Completed epoch 324 / 2000;    current loss: 20.279531478881836
INFO Gradient norm: 154.98485761123555
PROGRESS    Completed epoch 325 / 2000;    current loss: 19.536075592041016
INFO Gradient norm: 149.7754947358794
PROGRESS    Completed epoch 326 / 2000;    current loss: 18.803478240966797
INFO Gradient norm: 144.39206162776784
PROGRESS    Completed epoch 327 / 2000;    current loss: 18.088193893432617
INFO Gradient norm: 139.64221686457688
PROGRESS    Completed epoch 328 / 2000;    current loss: 17.396236419677734
INFO Gradient norm: 136.01458092915084
PROGRESS    Completed epoch 329 / 2000;    current loss: 16.719058990478516
INFO Gradient norm: 132.62430028699802
PROGRESS    Completed epoch 330 / 2000;    current loss: 16.051013946533203
INFO Gradient norm: 129.50232416921847
PROGRESS    Completed epoch 331 / 2000;    current loss: 15.393583297729492
INFO Gradient norm: 127.41993131291933
PROGRESS    Completed epoch 332 / 2000;    current loss: 14.753686904907227
INFO Gradient norm: 125.15930278594946
PROGRESS    Completed epoch 333 / 2000;    current loss: 14.13188648223877
INFO Gradient norm: 121.89619922912537
PROGRESS    Completed epoch 334 / 2000;    current loss: 13.524914741516113
INFO Gradient norm: 117.83351394497771
PROGRESS    Completed epoch 335 / 2000;    current loss: 12.931257247924805
INFO Gradient norm: 113.6342714388378
PROGRESS    Completed epoch 336 / 2000;    current loss: 12.35147476196289
INFO Gradient norm: 110.29904053341865
PROGRESS    Completed epoch 337 / 2000;    current loss: 11.789568901062012
INFO Gradient norm: 107.91525517702539
PROGRESS    Completed epoch 338 / 2000;    current loss: 11.240692138671875
INFO Gradient norm: 106.9873911639876
PROGRESS    Completed epoch 339 / 2000;    current loss: 10.709041595458984
INFO Gradient norm: 105.64761505581414
PROGRESS    Completed epoch 340 / 2000;    current loss: 10.19645881652832
INFO Gradient norm: 101.31136192564655
PROGRESS    Completed epoch 341 / 2000;    current loss: 9.692159652709961
INFO Gradient norm: 96.19495218241585
PROGRESS    Completed epoch 342 / 2000;    current loss: 9.202035903930664
INFO Gradient norm: 92.16334673014173
PROGRESS    Completed epoch 343 / 2000;    current loss: 8.739767074584961
INFO Gradient norm: 89.75333885169293
PROGRESS    Completed epoch 344 / 2000;    current loss: 8.285980224609375
INFO Gradient norm: 87.43263804522012
PROGRESS    Completed epoch 345 / 2000;    current loss: 7.840898513793945
INFO Gradient norm: 86.35144070849351
PROGRESS    Completed epoch 346 / 2000;    current loss: 7.41102409362793
INFO Gradient norm: 84.62280121914513
PROGRESS    Completed epoch 347 / 2000;    current loss: 7.004387855529785
INFO Gradient norm: 80.95607793213414
PROGRESS    Completed epoch 348 / 2000;    current loss: 6.606967449188232
INFO Gradient norm: 77.163775483749
PROGRESS    Completed epoch 349 / 2000;    current loss: 6.218689441680908
INFO Gradient norm: 75.06294268150894
PROGRESS    Completed epoch 350 / 2000;    current loss: 5.8632354736328125
INFO Gradient norm: 73.43301673405419
PROGRESS    Completed epoch 351 / 2000;    current loss: 5.510218620300293
INFO Gradient norm: 73.87081013885948
PROGRESS    Completed epoch 352 / 2000;    current loss: 5.163465976715088
INFO Gradient norm: 71.3601413074635
PROGRESS    Completed epoch 353 / 2000;    current loss: 4.833264350891113
INFO Gradient norm: 66.00924138906032
PROGRESS    Completed epoch 354 / 2000;    current loss: 4.5219831466674805
INFO Gradient norm: 61.37896967968027
PROGRESS    Completed epoch 355 / 2000;    current loss: 4.218674659729004
INFO Gradient norm: 59.157353219171284
PROGRESS    Completed epoch 356 / 2000;    current loss: 3.9313793182373047
INFO Gradient norm: 56.96650567347661
PROGRESS    Completed epoch 357 / 2000;    current loss: 3.6559600830078125
INFO Gradient norm: 60.815063620624834
PROGRESS    Completed epoch 358 / 2000;    current loss: 3.3957252502441406
INFO Gradient norm: 62.92627702970666
PROGRESS    Completed epoch 359 / 2000;    current loss: 3.1509742736816406
INFO Gradient norm: 55.93673634948719
PROGRESS    Completed epoch 360 / 2000;    current loss: 2.9218106269836426
INFO Gradient norm: 47.64958007997505
PROGRESS    Completed epoch 361 / 2000;    current loss: 2.6973462104797363
INFO Gradient norm: 45.71920983868325
PROGRESS    Completed epoch 362 / 2000;    current loss: 2.4869256019592285
INFO Gradient norm: 43.97966182427306
PROGRESS    Completed epoch 363 / 2000;    current loss: 2.289114475250244
INFO Gradient norm: 54.37276213651221
PROGRESS    Completed epoch 364 / 2000;    current loss: 2.117244243621826
INFO Gradient norm: 51.07194680915841
PROGRESS    Completed epoch 365 / 2000;    current loss: 1.9440053701400757
INFO Gradient norm: 37.66258621470743
PROGRESS    Completed epoch 366 / 2000;    current loss: 1.7838134765625
INFO Gradient norm: 35.389848193705994
PROGRESS    Completed epoch 367 / 2000;    current loss: 1.6377850770950317
INFO Gradient norm: 34.101377351523965
PROGRESS    Completed epoch 368 / 2000;    current loss: 1.4953351020812988
INFO Gradient norm: 34.22992513117016
PROGRESS    Completed epoch 369 / 2000;    current loss: 1.3671388626098633
INFO Gradient norm: 29.70503327044494
PROGRESS    Completed epoch 370 / 2000;    current loss: 1.2585582733154297
INFO Gradient norm: 28.11802433845602
PROGRESS    Completed epoch 371 / 2000;    current loss: 1.1590813398361206
INFO Gradient norm: 27.470563205663005
PROGRESS    Completed epoch 372 / 2000;    current loss: 1.0648720264434814
INFO Gradient norm: 23.37047300478864
PROGRESS    Completed epoch 373 / 2000;    current loss: 0.9980787038803101
INFO Gradient norm: 21.24290246574501
PROGRESS    Completed epoch 374 / 2000;    current loss: 0.9300289750099182
INFO Gradient norm: 24.57383754470423
PROGRESS    Completed epoch 375 / 2000;    current loss: 0.8642932772636414
INFO Gradient norm: 20.624720518212524
PROGRESS    Completed epoch 376 / 2000;    current loss: 0.8026062846183777
INFO Gradient norm: 23.340026540439442
PROGRESS    Completed epoch 377 / 2000;    current loss: 0.7580037117004395
INFO Gradient norm: 16.674550081521403
PROGRESS    Completed epoch 378 / 2000;    current loss: 0.7180085182189941
INFO Gradient norm: 17.23868001486042
PROGRESS    Completed epoch 379 / 2000;    current loss: 0.6805996894836426
INFO Gradient norm: 16.7443229696506
PROGRESS    Completed epoch 380 / 2000;    current loss: 0.6511783599853516
INFO Gradient norm: 24.792954962897735
PROGRESS    Completed epoch 381 / 2000;    current loss: 0.6276599764823914
INFO Gradient norm: 10.943493490629821
PROGRESS    Completed epoch 382 / 2000;    current loss: 0.609826385974884
INFO Gradient norm: 38.905667707296026
PROGRESS    Completed epoch 383 / 2000;    current loss: 0.6058295369148254
INFO Gradient norm: 15.025241798901389
PROGRESS    Completed epoch 384 / 2000;    current loss: 0.5925870537757874
INFO Gradient norm: 24.167406499835117
PROGRESS    Completed epoch 385 / 2000;    current loss: 0.586944043636322
INFO Gradient norm: 37.72299502169956
PROGRESS    Completed epoch 386 / 2000;    current loss: 0.5865657329559326
INFO Gradient norm: 30.629568603132682
PROGRESS    Completed epoch 387 / 2000;    current loss: 0.5852065682411194
INFO Gradient norm: 37.58511065402826
PROGRESS    Completed epoch 388 / 2000;    current loss: 0.5909011363983154
INFO Gradient norm: 23.168501336141706
PROGRESS    Completed epoch 389 / 2000;    current loss: 0.5899873971939087
INFO Gradient norm: 33.45391519872713
PROGRESS    Completed epoch 390 / 2000;    current loss: 0.5920201539993286
INFO Gradient norm: 41.56659946098043
PROGRESS    Completed epoch 391 / 2000;    current loss: 0.5924378037452698
INFO Gradient norm: 15.883816912091381
PROGRESS    Completed epoch 392 / 2000;    current loss: 0.5884878039360046
INFO Gradient norm: 53.91139277894567
PROGRESS    Completed epoch 393 / 2000;    current loss: 0.5969879627227783
INFO Gradient norm: 18.87284367796011
PROGRESS    Completed epoch 394 / 2000;    current loss: 0.5899941921234131
INFO Gradient norm: 45.24580124450431
PROGRESS    Completed epoch 395 / 2000;    current loss: 0.5953076481819153
INFO Gradient norm: 26.65228703845648
PROGRESS    Completed epoch 396 / 2000;    current loss: 0.5915687680244446
INFO Gradient norm: 36.62544716409626
PROGRESS    Completed epoch 397 / 2000;    current loss: 0.5920764207839966
INFO Gradient norm: 28.246113448016995
PROGRESS    Completed epoch 398 / 2000;    current loss: 0.588975191116333
INFO Gradient norm: 32.44572564746178
PROGRESS    Completed epoch 399 / 2000;    current loss: 0.5884965658187866
INFO Gradient norm: 22.428301657070797
PROGRESS    Completed epoch 400 / 2000;    current loss: 0.5866747498512268
INFO Gradient norm: 44.92493316118056
PROGRESS    Completed epoch 401 / 2000;    current loss: 0.5902662873268127
INFO Gradient norm: 19.366110347423234
PROGRESS    Completed epoch 402 / 2000;    current loss: 0.5838374495506287
INFO Gradient norm: 33.2844811807613
PROGRESS    Completed epoch 403 / 2000;    current loss: 0.5833794474601746
INFO Gradient norm: 19.831052557729038
PROGRESS    Completed epoch 404 / 2000;    current loss: 0.5807304382324219
INFO Gradient norm: 34.64400461796476
PROGRESS    Completed epoch 405 / 2000;    current loss: 0.5843363404273987
INFO Gradient norm: 37.15780713544431
PROGRESS    Completed epoch 406 / 2000;    current loss: 0.5859798192977905
INFO Gradient norm: 20.000167229222615
PROGRESS    Completed epoch 407 / 2000;    current loss: 0.5816792845726013
INFO Gradient norm: 34.265533685051615
PROGRESS    Completed epoch 408 / 2000;    current loss: 0.5824205279350281
INFO Gradient norm: 32.327182544456164
PROGRESS    Completed epoch 409 / 2000;    current loss: 0.5791463851928711
INFO Gradient norm: 25.987838061797525
PROGRESS    Completed epoch 410 / 2000;    current loss: 0.5781975984573364
INFO Gradient norm: 37.248587965470065
PROGRESS    Completed epoch 411 / 2000;    current loss: 0.5809654593467712
INFO Gradient norm: 19.386923501255946
PROGRESS    Completed epoch 412 / 2000;    current loss: 0.5764110684394836
INFO Gradient norm: 35.168983798904705
PROGRESS    Completed epoch 413 / 2000;    current loss: 0.5789796113967896
INFO Gradient norm: 29.532202933209682
PROGRESS    Completed epoch 414 / 2000;    current loss: 0.578514575958252
INFO Gradient norm: 24.013714004200033
PROGRESS    Completed epoch 415 / 2000;    current loss: 0.5763115882873535
INFO Gradient norm: 29.715506715014776
PROGRESS    Completed epoch 416 / 2000;    current loss: 0.5772139430046082
INFO Gradient norm: 28.448574704518
PROGRESS    Completed epoch 417 / 2000;    current loss: 0.5776227116584778
INFO Gradient norm: 27.261817417382076
PROGRESS    Completed epoch 418 / 2000;    current loss: 0.5769144296646118
INFO Gradient norm: 26.165748627647353
PROGRESS    Completed epoch 419 / 2000;    current loss: 0.5751792192459106
INFO Gradient norm: 24.29170907416373
PROGRESS    Completed epoch 420 / 2000;    current loss: 0.5768858790397644
INFO Gradient norm: 36.489038374554895
PROGRESS    Completed epoch 421 / 2000;    current loss: 0.5792874097824097
INFO Gradient norm: 25.745995280949064
PROGRESS    Completed epoch 422 / 2000;    current loss: 0.5764236450195312
INFO Gradient norm: 24.219798851275772
PROGRESS    Completed epoch 423 / 2000;    current loss: 0.5744879245758057
INFO Gradient norm: 31.307797677622315
PROGRESS    Completed epoch 424 / 2000;    current loss: 0.5776791572570801
INFO Gradient norm: 31.67741475168313
PROGRESS    Completed epoch 425 / 2000;    current loss: 0.5787466168403625
INFO Gradient norm: 21.087583678543993
PROGRESS    Completed epoch 426 / 2000;    current loss: 0.5763227939605713
INFO Gradient norm: 26.388197063640565
PROGRESS    Completed epoch 427 / 2000;    current loss: 0.577029287815094
INFO Gradient norm: 35.10552655145847
PROGRESS    Completed epoch 428 / 2000;    current loss: 0.5782811045646667
INFO Gradient norm: 19.0873499833456
PROGRESS    Completed epoch 429 / 2000;    current loss: 0.5729565620422363
INFO Gradient norm: 21.064217132927883
PROGRESS    Completed epoch 430 / 2000;    current loss: 0.5747210383415222
INFO Gradient norm: 42.09273811294825
PROGRESS    Completed epoch 431 / 2000;    current loss: 0.5801959037780762
INFO Gradient norm: 18.537163602864393
PROGRESS    Completed epoch 432 / 2000;    current loss: 0.5746405720710754
INFO Gradient norm: 31.348302699294315
PROGRESS    Completed epoch 433 / 2000;    current loss: 0.5743414163589478
INFO Gradient norm: 29.13867399139934
PROGRESS    Completed epoch 434 / 2000;    current loss: 0.5748485922813416
INFO Gradient norm: 30.082742525157094
PROGRESS    Completed epoch 435 / 2000;    current loss: 0.5765196084976196
INFO Gradient norm: 23.852530278656186
PROGRESS    Completed epoch 436 / 2000;    current loss: 0.575059711933136
INFO Gradient norm: 22.498812997783357
PROGRESS    Completed epoch 437 / 2000;    current loss: 0.5749834775924683
INFO Gradient norm: 39.88687702922196
PROGRESS    Completed epoch 438 / 2000;    current loss: 0.5786266922950745
INFO Gradient norm: 19.18585400744149
PROGRESS    Completed epoch 439 / 2000;    current loss: 0.5720548629760742
INFO Gradient norm: 30.86412520515082
PROGRESS    Completed epoch 440 / 2000;    current loss: 0.5724114179611206
INFO Gradient norm: 36.96128020078249
PROGRESS    Completed epoch 441 / 2000;    current loss: 0.5745843648910522
INFO Gradient norm: 15.24891798977408
PROGRESS    Completed epoch 442 / 2000;    current loss: 0.5701193809509277
INFO Gradient norm: 36.70435921420881
PROGRESS    Completed epoch 443 / 2000;    current loss: 0.5720669031143188
INFO Gradient norm: 28.119389300602787
PROGRESS    Completed epoch 444 / 2000;    current loss: 0.5710310935974121
INFO Gradient norm: 27.53892684025328
PROGRESS    Completed epoch 445 / 2000;    current loss: 0.5699988603591919
INFO Gradient norm: 29.914183285634866
PROGRESS    Completed epoch 446 / 2000;    current loss: 0.5716702938079834
INFO Gradient norm: 27.145301252515303
PROGRESS    Completed epoch 447 / 2000;    current loss: 0.5713270902633667
INFO Gradient norm: 29.762981637660893
PROGRESS    Completed epoch 448 / 2000;    current loss: 0.5704373717308044
INFO Gradient norm: 24.617853315512615
PROGRESS    Completed epoch 449 / 2000;    current loss: 0.5688722729682922
INFO Gradient norm: 23.922913844511182
PROGRESS    Completed epoch 450 / 2000;    current loss: 0.5698828101158142
INFO Gradient norm: 36.69904166374787
PROGRESS    Completed epoch 451 / 2000;    current loss: 0.5727717280387878
INFO Gradient norm: 22.658497930353086
PROGRESS    Completed epoch 452 / 2000;    current loss: 0.5691707730293274
INFO Gradient norm: 24.924646786115034
PROGRESS    Completed epoch 453 / 2000;    current loss: 0.5683275461196899
INFO Gradient norm: 24.793865891460378
PROGRESS    Completed epoch 454 / 2000;    current loss: 0.5699577927589417
INFO Gradient norm: 36.771962793150045
PROGRESS    Completed epoch 455 / 2000;    current loss: 0.5733641386032104
INFO Gradient norm: 24.42408211529988
PROGRESS    Completed epoch 456 / 2000;    current loss: 0.5710031390190125
INFO Gradient norm: 27.323557416942442
PROGRESS    Completed epoch 457 / 2000;    current loss: 0.5702881217002869
INFO Gradient norm: 37.07192736842787
PROGRESS    Completed epoch 458 / 2000;    current loss: 0.5711938142776489
INFO Gradient norm: 17.734454806042475
PROGRESS    Completed epoch 459 / 2000;    current loss: 0.5661793947219849
INFO Gradient norm: 28.36366234710197
PROGRESS    Completed epoch 460 / 2000;    current loss: 0.567656397819519
INFO Gradient norm: 36.01624295125885
PROGRESS    Completed epoch 461 / 2000;    current loss: 0.5688958168029785
INFO Gradient norm: 14.43460393031529
PROGRESS    Completed epoch 462 / 2000;    current loss: 0.5652402639389038
INFO Gradient norm: 38.435130160976215
PROGRESS    Completed epoch 463 / 2000;    current loss: 0.5694860816001892
INFO Gradient norm: 23.09064436148315
PROGRESS    Completed epoch 464 / 2000;    current loss: 0.5664453506469727
INFO Gradient norm: 27.392888051273413
PROGRESS    Completed epoch 465 / 2000;    current loss: 0.5666306018829346
INFO Gradient norm: 37.556934864582445
PROGRESS    Completed epoch 466 / 2000;    current loss: 0.5682936906814575
INFO Gradient norm: 16.931025057088835
PROGRESS    Completed epoch 467 / 2000;    current loss: 0.5660856366157532
INFO Gradient norm: 30.60656059740516
PROGRESS    Completed epoch 468 / 2000;    current loss: 0.5687323808670044
INFO Gradient norm: 33.408064332378906
PROGRESS    Completed epoch 469 / 2000;    current loss: 0.5677419900894165
INFO Gradient norm: 23.40354980572617
PROGRESS    Completed epoch 470 / 2000;    current loss: 0.5651487112045288
INFO Gradient norm: 39.12547752948247
PROGRESS    Completed epoch 471 / 2000;    current loss: 0.5690459609031677
INFO Gradient norm: 16.860367045217096
PROGRESS    Completed epoch 472 / 2000;    current loss: 0.5647706389427185
INFO Gradient norm: 35.27479129670374
PROGRESS    Completed epoch 473 / 2000;    current loss: 0.5661345720291138
INFO Gradient norm: 28.927033552352064
PROGRESS    Completed epoch 474 / 2000;    current loss: 0.5649658441543579
INFO Gradient norm: 27.272885068728925
PROGRESS    Completed epoch 475 / 2000;    current loss: 0.5650951266288757
INFO Gradient norm: 31.014100910360455
PROGRESS    Completed epoch 476 / 2000;    current loss: 0.566169798374176
INFO Gradient norm: 19.793311082486063
PROGRESS    Completed epoch 477 / 2000;    current loss: 0.5636301040649414
INFO Gradient norm: 35.00481623366265
PROGRESS    Completed epoch 478 / 2000;    current loss: 0.565451443195343
INFO Gradient norm: 21.08437163425769
PROGRESS    Completed epoch 479 / 2000;    current loss: 0.5625534653663635
INFO Gradient norm: 25.52370259968659
PROGRESS    Completed epoch 480 / 2000;    current loss: 0.5636109709739685
INFO Gradient norm: 37.75106275250739
PROGRESS    Completed epoch 481 / 2000;    current loss: 0.5647573471069336
INFO Gradient norm: 11.33886081236984
PROGRESS    Completed epoch 482 / 2000;    current loss: 0.560265839099884
INFO Gradient norm: 36.27893275936718
PROGRESS    Completed epoch 483 / 2000;    current loss: 0.5641306638717651
INFO Gradient norm: 33.126758895602705
PROGRESS    Completed epoch 484 / 2000;    current loss: 0.5633270144462585
INFO Gradient norm: 17.81699113737143
PROGRESS    Completed epoch 485 / 2000;    current loss: 0.5607464909553528
INFO Gradient norm: 37.03945676371009
PROGRESS    Completed epoch 486 / 2000;    current loss: 0.5646905899047852
INFO Gradient norm: 21.40477536159792
PROGRESS    Completed epoch 487 / 2000;    current loss: 0.5607333183288574
INFO Gradient norm: 30.54211443641437
PROGRESS    Completed epoch 488 / 2000;    current loss: 0.5616509914398193
INFO Gradient norm: 26.667329567359175
PROGRESS    Completed epoch 489 / 2000;    current loss: 0.5593391060829163
INFO Gradient norm: 17.94174181495129
PROGRESS    Completed epoch 490 / 2000;    current loss: 0.5584832429885864
INFO Gradient norm: 39.08851150840218
PROGRESS    Completed epoch 491 / 2000;    current loss: 0.5637502670288086
INFO Gradient norm: 25.72757377753236
PROGRESS    Completed epoch 492 / 2000;    current loss: 0.5603756308555603
INFO Gradient norm: 27.85927349312276
PROGRESS    Completed epoch 493 / 2000;    current loss: 0.5586812496185303
INFO Gradient norm: 31.60585569594199
PROGRESS    Completed epoch 494 / 2000;    current loss: 0.5603629946708679
INFO Gradient norm: 21.554626485355083
PROGRESS    Completed epoch 495 / 2000;    current loss: 0.5579474568367004
INFO Gradient norm: 25.550664994981943
PROGRESS    Completed epoch 496 / 2000;    current loss: 0.5582480430603027
INFO Gradient norm: 33.72788337328412
PROGRESS    Completed epoch 497 / 2000;    current loss: 0.560658872127533
INFO Gradient norm: 29.190053379540306
PROGRESS    Completed epoch 498 / 2000;    current loss: 0.5598099231719971
INFO Gradient norm: 31.372895320208222
PROGRESS    Completed epoch 499 / 2000;    current loss: 0.5594626069068909
INFO Gradient norm: 22.535692203624404
PROGRESS    Completed epoch 500 / 2000;    current loss: 0.5564647912979126
INFO Gradient norm: 30.85686731004054
PROGRESS    Completed epoch 501 / 2000;    current loss: 0.5587357878684998
INFO Gradient norm: 28.532502758574598
PROGRESS    Completed epoch 502 / 2000;    current loss: 0.5591132044792175
INFO Gradient norm: 26.75661890021509
PROGRESS    Completed epoch 503 / 2000;    current loss: 0.5579121708869934
INFO Gradient norm: 19.366247872727495
PROGRESS    Completed epoch 504 / 2000;    current loss: 0.5568181872367859
INFO Gradient norm: 30.74618347584595
PROGRESS    Completed epoch 505 / 2000;    current loss: 0.5593355298042297
INFO Gradient norm: 36.54608553514823
PROGRESS    Completed epoch 506 / 2000;    current loss: 0.5614105463027954
INFO Gradient norm: 17.37801915318758
PROGRESS    Completed epoch 507 / 2000;    current loss: 0.5563136339187622
INFO Gradient norm: 28.070649814112233
PROGRESS    Completed epoch 508 / 2000;    current loss: 0.5565096139907837
INFO Gradient norm: 37.869903316898245
PROGRESS    Completed epoch 509 / 2000;    current loss: 0.5591512322425842
INFO Gradient norm: 19.68277352791772
PROGRESS    Completed epoch 510 / 2000;    current loss: 0.5563979744911194
INFO Gradient norm: 35.37327663398562
PROGRESS    Completed epoch 511 / 2000;    current loss: 0.5595253109931946
INFO Gradient norm: 20.985961013946774
PROGRESS    Completed epoch 512 / 2000;    current loss: 0.5562588572502136
INFO Gradient norm: 32.27442402967351
PROGRESS    Completed epoch 513 / 2000;    current loss: 0.5563634634017944
INFO Gradient norm: 29.13885527140487
PROGRESS    Completed epoch 514 / 2000;    current loss: 0.5547543168067932
INFO Gradient norm: 21.004926341413984
PROGRESS    Completed epoch 515 / 2000;    current loss: 0.5531144142150879
INFO Gradient norm: 29.314641519548477
PROGRESS    Completed epoch 516 / 2000;    current loss: 0.5545546412467957
INFO Gradient norm: 32.20626402280376
PROGRESS    Completed epoch 517 / 2000;    current loss: 0.5559625029563904
INFO Gradient norm: 25.833089407964508
PROGRESS    Completed epoch 518 / 2000;    current loss: 0.5546205639839172
INFO Gradient norm: 28.1169904467665
PROGRESS    Completed epoch 519 / 2000;    current loss: 0.5532292127609253
INFO Gradient norm: 17.47551107796934
PROGRESS    Completed epoch 520 / 2000;    current loss: 0.552230954170227
INFO Gradient norm: 37.787062379572454
PROGRESS    Completed epoch 521 / 2000;    current loss: 0.5566563010215759
INFO Gradient norm: 26.232322895328007
PROGRESS    Completed epoch 522 / 2000;    current loss: 0.5535613894462585
INFO Gradient norm: 18.29359989664659
PROGRESS    Completed epoch 523 / 2000;    current loss: 0.5515113472938538
INFO Gradient norm: 33.53292344618128
PROGRESS    Completed epoch 524 / 2000;    current loss: 0.5541684031486511
INFO Gradient norm: 37.484771822045374
PROGRESS    Completed epoch 525 / 2000;    current loss: 0.5557628273963928
INFO Gradient norm: 17.875848602015687
PROGRESS    Completed epoch 526 / 2000;    current loss: 0.5528426766395569
INFO Gradient norm: 34.90368872482569
PROGRESS    Completed epoch 527 / 2000;    current loss: 0.5544604063034058
INFO Gradient norm: 34.4237338672115
PROGRESS    Completed epoch 528 / 2000;    current loss: 0.5535914897918701
INFO Gradient norm: 14.9618351222142
PROGRESS    Completed epoch 529 / 2000;    current loss: 0.5485126972198486
INFO Gradient norm: 25.205304622201076
PROGRESS    Completed epoch 530 / 2000;    current loss: 0.5510011911392212
INFO Gradient norm: 42.06166547617581
PROGRESS    Completed epoch 531 / 2000;    current loss: 0.5552531480789185
INFO Gradient norm: 12.705303234984855
PROGRESS    Completed epoch 532 / 2000;    current loss: 0.5490707159042358
INFO Gradient norm: 30.03665691153968
PROGRESS    Completed epoch 533 / 2000;    current loss: 0.5504910945892334
INFO Gradient norm: 32.451687920924684
PROGRESS    Completed epoch 534 / 2000;    current loss: 0.5505173206329346
INFO Gradient norm: 24.531178657412127
PROGRESS    Completed epoch 535 / 2000;    current loss: 0.5503265261650085
INFO Gradient norm: 31.001767183258156
PROGRESS    Completed epoch 536 / 2000;    current loss: 0.5521896481513977
INFO Gradient norm: 27.08276897095325
PROGRESS    Completed epoch 537 / 2000;    current loss: 0.5514772534370422
INFO Gradient norm: 29.999891739138345
PROGRESS    Completed epoch 538 / 2000;    current loss: 0.5513911247253418
INFO Gradient norm: 23.37037960190213
PROGRESS    Completed epoch 539 / 2000;    current loss: 0.5487974286079407
INFO Gradient norm: 35.68350128666723
PROGRESS    Completed epoch 540 / 2000;    current loss: 0.5499120354652405
INFO Gradient norm: 18.313536833057675
PROGRESS    Completed epoch 541 / 2000;    current loss: 0.5457538366317749
INFO Gradient norm: 23.016273478520663
PROGRESS    Completed epoch 542 / 2000;    current loss: 0.5470230579376221
INFO Gradient norm: 44.62134002100785
PROGRESS    Completed epoch 543 / 2000;    current loss: 0.5515217781066895
INFO Gradient norm: 13.378674912476486
PROGRESS    Completed epoch 544 / 2000;    current loss: 0.5448007583618164
INFO Gradient norm: 31.152706464369825
PROGRESS    Completed epoch 545 / 2000;    current loss: 0.5453917384147644
INFO Gradient norm: 25.893928674354424
PROGRESS    Completed epoch 546 / 2000;    current loss: 0.5471212267875671
INFO Gradient norm: 27.409362970911506
PROGRESS    Completed epoch 547 / 2000;    current loss: 0.5482856035232544
INFO Gradient norm: 30.124329797184366
PROGRESS    Completed epoch 548 / 2000;    current loss: 0.5481884479522705
INFO Gradient norm: 22.644322197905836
PROGRESS    Completed epoch 549 / 2000;    current loss: 0.5464995503425598
INFO Gradient norm: 38.00883990890201
PROGRESS    Completed epoch 550 / 2000;    current loss: 0.5495907068252563
INFO Gradient norm: 21.295191249198954
PROGRESS    Completed epoch 551 / 2000;    current loss: 0.5444043278694153
INFO Gradient norm: 35.996413131409405
PROGRESS    Completed epoch 552 / 2000;    current loss: 0.5474817156791687
INFO Gradient norm: 23.041838916985323
PROGRESS    Completed epoch 553 / 2000;    current loss: 0.5437462329864502
INFO Gradient norm: 21.12657784374361
PROGRESS    Completed epoch 554 / 2000;    current loss: 0.5422273278236389
INFO Gradient norm: 36.98583138704219
PROGRESS    Completed epoch 555 / 2000;    current loss: 0.5456727147102356
INFO Gradient norm: 24.679128275591847
PROGRESS    Completed epoch 556 / 2000;    current loss: 0.543596625328064
INFO Gradient norm: 35.64627017825638
PROGRESS    Completed epoch 557 / 2000;    current loss: 0.5461516976356506
INFO Gradient norm: 20.29097441226868
PROGRESS    Completed epoch 558 / 2000;    current loss: 0.5423547029495239
INFO Gradient norm: 34.742295841268664
PROGRESS    Completed epoch 559 / 2000;    current loss: 0.5423976182937622
INFO Gradient norm: 20.44305448195315
PROGRESS    Completed epoch 560 / 2000;    current loss: 0.5423300266265869
INFO Gradient norm: 27.559336467571832
PROGRESS    Completed epoch 561 / 2000;    current loss: 0.544318675994873
INFO Gradient norm: 31.66553650799171
PROGRESS    Completed epoch 562 / 2000;    current loss: 0.54427170753479
INFO Gradient norm: 19.437194691794247
PROGRESS    Completed epoch 563 / 2000;    current loss: 0.5402894616127014
INFO Gradient norm: 38.81309365271385
PROGRESS    Completed epoch 564 / 2000;    current loss: 0.5438708662986755
INFO Gradient norm: 22.467213211894233
PROGRESS    Completed epoch 565 / 2000;    current loss: 0.5381259322166443
INFO Gradient norm: 20.774464662009976
PROGRESS    Completed epoch 566 / 2000;    current loss: 0.5388858318328857
INFO Gradient norm: 40.988610356636634
PROGRESS    Completed epoch 567 / 2000;    current loss: 0.5434284210205078
INFO Gradient norm: 19.16535313046049
PROGRESS    Completed epoch 568 / 2000;    current loss: 0.5381911993026733
INFO Gradient norm: 38.0865155932354
PROGRESS    Completed epoch 569 / 2000;    current loss: 0.5419066548347473
INFO Gradient norm: 20.764861463696157
PROGRESS    Completed epoch 570 / 2000;    current loss: 0.5381155610084534
INFO Gradient norm: 26.599820939329145
PROGRESS    Completed epoch 571 / 2000;    current loss: 0.5379655957221985
INFO Gradient norm: 37.47512335418762
PROGRESS    Completed epoch 572 / 2000;    current loss: 0.5408358573913574
INFO Gradient norm: 26.89925127077648
PROGRESS    Completed epoch 573 / 2000;    current loss: 0.5389444231987
INFO Gradient norm: 28.064516212282847
PROGRESS    Completed epoch 574 / 2000;    current loss: 0.5410767793655396
INFO Gradient norm: 27.92653346196977
PROGRESS    Completed epoch 575 / 2000;    current loss: 0.541296124458313
INFO Gradient norm: 27.261801709883905
PROGRESS    Completed epoch 576 / 2000;    current loss: 0.5393757224082947
INFO Gradient norm: 20.32187598642225
PROGRESS    Completed epoch 577 / 2000;    current loss: 0.5374480485916138
INFO Gradient norm: 38.04518382793696
PROGRESS    Completed epoch 578 / 2000;    current loss: 0.5404708385467529
INFO Gradient norm: 35.107566057037666
PROGRESS    Completed epoch 579 / 2000;    current loss: 0.5401263236999512
INFO Gradient norm: 7.6184970372324035
PROGRESS    Completed epoch 580 / 2000;    current loss: 0.5360440611839294
INFO Gradient norm: 27.628476338521644
PROGRESS    Completed epoch 581 / 2000;    current loss: 0.5384290814399719
INFO Gradient norm: 46.056679156926926
PROGRESS    Completed epoch 582 / 2000;    current loss: 0.5432786345481873
INFO Gradient norm: 6.242721605278481
PROGRESS    Completed epoch 583 / 2000;    current loss: 0.5338470935821533
INFO Gradient norm: 107.9985238811001
PROGRESS    Completed epoch 584 / 2000;    current loss: 0.5731804370880127
INFO Gradient norm: 85.5397675423383
PROGRESS    Completed epoch 585 / 2000;    current loss: 0.5590885877609253
INFO Gradient norm: 38.688142449279404
PROGRESS    Completed epoch 586 / 2000;    current loss: 0.5421818494796753
INFO Gradient norm: 29.882730829600444
PROGRESS    Completed epoch 587 / 2000;    current loss: 0.5421804785728455
INFO Gradient norm: 87.81395415519792
PROGRESS    Completed epoch 588 / 2000;    current loss: 0.5668126344680786
INFO Gradient norm: 66.3461936210741
PROGRESS    Completed epoch 589 / 2000;    current loss: 0.5563406348228455
INFO Gradient norm: 63.848176342013105
PROGRESS    Completed epoch 590 / 2000;    current loss: 0.5580360293388367
INFO Gradient norm: 61.38429355088598
PROGRESS    Completed epoch 591 / 2000;    current loss: 0.5571892857551575
INFO Gradient norm: 53.39074465007111
PROGRESS    Completed epoch 592 / 2000;    current loss: 0.5522642731666565
INFO Gradient norm: 38.09540611288367
PROGRESS    Completed epoch 593 / 2000;    current loss: 0.5473297238349915
INFO Gradient norm: 77.04264846681853
PROGRESS    Completed epoch 594 / 2000;    current loss: 0.5656647682189941
INFO Gradient norm: 65.35171074152672
PROGRESS    Completed epoch 595 / 2000;    current loss: 0.5572136044502258
INFO Gradient norm: 57.990624316198534
PROGRESS    Completed epoch 596 / 2000;    current loss: 0.5505826473236084
INFO Gradient norm: 50.25167354294228
PROGRESS    Completed epoch 597 / 2000;    current loss: 0.5465601086616516
INFO Gradient norm: 65.15842843834889
PROGRESS    Completed epoch 598 / 2000;    current loss: 0.5540510416030884
INFO Gradient norm: 53.23876052466961
PROGRESS    Completed epoch 599 / 2000;    current loss: 0.547010064125061
INFO Gradient norm: 70.67824727794115
PROGRESS    Completed epoch 600 / 2000;    current loss: 0.5523766279220581
INFO Gradient norm: 61.053232331414144
PROGRESS    Completed epoch 601 / 2000;    current loss: 0.5470749139785767
INFO Gradient norm: 58.34974943386905
PROGRESS    Completed epoch 602 / 2000;    current loss: 0.5468122959136963
INFO Gradient norm: 49.08728457662136
PROGRESS    Completed epoch 603 / 2000;    current loss: 0.541695773601532
INFO Gradient norm: 73.81898215400545
PROGRESS    Completed epoch 604 / 2000;    current loss: 0.5508010983467102
INFO Gradient norm: 62.426938573270604
PROGRESS    Completed epoch 605 / 2000;    current loss: 0.5448476672172546
INFO Gradient norm: 61.18403170911182
PROGRESS    Completed epoch 606 / 2000;    current loss: 0.5466118454933167
INFO Gradient norm: 52.95451444844975
PROGRESS    Completed epoch 607 / 2000;    current loss: 0.5421497821807861
INFO Gradient norm: 69.6042119261584
PROGRESS    Completed epoch 608 / 2000;    current loss: 0.5470730066299438
INFO Gradient norm: 50.51999020555547
PROGRESS    Completed epoch 609 / 2000;    current loss: 0.5404501557350159
INFO Gradient norm: 70.38360994105122
PROGRESS    Completed epoch 610 / 2000;    current loss: 0.553430438041687
INFO Gradient norm: 63.45742648415513
PROGRESS    Completed epoch 611 / 2000;    current loss: 0.5505339503288269
INFO Gradient norm: 53.489503124274414
PROGRESS    Completed epoch 612 / 2000;    current loss: 0.5451434850692749
INFO Gradient norm: 42.464955794920144
PROGRESS    Completed epoch 613 / 2000;    current loss: 0.5420069694519043
INFO Gradient norm: 69.99007336772976
PROGRESS    Completed epoch 614 / 2000;    current loss: 0.5556948781013489
INFO Gradient norm: 49.20668159923678
PROGRESS    Completed epoch 615 / 2000;    current loss: 0.5465760231018066
INFO Gradient norm: 79.72351827407721
PROGRESS    Completed epoch 616 / 2000;    current loss: 0.5607603192329407
INFO Gradient norm: 76.56327346299393
PROGRESS    Completed epoch 617 / 2000;    current loss: 0.5601386427879333
INFO Gradient norm: 38.085519705938395
PROGRESS    Completed epoch 618 / 2000;    current loss: 0.5453495979309082
INFO Gradient norm: 29.580492502139297
PROGRESS    Completed epoch 619 / 2000;    current loss: 0.5429878830909729
INFO Gradient norm: 80.55536954856935
PROGRESS    Completed epoch 620 / 2000;    current loss: 0.5620390176773071
INFO Gradient norm: 59.73781180504394
PROGRESS    Completed epoch 621 / 2000;    current loss: 0.5505579113960266
INFO Gradient norm: 59.607673608447534
PROGRESS    Completed epoch 622 / 2000;    current loss: 0.5521883964538574
INFO Gradient norm: 55.15895464185288
PROGRESS    Completed epoch 623 / 2000;    current loss: 0.5494250655174255
INFO Gradient norm: 54.68697271232585
PROGRESS    Completed epoch 624 / 2000;    current loss: 0.5469332933425903
INFO Gradient norm: 41.12465582216733
PROGRESS    Completed epoch 625 / 2000;    current loss: 0.5414541959762573
INFO Gradient norm: 68.61201576131566
PROGRESS    Completed epoch 626 / 2000;    current loss: 0.554023802280426
INFO Gradient norm: 58.43252283403001
PROGRESS    Completed epoch 627 / 2000;    current loss: 0.5465822815895081
INFO Gradient norm: 56.609343085825294
PROGRESS    Completed epoch 628 / 2000;    current loss: 0.5423697233200073
INFO Gradient norm: 46.84797112189677
PROGRESS    Completed epoch 629 / 2000;    current loss: 0.5375269055366516
INFO Gradient norm: 68.64703094193692
PROGRESS    Completed epoch 630 / 2000;    current loss: 0.5503037571907043
INFO Gradient norm: 60.26108296632655
PROGRESS    Completed epoch 631 / 2000;    current loss: 0.5451085567474365
INFO Gradient norm: 56.01078499703775
PROGRESS    Completed epoch 632 / 2000;    current loss: 0.540226399898529
INFO Gradient norm: 46.39858033801242
PROGRESS    Completed epoch 633 / 2000;    current loss: 0.5362712144851685
INFO Gradient norm: 65.25261822863193
PROGRESS    Completed epoch 634 / 2000;    current loss: 0.5465836524963379
INFO Gradient norm: 53.96884563676121
PROGRESS    Completed epoch 635 / 2000;    current loss: 0.5397302508354187
INFO Gradient norm: 65.65443707041608
PROGRESS    Completed epoch 636 / 2000;    current loss: 0.5419528484344482
INFO Gradient norm: 50.092174826554654
PROGRESS    Completed epoch 637 / 2000;    current loss: 0.5370989441871643
INFO Gradient norm: 64.09697415124201
PROGRESS    Completed epoch 638 / 2000;    current loss: 0.547137439250946
INFO Gradient norm: 56.89040391942104
PROGRESS    Completed epoch 639 / 2000;    current loss: 0.5444134473800659
INFO Gradient norm: 54.771254757941755
PROGRESS    Completed epoch 640 / 2000;    current loss: 0.542547345161438
INFO Gradient norm: 43.84034827694709
PROGRESS    Completed epoch 641 / 2000;    current loss: 0.5391467213630676
INFO Gradient norm: 64.74726326868696
PROGRESS    Completed epoch 642 / 2000;    current loss: 0.5498981475830078
INFO Gradient norm: 54.17628486403432
PROGRESS    Completed epoch 643 / 2000;    current loss: 0.5437944531440735
INFO Gradient norm: 60.904747767667715
PROGRESS    Completed epoch 644 / 2000;    current loss: 0.5444427728652954
INFO Gradient norm: 51.95389361585293
PROGRESS    Completed epoch 645 / 2000;    current loss: 0.5401308536529541
INFO Gradient norm: 58.952344638977166
PROGRESS    Completed epoch 646 / 2000;    current loss: 0.5444191694259644
INFO Gradient norm: 48.57233879612452
PROGRESS    Completed epoch 647 / 2000;    current loss: 0.5389710664749146
INFO Gradient norm: 68.3789484077172
PROGRESS    Completed epoch 648 / 2000;    current loss: 0.5459743142127991
INFO Gradient norm: 58.321151313517205
PROGRESS    Completed epoch 649 / 2000;    current loss: 0.540858268737793
INFO Gradient norm: 54.42164077838826
PROGRESS    Completed epoch 650 / 2000;    current loss: 0.5404428839683533
INFO Gradient norm: 43.01047266313644
PROGRESS    Completed epoch 651 / 2000;    current loss: 0.5356202721595764
INFO Gradient norm: 73.91182551161756
PROGRESS    Completed epoch 652 / 2000;    current loss: 0.5482171177864075
INFO Gradient norm: 63.279165409358
PROGRESS    Completed epoch 653 / 2000;    current loss: 0.5427490472793579
INFO Gradient norm: 49.73455492030147
PROGRESS    Completed epoch 654 / 2000;    current loss: 0.538340151309967
INFO Gradient norm: 35.16656354285917
PROGRESS    Completed epoch 655 / 2000;    current loss: 0.5344153642654419
INFO Gradient norm: 79.90625812829997
PROGRESS    Completed epoch 656 / 2000;    current loss: 0.5541801452636719
INFO Gradient norm: 68.84229521708299
PROGRESS    Completed epoch 657 / 2000;    current loss: 0.5487127304077148
INFO Gradient norm: 44.55738150426866
PROGRESS    Completed epoch 658 / 2000;    current loss: 0.5395017862319946
INFO Gradient norm: 39.60959148544575
PROGRESS    Completed epoch 659 / 2000;    current loss: 0.5375565886497498
INFO Gradient norm: 65.90309929691955
PROGRESS    Completed epoch 660 / 2000;    current loss: 0.5472358465194702
INFO Gradient norm: 49.970994254423516
PROGRESS    Completed epoch 661 / 2000;    current loss: 0.5397393703460693
INFO Gradient norm: 58.838823004700274
PROGRESS    Completed epoch 662 / 2000;    current loss: 0.5455600023269653
INFO Gradient norm: 49.8295018913256
PROGRESS    Completed epoch 663 / 2000;    current loss: 0.541237473487854
INFO Gradient norm: 58.65691263560694
PROGRESS    Completed epoch 664 / 2000;    current loss: 0.5436456203460693
INFO Gradient norm: 48.78524924245208
PROGRESS    Completed epoch 665 / 2000;    current loss: 0.5393919348716736
INFO Gradient norm: 56.993303297815686
PROGRESS    Completed epoch 666 / 2000;    current loss: 0.5443246364593506
INFO Gradient norm: 48.85979436571722
PROGRESS    Completed epoch 667 / 2000;    current loss: 0.5397055745124817
INFO Gradient norm: 57.460117710663994
PROGRESS    Completed epoch 668 / 2000;    current loss: 0.5412785410881042
INFO Gradient norm: 46.18092731928426
PROGRESS    Completed epoch 669 / 2000;    current loss: 0.5363567471504211
INFO Gradient norm: 62.43042318691017
PROGRESS    Completed epoch 670 / 2000;    current loss: 0.5460805892944336
INFO Gradient norm: 54.70433523798459
PROGRESS    Completed epoch 671 / 2000;    current loss: 0.5413113832473755
INFO Gradient norm: 51.9861381032123
PROGRESS    Completed epoch 672 / 2000;    current loss: 0.5378261208534241
INFO Gradient norm: 36.61614094207742
PROGRESS    Completed epoch 673 / 2000;    current loss: 0.53402179479599
INFO Gradient norm: 65.76382189803803
PROGRESS    Completed epoch 674 / 2000;    current loss: 0.5488338470458984
INFO Gradient norm: 56.87342604529421
PROGRESS    Completed epoch 675 / 2000;    current loss: 0.5434423089027405
INFO Gradient norm: 48.90630198476232
PROGRESS    Completed epoch 676 / 2000;    current loss: 0.5378592610359192
INFO Gradient norm: 41.30905699728093
PROGRESS    Completed epoch 677 / 2000;    current loss: 0.5345054268836975
INFO Gradient norm: 57.494681257471676
PROGRESS    Completed epoch 678 / 2000;    current loss: 0.5417336225509644
INFO Gradient norm: 45.71248503347003
PROGRESS    Completed epoch 679 / 2000;    current loss: 0.5347324013710022
INFO Gradient norm: 63.34770121267449
PROGRESS    Completed epoch 680 / 2000;    current loss: 0.5399895906448364
INFO Gradient norm: 55.35105533191266
PROGRESS    Completed epoch 681 / 2000;    current loss: 0.5348986387252808
INFO Gradient norm: 49.75306619147476
PROGRESS    Completed epoch 682 / 2000;    current loss: 0.5326968431472778
INFO Gradient norm: 42.31356718962066
PROGRESS    Completed epoch 683 / 2000;    current loss: 0.5280806422233582
INFO Gradient norm: 53.29821346936062
PROGRESS    Completed epoch 684 / 2000;    current loss: 0.5326226353645325
INFO Gradient norm: 32.424570821693806
PROGRESS    Completed epoch 685 / 2000;    current loss: 0.5272524356842041
INFO Gradient norm: 71.35742078220815
PROGRESS    Completed epoch 686 / 2000;    current loss: 0.547520637512207
INFO Gradient norm: 59.0465425873092
PROGRESS    Completed epoch 687 / 2000;    current loss: 0.5400516390800476
INFO Gradient norm: 54.511936869200404
PROGRESS    Completed epoch 688 / 2000;    current loss: 0.5354305505752563
INFO Gradient norm: 49.651397035508325
PROGRESS    Completed epoch 689 / 2000;    current loss: 0.5335782766342163
INFO Gradient norm: 54.604905875461796
PROGRESS    Completed epoch 690 / 2000;    current loss: 0.5378513932228088
INFO Gradient norm: 43.012610185978886
PROGRESS    Completed epoch 691 / 2000;    current loss: 0.5322623252868652
INFO Gradient norm: 70.21174814534317
PROGRESS    Completed epoch 692 / 2000;    current loss: 0.5423781871795654
INFO Gradient norm: 61.4053800656342
PROGRESS    Completed epoch 693 / 2000;    current loss: 0.5375566482543945
INFO Gradient norm: 47.85350095171289
PROGRESS    Completed epoch 694 / 2000;    current loss: 0.5333338975906372
INFO Gradient norm: 40.027501453932295
PROGRESS    Completed epoch 695 / 2000;    current loss: 0.5296639800071716
INFO Gradient norm: 68.85624142969228
PROGRESS    Completed epoch 696 / 2000;    current loss: 0.540067195892334
INFO Gradient norm: 56.58356147328199
PROGRESS    Completed epoch 697 / 2000;    current loss: 0.5336358547210693
INFO Gradient norm: 53.85270078721053
PROGRESS    Completed epoch 698 / 2000;    current loss: 0.5343949794769287
INFO Gradient norm: 47.46556891776381
PROGRESS    Completed epoch 699 / 2000;    current loss: 0.5307011008262634
INFO Gradient norm: 59.524159156138104
PROGRESS    Completed epoch 700 / 2000;    current loss: 0.5333766937255859
INFO Gradient norm: 48.072079222045424
PROGRESS    Completed epoch 701 / 2000;    current loss: 0.5279988050460815
INFO Gradient norm: 59.26521895265497
PROGRESS    Completed epoch 702 / 2000;    current loss: 0.5350369215011597
INFO Gradient norm: 51.298503719242
PROGRESS    Completed epoch 703 / 2000;    current loss: 0.5301461219787598
INFO Gradient norm: 56.922244516678155
PROGRESS    Completed epoch 704 / 2000;    current loss: 0.5296896696090698
INFO Gradient norm: 47.641464184818794
PROGRESS    Completed epoch 705 / 2000;    current loss: 0.5252642035484314
INFO Gradient norm: 52.20725344597827
PROGRESS    Completed epoch 706 / 2000;    current loss: 0.529889702796936
INFO Gradient norm: 32.6121818250802
PROGRESS    Completed epoch 707 / 2000;    current loss: 0.5237374901771545
INFO Gradient norm: 86.01839363754878
PROGRESS    Completed epoch 708 / 2000;    current loss: 0.5486427545547485
INFO Gradient norm: 80.599552773815
PROGRESS    Completed epoch 709 / 2000;    current loss: 0.5461734533309937
INFO Gradient norm: 28.411347824792752
PROGRESS    Completed epoch 710 / 2000;    current loss: 0.524997889995575
INFO Gradient norm: 25.253277047785016
PROGRESS    Completed epoch 711 / 2000;    current loss: 0.523697555065155
INFO Gradient norm: 70.73799640121827
PROGRESS    Completed epoch 712 / 2000;    current loss: 0.5389277338981628
INFO Gradient norm: 47.69895646659499
PROGRESS    Completed epoch 713 / 2000;    current loss: 0.526535153388977
INFO Gradient norm: 65.51211838482078
PROGRESS    Completed epoch 714 / 2000;    current loss: 0.536662220954895
INFO Gradient norm: 63.873114198195786
PROGRESS    Completed epoch 715 / 2000;    current loss: 0.5341842770576477
INFO Gradient norm: 34.9633732725134
PROGRESS    Completed epoch 716 / 2000;    current loss: 0.5178385972976685
INFO Gradient norm: 34.035939135771
PROGRESS    Completed epoch 717 / 2000;    current loss: 0.5159416794776917
INFO Gradient norm: 57.50725913587698
PROGRESS    Completed epoch 718 / 2000;    current loss: 0.5271390676498413
INFO Gradient norm: 44.85068086517339
PROGRESS    Completed epoch 719 / 2000;    current loss: 0.5211948156356812
INFO Gradient norm: 62.06920054300154
PROGRESS    Completed epoch 720 / 2000;    current loss: 0.5276287794113159
INFO Gradient norm: 55.98803003803145
PROGRESS    Completed epoch 721 / 2000;    current loss: 0.5247695446014404
INFO Gradient norm: 43.05757600167631
PROGRESS    Completed epoch 722 / 2000;    current loss: 0.5208802223205566
INFO Gradient norm: 33.77532888169099
PROGRESS    Completed epoch 723 / 2000;    current loss: 0.5174704790115356
INFO Gradient norm: 68.55599436666894
PROGRESS    Completed epoch 724 / 2000;    current loss: 0.5306844115257263
INFO Gradient norm: 55.94938594964529
PROGRESS    Completed epoch 725 / 2000;    current loss: 0.5238218903541565
INFO Gradient norm: 49.844240769918564
PROGRESS    Completed epoch 726 / 2000;    current loss: 0.522229015827179
INFO Gradient norm: 45.30490244888681
PROGRESS    Completed epoch 727 / 2000;    current loss: 0.5194642543792725
INFO Gradient norm: 52.47051296232547
PROGRESS    Completed epoch 728 / 2000;    current loss: 0.5207387804985046
INFO Gradient norm: 31.61863682896959
PROGRESS    Completed epoch 729 / 2000;    current loss: 0.515415370464325
INFO Gradient norm: 69.50279538549351
PROGRESS    Completed epoch 730 / 2000;    current loss: 0.5347777009010315
INFO Gradient norm: 57.92822884176411
PROGRESS    Completed epoch 731 / 2000;    current loss: 0.5273286700248718
INFO Gradient norm: 51.33151307659487
PROGRESS    Completed epoch 732 / 2000;    current loss: 0.5214118361473083
INFO Gradient norm: 46.65095797922831
PROGRESS    Completed epoch 733 / 2000;    current loss: 0.5193522572517395
INFO Gradient norm: 51.67545863066584
PROGRESS    Completed epoch 734 / 2000;    current loss: 0.5233418941497803
INFO Gradient norm: 31.62245990028685
PROGRESS    Completed epoch 735 / 2000;    current loss: 0.5168989896774292
INFO Gradient norm: 82.70277365205598
PROGRESS    Completed epoch 736 / 2000;    current loss: 0.5399436354637146
INFO Gradient norm: 75.87034719994173
PROGRESS    Completed epoch 737 / 2000;    current loss: 0.5359224677085876
INFO Gradient norm: 30.60049752621172
PROGRESS    Completed epoch 738 / 2000;    current loss: 0.5168879628181458
INFO Gradient norm: 26.93017362594465
PROGRESS    Completed epoch 739 / 2000;    current loss: 0.5150063633918762
INFO Gradient norm: 67.23031518851134
PROGRESS    Completed epoch 740 / 2000;    current loss: 0.5283257961273193
INFO Gradient norm: 46.695385103948475
PROGRESS    Completed epoch 741 / 2000;    current loss: 0.5170700550079346
INFO Gradient norm: 61.758401310829356
PROGRESS    Completed epoch 742 / 2000;    current loss: 0.5254706144332886
INFO Gradient norm: 55.308961569120186
PROGRESS    Completed epoch 743 / 2000;    current loss: 0.5211499333381653
INFO Gradient norm: 39.77081388673175
PROGRESS    Completed epoch 744 / 2000;    current loss: 0.5141715407371521
INFO Gradient norm: 29.33756920076254
PROGRESS    Completed epoch 745 / 2000;    current loss: 0.5126059055328369
INFO Gradient norm: 55.15873849907449
PROGRESS    Completed epoch 746 / 2000;    current loss: 0.5238880515098572
INFO Gradient norm: 39.000907236517946
PROGRESS    Completed epoch 747 / 2000;    current loss: 0.5157808065414429
INFO Gradient norm: 66.47193937821217
PROGRESS    Completed epoch 748 / 2000;    current loss: 0.5266613960266113
INFO Gradient norm: 62.7765136856612
PROGRESS    Completed epoch 749 / 2000;    current loss: 0.5240959525108337
INFO Gradient norm: 33.24539366585773
PROGRESS    Completed epoch 750 / 2000;    current loss: 0.5120646953582764
INFO Gradient norm: 28.274814911838202
PROGRESS    Completed epoch 751 / 2000;    current loss: 0.509769856929779
INFO Gradient norm: 57.96145457929778
PROGRESS    Completed epoch 752 / 2000;    current loss: 0.5204818844795227
INFO Gradient norm: 36.05860244492813
PROGRESS    Completed epoch 753 / 2000;    current loss: 0.511789083480835
INFO Gradient norm: 58.555372383805704
PROGRESS    Completed epoch 754 / 2000;    current loss: 0.5236169695854187
INFO Gradient norm: 42.59166404921641
PROGRESS    Completed epoch 755 / 2000;    current loss: 0.5176764726638794
INFO Gradient norm: 64.42303744213726
PROGRESS    Completed epoch 756 / 2000;    current loss: 0.5285241007804871
INFO Gradient norm: 60.298061804764615
PROGRESS    Completed epoch 757 / 2000;    current loss: 0.5274989008903503
INFO Gradient norm: 36.78907465780561
PROGRESS    Completed epoch 758 / 2000;    current loss: 0.5187076330184937
INFO Gradient norm: 29.548973463723577
PROGRESS    Completed epoch 759 / 2000;    current loss: 0.5166055560112
INFO Gradient norm: 62.683759170298046
PROGRESS    Completed epoch 760 / 2000;    current loss: 0.5291860699653625
INFO Gradient norm: 46.820346771009504
PROGRESS    Completed epoch 761 / 2000;    current loss: 0.5209699869155884
INFO Gradient norm: 48.48728194661708
PROGRESS    Completed epoch 762 / 2000;    current loss: 0.5229163765907288
INFO Gradient norm: 40.85142181164095
PROGRESS    Completed epoch 763 / 2000;    current loss: 0.51931232213974
INFO Gradient norm: 50.418588095873
PROGRESS    Completed epoch 764 / 2000;    current loss: 0.5239380598068237
INFO Gradient norm: 33.75569092039351
PROGRESS    Completed epoch 765 / 2000;    current loss: 0.5199955701828003
INFO Gradient norm: 59.04622112717207
PROGRESS    Completed epoch 766 / 2000;    current loss: 0.5338239669799805
INFO Gradient norm: 50.3298462690623
PROGRESS    Completed epoch 767 / 2000;    current loss: 0.5290445685386658
INFO Gradient norm: 45.184875517556954
PROGRESS    Completed epoch 768 / 2000;    current loss: 0.5249974727630615
INFO Gradient norm: 39.79581258821679
PROGRESS    Completed epoch 769 / 2000;    current loss: 0.5223516225814819
INFO Gradient norm: 47.48746513161401
PROGRESS    Completed epoch 770 / 2000;    current loss: 0.5255499482154846
INFO Gradient norm: 36.17069848954924
PROGRESS    Completed epoch 771 / 2000;    current loss: 0.5187530517578125
INFO Gradient norm: 60.84646573295974
PROGRESS    Completed epoch 772 / 2000;    current loss: 0.5272725820541382
INFO Gradient norm: 52.90433001475232
PROGRESS    Completed epoch 773 / 2000;    current loss: 0.522355854511261
INFO Gradient norm: 39.40210053363498
PROGRESS    Completed epoch 774 / 2000;    current loss: 0.5174616575241089
INFO Gradient norm: 35.12217589398559
PROGRESS    Completed epoch 775 / 2000;    current loss: 0.5155898928642273
INFO Gradient norm: 51.429269717015124
PROGRESS    Completed epoch 776 / 2000;    current loss: 0.5213497281074524
INFO Gradient norm: 39.390800754240175
PROGRESS    Completed epoch 777 / 2000;    current loss: 0.5155602693557739
INFO Gradient norm: 50.283729647524254
PROGRESS    Completed epoch 778 / 2000;    current loss: 0.5203439593315125
INFO Gradient norm: 44.15093919645745
PROGRESS    Completed epoch 779 / 2000;    current loss: 0.5157545804977417
INFO Gradient norm: 44.39464867754503
PROGRESS    Completed epoch 780 / 2000;    current loss: 0.5139182806015015
INFO Gradient norm: 28.885746593134193
PROGRESS    Completed epoch 781 / 2000;    current loss: 0.5100947022438049
INFO Gradient norm: 58.611783004780534
PROGRESS    Completed epoch 782 / 2000;    current loss: 0.5242173671722412
INFO Gradient norm: 48.77049457900259
PROGRESS    Completed epoch 783 / 2000;    current loss: 0.5173394083976746
INFO Gradient norm: 46.61566395886945
PROGRESS    Completed epoch 784 / 2000;    current loss: 0.5134795904159546
INFO Gradient norm: 42.723451873360055
PROGRESS    Completed epoch 785 / 2000;    current loss: 0.5107050538063049
INFO Gradient norm: 44.12562267768921
PROGRESS    Completed epoch 786 / 2000;    current loss: 0.5111095309257507
INFO Gradient norm: 33.01940087257073
PROGRESS    Completed epoch 787 / 2000;    current loss: 0.5048342347145081
INFO Gradient norm: 57.97439248815688
PROGRESS    Completed epoch 788 / 2000;    current loss: 0.5147050619125366
INFO Gradient norm: 41.850732881741344
PROGRESS    Completed epoch 789 / 2000;    current loss: 0.5090240240097046
INFO Gradient norm: 49.84623377070342
PROGRESS    Completed epoch 790 / 2000;    current loss: 0.5150814056396484
INFO Gradient norm: 43.137051549721285
PROGRESS    Completed epoch 791 / 2000;    current loss: 0.5129332542419434
INFO Gradient norm: 46.043097484408655
PROGRESS    Completed epoch 792 / 2000;    current loss: 0.5142737030982971
INFO Gradient norm: 38.740445986371846
PROGRESS    Completed epoch 793 / 2000;    current loss: 0.5119298696517944
INFO Gradient norm: 45.85781401292725
PROGRESS    Completed epoch 794 / 2000;    current loss: 0.5150943994522095
INFO Gradient norm: 36.369457103218615
PROGRESS    Completed epoch 795 / 2000;    current loss: 0.5100134611129761
INFO Gradient norm: 54.33211406145314
PROGRESS    Completed epoch 796 / 2000;    current loss: 0.5164980888366699
INFO Gradient norm: 46.955753678699864
PROGRESS    Completed epoch 797 / 2000;    current loss: 0.5120964646339417
INFO Gradient norm: 40.91630714374949
PROGRESS    Completed epoch 798 / 2000;    current loss: 0.509388267993927
INFO Gradient norm: 34.720903998254045
PROGRESS    Completed epoch 799 / 2000;    current loss: 0.5058422088623047
INFO Gradient norm: 51.56058242653321
PROGRESS    Completed epoch 800 / 2000;    current loss: 0.5114150047302246
INFO Gradient norm: 41.661433510442556
PROGRESS    Completed epoch 801 / 2000;    current loss: 0.5059642791748047
INFO Gradient norm: 40.919387664671234
PROGRESS    Completed epoch 802 / 2000;    current loss: 0.5061752200126648
INFO Gradient norm: 27.619427440851727
PROGRESS    Completed epoch 803 / 2000;    current loss: 0.5017075538635254
INFO Gradient norm: 59.4364242749205
PROGRESS    Completed epoch 804 / 2000;    current loss: 0.5144917368888855
INFO Gradient norm: 51.15884991516926
PROGRESS    Completed epoch 805 / 2000;    current loss: 0.5095898509025574
INFO Gradient norm: 35.42902078955366
PROGRESS    Completed epoch 806 / 2000;    current loss: 0.5029190182685852
INFO Gradient norm: 31.9974918228416
PROGRESS    Completed epoch 807 / 2000;    current loss: 0.5006894469261169
INFO Gradient norm: 47.64154745833917
PROGRESS    Completed epoch 808 / 2000;    current loss: 0.505175769329071
INFO Gradient norm: 35.45533733981213
PROGRESS    Completed epoch 809 / 2000;    current loss: 0.49912863969802856
INFO Gradient norm: 49.5882987896294
PROGRESS    Completed epoch 810 / 2000;    current loss: 0.5065664052963257
INFO Gradient norm: 41.91789866959538
PROGRESS    Completed epoch 811 / 2000;    current loss: 0.5016524791717529
INFO Gradient norm: 34.134458389410405
PROGRESS    Completed epoch 812 / 2000;    current loss: 0.5006966590881348
INFO Gradient norm: 25.56785181947776
PROGRESS    Completed epoch 813 / 2000;    current loss: 0.4990934133529663
INFO Gradient norm: 49.384953714440854
PROGRESS    Completed epoch 814 / 2000;    current loss: 0.507983922958374
INFO Gradient norm: 36.97744038183931
PROGRESS    Completed epoch 815 / 2000;    current loss: 0.5000945925712585
INFO Gradient norm: 51.1727540962328
PROGRESS    Completed epoch 816 / 2000;    current loss: 0.5041014552116394
INFO Gradient norm: 35.84306951393252
PROGRESS    Completed epoch 817 / 2000;    current loss: 0.500150203704834
INFO Gradient norm: 51.13599047418755
PROGRESS    Completed epoch 818 / 2000;    current loss: 0.5098268389701843
INFO Gradient norm: 45.43647709305007
PROGRESS    Completed epoch 819 / 2000;    current loss: 0.5070677399635315
INFO Gradient norm: 39.97062429904197
PROGRESS    Completed epoch 820 / 2000;    current loss: 0.5031046271324158
INFO Gradient norm: 35.40053333790649
PROGRESS    Completed epoch 821 / 2000;    current loss: 0.5006219744682312
INFO Gradient norm: 42.408558334274886
PROGRESS    Completed epoch 822 / 2000;    current loss: 0.5029335021972656
INFO Gradient norm: 29.95121742159925
PROGRESS    Completed epoch 823 / 2000;    current loss: 0.4957709014415741
INFO Gradient norm: 59.599773181453735
PROGRESS    Completed epoch 824 / 2000;    current loss: 0.5058272480964661
INFO Gradient norm: 53.37477104357931
PROGRESS    Completed epoch 825 / 2000;    current loss: 0.5005517601966858
INFO Gradient norm: 29.611665514195167
PROGRESS    Completed epoch 826 / 2000;    current loss: 0.490667462348938
INFO Gradient norm: 22.177076651532264
PROGRESS    Completed epoch 827 / 2000;    current loss: 0.48723024129867554
INFO Gradient norm: 55.226759114452555
PROGRESS    Completed epoch 828 / 2000;    current loss: 0.4977506995201111
INFO Gradient norm: 36.94834545471833
PROGRESS    Completed epoch 829 / 2000;    current loss: 0.4912344813346863
INFO Gradient norm: 44.7938569950282
PROGRESS    Completed epoch 830 / 2000;    current loss: 0.4981830418109894
INFO Gradient norm: 38.275694493593654
PROGRESS    Completed epoch 831 / 2000;    current loss: 0.4968681335449219
INFO Gradient norm: 43.79744340080557
PROGRESS    Completed epoch 832 / 2000;    current loss: 0.49991941452026367
INFO Gradient norm: 36.91736908449189
PROGRESS    Completed epoch 833 / 2000;    current loss: 0.4980468153953552
INFO Gradient norm: 40.94362197083786
PROGRESS    Completed epoch 834 / 2000;    current loss: 0.500028133392334
INFO Gradient norm: 32.50906843130536
PROGRESS    Completed epoch 835 / 2000;    current loss: 0.4957547187805176
INFO Gradient norm: 49.35253483559949
PROGRESS    Completed epoch 836 / 2000;    current loss: 0.5017486214637756
INFO Gradient norm: 41.87002886541239
PROGRESS    Completed epoch 837 / 2000;    current loss: 0.4973231256008148
INFO Gradient norm: 37.44550612335171
PROGRESS    Completed epoch 838 / 2000;    current loss: 0.49522125720977783
INFO Gradient norm: 31.39738981531775
PROGRESS    Completed epoch 839 / 2000;    current loss: 0.4916679263114929
INFO Gradient norm: 46.855857800400685
PROGRESS    Completed epoch 840 / 2000;    current loss: 0.4964282810688019
INFO Gradient norm: 37.74298485511312
PROGRESS    Completed epoch 841 / 2000;    current loss: 0.49110931158065796
INFO Gradient norm: 40.227497047223764
PROGRESS    Completed epoch 842 / 2000;    current loss: 0.491288959980011
INFO Gradient norm: 36.21687014391696
PROGRESS    Completed epoch 843 / 2000;    current loss: 0.48833081126213074
INFO Gradient norm: 38.85946352617404
PROGRESS    Completed epoch 844 / 2000;    current loss: 0.4884151518344879
INFO Gradient norm: 32.13042193961646
PROGRESS    Completed epoch 845 / 2000;    current loss: 0.4857884347438812
INFO Gradient norm: 41.61751495304862
PROGRESS    Completed epoch 846 / 2000;    current loss: 0.48950016498565674
INFO Gradient norm: 33.39475055121053
PROGRESS    Completed epoch 847 / 2000;    current loss: 0.48520565032958984
INFO Gradient norm: 43.070674850805645
PROGRESS    Completed epoch 848 / 2000;    current loss: 0.48901230096817017
INFO Gradient norm: 34.7364323229046
PROGRESS    Completed epoch 849 / 2000;    current loss: 0.48571711778640747
INFO Gradient norm: 40.32557549757818
PROGRESS    Completed epoch 850 / 2000;    current loss: 0.487898051738739
INFO Gradient norm: 32.62493050524959
PROGRESS    Completed epoch 851 / 2000;    current loss: 0.4832591116428375
INFO Gradient norm: 46.08606709805331
PROGRESS    Completed epoch 852 / 2000;    current loss: 0.4872075319290161
INFO Gradient norm: 39.3577398792313
PROGRESS    Completed epoch 853 / 2000;    current loss: 0.4829396903514862
INFO Gradient norm: 39.44221880817729
PROGRESS    Completed epoch 854 / 2000;    current loss: 0.4832896292209625
INFO Gradient norm: 32.85964507959135
PROGRESS    Completed epoch 855 / 2000;    current loss: 0.4789310097694397
INFO Gradient norm: 39.434683011861416
PROGRESS    Completed epoch 856 / 2000;    current loss: 0.4818239212036133
INFO Gradient norm: 27.095597660767435
PROGRESS    Completed epoch 857 / 2000;    current loss: 0.4784654676914215
INFO Gradient norm: 42.1814142246895
PROGRESS    Completed epoch 858 / 2000;    current loss: 0.48457038402557373
INFO Gradient norm: 31.026603270763285
PROGRESS    Completed epoch 859 / 2000;    current loss: 0.4784703850746155
INFO Gradient norm: 49.07258728978089
PROGRESS    Completed epoch 860 / 2000;    current loss: 0.48493683338165283
INFO Gradient norm: 44.79861020957491
PROGRESS    Completed epoch 861 / 2000;    current loss: 0.48175516724586487
INFO Gradient norm: 26.731904334333546
PROGRESS    Completed epoch 862 / 2000;    current loss: 0.474820077419281
INFO Gradient norm: 16.811362717502007
PROGRESS    Completed epoch 863 / 2000;    current loss: 0.4727003872394562
INFO Gradient norm: 50.01073747468528
PROGRESS    Completed epoch 864 / 2000;    current loss: 0.48342475295066833
INFO Gradient norm: 33.886567298539916
PROGRESS    Completed epoch 865 / 2000;    current loss: 0.4747562110424042
INFO Gradient norm: 45.227479078283885
PROGRESS    Completed epoch 866 / 2000;    current loss: 0.48026347160339355
INFO Gradient norm: 41.72941190481773
PROGRESS    Completed epoch 867 / 2000;    current loss: 0.4766077995300293
INFO Gradient norm: 22.80729470190416
PROGRESS    Completed epoch 868 / 2000;    current loss: 0.4710768461227417
INFO Gradient norm: 17.841116066656877
PROGRESS    Completed epoch 869 / 2000;    current loss: 0.4698852598667145
INFO Gradient norm: 42.314970097442185
PROGRESS    Completed epoch 870 / 2000;    current loss: 0.4769788682460785
INFO Gradient norm: 26.492882146267405
PROGRESS    Completed epoch 871 / 2000;    current loss: 0.46730026602745056
INFO Gradient norm: 41.88599581724004
PROGRESS    Completed epoch 872 / 2000;    current loss: 0.4745864272117615
INFO Gradient norm: 27.99799364281787
PROGRESS    Completed epoch 873 / 2000;    current loss: 0.47126924991607666
INFO Gradient norm: 36.50955770406764
PROGRESS    Completed epoch 874 / 2000;    current loss: 0.47754809260368347
INFO Gradient norm: 21.119749769386477
PROGRESS    Completed epoch 875 / 2000;    current loss: 0.473440557718277
INFO Gradient norm: 54.92525264318278
PROGRESS    Completed epoch 876 / 2000;    current loss: 0.4874539375305176
INFO Gradient norm: 48.59672401689076
PROGRESS    Completed epoch 877 / 2000;    current loss: 0.48373252153396606
INFO Gradient norm: 24.168218685099095
PROGRESS    Completed epoch 878 / 2000;    current loss: 0.4745337665081024
INFO Gradient norm: 22.345001780861743
PROGRESS    Completed epoch 879 / 2000;    current loss: 0.4731404185295105
INFO Gradient norm: 41.37679395794853
PROGRESS    Completed epoch 880 / 2000;    current loss: 0.47762531042099
INFO Gradient norm: 27.44128979292749
PROGRESS    Completed epoch 881 / 2000;    current loss: 0.47009921073913574
INFO Gradient norm: 40.101531698979606
PROGRESS    Completed epoch 882 / 2000;    current loss: 0.4736223518848419
INFO Gradient norm: 18.787961443159915
PROGRESS    Completed epoch 883 / 2000;    current loss: 0.4652157425880432
INFO Gradient norm: 61.15527391347975
PROGRESS    Completed epoch 884 / 2000;    current loss: 0.48345398902893066
INFO Gradient norm: 59.13736917370669
PROGRESS    Completed epoch 885 / 2000;    current loss: 0.4811171591281891
INFO Gradient norm: 12.715952476266551
PROGRESS    Completed epoch 886 / 2000;    current loss: 0.4604056179523468
INFO Gradient norm: 23.782608820323684
PROGRESS    Completed epoch 887 / 2000;    current loss: 0.4620364010334015
INFO Gradient norm: 23.680393129964706
PROGRESS    Completed epoch 888 / 2000;    current loss: 0.46042343974113464
INFO Gradient norm: 7.584901780199181
PROGRESS    Completed epoch 889 / 2000;    current loss: 0.4545205533504486
INFO Gradient norm: 39.194971935702775
PROGRESS    Completed epoch 890 / 2000;    current loss: 0.46422767639160156
INFO Gradient norm: 16.84807818410595
PROGRESS    Completed epoch 891 / 2000;    current loss: 0.458371102809906
INFO Gradient norm: 56.01092551278871
PROGRESS    Completed epoch 892 / 2000;    current loss: 0.4771496653556824
INFO Gradient norm: 52.53398209196572
PROGRESS    Completed epoch 893 / 2000;    current loss: 0.475578248500824
INFO Gradient norm: 12.72765603717239
PROGRESS    Completed epoch 894 / 2000;    current loss: 0.4602004885673523
INFO Gradient norm: 17.03437539998409
PROGRESS    Completed epoch 895 / 2000;    current loss: 0.4599565267562866
INFO Gradient norm: 29.96670256628257
PROGRESS    Completed epoch 896 / 2000;    current loss: 0.46022215485572815
INFO Gradient norm: 12.818286937309738
PROGRESS    Completed epoch 897 / 2000;    current loss: 0.4501734972000122
INFO Gradient norm: 34.732039746068686
PROGRESS    Completed epoch 898 / 2000;    current loss: 0.4569033980369568
INFO Gradient norm: 17.430867070534468
PROGRESS    Completed epoch 899 / 2000;    current loss: 0.4544453024864197
INFO Gradient norm: 53.14210322251646
PROGRESS    Completed epoch 900 / 2000;    current loss: 0.47115927934646606
INFO Gradient norm: 45.45264823164518
PROGRESS    Completed epoch 901 / 2000;    current loss: 0.4669773578643799
INFO Gradient norm: 25.723602237880286
PROGRESS    Completed epoch 902 / 2000;    current loss: 0.45863813161849976
INFO Gradient norm: 22.643783738688747
PROGRESS    Completed epoch 903 / 2000;    current loss: 0.457582026720047
INFO Gradient norm: 38.274992192426225
PROGRESS    Completed epoch 904 / 2000;    current loss: 0.461843341588974
INFO Gradient norm: 27.521794407787016
PROGRESS    Completed epoch 905 / 2000;    current loss: 0.4551439583301544
INFO Gradient norm: 35.69821485206429
PROGRESS    Completed epoch 906 / 2000;    current loss: 0.45581886172294617
INFO Gradient norm: 31.322503190945763
PROGRESS    Completed epoch 907 / 2000;    current loss: 0.4514760375022888
INFO Gradient norm: 24.977874445784195
PROGRESS    Completed epoch 908 / 2000;    current loss: 0.44880735874176025
INFO Gradient norm: 21.32495459503394
PROGRESS    Completed epoch 909 / 2000;    current loss: 0.44570064544677734
INFO Gradient norm: 35.394807214572445
PROGRESS    Completed epoch 910 / 2000;    current loss: 0.44930022954940796
INFO Gradient norm: 27.938413252185814
PROGRESS    Completed epoch 911 / 2000;    current loss: 0.4442097544670105
INFO Gradient norm: 35.01179831227227
PROGRESS    Completed epoch 912 / 2000;    current loss: 0.4460704028606415
INFO Gradient norm: 28.334377236385393
PROGRESS    Completed epoch 913 / 2000;    current loss: 0.44342127442359924
INFO Gradient norm: 30.687128060695144
PROGRESS    Completed epoch 914 / 2000;    current loss: 0.44344645738601685
INFO Gradient norm: 22.959292933240707
PROGRESS    Completed epoch 915 / 2000;    current loss: 0.43835335969924927
INFO Gradient norm: 41.597489720979844
PROGRESS    Completed epoch 916 / 2000;    current loss: 0.4438202977180481
INFO Gradient norm: 37.220829740129254
PROGRESS    Completed epoch 917 / 2000;    current loss: 0.4395906925201416
INFO Gradient norm: 16.448385127922506
PROGRESS    Completed epoch 918 / 2000;    current loss: 0.43279802799224854
INFO Gradient norm: 11.491618979345414
PROGRESS    Completed epoch 919 / 2000;    current loss: 0.43085241317749023
INFO Gradient norm: 33.006922658239326
PROGRESS    Completed epoch 920 / 2000;    current loss: 0.43671005964279175
INFO Gradient norm: 17.334571850638536
PROGRESS    Completed epoch 921 / 2000;    current loss: 0.43121400475502014
INFO Gradient norm: 36.94822340846662
PROGRESS    Completed epoch 922 / 2000;    current loss: 0.438114196062088
INFO Gradient norm: 33.523636230940234
PROGRESS    Completed epoch 923 / 2000;    current loss: 0.43740883469581604
INFO Gradient norm: 27.731759358741886
PROGRESS    Completed epoch 924 / 2000;    current loss: 0.4352113604545593
INFO Gradient norm: 27.45581704637846
PROGRESS    Completed epoch 925 / 2000;    current loss: 0.43419623374938965
INFO Gradient norm: 24.914994204204575
PROGRESS    Completed epoch 926 / 2000;    current loss: 0.43105077743530273
INFO Gradient norm: 25.283202324194356
PROGRESS    Completed epoch 927 / 2000;    current loss: 0.4326635003089905
INFO Gradient norm: 27.05242513637692
PROGRESS    Completed epoch 928 / 2000;    current loss: 0.432908833026886
INFO Gradient norm: 21.809638106515486
PROGRESS    Completed epoch 929 / 2000;    current loss: 0.42869094014167786
INFO Gradient norm: 28.375848418858677
PROGRESS    Completed epoch 930 / 2000;    current loss: 0.4272943437099457
INFO Gradient norm: 21.598342304111057
PROGRESS    Completed epoch 931 / 2000;    current loss: 0.42358851432800293
INFO Gradient norm: 33.45595732532792
PROGRESS    Completed epoch 932 / 2000;    current loss: 0.4274398684501648
INFO Gradient norm: 29.23244863651566
PROGRESS    Completed epoch 933 / 2000;    current loss: 0.42668530344963074
INFO Gradient norm: 24.075625919276536
PROGRESS    Completed epoch 934 / 2000;    current loss: 0.4257960319519043
INFO Gradient norm: 15.346282268867572
PROGRESS    Completed epoch 935 / 2000;    current loss: 0.4219781756401062
INFO Gradient norm: 40.67816772030436
PROGRESS    Completed epoch 936 / 2000;    current loss: 0.42834481596946716
INFO Gradient norm: 33.54820771812623
PROGRESS    Completed epoch 937 / 2000;    current loss: 0.42299315333366394
INFO Gradient norm: 22.672757912947286
PROGRESS    Completed epoch 938 / 2000;    current loss: 0.41919320821762085
INFO Gradient norm: 17.70869678027405
PROGRESS    Completed epoch 939 / 2000;    current loss: 0.4160357713699341
INFO Gradient norm: 30.952476051600573
PROGRESS    Completed epoch 940 / 2000;    current loss: 0.41899755597114563
INFO Gradient norm: 15.020586451868768
PROGRESS    Completed epoch 941 / 2000;    current loss: 0.4137914180755615
INFO Gradient norm: 31.470375104862374
PROGRESS    Completed epoch 942 / 2000;    current loss: 0.4199430048465729
INFO Gradient norm: 16.08227766909178
PROGRESS    Completed epoch 943 / 2000;    current loss: 0.4137761890888214
INFO Gradient norm: 43.152406369498905
PROGRESS    Completed epoch 944 / 2000;    current loss: 0.423562616109848
INFO Gradient norm: 37.68099663884104
PROGRESS    Completed epoch 945 / 2000;    current loss: 0.4187963306903839
INFO Gradient norm: 20.501562435225612
PROGRESS    Completed epoch 946 / 2000;    current loss: 0.41198447346687317
INFO Gradient norm: 20.267101240308474
PROGRESS    Completed epoch 947 / 2000;    current loss: 0.410331130027771
INFO Gradient norm: 29.305061421300373
PROGRESS    Completed epoch 948 / 2000;    current loss: 0.41012901067733765
INFO Gradient norm: 19.732929741583053
PROGRESS    Completed epoch 949 / 2000;    current loss: 0.4034164845943451
INFO Gradient norm: 23.99951267571734
PROGRESS    Completed epoch 950 / 2000;    current loss: 0.40485984086990356
INFO Gradient norm: 16.060135124692014
PROGRESS    Completed epoch 951 / 2000;    current loss: 0.40501201152801514
INFO Gradient norm: 36.19762275225193
PROGRESS    Completed epoch 952 / 2000;    current loss: 0.41349929571151733
INFO Gradient norm: 28.310553455404236
PROGRESS    Completed epoch 953 / 2000;    current loss: 0.41038432717323303
INFO Gradient norm: 23.966104455476184
PROGRESS    Completed epoch 954 / 2000;    current loss: 0.4087417423725128
INFO Gradient norm: 16.88187430689064
PROGRESS    Completed epoch 955 / 2000;    current loss: 0.4050625264644623
INFO Gradient norm: 34.164742111945806
PROGRESS    Completed epoch 956 / 2000;    current loss: 0.4086564779281616
INFO Gradient norm: 25.961783843873768
PROGRESS    Completed epoch 957 / 2000;    current loss: 0.40184342861175537
INFO Gradient norm: 27.191893848232645
PROGRESS    Completed epoch 958 / 2000;    current loss: 0.39992034435272217
INFO Gradient norm: 27.71370801901649
PROGRESS    Completed epoch 959 / 2000;    current loss: 0.39816415309906006
INFO Gradient norm: 17.985841299445415
PROGRESS    Completed epoch 960 / 2000;    current loss: 0.3932856321334839
INFO Gradient norm: 16.684049020735955
PROGRESS    Completed epoch 961 / 2000;    current loss: 0.3899172246456146
INFO Gradient norm: 21.048503156393846
PROGRESS    Completed epoch 962 / 2000;    current loss: 0.3936194181442261
INFO Gradient norm: 8.759157269386145
PROGRESS    Completed epoch 963 / 2000;    current loss: 0.3904058337211609
INFO Gradient norm: 39.44395829560282
PROGRESS    Completed epoch 964 / 2000;    current loss: 0.39969485998153687
INFO Gradient norm: 27.69674167613839
PROGRESS    Completed epoch 965 / 2000;    current loss: 0.39057186245918274
INFO Gradient norm: 27.407184713109608
PROGRESS    Completed epoch 966 / 2000;    current loss: 0.38822612166404724
INFO Gradient norm: 27.851747132935305
PROGRESS    Completed epoch 967 / 2000;    current loss: 0.3865836560726166
INFO Gradient norm: 16.053180900397432
PROGRESS    Completed epoch 968 / 2000;    current loss: 0.38015228509902954
INFO Gradient norm: 13.395002910118697
PROGRESS    Completed epoch 969 / 2000;    current loss: 0.3772764503955841
INFO Gradient norm: 19.568488141816076
PROGRESS    Completed epoch 970 / 2000;    current loss: 0.3782605230808258
INFO Gradient norm: 6.206430654437806
PROGRESS    Completed epoch 971 / 2000;    current loss: 0.37382417917251587
INFO Gradient norm: 34.02525517600947
PROGRESS    Completed epoch 972 / 2000;    current loss: 0.3817256689071655
INFO Gradient norm: 21.48044719761155
PROGRESS    Completed epoch 973 / 2000;    current loss: 0.37397292256355286
INFO Gradient norm: 28.682073333918083
PROGRESS    Completed epoch 974 / 2000;    current loss: 0.3756050169467926
INFO Gradient norm: 32.80966177522289
PROGRESS    Completed epoch 975 / 2000;    current loss: 0.37838494777679443
INFO Gradient norm: 9.56017336538208
PROGRESS    Completed epoch 976 / 2000;    current loss: 0.3691839873790741
INFO Gradient norm: 15.12699274640409
PROGRESS    Completed epoch 977 / 2000;    current loss: 0.36815544962882996
INFO Gradient norm: 15.424811850804316
PROGRESS    Completed epoch 978 / 2000;    current loss: 0.3673301339149475
INFO Gradient norm: 8.249933020430868
PROGRESS    Completed epoch 979 / 2000;    current loss: 0.3662223219871521
INFO Gradient norm: 25.931580866268664
PROGRESS    Completed epoch 980 / 2000;    current loss: 0.3703444004058838
INFO Gradient norm: 16.49191176587036
PROGRESS    Completed epoch 981 / 2000;    current loss: 0.36596307158470154
INFO Gradient norm: 33.81375903059674
PROGRESS    Completed epoch 982 / 2000;    current loss: 0.3770589530467987
INFO Gradient norm: 30.155548955840654
PROGRESS    Completed epoch 983 / 2000;    current loss: 0.3756372630596161
INFO Gradient norm: 20.1921646370794
PROGRESS    Completed epoch 984 / 2000;    current loss: 0.3700060248374939
INFO Gradient norm: 17.961757454186973
PROGRESS    Completed epoch 985 / 2000;    current loss: 0.3699759840965271
INFO Gradient norm: 22.807291014282075
PROGRESS    Completed epoch 986 / 2000;    current loss: 0.37092435359954834
INFO Gradient norm: 12.01477710482268
PROGRESS    Completed epoch 987 / 2000;    current loss: 0.3655996322631836
INFO Gradient norm: 26.912524452039126
PROGRESS    Completed epoch 988 / 2000;    current loss: 0.3692542016506195
INFO Gradient norm: 9.442267281807037
PROGRESS    Completed epoch 989 / 2000;    current loss: 0.36478567123413086
INFO Gradient norm: 33.66470941718254
PROGRESS    Completed epoch 990 / 2000;    current loss: 0.3737962543964386
INFO Gradient norm: 14.186122673994491
PROGRESS    Completed epoch 991 / 2000;    current loss: 0.3654968738555908
INFO Gradient norm: 40.03971499895906
PROGRESS    Completed epoch 992 / 2000;    current loss: 0.37748318910598755
INFO Gradient norm: 29.89914007168716
PROGRESS    Completed epoch 993 / 2000;    current loss: 0.3750074505805969
INFO Gradient norm: 22.002746234056108
PROGRESS    Completed epoch 994 / 2000;    current loss: 0.3738058805465698
INFO Gradient norm: 24.507946139820394
PROGRESS    Completed epoch 995 / 2000;    current loss: 0.37585216760635376
INFO Gradient norm: 16.570533056484184
PROGRESS    Completed epoch 996 / 2000;    current loss: 0.37231120467185974
INFO Gradient norm: 16.645713734963202
PROGRESS    Completed epoch 997 / 2000;    current loss: 0.3685607612133026
INFO Gradient norm: 21.353737092715487
PROGRESS    Completed epoch 998 / 2000;    current loss: 0.3659147620201111
INFO Gradient norm: 12.084629718581665
PROGRESS    Completed epoch 999 / 2000;    current loss: 0.3578830361366272
INFO Gradient norm: 17.713646307484364
PROGRESS    Completed epoch 1000 / 2000;    current loss: 0.3598107695579529
INFO Gradient norm: 8.858197328176425
PROGRESS    Completed epoch 1001 / 2000;    current loss: 0.36044347286224365
INFO Gradient norm: 23.969538724916085
PROGRESS    Completed epoch 1002 / 2000;    current loss: 0.3660831153392792
INFO Gradient norm: 9.158814981138658
PROGRESS    Completed epoch 1003 / 2000;    current loss: 0.3604540228843689
INFO Gradient norm: 39.04363074670714
PROGRESS    Completed epoch 1004 / 2000;    current loss: 0.37051063776016235
INFO Gradient norm: 31.99661352284064
PROGRESS    Completed epoch 1005 / 2000;    current loss: 0.36440959572792053
INFO Gradient norm: 17.38292932292405
PROGRESS    Completed epoch 1006 / 2000;    current loss: 0.3575202524662018
INFO Gradient norm: 18.727602060484006
PROGRESS    Completed epoch 1007 / 2000;    current loss: 0.35546791553497314
INFO Gradient norm: 28.91879054906806
PROGRESS    Completed epoch 1008 / 2000;    current loss: 0.3582057058811188
INFO Gradient norm: 25.752605172907934
PROGRESS    Completed epoch 1009 / 2000;    current loss: 0.35507550835609436
INFO Gradient norm: 20.013836845456375
PROGRESS    Completed epoch 1010 / 2000;    current loss: 0.35099485516548157
INFO Gradient norm: 19.242191709789388
PROGRESS    Completed epoch 1011 / 2000;    current loss: 0.350305438041687
INFO Gradient norm: 18.764061596650933
PROGRESS    Completed epoch 1012 / 2000;    current loss: 0.35042381286621094
INFO Gradient norm: 12.34639968547388
PROGRESS    Completed epoch 1013 / 2000;    current loss: 0.3474218547344208
INFO Gradient norm: 28.291638561166618
PROGRESS    Completed epoch 1014 / 2000;    current loss: 0.35620877146720886
INFO Gradient norm: 17.045878140309046
PROGRESS    Completed epoch 1015 / 2000;    current loss: 0.3526238203048706
INFO Gradient norm: 31.293382221581464
PROGRESS    Completed epoch 1016 / 2000;    current loss: 0.35776299238204956
INFO Gradient norm: 28.000441813646045
PROGRESS    Completed epoch 1017 / 2000;    current loss: 0.35445642471313477
INFO Gradient norm: 13.141387958488135
PROGRESS    Completed epoch 1018 / 2000;    current loss: 0.34776729345321655
INFO Gradient norm: 14.246651998006328
PROGRESS    Completed epoch 1019 / 2000;    current loss: 0.34529316425323486
INFO Gradient norm: 20.532803245760338
PROGRESS    Completed epoch 1020 / 2000;    current loss: 0.3527281880378723
INFO Gradient norm: 16.476370430582925
PROGRESS    Completed epoch 1021 / 2000;    current loss: 0.35329627990722656
INFO Gradient norm: 20.32198249506257
PROGRESS    Completed epoch 1022 / 2000;    current loss: 0.3530872166156769
INFO Gradient norm: 14.645545871592178
PROGRESS    Completed epoch 1023 / 2000;    current loss: 0.3481692373752594
INFO Gradient norm: 9.330592272518384
PROGRESS    Completed epoch 1024 / 2000;    current loss: 0.3494977355003357
INFO Gradient norm: 5.873880093575386
PROGRESS    Completed epoch 1025 / 2000;    current loss: 0.3480962812900543
INFO Gradient norm: 9.515123087779136
PROGRESS    Completed epoch 1026 / 2000;    current loss: 0.3483145534992218
INFO Gradient norm: 19.858962122233347
PROGRESS    Completed epoch 1027 / 2000;    current loss: 0.34924137592315674
INFO Gradient norm: 9.190133854067604
PROGRESS    Completed epoch 1028 / 2000;    current loss: 0.34127137064933777
INFO Gradient norm: 38.663256080694914
PROGRESS    Completed epoch 1029 / 2000;    current loss: 0.358476847410202
INFO Gradient norm: 35.22338571208999
PROGRESS    Completed epoch 1030 / 2000;    current loss: 0.35797104239463806
INFO Gradient norm: 9.350301057125842
PROGRESS    Completed epoch 1031 / 2000;    current loss: 0.34776806831359863
INFO Gradient norm: 18.574358226507606
PROGRESS    Completed epoch 1032 / 2000;    current loss: 0.34850966930389404
INFO Gradient norm: 8.198147618686319
PROGRESS    Completed epoch 1033 / 2000;    current loss: 0.3400946855545044
INFO Gradient norm: 10.045539772591171
PROGRESS    Completed epoch 1034 / 2000;    current loss: 0.34097549319267273
INFO Gradient norm: 16.2258608467843
PROGRESS    Completed epoch 1035 / 2000;    current loss: 0.3444075882434845
INFO Gradient norm: 6.945910922604819
PROGRESS    Completed epoch 1036 / 2000;    current loss: 0.34052014350891113
INFO Gradient norm: 25.530585995006053
PROGRESS    Completed epoch 1037 / 2000;    current loss: 0.3426879644393921
INFO Gradient norm: 14.515603025257363
PROGRESS    Completed epoch 1038 / 2000;    current loss: 0.33460626006126404
INFO Gradient norm: 18.21876540483325
PROGRESS    Completed epoch 1039 / 2000;    current loss: 0.3359341621398926
INFO Gradient norm: 20.56933866741156
PROGRESS    Completed epoch 1040 / 2000;    current loss: 0.3363833725452423
INFO Gradient norm: 15.838761548554537
PROGRESS    Completed epoch 1041 / 2000;    current loss: 0.3337201476097107
INFO Gradient norm: 13.397659189914881
PROGRESS    Completed epoch 1042 / 2000;    current loss: 0.3314516544342041
INFO Gradient norm: 18.70880093702409
PROGRESS    Completed epoch 1043 / 2000;    current loss: 0.3320405185222626
INFO Gradient norm: 8.460323818092682
PROGRESS    Completed epoch 1044 / 2000;    current loss: 0.32747796177864075
INFO Gradient norm: 21.377275594947648
PROGRESS    Completed epoch 1045 / 2000;    current loss: 0.3292429745197296
INFO Gradient norm: 11.899675970454071
PROGRESS    Completed epoch 1046 / 2000;    current loss: 0.3256911337375641
INFO Gradient norm: 26.238490648396787
PROGRESS    Completed epoch 1047 / 2000;    current loss: 0.330617219209671
INFO Gradient norm: 14.267012562234221
PROGRESS    Completed epoch 1048 / 2000;    current loss: 0.32698744535446167
INFO Gradient norm: 22.81558749087877
PROGRESS    Completed epoch 1049 / 2000;    current loss: 0.33063870668411255
INFO Gradient norm: 11.386720975414535
PROGRESS    Completed epoch 1050 / 2000;    current loss: 0.32587093114852905
INFO Gradient norm: 26.504869332042922
PROGRESS    Completed epoch 1051 / 2000;    current loss: 0.3310920298099518
INFO Gradient norm: 13.413832774609341
PROGRESS    Completed epoch 1052 / 2000;    current loss: 0.327968955039978
INFO Gradient norm: 24.928181564307913
PROGRESS    Completed epoch 1053 / 2000;    current loss: 0.33288225531578064
INFO Gradient norm: 19.82514592390666
PROGRESS    Completed epoch 1054 / 2000;    current loss: 0.33022043108940125
INFO Gradient norm: 20.3613922706383
PROGRESS    Completed epoch 1055 / 2000;    current loss: 0.3292996883392334
INFO Gradient norm: 21.030700243916236
PROGRESS    Completed epoch 1056 / 2000;    current loss: 0.3256934583187103
INFO Gradient norm: 18.221198559218283
PROGRESS    Completed epoch 1057 / 2000;    current loss: 0.3257978558540344
INFO Gradient norm: 15.624634405866148
PROGRESS    Completed epoch 1058 / 2000;    current loss: 0.3263794481754303
INFO Gradient norm: 22.026485635973412
PROGRESS    Completed epoch 1059 / 2000;    current loss: 0.3279375731945038
INFO Gradient norm: 16.330685320525216
PROGRESS    Completed epoch 1060 / 2000;    current loss: 0.3234759271144867
INFO Gradient norm: 22.677114318366833
PROGRESS    Completed epoch 1061 / 2000;    current loss: 0.32447224855422974
INFO Gradient norm: 18.47709073096101
PROGRESS    Completed epoch 1062 / 2000;    current loss: 0.32286134362220764
INFO Gradient norm: 20.81019484692819
PROGRESS    Completed epoch 1063 / 2000;    current loss: 0.3231188654899597
INFO Gradient norm: 15.670104390657551
PROGRESS    Completed epoch 1064 / 2000;    current loss: 0.3228221535682678
INFO Gradient norm: 18.459457805487403
PROGRESS    Completed epoch 1065 / 2000;    current loss: 0.3235282301902771
INFO Gradient norm: 17.029019507245618
PROGRESS    Completed epoch 1066 / 2000;    current loss: 0.32415294647216797
INFO Gradient norm: 16.98729139530372
PROGRESS    Completed epoch 1067 / 2000;    current loss: 0.32436293363571167
INFO Gradient norm: 20.75974506513485
PROGRESS    Completed epoch 1068 / 2000;    current loss: 0.32549622654914856
INFO Gradient norm: 15.0344828379422
PROGRESS    Completed epoch 1069 / 2000;    current loss: 0.32269287109375
INFO Gradient norm: 15.521904489997038
PROGRESS    Completed epoch 1070 / 2000;    current loss: 0.32163411378860474
INFO Gradient norm: 11.88198292345411
PROGRESS    Completed epoch 1071 / 2000;    current loss: 0.3206928074359894
INFO Gradient norm: 8.667642419289555
PROGRESS    Completed epoch 1072 / 2000;    current loss: 0.3201274573802948
INFO Gradient norm: 17.47524602825792
PROGRESS    Completed epoch 1073 / 2000;    current loss: 0.32032495737075806
INFO Gradient norm: 12.811820435221719
PROGRESS    Completed epoch 1074 / 2000;    current loss: 0.3203008770942688
INFO Gradient norm: 21.607774519695834
PROGRESS    Completed epoch 1075 / 2000;    current loss: 0.3236396014690399
INFO Gradient norm: 14.4476509866246
PROGRESS    Completed epoch 1076 / 2000;    current loss: 0.31950798630714417
INFO Gradient norm: 15.039701878761539
PROGRESS    Completed epoch 1077 / 2000;    current loss: 0.31884124875068665
INFO Gradient norm: 8.536655314759958
PROGRESS    Completed epoch 1078 / 2000;    current loss: 0.31630638241767883
INFO Gradient norm: 19.949973317525767
PROGRESS    Completed epoch 1079 / 2000;    current loss: 0.32054615020751953
INFO Gradient norm: 12.897845009185362
PROGRESS    Completed epoch 1080 / 2000;    current loss: 0.31582894921302795
INFO Gradient norm: 28.717697384047295
PROGRESS    Completed epoch 1081 / 2000;    current loss: 0.3219243288040161
INFO Gradient norm: 28.606138712910095
PROGRESS    Completed epoch 1082 / 2000;    current loss: 0.3210456073284149
INFO Gradient norm: 9.0827858554922
PROGRESS    Completed epoch 1083 / 2000;    current loss: 0.3121803402900696
INFO Gradient norm: 10.59647209336485
PROGRESS    Completed epoch 1084 / 2000;    current loss: 0.31155386567115784
INFO Gradient norm: 15.396850301824811
PROGRESS    Completed epoch 1085 / 2000;    current loss: 0.3118513524532318
INFO Gradient norm: 6.916142613664504
PROGRESS    Completed epoch 1086 / 2000;    current loss: 0.3096615672111511
INFO Gradient norm: 23.235846672164527
PROGRESS    Completed epoch 1087 / 2000;    current loss: 0.31637731194496155
INFO Gradient norm: 11.382411411120703
PROGRESS    Completed epoch 1088 / 2000;    current loss: 0.3118138015270233
INFO Gradient norm: 17.727109404743537
PROGRESS    Completed epoch 1089 / 2000;    current loss: 0.3144850730895996
INFO Gradient norm: 8.128880394928185
PROGRESS    Completed epoch 1090 / 2000;    current loss: 0.3118158280849457
INFO Gradient norm: 23.535509484116307
PROGRESS    Completed epoch 1091 / 2000;    current loss: 0.3159986138343811
INFO Gradient norm: 6.244168471769593
PROGRESS    Completed epoch 1092 / 2000;    current loss: 0.31249719858169556
INFO Gradient norm: 30.81132851045427
PROGRESS    Completed epoch 1093 / 2000;    current loss: 0.32200711965560913
INFO Gradient norm: 20.602325444056923
PROGRESS    Completed epoch 1094 / 2000;    current loss: 0.31386929750442505
INFO Gradient norm: 24.77214784691397
PROGRESS    Completed epoch 1095 / 2000;    current loss: 0.3137592375278473
INFO Gradient norm: 25.701678502394962
PROGRESS    Completed epoch 1096 / 2000;    current loss: 0.3126448690891266
INFO Gradient norm: 13.02833381606575
PROGRESS    Completed epoch 1097 / 2000;    current loss: 0.3059190809726715
INFO Gradient norm: 7.923961934102522
PROGRESS    Completed epoch 1098 / 2000;    current loss: 0.3040723204612732
INFO Gradient norm: 24.666329320882685
PROGRESS    Completed epoch 1099 / 2000;    current loss: 0.30938810110092163
INFO Gradient norm: 9.042112199012609
PROGRESS    Completed epoch 1100 / 2000;    current loss: 0.3052486479282379
INFO Gradient norm: 30.27913244330269
PROGRESS    Completed epoch 1101 / 2000;    current loss: 0.31463032960891724
INFO Gradient norm: 24.059816626631147
PROGRESS    Completed epoch 1102 / 2000;    current loss: 0.31010177731513977
INFO Gradient norm: 18.085479779145267
PROGRESS    Completed epoch 1103 / 2000;    current loss: 0.3064696490764618
INFO Gradient norm: 23.442015450485176
PROGRESS    Completed epoch 1104 / 2000;    current loss: 0.306125670671463
INFO Gradient norm: 15.77538203731772
PROGRESS    Completed epoch 1105 / 2000;    current loss: 0.30259621143341064
INFO Gradient norm: 11.258971859252773
PROGRESS    Completed epoch 1106 / 2000;    current loss: 0.301510214805603
INFO Gradient norm: 17.83888611519426
PROGRESS    Completed epoch 1107 / 2000;    current loss: 0.3034954369068146
INFO Gradient norm: 8.941463843995416
PROGRESS    Completed epoch 1108 / 2000;    current loss: 0.29917997121810913
INFO Gradient norm: 15.608982574701308
PROGRESS    Completed epoch 1109 / 2000;    current loss: 0.29960528016090393
INFO Gradient norm: 16.664814811678184
PROGRESS    Completed epoch 1110 / 2000;    current loss: 0.30260783433914185
INFO Gradient norm: 17.24777830208008
PROGRESS    Completed epoch 1111 / 2000;    current loss: 0.3049255311489105
INFO Gradient norm: 16.538838317178442
PROGRESS    Completed epoch 1112 / 2000;    current loss: 0.3040706217288971
INFO Gradient norm: 15.295743652075315
PROGRESS    Completed epoch 1113 / 2000;    current loss: 0.301018089056015
INFO Gradient norm: 16.92881413677857
PROGRESS    Completed epoch 1114 / 2000;    current loss: 0.30008214712142944
INFO Gradient norm: 10.253416893787513
PROGRESS    Completed epoch 1115 / 2000;    current loss: 0.2972811162471771
INFO Gradient norm: 8.15886802160674
PROGRESS    Completed epoch 1116 / 2000;    current loss: 0.29398563504219055
INFO Gradient norm: 11.340921975221583
PROGRESS    Completed epoch 1117 / 2000;    current loss: 0.295925110578537
INFO Gradient norm: 6.137434473299414
PROGRESS    Completed epoch 1118 / 2000;    current loss: 0.2961282432079315
INFO Gradient norm: 12.094626213279035
PROGRESS    Completed epoch 1119 / 2000;    current loss: 0.2983695864677429
INFO Gradient norm: 9.074345370370008
PROGRESS    Completed epoch 1120 / 2000;    current loss: 0.295755535364151
INFO Gradient norm: 5.909302539699585
PROGRESS    Completed epoch 1121 / 2000;    current loss: 0.2902166247367859
INFO Gradient norm: 21.03006939788226
PROGRESS    Completed epoch 1122 / 2000;    current loss: 0.2969900071620941
INFO Gradient norm: 6.678636968422052
PROGRESS    Completed epoch 1123 / 2000;    current loss: 0.2963642179965973
INFO Gradient norm: 8.31850031500724
PROGRESS    Completed epoch 1124 / 2000;    current loss: 0.297009140253067
INFO Gradient norm: 13.340189499288872
PROGRESS    Completed epoch 1125 / 2000;    current loss: 0.29434046149253845
INFO Gradient norm: 15.902917613994072
PROGRESS    Completed epoch 1126 / 2000;    current loss: 0.2950456440448761
INFO Gradient norm: 6.986251207140916
PROGRESS    Completed epoch 1127 / 2000;    current loss: 0.292654424905777
INFO Gradient norm: 6.335761976890154
PROGRESS    Completed epoch 1128 / 2000;    current loss: 0.2887691259384155
INFO Gradient norm: 7.165992152559398
PROGRESS    Completed epoch 1129 / 2000;    current loss: 0.2861309349536896
INFO Gradient norm: 7.92521062875487
PROGRESS    Completed epoch 1130 / 2000;    current loss: 0.2859761714935303
INFO Gradient norm: 8.169059036835009
PROGRESS    Completed epoch 1131 / 2000;    current loss: 0.28598088026046753
INFO Gradient norm: 7.529172880081609
PROGRESS    Completed epoch 1132 / 2000;    current loss: 0.2831208407878876
INFO Gradient norm: 11.06239046298047
PROGRESS    Completed epoch 1133 / 2000;    current loss: 0.2796178162097931
INFO Gradient norm: 7.917093629936947
PROGRESS    Completed epoch 1134 / 2000;    current loss: 0.2782309949398041
INFO Gradient norm: 26.31443208518085
PROGRESS    Completed epoch 1135 / 2000;    current loss: 0.2868170142173767
INFO Gradient norm: 17.16607473274107
PROGRESS    Completed epoch 1136 / 2000;    current loss: 0.28288424015045166
INFO Gradient norm: 14.853293476944666
PROGRESS    Completed epoch 1137 / 2000;    current loss: 0.2830531597137451
INFO Gradient norm: 8.038771355030194
PROGRESS    Completed epoch 1138 / 2000;    current loss: 0.2819269895553589
INFO Gradient norm: 23.2518573557831
PROGRESS    Completed epoch 1139 / 2000;    current loss: 0.2862165868282318
INFO Gradient norm: 12.423892850891079
PROGRESS    Completed epoch 1140 / 2000;    current loss: 0.2795697748661041
INFO Gradient norm: 18.359236729750545
PROGRESS    Completed epoch 1141 / 2000;    current loss: 0.2793368101119995
INFO Gradient norm: 6.864756527971946
PROGRESS    Completed epoch 1142 / 2000;    current loss: 0.2740710973739624
INFO Gradient norm: 11.460083911051619
PROGRESS    Completed epoch 1143 / 2000;    current loss: 0.27699923515319824
INFO Gradient norm: 6.004975738419342
PROGRESS    Completed epoch 1144 / 2000;    current loss: 0.27818623185157776
INFO Gradient norm: 19.18875464834834
PROGRESS    Completed epoch 1145 / 2000;    current loss: 0.28122931718826294
INFO Gradient norm: 6.59612431072624
PROGRESS    Completed epoch 1146 / 2000;    current loss: 0.27534276247024536
INFO Gradient norm: 26.421501462561654
PROGRESS    Completed epoch 1147 / 2000;    current loss: 0.27963563799858093
INFO Gradient norm: 11.999385224482182
PROGRESS    Completed epoch 1148 / 2000;    current loss: 0.270524799823761
INFO Gradient norm: 20.72118028925184
PROGRESS    Completed epoch 1149 / 2000;    current loss: 0.27421772480010986
INFO Gradient norm: 18.335285336985248
PROGRESS    Completed epoch 1150 / 2000;    current loss: 0.27605125308036804
INFO Gradient norm: 15.33929149905127
PROGRESS    Completed epoch 1151 / 2000;    current loss: 0.2777562439441681
INFO Gradient norm: 17.975483994849235
PROGRESS    Completed epoch 1152 / 2000;    current loss: 0.2787711024284363
INFO Gradient norm: 12.1186304143485
PROGRESS    Completed epoch 1153 / 2000;    current loss: 0.2748001515865326
INFO Gradient norm: 15.22106962009631
PROGRESS    Completed epoch 1154 / 2000;    current loss: 0.27510714530944824
INFO Gradient norm: 13.623969535520992
PROGRESS    Completed epoch 1155 / 2000;    current loss: 0.2743675410747528
INFO Gradient norm: 6.032282567735054
PROGRESS    Completed epoch 1156 / 2000;    current loss: 0.27261900901794434
INFO Gradient norm: 24.750770918876473
PROGRESS    Completed epoch 1157 / 2000;    current loss: 0.2783627510070801
INFO Gradient norm: 13.411150862238497
PROGRESS    Completed epoch 1158 / 2000;    current loss: 0.27020183205604553
INFO Gradient norm: 11.084850761445136
PROGRESS    Completed epoch 1159 / 2000;    current loss: 0.2722931206226349
INFO Gradient norm: 7.1484616584368785
PROGRESS    Completed epoch 1160 / 2000;    current loss: 0.2715638279914856
INFO Gradient norm: 18.137873957632877
PROGRESS    Completed epoch 1161 / 2000;    current loss: 0.2722986340522766
INFO Gradient norm: 7.989365615933752
PROGRESS    Completed epoch 1162 / 2000;    current loss: 0.2653544247150421
INFO Gradient norm: 15.036043655523443
PROGRESS    Completed epoch 1163 / 2000;    current loss: 0.26621872186660767
INFO Gradient norm: 6.16534491914353
PROGRESS    Completed epoch 1164 / 2000;    current loss: 0.26495349407196045
INFO Gradient norm: 5.961615643702475
PROGRESS    Completed epoch 1165 / 2000;    current loss: 0.2650213837623596
INFO Gradient norm: 6.352998597975761
PROGRESS    Completed epoch 1166 / 2000;    current loss: 0.2628231942653656
INFO Gradient norm: 10.643306236041468
PROGRESS    Completed epoch 1167 / 2000;    current loss: 0.2601565420627594
INFO Gradient norm: 13.961265724048593
PROGRESS    Completed epoch 1168 / 2000;    current loss: 0.2626478970050812
INFO Gradient norm: 12.68759420334836
PROGRESS    Completed epoch 1169 / 2000;    current loss: 0.26426586508750916
INFO Gradient norm: 14.585198990521052
PROGRESS    Completed epoch 1170 / 2000;    current loss: 0.26399219036102295
INFO Gradient norm: 12.148323889134474
PROGRESS    Completed epoch 1171 / 2000;    current loss: 0.2592901289463043
INFO Gradient norm: 11.445252820869666
PROGRESS    Completed epoch 1172 / 2000;    current loss: 0.2585596442222595
INFO Gradient norm: 10.22983852343192
PROGRESS    Completed epoch 1173 / 2000;    current loss: 0.2587670683860779
INFO Gradient norm: 14.949404825435916
PROGRESS    Completed epoch 1174 / 2000;    current loss: 0.2587314248085022
INFO Gradient norm: 7.555920995718163
PROGRESS    Completed epoch 1175 / 2000;    current loss: 0.25526919960975647
INFO Gradient norm: 23.249135961619157
PROGRESS    Completed epoch 1176 / 2000;    current loss: 0.26049500703811646
INFO Gradient norm: 8.981353223626217
PROGRESS    Completed epoch 1177 / 2000;    current loss: 0.2560615539550781
INFO Gradient norm: 21.938864480805528
PROGRESS    Completed epoch 1178 / 2000;    current loss: 0.26242172718048096
INFO Gradient norm: 11.554372023188664
PROGRESS    Completed epoch 1179 / 2000;    current loss: 0.25889095664024353
INFO Gradient norm: 21.724164219568102
PROGRESS    Completed epoch 1180 / 2000;    current loss: 0.26179039478302
INFO Gradient norm: 15.232209636077549
PROGRESS    Completed epoch 1181 / 2000;    current loss: 0.256699800491333
INFO Gradient norm: 16.063611692565072
PROGRESS    Completed epoch 1182 / 2000;    current loss: 0.2569901943206787
INFO Gradient norm: 5.741821348913878
PROGRESS    Completed epoch 1183 / 2000;    current loss: 0.25659382343292236
INFO Gradient norm: 15.162178288950539
PROGRESS    Completed epoch 1184 / 2000;    current loss: 0.2590627670288086
INFO Gradient norm: 7.398514146646377
PROGRESS    Completed epoch 1185 / 2000;    current loss: 0.2548603415489197
INFO Gradient norm: 10.102303185590399
PROGRESS    Completed epoch 1186 / 2000;    current loss: 0.25314435362815857
INFO Gradient norm: 6.859407936415361
PROGRESS    Completed epoch 1187 / 2000;    current loss: 0.2489747256040573
INFO Gradient norm: 10.868164702684409
PROGRESS    Completed epoch 1188 / 2000;    current loss: 0.24882593750953674
INFO Gradient norm: 13.598554531286004
PROGRESS    Completed epoch 1189 / 2000;    current loss: 0.2508580982685089
INFO Gradient norm: 5.946476176496771
PROGRESS    Completed epoch 1190 / 2000;    current loss: 0.24928894639015198
INFO Gradient norm: 20.160768771078715
PROGRESS    Completed epoch 1191 / 2000;    current loss: 0.25265222787857056
INFO Gradient norm: 16.734634647251966
PROGRESS    Completed epoch 1192 / 2000;    current loss: 0.2532060444355011
INFO Gradient norm: 18.9773141220684
PROGRESS    Completed epoch 1193 / 2000;    current loss: 0.2559109330177307
INFO Gradient norm: 15.432112635834077
PROGRESS    Completed epoch 1194 / 2000;    current loss: 0.2548041343688965
INFO Gradient norm: 10.615032746074615
PROGRESS    Completed epoch 1195 / 2000;    current loss: 0.254525750875473
INFO Gradient norm: 7.672015155995182
PROGRESS    Completed epoch 1196 / 2000;    current loss: 0.25275731086730957
INFO Gradient norm: 18.718258165725057
PROGRESS    Completed epoch 1197 / 2000;    current loss: 0.2531673014163971
INFO Gradient norm: 6.916484347026848
PROGRESS    Completed epoch 1198 / 2000;    current loss: 0.2460748702287674
INFO Gradient norm: 15.728139811707067
PROGRESS    Completed epoch 1199 / 2000;    current loss: 0.2472621500492096
INFO Gradient norm: 6.277619950549952
PROGRESS    Completed epoch 1200 / 2000;    current loss: 0.24738964438438416
INFO Gradient norm: 16.01028094488857
PROGRESS    Completed epoch 1201 / 2000;    current loss: 0.25329524278640747
INFO Gradient norm: 6.58698724309452
PROGRESS    Completed epoch 1202 / 2000;    current loss: 0.25309208035469055
INFO Gradient norm: 6.576589062715218
PROGRESS    Completed epoch 1203 / 2000;    current loss: 0.2526305019855499
INFO Gradient norm: 16.28667028352045
PROGRESS    Completed epoch 1204 / 2000;    current loss: 0.25295472145080566
INFO Gradient norm: 5.593812529158544
PROGRESS    Completed epoch 1205 / 2000;    current loss: 0.24804915487766266
INFO Gradient norm: 6.2639341682037255
PROGRESS    Completed epoch 1206 / 2000;    current loss: 0.2467438131570816
INFO Gradient norm: 5.925656483698482
PROGRESS    Completed epoch 1207 / 2000;    current loss: 0.2437848001718521
INFO Gradient norm: 6.039580245515087
PROGRESS    Completed epoch 1208 / 2000;    current loss: 0.24561046063899994
INFO Gradient norm: 8.684278490091609
PROGRESS    Completed epoch 1209 / 2000;    current loss: 0.24715407192707062
INFO Gradient norm: 7.725378267838038
PROGRESS    Completed epoch 1210 / 2000;    current loss: 0.24493379890918732
INFO Gradient norm: 6.2184340473359745
PROGRESS    Completed epoch 1211 / 2000;    current loss: 0.2407549023628235
INFO Gradient norm: 7.740820859782358
PROGRESS    Completed epoch 1212 / 2000;    current loss: 0.23888707160949707
INFO Gradient norm: 12.047117949733522
PROGRESS    Completed epoch 1213 / 2000;    current loss: 0.24274058640003204
INFO Gradient norm: 5.855676119697337
PROGRESS    Completed epoch 1214 / 2000;    current loss: 0.24101322889328003
INFO Gradient norm: 17.177474469449532
PROGRESS    Completed epoch 1215 / 2000;    current loss: 0.24119846522808075
INFO Gradient norm: 14.060331402775047
PROGRESS    Completed epoch 1216 / 2000;    current loss: 0.2417019158601761
INFO Gradient norm: 13.450742927292154
PROGRESS    Completed epoch 1217 / 2000;    current loss: 0.24392692744731903
INFO Gradient norm: 9.303692915854471
PROGRESS    Completed epoch 1218 / 2000;    current loss: 0.24274949729442596
INFO Gradient norm: 16.9104782142857
PROGRESS    Completed epoch 1219 / 2000;    current loss: 0.24294430017471313
INFO Gradient norm: 8.301162238324936
PROGRESS    Completed epoch 1220 / 2000;    current loss: 0.2378106713294983
INFO Gradient norm: 11.942498827179639
PROGRESS    Completed epoch 1221 / 2000;    current loss: 0.23980498313903809
INFO Gradient norm: 7.930741323451206
PROGRESS    Completed epoch 1222 / 2000;    current loss: 0.24003905057907104
INFO Gradient norm: 6.541495182892354
PROGRESS    Completed epoch 1223 / 2000;    current loss: 0.24005942046642303
INFO Gradient norm: 5.368825737852034
PROGRESS    Completed epoch 1224 / 2000;    current loss: 0.2384832501411438
INFO Gradient norm: 6.022808083543183
PROGRESS    Completed epoch 1225 / 2000;    current loss: 0.2363317459821701
INFO Gradient norm: 7.665381200292717
PROGRESS    Completed epoch 1226 / 2000;    current loss: 0.23384232819080353
INFO Gradient norm: 10.77906129707661
PROGRESS    Completed epoch 1227 / 2000;    current loss: 0.23628631234169006
INFO Gradient norm: 6.737645976536909
PROGRESS    Completed epoch 1228 / 2000;    current loss: 0.23741301894187927
INFO Gradient norm: 7.840593202786213
PROGRESS    Completed epoch 1229 / 2000;    current loss: 0.23799599707126617
INFO Gradient norm: 12.700416740957817
PROGRESS    Completed epoch 1230 / 2000;    current loss: 0.23664699494838715
INFO Gradient norm: 6.32159075256342
PROGRESS    Completed epoch 1231 / 2000;    current loss: 0.23236621916294098
INFO Gradient norm: 11.427149879992069
PROGRESS    Completed epoch 1232 / 2000;    current loss: 0.23150068521499634
INFO Gradient norm: 5.970536520176971
PROGRESS    Completed epoch 1233 / 2000;    current loss: 0.23163849115371704
INFO Gradient norm: 14.318680501077642
PROGRESS    Completed epoch 1234 / 2000;    current loss: 0.23273171484470367
INFO Gradient norm: 6.76448131164795
PROGRESS    Completed epoch 1235 / 2000;    current loss: 0.23196642100811005
INFO Gradient norm: 17.824478440716685
PROGRESS    Completed epoch 1236 / 2000;    current loss: 0.23488198220729828
INFO Gradient norm: 6.461207342899908
PROGRESS    Completed epoch 1237 / 2000;    current loss: 0.2305813878774643
INFO Gradient norm: 14.41146228129829
PROGRESS    Completed epoch 1238 / 2000;    current loss: 0.2334456890821457
INFO Gradient norm: 11.983928516043743
PROGRESS    Completed epoch 1239 / 2000;    current loss: 0.234688401222229
INFO Gradient norm: 6.421130379981168
PROGRESS    Completed epoch 1240 / 2000;    current loss: 0.23483799397945404
INFO Gradient norm: 12.629767464008216
PROGRESS    Completed epoch 1241 / 2000;    current loss: 0.23573097586631775
INFO Gradient norm: 7.896854523750135
PROGRESS    Completed epoch 1242 / 2000;    current loss: 0.23579536378383636
INFO Gradient norm: 16.76409329282916
PROGRESS    Completed epoch 1243 / 2000;    current loss: 0.23637086153030396
INFO Gradient norm: 5.542426734566715
PROGRESS    Completed epoch 1244 / 2000;    current loss: 0.23097895085811615
INFO Gradient norm: 25.583727726536814
PROGRESS    Completed epoch 1245 / 2000;    current loss: 0.23640944063663483
INFO Gradient norm: 13.119031291713174
PROGRESS    Completed epoch 1246 / 2000;    current loss: 0.23002952337265015
INFO Gradient norm: 34.335404755542605
PROGRESS    Completed epoch 1247 / 2000;    current loss: 0.24427829682826996
INFO Gradient norm: 39.08451390337734
PROGRESS    Completed epoch 1248 / 2000;    current loss: 0.24963568150997162
INFO Gradient norm: 11.663026181920706
PROGRESS    Completed epoch 1249 / 2000;    current loss: 0.23154442012310028
INFO Gradient norm: 43.972945136589956
PROGRESS    Completed epoch 1250 / 2000;    current loss: 0.2528352439403534
INFO Gradient norm: 53.14522123817615
PROGRESS    Completed epoch 1251 / 2000;    current loss: 0.2626945376396179
INFO Gradient norm: 23.58136481229298
PROGRESS    Completed epoch 1252 / 2000;    current loss: 0.23612454533576965
INFO Gradient norm: 32.62640115665158
PROGRESS    Completed epoch 1253 / 2000;    current loss: 0.244980126619339
INFO Gradient norm: 42.549426111761754
PROGRESS    Completed epoch 1254 / 2000;    current loss: 0.25637102127075195
INFO Gradient norm: 16.104325567244206
PROGRESS    Completed epoch 1255 / 2000;    current loss: 0.23642827570438385
INFO Gradient norm: 44.53289617340645
PROGRESS    Completed epoch 1256 / 2000;    current loss: 0.25713789463043213
INFO Gradient norm: 57.37456012111296
PROGRESS    Completed epoch 1257 / 2000;    current loss: 0.27229076623916626
INFO Gradient norm: 28.185458310284012
PROGRESS    Completed epoch 1258 / 2000;    current loss: 0.24209219217300415
INFO Gradient norm: 31.770423809426152
PROGRESS    Completed epoch 1259 / 2000;    current loss: 0.24587930738925934
INFO Gradient norm: 45.137287099373786
PROGRESS    Completed epoch 1260 / 2000;    current loss: 0.25978851318359375
INFO Gradient norm: 21.958340652705477
PROGRESS    Completed epoch 1261 / 2000;    current loss: 0.2374422699213028
INFO Gradient norm: 19.382225672521603
PROGRESS    Completed epoch 1262 / 2000;    current loss: 0.23832722008228302
INFO Gradient norm: 14.276389470776028
PROGRESS    Completed epoch 1263 / 2000;    current loss: 0.24100960791110992
INFO Gradient norm: 21.797023646476873
PROGRESS    Completed epoch 1264 / 2000;    current loss: 0.24778570234775543
INFO Gradient norm: 18.73502465861301
PROGRESS    Completed epoch 1265 / 2000;    current loss: 0.2488420456647873
INFO Gradient norm: 17.979152690080216
PROGRESS    Completed epoch 1266 / 2000;    current loss: 0.25092798471450806
INFO Gradient norm: 16.36373681318223
PROGRESS    Completed epoch 1267 / 2000;    current loss: 0.25181058049201965
INFO Gradient norm: 16.796392862648922
PROGRESS    Completed epoch 1268 / 2000;    current loss: 0.2519802153110504
INFO Gradient norm: 13.665646521271663
PROGRESS    Completed epoch 1269 / 2000;    current loss: 0.25030717253685
INFO Gradient norm: 18.21199136515003
PROGRESS    Completed epoch 1270 / 2000;    current loss: 0.2506548762321472
INFO Gradient norm: 12.231022469507613
PROGRESS    Completed epoch 1271 / 2000;    current loss: 0.2463735044002533
INFO Gradient norm: 13.864408323455152
PROGRESS    Completed epoch 1272 / 2000;    current loss: 0.24364489316940308
INFO Gradient norm: 5.41835219918198
PROGRESS    Completed epoch 1273 / 2000;    current loss: 0.2386622130870819
INFO Gradient norm: 13.11730059579612
PROGRESS    Completed epoch 1274 / 2000;    current loss: 0.2356414794921875
INFO Gradient norm: 5.91195591775022
PROGRESS    Completed epoch 1275 / 2000;    current loss: 0.23173828423023224
INFO Gradient norm: 7.413139608607396
PROGRESS    Completed epoch 1276 / 2000;    current loss: 0.2300613671541214
INFO Gradient norm: 4.8948968971315345
PROGRESS    Completed epoch 1277 / 2000;    current loss: 0.22593259811401367
INFO Gradient norm: 11.261661581025093
PROGRESS    Completed epoch 1278 / 2000;    current loss: 0.22748064994812012
INFO Gradient norm: 10.451579051603673
PROGRESS    Completed epoch 1279 / 2000;    current loss: 0.22810691595077515
INFO Gradient norm: 4.971260905002406
PROGRESS    Completed epoch 1280 / 2000;    current loss: 0.22699719667434692
INFO Gradient norm: 7.5224199355511
PROGRESS    Completed epoch 1281 / 2000;    current loss: 0.2263980358839035
INFO Gradient norm: 14.053225134699634
PROGRESS    Completed epoch 1282 / 2000;    current loss: 0.2265222668647766
INFO Gradient norm: 4.861322556934801
PROGRESS    Completed epoch 1283 / 2000;    current loss: 0.22325892746448517
INFO Gradient norm: 6.528069278629514
PROGRESS    Completed epoch 1284 / 2000;    current loss: 0.22303956747055054
INFO Gradient norm: 18.352984520560096
PROGRESS    Completed epoch 1285 / 2000;    current loss: 0.22676776349544525
INFO Gradient norm: 9.72084095011727
PROGRESS    Completed epoch 1286 / 2000;    current loss: 0.22512707114219666
INFO Gradient norm: 22.924548634264365
PROGRESS    Completed epoch 1287 / 2000;    current loss: 0.23059049248695374
INFO Gradient norm: 17.890838378950626
PROGRESS    Completed epoch 1288 / 2000;    current loss: 0.22778403759002686
INFO Gradient norm: 15.319764409671818
PROGRESS    Completed epoch 1289 / 2000;    current loss: 0.2275589108467102
INFO Gradient norm: 10.210673451157241
PROGRESS    Completed epoch 1290 / 2000;    current loss: 0.22618916630744934
INFO Gradient norm: 20.214918243332743
PROGRESS    Completed epoch 1291 / 2000;    current loss: 0.2289055436849594
INFO Gradient norm: 23.797129559385347
PROGRESS    Completed epoch 1292 / 2000;    current loss: 0.23256045579910278
INFO Gradient norm: 6.3315858125681315
PROGRESS    Completed epoch 1293 / 2000;    current loss: 0.22700190544128418
INFO Gradient norm: 10.52660285036923
PROGRESS    Completed epoch 1294 / 2000;    current loss: 0.2270771563053131
INFO Gradient norm: 19.416486736980147
PROGRESS    Completed epoch 1295 / 2000;    current loss: 0.2301204800605774
INFO Gradient norm: 11.756489107367896
PROGRESS    Completed epoch 1296 / 2000;    current loss: 0.22676607966423035
INFO Gradient norm: 25.002705109657047
PROGRESS    Completed epoch 1297 / 2000;    current loss: 0.23250794410705566
INFO Gradient norm: 21.200020348771893
PROGRESS    Completed epoch 1298 / 2000;    current loss: 0.22915714979171753
INFO Gradient norm: 13.126783790858642
PROGRESS    Completed epoch 1299 / 2000;    current loss: 0.2249884307384491
INFO Gradient norm: 9.222622411937362
PROGRESS    Completed epoch 1300 / 2000;    current loss: 0.22367508709430695
INFO Gradient norm: 20.44782332053036
PROGRESS    Completed epoch 1301 / 2000;    current loss: 0.22755056619644165
INFO Gradient norm: 4.810325173460154
PROGRESS    Completed epoch 1302 / 2000;    current loss: 0.22333945333957672
INFO Gradient norm: 20.35412997407377
PROGRESS    Completed epoch 1303 / 2000;    current loss: 0.22917170822620392
INFO Gradient norm: 9.943561188682098
PROGRESS    Completed epoch 1304 / 2000;    current loss: 0.22656546533107758
INFO Gradient norm: 24.325150478641476
PROGRESS    Completed epoch 1305 / 2000;    current loss: 0.23403507471084595
INFO Gradient norm: 21.218475145230965
PROGRESS    Completed epoch 1306 / 2000;    current loss: 0.2321794331073761
INFO Gradient norm: 13.048944618497435
PROGRESS    Completed epoch 1307 / 2000;    current loss: 0.2278599888086319
INFO Gradient norm: 14.479492808244894
PROGRESS    Completed epoch 1308 / 2000;    current loss: 0.22800418734550476
INFO Gradient norm: 9.81117092141628
PROGRESS    Completed epoch 1309 / 2000;    current loss: 0.22690019011497498
INFO Gradient norm: 7.522945991326953
PROGRESS    Completed epoch 1310 / 2000;    current loss: 0.22731754183769226
INFO Gradient norm: 5.033747481372068
PROGRESS    Completed epoch 1311 / 2000;    current loss: 0.22598834335803986
INFO Gradient norm: 5.609875149656257
PROGRESS    Completed epoch 1312 / 2000;    current loss: 0.222899928689003
INFO Gradient norm: 7.44802214371991
PROGRESS    Completed epoch 1313 / 2000;    current loss: 0.22058773040771484
INFO Gradient norm: 11.175763057222534
PROGRESS    Completed epoch 1314 / 2000;    current loss: 0.22113077342510223
INFO Gradient norm: 7.991658054112139
PROGRESS    Completed epoch 1315 / 2000;    current loss: 0.22160464525222778
INFO Gradient norm: 4.090165851713527
PROGRESS    Completed epoch 1316 / 2000;    current loss: 0.22126808762550354
INFO Gradient norm: 18.20335930809584
PROGRESS    Completed epoch 1317 / 2000;    current loss: 0.22411587834358215
INFO Gradient norm: 8.80152187814379
PROGRESS    Completed epoch 1318 / 2000;    current loss: 0.2206859290599823
INFO Gradient norm: 16.78794317380633
PROGRESS    Completed epoch 1319 / 2000;    current loss: 0.22412613034248352
INFO Gradient norm: 5.303340482832234
PROGRESS    Completed epoch 1320 / 2000;    current loss: 0.221352681517601
INFO Gradient norm: 23.24635811144244
PROGRESS    Completed epoch 1321 / 2000;    current loss: 0.22635075449943542
INFO Gradient norm: 18.944975126126863
PROGRESS    Completed epoch 1322 / 2000;    current loss: 0.22346808016300201
INFO Gradient norm: 17.876038634690754
PROGRESS    Completed epoch 1323 / 2000;    current loss: 0.2228117287158966
INFO Gradient norm: 11.344124203600371
PROGRESS    Completed epoch 1324 / 2000;    current loss: 0.2207791805267334
INFO Gradient norm: 17.80416723359162
PROGRESS    Completed epoch 1325 / 2000;    current loss: 0.22419820725917816
INFO Gradient norm: 12.314659568986135
PROGRESS    Completed epoch 1326 / 2000;    current loss: 0.22317659854888916
INFO Gradient norm: 19.46133286552661
PROGRESS    Completed epoch 1327 / 2000;    current loss: 0.22717566788196564
INFO Gradient norm: 15.584266704954793
PROGRESS    Completed epoch 1328 / 2000;    current loss: 0.22496795654296875
INFO Gradient norm: 15.773143510851076
PROGRESS    Completed epoch 1329 / 2000;    current loss: 0.22421163320541382
INFO Gradient norm: 10.337855649768604
PROGRESS    Completed epoch 1330 / 2000;    current loss: 0.22309324145317078
INFO Gradient norm: 11.544756921659383
PROGRESS    Completed epoch 1331 / 2000;    current loss: 0.22503313422203064
INFO Gradient norm: 7.986160896083545
PROGRESS    Completed epoch 1332 / 2000;    current loss: 0.22553089261054993
INFO Gradient norm: 4.868061065824598
PROGRESS    Completed epoch 1333 / 2000;    current loss: 0.22463840246200562
INFO Gradient norm: 4.612147173623309
PROGRESS    Completed epoch 1334 / 2000;    current loss: 0.22241592407226562
INFO Gradient norm: 8.858387692556912
PROGRESS    Completed epoch 1335 / 2000;    current loss: 0.22021621465682983
INFO Gradient norm: 9.423385360436923
PROGRESS    Completed epoch 1336 / 2000;    current loss: 0.21909694373607635
INFO Gradient norm: 8.527842236270793
PROGRESS    Completed epoch 1337 / 2000;    current loss: 0.2195628434419632
INFO Gradient norm: 4.124291175706619
PROGRESS    Completed epoch 1338 / 2000;    current loss: 0.21924154460430145
INFO Gradient norm: 6.267171626949832
PROGRESS    Completed epoch 1339 / 2000;    current loss: 0.21924720704555511
INFO Gradient norm: 10.836293889916119
PROGRESS    Completed epoch 1340 / 2000;    current loss: 0.21970845758914948
INFO Gradient norm: 7.34653849859739
PROGRESS    Completed epoch 1341 / 2000;    current loss: 0.21868261694908142
INFO Gradient norm: 3.919908537233861
PROGRESS    Completed epoch 1342 / 2000;    current loss: 0.21714575588703156
INFO Gradient norm: 5.201313087405454
PROGRESS    Completed epoch 1343 / 2000;    current loss: 0.2152108997106552
INFO Gradient norm: 12.507126472400664
PROGRESS    Completed epoch 1344 / 2000;    current loss: 0.21702611446380615
INFO Gradient norm: 4.391638608746474
PROGRESS    Completed epoch 1345 / 2000;    current loss: 0.21602532267570496
INFO Gradient norm: 20.55412802938079
PROGRESS    Completed epoch 1346 / 2000;    current loss: 0.2204304337501526
INFO Gradient norm: 12.497798140187285
PROGRESS    Completed epoch 1347 / 2000;    current loss: 0.2162519097328186
INFO Gradient norm: 4.891915397375143
PROGRESS    Completed epoch 1348 / 2000;    current loss: 0.21743662655353546
INFO Gradient norm: 4.684254251011888
PROGRESS    Completed epoch 1349 / 2000;    current loss: 0.21807347238063812
INFO Gradient norm: 9.905264252586159
PROGRESS    Completed epoch 1350 / 2000;    current loss: 0.21742427349090576
INFO Gradient norm: 6.730930511959709
PROGRESS    Completed epoch 1351 / 2000;    current loss: 0.21546362340450287
INFO Gradient norm: 3.3496417433181795
PROGRESS    Completed epoch 1352 / 2000;    current loss: 0.21401813626289368
INFO Gradient norm: 14.959677227569413
PROGRESS    Completed epoch 1353 / 2000;    current loss: 0.2174575924873352
INFO Gradient norm: 4.312401251056697
PROGRESS    Completed epoch 1354 / 2000;    current loss: 0.21677376329898834
INFO Gradient norm: 20.613709497087967
PROGRESS    Completed epoch 1355 / 2000;    current loss: 0.22302846610546112
INFO Gradient norm: 9.777176548485814
PROGRESS    Completed epoch 1356 / 2000;    current loss: 0.2186402827501297
INFO Gradient norm: 26.749364804383426
PROGRESS    Completed epoch 1357 / 2000;    current loss: 0.22665177285671234
INFO Gradient norm: 27.21725587849341
PROGRESS    Completed epoch 1358 / 2000;    current loss: 0.22699277102947235
INFO Gradient norm: 4.516642860304846
PROGRESS    Completed epoch 1359 / 2000;    current loss: 0.21732378005981445
INFO Gradient norm: 11.38649875280539
PROGRESS    Completed epoch 1360 / 2000;    current loss: 0.21771012246608734
INFO Gradient norm: 22.47627122340654
PROGRESS    Completed epoch 1361 / 2000;    current loss: 0.22364073991775513
INFO Gradient norm: 16.687012350030514
PROGRESS    Completed epoch 1362 / 2000;    current loss: 0.22201798856258392
INFO Gradient norm: 15.103051733663047
PROGRESS    Completed epoch 1363 / 2000;    current loss: 0.22348524630069733
INFO Gradient norm: 9.907140887580566
PROGRESS    Completed epoch 1364 / 2000;    current loss: 0.22297970950603485
INFO Gradient norm: 21.461764418173136
PROGRESS    Completed epoch 1365 / 2000;    current loss: 0.22858873009681702
INFO Gradient norm: 14.836557909445627
PROGRESS    Completed epoch 1366 / 2000;    current loss: 0.22529195249080658
INFO Gradient norm: 22.781277937681892
PROGRESS    Completed epoch 1367 / 2000;    current loss: 0.22969678044319153
INFO Gradient norm: 21.190972015090345
PROGRESS    Completed epoch 1368 / 2000;    current loss: 0.22841186821460724
INFO Gradient norm: 14.226371447378572
PROGRESS    Completed epoch 1369 / 2000;    current loss: 0.22475136816501617
INFO Gradient norm: 13.074961795419863
PROGRESS    Completed epoch 1370 / 2000;    current loss: 0.2237730473279953
INFO Gradient norm: 19.511107343835146
PROGRESS    Completed epoch 1371 / 2000;    current loss: 0.22546887397766113
INFO Gradient norm: 14.439055933566376
PROGRESS    Completed epoch 1372 / 2000;    current loss: 0.22252167761325836
INFO Gradient norm: 21.492495701708968
PROGRESS    Completed epoch 1373 / 2000;    current loss: 0.2259487360715866
INFO Gradient norm: 19.200115051816937
PROGRESS    Completed epoch 1374 / 2000;    current loss: 0.22383521497249603
INFO Gradient norm: 10.768277516173036
PROGRESS    Completed epoch 1375 / 2000;    current loss: 0.22056657075881958
INFO Gradient norm: 5.29850140265718
PROGRESS    Completed epoch 1376 / 2000;    current loss: 0.22060126066207886
INFO Gradient norm: 3.808253762851867
PROGRESS    Completed epoch 1377 / 2000;    current loss: 0.22047437727451324
INFO Gradient norm: 3.9903279656591986
PROGRESS    Completed epoch 1378 / 2000;    current loss: 0.21851713955402374
INFO Gradient norm: 11.930871544244514
PROGRESS    Completed epoch 1379 / 2000;    current loss: 0.2180660367012024
INFO Gradient norm: 6.805674951788054
PROGRESS    Completed epoch 1380 / 2000;    current loss: 0.21536295115947723
INFO Gradient norm: 5.250259165855826
PROGRESS    Completed epoch 1381 / 2000;    current loss: 0.21407227218151093
INFO Gradient norm: 9.286412948534895
PROGRESS    Completed epoch 1382 / 2000;    current loss: 0.21497462689876556
INFO Gradient norm: 12.458821926102388
PROGRESS    Completed epoch 1383 / 2000;    current loss: 0.2159561961889267
INFO Gradient norm: 12.620641713580934
PROGRESS    Completed epoch 1384 / 2000;    current loss: 0.2179134339094162
INFO Gradient norm: 10.305307374057959
PROGRESS    Completed epoch 1385 / 2000;    current loss: 0.2195122241973877
INFO Gradient norm: 7.718913301587708
PROGRESS    Completed epoch 1386 / 2000;    current loss: 0.22005005180835724
INFO Gradient norm: 7.360823205229044
PROGRESS    Completed epoch 1387 / 2000;    current loss: 0.21800601482391357
INFO Gradient norm: 13.266105391472369
PROGRESS    Completed epoch 1388 / 2000;    current loss: 0.2167169153690338
INFO Gradient norm: 3.2338376249585816
PROGRESS    Completed epoch 1389 / 2000;    current loss: 0.2135629653930664
INFO Gradient norm: 23.133057924543344
PROGRESS    Completed epoch 1390 / 2000;    current loss: 0.22049492597579956
INFO Gradient norm: 11.999224097857136
PROGRESS    Completed epoch 1391 / 2000;    current loss: 0.21560002863407135
INFO Gradient norm: 13.692539434216664
PROGRESS    Completed epoch 1392 / 2000;    current loss: 0.2179485559463501
INFO Gradient norm: 5.5436324061797935
PROGRESS    Completed epoch 1393 / 2000;    current loss: 0.21786993741989136
INFO Gradient norm: 15.177228153648624
PROGRESS    Completed epoch 1394 / 2000;    current loss: 0.22096574306488037
INFO Gradient norm: 3.919311144486507
PROGRESS    Completed epoch 1395 / 2000;    current loss: 0.21812847256660461
INFO Gradient norm: 13.462378621137763
PROGRESS    Completed epoch 1396 / 2000;    current loss: 0.21941058337688446
INFO Gradient norm: 4.5217791377694825
PROGRESS    Completed epoch 1397 / 2000;    current loss: 0.21600714325904846
INFO Gradient norm: 4.248479547486569
PROGRESS    Completed epoch 1398 / 2000;    current loss: 0.21436640620231628
INFO Gradient norm: 10.826097432571853
PROGRESS    Completed epoch 1399 / 2000;    current loss: 0.2141120284795761
INFO Gradient norm: 7.636060972120697
PROGRESS    Completed epoch 1400 / 2000;    current loss: 0.21230947971343994
INFO Gradient norm: 2.5089752628949733
PROGRESS    Completed epoch 1401 / 2000;    current loss: 0.21148145198822021
INFO Gradient norm: 20.32200852109307
PROGRESS    Completed epoch 1402 / 2000;    current loss: 0.21623313426971436
INFO Gradient norm: 6.147780078321061
PROGRESS    Completed epoch 1403 / 2000;    current loss: 0.21243631839752197
INFO Gradient norm: 29.281287161079838
PROGRESS    Completed epoch 1404 / 2000;    current loss: 0.22355838119983673
INFO Gradient norm: 24.510545729112877
PROGRESS    Completed epoch 1405 / 2000;    current loss: 0.2212754338979721
INFO Gradient norm: 16.470825966569304
PROGRESS    Completed epoch 1406 / 2000;    current loss: 0.21849825978279114
INFO Gradient norm: 17.54897929224083
PROGRESS    Completed epoch 1407 / 2000;    current loss: 0.21963277459144592
INFO Gradient norm: 17.530580894227324
PROGRESS    Completed epoch 1408 / 2000;    current loss: 0.21952588856220245
INFO Gradient norm: 12.7120303043677
PROGRESS    Completed epoch 1409 / 2000;    current loss: 0.21786415576934814
INFO Gradient norm: 23.298611867233507
PROGRESS    Completed epoch 1410 / 2000;    current loss: 0.22188374400138855
INFO Gradient norm: 20.202538031214168
PROGRESS    Completed epoch 1411 / 2000;    current loss: 0.2199934720993042
INFO Gradient norm: 16.546329188420046
PROGRESS    Completed epoch 1412 / 2000;    current loss: 0.21785993874073029
INFO Gradient norm: 13.959027289829272
PROGRESS    Completed epoch 1413 / 2000;    current loss: 0.21666677296161652
INFO Gradient norm: 21.237976511366316
PROGRESS    Completed epoch 1414 / 2000;    current loss: 0.21977397799491882
INFO Gradient norm: 16.49810596181157
PROGRESS    Completed epoch 1415 / 2000;    current loss: 0.21724867820739746
INFO Gradient norm: 20.55526751834898
PROGRESS    Completed epoch 1416 / 2000;    current loss: 0.21875794231891632
INFO Gradient norm: 18.585297972130636
PROGRESS    Completed epoch 1417 / 2000;    current loss: 0.21767356991767883
INFO Gradient norm: 15.797290670390222
PROGRESS    Completed epoch 1418 / 2000;    current loss: 0.2164897322654724
INFO Gradient norm: 9.880689549568773
PROGRESS    Completed epoch 1419 / 2000;    current loss: 0.2146327644586563
INFO Gradient norm: 24.13115426610039
PROGRESS    Completed epoch 1420 / 2000;    current loss: 0.22093340754508972
INFO Gradient norm: 20.51224705008563
PROGRESS    Completed epoch 1421 / 2000;    current loss: 0.21883776783943176
INFO Gradient norm: 15.780459062446079
PROGRESS    Completed epoch 1422 / 2000;    current loss: 0.21665915846824646
INFO Gradient norm: 15.431007838511135
PROGRESS    Completed epoch 1423 / 2000;    current loss: 0.2163812667131424
INFO Gradient norm: 17.113451827736327
PROGRESS    Completed epoch 1424 / 2000;    current loss: 0.21713967621326447
INFO Gradient norm: 12.707453280398928
PROGRESS    Completed epoch 1425 / 2000;    current loss: 0.2149079144001007
INFO Gradient norm: 22.8784039666401
PROGRESS    Completed epoch 1426 / 2000;    current loss: 0.2194114625453949
INFO Gradient norm: 19.926299915068203
PROGRESS    Completed epoch 1427 / 2000;    current loss: 0.21762216091156006
INFO Gradient norm: 15.95501222183842
PROGRESS    Completed epoch 1428 / 2000;    current loss: 0.21536311507225037
INFO Gradient norm: 14.702296670970204
PROGRESS    Completed epoch 1429 / 2000;    current loss: 0.21459037065505981
INFO Gradient norm: 18.8334960817945
PROGRESS    Completed epoch 1430 / 2000;    current loss: 0.2163751870393753
INFO Gradient norm: 14.734987950136361
PROGRESS    Completed epoch 1431 / 2000;    current loss: 0.2144816517829895
INFO Gradient norm: 19.182171113781443
PROGRESS    Completed epoch 1432 / 2000;    current loss: 0.21618227660655975
INFO Gradient norm: 11.828221057973796
PROGRESS    Completed epoch 1433 / 2000;    current loss: 0.21394114196300507
INFO Gradient norm: 19.521376647925305
PROGRESS    Completed epoch 1434 / 2000;    current loss: 0.21835899353027344
INFO Gradient norm: 8.220528659892684
PROGRESS    Completed epoch 1435 / 2000;    current loss: 0.21601159870624542
INFO Gradient norm: 26.79110261107596
PROGRESS    Completed epoch 1436 / 2000;    current loss: 0.2257905751466751
INFO Gradient norm: 25.231785918967354
PROGRESS    Completed epoch 1437 / 2000;    current loss: 0.2257576882839203
INFO Gradient norm: 8.608549655515354
PROGRESS    Completed epoch 1438 / 2000;    current loss: 0.219674214720726
INFO Gradient norm: 15.746225830321873
PROGRESS    Completed epoch 1439 / 2000;    current loss: 0.2206708788871765
INFO Gradient norm: 8.64462866649899
PROGRESS    Completed epoch 1440 / 2000;    current loss: 0.21689461171627045
INFO Gradient norm: 6.286160807591359
PROGRESS    Completed epoch 1441 / 2000;    current loss: 0.2141353189945221
INFO Gradient norm: 19.961497043752736
PROGRESS    Completed epoch 1442 / 2000;    current loss: 0.2175641804933548
INFO Gradient norm: 13.24160669895162
PROGRESS    Completed epoch 1443 / 2000;    current loss: 0.21395684778690338
INFO Gradient norm: 21.01486672717736
PROGRESS    Completed epoch 1444 / 2000;    current loss: 0.21699067950248718
INFO Gradient norm: 20.506403805809676
PROGRESS    Completed epoch 1445 / 2000;    current loss: 0.21645916998386383
INFO Gradient norm: 2.324671229433493
PROGRESS    Completed epoch 1446 / 2000;    current loss: 0.21086643636226654
INFO Gradient norm: 17.33241746798367
PROGRESS    Completed epoch 1447 / 2000;    current loss: 0.21398702263832092
INFO Gradient norm: 2.627729211051071
PROGRESS    Completed epoch 1448 / 2000;    current loss: 0.21098771691322327
INFO Gradient norm: 8.601247561142818
PROGRESS    Completed epoch 1449 / 2000;    current loss: 0.21206943690776825
INFO Gradient norm: 12.629861160329488
PROGRESS    Completed epoch 1450 / 2000;    current loss: 0.21314555406570435
INFO Gradient norm: 3.3514686222296186
PROGRESS    Completed epoch 1451 / 2000;    current loss: 0.21106645464897156
INFO Gradient norm: 7.158218658852127
PROGRESS    Completed epoch 1452 / 2000;    current loss: 0.21073491871356964
INFO Gradient norm: 18.833977212765017
PROGRESS    Completed epoch 1453 / 2000;    current loss: 0.21441398561000824
INFO Gradient norm: 6.8691702696480155
PROGRESS    Completed epoch 1454 / 2000;    current loss: 0.21044552326202393
INFO Gradient norm: 24.62887462974282
PROGRESS    Completed epoch 1455 / 2000;    current loss: 0.21780091524124146
INFO Gradient norm: 15.051739701947092
PROGRESS    Completed epoch 1456 / 2000;    current loss: 0.21377429366111755
INFO Gradient norm: 23.09526432974653
PROGRESS    Completed epoch 1457 / 2000;    current loss: 0.21865035593509674
INFO Gradient norm: 11.445734039602629
PROGRESS    Completed epoch 1458 / 2000;    current loss: 0.21534964442253113
INFO Gradient norm: 25.795027978911776
PROGRESS    Completed epoch 1459 / 2000;    current loss: 0.22432544827461243
INFO Gradient norm: 27.395826297353594
PROGRESS    Completed epoch 1460 / 2000;    current loss: 0.22750404477119446
INFO Gradient norm: 4.952559917720958
PROGRESS    Completed epoch 1461 / 2000;    current loss: 0.21961770951747894
INFO Gradient norm: 16.699763845997072
PROGRESS    Completed epoch 1462 / 2000;    current loss: 0.22258079051971436
INFO Gradient norm: 4.066528011990371
PROGRESS    Completed epoch 1463 / 2000;    current loss: 0.21787531673908234
INFO Gradient norm: 20.611520837092616
PROGRESS    Completed epoch 1464 / 2000;    current loss: 0.22082532942295074
INFO Gradient norm: 12.183623960029323
PROGRESS    Completed epoch 1465 / 2000;    current loss: 0.2160218060016632
INFO Gradient norm: 17.674995210827817
PROGRESS    Completed epoch 1466 / 2000;    current loss: 0.21791070699691772
INFO Gradient norm: 14.966676656047781
PROGRESS    Completed epoch 1467 / 2000;    current loss: 0.21646495163440704
INFO Gradient norm: 16.016070566634507
PROGRESS    Completed epoch 1468 / 2000;    current loss: 0.21686199307441711
INFO Gradient norm: 23.736239265038524
PROGRESS    Completed epoch 1469 / 2000;    current loss: 0.22139297425746918
INFO Gradient norm: 4.0756579306923
PROGRESS    Completed epoch 1470 / 2000;    current loss: 0.21409305930137634
INFO Gradient norm: 24.12172885522063
PROGRESS    Completed epoch 1471 / 2000;    current loss: 0.220668226480484
INFO Gradient norm: 9.872451776214751
PROGRESS    Completed epoch 1472 / 2000;    current loss: 0.21482530236244202
INFO Gradient norm: 29.887247418201277
PROGRESS    Completed epoch 1473 / 2000;    current loss: 0.2253999263048172
INFO Gradient norm: 32.83723398015251
PROGRESS    Completed epoch 1474 / 2000;    current loss: 0.2283726930618286
INFO Gradient norm: 6.079972028503851
PROGRESS    Completed epoch 1475 / 2000;    current loss: 0.2156655192375183
INFO Gradient norm: 38.51500112160876
PROGRESS    Completed epoch 1476 / 2000;    current loss: 0.2325267791748047
INFO Gradient norm: 42.14082973659354
PROGRESS    Completed epoch 1477 / 2000;    current loss: 0.23477500677108765
INFO Gradient norm: 18.337729707276786
PROGRESS    Completed epoch 1478 / 2000;    current loss: 0.21812178194522858
INFO Gradient norm: 30.078939968056353
PROGRESS    Completed epoch 1479 / 2000;    current loss: 0.22642964124679565
INFO Gradient norm: 38.70388584659506
PROGRESS    Completed epoch 1480 / 2000;    current loss: 0.23504294455051422
INFO Gradient norm: 15.692270697828821
PROGRESS    Completed epoch 1481 / 2000;    current loss: 0.2190883904695511
INFO Gradient norm: 37.008581836194224
PROGRESS    Completed epoch 1482 / 2000;    current loss: 0.23263150453567505
INFO Gradient norm: 49.40368648471086
PROGRESS    Completed epoch 1483 / 2000;    current loss: 0.24529218673706055
INFO Gradient norm: 24.616389475586487
PROGRESS    Completed epoch 1484 / 2000;    current loss: 0.22297613322734833
INFO Gradient norm: 26.958576840476674
PROGRESS    Completed epoch 1485 / 2000;    current loss: 0.22459442913532257
INFO Gradient norm: 37.97138287980075
PROGRESS    Completed epoch 1486 / 2000;    current loss: 0.23411259055137634
INFO Gradient norm: 13.81210954855797
PROGRESS    Completed epoch 1487 / 2000;    current loss: 0.2177657186985016
INFO Gradient norm: 39.28286464691004
PROGRESS    Completed epoch 1488 / 2000;    current loss: 0.2349402755498886
INFO Gradient norm: 51.241420126504195
PROGRESS    Completed epoch 1489 / 2000;    current loss: 0.24792109429836273
INFO Gradient norm: 25.457736035938947
PROGRESS    Completed epoch 1490 / 2000;    current loss: 0.22396308183670044
INFO Gradient norm: 27.177293970288826
PROGRESS    Completed epoch 1491 / 2000;    current loss: 0.22509624063968658
INFO Gradient norm: 39.907595844122014
PROGRESS    Completed epoch 1492 / 2000;    current loss: 0.23677144944667816
INFO Gradient norm: 20.352996905109915
PROGRESS    Completed epoch 1493 / 2000;    current loss: 0.22042956948280334
INFO Gradient norm: 29.045399320038953
PROGRESS    Completed epoch 1494 / 2000;    current loss: 0.22588710486888885
INFO Gradient norm: 40.25223356779984
PROGRESS    Completed epoch 1495 / 2000;    current loss: 0.23542310297489166
INFO Gradient norm: 16.117486285145322
PROGRESS    Completed epoch 1496 / 2000;    current loss: 0.21824613213539124
INFO Gradient norm: 31.997801187245205
PROGRESS    Completed epoch 1497 / 2000;    current loss: 0.22880041599273682
INFO Gradient norm: 42.01264267252433
PROGRESS    Completed epoch 1498 / 2000;    current loss: 0.23931460082530975
INFO Gradient norm: 20.603896338400922
PROGRESS    Completed epoch 1499 / 2000;    current loss: 0.22039641439914703
INFO Gradient norm: 29.93265792789272
PROGRESS    Completed epoch 1500 / 2000;    current loss: 0.2259553074836731
INFO Gradient norm: 42.74720549402956
PROGRESS    Completed epoch 1501 / 2000;    current loss: 0.23726220428943634
INFO Gradient norm: 19.805161211468228
PROGRESS    Completed epoch 1502 / 2000;    current loss: 0.21909451484680176
INFO Gradient norm: 28.60103562466934
PROGRESS    Completed epoch 1503 / 2000;    current loss: 0.224956676363945
INFO Gradient norm: 39.16288837350049
PROGRESS    Completed epoch 1504 / 2000;    current loss: 0.23481027781963348
INFO Gradient norm: 18.385343424973186
PROGRESS    Completed epoch 1505 / 2000;    current loss: 0.21774330735206604
INFO Gradient norm: 31.09664782144807
PROGRESS    Completed epoch 1506 / 2000;    current loss: 0.22529251873493195
INFO Gradient norm: 41.82609761337609
PROGRESS    Completed epoch 1507 / 2000;    current loss: 0.23468704521656036
INFO Gradient norm: 16.462644629903423
PROGRESS    Completed epoch 1508 / 2000;    current loss: 0.21629071235656738
INFO Gradient norm: 33.42557066474617
PROGRESS    Completed epoch 1509 / 2000;    current loss: 0.22799375653266907
INFO Gradient norm: 44.53699093087699
PROGRESS    Completed epoch 1510 / 2000;    current loss: 0.24011702835559845
INFO Gradient norm: 23.62288779940912
PROGRESS    Completed epoch 1511 / 2000;    current loss: 0.22015497088432312
INFO Gradient norm: 27.06891667341851
PROGRESS    Completed epoch 1512 / 2000;    current loss: 0.2220819741487503
INFO Gradient norm: 21.6871745065099
PROGRESS    Completed epoch 1513 / 2000;    current loss: 0.22065620124340057
INFO Gradient norm: 12.49291712587574
PROGRESS    Completed epoch 1514 / 2000;    current loss: 0.21808384358882904
INFO Gradient norm: 15.994025253250742
PROGRESS    Completed epoch 1515 / 2000;    current loss: 0.22104524075984955
INFO Gradient norm: 9.260943057922226
PROGRESS    Completed epoch 1516 / 2000;    current loss: 0.220695361495018
INFO Gradient norm: 8.836750046053016
PROGRESS    Completed epoch 1517 / 2000;    current loss: 0.2206418812274933
INFO Gradient norm: 13.079401607029146
PROGRESS    Completed epoch 1518 / 2000;    current loss: 0.22007903456687927
INFO Gradient norm: 6.402152553970231
PROGRESS    Completed epoch 1519 / 2000;    current loss: 0.21700052917003632
INFO Gradient norm: 15.065238386365431
PROGRESS    Completed epoch 1520 / 2000;    current loss: 0.21789100766181946
INFO Gradient norm: 4.198217510849185
PROGRESS    Completed epoch 1521 / 2000;    current loss: 0.213675856590271
INFO Gradient norm: 14.2813248791646
PROGRESS    Completed epoch 1522 / 2000;    current loss: 0.21549557149410248
INFO Gradient norm: 2.6383825800554535
PROGRESS    Completed epoch 1523 / 2000;    current loss: 0.21286699175834656
INFO Gradient norm: 13.832932675893023
PROGRESS    Completed epoch 1524 / 2000;    current loss: 0.21444754302501678
INFO Gradient norm: 6.598593839247821
PROGRESS    Completed epoch 1525 / 2000;    current loss: 0.2119559496641159
INFO Gradient norm: 7.500358803583436
PROGRESS    Completed epoch 1526 / 2000;    current loss: 0.21179309487342834
INFO Gradient norm: 18.743121972631112
PROGRESS    Completed epoch 1527 / 2000;    current loss: 0.215617835521698
INFO Gradient norm: 13.22029634190649
PROGRESS    Completed epoch 1528 / 2000;    current loss: 0.21341635286808014
INFO Gradient norm: 16.05246894516028
PROGRESS    Completed epoch 1529 / 2000;    current loss: 0.21499347686767578
INFO Gradient norm: 11.786451173513315
PROGRESS    Completed epoch 1530 / 2000;    current loss: 0.21441112458705902
INFO Gradient norm: 19.925203553293056
PROGRESS    Completed epoch 1531 / 2000;    current loss: 0.21878035366535187
INFO Gradient norm: 16.923823810731207
PROGRESS    Completed epoch 1532 / 2000;    current loss: 0.21777696907520294
INFO Gradient norm: 16.02935072637551
PROGRESS    Completed epoch 1533 / 2000;    current loss: 0.21714678406715393
INFO Gradient norm: 15.310916011577202
PROGRESS    Completed epoch 1534 / 2000;    current loss: 0.21676483750343323
INFO Gradient norm: 14.559066039883557
PROGRESS    Completed epoch 1535 / 2000;    current loss: 0.21660445630550385
INFO Gradient norm: 11.894960947963648
PROGRESS    Completed epoch 1536 / 2000;    current loss: 0.2154754400253296
INFO Gradient norm: 18.70835713781542
PROGRESS    Completed epoch 1537 / 2000;    current loss: 0.2175738513469696
INFO Gradient norm: 15.760974579456214
PROGRESS    Completed epoch 1538 / 2000;    current loss: 0.21596327424049377
INFO Gradient norm: 15.810002136464025
PROGRESS    Completed epoch 1539 / 2000;    current loss: 0.21589045226573944
INFO Gradient norm: 14.131906477254931
PROGRESS    Completed epoch 1540 / 2000;    current loss: 0.21488775312900543
INFO Gradient norm: 15.610359918695256
PROGRESS    Completed epoch 1541 / 2000;    current loss: 0.21508115530014038
INFO Gradient norm: 12.993003942561732
PROGRESS    Completed epoch 1542 / 2000;    current loss: 0.21388311684131622
INFO Gradient norm: 11.021297315532523
PROGRESS    Completed epoch 1543 / 2000;    current loss: 0.21366839110851288
INFO Gradient norm: 2.531236167289442
PROGRESS    Completed epoch 1544 / 2000;    current loss: 0.21277983486652374
INFO Gradient norm: 12.621618245356986
PROGRESS    Completed epoch 1545 / 2000;    current loss: 0.2144976705312729
INFO Gradient norm: 2.659485742081224
PROGRESS    Completed epoch 1546 / 2000;    current loss: 0.2122357040643692
INFO Gradient norm: 5.80159075368906
PROGRESS    Completed epoch 1547 / 2000;    current loss: 0.21130114793777466
INFO Gradient norm: 11.682420818825547
PROGRESS    Completed epoch 1548 / 2000;    current loss: 0.21133087575435638
INFO Gradient norm: 9.525798264346742
PROGRESS    Completed epoch 1549 / 2000;    current loss: 0.21038629114627838
INFO Gradient norm: 6.315408638752492
PROGRESS    Completed epoch 1550 / 2000;    current loss: 0.21005895733833313
INFO Gradient norm: 11.36469631235494
PROGRESS    Completed epoch 1551 / 2000;    current loss: 0.21183601021766663
INFO Gradient norm: 3.1065736857953175
PROGRESS    Completed epoch 1552 / 2000;    current loss: 0.21121598780155182
INFO Gradient norm: 3.6438708185534447
PROGRESS    Completed epoch 1553 / 2000;    current loss: 0.21088208258152008
INFO Gradient norm: 7.771450661801358
PROGRESS    Completed epoch 1554 / 2000;    current loss: 0.2101660817861557
INFO Gradient norm: 12.235505100010851
PROGRESS    Completed epoch 1555 / 2000;    current loss: 0.21081089973449707
INFO Gradient norm: 1.948236384615941
PROGRESS    Completed epoch 1556 / 2000;    current loss: 0.2082221359014511
INFO Gradient norm: 13.153533029636016
PROGRESS    Completed epoch 1557 / 2000;    current loss: 0.20995379984378815
INFO Gradient norm: 2.5032678553588976
PROGRESS    Completed epoch 1558 / 2000;    current loss: 0.20808462798595428
INFO Gradient norm: 9.490761402888065
PROGRESS    Completed epoch 1559 / 2000;    current loss: 0.20985047519207
INFO Gradient norm: 8.025883292609256
PROGRESS    Completed epoch 1560 / 2000;    current loss: 0.21009783446788788
INFO Gradient norm: 2.7819269530199624
PROGRESS    Completed epoch 1561 / 2000;    current loss: 0.2096993327140808
INFO Gradient norm: 14.55586659573691
PROGRESS    Completed epoch 1562 / 2000;    current loss: 0.21260735392570496
INFO Gradient norm: 3.261744909632385
PROGRESS    Completed epoch 1563 / 2000;    current loss: 0.20998817682266235
INFO Gradient norm: 20.63635863728541
PROGRESS    Completed epoch 1564 / 2000;    current loss: 0.2150753140449524
INFO Gradient norm: 14.033716197225152
PROGRESS    Completed epoch 1565 / 2000;    current loss: 0.21172963082790375
INFO Gradient norm: 17.852748958192848
PROGRESS    Completed epoch 1566 / 2000;    current loss: 0.2130541354417801
INFO Gradient norm: 19.07252241171953
PROGRESS    Completed epoch 1567 / 2000;    current loss: 0.21342168748378754
INFO Gradient norm: 7.043120128172496
PROGRESS    Completed epoch 1568 / 2000;    current loss: 0.20929867029190063
INFO Gradient norm: 6.642182241493417
PROGRESS    Completed epoch 1569 / 2000;    current loss: 0.20905880630016327
INFO Gradient norm: 5.1923243093456275
PROGRESS    Completed epoch 1570 / 2000;    current loss: 0.20886656641960144
INFO Gradient norm: 11.283054967348365
PROGRESS    Completed epoch 1571 / 2000;    current loss: 0.2105131298303604
INFO Gradient norm: 2.099957698000291
PROGRESS    Completed epoch 1572 / 2000;    current loss: 0.209324911236763
INFO Gradient norm: 7.6959960475204605
PROGRESS    Completed epoch 1573 / 2000;    current loss: 0.2098114788532257
INFO Gradient norm: 10.357960281452614
PROGRESS    Completed epoch 1574 / 2000;    current loss: 0.2099471092224121
INFO Gradient norm: 2.2907690415065782
PROGRESS    Completed epoch 1575 / 2000;    current loss: 0.2083379179239273
INFO Gradient norm: 11.31489131545804
PROGRESS    Completed epoch 1576 / 2000;    current loss: 0.20894645154476166
INFO Gradient norm: 6.096248221402604
PROGRESS    Completed epoch 1577 / 2000;    current loss: 0.20814326405525208
INFO Gradient norm: 19.260439049767296
PROGRESS    Completed epoch 1578 / 2000;    current loss: 0.21301601827144623
INFO Gradient norm: 15.230030007937732
PROGRESS    Completed epoch 1579 / 2000;    current loss: 0.21195998787879944
INFO Gradient norm: 17.607095476810304
PROGRESS    Completed epoch 1580 / 2000;    current loss: 0.2138805091381073
INFO Gradient norm: 16.551521141570067
PROGRESS    Completed epoch 1581 / 2000;    current loss: 0.2139802724123001
INFO Gradient norm: 14.10639399628946
PROGRESS    Completed epoch 1582 / 2000;    current loss: 0.21314437687397003
INFO Gradient norm: 12.277298754027901
PROGRESS    Completed epoch 1583 / 2000;    current loss: 0.21269069612026215
INFO Gradient norm: 17.104574963638203
PROGRESS    Completed epoch 1584 / 2000;    current loss: 0.21463800966739655
INFO Gradient norm: 12.968623592320661
PROGRESS    Completed epoch 1585 / 2000;    current loss: 0.2128780335187912
INFO Gradient norm: 18.36644168951362
PROGRESS    Completed epoch 1586 / 2000;    current loss: 0.2148440033197403
INFO Gradient norm: 16.335067520035732
PROGRESS    Completed epoch 1587 / 2000;    current loss: 0.2138446718454361
INFO Gradient norm: 5.119532857278368
PROGRESS    Completed epoch 1588 / 2000;    current loss: 0.21133026480674744
INFO Gradient norm: 4.040546062953832
PROGRESS    Completed epoch 1589 / 2000;    current loss: 0.21188244223594666
INFO Gradient norm: 4.768158860597527
PROGRESS    Completed epoch 1590 / 2000;    current loss: 0.21186748147010803
INFO Gradient norm: 7.350435827909324
PROGRESS    Completed epoch 1591 / 2000;    current loss: 0.21152308583259583
INFO Gradient norm: 2.9856815906414957
PROGRESS    Completed epoch 1592 / 2000;    current loss: 0.2107623964548111
INFO Gradient norm: 12.429605028649616
PROGRESS    Completed epoch 1593 / 2000;    current loss: 0.21199442446231842
INFO Gradient norm: 2.2373081443016694
PROGRESS    Completed epoch 1594 / 2000;    current loss: 0.2092968374490738
INFO Gradient norm: 2.1549109406660643
PROGRESS    Completed epoch 1595 / 2000;    current loss: 0.2085462510585785
INFO Gradient norm: 10.346071251827968
PROGRESS    Completed epoch 1596 / 2000;    current loss: 0.2094181627035141
INFO Gradient norm: 4.854431818314206
PROGRESS    Completed epoch 1597 / 2000;    current loss: 0.20916815102100372
INFO Gradient norm: 19.446393753511238
PROGRESS    Completed epoch 1598 / 2000;    current loss: 0.2149910032749176
INFO Gradient norm: 14.397045891590173
PROGRESS    Completed epoch 1599 / 2000;    current loss: 0.2142116278409958
INFO Gradient norm: 6.742992325775477
PROGRESS    Completed epoch 1600 / 2000;    current loss: 0.2149888277053833
INFO Gradient norm: 11.257740583496181
PROGRESS    Completed epoch 1601 / 2000;    current loss: 0.21663209795951843
INFO Gradient norm: 11.820038857899066
PROGRESS    Completed epoch 1602 / 2000;    current loss: 0.2166510820388794
INFO Gradient norm: 7.445880017942581
PROGRESS    Completed epoch 1603 / 2000;    current loss: 0.21465693414211273
INFO Gradient norm: 15.244969662362667
PROGRESS    Completed epoch 1604 / 2000;    current loss: 0.21469266712665558
INFO Gradient norm: 5.893166274910682
PROGRESS    Completed epoch 1605 / 2000;    current loss: 0.21046103537082672
INFO Gradient norm: 19.114830035488477
PROGRESS    Completed epoch 1606 / 2000;    current loss: 0.2139454334974289
INFO Gradient norm: 6.797878620669724
PROGRESS    Completed epoch 1607 / 2000;    current loss: 0.21046194434165955
INFO Gradient norm: 25.83085077330522
PROGRESS    Completed epoch 1608 / 2000;    current loss: 0.21856656670570374
INFO Gradient norm: 24.849894178612622
PROGRESS    Completed epoch 1609 / 2000;    current loss: 0.21802648901939392
INFO Gradient norm: 4.928028736218567
PROGRESS    Completed epoch 1610 / 2000;    current loss: 0.21044029295444489
INFO Gradient norm: 11.432750933221632
PROGRESS    Completed epoch 1611 / 2000;    current loss: 0.2118358314037323
INFO Gradient norm: 7.794830562869851
PROGRESS    Completed epoch 1612 / 2000;    current loss: 0.2111082524061203
INFO Gradient norm: 3.451794360438072
PROGRESS    Completed epoch 1613 / 2000;    current loss: 0.21067747473716736
INFO Gradient norm: 13.595131165557747
PROGRESS    Completed epoch 1614 / 2000;    current loss: 0.21292297542095184
INFO Gradient norm: 2.329471585378408
PROGRESS    Completed epoch 1615 / 2000;    current loss: 0.21048162877559662
INFO Gradient norm: 17.834403647022146
PROGRESS    Completed epoch 1616 / 2000;    current loss: 0.21370887756347656
INFO Gradient norm: 3.133121327314049
PROGRESS    Completed epoch 1617 / 2000;    current loss: 0.20961502194404602
INFO Gradient norm: 27.026462540262038
PROGRESS    Completed epoch 1618 / 2000;    current loss: 0.2184758186340332
INFO Gradient norm: 23.443805759971685
PROGRESS    Completed epoch 1619 / 2000;    current loss: 0.21578332781791687
INFO Gradient norm: 9.287186475213781
PROGRESS    Completed epoch 1620 / 2000;    current loss: 0.20988383889198303
INFO Gradient norm: 5.426574286933781
PROGRESS    Completed epoch 1621 / 2000;    current loss: 0.21007564663887024
INFO Gradient norm: 3.565023391675878
PROGRESS    Completed epoch 1622 / 2000;    current loss: 0.2103251814842224
INFO Gradient norm: 3.2209815237654085
PROGRESS    Completed epoch 1623 / 2000;    current loss: 0.20913101732730865
INFO Gradient norm: 5.286924031451395
PROGRESS    Completed epoch 1624 / 2000;    current loss: 0.2077454924583435
INFO Gradient norm: 6.102299030988922
PROGRESS    Completed epoch 1625 / 2000;    current loss: 0.207647442817688
INFO Gradient norm: 4.10816259411138
PROGRESS    Completed epoch 1626 / 2000;    current loss: 0.2082127332687378
INFO Gradient norm: 15.010076159807285
PROGRESS    Completed epoch 1627 / 2000;    current loss: 0.21157453954219818
INFO Gradient norm: 7.183088746181108
PROGRESS    Completed epoch 1628 / 2000;    current loss: 0.2097618728876114
INFO Gradient norm: 21.96740289828971
PROGRESS    Completed epoch 1629 / 2000;    current loss: 0.21566908061504364
INFO Gradient norm: 21.141134536696594
PROGRESS    Completed epoch 1630 / 2000;    current loss: 0.2153388410806656
INFO Gradient norm: 5.805533671628566
PROGRESS    Completed epoch 1631 / 2000;    current loss: 0.2099749743938446
INFO Gradient norm: 8.607416317893456
PROGRESS    Completed epoch 1632 / 2000;    current loss: 0.21048566699028015
INFO Gradient norm: 11.037570778971864
PROGRESS    Completed epoch 1633 / 2000;    current loss: 0.21098172664642334
INFO Gradient norm: 6.869578294163894
PROGRESS    Completed epoch 1634 / 2000;    current loss: 0.21019123494625092
INFO Gradient norm: 1.7460907129679364
PROGRESS    Completed epoch 1635 / 2000;    current loss: 0.20982764661312103
INFO Gradient norm: 5.804897959402599
PROGRESS    Completed epoch 1636 / 2000;    current loss: 0.20996107161045074
INFO Gradient norm: 11.161864071109093
PROGRESS    Completed epoch 1637 / 2000;    current loss: 0.21060757339000702
INFO Gradient norm: 1.9476594525419146
PROGRESS    Completed epoch 1638 / 2000;    current loss: 0.20879673957824707
INFO Gradient norm: 11.830016869522924
PROGRESS    Completed epoch 1639 / 2000;    current loss: 0.20960386097431183
INFO Gradient norm: 1.2989309523902572
PROGRESS    Completed epoch 1640 / 2000;    current loss: 0.2074493020772934
INFO Gradient norm: 8.446645158227595
PROGRESS    Completed epoch 1641 / 2000;    current loss: 0.2082730382680893
INFO Gradient norm: 9.365777912558968
PROGRESS    Completed epoch 1642 / 2000;    current loss: 0.20837382972240448
INFO Gradient norm: 1.7277802580160853
PROGRESS    Completed epoch 1643 / 2000;    current loss: 0.2072649747133255
INFO Gradient norm: 3.967824900898086
PROGRESS    Completed epoch 1644 / 2000;    current loss: 0.20721383392810822
INFO Gradient norm: 10.71729987518374
PROGRESS    Completed epoch 1645 / 2000;    current loss: 0.20814567804336548
INFO Gradient norm: 1.2111080739482745
PROGRESS    Completed epoch 1646 / 2000;    current loss: 0.20679426193237305
INFO Gradient norm: 7.575022578754152
PROGRESS    Completed epoch 1647 / 2000;    current loss: 0.207464799284935
INFO Gradient norm: 7.843195399149182
PROGRESS    Completed epoch 1648 / 2000;    current loss: 0.20747694373130798
INFO Gradient norm: 2.383141663996778
PROGRESS    Completed epoch 1649 / 2000;    current loss: 0.20703838765621185
INFO Gradient norm: 12.242223331374245
PROGRESS    Completed epoch 1650 / 2000;    current loss: 0.20891818404197693
INFO Gradient norm: 3.2049319985342684
PROGRESS    Completed epoch 1651 / 2000;    current loss: 0.207413911819458
INFO Gradient norm: 19.24305104272219
PROGRESS    Completed epoch 1652 / 2000;    current loss: 0.21187636256217957
INFO Gradient norm: 12.523751498071602
PROGRESS    Completed epoch 1653 / 2000;    current loss: 0.2089756280183792
INFO Gradient norm: 17.203812794835148
PROGRESS    Completed epoch 1654 / 2000;    current loss: 0.21071214973926544
INFO Gradient norm: 18.28474756066077
PROGRESS    Completed epoch 1655 / 2000;    current loss: 0.21124772727489471
INFO Gradient norm: 1.6834010737044058
PROGRESS    Completed epoch 1656 / 2000;    current loss: 0.20695644617080688
INFO Gradient norm: 19.29016070695746
PROGRESS    Completed epoch 1657 / 2000;    current loss: 0.21137785911560059
INFO Gradient norm: 8.671688859248379
PROGRESS    Completed epoch 1658 / 2000;    current loss: 0.2076321542263031
INFO Gradient norm: 22.930766210449605
PROGRESS    Completed epoch 1659 / 2000;    current loss: 0.21333038806915283
INFO Gradient norm: 14.616915217551764
PROGRESS    Completed epoch 1660 / 2000;    current loss: 0.21084459125995636
INFO Gradient norm: 19.94291863771938
PROGRESS    Completed epoch 1661 / 2000;    current loss: 0.2151506394147873
INFO Gradient norm: 22.528999518385476
PROGRESS    Completed epoch 1662 / 2000;    current loss: 0.21807602047920227
INFO Gradient norm: 6.026829335320428
PROGRESS    Completed epoch 1663 / 2000;    current loss: 0.21326133608818054
INFO Gradient norm: 17.604677969688865
PROGRESS    Completed epoch 1664 / 2000;    current loss: 0.21576260030269623
INFO Gradient norm: 4.748534066999378
PROGRESS    Completed epoch 1665 / 2000;    current loss: 0.21154622733592987
INFO Gradient norm: 20.32935464848655
PROGRESS    Completed epoch 1666 / 2000;    current loss: 0.21499837934970856
INFO Gradient norm: 13.459500215866441
PROGRESS    Completed epoch 1667 / 2000;    current loss: 0.211201012134552
INFO Gradient norm: 17.68906509974277
PROGRESS    Completed epoch 1668 / 2000;    current loss: 0.21266868710517883
INFO Gradient norm: 18.583241871653847
PROGRESS    Completed epoch 1669 / 2000;    current loss: 0.213250994682312
INFO Gradient norm: 5.093019846604226
PROGRESS    Completed epoch 1670 / 2000;    current loss: 0.20937448740005493
INFO Gradient norm: 6.340648932616559
PROGRESS    Completed epoch 1671 / 2000;    current loss: 0.20964393019676208
INFO Gradient norm: 11.260996549274594
PROGRESS    Completed epoch 1672 / 2000;    current loss: 0.21066397428512573
INFO Gradient norm: 3.216682476371037
PROGRESS    Completed epoch 1673 / 2000;    current loss: 0.20881696045398712
INFO Gradient norm: 12.500622070019167
PROGRESS    Completed epoch 1674 / 2000;    current loss: 0.20949819684028625
INFO Gradient norm: 2.007948081268486
PROGRESS    Completed epoch 1675 / 2000;    current loss: 0.20701870322227478
INFO Gradient norm: 3.5721681362384876
PROGRESS    Completed epoch 1676 / 2000;    current loss: 0.20674969255924225
INFO Gradient norm: 14.9513666532698
PROGRESS    Completed epoch 1677 / 2000;    current loss: 0.20944730937480927
INFO Gradient norm: 5.525464080506491
PROGRESS    Completed epoch 1678 / 2000;    current loss: 0.20774628221988678
INFO Gradient norm: 21.94521780401992
PROGRESS    Completed epoch 1679 / 2000;    current loss: 0.21375949680805206
INFO Gradient norm: 14.313755363138169
PROGRESS    Completed epoch 1680 / 2000;    current loss: 0.21137121319770813
INFO Gradient norm: 22.05436246566549
PROGRESS    Completed epoch 1681 / 2000;    current loss: 0.2156214416027069
INFO Gradient norm: 23.689321570306095
PROGRESS    Completed epoch 1682 / 2000;    current loss: 0.21688523888587952
INFO Gradient norm: 7.060190736925804
PROGRESS    Completed epoch 1683 / 2000;    current loss: 0.21078826487064362
INFO Gradient norm: 10.933549623567268
PROGRESS    Completed epoch 1684 / 2000;    current loss: 0.21089759469032288
INFO Gradient norm: 10.788851744111039
PROGRESS    Completed epoch 1685 / 2000;    current loss: 0.20983657240867615
INFO Gradient norm: 3.098746633982489
PROGRESS    Completed epoch 1686 / 2000;    current loss: 0.2074349969625473
INFO Gradient norm: 9.006091421151009
PROGRESS    Completed epoch 1687 / 2000;    current loss: 0.2070286124944687
INFO Gradient norm: 1.667818274724941
PROGRESS    Completed epoch 1688 / 2000;    current loss: 0.20638033747673035
INFO Gradient norm: 5.655003160629704
PROGRESS    Completed epoch 1689 / 2000;    current loss: 0.20739173889160156
INFO Gradient norm: 6.426719731884945
PROGRESS    Completed epoch 1690 / 2000;    current loss: 0.2083762139081955
INFO Gradient norm: 4.380133304946509
PROGRESS    Completed epoch 1691 / 2000;    current loss: 0.20882287621498108
INFO Gradient norm: 2.892368733414593
PROGRESS    Completed epoch 1692 / 2000;    current loss: 0.2089502513408661
INFO Gradient norm: 4.456259977938797
PROGRESS    Completed epoch 1693 / 2000;    current loss: 0.20867687463760376
INFO Gradient norm: 12.311575139471346
PROGRESS    Completed epoch 1694 / 2000;    current loss: 0.21002788841724396
INFO Gradient norm: 4.405827685787271
PROGRESS    Completed epoch 1695 / 2000;    current loss: 0.20806698501110077
INFO Gradient norm: 17.89390155996985
PROGRESS    Completed epoch 1696 / 2000;    current loss: 0.21176192164421082
INFO Gradient norm: 11.816208557746922
PROGRESS    Completed epoch 1697 / 2000;    current loss: 0.20921510457992554
INFO Gradient norm: 16.504930162180266
PROGRESS    Completed epoch 1698 / 2000;    current loss: 0.21071617305278778
INFO Gradient norm: 17.38806534937412
PROGRESS    Completed epoch 1699 / 2000;    current loss: 0.2110510617494583
INFO Gradient norm: 6.278103191764203
PROGRESS    Completed epoch 1700 / 2000;    current loss: 0.2076808512210846
INFO Gradient norm: 6.94038781584437
PROGRESS    Completed epoch 1701 / 2000;    current loss: 0.2076573520898819
INFO Gradient norm: 13.415325417093634
PROGRESS    Completed epoch 1702 / 2000;    current loss: 0.209037646651268
INFO Gradient norm: 7.594374780531033
PROGRESS    Completed epoch 1703 / 2000;    current loss: 0.20728959143161774
INFO Gradient norm: 19.18640670790564
PROGRESS    Completed epoch 1704 / 2000;    current loss: 0.21094466745853424
INFO Gradient norm: 17.343914296746036
PROGRESS    Completed epoch 1705 / 2000;    current loss: 0.209859237074852
INFO Gradient norm: 3.6908096017193683
PROGRESS    Completed epoch 1706 / 2000;    current loss: 0.20662707090377808
INFO Gradient norm: 4.753003584409458
PROGRESS    Completed epoch 1707 / 2000;    current loss: 0.20685121417045593
INFO Gradient norm: 15.578940544208745
PROGRESS    Completed epoch 1708 / 2000;    current loss: 0.2097766399383545
INFO Gradient norm: 8.139491466340646
PROGRESS    Completed epoch 1709 / 2000;    current loss: 0.20757372677326202
INFO Gradient norm: 20.25711296841235
PROGRESS    Completed epoch 1710 / 2000;    current loss: 0.21172605454921722
INFO Gradient norm: 19.99931119312245
PROGRESS    Completed epoch 1711 / 2000;    current loss: 0.2115088552236557
INFO Gradient norm: 1.758481499797177
PROGRESS    Completed epoch 1712 / 2000;    current loss: 0.20662398636341095
INFO Gradient norm: 6.665138016825222
PROGRESS    Completed epoch 1713 / 2000;    current loss: 0.20699897408485413
INFO Gradient norm: 11.011971933427112
PROGRESS    Completed epoch 1714 / 2000;    current loss: 0.20771627128124237
INFO Gradient norm: 2.234619010441184
PROGRESS    Completed epoch 1715 / 2000;    current loss: 0.20632873475551605
INFO Gradient norm: 17.566202418150247
PROGRESS    Completed epoch 1716 / 2000;    current loss: 0.20977233350276947
INFO Gradient norm: 10.54668225377908
PROGRESS    Completed epoch 1717 / 2000;    current loss: 0.20725741982460022
INFO Gradient norm: 14.102304274034863
PROGRESS    Completed epoch 1718 / 2000;    current loss: 0.20865418016910553
INFO Gradient norm: 10.931247339435759
PROGRESS    Completed epoch 1719 / 2000;    current loss: 0.20807603001594543
INFO Gradient norm: 15.943706043078919
PROGRESS    Completed epoch 1720 / 2000;    current loss: 0.21030814945697784
INFO Gradient norm: 13.977164110582077
PROGRESS    Completed epoch 1721 / 2000;    current loss: 0.20985083281993866
INFO Gradient norm: 12.77348646630323
PROGRESS    Completed epoch 1722 / 2000;    current loss: 0.20944534242153168
INFO Gradient norm: 12.339755718913638
PROGRESS    Completed epoch 1723 / 2000;    current loss: 0.20946520566940308
INFO Gradient norm: 10.851483787290293
PROGRESS    Completed epoch 1724 / 2000;    current loss: 0.2094752937555313
INFO Gradient norm: 6.755632723903349
PROGRESS    Completed epoch 1725 / 2000;    current loss: 0.20871901512145996
INFO Gradient norm: 18.270972537378984
PROGRESS    Completed epoch 1726 / 2000;    current loss: 0.21220074594020844
INFO Gradient norm: 14.719858889326115
PROGRESS    Completed epoch 1727 / 2000;    current loss: 0.2107432633638382
INFO Gradient norm: 13.582230251961914
PROGRESS    Completed epoch 1728 / 2000;    current loss: 0.21051116287708282
INFO Gradient norm: 13.714613000410203
PROGRESS    Completed epoch 1729 / 2000;    current loss: 0.21049143373966217
INFO Gradient norm: 11.018213573962907
PROGRESS    Completed epoch 1730 / 2000;    current loss: 0.2094152867794037
INFO Gradient norm: 8.786891575436778
PROGRESS    Completed epoch 1731 / 2000;    current loss: 0.20882083475589752
INFO Gradient norm: 16.04823898749797
PROGRESS    Completed epoch 1732 / 2000;    current loss: 0.21103337407112122
INFO Gradient norm: 12.398658583563268
PROGRESS    Completed epoch 1733 / 2000;    current loss: 0.20957858860492706
INFO Gradient norm: 15.084113039694254
PROGRESS    Completed epoch 1734 / 2000;    current loss: 0.21023410558700562
INFO Gradient norm: 14.163466260035824
PROGRESS    Completed epoch 1735 / 2000;    current loss: 0.20978452265262604
INFO Gradient norm: 11.630031252418917
PROGRESS    Completed epoch 1736 / 2000;    current loss: 0.20889541506767273
INFO Gradient norm: 10.3273585525607
PROGRESS    Completed epoch 1737 / 2000;    current loss: 0.20837284624576569
INFO Gradient norm: 14.33555660587592
PROGRESS    Completed epoch 1738 / 2000;    current loss: 0.2093249410390854
INFO Gradient norm: 11.215395606392807
PROGRESS    Completed epoch 1739 / 2000;    current loss: 0.2081260234117508
INFO Gradient norm: 15.976325902680518
PROGRESS    Completed epoch 1740 / 2000;    current loss: 0.20957082509994507
INFO Gradient norm: 14.57860845618839
PROGRESS    Completed epoch 1741 / 2000;    current loss: 0.20888572931289673
INFO Gradient norm: 11.673585468774784
PROGRESS    Completed epoch 1742 / 2000;    current loss: 0.20772945880889893
INFO Gradient norm: 10.475410646534487
PROGRESS    Completed epoch 1743 / 2000;    current loss: 0.20724761486053467
INFO Gradient norm: 14.639847515364952
PROGRESS    Completed epoch 1744 / 2000;    current loss: 0.2084512859582901
INFO Gradient norm: 11.64395198034935
PROGRESS    Completed epoch 1745 / 2000;    current loss: 0.20737549662590027
INFO Gradient norm: 13.702744072505935
PROGRESS    Completed epoch 1746 / 2000;    current loss: 0.20788824558258057
INFO Gradient norm: 8.962412034920135
PROGRESS    Completed epoch 1747 / 2000;    current loss: 0.20672278106212616
INFO Gradient norm: 19.33948796849331
PROGRESS    Completed epoch 1748 / 2000;    current loss: 0.21050132811069489
INFO Gradient norm: 16.902923773845114
PROGRESS    Completed epoch 1749 / 2000;    current loss: 0.20953257381916046
INFO Gradient norm: 11.611332343353283
PROGRESS    Completed epoch 1750 / 2000;    current loss: 0.20772147178649902
INFO Gradient norm: 7.520368896101275
PROGRESS    Completed epoch 1751 / 2000;    current loss: 0.20740167796611786
INFO Gradient norm: 17.95980513789088
PROGRESS    Completed epoch 1752 / 2000;    current loss: 0.21102678775787354
INFO Gradient norm: 13.059335370751045
PROGRESS    Completed epoch 1753 / 2000;    current loss: 0.2094261199235916
INFO Gradient norm: 16.616864382201456
PROGRESS    Completed epoch 1754 / 2000;    current loss: 0.210645854473114
INFO Gradient norm: 16.439306845494002
PROGRESS    Completed epoch 1755 / 2000;    current loss: 0.2106401026248932
INFO Gradient norm: 9.786394791682858
PROGRESS    Completed epoch 1756 / 2000;    current loss: 0.20874552428722382
INFO Gradient norm: 8.707636324797503
PROGRESS    Completed epoch 1757 / 2000;    current loss: 0.20843735337257385
INFO Gradient norm: 15.569885657089179
PROGRESS    Completed epoch 1758 / 2000;    current loss: 0.21024207770824432
INFO Gradient norm: 11.380643296378109
PROGRESS    Completed epoch 1759 / 2000;    current loss: 0.2088126540184021
INFO Gradient norm: 16.80595504821409
PROGRESS    Completed epoch 1760 / 2000;    current loss: 0.21069668233394623
INFO Gradient norm: 15.68827323322991
PROGRESS    Completed epoch 1761 / 2000;    current loss: 0.21020638942718506
INFO Gradient norm: 10.858001834127066
PROGRESS    Completed epoch 1762 / 2000;    current loss: 0.20856334269046783
INFO Gradient norm: 10.193495238736057
PROGRESS    Completed epoch 1763 / 2000;    current loss: 0.2083628922700882
INFO Gradient norm: 12.952702863841248
PROGRESS    Completed epoch 1764 / 2000;    current loss: 0.20918133854866028
INFO Gradient norm: 1.8282060767219046
PROGRESS    Completed epoch 1765 / 2000;    current loss: 0.2073596566915512
INFO Gradient norm: 17.079759157620927
PROGRESS    Completed epoch 1766 / 2000;    current loss: 0.2108428031206131
INFO Gradient norm: 10.455882874528953
PROGRESS    Completed epoch 1767 / 2000;    current loss: 0.20849467813968658
INFO Gradient norm: 16.33746467038439
PROGRESS    Completed epoch 1768 / 2000;    current loss: 0.21067002415657043
INFO Gradient norm: 11.417119356840791
PROGRESS    Completed epoch 1769 / 2000;    current loss: 0.20927873253822327
INFO Gradient norm: 15.769972057751165
PROGRESS    Completed epoch 1770 / 2000;    current loss: 0.21068118512630463
INFO Gradient norm: 15.957542387286175
PROGRESS    Completed epoch 1771 / 2000;    current loss: 0.21090233325958252
INFO Gradient norm: 7.819248922364382
PROGRESS    Completed epoch 1772 / 2000;    current loss: 0.20887242257595062
INFO Gradient norm: 7.611895108832574
PROGRESS    Completed epoch 1773 / 2000;    current loss: 0.20875491201877594
INFO Gradient norm: 13.57879939556373
PROGRESS    Completed epoch 1774 / 2000;    current loss: 0.20996738970279694
INFO Gradient norm: 9.14451304369476
PROGRESS    Completed epoch 1775 / 2000;    current loss: 0.20865195989608765
INFO Gradient norm: 16.158933750847975
PROGRESS    Completed epoch 1776 / 2000;    current loss: 0.21092641353607178
INFO Gradient norm: 13.984154251052807
PROGRESS    Completed epoch 1777 / 2000;    current loss: 0.20988090336322784
INFO Gradient norm: 11.685606499186417
PROGRESS    Completed epoch 1778 / 2000;    current loss: 0.20876336097717285
INFO Gradient norm: 11.455524805775193
PROGRESS    Completed epoch 1779 / 2000;    current loss: 0.2085643708705902
INFO Gradient norm: 11.634177991637893
PROGRESS    Completed epoch 1780 / 2000;    current loss: 0.20866774022579193
INFO Gradient norm: 9.164038579001643
PROGRESS    Completed epoch 1781 / 2000;    current loss: 0.20795592665672302
INFO Gradient norm: 14.666396712665048
PROGRESS    Completed epoch 1782 / 2000;    current loss: 0.2094004601240158
INFO Gradient norm: 11.988623420097069
PROGRESS    Completed epoch 1783 / 2000;    current loss: 0.20839948952198029
INFO Gradient norm: 13.569576222842938
PROGRESS    Completed epoch 1784 / 2000;    current loss: 0.20882759988307953
INFO Gradient norm: 12.650208550715226
PROGRESS    Completed epoch 1785 / 2000;    current loss: 0.20840486884117126
INFO Gradient norm: 11.209474407526766
PROGRESS    Completed epoch 1786 / 2000;    current loss: 0.2078184187412262
INFO Gradient norm: 9.520138792923014
PROGRESS    Completed epoch 1787 / 2000;    current loss: 0.20725364983081818
INFO Gradient norm: 10.962118298906992
PROGRESS    Completed epoch 1788 / 2000;    current loss: 0.20753051340579987
INFO Gradient norm: 2.146282714320333
PROGRESS    Completed epoch 1789 / 2000;    current loss: 0.20607727766036987
INFO Gradient norm: 2.004264534023197
PROGRESS    Completed epoch 1790 / 2000;    current loss: 0.20584537088871002
INFO Gradient norm: 8.483109243111384
PROGRESS    Completed epoch 1791 / 2000;    current loss: 0.2063085436820984
INFO Gradient norm: 1.8402550264707747
PROGRESS    Completed epoch 1792 / 2000;    current loss: 0.20561638474464417
INFO Gradient norm: 7.772831285810247
PROGRESS    Completed epoch 1793 / 2000;    current loss: 0.20611657202243805
INFO Gradient norm: 9.902343687441752
PROGRESS    Completed epoch 1794 / 2000;    current loss: 0.20675916969776154
INFO Gradient norm: 1.7108423732968105
PROGRESS    Completed epoch 1795 / 2000;    current loss: 0.20554417371749878
INFO Gradient norm: 13.583611141956622
PROGRESS    Completed epoch 1796 / 2000;    current loss: 0.20737957954406738
INFO Gradient norm: 1.451225643485671
PROGRESS    Completed epoch 1797 / 2000;    current loss: 0.20512323081493378
INFO Gradient norm: 19.771261208462477
PROGRESS    Completed epoch 1798 / 2000;    current loss: 0.2093861997127533
INFO Gradient norm: 14.717884948737943
PROGRESS    Completed epoch 1799 / 2000;    current loss: 0.20765137672424316
INFO Gradient norm: 12.597449526987836
PROGRESS    Completed epoch 1800 / 2000;    current loss: 0.20720040798187256
INFO Gradient norm: 14.138561043472631
PROGRESS    Completed epoch 1801 / 2000;    current loss: 0.20792347192764282
INFO Gradient norm: 7.236812689601206
PROGRESS    Completed epoch 1802 / 2000;    current loss: 0.2063249945640564
INFO Gradient norm: 6.377181013488314
PROGRESS    Completed epoch 1803 / 2000;    current loss: 0.2063339203596115
INFO Gradient norm: 13.636644459578175
PROGRESS    Completed epoch 1804 / 2000;    current loss: 0.2081574648618698
INFO Gradient norm: 8.911020723202324
PROGRESS    Completed epoch 1805 / 2000;    current loss: 0.20690244436264038
INFO Gradient norm: 15.825271824587118
PROGRESS    Completed epoch 1806 / 2000;    current loss: 0.20908582210540771
INFO Gradient norm: 12.748848490984733
PROGRESS    Completed epoch 1807 / 2000;    current loss: 0.20808835327625275
INFO Gradient norm: 11.880561598061746
PROGRESS    Completed epoch 1808 / 2000;    current loss: 0.20773209631443024
INFO Gradient norm: 12.292279010519236
PROGRESS    Completed epoch 1809 / 2000;    current loss: 0.2078787386417389
INFO Gradient norm: 8.695048552043788
PROGRESS    Completed epoch 1810 / 2000;    current loss: 0.20706306397914886
INFO Gradient norm: 6.8212778688938505
PROGRESS    Completed epoch 1811 / 2000;    current loss: 0.206653892993927
INFO Gradient norm: 14.155307907788776
PROGRESS    Completed epoch 1812 / 2000;    current loss: 0.20837806165218353
INFO Gradient norm: 11.033358359323806
PROGRESS    Completed epoch 1813 / 2000;    current loss: 0.20732544362545013
INFO Gradient norm: 12.695984532512066
PROGRESS    Completed epoch 1814 / 2000;    current loss: 0.20783312618732452
INFO Gradient norm: 12.082818110517511
PROGRESS    Completed epoch 1815 / 2000;    current loss: 0.2075480818748474
INFO Gradient norm: 9.812973289108974
PROGRESS    Completed epoch 1816 / 2000;    current loss: 0.20679792761802673
INFO Gradient norm: 8.677046962194542
PROGRESS    Completed epoch 1817 / 2000;    current loss: 0.20647019147872925
INFO Gradient norm: 12.466601903145326
PROGRESS    Completed epoch 1818 / 2000;    current loss: 0.20739944279193878
INFO Gradient norm: 9.70881998198558
PROGRESS    Completed epoch 1819 / 2000;    current loss: 0.20657311379909515
INFO Gradient norm: 13.143640476040845
PROGRESS    Completed epoch 1820 / 2000;    current loss: 0.2075156420469284
INFO Gradient norm: 11.906545811706414
PROGRESS    Completed epoch 1821 / 2000;    current loss: 0.20705237984657288
INFO Gradient norm: 8.186527077987224
PROGRESS    Completed epoch 1822 / 2000;    current loss: 0.2060001939535141
INFO Gradient norm: 2.255619746886088
PROGRESS    Completed epoch 1823 / 2000;    current loss: 0.20528298616409302
INFO Gradient norm: 2.569740021073322
PROGRESS    Completed epoch 1824 / 2000;    current loss: 0.2051842212677002
INFO Gradient norm: 11.082049927400051
PROGRESS    Completed epoch 1825 / 2000;    current loss: 0.2064189463853836
INFO Gradient norm: 1.4707057120227371
PROGRESS    Completed epoch 1826 / 2000;    current loss: 0.20490014553070068
INFO Gradient norm: 12.543176994504474
PROGRESS    Completed epoch 1827 / 2000;    current loss: 0.20670086145401
INFO Gradient norm: 1.6404953350997717
PROGRESS    Completed epoch 1828 / 2000;    current loss: 0.20474790036678314
INFO Gradient norm: 15.257647664871197
PROGRESS    Completed epoch 1829 / 2000;    current loss: 0.2072843760251999
INFO Gradient norm: 2.129011738836868
PROGRESS    Completed epoch 1830 / 2000;    current loss: 0.2047852873802185
INFO Gradient norm: 22.834873449497888
PROGRESS    Completed epoch 1831 / 2000;    current loss: 0.21079136431217194
INFO Gradient norm: 22.489610551190932
PROGRESS    Completed epoch 1832 / 2000;    current loss: 0.2108781337738037
INFO Gradient norm: 3.949319954229948
PROGRESS    Completed epoch 1833 / 2000;    current loss: 0.20536212623119354
INFO Gradient norm: 10.022558494913529
PROGRESS    Completed epoch 1834 / 2000;    current loss: 0.20644022524356842
INFO Gradient norm: 7.348394795311141
PROGRESS    Completed epoch 1835 / 2000;    current loss: 0.20596837997436523
INFO Gradient norm: 1.7192276302964953
PROGRESS    Completed epoch 1836 / 2000;    current loss: 0.20536276698112488
INFO Gradient norm: 15.180620876695315
PROGRESS    Completed epoch 1837 / 2000;    current loss: 0.20796920359134674
INFO Gradient norm: 5.807650093322615
PROGRESS    Completed epoch 1838 / 2000;    current loss: 0.2054215967655182
INFO Gradient norm: 21.625908602063905
PROGRESS    Completed epoch 1839 / 2000;    current loss: 0.2103850096464157
INFO Gradient norm: 10.851520952875388
PROGRESS    Completed epoch 1840 / 2000;    current loss: 0.2062079906463623
INFO Gradient norm: 18.691390998613574
PROGRESS    Completed epoch 1841 / 2000;    current loss: 0.20914538204669952
INFO Gradient norm: 22.524577886465067
PROGRESS    Completed epoch 1842 / 2000;    current loss: 0.21130144596099854
INFO Gradient norm: 7.715754081152876
PROGRESS    Completed epoch 1843 / 2000;    current loss: 0.2062647044658661
INFO Gradient norm: 24.358614619062717
PROGRESS    Completed epoch 1844 / 2000;    current loss: 0.21344195306301117
INFO Gradient norm: 29.01025902146871
PROGRESS    Completed epoch 1845 / 2000;    current loss: 0.2166953831911087
INFO Gradient norm: 9.015046079102495
PROGRESS    Completed epoch 1846 / 2000;    current loss: 0.20737576484680176
INFO Gradient norm: 23.726650719377698
PROGRESS    Completed epoch 1847 / 2000;    current loss: 0.213926762342453
INFO Gradient norm: 27.207345291942136
PROGRESS    Completed epoch 1848 / 2000;    current loss: 0.21707679331302643
INFO Gradient norm: 7.76128616743455
PROGRESS    Completed epoch 1849 / 2000;    current loss: 0.20950472354888916
INFO Gradient norm: 28.034318529070298
PROGRESS    Completed epoch 1850 / 2000;    current loss: 0.2183517962694168
INFO Gradient norm: 34.04915770186317
PROGRESS    Completed epoch 1851 / 2000;    current loss: 0.22298946976661682
INFO Gradient norm: 16.728619046724766
PROGRESS    Completed epoch 1852 / 2000;    current loss: 0.2125910520553589
INFO Gradient norm: 18.88924229693372
PROGRESS    Completed epoch 1853 / 2000;    current loss: 0.2138269543647766
INFO Gradient norm: 26.666523156583064
PROGRESS    Completed epoch 1854 / 2000;    current loss: 0.2187695950269699
INFO Gradient norm: 10.583310989916209
PROGRESS    Completed epoch 1855 / 2000;    current loss: 0.21130123734474182
INFO Gradient norm: 24.543205002435382
PROGRESS    Completed epoch 1856 / 2000;    current loss: 0.21796970069408417
INFO Gradient norm: 30.906901686151972
PROGRESS    Completed epoch 1857 / 2000;    current loss: 0.22221724689006805
INFO Gradient norm: 11.459362799940205
PROGRESS    Completed epoch 1858 / 2000;    current loss: 0.21194344758987427
INFO Gradient norm: 26.52177536997499
PROGRESS    Completed epoch 1859 / 2000;    current loss: 0.21930834650993347
INFO Gradient norm: 35.61535472471785
PROGRESS    Completed epoch 1860 / 2000;    current loss: 0.22673299908638
INFO Gradient norm: 20.53247588818771
PROGRESS    Completed epoch 1861 / 2000;    current loss: 0.21569646894931793
INFO Gradient norm: 17.118611994307013
PROGRESS    Completed epoch 1862 / 2000;    current loss: 0.2137921303510666
INFO Gradient norm: 27.773034430739564
PROGRESS    Completed epoch 1863 / 2000;    current loss: 0.2196376621723175
INFO Gradient norm: 12.611330847118545
PROGRESS    Completed epoch 1864 / 2000;    current loss: 0.21199950575828552
INFO Gradient norm: 21.31726508994597
PROGRESS    Completed epoch 1865 / 2000;    current loss: 0.2161576896905899
INFO Gradient norm: 27.752646345492813
PROGRESS    Completed epoch 1866 / 2000;    current loss: 0.22028110921382904
INFO Gradient norm: 10.712872462885427
PROGRESS    Completed epoch 1867 / 2000;    current loss: 0.21167714893817902
INFO Gradient norm: 25.959143864136173
PROGRESS    Completed epoch 1868 / 2000;    current loss: 0.21867114305496216
INFO Gradient norm: 34.65120882024755
PROGRESS    Completed epoch 1869 / 2000;    current loss: 0.22490520775318146
INFO Gradient norm: 17.183970155976624
PROGRESS    Completed epoch 1870 / 2000;    current loss: 0.21384304761886597
INFO Gradient norm: 19.984689419650703
PROGRESS    Completed epoch 1871 / 2000;    current loss: 0.21495534479618073
INFO Gradient norm: 29.607750508984054
PROGRESS    Completed epoch 1872 / 2000;    current loss: 0.22098758816719055
INFO Gradient norm: 15.675811147858795
PROGRESS    Completed epoch 1873 / 2000;    current loss: 0.21259818971157074
INFO Gradient norm: 19.22727952718627
PROGRESS    Completed epoch 1874 / 2000;    current loss: 0.2139914333820343
INFO Gradient norm: 27.713953547657834
PROGRESS    Completed epoch 1875 / 2000;    current loss: 0.21861964464187622
INFO Gradient norm: 11.878670882816461
PROGRESS    Completed epoch 1876 / 2000;    current loss: 0.21097531914710999
INFO Gradient norm: 22.32693473989583
PROGRESS    Completed epoch 1877 / 2000;    current loss: 0.21542315185070038
INFO Gradient norm: 29.623789811593372
PROGRESS    Completed epoch 1878 / 2000;    current loss: 0.22031478583812714
INFO Gradient norm: 13.69020059007484
PROGRESS    Completed epoch 1879 / 2000;    current loss: 0.21133172512054443
INFO Gradient norm: 22.78930409886613
PROGRESS    Completed epoch 1880 / 2000;    current loss: 0.21544352173805237
INFO Gradient norm: 32.17155843212462
PROGRESS    Completed epoch 1881 / 2000;    current loss: 0.22155600786209106
INFO Gradient norm: 15.870704303711117
PROGRESS    Completed epoch 1882 / 2000;    current loss: 0.21191689372062683
INFO Gradient norm: 19.841296981884984
PROGRESS    Completed epoch 1883 / 2000;    current loss: 0.2134484499692917
INFO Gradient norm: 28.570361221737336
PROGRESS    Completed epoch 1884 / 2000;    current loss: 0.21875862777233124
INFO Gradient norm: 14.115159798398793
PROGRESS    Completed epoch 1885 / 2000;    current loss: 0.21065233647823334
INFO Gradient norm: 20.705495846242318
PROGRESS    Completed epoch 1886 / 2000;    current loss: 0.21349069476127625
INFO Gradient norm: 29.088312195724207
PROGRESS    Completed epoch 1887 / 2000;    current loss: 0.21841631829738617
INFO Gradient norm: 12.607176945894738
PROGRESS    Completed epoch 1888 / 2000;    current loss: 0.20979569852352142
INFO Gradient norm: 21.720402773207354
PROGRESS    Completed epoch 1889 / 2000;    current loss: 0.21359819173812866
INFO Gradient norm: 29.482057765131334
PROGRESS    Completed epoch 1890 / 2000;    current loss: 0.2187797725200653
INFO Gradient norm: 14.346625548514412
PROGRESS    Completed epoch 1891 / 2000;    current loss: 0.21015016734600067
INFO Gradient norm: 21.10925325021878
PROGRESS    Completed epoch 1892 / 2000;    current loss: 0.21319402754306793
INFO Gradient norm: 30.288794171933056
PROGRESS    Completed epoch 1893 / 2000;    current loss: 0.2188393622636795
INFO Gradient norm: 14.437329411302223
PROGRESS    Completed epoch 1894 / 2000;    current loss: 0.2101002186536789
INFO Gradient norm: 20.25288168010231
PROGRESS    Completed epoch 1895 / 2000;    current loss: 0.2124677300453186
INFO Gradient norm: 28.493357835476786
PROGRESS    Completed epoch 1896 / 2000;    current loss: 0.21760344505310059
INFO Gradient norm: 13.867303890448651
PROGRESS    Completed epoch 1897 / 2000;    current loss: 0.20949847996234894
INFO Gradient norm: 20.79210666400455
PROGRESS    Completed epoch 1898 / 2000;    current loss: 0.21247580647468567
INFO Gradient norm: 26.870691416034553
PROGRESS    Completed epoch 1899 / 2000;    current loss: 0.21587321162223816
INFO Gradient norm: 6.426049576656518
PROGRESS    Completed epoch 1900 / 2000;    current loss: 0.2077713906764984
INFO Gradient norm: 29.320868682144663
PROGRESS    Completed epoch 1901 / 2000;    current loss: 0.2179260104894638
INFO Gradient norm: 36.95776922398614
PROGRESS    Completed epoch 1902 / 2000;    current loss: 0.22443680465221405
INFO Gradient norm: 20.818030261188863
PROGRESS    Completed epoch 1903 / 2000;    current loss: 0.2123422473669052
INFO Gradient norm: 17.124258055888696
PROGRESS    Completed epoch 1904 / 2000;    current loss: 0.21069607138633728
INFO Gradient norm: 28.80890516490064
PROGRESS    Completed epoch 1905 / 2000;    current loss: 0.21711139380931854
INFO Gradient norm: 14.993631355073552
PROGRESS    Completed epoch 1906 / 2000;    current loss: 0.20969529449939728
INFO Gradient norm: 18.70390953896692
PROGRESS    Completed epoch 1907 / 2000;    current loss: 0.21092979609966278
INFO Gradient norm: 25.820003534485096
PROGRESS    Completed epoch 1908 / 2000;    current loss: 0.21485774219036102
INFO Gradient norm: 9.83040181504316
PROGRESS    Completed epoch 1909 / 2000;    current loss: 0.20760072767734528
INFO Gradient norm: 25.46443735039831
PROGRESS    Completed epoch 1910 / 2000;    current loss: 0.21435081958770752
INFO Gradient norm: 33.39112165347065
PROGRESS    Completed epoch 1911 / 2000;    current loss: 0.21971896290779114
INFO Gradient norm: 15.755095926799926
PROGRESS    Completed epoch 1912 / 2000;    current loss: 0.20910906791687012
INFO Gradient norm: 20.264011721430354
PROGRESS    Completed epoch 1913 / 2000;    current loss: 0.21095123887062073
INFO Gradient norm: 24.816091008278775
PROGRESS    Completed epoch 1914 / 2000;    current loss: 0.21402190625667572
INFO Gradient norm: 7.30436457857069
PROGRESS    Completed epoch 1915 / 2000;    current loss: 0.20726001262664795
INFO Gradient norm: 26.896544905350197
PROGRESS    Completed epoch 1916 / 2000;    current loss: 0.21584369242191315
INFO Gradient norm: 34.51507934988602
PROGRESS    Completed epoch 1917 / 2000;    current loss: 0.22164221107959747
INFO Gradient norm: 17.42956170846091
PROGRESS    Completed epoch 1918 / 2000;    current loss: 0.21099026501178741
INFO Gradient norm: 18.620635601681567
PROGRESS    Completed epoch 1919 / 2000;    current loss: 0.21149477362632751
INFO Gradient norm: 28.478897506649176
PROGRESS    Completed epoch 1920 / 2000;    current loss: 0.2175975739955902
INFO Gradient norm: 15.668410489583017
PROGRESS    Completed epoch 1921 / 2000;    current loss: 0.21028538048267365
INFO Gradient norm: 17.473684173487218
PROGRESS    Completed epoch 1922 / 2000;    current loss: 0.21110443770885468
INFO Gradient norm: 25.91406614172639
PROGRESS    Completed epoch 1923 / 2000;    current loss: 0.21563175320625305
INFO Gradient norm: 10.636219964294398
PROGRESS    Completed epoch 1924 / 2000;    current loss: 0.2087077796459198
INFO Gradient norm: 21.806536961785724
PROGRESS    Completed epoch 1925 / 2000;    current loss: 0.21329034864902496
INFO Gradient norm: 28.50814644711357
PROGRESS    Completed epoch 1926 / 2000;    current loss: 0.2177160680294037
INFO Gradient norm: 12.92866042838196
PROGRESS    Completed epoch 1927 / 2000;    current loss: 0.20930270850658417
INFO Gradient norm: 22.324467598600016
PROGRESS    Completed epoch 1928 / 2000;    current loss: 0.21332736313343048
INFO Gradient norm: 28.736895894890722
PROGRESS    Completed epoch 1929 / 2000;    current loss: 0.21751680970191956
INFO Gradient norm: 10.009297500757295
PROGRESS    Completed epoch 1930 / 2000;    current loss: 0.2084224820137024
INFO Gradient norm: 23.699619186975557
PROGRESS    Completed epoch 1931 / 2000;    current loss: 0.21436011791229248
INFO Gradient norm: 32.6372879805577
PROGRESS    Completed epoch 1932 / 2000;    current loss: 0.221130833029747
INFO Gradient norm: 19.301732630187246
PROGRESS    Completed epoch 1933 / 2000;    current loss: 0.21192783117294312
INFO Gradient norm: 12.83209124200177
PROGRESS    Completed epoch 1934 / 2000;    current loss: 0.20957279205322266
INFO Gradient norm: 22.960068750551148
PROGRESS    Completed epoch 1935 / 2000;    current loss: 0.21431387960910797
INFO Gradient norm: 12.176921230642497
PROGRESS    Completed epoch 1936 / 2000;    current loss: 0.2095971405506134
INFO Gradient norm: 15.707506859278334
PROGRESS    Completed epoch 1937 / 2000;    current loss: 0.21068015694618225
INFO Gradient norm: 21.18785334168102
PROGRESS    Completed epoch 1938 / 2000;    current loss: 0.21333765983581543
INFO Gradient norm: 7.085948999633251
PROGRESS    Completed epoch 1939 / 2000;    current loss: 0.20813001692295074
INFO Gradient norm: 21.485213521004134
PROGRESS    Completed epoch 1940 / 2000;    current loss: 0.2133796513080597
INFO Gradient norm: 26.54573867525706
PROGRESS    Completed epoch 1941 / 2000;    current loss: 0.21609774231910706
INFO Gradient norm: 10.091986499933514
PROGRESS    Completed epoch 1942 / 2000;    current loss: 0.2080104500055313
INFO Gradient norm: 21.503310965537672
PROGRESS    Completed epoch 1943 / 2000;    current loss: 0.21237613260746002
INFO Gradient norm: 29.55105345739164
PROGRESS    Completed epoch 1944 / 2000;    current loss: 0.21770478785037994
INFO Gradient norm: 16.927396611189852
PROGRESS    Completed epoch 1945 / 2000;    current loss: 0.209658682346344
INFO Gradient norm: 14.052026439039647
PROGRESS    Completed epoch 1946 / 2000;    current loss: 0.20828458666801453
INFO Gradient norm: 23.34571302038808
PROGRESS    Completed epoch 1947 / 2000;    current loss: 0.21249036490917206
INFO Gradient norm: 11.08591426377359
PROGRESS    Completed epoch 1948 / 2000;    current loss: 0.20699653029441833
INFO Gradient norm: 15.77668253882335
PROGRESS    Completed epoch 1949 / 2000;    current loss: 0.2086171805858612
INFO Gradient norm: 18.350201027411693
PROGRESS    Completed epoch 1950 / 2000;    current loss: 0.20980793237686157
INFO Gradient norm: 1.8799516640969782
PROGRESS    Completed epoch 1951 / 2000;    current loss: 0.20546089112758636
INFO Gradient norm: 23.00868174965687
PROGRESS    Completed epoch 1952 / 2000;    current loss: 0.21186387538909912
INFO Gradient norm: 24.360876751772864
PROGRESS    Completed epoch 1953 / 2000;    current loss: 0.21247106790542603
INFO Gradient norm: 4.84626820559393
PROGRESS    Completed epoch 1954 / 2000;    current loss: 0.2053178995847702
INFO Gradient norm: 26.82776526449223
PROGRESS    Completed epoch 1955 / 2000;    current loss: 0.2142469733953476
INFO Gradient norm: 34.333385311987676
PROGRESS    Completed epoch 1956 / 2000;    current loss: 0.22018203139305115
INFO Gradient norm: 20.036118759409522
PROGRESS    Completed epoch 1957 / 2000;    current loss: 0.20971448719501495
INFO Gradient norm: 12.374466542605418
PROGRESS    Completed epoch 1958 / 2000;    current loss: 0.20660391449928284
INFO Gradient norm: 19.57097811706915
PROGRESS    Completed epoch 1959 / 2000;    current loss: 0.20974835753440857
INFO Gradient norm: 6.070027647077548
PROGRESS    Completed epoch 1960 / 2000;    current loss: 0.2056281566619873
INFO Gradient norm: 20.378145281595508
PROGRESS    Completed epoch 1961 / 2000;    current loss: 0.21054808795452118
INFO Gradient norm: 21.564956339058224
PROGRESS    Completed epoch 1962 / 2000;    current loss: 0.21186771988868713
INFO Gradient norm: 4.476026269791942
PROGRESS    Completed epoch 1963 / 2000;    current loss: 0.2069229781627655
INFO Gradient norm: 24.257863287240045
PROGRESS    Completed epoch 1964 / 2000;    current loss: 0.21448196470737457
INFO Gradient norm: 29.652181716406865
PROGRESS    Completed epoch 1965 / 2000;    current loss: 0.21798557043075562
INFO Gradient norm: 9.304355816547815
PROGRESS    Completed epoch 1966 / 2000;    current loss: 0.20838093757629395
INFO Gradient norm: 26.233789519471713
PROGRESS    Completed epoch 1967 / 2000;    current loss: 0.21586933732032776
INFO Gradient norm: 36.56754410801861
PROGRESS    Completed epoch 1968 / 2000;    current loss: 0.22448796033859253
INFO Gradient norm: 25.777880843249488
PROGRESS    Completed epoch 1969 / 2000;    current loss: 0.21575680375099182
INFO Gradient norm: 4.979239935283099
PROGRESS    Completed epoch 1970 / 2000;    current loss: 0.2079191356897354
INFO Gradient norm: 17.24476845897325
PROGRESS    Completed epoch 1971 / 2000;    current loss: 0.2113271802663803
INFO Gradient norm: 8.688285702343553
PROGRESS    Completed epoch 1972 / 2000;    current loss: 0.20822657644748688
INFO Gradient norm: 16.51914558358133
PROGRESS    Completed epoch 1973 / 2000;    current loss: 0.2101926952600479
INFO Gradient norm: 19.365958016549904
PROGRESS    Completed epoch 1974 / 2000;    current loss: 0.21131446957588196
INFO Gradient norm: 3.09714671223365
PROGRESS    Completed epoch 1975 / 2000;    current loss: 0.20664775371551514
INFO Gradient norm: 23.879224689299306
PROGRESS    Completed epoch 1976 / 2000;    current loss: 0.21340173482894897
INFO Gradient norm: 26.54351758019869
PROGRESS    Completed epoch 1977 / 2000;    current loss: 0.21475517749786377
INFO Gradient norm: 5.779341544885454
PROGRESS    Completed epoch 1978 / 2000;    current loss: 0.20598244667053223
INFO Gradient norm: 26.86679538298192
PROGRESS    Completed epoch 1979 / 2000;    current loss: 0.21469230949878693
INFO Gradient norm: 34.45969181175649
PROGRESS    Completed epoch 1980 / 2000;    current loss: 0.22090581059455872
INFO Gradient norm: 21.938917703124094
PROGRESS    Completed epoch 1981 / 2000;    current loss: 0.21150821447372437
INFO Gradient norm: 8.51233975316951
PROGRESS    Completed epoch 1982 / 2000;    current loss: 0.20641815662384033
INFO Gradient norm: 19.740821185675
PROGRESS    Completed epoch 1983 / 2000;    current loss: 0.21047672629356384
INFO Gradient norm: 10.610700346885999
PROGRESS    Completed epoch 1984 / 2000;    current loss: 0.20696502923965454
INFO Gradient norm: 14.595998769845592
PROGRESS    Completed epoch 1985 / 2000;    current loss: 0.20804302394390106
INFO Gradient norm: 18.972494633168065
PROGRESS    Completed epoch 1986 / 2000;    current loss: 0.209844172000885
INFO Gradient norm: 4.964795757843694
PROGRESS    Completed epoch 1987 / 2000;    current loss: 0.20554587244987488
INFO Gradient norm: 21.804630434546866
PROGRESS    Completed epoch 1988 / 2000;    current loss: 0.21098259091377258
INFO Gradient norm: 26.23571176873806
PROGRESS    Completed epoch 1989 / 2000;    current loss: 0.2132420390844345
INFO Gradient norm: 11.817278577892283
PROGRESS    Completed epoch 1990 / 2000;    current loss: 0.2063634991645813
INFO Gradient norm: 14.960628402025446
PROGRESS    Completed epoch 1991 / 2000;    current loss: 0.20756711065769196
INFO Gradient norm: 20.52487718181557
PROGRESS    Completed epoch 1992 / 2000;    current loss: 0.21026544272899628
INFO Gradient norm: 7.486278185316044
PROGRESS    Completed epoch 1993 / 2000;    current loss: 0.20579203963279724
INFO Gradient norm: 20.191002121030944
PROGRESS    Completed epoch 1994 / 2000;    current loss: 0.21034488081932068
INFO Gradient norm: 25.98655071064806
PROGRESS    Completed epoch 1995 / 2000;    current loss: 0.21361039578914642
INFO Gradient norm: 11.536629844709863
PROGRESS    Completed epoch 1996 / 2000;    current loss: 0.20686496794223785
INFO Gradient norm: 17.94153188892605
PROGRESS    Completed epoch 1997 / 2000;    current loss: 0.20915068686008453
INFO Gradient norm: 25.63920993515117
PROGRESS    Completed epoch 1998 / 2000;    current loss: 0.21354083716869354
INFO Gradient norm: 14.392802972680206
PROGRESS    Completed epoch 1999 / 2000;    current loss: 0.20760951936244965
INFO Gradient norm: 13.58295113815322
PROGRESS    Completed epoch 2000 / 2000;    current loss: 0.20733052492141724
INFO    Saving model weights ...
INFO Model weights saved successfully to /home/hoang/utopya_output/Dengue/250605-150403/data/uni07/data_npc_checkpoint.pth
INFO    Simulation run finished.
INFO    Wrapping up ...
SUCCESS    All done.

---
end of log. exit code: 0

