Log of 'out' stream of WorkerTask 'uni07'
---

INFO    Using 'cpu' as training device. Number of threads: 10
INFO    Loading training data ...
INFO    Initializing the neural net ...
INFO    Initialized model 'Dengue'.
INFO    Now commencing training for 2000 epochs ...
INFO Gradient norm: 1198.8129822621345
PROGRESS    Completed epoch 1 / 2000;    current loss: 416.37884521484375
INFO Gradient norm: 1232.0569101647668
PROGRESS    Completed epoch 2 / 2000;    current loss: 416.017578125
INFO Gradient norm: 1271.561774064315
PROGRESS    Completed epoch 3 / 2000;    current loss: 415.64739990234375
INFO Gradient norm: 1319.5487367305466
PROGRESS    Completed epoch 4 / 2000;    current loss: 415.26556396484375
INFO Gradient norm: 1379.38492904023
PROGRESS    Completed epoch 5 / 2000;    current loss: 414.87005615234375
INFO Gradient norm: 1456.6985326315312
PROGRESS    Completed epoch 6 / 2000;    current loss: 414.45770263671875
INFO Gradient norm: 1561.4265310148446
PROGRESS    Completed epoch 7 / 2000;    current loss: 414.0231018066406
INFO Gradient norm: 1713.1470940483227
PROGRESS    Completed epoch 8 / 2000;    current loss: 413.55853271484375
INFO Gradient norm: 1957.7284170151138
PROGRESS    Completed epoch 9 / 2000;    current loss: 413.0491943359375
INFO Gradient norm: 2439.256298563954
PROGRESS    Completed epoch 10 / 2000;    current loss: 412.4632263183594
INFO Gradient norm: 4011.2980668957384
PROGRESS    Completed epoch 11 / 2000;    current loss: 411.689453125
INFO Gradient norm: 8018.283143195821
PROGRESS    Completed epoch 12 / 2000;    current loss: 410.99896240234375
INFO Gradient norm: 3216.515410586086
PROGRESS    Completed epoch 13 / 2000;    current loss: 411.55694580078125
INFO Gradient norm: 2498.363762893135
PROGRESS    Completed epoch 14 / 2000;    current loss: 411.7050476074219
INFO Gradient norm: 2213.9725173358465
PROGRESS    Completed epoch 15 / 2000;    current loss: 411.7211608886719
INFO Gradient norm: 2075.7771196728113
PROGRESS    Completed epoch 16 / 2000;    current loss: 411.6590881347656
INFO Gradient norm: 2008.1322990150363
PROGRESS    Completed epoch 17 / 2000;    current loss: 411.5428161621094
INFO Gradient norm: 1985.7652194959508
PROGRESS    Completed epoch 18 / 2000;    current loss: 411.38311767578125
INFO Gradient norm: 1999.32905518402
PROGRESS    Completed epoch 19 / 2000;    current loss: 411.18572998046875
INFO Gradient norm: 2048.0718763485256
PROGRESS    Completed epoch 20 / 2000;    current loss: 410.9529113769531
INFO Gradient norm: 2138.804287053238
PROGRESS    Completed epoch 21 / 2000;    current loss: 410.6850891113281
INFO Gradient norm: 2290.980233433937
PROGRESS    Completed epoch 22 / 2000;    current loss: 410.37872314453125
INFO Gradient norm: 2550.234992245209
PROGRESS    Completed epoch 23 / 2000;    current loss: 410.0259704589844
INFO Gradient norm: 3041.9370736846463
PROGRESS    Completed epoch 24 / 2000;    current loss: 409.6092529296875
INFO Gradient norm: 4280.327453146578
PROGRESS    Completed epoch 25 / 2000;    current loss: 409.0782165527344
INFO Gradient norm: 15507.897354897703
PROGRESS    Completed epoch 26 / 2000;    current loss: 408.10845947265625
INFO Gradient norm: 5236.763733375649
PROGRESS    Completed epoch 27 / 2000;    current loss: 408.53277587890625
INFO Gradient norm: 3347.3961192186175
PROGRESS    Completed epoch 28 / 2000;    current loss: 408.7314147949219
INFO Gradient norm: 2768.463440367987
PROGRESS    Completed epoch 29 / 2000;    current loss: 408.7545166015625
INFO Gradient norm: 2505.779656211081
PROGRESS    Completed epoch 30 / 2000;    current loss: 408.6914978027344
INFO Gradient norm: 2378.0866749551133
PROGRESS    Completed epoch 31 / 2000;    current loss: 408.5699157714844
INFO Gradient norm: 2329.6426089202505
PROGRESS    Completed epoch 32 / 2000;    current loss: 408.401123046875
INFO Gradient norm: 2342.580669519182
PROGRESS    Completed epoch 33 / 2000;    current loss: 408.1900939941406
INFO Gradient norm: 2417.8055392706233
PROGRESS    Completed epoch 34 / 2000;    current loss: 407.938232421875
INFO Gradient norm: 2575.827592865624
PROGRESS    Completed epoch 35 / 2000;    current loss: 407.6428527832031
INFO Gradient norm: 2876.745072381418
PROGRESS    Completed epoch 36 / 2000;    current loss: 407.2948303222656
INFO Gradient norm: 3504.9656514169405
PROGRESS    Completed epoch 37 / 2000;    current loss: 406.873046875
INFO Gradient norm: 5378.297309011466
PROGRESS    Completed epoch 38 / 2000;    current loss: 406.3082275390625
INFO Gradient norm: 44747.718474965426
PROGRESS    Completed epoch 39 / 2000;    current loss: 405.1066589355469
INFO Gradient norm: 5834.764073553485
PROGRESS    Completed epoch 40 / 2000;    current loss: 405.8260803222656
INFO Gradient norm: 4120.538025769703
PROGRESS    Completed epoch 41 / 2000;    current loss: 405.86859130859375
INFO Gradient norm: 3578.0266401274675
PROGRESS    Completed epoch 42 / 2000;    current loss: 405.77215576171875
INFO Gradient norm: 3412.733953694891
PROGRESS    Completed epoch 43 / 2000;    current loss: 405.59088134765625
INFO Gradient norm: 3487.5531772344125
PROGRESS    Completed epoch 44 / 2000;    current loss: 405.3393859863281
INFO Gradient norm: 3848.869685355749
PROGRESS    Completed epoch 45 / 2000;    current loss: 405.0147399902344
INFO Gradient norm: 4848.477854484539
PROGRESS    Completed epoch 46 / 2000;    current loss: 404.5914306640625
INFO Gradient norm: 9222.16001457193
PROGRESS    Completed epoch 47 / 2000;    current loss: 403.95269775390625
INFO Gradient norm: 10771.126224953665
PROGRESS    Completed epoch 48 / 2000;    current loss: 403.6307678222656
INFO Gradient norm: 5335.259511589874
PROGRESS    Completed epoch 49 / 2000;    current loss: 403.7915954589844
INFO Gradient norm: 4320.674189582457
PROGRESS    Completed epoch 50 / 2000;    current loss: 403.697021484375
INFO Gradient norm: 4097.154111567391
PROGRESS    Completed epoch 51 / 2000;    current loss: 403.48687744140625
INFO Gradient norm: 4352.351465011606
PROGRESS    Completed epoch 52 / 2000;    current loss: 403.18243408203125
INFO Gradient norm: 5416.714378808701
PROGRESS    Completed epoch 53 / 2000;    current loss: 402.76617431640625
INFO Gradient norm: 10948.741370328173
PROGRESS    Completed epoch 54 / 2000;    current loss: 402.10626220703125
INFO Gradient norm: 9862.739009266916
PROGRESS    Completed epoch 55 / 2000;    current loss: 401.8946533203125
INFO Gradient norm: 5423.953356140976
PROGRESS    Completed epoch 56 / 2000;    current loss: 401.9703063964844
INFO Gradient norm: 4592.185017197713
PROGRESS    Completed epoch 57 / 2000;    current loss: 401.8130798339844
INFO Gradient norm: 4614.271870895789
PROGRESS    Completed epoch 58 / 2000;    current loss: 401.5299377441406
INFO Gradient norm: 5516.203711522006
PROGRESS    Completed epoch 59 / 2000;    current loss: 401.12261962890625
INFO Gradient norm: 10320.46602593075
PROGRESS    Completed epoch 60 / 2000;    current loss: 400.48297119140625
INFO Gradient norm: 11027.273159608041
PROGRESS    Completed epoch 61 / 2000;    current loss: 400.1587829589844
INFO Gradient norm: 5915.16496659609
PROGRESS    Completed epoch 62 / 2000;    current loss: 400.1984558105469
INFO Gradient norm: 5186.678957811714
PROGRESS    Completed epoch 63 / 2000;    current loss: 399.9820861816406
INFO Gradient norm: 5720.465238967851
PROGRESS    Completed epoch 64 / 2000;    current loss: 399.6147155761719
INFO Gradient norm: 9364.182916649812
PROGRESS    Completed epoch 65 / 2000;    current loss: 399.03338623046875
INFO Gradient norm: 15377.850290120705
PROGRESS    Completed epoch 66 / 2000;    current loss: 398.49481201171875
INFO Gradient norm: 7453.893332922534
PROGRESS    Completed epoch 67 / 2000;    current loss: 398.52459716796875
INFO Gradient norm: 7099.654776418701
PROGRESS    Completed epoch 68 / 2000;    current loss: 398.2311706542969
INFO Gradient norm: 11023.79499058226
PROGRESS    Completed epoch 69 / 2000;    current loss: 397.6849060058594
INFO Gradient norm: 16477.01837965358
PROGRESS    Completed epoch 70 / 2000;    current loss: 397.18145751953125
INFO Gradient norm: 9197.136025265261
PROGRESS    Completed epoch 71 / 2000;    current loss: 397.11212158203125
INFO Gradient norm: 11358.039477799664
PROGRESS    Completed epoch 72 / 2000;    current loss: 396.6755065917969
INFO Gradient norm: 34344.15583182696
PROGRESS    Completed epoch 73 / 2000;    current loss: 395.89849853515625
INFO Gradient norm: 20659.329987597695
PROGRESS    Completed epoch 74 / 2000;    current loss: 395.7406311035156
INFO Gradient norm: 29017.814576546356
PROGRESS    Completed epoch 75 / 2000;    current loss: 395.2650146484375
INFO Gradient norm: 130999.68096937986
PROGRESS    Completed epoch 76 / 2000;    current loss: 394.4451904296875
INFO Gradient norm: 9460.631763984178
PROGRESS    Completed epoch 77 / 2000;    current loss: 395.01397705078125
INFO Gradient norm: 8509.95497294331
PROGRESS    Completed epoch 78 / 2000;    current loss: 394.7022399902344
INFO Gradient norm: 19721.738387719186
PROGRESS    Completed epoch 79 / 2000;    current loss: 393.96881103515625
INFO Gradient norm: 8199.770665535225
PROGRESS    Completed epoch 80 / 2000;    current loss: 393.97821044921875
INFO Gradient norm: 5918.522367431165
PROGRESS    Completed epoch 81 / 2000;    current loss: 393.7711181640625
INFO Gradient norm: 6885.824742629254
PROGRESS    Completed epoch 82 / 2000;    current loss: 393.30291748046875
INFO Gradient norm: 31530.342128622568
PROGRESS    Completed epoch 83 / 2000;    current loss: 392.2719421386719
INFO Gradient norm: 5611.205507202999
PROGRESS    Completed epoch 84 / 2000;    current loss: 392.62725830078125
INFO Gradient norm: 4031.5916991518393
PROGRESS    Completed epoch 85 / 2000;    current loss: 392.42669677734375
INFO Gradient norm: 3963.7719783277357
PROGRESS    Completed epoch 86 / 2000;    current loss: 392.0223388671875
INFO Gradient norm: 5152.817283393543
PROGRESS    Completed epoch 87 / 2000;    current loss: 391.4330749511719
INFO Gradient norm: 32241.584493526898
PROGRESS    Completed epoch 88 / 2000;    current loss: 390.20306396484375
INFO Gradient norm: 4360.658591765534
PROGRESS    Completed epoch 89 / 2000;    current loss: 390.66314697265625
INFO Gradient norm: 3096.428914141333
PROGRESS    Completed epoch 90 / 2000;    current loss: 390.4586486816406
INFO Gradient norm: 2871.247269860697
PROGRESS    Completed epoch 91 / 2000;    current loss: 390.06719970703125
INFO Gradient norm: 3130.519585596586
PROGRESS    Completed epoch 92 / 2000;    current loss: 389.5381774902344
INFO Gradient norm: 4513.681448694201
PROGRESS    Completed epoch 93 / 2000;    current loss: 388.8248291015625
INFO Gradient norm: 25596.976968891537
PROGRESS    Completed epoch 94 / 2000;    current loss: 387.57470703125
INFO Gradient norm: 5858.407401150839
PROGRESS    Completed epoch 95 / 2000;    current loss: 387.7328186035156
INFO Gradient norm: 5350.466865908808
PROGRESS    Completed epoch 96 / 2000;    current loss: 387.2969665527344
INFO Gradient norm: 9334.912910204092
PROGRESS    Completed epoch 97 / 2000;    current loss: 386.5284729003906
INFO Gradient norm: 7773.642200580813
PROGRESS    Completed epoch 98 / 2000;    current loss: 386.11419677734375
INFO Gradient norm: 5179.08410454727
PROGRESS    Completed epoch 99 / 2000;    current loss: 385.8152770996094
INFO Gradient norm: 6470.002081225525
PROGRESS    Completed epoch 100 / 2000;    current loss: 385.18768310546875
INFO Gradient norm: 27076.070086258813
PROGRESS    Completed epoch 101 / 2000;    current loss: 384.0800476074219
INFO Gradient norm: 13249.585130623671
PROGRESS    Completed epoch 102 / 2000;    current loss: 383.82891845703125
INFO Gradient norm: 19748.109926608526
PROGRESS    Completed epoch 103 / 2000;    current loss: 383.1464538574219
INFO Gradient norm: 143253.96794995872
PROGRESS    Completed epoch 104 / 2000;    current loss: 382.0032653808594
INFO Gradient norm: 9169.89147010632
PROGRESS    Completed epoch 105 / 2000;    current loss: 382.3883056640625
INFO Gradient norm: 15807.256164396165
PROGRESS    Completed epoch 106 / 2000;    current loss: 381.61883544921875
INFO Gradient norm: 6809.513830212844
PROGRESS    Completed epoch 107 / 2000;    current loss: 381.4315490722656
INFO Gradient norm: 5771.693171149285
PROGRESS    Completed epoch 108 / 2000;    current loss: 380.9567565917969
INFO Gradient norm: 14968.959775961534
PROGRESS    Completed epoch 109 / 2000;    current loss: 379.9708251953125
INFO Gradient norm: 4868.154282043988
PROGRESS    Completed epoch 110 / 2000;    current loss: 379.90362548828125
INFO Gradient norm: 3662.3164712317703
PROGRESS    Completed epoch 111 / 2000;    current loss: 379.4830627441406
INFO Gradient norm: 4414.352592919966
PROGRESS    Completed epoch 112 / 2000;    current loss: 378.78729248046875
INFO Gradient norm: 45215.65366177221
PROGRESS    Completed epoch 113 / 2000;    current loss: 377.2535705566406
INFO Gradient norm: 3212.480794448825
PROGRESS    Completed epoch 114 / 2000;    current loss: 377.7774963378906
INFO Gradient norm: 2390.8412705992255
PROGRESS    Completed epoch 115 / 2000;    current loss: 377.36859130859375
INFO Gradient norm: 2343.0022718676823
PROGRESS    Completed epoch 116 / 2000;    current loss: 376.75506591796875
INFO Gradient norm: 2904.2549955169757
PROGRESS    Completed epoch 117 / 2000;    current loss: 375.95928955078125
INFO Gradient norm: 9221.624530657455
PROGRESS    Completed epoch 118 / 2000;    current loss: 374.7107849121094
INFO Gradient norm: 3032.611765833126
PROGRESS    Completed epoch 119 / 2000;    current loss: 374.61676025390625
INFO Gradient norm: 2105.244960102561
PROGRESS    Completed epoch 120 / 2000;    current loss: 374.2102355957031
INFO Gradient norm: 1968.1345323166913
PROGRESS    Completed epoch 121 / 2000;    current loss: 373.5902099609375
INFO Gradient norm: 2175.245332055278
PROGRESS    Completed epoch 122 / 2000;    current loss: 372.8166809082031
INFO Gradient norm: 3428.099337409407
PROGRESS    Completed epoch 123 / 2000;    current loss: 371.8177490234375
INFO Gradient norm: 6334.302057442778
PROGRESS    Completed epoch 124 / 2000;    current loss: 370.8014221191406
INFO Gradient norm: 2955.3827923833046
PROGRESS    Completed epoch 125 / 2000;    current loss: 370.49688720703125
INFO Gradient norm: 2787.1822675793683
PROGRESS    Completed epoch 126 / 2000;    current loss: 369.812255859375
INFO Gradient norm: 4108.8483430273845
PROGRESS    Completed epoch 127 / 2000;    current loss: 368.85498046875
INFO Gradient norm: 7863.332317866937
PROGRESS    Completed epoch 128 / 2000;    current loss: 367.8004150390625
INFO Gradient norm: 4204.0785693781445
PROGRESS    Completed epoch 129 / 2000;    current loss: 367.34722900390625
INFO Gradient norm: 6119.570621608573
PROGRESS    Completed epoch 130 / 2000;    current loss: 366.4091796875
INFO Gradient norm: 6152.888981414201
PROGRESS    Completed epoch 131 / 2000;    current loss: 365.64764404296875
INFO Gradient norm: 4652.624717510568
PROGRESS    Completed epoch 132 / 2000;    current loss: 365.01812744140625
INFO Gradient norm: 15269.341274661669
PROGRESS    Completed epoch 133 / 2000;    current loss: 363.7311706542969
INFO Gradient norm: 3266.354919069142
PROGRESS    Completed epoch 134 / 2000;    current loss: 363.64752197265625
INFO Gradient norm: 2562.997619601375
PROGRESS    Completed epoch 135 / 2000;    current loss: 363.0035400390625
INFO Gradient norm: 3171.9344411542143
PROGRESS    Completed epoch 136 / 2000;    current loss: 362.0810546875
INFO Gradient norm: 182089.02190660103
PROGRESS    Completed epoch 137 / 2000;    current loss: 359.8626403808594
INFO Gradient norm: 10113.447289355998
PROGRESS    Completed epoch 138 / 2000;    current loss: 359.9264221191406
INFO Gradient norm: 9001.746866814858
PROGRESS    Completed epoch 139 / 2000;    current loss: 359.16448974609375
INFO Gradient norm: 89590.01294125152
PROGRESS    Completed epoch 140 / 2000;    current loss: 357.59423828125
INFO Gradient norm: 3223.1299979515184
PROGRESS    Completed epoch 141 / 2000;    current loss: 358.01751708984375
INFO Gradient norm: 2836.858262601473
PROGRESS    Completed epoch 142 / 2000;    current loss: 357.25592041015625
INFO Gradient norm: 4956.22809564929
PROGRESS    Completed epoch 143 / 2000;    current loss: 356.1142578125
INFO Gradient norm: 3917.6789437642256
PROGRESS    Completed epoch 144 / 2000;    current loss: 355.36669921875
INFO Gradient norm: 2749.0060502573956
PROGRESS    Completed epoch 145 / 2000;    current loss: 354.6905822753906
INFO Gradient norm: 3730.562547277141
PROGRESS    Completed epoch 146 / 2000;    current loss: 353.64788818359375
INFO Gradient norm: 6779.415217052962
PROGRESS    Completed epoch 147 / 2000;    current loss: 352.4825439453125
INFO Gradient norm: 4425.25659915149
PROGRESS    Completed epoch 148 / 2000;    current loss: 351.7950744628906
INFO Gradient norm: 28129.301593594228
PROGRESS    Completed epoch 149 / 2000;    current loss: 350.1609191894531
INFO Gradient norm: 2498.7467110673415
PROGRESS    Completed epoch 150 / 2000;    current loss: 350.29901123046875
INFO Gradient norm: 2035.1502478389184
PROGRESS    Completed epoch 151 / 2000;    current loss: 349.5173645019531
INFO Gradient norm: 2521.9762032311855
PROGRESS    Completed epoch 152 / 2000;    current loss: 348.4620361328125
INFO Gradient norm: 123859.40678146906
PROGRESS    Completed epoch 153 / 2000;    current loss: 346.1466064453125
INFO Gradient norm: 1800.2939647025228
PROGRESS    Completed epoch 154 / 2000;    current loss: 346.8255615234375
INFO Gradient norm: 1401.5173940619843
PROGRESS    Completed epoch 155 / 2000;    current loss: 346.0823974609375
INFO Gradient norm: 1376.2715896911352
PROGRESS    Completed epoch 156 / 2000;    current loss: 345.12969970703125
INFO Gradient norm: 1625.4797344002006
PROGRESS    Completed epoch 157 / 2000;    current loss: 343.99774169921875
INFO Gradient norm: 3739.613491642231
PROGRESS    Completed epoch 158 / 2000;    current loss: 342.4845275878906
INFO Gradient norm: 2030.034406742323
PROGRESS    Completed epoch 159 / 2000;    current loss: 341.8156433105469
INFO Gradient norm: 1406.815652453161
PROGRESS    Completed epoch 160 / 2000;    current loss: 341.07171630859375
INFO Gradient norm: 1320.4707895731292
PROGRESS    Completed epoch 161 / 2000;    current loss: 340.07977294921875
INFO Gradient norm: 1451.3279990521391
PROGRESS    Completed epoch 162 / 2000;    current loss: 338.9139404296875
INFO Gradient norm: 2244.2336430745368
PROGRESS    Completed epoch 163 / 2000;    current loss: 337.498291015625
INFO Gradient norm: 3449.768622324226
PROGRESS    Completed epoch 164 / 2000;    current loss: 336.1536560058594
INFO Gradient norm: 1860.1563149389976
PROGRESS    Completed epoch 165 / 2000;    current loss: 335.404541015625
INFO Gradient norm: 1863.1226071953506
PROGRESS    Completed epoch 166 / 2000;    current loss: 334.2789306640625
INFO Gradient norm: 3293.213135505965
PROGRESS    Completed epoch 167 / 2000;    current loss: 332.8060302734375
INFO Gradient norm: 2630.3552291410406
PROGRESS    Completed epoch 168 / 2000;    current loss: 331.7844543457031
INFO Gradient norm: 1826.0964465474012
PROGRESS    Completed epoch 169 / 2000;    current loss: 330.8680725097656
INFO Gradient norm: 2055.5724379808967
PROGRESS    Completed epoch 170 / 2000;    current loss: 329.63232421875
INFO Gradient norm: 8406.636515646409
PROGRESS    Completed epoch 171 / 2000;    current loss: 327.7796630859375
INFO Gradient norm: 1679.899513065191
PROGRESS    Completed epoch 172 / 2000;    current loss: 327.45947265625
INFO Gradient norm: 1314.1898701030475
PROGRESS    Completed epoch 173 / 2000;    current loss: 326.4908447265625
INFO Gradient norm: 1334.6197834509715
PROGRESS    Completed epoch 174 / 2000;    current loss: 325.2911071777344
INFO Gradient norm: 1790.5979983853192
PROGRESS    Completed epoch 175 / 2000;    current loss: 323.86053466796875
INFO Gradient norm: 6071.071122982224
PROGRESS    Completed epoch 176 / 2000;    current loss: 322.0016784667969
INFO Gradient norm: 2423.034496306834
PROGRESS    Completed epoch 177 / 2000;    current loss: 321.2496032714844
INFO Gradient norm: 3132.7505474080413
PROGRESS    Completed epoch 178 / 2000;    current loss: 319.90203857421875
INFO Gradient norm: 3429.0706899024954
PROGRESS    Completed epoch 179 / 2000;    current loss: 318.6524658203125
INFO Gradient norm: 2846.8113051176647
PROGRESS    Completed epoch 180 / 2000;    current loss: 317.536865234375
INFO Gradient norm: 11908.284485839527
PROGRESS    Completed epoch 181 / 2000;    current loss: 315.7135009765625
INFO Gradient norm: 6979.863992410884
PROGRESS    Completed epoch 182 / 2000;    current loss: 314.6872253417969
INFO Gradient norm: 3202.780735390437
PROGRESS    Completed epoch 183 / 2000;    current loss: 313.822998046875
INFO Gradient norm: 5048.259669255659
PROGRESS    Completed epoch 184 / 2000;    current loss: 312.4021911621094
INFO Gradient norm: 2196.6303390656803
PROGRESS    Completed epoch 185 / 2000;    current loss: 311.6128234863281
INFO Gradient norm: 1967.6324462640807
PROGRESS    Completed epoch 186 / 2000;    current loss: 310.45330810546875
INFO Gradient norm: 4424.116923693763
PROGRESS    Completed epoch 187 / 2000;    current loss: 308.7862548828125
INFO Gradient norm: 1669.5715610967086
PROGRESS    Completed epoch 188 / 2000;    current loss: 308.06146240234375
INFO Gradient norm: 1348.3494679770347
PROGRESS    Completed epoch 189 / 2000;    current loss: 306.95172119140625
INFO Gradient norm: 1476.2277972200652
PROGRESS    Completed epoch 190 / 2000;    current loss: 305.5696716308594
INFO Gradient norm: 3049.459493385543
PROGRESS    Completed epoch 191 / 2000;    current loss: 303.7914123535156
INFO Gradient norm: 1487.163065223517
PROGRESS    Completed epoch 192 / 2000;    current loss: 302.8963317871094
INFO Gradient norm: 1175.3379337425858
PROGRESS    Completed epoch 193 / 2000;    current loss: 301.75701904296875
INFO Gradient norm: 1207.3781999337566
PROGRESS    Completed epoch 194 / 2000;    current loss: 300.3675231933594
INFO Gradient norm: 1715.0964031462263
PROGRESS    Completed epoch 195 / 2000;    current loss: 298.7110290527344
INFO Gradient norm: 1943.5326334900826
PROGRESS    Completed epoch 196 / 2000;    current loss: 297.24334716796875
INFO Gradient norm: 1358.6575448083954
PROGRESS    Completed epoch 197 / 2000;    current loss: 296.1126708984375
INFO Gradient norm: 1431.4659035487455
PROGRESS    Completed epoch 198 / 2000;    current loss: 294.6609191894531
INFO Gradient norm: 2862.1887724132075
PROGRESS    Completed epoch 199 / 2000;    current loss: 292.81939697265625
INFO Gradient norm: 1309.772037518862
PROGRESS    Completed epoch 200 / 2000;    current loss: 291.8709411621094
INFO Gradient norm: 1089.2926840296766
PROGRESS    Completed epoch 201 / 2000;    current loss: 290.6107177734375
INFO Gradient norm: 1132.3766397491531
PROGRESS    Completed epoch 202 / 2000;    current loss: 289.1168518066406
INFO Gradient norm: 1651.0184237469841
PROGRESS    Completed epoch 203 / 2000;    current loss: 287.3520812988281
INFO Gradient norm: 1397.0026802563973
PROGRESS    Completed epoch 204 / 2000;    current loss: 285.994140625
INFO Gradient norm: 1079.1722063723544
PROGRESS    Completed epoch 205 / 2000;    current loss: 284.7253112792969
INFO Gradient norm: 1074.884306369391
PROGRESS    Completed epoch 206 / 2000;    current loss: 283.20123291015625
INFO Gradient norm: 1338.7411881466069
PROGRESS    Completed epoch 207 / 2000;    current loss: 281.45098876953125
INFO Gradient norm: 1685.053911060625
PROGRESS    Completed epoch 208 / 2000;    current loss: 279.7308349609375
INFO Gradient norm: 1275.3055572226847
PROGRESS    Completed epoch 209 / 2000;    current loss: 278.3475646972656
INFO Gradient norm: 1542.112589539069
PROGRESS    Completed epoch 210 / 2000;    current loss: 276.64483642578125
INFO Gradient norm: 1380.7494095214784
PROGRESS    Completed epoch 211 / 2000;    current loss: 275.1415100097656
INFO Gradient norm: 1181.259844674313
PROGRESS    Completed epoch 212 / 2000;    current loss: 273.6646728515625
INFO Gradient norm: 1425.927005967483
PROGRESS    Completed epoch 213 / 2000;    current loss: 271.91357421875
INFO Gradient norm: 1254.3366944806282
PROGRESS    Completed epoch 214 / 2000;    current loss: 270.36932373046875
INFO Gradient norm: 1125.2134287060103
PROGRESS    Completed epoch 215 / 2000;    current loss: 268.8239440917969
INFO Gradient norm: 1489.1501538997943
PROGRESS    Completed epoch 216 / 2000;    current loss: 267.0062561035156
INFO Gradient norm: 1006.8820245757859
PROGRESS    Completed epoch 217 / 2000;    current loss: 265.660888671875
INFO Gradient norm: 906.7665478873982
PROGRESS    Completed epoch 218 / 2000;    current loss: 264.12982177734375
INFO Gradient norm: 934.490144860349
PROGRESS    Completed epoch 219 / 2000;    current loss: 262.4115295410156
INFO Gradient norm: 1238.8303905136877
PROGRESS    Completed epoch 220 / 2000;    current loss: 260.4792785644531
INFO Gradient norm: 884.7016117156551
PROGRESS    Completed epoch 221 / 2000;    current loss: 259.0742492675781
INFO Gradient norm: 805.538321301054
PROGRESS    Completed epoch 222 / 2000;    current loss: 257.49072265625
INFO Gradient norm: 794.9289706895863
PROGRESS    Completed epoch 223 / 2000;    current loss: 255.7503662109375
INFO Gradient norm: 829.1947423676365
PROGRESS    Completed epoch 224 / 2000;    current loss: 253.88186645507812
INFO Gradient norm: 1039.8965596739436
PROGRESS    Completed epoch 225 / 2000;    current loss: 251.83802795410156
INFO Gradient norm: 781.2314242203429
PROGRESS    Completed epoch 226 / 2000;    current loss: 250.385986328125
INFO Gradient norm: 732.9291462566629
PROGRESS    Completed epoch 227 / 2000;    current loss: 248.7320556640625
INFO Gradient norm: 719.0921537192147
PROGRESS    Completed epoch 228 / 2000;    current loss: 246.9473419189453
INFO Gradient norm: 720.008594075584
PROGRESS    Completed epoch 229 / 2000;    current loss: 245.06536865234375
INFO Gradient norm: 738.8057474407356
PROGRESS    Completed epoch 230 / 2000;    current loss: 243.09124755859375
INFO Gradient norm: 823.3257236697038
PROGRESS    Completed epoch 231 / 2000;    current loss: 240.99574279785156
INFO Gradient norm: 718.0172767462597
PROGRESS    Completed epoch 232 / 2000;    current loss: 239.35299682617188
INFO Gradient norm: 688.0667611875361
PROGRESS    Completed epoch 233 / 2000;    current loss: 237.58743286132812
INFO Gradient norm: 677.6018672796616
PROGRESS    Completed epoch 234 / 2000;    current loss: 235.71710205078125
INFO Gradient norm: 674.8811887156467
PROGRESS    Completed epoch 235 / 2000;    current loss: 233.77066040039062
INFO Gradient norm: 679.4228039113383
PROGRESS    Completed epoch 236 / 2000;    current loss: 231.75692749023438
INFO Gradient norm: 700.6292466138334
PROGRESS    Completed epoch 237 / 2000;    current loss: 229.668212890625
INFO Gradient norm: 675.0988530541832
PROGRESS    Completed epoch 238 / 2000;    current loss: 227.80465698242188
INFO Gradient norm: 654.9846152263937
PROGRESS    Completed epoch 239 / 2000;    current loss: 225.94705200195312
INFO Gradient norm: 646.2405647785854
PROGRESS    Completed epoch 240 / 2000;    current loss: 224.00143432617188
INFO Gradient norm: 642.001734094233
PROGRESS    Completed epoch 241 / 2000;    current loss: 221.99159240722656
INFO Gradient norm: 641.0226808467017
PROGRESS    Completed epoch 242 / 2000;    current loss: 219.9284210205078
INFO Gradient norm: 644.6691257815763
PROGRESS    Completed epoch 243 / 2000;    current loss: 217.81353759765625
INFO Gradient norm: 638.0989052096347
PROGRESS    Completed epoch 244 / 2000;    current loss: 215.79078674316406
INFO Gradient norm: 626.684314084522
PROGRESS    Completed epoch 245 / 2000;    current loss: 213.82144165039062
INFO Gradient norm: 620.3622516490217
PROGRESS    Completed epoch 246 / 2000;    current loss: 211.7932891845703
INFO Gradient norm: 616.3320624666649
PROGRESS    Completed epoch 247 / 2000;    current loss: 209.72088623046875
INFO Gradient norm: 613.9871493499087
PROGRESS    Completed epoch 248 / 2000;    current loss: 207.6112060546875
INFO Gradient norm: 609.8395621265387
PROGRESS    Completed epoch 249 / 2000;    current loss: 205.51414489746094
INFO Gradient norm: 602.8226995383117
PROGRESS    Completed epoch 250 / 2000;    current loss: 203.466552734375
INFO Gradient norm: 598.1148845179446
PROGRESS    Completed epoch 251 / 2000;    current loss: 201.37571716308594
INFO Gradient norm: 594.6807740152518
PROGRESS    Completed epoch 252 / 2000;    current loss: 199.25221252441406
INFO Gradient norm: 588.3988509522773
PROGRESS    Completed epoch 253 / 2000;    current loss: 197.20932006835938
INFO Gradient norm: 583.355391404181
PROGRESS    Completed epoch 254 / 2000;    current loss: 195.1322784423828
INFO Gradient norm: 579.1933000855071
PROGRESS    Completed epoch 255 / 2000;    current loss: 193.02505493164062
INFO Gradient norm: 575.5489957635218
PROGRESS    Completed epoch 256 / 2000;    current loss: 190.89500427246094
INFO Gradient norm: 572.3133529351969
PROGRESS    Completed epoch 257 / 2000;    current loss: 188.74649047851562
INFO Gradient norm: 567.0119971587256
PROGRESS    Completed epoch 258 / 2000;    current loss: 186.6842041015625
INFO Gradient norm: 562.7401834851755
PROGRESS    Completed epoch 259 / 2000;    current loss: 184.59242248535156
INFO Gradient norm: 558.8924373895074
PROGRESS    Completed epoch 260 / 2000;    current loss: 182.47781372070312
INFO Gradient norm: 555.2857747914537
PROGRESS    Completed epoch 261 / 2000;    current loss: 180.345703125
INFO Gradient norm: 551.8461353133426
PROGRESS    Completed epoch 262 / 2000;    current loss: 178.20066833496094
INFO Gradient norm: 547.8435799442476
PROGRESS    Completed epoch 263 / 2000;    current loss: 176.10772705078125
INFO Gradient norm: 543.845504335917
PROGRESS    Completed epoch 264 / 2000;    current loss: 174.01609802246094
INFO Gradient norm: 540.0854510643109
PROGRESS    Completed epoch 265 / 2000;    current loss: 171.90774536132812
INFO Gradient norm: 536.4625368213318
PROGRESS    Completed epoch 266 / 2000;    current loss: 169.78848266601562
INFO Gradient norm: 532.92593402571
PROGRESS    Completed epoch 267 / 2000;    current loss: 167.66122436523438
INFO Gradient norm: 529.242368163418
PROGRESS    Completed epoch 268 / 2000;    current loss: 165.55455017089844
INFO Gradient norm: 525.5693265644232
PROGRESS    Completed epoch 269 / 2000;    current loss: 163.46490478515625
INFO Gradient norm: 522.0024514551862
PROGRESS    Completed epoch 270 / 2000;    current loss: 161.36619567871094
INFO Gradient norm: 518.4993818866673
PROGRESS    Completed epoch 271 / 2000;    current loss: 159.2615966796875
INFO Gradient norm: 515.0069702853094
PROGRESS    Completed epoch 272 / 2000;    current loss: 157.1739959716797
INFO Gradient norm: 511.5179405283146
PROGRESS    Completed epoch 273 / 2000;    current loss: 155.09654235839844
INFO Gradient norm: 508.08301147011264
PROGRESS    Completed epoch 274 / 2000;    current loss: 153.01402282714844
INFO Gradient norm: 504.6921187904343
PROGRESS    Completed epoch 275 / 2000;    current loss: 150.93045043945312
INFO Gradient norm: 501.2974993840365
PROGRESS    Completed epoch 276 / 2000;    current loss: 148.87686157226562
INFO Gradient norm: 497.95004082686177
PROGRESS    Completed epoch 277 / 2000;    current loss: 146.82205200195312
INFO Gradient norm: 494.6344402798849
PROGRESS    Completed epoch 278 / 2000;    current loss: 144.76646423339844
INFO Gradient norm: 491.22023211375705
PROGRESS    Completed epoch 279 / 2000;    current loss: 142.7122344970703
INFO Gradient norm: 487.6217954563027
PROGRESS    Completed epoch 280 / 2000;    current loss: 140.67298889160156
INFO Gradient norm: 483.85710552700846
PROGRESS    Completed epoch 281 / 2000;    current loss: 138.64590454101562
INFO Gradient norm: 479.9317370933333
PROGRESS    Completed epoch 282 / 2000;    current loss: 136.6190948486328
INFO Gradient norm: 475.8537453500927
PROGRESS    Completed epoch 283 / 2000;    current loss: 134.59498596191406
INFO Gradient norm: 471.7259247570284
PROGRESS    Completed epoch 284 / 2000;    current loss: 132.59291076660156
INFO Gradient norm: 467.6792548784616
PROGRESS    Completed epoch 285 / 2000;    current loss: 130.59640502929688
INFO Gradient norm: 463.7212241927417
PROGRESS    Completed epoch 286 / 2000;    current loss: 128.602783203125
INFO Gradient norm: 459.84631097547935
PROGRESS    Completed epoch 287 / 2000;    current loss: 126.61311340332031
INFO Gradient norm: 456.03847944301623
PROGRESS    Completed epoch 288 / 2000;    current loss: 124.641845703125
INFO Gradient norm: 452.33417520586
PROGRESS    Completed epoch 289 / 2000;    current loss: 122.68008422851562
INFO Gradient norm: 448.70685364599836
PROGRESS    Completed epoch 290 / 2000;    current loss: 120.72273254394531
INFO Gradient norm: 445.1368602362119
PROGRESS    Completed epoch 291 / 2000;    current loss: 118.77184295654297
INFO Gradient norm: 441.41406614116903
PROGRESS    Completed epoch 292 / 2000;    current loss: 116.8382568359375
INFO Gradient norm: 437.4346625250655
PROGRESS    Completed epoch 293 / 2000;    current loss: 114.91604614257812
INFO Gradient norm: 433.23179795708586
PROGRESS    Completed epoch 294 / 2000;    current loss: 112.99980926513672
INFO Gradient norm: 428.98715375073414
PROGRESS    Completed epoch 295 / 2000;    current loss: 111.09150695800781
INFO Gradient norm: 424.87477300703574
PROGRESS    Completed epoch 296 / 2000;    current loss: 109.20523071289062
INFO Gradient norm: 420.9305869627908
PROGRESS    Completed epoch 297 / 2000;    current loss: 107.32707977294922
INFO Gradient norm: 417.1170776018477
PROGRESS    Completed epoch 298 / 2000;    current loss: 105.45606994628906
INFO Gradient norm: 413.3692302617462
PROGRESS    Completed epoch 299 / 2000;    current loss: 103.5937271118164
INFO Gradient norm: 409.4175532755047
PROGRESS    Completed epoch 300 / 2000;    current loss: 101.74762725830078
INFO Gradient norm: 405.1728855511915
PROGRESS    Completed epoch 301 / 2000;    current loss: 99.91693115234375
INFO Gradient norm: 400.86443129617203
PROGRESS    Completed epoch 302 / 2000;    current loss: 98.09549713134766
INFO Gradient norm: 396.74405478051403
PROGRESS    Completed epoch 303 / 2000;    current loss: 96.28327941894531
INFO Gradient norm: 392.7953843926855
PROGRESS    Completed epoch 304 / 2000;    current loss: 94.4946060180664
INFO Gradient norm: 388.9131700357064
PROGRESS    Completed epoch 305 / 2000;    current loss: 92.7160415649414
INFO Gradient norm: 384.72593143402736
PROGRESS    Completed epoch 306 / 2000;    current loss: 90.946533203125
INFO Gradient norm: 380.3296092687997
PROGRESS    Completed epoch 307 / 2000;    current loss: 89.18804168701172
INFO Gradient norm: 376.19198373290334
PROGRESS    Completed epoch 308 / 2000;    current loss: 87.44677734375
INFO Gradient norm: 372.24231641886973
PROGRESS    Completed epoch 309 / 2000;    current loss: 85.72321319580078
INFO Gradient norm: 368.14457872223676
PROGRESS    Completed epoch 310 / 2000;    current loss: 84.01040649414062
INFO Gradient norm: 363.7499818868383
PROGRESS    Completed epoch 311 / 2000;    current loss: 82.30904388427734
INFO Gradient norm: 359.4575272913696
PROGRESS    Completed epoch 312 / 2000;    current loss: 80.6328353881836
INFO Gradient norm: 355.4340164405926
PROGRESS    Completed epoch 313 / 2000;    current loss: 78.96791076660156
INFO Gradient norm: 351.2246377827824
PROGRESS    Completed epoch 314 / 2000;    current loss: 77.31480407714844
INFO Gradient norm: 346.8013092888868
PROGRESS    Completed epoch 315 / 2000;    current loss: 75.67420959472656
INFO Gradient norm: 342.67825814414664
PROGRESS    Completed epoch 316 / 2000;    current loss: 74.05240631103516
INFO Gradient norm: 338.56519946030016
PROGRESS    Completed epoch 317 / 2000;    current loss: 72.44964599609375
INFO Gradient norm: 334.1306631181345
PROGRESS    Completed epoch 318 / 2000;    current loss: 70.85984802246094
INFO Gradient norm: 329.87117162968406
PROGRESS    Completed epoch 319 / 2000;    current loss: 69.283203125
INFO Gradient norm: 325.7248852409128
PROGRESS    Completed epoch 320 / 2000;    current loss: 67.7324447631836
INFO Gradient norm: 321.23104480501235
PROGRESS    Completed epoch 321 / 2000;    current loss: 66.19497680664062
INFO Gradient norm: 317.0413757187129
PROGRESS    Completed epoch 322 / 2000;    current loss: 64.67109680175781
INFO Gradient norm: 312.80075060183987
PROGRESS    Completed epoch 323 / 2000;    current loss: 63.16142272949219
INFO Gradient norm: 308.3613955958805
PROGRESS    Completed epoch 324 / 2000;    current loss: 61.67156982421875
INFO Gradient norm: 304.31147528298993
PROGRESS    Completed epoch 325 / 2000;    current loss: 60.20229721069336
INFO Gradient norm: 299.7491891778981
PROGRESS    Completed epoch 326 / 2000;    current loss: 58.747276306152344
INFO Gradient norm: 295.59075536969226
PROGRESS    Completed epoch 327 / 2000;    current loss: 57.307289123535156
INFO Gradient norm: 291.0534412692982
PROGRESS    Completed epoch 328 / 2000;    current loss: 55.889312744140625
INFO Gradient norm: 287.100065456552
PROGRESS    Completed epoch 329 / 2000;    current loss: 54.49011993408203
INFO Gradient norm: 282.48173801039854
PROGRESS    Completed epoch 330 / 2000;    current loss: 53.10679626464844
INFO Gradient norm: 278.3776758721319
PROGRESS    Completed epoch 331 / 2000;    current loss: 51.74365997314453
INFO Gradient norm: 273.7200568936944
PROGRESS    Completed epoch 332 / 2000;    current loss: 50.398006439208984
INFO Gradient norm: 269.7745558989307
PROGRESS    Completed epoch 333 / 2000;    current loss: 49.068389892578125
INFO Gradient norm: 265.09405728725454
PROGRESS    Completed epoch 334 / 2000;    current loss: 47.75968551635742
INFO Gradient norm: 261.25517279405807
PROGRESS    Completed epoch 335 / 2000;    current loss: 46.47110366821289
INFO Gradient norm: 256.62291925317777
PROGRESS    Completed epoch 336 / 2000;    current loss: 45.19886016845703
INFO Gradient norm: 252.60409780588296
PROGRESS    Completed epoch 337 / 2000;    current loss: 43.94880294799805
INFO Gradient norm: 247.89410943798623
PROGRESS    Completed epoch 338 / 2000;    current loss: 42.715972900390625
INFO Gradient norm: 243.98775327837402
PROGRESS    Completed epoch 339 / 2000;    current loss: 41.49933624267578
INFO Gradient norm: 239.39772630010586
PROGRESS    Completed epoch 340 / 2000;    current loss: 40.308013916015625
INFO Gradient norm: 235.58810149833866
PROGRESS    Completed epoch 341 / 2000;    current loss: 39.1337890625
INFO Gradient norm: 230.89039683360292
PROGRESS    Completed epoch 342 / 2000;    current loss: 37.97563934326172
INFO Gradient norm: 226.97205846451882
PROGRESS    Completed epoch 343 / 2000;    current loss: 36.83612060546875
INFO Gradient norm: 222.24845969351097
PROGRESS    Completed epoch 344 / 2000;    current loss: 35.71974563598633
INFO Gradient norm: 218.59730783131005
PROGRESS    Completed epoch 345 / 2000;    current loss: 34.62036895751953
INFO Gradient norm: 213.82493341009572
PROGRESS    Completed epoch 346 / 2000;    current loss: 33.543094635009766
INFO Gradient norm: 210.0583888273557
PROGRESS    Completed epoch 347 / 2000;    current loss: 32.48398971557617
INFO Gradient norm: 205.1584660692136
PROGRESS    Completed epoch 348 / 2000;    current loss: 31.445524215698242
INFO Gradient norm: 201.54186726587164
PROGRESS    Completed epoch 349 / 2000;    current loss: 30.425811767578125
INFO Gradient norm: 196.77619602807317
PROGRESS    Completed epoch 350 / 2000;    current loss: 29.426708221435547
INFO Gradient norm: 193.355442544325
PROGRESS    Completed epoch 351 / 2000;    current loss: 28.446178436279297
INFO Gradient norm: 188.65605185153845
PROGRESS    Completed epoch 352 / 2000;    current loss: 27.486572265625
INFO Gradient norm: 185.47534144534225
PROGRESS    Completed epoch 353 / 2000;    current loss: 26.545228958129883
INFO Gradient norm: 180.76513455846023
PROGRESS    Completed epoch 354 / 2000;    current loss: 25.62548828125
INFO Gradient norm: 175.62856650309467
PROGRESS    Completed epoch 355 / 2000;    current loss: 24.72537612915039
INFO Gradient norm: 171.6921680998939
PROGRESS    Completed epoch 356 / 2000;    current loss: 23.846513748168945
INFO Gradient norm: 168.57487373798745
PROGRESS    Completed epoch 357 / 2000;    current loss: 22.98227310180664
INFO Gradient norm: 164.70991770074053
PROGRESS    Completed epoch 358 / 2000;    current loss: 22.13690948486328
INFO Gradient norm: 159.752596295372
PROGRESS    Completed epoch 359 / 2000;    current loss: 21.317293167114258
INFO Gradient norm: 156.0991729974413
PROGRESS    Completed epoch 360 / 2000;    current loss: 20.51411247253418
INFO Gradient norm: 155.09653346809094
PROGRESS    Completed epoch 361 / 2000;    current loss: 19.731210708618164
INFO Gradient norm: 151.83537547200496
PROGRESS    Completed epoch 362 / 2000;    current loss: 18.963350296020508
INFO Gradient norm: 145.46692469491907
PROGRESS    Completed epoch 363 / 2000;    current loss: 18.219465255737305
INFO Gradient norm: 140.5642800267339
PROGRESS    Completed epoch 364 / 2000;    current loss: 17.499713897705078
INFO Gradient norm: 137.45865494090296
PROGRESS    Completed epoch 365 / 2000;    current loss: 16.79454803466797
INFO Gradient norm: 132.7253646465733
PROGRESS    Completed epoch 366 / 2000;    current loss: 16.09607696533203
INFO Gradient norm: 132.0806800019186
PROGRESS    Completed epoch 367 / 2000;    current loss: 15.424869537353516
INFO Gradient norm: 131.30544385138876
PROGRESS    Completed epoch 368 / 2000;    current loss: 14.779237747192383
INFO Gradient norm: 123.63404103227765
PROGRESS    Completed epoch 369 / 2000;    current loss: 14.141822814941406
INFO Gradient norm: 118.52994149222785
PROGRESS    Completed epoch 370 / 2000;    current loss: 13.529850006103516
INFO Gradient norm: 115.99461369736488
PROGRESS    Completed epoch 371 / 2000;    current loss: 12.939046859741211
INFO Gradient norm: 110.75990370821633
PROGRESS    Completed epoch 372 / 2000;    current loss: 12.355546951293945
INFO Gradient norm: 115.81168625870048
PROGRESS    Completed epoch 373 / 2000;    current loss: 11.801901817321777
INFO Gradient norm: 115.0955703633925
PROGRESS    Completed epoch 374 / 2000;    current loss: 11.262428283691406
INFO Gradient norm: 102.07988477324861
PROGRESS    Completed epoch 375 / 2000;    current loss: 10.733892440795898
INFO Gradient norm: 102.59130463946238
PROGRESS    Completed epoch 376 / 2000;    current loss: 10.242349624633789
INFO Gradient norm: 105.91001060606092
PROGRESS    Completed epoch 377 / 2000;    current loss: 9.764540672302246
INFO Gradient norm: 96.22221796947343
PROGRESS    Completed epoch 378 / 2000;    current loss: 9.28007698059082
INFO Gradient norm: 88.5028357035254
PROGRESS    Completed epoch 379 / 2000;    current loss: 8.8126220703125
INFO Gradient norm: 90.0180801645222
PROGRESS    Completed epoch 380 / 2000;    current loss: 8.377279281616211
INFO Gradient norm: 80.86253700345004
PROGRESS    Completed epoch 381 / 2000;    current loss: 7.952297210693359
INFO Gradient norm: 78.71352790617519
PROGRESS    Completed epoch 382 / 2000;    current loss: 7.5457282066345215
INFO Gradient norm: 75.84206410895112
PROGRESS    Completed epoch 383 / 2000;    current loss: 7.1557722091674805
INFO Gradient norm: 71.49517184969163
PROGRESS    Completed epoch 384 / 2000;    current loss: 6.777845859527588
INFO Gradient norm: 89.93941043229684
PROGRESS    Completed epoch 385 / 2000;    current loss: 6.430548191070557
INFO Gradient norm: 82.8802641811323
PROGRESS    Completed epoch 386 / 2000;    current loss: 6.08411979675293
INFO Gradient norm: 64.33139857027986
PROGRESS    Completed epoch 387 / 2000;    current loss: 5.749924182891846
INFO Gradient norm: 64.99341168105815
PROGRESS    Completed epoch 388 / 2000;    current loss: 5.4391984939575195
INFO Gradient norm: 59.1871985254385
PROGRESS    Completed epoch 389 / 2000;    current loss: 5.136675834655762
INFO Gradient norm: 54.54864558137391
PROGRESS    Completed epoch 390 / 2000;    current loss: 4.850671768188477
INFO Gradient norm: 62.56152969511616
PROGRESS    Completed epoch 391 / 2000;    current loss: 4.582257270812988
INFO Gradient norm: 49.233219991536174
PROGRESS    Completed epoch 392 / 2000;    current loss: 4.32097864151001
INFO Gradient norm: 50.157938672683876
PROGRESS    Completed epoch 393 / 2000;    current loss: 4.0768656730651855
INFO Gradient norm: 50.495304154360184
PROGRESS    Completed epoch 394 / 2000;    current loss: 3.847001075744629
INFO Gradient norm: 41.81125072006836
PROGRESS    Completed epoch 395 / 2000;    current loss: 3.624547004699707
INFO Gradient norm: 86.02146342807724
PROGRESS    Completed epoch 396 / 2000;    current loss: 3.4350175857543945
INFO Gradient norm: 64.21430498990435
PROGRESS    Completed epoch 397 / 2000;    current loss: 3.2341480255126953
INFO Gradient norm: 66.62513715289492
PROGRESS    Completed epoch 398 / 2000;    current loss: 3.0615875720977783
INFO Gradient norm: 78.68514037956984
PROGRESS    Completed epoch 399 / 2000;    current loss: 2.903886556625366
INFO Gradient norm: 30.884738230566974
PROGRESS    Completed epoch 400 / 2000;    current loss: 2.7341692447662354
INFO Gradient norm: 116.61970031769805
PROGRESS    Completed epoch 401 / 2000;    current loss: 2.6266884803771973
INFO Gradient norm: 103.49644164940571
PROGRESS    Completed epoch 402 / 2000;    current loss: 2.4889400005340576
INFO Gradient norm: 32.780467042311386
PROGRESS    Completed epoch 403 / 2000;    current loss: 2.344654083251953
INFO Gradient norm: 49.22959184683056
PROGRESS    Completed epoch 404 / 2000;    current loss: 2.2374696731567383
INFO Gradient norm: 36.91793448808909
PROGRESS    Completed epoch 405 / 2000;    current loss: 2.130169630050659
INFO Gradient norm: 20.731275173876018
PROGRESS    Completed epoch 406 / 2000;    current loss: 2.0311787128448486
INFO Gradient norm: 41.15848011276818
PROGRESS    Completed epoch 407 / 2000;    current loss: 1.9431359767913818
INFO Gradient norm: 36.09012326702372
PROGRESS    Completed epoch 408 / 2000;    current loss: 1.858069658279419
INFO Gradient norm: 17.286533147349882
PROGRESS    Completed epoch 409 / 2000;    current loss: 1.7771825790405273
INFO Gradient norm: 36.4458550031338
PROGRESS    Completed epoch 410 / 2000;    current loss: 1.7068965435028076
INFO Gradient norm: 37.83901957679091
PROGRESS    Completed epoch 411 / 2000;    current loss: 1.6402201652526855
INFO Gradient norm: 16.28304718940452
PROGRESS    Completed epoch 412 / 2000;    current loss: 1.5753178596496582
INFO Gradient norm: 39.34648505488908
PROGRESS    Completed epoch 413 / 2000;    current loss: 1.5214149951934814
INFO Gradient norm: 27.164074742294165
PROGRESS    Completed epoch 414 / 2000;    current loss: 1.4661599397659302
INFO Gradient norm: 26.66843789473005
PROGRESS    Completed epoch 415 / 2000;    current loss: 1.416683316230774
INFO Gradient norm: 28.21772401091992
PROGRESS    Completed epoch 416 / 2000;    current loss: 1.3714772462844849
INFO Gradient norm: 35.81182473222724
PROGRESS    Completed epoch 417 / 2000;    current loss: 1.3303239345550537
INFO Gradient norm: 14.299311227584349
PROGRESS    Completed epoch 418 / 2000;    current loss: 1.286332368850708
INFO Gradient norm: 38.894506538623645
PROGRESS    Completed epoch 419 / 2000;    current loss: 1.2511199712753296
INFO Gradient norm: 14.257943767259956
PROGRESS    Completed epoch 420 / 2000;    current loss: 1.2110430002212524
INFO Gradient norm: 33.761316614251626
PROGRESS    Completed epoch 421 / 2000;    current loss: 1.1787611246109009
INFO Gradient norm: 13.823871566765192
PROGRESS    Completed epoch 422 / 2000;    current loss: 1.144805669784546
INFO Gradient norm: 36.00977240652009
PROGRESS    Completed epoch 423 / 2000;    current loss: 1.1192957162857056
INFO Gradient norm: 29.774316967796214
PROGRESS    Completed epoch 424 / 2000;    current loss: 1.091607689857483
INFO Gradient norm: 14.732341105210466
PROGRESS    Completed epoch 425 / 2000;    current loss: 1.0672478675842285
INFO Gradient norm: 39.535034689791566
PROGRESS    Completed epoch 426 / 2000;    current loss: 1.0517772436141968
INFO Gradient norm: 9.521982637979045
PROGRESS    Completed epoch 427 / 2000;    current loss: 1.0256060361862183
INFO Gradient norm: 25.255135911278522
PROGRESS    Completed epoch 428 / 2000;    current loss: 1.0073686838150024
INFO Gradient norm: 35.86341946317829
PROGRESS    Completed epoch 429 / 2000;    current loss: 0.9905112981796265
INFO Gradient norm: 21.376395089261315
PROGRESS    Completed epoch 430 / 2000;    current loss: 0.9679279923439026
INFO Gradient norm: 23.375520110253383
PROGRESS    Completed epoch 431 / 2000;    current loss: 0.9527469873428345
INFO Gradient norm: 46.50005728250431
PROGRESS    Completed epoch 432 / 2000;    current loss: 0.9442947506904602
INFO Gradient norm: 9.81400909809595
PROGRESS    Completed epoch 433 / 2000;    current loss: 0.9256776571273804
INFO Gradient norm: 9.537133562922753
PROGRESS    Completed epoch 434 / 2000;    current loss: 0.9094771146774292
INFO Gradient norm: 35.62111529647937
PROGRESS    Completed epoch 435 / 2000;    current loss: 0.8942139744758606
INFO Gradient norm: 43.82282856441631
PROGRESS    Completed epoch 436 / 2000;    current loss: 0.8831537961959839
INFO Gradient norm: 5.564302229814732
PROGRESS    Completed epoch 437 / 2000;    current loss: 0.863084077835083
INFO Gradient norm: 102.67191175171403
PROGRESS    Completed epoch 438 / 2000;    current loss: 0.8886576294898987
INFO Gradient norm: 82.87708675174495
PROGRESS    Completed epoch 439 / 2000;    current loss: 0.8691107034683228
INFO Gradient norm: 40.245950983975696
PROGRESS    Completed epoch 440 / 2000;    current loss: 0.8490804433822632
INFO Gradient norm: 40.85144050646724
PROGRESS    Completed epoch 441 / 2000;    current loss: 0.8418629169464111
INFO Gradient norm: 64.05863853862567
PROGRESS    Completed epoch 442 / 2000;    current loss: 0.8382028341293335
INFO Gradient norm: 54.99744625539534
PROGRESS    Completed epoch 443 / 2000;    current loss: 0.8249388933181763
INFO Gradient norm: 52.89715735238501
PROGRESS    Completed epoch 444 / 2000;    current loss: 0.8170647025108337
INFO Gradient norm: 36.57865841891239
PROGRESS    Completed epoch 445 / 2000;    current loss: 0.8041940331459045
INFO Gradient norm: 83.28614199871805
PROGRESS    Completed epoch 446 / 2000;    current loss: 0.819760262966156
INFO Gradient norm: 75.9928963966679
PROGRESS    Completed epoch 447 / 2000;    current loss: 0.8122826814651489
INFO Gradient norm: 41.4582558543355
PROGRESS    Completed epoch 448 / 2000;    current loss: 0.7934375405311584
INFO Gradient norm: 34.326296103901875
PROGRESS    Completed epoch 449 / 2000;    current loss: 0.7882984280586243
INFO Gradient norm: 76.4399670515851
PROGRESS    Completed epoch 450 / 2000;    current loss: 0.8027286529541016
INFO Gradient norm: 58.67147344043107
PROGRESS    Completed epoch 451 / 2000;    current loss: 0.7900075912475586
INFO Gradient norm: 71.14831270461225
PROGRESS    Completed epoch 452 / 2000;    current loss: 0.7928601503372192
INFO Gradient norm: 72.9787672646745
PROGRESS    Completed epoch 453 / 2000;    current loss: 0.7928281426429749
INFO Gradient norm: 32.18428884533554
PROGRESS    Completed epoch 454 / 2000;    current loss: 0.7757458090782166
INFO Gradient norm: 24.98435249029078
PROGRESS    Completed epoch 455 / 2000;    current loss: 0.7722466588020325
INFO Gradient norm: 71.70618124820804
PROGRESS    Completed epoch 456 / 2000;    current loss: 0.7856709361076355
INFO Gradient norm: 60.02288770716125
PROGRESS    Completed epoch 457 / 2000;    current loss: 0.7799047827720642
INFO Gradient norm: 39.49861060933691
PROGRESS    Completed epoch 458 / 2000;    current loss: 0.774493932723999
INFO Gradient norm: 29.257859119729147
PROGRESS    Completed epoch 459 / 2000;    current loss: 0.773485541343689
INFO Gradient norm: 66.76925377509791
PROGRESS    Completed epoch 460 / 2000;    current loss: 0.7850303649902344
INFO Gradient norm: 52.38614937313958
PROGRESS    Completed epoch 461 / 2000;    current loss: 0.7780994772911072
INFO Gradient norm: 53.30097859933818
PROGRESS    Completed epoch 462 / 2000;    current loss: 0.7782750129699707
INFO Gradient norm: 46.207017257155876
PROGRESS    Completed epoch 463 / 2000;    current loss: 0.7754829525947571
INFO Gradient norm: 55.00012997829248
PROGRESS    Completed epoch 464 / 2000;    current loss: 0.7779955863952637
INFO Gradient norm: 38.40689767645187
PROGRESS    Completed epoch 465 / 2000;    current loss: 0.7697212100028992
INFO Gradient norm: 68.63345909988986
PROGRESS    Completed epoch 466 / 2000;    current loss: 0.7799684405326843
INFO Gradient norm: 52.9113979335116
PROGRESS    Completed epoch 467 / 2000;    current loss: 0.7736198306083679
INFO Gradient norm: 65.1349336004996
PROGRESS    Completed epoch 468 / 2000;    current loss: 0.7812387943267822
INFO Gradient norm: 61.381316183181006
PROGRESS    Completed epoch 469 / 2000;    current loss: 0.7799500823020935
INFO Gradient norm: 44.00877803146148
PROGRESS    Completed epoch 470 / 2000;    current loss: 0.7722859978675842
INFO Gradient norm: 27.318806501494304
PROGRESS    Completed epoch 471 / 2000;    current loss: 0.7696753740310669
INFO Gradient norm: 77.12836204014448
PROGRESS    Completed epoch 472 / 2000;    current loss: 0.788480281829834
INFO Gradient norm: 59.63203778488269
PROGRESS    Completed epoch 473 / 2000;    current loss: 0.7782376408576965
INFO Gradient norm: 57.41768404381188
PROGRESS    Completed epoch 474 / 2000;    current loss: 0.7754300832748413
INFO Gradient norm: 42.538913008871326
PROGRESS    Completed epoch 475 / 2000;    current loss: 0.7715352773666382
INFO Gradient norm: 70.88233005647369
PROGRESS    Completed epoch 476 / 2000;    current loss: 0.7854693531990051
INFO Gradient norm: 62.12928543100056
PROGRESS    Completed epoch 477 / 2000;    current loss: 0.7818633913993835
INFO Gradient norm: 48.83315931268954
PROGRESS    Completed epoch 478 / 2000;    current loss: 0.7753708362579346
INFO Gradient norm: 42.092777905427255
PROGRESS    Completed epoch 479 / 2000;    current loss: 0.772980809211731
INFO Gradient norm: 62.645582142586996
PROGRESS    Completed epoch 480 / 2000;    current loss: 0.7810322046279907
INFO Gradient norm: 47.42915549092274
PROGRESS    Completed epoch 481 / 2000;    current loss: 0.7737557888031006
INFO Gradient norm: 66.44792905074146
PROGRESS    Completed epoch 482 / 2000;    current loss: 0.7800942063331604
INFO Gradient norm: 60.41550975888211
PROGRESS    Completed epoch 483 / 2000;    current loss: 0.7765017151832581
INFO Gradient norm: 47.65685259527061
PROGRESS    Completed epoch 484 / 2000;    current loss: 0.7711886763572693
INFO Gradient norm: 37.739150074543524
PROGRESS    Completed epoch 485 / 2000;    current loss: 0.7672581672668457
INFO Gradient norm: 70.00042681616024
PROGRESS    Completed epoch 486 / 2000;    current loss: 0.7789973616600037
INFO Gradient norm: 59.55215027321486
PROGRESS    Completed epoch 487 / 2000;    current loss: 0.773036539554596
INFO Gradient norm: 51.69921195632955
PROGRESS    Completed epoch 488 / 2000;    current loss: 0.769416093826294
INFO Gradient norm: 44.828731073612936
PROGRESS    Completed epoch 489 / 2000;    current loss: 0.7661964297294617
INFO Gradient norm: 60.598383376735235
PROGRESS    Completed epoch 490 / 2000;    current loss: 0.7710540294647217
INFO Gradient norm: 48.9549479649522
PROGRESS    Completed epoch 491 / 2000;    current loss: 0.7654600143432617
INFO Gradient norm: 61.52758916550822
PROGRESS    Completed epoch 492 / 2000;    current loss: 0.7705023288726807
INFO Gradient norm: 54.39637951022075
PROGRESS    Completed epoch 493 / 2000;    current loss: 0.7667684555053711
INFO Gradient norm: 50.018922706093406
PROGRESS    Completed epoch 494 / 2000;    current loss: 0.7638010382652283
INFO Gradient norm: 36.0826059482289
PROGRESS    Completed epoch 495 / 2000;    current loss: 0.7594316005706787
INFO Gradient norm: 71.00076424773326
PROGRESS    Completed epoch 496 / 2000;    current loss: 0.7734638452529907
INFO Gradient norm: 59.807382395364215
PROGRESS    Completed epoch 497 / 2000;    current loss: 0.7670750021934509
INFO Gradient norm: 49.456932946819286
PROGRESS    Completed epoch 498 / 2000;    current loss: 0.7610325217247009
INFO Gradient norm: 43.309857854227076
PROGRESS    Completed epoch 499 / 2000;    current loss: 0.7579749822616577
INFO Gradient norm: 59.58451173630999
PROGRESS    Completed epoch 500 / 2000;    current loss: 0.7637876868247986
INFO Gradient norm: 52.40934736793392
PROGRESS    Completed epoch 501 / 2000;    current loss: 0.7609641551971436
INFO Gradient norm: 49.884555281543214
PROGRESS    Completed epoch 502 / 2000;    current loss: 0.7597265243530273
INFO Gradient norm: 39.01410238619883
PROGRESS    Completed epoch 503 / 2000;    current loss: 0.7562782764434814
INFO Gradient norm: 65.01885408197334
PROGRESS    Completed epoch 504 / 2000;    current loss: 0.7666283249855042
INFO Gradient norm: 53.074946164679346
PROGRESS    Completed epoch 505 / 2000;    current loss: 0.7605598568916321
INFO Gradient norm: 54.72017545374328
PROGRESS    Completed epoch 506 / 2000;    current loss: 0.7597745060920715
INFO Gradient norm: 48.188141727111585
PROGRESS    Completed epoch 507 / 2000;    current loss: 0.7565120458602905
INFO Gradient norm: 54.94848669364601
PROGRESS    Completed epoch 508 / 2000;    current loss: 0.7589926719665527
INFO Gradient norm: 44.10179210256356
PROGRESS    Completed epoch 509 / 2000;    current loss: 0.7540866136550903
INFO Gradient norm: 60.40145059885556
PROGRESS    Completed epoch 510 / 2000;    current loss: 0.7594772577285767
INFO Gradient norm: 44.30040632843447
PROGRESS    Completed epoch 511 / 2000;    current loss: 0.7538770437240601
INFO Gradient norm: 66.23987313266205
PROGRESS    Completed epoch 512 / 2000;    current loss: 0.7646076083183289
INFO Gradient norm: 60.94484916916232
PROGRESS    Completed epoch 513 / 2000;    current loss: 0.7625176310539246
INFO Gradient norm: 41.8608334068001
PROGRESS    Completed epoch 514 / 2000;    current loss: 0.7540919780731201
INFO Gradient norm: 35.378969769917695
PROGRESS    Completed epoch 515 / 2000;    current loss: 0.7514879703521729
INFO Gradient norm: 62.698003899195186
PROGRESS    Completed epoch 516 / 2000;    current loss: 0.7608959674835205
INFO Gradient norm: 51.40759046800558
PROGRESS    Completed epoch 517 / 2000;    current loss: 0.7553210258483887
INFO Gradient norm: 54.21167687592865
PROGRESS    Completed epoch 518 / 2000;    current loss: 0.7553497552871704
INFO Gradient norm: 46.90630222247635
PROGRESS    Completed epoch 519 / 2000;    current loss: 0.7519943118095398
INFO Gradient norm: 56.323060174326955
PROGRESS    Completed epoch 520 / 2000;    current loss: 0.7555848360061646
INFO Gradient norm: 46.504129627387634
PROGRESS    Completed epoch 521 / 2000;    current loss: 0.7511324882507324
INFO Gradient norm: 57.17191203063505
PROGRESS    Completed epoch 522 / 2000;    current loss: 0.7545248866081238
INFO Gradient norm: 48.61925893514669
PROGRESS    Completed epoch 523 / 2000;    current loss: 0.750361979007721
INFO Gradient norm: 55.43126163498419
PROGRESS    Completed epoch 524 / 2000;    current loss: 0.7527590394020081
INFO Gradient norm: 46.95507827531251
PROGRESS    Completed epoch 525 / 2000;    current loss: 0.7488178014755249
INFO Gradient norm: 55.067714292727715
PROGRESS    Completed epoch 526 / 2000;    current loss: 0.7511444091796875
INFO Gradient norm: 45.775607482661485
PROGRESS    Completed epoch 527 / 2000;    current loss: 0.7467648386955261
INFO Gradient norm: 57.94727797016696
PROGRESS    Completed epoch 528 / 2000;    current loss: 0.7512957453727722
INFO Gradient norm: 49.54771652056915
PROGRESS    Completed epoch 529 / 2000;    current loss: 0.7471933364868164
INFO Gradient norm: 47.538612706686656
PROGRESS    Completed epoch 530 / 2000;    current loss: 0.7463008165359497
INFO Gradient norm: 32.14497306345936
PROGRESS    Completed epoch 531 / 2000;    current loss: 0.7423580884933472
INFO Gradient norm: 70.73490024167226
PROGRESS    Completed epoch 532 / 2000;    current loss: 0.7582266330718994
INFO Gradient norm: 60.8634836884542
PROGRESS    Completed epoch 533 / 2000;    current loss: 0.752934992313385
INFO Gradient norm: 42.72955539627758
PROGRESS    Completed epoch 534 / 2000;    current loss: 0.7444882988929749
INFO Gradient norm: 35.333325826346886
PROGRESS    Completed epoch 535 / 2000;    current loss: 0.7421172857284546
INFO Gradient norm: 60.59115450984139
PROGRESS    Completed epoch 536 / 2000;    current loss: 0.751202404499054
INFO Gradient norm: 47.19864678219241
PROGRESS    Completed epoch 537 / 2000;    current loss: 0.744599461555481
INFO Gradient norm: 55.95379552096563
PROGRESS    Completed epoch 538 / 2000;    current loss: 0.7469472885131836
INFO Gradient norm: 50.196460684206265
PROGRESS    Completed epoch 539 / 2000;    current loss: 0.7437148094177246
INFO Gradient norm: 48.025239168960354
PROGRESS    Completed epoch 540 / 2000;    current loss: 0.7423331141471863
INFO Gradient norm: 38.884443166803024
PROGRESS    Completed epoch 541 / 2000;    current loss: 0.738426685333252
INFO Gradient norm: 59.17111643386627
PROGRESS    Completed epoch 542 / 2000;    current loss: 0.7454227805137634
INFO Gradient norm: 48.140320064057505
PROGRESS    Completed epoch 543 / 2000;    current loss: 0.740126371383667
INFO Gradient norm: 55.518237822633324
PROGRESS    Completed epoch 544 / 2000;    current loss: 0.7429695129394531
INFO Gradient norm: 49.58807665965286
PROGRESS    Completed epoch 545 / 2000;    current loss: 0.7400792837142944
INFO Gradient norm: 46.782036240221906
PROGRESS    Completed epoch 546 / 2000;    current loss: 0.7384247779846191
INFO Gradient norm: 33.034177295705454
PROGRESS    Completed epoch 547 / 2000;    current loss: 0.7343132495880127
INFO Gradient norm: 67.65478603958216
PROGRESS    Completed epoch 548 / 2000;    current loss: 0.7480968832969666
INFO Gradient norm: 58.85344292830818
PROGRESS    Completed epoch 549 / 2000;    current loss: 0.7432970404624939
INFO Gradient norm: 31.6572857856696
PROGRESS    Completed epoch 550 / 2000;    current loss: 0.7348138093948364
INFO Gradient norm: 22.038118764513868
PROGRESS    Completed epoch 551 / 2000;    current loss: 0.7332946062088013
INFO Gradient norm: 67.62145302652957
PROGRESS    Completed epoch 552 / 2000;    current loss: 0.7485489845275879
INFO Gradient norm: 49.64045937035715
PROGRESS    Completed epoch 553 / 2000;    current loss: 0.7388606667518616
INFO Gradient norm: 53.39090192614686
PROGRESS    Completed epoch 554 / 2000;    current loss: 0.7395700812339783
INFO Gradient norm: 42.152220934384964
PROGRESS    Completed epoch 555 / 2000;    current loss: 0.7361229062080383
INFO Gradient norm: 58.636508144896084
PROGRESS    Completed epoch 556 / 2000;    current loss: 0.7439218163490295
INFO Gradient norm: 51.08037286403192
PROGRESS    Completed epoch 557 / 2000;    current loss: 0.7410662174224854
INFO Gradient norm: 47.224942240316615
PROGRESS    Completed epoch 558 / 2000;    current loss: 0.7390345931053162
INFO Gradient norm: 39.27566465871462
PROGRESS    Completed epoch 559 / 2000;    current loss: 0.7362726330757141
INFO Gradient norm: 59.601833930390214
PROGRESS    Completed epoch 560 / 2000;    current loss: 0.7449899911880493
INFO Gradient norm: 49.964356379773214
PROGRESS    Completed epoch 561 / 2000;    current loss: 0.7404190301895142
INFO Gradient norm: 45.8789941247133
PROGRESS    Completed epoch 562 / 2000;    current loss: 0.7386987805366516
INFO Gradient norm: 32.79931494948599
PROGRESS    Completed epoch 563 / 2000;    current loss: 0.7355378866195679
INFO Gradient norm: 65.64194926936521
PROGRESS    Completed epoch 564 / 2000;    current loss: 0.7489839792251587
INFO Gradient norm: 55.14920118963678
PROGRESS    Completed epoch 565 / 2000;    current loss: 0.7435793280601501
INFO Gradient norm: 45.90941548079721
PROGRESS    Completed epoch 566 / 2000;    current loss: 0.738975465297699
INFO Gradient norm: 40.29096423292485
PROGRESS    Completed epoch 567 / 2000;    current loss: 0.7366904020309448
INFO Gradient norm: 55.404218068164965
PROGRESS    Completed epoch 568 / 2000;    current loss: 0.7423719167709351
INFO Gradient norm: 43.88921901691803
PROGRESS    Completed epoch 569 / 2000;    current loss: 0.7372666001319885
INFO Gradient norm: 56.01205961952336
PROGRESS    Completed epoch 570 / 2000;    current loss: 0.7415556311607361
INFO Gradient norm: 49.34494987433004
PROGRESS    Completed epoch 571 / 2000;    current loss: 0.7381237149238586
INFO Gradient norm: 47.96338555137221
PROGRESS    Completed epoch 572 / 2000;    current loss: 0.7370619773864746
INFO Gradient norm: 39.38208110109361
PROGRESS    Completed epoch 573 / 2000;    current loss: 0.7334330677986145
INFO Gradient norm: 56.82466124120502
PROGRESS    Completed epoch 574 / 2000;    current loss: 0.7396050095558167
INFO Gradient norm: 47.641257154342554
PROGRESS    Completed epoch 575 / 2000;    current loss: 0.7348717451095581
INFO Gradient norm: 51.18068711879602
PROGRESS    Completed epoch 576 / 2000;    current loss: 0.7356860041618347
INFO Gradient norm: 44.079686732753
PROGRESS    Completed epoch 577 / 2000;    current loss: 0.7323158979415894
INFO Gradient norm: 51.05392715406763
PROGRESS    Completed epoch 578 / 2000;    current loss: 0.7342110872268677
INFO Gradient norm: 41.79643267028807
PROGRESS    Completed epoch 579 / 2000;    current loss: 0.7298983335494995
INFO Gradient norm: 55.867328652025506
PROGRESS    Completed epoch 580 / 2000;    current loss: 0.7350307703018188
INFO Gradient norm: 47.86986287840545
PROGRESS    Completed epoch 581 / 2000;    current loss: 0.7310145497322083
INFO Gradient norm: 47.92505414871809
PROGRESS    Completed epoch 582 / 2000;    current loss: 0.7301406860351562
INFO Gradient norm: 40.01934082475057
PROGRESS    Completed epoch 583 / 2000;    current loss: 0.7265673875808716
INFO Gradient norm: 55.27537456954648
PROGRESS    Completed epoch 584 / 2000;    current loss: 0.7320461273193359
INFO Gradient norm: 45.9523610133205
PROGRESS    Completed epoch 585 / 2000;    current loss: 0.7274652123451233
INFO Gradient norm: 49.95397195530637
PROGRESS    Completed epoch 586 / 2000;    current loss: 0.7281815409660339
INFO Gradient norm: 42.71199685019583
PROGRESS    Completed epoch 587 / 2000;    current loss: 0.7246220111846924
INFO Gradient norm: 51.91859969167914
PROGRESS    Completed epoch 588 / 2000;    current loss: 0.7276856303215027
INFO Gradient norm: 43.10001024744629
PROGRESS    Completed epoch 589 / 2000;    current loss: 0.7235278487205505
INFO Gradient norm: 51.325532481647464
PROGRESS    Completed epoch 590 / 2000;    current loss: 0.7260037660598755
INFO Gradient norm: 43.44453597039013
PROGRESS    Completed epoch 591 / 2000;    current loss: 0.7221204042434692
INFO Gradient norm: 51.26758951924038
PROGRESS    Completed epoch 592 / 2000;    current loss: 0.7245674729347229
INFO Gradient norm: 43.223075851996356
PROGRESS    Completed epoch 593 / 2000;    current loss: 0.7207435369491577
INFO Gradient norm: 50.032472849830974
PROGRESS    Completed epoch 594 / 2000;    current loss: 0.7227169275283813
INFO Gradient norm: 41.80534401209625
PROGRESS    Completed epoch 595 / 2000;    current loss: 0.7187647819519043
INFO Gradient norm: 52.46269159873441
PROGRESS    Completed epoch 596 / 2000;    current loss: 0.7223009467124939
INFO Gradient norm: 44.487803730224186
PROGRESS    Completed epoch 597 / 2000;    current loss: 0.7184248566627502
INFO Gradient norm: 46.12968313971536
PROGRESS    Completed epoch 598 / 2000;    current loss: 0.7187666296958923
INFO Gradient norm: 32.580636557504114
PROGRESS    Completed epoch 599 / 2000;    current loss: 0.7146127223968506
INFO Gradient norm: 63.250335865738776
PROGRESS    Completed epoch 600 / 2000;    current loss: 0.7272821068763733
INFO Gradient norm: 55.87219250491481
PROGRESS    Completed epoch 601 / 2000;    current loss: 0.7234167456626892
INFO Gradient norm: 37.79503168565939
PROGRESS    Completed epoch 602 / 2000;    current loss: 0.7155269384384155
INFO Gradient norm: 29.669372967033244
PROGRESS    Completed epoch 603 / 2000;    current loss: 0.7131645083427429
INFO Gradient norm: 59.30838489027066
PROGRESS    Completed epoch 604 / 2000;    current loss: 0.723824679851532
INFO Gradient norm: 47.40856404646656
PROGRESS    Completed epoch 605 / 2000;    current loss: 0.7177134156227112
INFO Gradient norm: 47.50201662824304
PROGRESS    Completed epoch 606 / 2000;    current loss: 0.7171450853347778
INFO Gradient norm: 37.75319573015245
PROGRESS    Completed epoch 607 / 2000;    current loss: 0.7137758135795593
INFO Gradient norm: 56.309962695230574
PROGRESS    Completed epoch 608 / 2000;    current loss: 0.721496045589447
INFO Gradient norm: 48.95923778871604
PROGRESS    Completed epoch 609 / 2000;    current loss: 0.7182323932647705
INFO Gradient norm: 43.18568467386214
PROGRESS    Completed epoch 610 / 2000;    current loss: 0.7156514525413513
INFO Gradient norm: 35.74387344897789
PROGRESS    Completed epoch 611 / 2000;    current loss: 0.7129020690917969
INFO Gradient norm: 55.366585236380466
PROGRESS    Completed epoch 612 / 2000;    current loss: 0.720318078994751
INFO Gradient norm: 45.758565348296315
PROGRESS    Completed epoch 613 / 2000;    current loss: 0.7157485485076904
INFO Gradient norm: 45.228671825112215
PROGRESS    Completed epoch 614 / 2000;    current loss: 0.7154490947723389
INFO Gradient norm: 31.725407824324943
PROGRESS    Completed epoch 615 / 2000;    current loss: 0.7116828560829163
INFO Gradient norm: 62.54667018062247
PROGRESS    Completed epoch 616 / 2000;    current loss: 0.7247400283813477
INFO Gradient norm: 55.424620412601676
PROGRESS    Completed epoch 617 / 2000;    current loss: 0.7213847637176514
INFO Gradient norm: 36.605805095623865
PROGRESS    Completed epoch 618 / 2000;    current loss: 0.7135767340660095
INFO Gradient norm: 31.61266635279259
PROGRESS    Completed epoch 619 / 2000;    current loss: 0.7117303609848022
INFO Gradient norm: 54.07560737663415
PROGRESS    Completed epoch 620 / 2000;    current loss: 0.71941077709198
INFO Gradient norm: 40.6115969783087
PROGRESS    Completed epoch 621 / 2000;    current loss: 0.7130061388015747
INFO Gradient norm: 53.82269541385499
PROGRESS    Completed epoch 622 / 2000;    current loss: 0.7177454233169556
INFO Gradient norm: 49.24048275785718
PROGRESS    Completed epoch 623 / 2000;    current loss: 0.714914083480835
INFO Gradient norm: 39.39690764965384
PROGRESS    Completed epoch 624 / 2000;    current loss: 0.7101395130157471
INFO Gradient norm: 31.448107202854906
PROGRESS    Completed epoch 625 / 2000;    current loss: 0.7069138288497925
INFO Gradient norm: 56.068718047653796
PROGRESS    Completed epoch 626 / 2000;    current loss: 0.7158613204956055
INFO Gradient norm: 46.37309109942054
PROGRESS    Completed epoch 627 / 2000;    current loss: 0.710434079170227
INFO Gradient norm: 46.121057934638806
PROGRESS    Completed epoch 628 / 2000;    current loss: 0.7090826630592346
INFO Gradient norm: 40.87197835888598
PROGRESS    Completed epoch 629 / 2000;    current loss: 0.7062867879867554
INFO Gradient norm: 45.82023093123764
PROGRESS    Completed epoch 630 / 2000;    current loss: 0.7076199650764465
INFO Gradient norm: 36.35857798202692
PROGRESS    Completed epoch 631 / 2000;    current loss: 0.703202486038208
INFO Gradient norm: 54.32958834441817
PROGRESS    Completed epoch 632 / 2000;    current loss: 0.7093528509140015
INFO Gradient norm: 47.22971107756684
PROGRESS    Completed epoch 633 / 2000;    current loss: 0.7054975032806396
INFO Gradient norm: 40.43291199840088
PROGRESS    Completed epoch 634 / 2000;    current loss: 0.7023683190345764
INFO Gradient norm: 28.59035184442086
PROGRESS    Completed epoch 635 / 2000;    current loss: 0.6988739371299744
INFO Gradient norm: 59.72952066240871
PROGRESS    Completed epoch 636 / 2000;    current loss: 0.7109836935997009
INFO Gradient norm: 51.83607195983127
PROGRESS    Completed epoch 637 / 2000;    current loss: 0.7069066166877747
INFO Gradient norm: 36.203712167680145
PROGRESS    Completed epoch 638 / 2000;    current loss: 0.7002348899841309
INFO Gradient norm: 31.496520982769603
PROGRESS    Completed epoch 639 / 2000;    current loss: 0.6981110572814941
INFO Gradient norm: 50.461954898773165
PROGRESS    Completed epoch 640 / 2000;    current loss: 0.7040291428565979
INFO Gradient norm: 40.945019751099764
PROGRESS    Completed epoch 641 / 2000;    current loss: 0.6994955539703369
INFO Gradient norm: 43.590446488042716
PROGRESS    Completed epoch 642 / 2000;    current loss: 0.7004615068435669
INFO Gradient norm: 34.54122622427161
PROGRESS    Completed epoch 643 / 2000;    current loss: 0.6971020102500916
INFO Gradient norm: 52.93245117235493
PROGRESS    Completed epoch 644 / 2000;    current loss: 0.7040634155273438
INFO Gradient norm: 45.54731561014071
PROGRESS    Completed epoch 645 / 2000;    current loss: 0.7003358602523804
INFO Gradient norm: 41.08416692175685
PROGRESS    Completed epoch 646 / 2000;    current loss: 0.6981096267700195
INFO Gradient norm: 34.11086605504149
PROGRESS    Completed epoch 647 / 2000;    current loss: 0.6951977014541626
INFO Gradient norm: 51.78850976309888
PROGRESS    Completed epoch 648 / 2000;    current loss: 0.7013615369796753
INFO Gradient norm: 43.420238582966924
PROGRESS    Completed epoch 649 / 2000;    current loss: 0.6972362399101257
INFO Gradient norm: 43.45374271199448
PROGRESS    Completed epoch 650 / 2000;    current loss: 0.6969907283782959
INFO Gradient norm: 36.907104691867836
PROGRESS    Completed epoch 651 / 2000;    current loss: 0.6939718127250671
INFO Gradient norm: 48.96629984562163
PROGRESS    Completed epoch 652 / 2000;    current loss: 0.6977583169937134
INFO Gradient norm: 41.202824030878624
PROGRESS    Completed epoch 653 / 2000;    current loss: 0.6940870881080627
INFO Gradient norm: 44.398397759724745
PROGRESS    Completed epoch 654 / 2000;    current loss: 0.6951677799224854
INFO Gradient norm: 37.21668961931805
PROGRESS    Completed epoch 655 / 2000;    current loss: 0.6917873024940491
INFO Gradient norm: 48.67942806866318
PROGRESS    Completed epoch 656 / 2000;    current loss: 0.6952987909317017
INFO Gradient norm: 41.52698720199413
PROGRESS    Completed epoch 657 / 2000;    current loss: 0.6918421387672424
INFO Gradient norm: 43.014634717373845
PROGRESS    Completed epoch 658 / 2000;    current loss: 0.6921743154525757
INFO Gradient norm: 35.5783473580313
PROGRESS    Completed epoch 659 / 2000;    current loss: 0.6887713670730591
INFO Gradient norm: 49.71932679242597
PROGRESS    Completed epoch 660 / 2000;    current loss: 0.693411648273468
INFO Gradient norm: 42.609786169386176
PROGRESS    Completed epoch 661 / 2000;    current loss: 0.6898553967475891
INFO Gradient norm: 39.903049669104895
PROGRESS    Completed epoch 662 / 2000;    current loss: 0.688762903213501
INFO Gradient norm: 28.420866359224444
PROGRESS    Completed epoch 663 / 2000;    current loss: 0.6852511763572693
INFO Gradient norm: 57.6001411191481
PROGRESS    Completed epoch 664 / 2000;    current loss: 0.6967081427574158
INFO Gradient norm: 50.694399898605226
PROGRESS    Completed epoch 665 / 2000;    current loss: 0.6931203603744507
INFO Gradient norm: 30.607573866921353
PROGRESS    Completed epoch 666 / 2000;    current loss: 0.6858172416687012
INFO Gradient norm: 23.859098663397422
PROGRESS    Completed epoch 667 / 2000;    current loss: 0.6839825510978699
INFO Gradient norm: 54.66667630142137
PROGRESS    Completed epoch 668 / 2000;    current loss: 0.6943167448043823
INFO Gradient norm: 41.26367601743852
PROGRESS    Completed epoch 669 / 2000;    current loss: 0.6872190833091736
INFO Gradient norm: 46.68034462623055
PROGRESS    Completed epoch 670 / 2000;    current loss: 0.6888006925582886
INFO Gradient norm: 37.825560632869454
PROGRESS    Completed epoch 671 / 2000;    current loss: 0.6852042078971863
INFO Gradient norm: 47.79327047482579
PROGRESS    Completed epoch 672 / 2000;    current loss: 0.6888899803161621
INFO Gradient norm: 42.19839119007402
PROGRESS    Completed epoch 673 / 2000;    current loss: 0.6864355206489563
INFO Gradient norm: 34.23821055378009
PROGRESS    Completed epoch 674 / 2000;    current loss: 0.6845300197601318
INFO Gradient norm: 21.362179705230414
PROGRESS    Completed epoch 675 / 2000;    current loss: 0.6820407509803772
INFO Gradient norm: 60.18623966890641
PROGRESS    Completed epoch 676 / 2000;    current loss: 0.6970014572143555
INFO Gradient norm: 50.75532954823007
PROGRESS    Completed epoch 677 / 2000;    current loss: 0.6918487548828125
INFO Gradient norm: 34.15840779278433
PROGRESS    Completed epoch 678 / 2000;    current loss: 0.6846911907196045
INFO Gradient norm: 30.79128584402192
PROGRESS    Completed epoch 679 / 2000;    current loss: 0.683053195476532
INFO Gradient norm: 46.52982847421495
PROGRESS    Completed epoch 680 / 2000;    current loss: 0.687913179397583
INFO Gradient norm: 35.3570562942945
PROGRESS    Completed epoch 681 / 2000;    current loss: 0.6827213168144226
INFO Gradient norm: 48.34092683222523
PROGRESS    Completed epoch 682 / 2000;    current loss: 0.6875110864639282
INFO Gradient norm: 42.942128973640656
PROGRESS    Completed epoch 683 / 2000;    current loss: 0.6843353509902954
INFO Gradient norm: 38.287677018321276
PROGRESS    Completed epoch 684 / 2000;    current loss: 0.681251049041748
INFO Gradient norm: 32.081747109874364
PROGRESS    Completed epoch 685 / 2000;    current loss: 0.6784017086029053
INFO Gradient norm: 46.59906930145653
PROGRESS    Completed epoch 686 / 2000;    current loss: 0.6837280988693237
INFO Gradient norm: 37.58267667082016
PROGRESS    Completed epoch 687 / 2000;    current loss: 0.6790497899055481
INFO Gradient norm: 45.98815789263626
PROGRESS    Completed epoch 688 / 2000;    current loss: 0.6808218359947205
INFO Gradient norm: 40.99087219649541
PROGRESS    Completed epoch 689 / 2000;    current loss: 0.6779830455780029
INFO Gradient norm: 37.91216863107738
PROGRESS    Completed epoch 690 / 2000;    current loss: 0.6765821576118469
INFO Gradient norm: 29.987299530603647
PROGRESS    Completed epoch 691 / 2000;    current loss: 0.6730103492736816
INFO Gradient norm: 50.846996923738956
PROGRESS    Completed epoch 692 / 2000;    current loss: 0.6798878312110901
INFO Gradient norm: 43.77386237842733
PROGRESS    Completed epoch 693 / 2000;    current loss: 0.6760582327842712
INFO Gradient norm: 33.914755657791716
PROGRESS    Completed epoch 694 / 2000;    current loss: 0.672344446182251
INFO Gradient norm: 22.789127235763704
PROGRESS    Completed epoch 695 / 2000;    current loss: 0.669464111328125
INFO Gradient norm: 56.2813095097226
PROGRESS    Completed epoch 696 / 2000;    current loss: 0.6819949746131897
INFO Gradient norm: 47.59918401179912
PROGRESS    Completed epoch 697 / 2000;    current loss: 0.6771076321601868
INFO Gradient norm: 31.299208393546337
PROGRESS    Completed epoch 698 / 2000;    current loss: 0.6707077026367188
INFO Gradient norm: 21.983591235902587
PROGRESS    Completed epoch 699 / 2000;    current loss: 0.6688374280929565
INFO Gradient norm: 54.166130491326115
PROGRESS    Completed epoch 700 / 2000;    current loss: 0.6804054975509644
INFO Gradient norm: 42.69486216544955
PROGRESS    Completed epoch 701 / 2000;    current loss: 0.6739578247070312
INFO Gradient norm: 40.58724147367848
PROGRESS    Completed epoch 702 / 2000;    current loss: 0.672177791595459
INFO Gradient norm: 36.98410209474799
PROGRESS    Completed epoch 703 / 2000;    current loss: 0.6700035333633423
INFO Gradient norm: 40.326294429194995
PROGRESS    Completed epoch 704 / 2000;    current loss: 0.6701995730400085
INFO Gradient norm: 32.32242004626617
PROGRESS    Completed epoch 705 / 2000;    current loss: 0.6666219830513
INFO Gradient norm: 39.7433275349982
PROGRESS    Completed epoch 706 / 2000;    current loss: 0.6698663234710693
INFO Gradient norm: 26.443570106504655
PROGRESS    Completed epoch 707 / 2000;    current loss: 0.6653547286987305
INFO Gradient norm: 56.63222124491087
PROGRESS    Completed epoch 708 / 2000;    current loss: 0.6772943735122681
INFO Gradient norm: 51.99594156471923
PROGRESS    Completed epoch 709 / 2000;    current loss: 0.6747478246688843
INFO Gradient norm: 26.259623286739924
PROGRESS    Completed epoch 710 / 2000;    current loss: 0.6646432280540466
INFO Gradient norm: 22.650075941833297
PROGRESS    Completed epoch 711 / 2000;    current loss: 0.6631393432617188
INFO Gradient norm: 48.52637261337277
PROGRESS    Completed epoch 712 / 2000;    current loss: 0.6712066531181335
INFO Gradient norm: 33.477695478411405
PROGRESS    Completed epoch 713 / 2000;    current loss: 0.6642950773239136
INFO Gradient norm: 43.8147023709068
PROGRESS    Completed epoch 714 / 2000;    current loss: 0.6689146757125854
INFO Gradient norm: 37.611816321553405
PROGRESS    Completed epoch 715 / 2000;    current loss: 0.6662836074829102
INFO Gradient norm: 39.72103249254041
PROGRESS    Completed epoch 716 / 2000;    current loss: 0.6669256091117859
INFO Gradient norm: 34.59893154057112
PROGRESS    Completed epoch 717 / 2000;    current loss: 0.6649206876754761
INFO Gradient norm: 39.42775457256952
PROGRESS    Completed epoch 718 / 2000;    current loss: 0.6665236949920654
INFO Gradient norm: 31.828414736785817
PROGRESS    Completed epoch 719 / 2000;    current loss: 0.6634381413459778
INFO Gradient norm: 45.47798113198093
PROGRESS    Completed epoch 720 / 2000;    current loss: 0.6684341430664062
INFO Gradient norm: 39.4567011343644
PROGRESS    Completed epoch 721 / 2000;    current loss: 0.6655737161636353
INFO Gradient norm: 36.25110552378949
PROGRESS    Completed epoch 722 / 2000;    current loss: 0.6642706990242004
INFO Gradient norm: 29.34296542181882
PROGRESS    Completed epoch 723 / 2000;    current loss: 0.6614969372749329
INFO Gradient norm: 47.331530374262464
PROGRESS    Completed epoch 724 / 2000;    current loss: 0.6677001714706421
INFO Gradient norm: 40.141462620181656
PROGRESS    Completed epoch 725 / 2000;    current loss: 0.664139449596405
INFO Gradient norm: 36.47136308454467
PROGRESS    Completed epoch 726 / 2000;    current loss: 0.6627786159515381
INFO Gradient norm: 30.83146312615074
PROGRESS    Completed epoch 727 / 2000;    current loss: 0.6602810621261597
INFO Gradient norm: 43.9186175203939
PROGRESS    Completed epoch 728 / 2000;    current loss: 0.6645470857620239
INFO Gradient norm: 35.403772471613784
PROGRESS    Completed epoch 729 / 2000;    current loss: 0.6610115170478821
INFO Gradient norm: 41.07645120873274
PROGRESS    Completed epoch 730 / 2000;    current loss: 0.6634736657142639
INFO Gradient norm: 35.272682974094295
PROGRESS    Completed epoch 731 / 2000;    current loss: 0.6606910824775696
INFO Gradient norm: 40.4914616668567
PROGRESS    Completed epoch 732 / 2000;    current loss: 0.6618261933326721
INFO Gradient norm: 34.645887082621755
PROGRESS    Completed epoch 733 / 2000;    current loss: 0.6591521501541138
INFO Gradient norm: 39.15171280754451
PROGRESS    Completed epoch 734 / 2000;    current loss: 0.6608532667160034
INFO Gradient norm: 31.60758324912132
PROGRESS    Completed epoch 735 / 2000;    current loss: 0.657356321811676
INFO Gradient norm: 44.94187114741378
PROGRESS    Completed epoch 736 / 2000;    current loss: 0.6615316867828369
INFO Gradient norm: 38.09204614686514
PROGRESS    Completed epoch 737 / 2000;    current loss: 0.6583878993988037
INFO Gradient norm: 36.49404780019091
PROGRESS    Completed epoch 738 / 2000;    current loss: 0.6578457355499268
INFO Gradient norm: 30.37957810256211
PROGRESS    Completed epoch 739 / 2000;    current loss: 0.6551988124847412
INFO Gradient norm: 44.009470995053405
PROGRESS    Completed epoch 740 / 2000;    current loss: 0.6596196293830872
INFO Gradient norm: 37.55328367575715
PROGRESS    Completed epoch 741 / 2000;    current loss: 0.656434178352356
INFO Gradient norm: 36.164509797476
PROGRESS    Completed epoch 742 / 2000;    current loss: 0.655752420425415
INFO Gradient norm: 29.745625262617583
PROGRESS    Completed epoch 743 / 2000;    current loss: 0.6528919339179993
INFO Gradient norm: 42.05778919702923
PROGRESS    Completed epoch 744 / 2000;    current loss: 0.6569686532020569
INFO Gradient norm: 33.80659853071681
PROGRESS    Completed epoch 745 / 2000;    current loss: 0.6535984873771667
INFO Gradient norm: 40.563912334551546
PROGRESS    Completed epoch 746 / 2000;    current loss: 0.6564146280288696
INFO Gradient norm: 34.616303822660896
PROGRESS    Completed epoch 747 / 2000;    current loss: 0.6535670161247253
INFO Gradient norm: 39.65406981666387
PROGRESS    Completed epoch 748 / 2000;    current loss: 0.6545994877815247
INFO Gradient norm: 34.29624599270169
PROGRESS    Completed epoch 749 / 2000;    current loss: 0.6520575284957886
INFO Gradient norm: 37.52911520493764
PROGRESS    Completed epoch 750 / 2000;    current loss: 0.6532592177391052
INFO Gradient norm: 29.985941648125028
PROGRESS    Completed epoch 751 / 2000;    current loss: 0.6498315334320068
INFO Gradient norm: 44.73286523678219
PROGRESS    Completed epoch 752 / 2000;    current loss: 0.6544602513313293
INFO Gradient norm: 39.35889039725615
PROGRESS    Completed epoch 753 / 2000;    current loss: 0.6515153646469116
INFO Gradient norm: 32.86045657456974
PROGRESS    Completed epoch 754 / 2000;    current loss: 0.6489242315292358
INFO Gradient norm: 26.388104659931862
PROGRESS    Completed epoch 755 / 2000;    current loss: 0.646113395690918
INFO Gradient norm: 43.5319706567224
PROGRESS    Completed epoch 756 / 2000;    current loss: 0.6516691446304321
INFO Gradient norm: 33.96354288598763
PROGRESS    Completed epoch 757 / 2000;    current loss: 0.6476113796234131
INFO Gradient norm: 35.94037637681046
PROGRESS    Completed epoch 758 / 2000;    current loss: 0.6491079330444336
INFO Gradient norm: 21.891554749736464
PROGRESS    Completed epoch 759 / 2000;    current loss: 0.6462222337722778
INFO Gradient norm: 53.93990565022548
PROGRESS    Completed epoch 760 / 2000;    current loss: 0.6601136922836304
INFO Gradient norm: 48.82055386475059
PROGRESS    Completed epoch 761 / 2000;    current loss: 0.6576606035232544
INFO Gradient norm: 24.510794047268227
PROGRESS    Completed epoch 762 / 2000;    current loss: 0.6475890874862671
INFO Gradient norm: 23.185822163623516
PROGRESS    Completed epoch 763 / 2000;    current loss: 0.6461188793182373
INFO Gradient norm: 41.30272257035496
PROGRESS    Completed epoch 764 / 2000;    current loss: 0.6506792306900024
INFO Gradient norm: 27.956468880050853
PROGRESS    Completed epoch 765 / 2000;    current loss: 0.6442825794219971
INFO Gradient norm: 39.75703732961427
PROGRESS    Completed epoch 766 / 2000;    current loss: 0.6492787599563599
INFO Gradient norm: 28.284568174076604
PROGRESS    Completed epoch 767 / 2000;    current loss: 0.6451648473739624
INFO Gradient norm: 48.686772214506995
PROGRESS    Completed epoch 768 / 2000;    current loss: 0.6534227728843689
INFO Gradient norm: 46.12190386366145
PROGRESS    Completed epoch 769 / 2000;    current loss: 0.652332603931427
INFO Gradient norm: 21.139670122432122
PROGRESS    Completed epoch 770 / 2000;    current loss: 0.6439049243927002
INFO Gradient norm: 12.637547431541973
PROGRESS    Completed epoch 771 / 2000;    current loss: 0.6427205801010132
INFO Gradient norm: 48.54793867028075
PROGRESS    Completed epoch 772 / 2000;    current loss: 0.6539134383201599
INFO Gradient norm: 31.336163024942422
PROGRESS    Completed epoch 773 / 2000;    current loss: 0.6460254788398743
INFO Gradient norm: 47.37452916214828
PROGRESS    Completed epoch 774 / 2000;    current loss: 0.6528261303901672
INFO Gradient norm: 46.91904849272305
PROGRESS    Completed epoch 775 / 2000;    current loss: 0.6520152688026428
INFO Gradient norm: 20.663855469112107
PROGRESS    Completed epoch 776 / 2000;    current loss: 0.6410439014434814
INFO Gradient norm: 17.555501229616546
PROGRESS    Completed epoch 777 / 2000;    current loss: 0.6394148468971252
INFO Gradient norm: 43.277867963837046
PROGRESS    Completed epoch 778 / 2000;    current loss: 0.647382378578186
INFO Gradient norm: 28.753683782576953
PROGRESS    Completed epoch 779 / 2000;    current loss: 0.6399948596954346
INFO Gradient norm: 49.73567572589094
PROGRESS    Completed epoch 780 / 2000;    current loss: 0.6466920375823975
INFO Gradient norm: 48.45899324990479
PROGRESS    Completed epoch 781 / 2000;    current loss: 0.6450002193450928
INFO Gradient norm: 20.516925261953105
PROGRESS    Completed epoch 782 / 2000;    current loss: 0.6344497799873352
INFO Gradient norm: 17.506148743832984
PROGRESS    Completed epoch 783 / 2000;    current loss: 0.6327786445617676
INFO Gradient norm: 44.20792133990746
PROGRESS    Completed epoch 784 / 2000;    current loss: 0.6400675177574158
INFO Gradient norm: 30.78480175920112
PROGRESS    Completed epoch 785 / 2000;    current loss: 0.6335188150405884
INFO Gradient norm: 37.31339689724775
PROGRESS    Completed epoch 786 / 2000;    current loss: 0.6363934278488159
INFO Gradient norm: 22.332762588979826
PROGRESS    Completed epoch 787 / 2000;    current loss: 0.6331783533096313
INFO Gradient norm: 51.29839920613627
PROGRESS    Completed epoch 788 / 2000;    current loss: 0.6468768119812012
INFO Gradient norm: 47.86722577770915
PROGRESS    Completed epoch 789 / 2000;    current loss: 0.645524799823761
INFO Gradient norm: 22.004264873489984
PROGRESS    Completed epoch 790 / 2000;    current loss: 0.6343216300010681
INFO Gradient norm: 22.846628883086865
PROGRESS    Completed epoch 791 / 2000;    current loss: 0.6324604153633118
INFO Gradient norm: 35.67090994429298
PROGRESS    Completed epoch 792 / 2000;    current loss: 0.6340713500976562
INFO Gradient norm: 21.183266188869258
PROGRESS    Completed epoch 793 / 2000;    current loss: 0.6272202730178833
INFO Gradient norm: 39.63480169788579
PROGRESS    Completed epoch 794 / 2000;    current loss: 0.6342262625694275
INFO Gradient norm: 25.538300135259515
PROGRESS    Completed epoch 795 / 2000;    current loss: 0.6295223236083984
INFO Gradient norm: 51.6405978510915
PROGRESS    Completed epoch 796 / 2000;    current loss: 0.6415311098098755
INFO Gradient norm: 52.54043772378599
PROGRESS    Completed epoch 797 / 2000;    current loss: 0.6432390809059143
INFO Gradient norm: 12.378409100347932
PROGRESS    Completed epoch 798 / 2000;    current loss: 0.6293239593505859
INFO Gradient norm: 15.6329221440854
PROGRESS    Completed epoch 799 / 2000;    current loss: 0.6290228366851807
INFO Gradient norm: 37.470045318760604
PROGRESS    Completed epoch 800 / 2000;    current loss: 0.6338956952095032
INFO Gradient norm: 21.422982574281725
PROGRESS    Completed epoch 801 / 2000;    current loss: 0.6274225115776062
INFO Gradient norm: 45.21983346230967
PROGRESS    Completed epoch 802 / 2000;    current loss: 0.6366812586784363
INFO Gradient norm: 38.10677484885465
PROGRESS    Completed epoch 803 / 2000;    current loss: 0.6325400471687317
INFO Gradient norm: 31.698435938897397
PROGRESS    Completed epoch 804 / 2000;    current loss: 0.6287938952445984
INFO Gradient norm: 29.243026482772393
PROGRESS    Completed epoch 805 / 2000;    current loss: 0.6274239420890808
INFO Gradient norm: 35.277544912849635
PROGRESS    Completed epoch 806 / 2000;    current loss: 0.6298022866249084
INFO Gradient norm: 27.15356896584551
PROGRESS    Completed epoch 807 / 2000;    current loss: 0.6263598799705505
INFO Gradient norm: 42.51566617464678
PROGRESS    Completed epoch 808 / 2000;    current loss: 0.6313154101371765
INFO Gradient norm: 38.30561607313682
PROGRESS    Completed epoch 809 / 2000;    current loss: 0.6288808584213257
INFO Gradient norm: 27.857566234544997
PROGRESS    Completed epoch 810 / 2000;    current loss: 0.624967098236084
INFO Gradient norm: 22.02844255174942
PROGRESS    Completed epoch 811 / 2000;    current loss: 0.6224511861801147
INFO Gradient norm: 40.19573545140213
PROGRESS    Completed epoch 812 / 2000;    current loss: 0.628415584564209
INFO Gradient norm: 30.319022385179405
PROGRESS    Completed epoch 813 / 2000;    current loss: 0.6241049766540527
INFO Gradient norm: 36.641128174058075
PROGRESS    Completed epoch 814 / 2000;    current loss: 0.6269968748092651
INFO Gradient norm: 26.902432697051758
PROGRESS    Completed epoch 815 / 2000;    current loss: 0.6239391565322876
INFO Gradient norm: 42.6974510447406
PROGRESS    Completed epoch 816 / 2000;    current loss: 0.6308839321136475
INFO Gradient norm: 39.275909327336194
PROGRESS    Completed epoch 817 / 2000;    current loss: 0.6295993328094482
INFO Gradient norm: 25.834915734487193
PROGRESS    Completed epoch 818 / 2000;    current loss: 0.6241306662559509
INFO Gradient norm: 22.179300042848457
PROGRESS    Completed epoch 819 / 2000;    current loss: 0.6222136616706848
INFO Gradient norm: 38.543091022993785
PROGRESS    Completed epoch 820 / 2000;    current loss: 0.6264743804931641
INFO Gradient norm: 27.99076322374814
PROGRESS    Completed epoch 821 / 2000;    current loss: 0.6207380890846252
INFO Gradient norm: 40.142791350914734
PROGRESS    Completed epoch 822 / 2000;    current loss: 0.624844491481781
INFO Gradient norm: 36.260022853193625
PROGRESS    Completed epoch 823 / 2000;    current loss: 0.6219027638435364
INFO Gradient norm: 28.0429690444796
PROGRESS    Completed epoch 824 / 2000;    current loss: 0.6169050931930542
INFO Gradient norm: 21.00414944579992
PROGRESS    Completed epoch 825 / 2000;    current loss: 0.6144323348999023
INFO Gradient norm: 40.94549993241885
PROGRESS    Completed epoch 826 / 2000;    current loss: 0.6219915151596069
INFO Gradient norm: 31.888381783999286
PROGRESS    Completed epoch 827 / 2000;    current loss: 0.6166681051254272
INFO Gradient norm: 37.2739323739365
PROGRESS    Completed epoch 828 / 2000;    current loss: 0.6164159774780273
INFO Gradient norm: 34.58813930357311
PROGRESS    Completed epoch 829 / 2000;    current loss: 0.6141816973686218
INFO Gradient norm: 26.09690603680092
PROGRESS    Completed epoch 830 / 2000;    current loss: 0.6111903786659241
INFO Gradient norm: 14.991021541660995
PROGRESS    Completed epoch 831 / 2000;    current loss: 0.6078978776931763
INFO Gradient norm: 48.15279387248085
PROGRESS    Completed epoch 832 / 2000;    current loss: 0.6194984912872314
INFO Gradient norm: 40.407940681117566
PROGRESS    Completed epoch 833 / 2000;    current loss: 0.6151492595672607
INFO Gradient norm: 21.33010058650384
PROGRESS    Completed epoch 834 / 2000;    current loss: 0.6085431575775146
INFO Gradient norm: 16.93396196010122
PROGRESS    Completed epoch 835 / 2000;    current loss: 0.6074917316436768
INFO Gradient norm: 36.947353951905036
PROGRESS    Completed epoch 836 / 2000;    current loss: 0.6131048202514648
INFO Gradient norm: 22.48091029102185
PROGRESS    Completed epoch 837 / 2000;    current loss: 0.6063920855522156
INFO Gradient norm: 33.852273094923035
PROGRESS    Completed epoch 838 / 2000;    current loss: 0.6118670105934143
INFO Gradient norm: 22.583230370654555
PROGRESS    Completed epoch 839 / 2000;    current loss: 0.6091834306716919
INFO Gradient norm: 42.347211308065795
PROGRESS    Completed epoch 840 / 2000;    current loss: 0.617246687412262
INFO Gradient norm: 37.81260065358216
PROGRESS    Completed epoch 841 / 2000;    current loss: 0.614093542098999
INFO Gradient norm: 22.529889778826824
PROGRESS    Completed epoch 842 / 2000;    current loss: 0.6076707243919373
INFO Gradient norm: 13.868232446735488
PROGRESS    Completed epoch 843 / 2000;    current loss: 0.6054536700248718
INFO Gradient norm: 43.79713670592112
PROGRESS    Completed epoch 844 / 2000;    current loss: 0.614443838596344
INFO Gradient norm: 32.302432069931896
PROGRESS    Completed epoch 845 / 2000;    current loss: 0.607724130153656
INFO Gradient norm: 35.19644266179705
PROGRESS    Completed epoch 846 / 2000;    current loss: 0.608585000038147
INFO Gradient norm: 33.60156917074593
PROGRESS    Completed epoch 847 / 2000;    current loss: 0.606910228729248
INFO Gradient norm: 26.035775349034232
PROGRESS    Completed epoch 848 / 2000;    current loss: 0.6021553874015808
INFO Gradient norm: 18.23336556851369
PROGRESS    Completed epoch 849 / 2000;    current loss: 0.5996514558792114
INFO Gradient norm: 35.26576984471432
PROGRESS    Completed epoch 850 / 2000;    current loss: 0.6057058572769165
INFO Gradient norm: 22.27653299361162
PROGRESS    Completed epoch 851 / 2000;    current loss: 0.5999023914337158
INFO Gradient norm: 45.77653489710996
PROGRESS    Completed epoch 852 / 2000;    current loss: 0.608407199382782
INFO Gradient norm: 44.239902721057966
PROGRESS    Completed epoch 853 / 2000;    current loss: 0.607217013835907
INFO Gradient norm: 15.90946985041582
PROGRESS    Completed epoch 854 / 2000;    current loss: 0.5963384509086609
INFO Gradient norm: 15.918181947131751
PROGRESS    Completed epoch 855 / 2000;    current loss: 0.5949626564979553
INFO Gradient norm: 34.78997003097409
PROGRESS    Completed epoch 856 / 2000;    current loss: 0.5986844897270203
INFO Gradient norm: 26.638036925995664
PROGRESS    Completed epoch 857 / 2000;    current loss: 0.5950660705566406
INFO Gradient norm: 31.367588503467168
PROGRESS    Completed epoch 858 / 2000;    current loss: 0.5970812439918518
INFO Gradient norm: 18.244715607745867
PROGRESS    Completed epoch 859 / 2000;    current loss: 0.5940004587173462
INFO Gradient norm: 41.457508048505964
PROGRESS    Completed epoch 860 / 2000;    current loss: 0.603815495967865
INFO Gradient norm: 34.28055636388233
PROGRESS    Completed epoch 861 / 2000;    current loss: 0.6001096963882446
INFO Gradient norm: 27.54723485332431
PROGRESS    Completed epoch 862 / 2000;    current loss: 0.5962170958518982
INFO Gradient norm: 24.49225977649817
PROGRESS    Completed epoch 863 / 2000;    current loss: 0.5941665768623352
INFO Gradient norm: 36.05157804151157
PROGRESS    Completed epoch 864 / 2000;    current loss: 0.5982410907745361
INFO Gradient norm: 31.278928330231672
PROGRESS    Completed epoch 865 / 2000;    current loss: 0.5954884886741638
INFO Gradient norm: 28.135913239820603
PROGRESS    Completed epoch 866 / 2000;    current loss: 0.5938393473625183
INFO Gradient norm: 22.629166664896953
PROGRESS    Completed epoch 867 / 2000;    current loss: 0.5913170576095581
INFO Gradient norm: 36.80880146452976
PROGRESS    Completed epoch 868 / 2000;    current loss: 0.5953143835067749
INFO Gradient norm: 30.798862779350287
PROGRESS    Completed epoch 869 / 2000;    current loss: 0.591858446598053
INFO Gradient norm: 28.563826571344563
PROGRESS    Completed epoch 870 / 2000;    current loss: 0.5911760926246643
INFO Gradient norm: 19.828918069927035
PROGRESS    Completed epoch 871 / 2000;    current loss: 0.5881769061088562
INFO Gradient norm: 41.210356331004235
PROGRESS    Completed epoch 872 / 2000;    current loss: 0.5957329273223877
INFO Gradient norm: 36.31022545278118
PROGRESS    Completed epoch 873 / 2000;    current loss: 0.5929952263832092
INFO Gradient norm: 23.517396670540748
PROGRESS    Completed epoch 874 / 2000;    current loss: 0.5877978205680847
INFO Gradient norm: 20.508592911753567
PROGRESS    Completed epoch 875 / 2000;    current loss: 0.5860673785209656
INFO Gradient norm: 32.85132804942114
PROGRESS    Completed epoch 876 / 2000;    current loss: 0.5892622470855713
INFO Gradient norm: 22.89493675920921
PROGRESS    Completed epoch 877 / 2000;    current loss: 0.584710419178009
INFO Gradient norm: 33.70364493760967
PROGRESS    Completed epoch 878 / 2000;    current loss: 0.5887891054153442
INFO Gradient norm: 23.757361161560617
PROGRESS    Completed epoch 879 / 2000;    current loss: 0.5845198631286621
INFO Gradient norm: 37.40518337756585
PROGRESS    Completed epoch 880 / 2000;    current loss: 0.5896316766738892
INFO Gradient norm: 32.99766423360843
PROGRESS    Completed epoch 881 / 2000;    current loss: 0.5875804424285889
INFO Gradient norm: 25.067633022200027
PROGRESS    Completed epoch 882 / 2000;    current loss: 0.5842751264572144
INFO Gradient norm: 18.96972604093504
PROGRESS    Completed epoch 883 / 2000;    current loss: 0.5822877287864685
INFO Gradient norm: 38.2081778355037
PROGRESS    Completed epoch 884 / 2000;    current loss: 0.5891002416610718
INFO Gradient norm: 31.955547042614636
PROGRESS    Completed epoch 885 / 2000;    current loss: 0.5856221914291382
INFO Gradient norm: 26.271834019662965
PROGRESS    Completed epoch 886 / 2000;    current loss: 0.5829633474349976
INFO Gradient norm: 18.855689976940095
PROGRESS    Completed epoch 887 / 2000;    current loss: 0.5808520317077637
INFO Gradient norm: 37.201510854139535
PROGRESS    Completed epoch 888 / 2000;    current loss: 0.5869933366775513
INFO Gradient norm: 30.08716677819238
PROGRESS    Completed epoch 889 / 2000;    current loss: 0.5827744007110596
INFO Gradient norm: 28.787593351954186
PROGRESS    Completed epoch 890 / 2000;    current loss: 0.5813125371932983
INFO Gradient norm: 24.926174134256044
PROGRESS    Completed epoch 891 / 2000;    current loss: 0.5787138938903809
INFO Gradient norm: 29.80993802861501
PROGRESS    Completed epoch 892 / 2000;    current loss: 0.5792996883392334
INFO Gradient norm: 21.55546599736755
PROGRESS    Completed epoch 893 / 2000;    current loss: 0.575957179069519
INFO Gradient norm: 35.84969656146019
PROGRESS    Completed epoch 894 / 2000;    current loss: 0.581621527671814
INFO Gradient norm: 25.294818573282726
PROGRESS    Completed epoch 895 / 2000;    current loss: 0.5771504640579224
INFO Gradient norm: 37.73281039832228
PROGRESS    Completed epoch 896 / 2000;    current loss: 0.5820174813270569
INFO Gradient norm: 37.2901537336988
PROGRESS    Completed epoch 897 / 2000;    current loss: 0.5819911956787109
INFO Gradient norm: 17.324782298090067
PROGRESS    Completed epoch 898 / 2000;    current loss: 0.5747754573822021
INFO Gradient norm: 15.408934713905525
PROGRESS    Completed epoch 899 / 2000;    current loss: 0.5733639001846313
INFO Gradient norm: 33.487059876873
PROGRESS    Completed epoch 900 / 2000;    current loss: 0.5773026943206787
INFO Gradient norm: 22.490720955231705
PROGRESS    Completed epoch 901 / 2000;    current loss: 0.5715767741203308
INFO Gradient norm: 32.52382920981405
PROGRESS    Completed epoch 902 / 2000;    current loss: 0.5751461982727051
INFO Gradient norm: 25.873001305451584
PROGRESS    Completed epoch 903 / 2000;    current loss: 0.5713412165641785
INFO Gradient norm: 31.804531063296647
PROGRESS    Completed epoch 904 / 2000;    current loss: 0.572385311126709
INFO Gradient norm: 26.009448495166193
PROGRESS    Completed epoch 905 / 2000;    current loss: 0.5699935555458069
INFO Gradient norm: 27.64122470337323
PROGRESS    Completed epoch 906 / 2000;    current loss: 0.5710663199424744
INFO Gradient norm: 17.187834535393115
PROGRESS    Completed epoch 907 / 2000;    current loss: 0.5686478614807129
INFO Gradient norm: 39.615233511363236
PROGRESS    Completed epoch 908 / 2000;    current loss: 0.5775160193443298
INFO Gradient norm: 34.88816047506097
PROGRESS    Completed epoch 909 / 2000;    current loss: 0.5747839212417603
INFO Gradient norm: 21.30286530443456
PROGRESS    Completed epoch 910 / 2000;    current loss: 0.5687560439109802
INFO Gradient norm: 19.91884117275479
PROGRESS    Completed epoch 911 / 2000;    current loss: 0.5670667886734009
INFO Gradient norm: 30.055477442000175
PROGRESS    Completed epoch 912 / 2000;    current loss: 0.5685694217681885
INFO Gradient norm: 21.273157686345325
PROGRESS    Completed epoch 913 / 2000;    current loss: 0.5636078119277954
INFO Gradient norm: 29.220129070348694
PROGRESS    Completed epoch 914 / 2000;    current loss: 0.5662530064582825
INFO Gradient norm: 11.491784646355642
PROGRESS    Completed epoch 915 / 2000;    current loss: 0.5619033575057983
INFO Gradient norm: 46.844008508041654
PROGRESS    Completed epoch 916 / 2000;    current loss: 0.5766127705574036
INFO Gradient norm: 42.809303514747974
PROGRESS    Completed epoch 917 / 2000;    current loss: 0.5744494199752808
INFO Gradient norm: 13.75500240751957
PROGRESS    Completed epoch 918 / 2000;    current loss: 0.5624805688858032
INFO Gradient norm: 20.348645661083264
PROGRESS    Completed epoch 919 / 2000;    current loss: 0.5626662969589233
INFO Gradient norm: 20.67738750130141
PROGRESS    Completed epoch 920 / 2000;    current loss: 0.5606133937835693
INFO Gradient norm: 8.473028637210703
PROGRESS    Completed epoch 921 / 2000;    current loss: 0.5561202764511108
INFO Gradient norm: 30.376576097243042
PROGRESS    Completed epoch 922 / 2000;    current loss: 0.5617007613182068
INFO Gradient norm: 14.808390055293168
PROGRESS    Completed epoch 923 / 2000;    current loss: 0.5560333728790283
INFO Gradient norm: 43.94933397708631
PROGRESS    Completed epoch 924 / 2000;    current loss: 0.5667080879211426
INFO Gradient norm: 44.298399455293
PROGRESS    Completed epoch 925 / 2000;    current loss: 0.5663620233535767
INFO Gradient norm: 6.173809125953903
PROGRESS    Completed epoch 926 / 2000;    current loss: 0.5524584054946899
INFO Gradient norm: 13.247061293539963
PROGRESS    Completed epoch 927 / 2000;    current loss: 0.5517681241035461
INFO Gradient norm: 28.34736715259598
PROGRESS    Completed epoch 928 / 2000;    current loss: 0.5551297664642334
INFO Gradient norm: 21.1184456926011
PROGRESS    Completed epoch 929 / 2000;    current loss: 0.5531705021858215
INFO Gradient norm: 30.720429703782237
PROGRESS    Completed epoch 930 / 2000;    current loss: 0.5569710731506348
INFO Gradient norm: 24.789320185828494
PROGRESS    Completed epoch 931 / 2000;    current loss: 0.5542405247688293
INFO Gradient norm: 28.557898505765397
PROGRESS    Completed epoch 932 / 2000;    current loss: 0.555017352104187
INFO Gradient norm: 25.69088950982019
PROGRESS    Completed epoch 933 / 2000;    current loss: 0.5524701476097107
INFO Gradient norm: 24.94149230950191
PROGRESS    Completed epoch 934 / 2000;    current loss: 0.5508489012718201
INFO Gradient norm: 20.119867024655473
PROGRESS    Completed epoch 935 / 2000;    current loss: 0.5479460954666138
INFO Gradient norm: 30.53738992640136
PROGRESS    Completed epoch 936 / 2000;    current loss: 0.5511182546615601
INFO Gradient norm: 25.10780462159799
PROGRESS    Completed epoch 937 / 2000;    current loss: 0.5483809113502502
INFO Gradient norm: 23.99302904575926
PROGRESS    Completed epoch 938 / 2000;    current loss: 0.5485982894897461
INFO Gradient norm: 17.132200054278474
PROGRESS    Completed epoch 939 / 2000;    current loss: 0.5462847948074341
INFO Gradient norm: 34.413807938106515
PROGRESS    Completed epoch 940 / 2000;    current loss: 0.5517129302024841
INFO Gradient norm: 28.439513692640595
PROGRESS    Completed epoch 941 / 2000;    current loss: 0.5481105446815491
INFO Gradient norm: 24.812677163487905
PROGRESS    Completed epoch 942 / 2000;    current loss: 0.5462364554405212
INFO Gradient norm: 21.510820184619114
PROGRESS    Completed epoch 943 / 2000;    current loss: 0.5439305305480957
INFO Gradient norm: 28.940634593795345
PROGRESS    Completed epoch 944 / 2000;    current loss: 0.5448639392852783
INFO Gradient norm: 23.761042398784024
PROGRESS    Completed epoch 945 / 2000;    current loss: 0.5415038466453552
INFO Gradient norm: 19.619060328296758
PROGRESS    Completed epoch 946 / 2000;    current loss: 0.5406743288040161
INFO Gradient norm: 11.476150031540909
PROGRESS    Completed epoch 947 / 2000;    current loss: 0.5394193530082703
INFO Gradient norm: 35.24902796002142
PROGRESS    Completed epoch 948 / 2000;    current loss: 0.5474598407745361
INFO Gradient norm: 25.59226257936675
PROGRESS    Completed epoch 949 / 2000;    current loss: 0.5424696207046509
INFO Gradient norm: 29.04918441423304
PROGRESS    Completed epoch 950 / 2000;    current loss: 0.5432650446891785
INFO Gradient norm: 26.624368239558816
PROGRESS    Completed epoch 951 / 2000;    current loss: 0.5413103699684143
INFO Gradient norm: 23.93930543821333
PROGRESS    Completed epoch 952 / 2000;    current loss: 0.5389112234115601
INFO Gradient norm: 21.007033702740568
PROGRESS    Completed epoch 953 / 2000;    current loss: 0.5366058349609375
INFO Gradient norm: 22.37842430048611
PROGRESS    Completed epoch 954 / 2000;    current loss: 0.5372000932693481
INFO Gradient norm: 8.072826843048865
PROGRESS    Completed epoch 955 / 2000;    current loss: 0.5342427492141724
INFO Gradient norm: 37.680193369176536
PROGRESS    Completed epoch 956 / 2000;    current loss: 0.544563889503479
INFO Gradient norm: 26.61031718784581
PROGRESS    Completed epoch 957 / 2000;    current loss: 0.5389740467071533
INFO Gradient norm: 28.7550698718791
PROGRESS    Completed epoch 958 / 2000;    current loss: 0.5395808815956116
INFO Gradient norm: 27.708084378781994
PROGRESS    Completed epoch 959 / 2000;    current loss: 0.5385102033615112
INFO Gradient norm: 21.340581296363176
PROGRESS    Completed epoch 960 / 2000;    current loss: 0.534912109375
INFO Gradient norm: 18.484531415043854
PROGRESS    Completed epoch 961 / 2000;    current loss: 0.5328768491744995
INFO Gradient norm: 24.365390522353835
PROGRESS    Completed epoch 962 / 2000;    current loss: 0.5348013043403625
INFO Gradient norm: 11.510507354516024
PROGRESS    Completed epoch 963 / 2000;    current loss: 0.530846357345581
INFO Gradient norm: 39.95478486277869
PROGRESS    Completed epoch 964 / 2000;    current loss: 0.5406944751739502
INFO Gradient norm: 34.36856359238446
PROGRESS    Completed epoch 965 / 2000;    current loss: 0.5366790890693665
INFO Gradient norm: 13.89027663252943
PROGRESS    Completed epoch 966 / 2000;    current loss: 0.5292731523513794
INFO Gradient norm: 12.352949804269732
PROGRESS    Completed epoch 967 / 2000;    current loss: 0.5281995534896851
INFO Gradient norm: 28.19392937190639
PROGRESS    Completed epoch 968 / 2000;    current loss: 0.5312995910644531
INFO Gradient norm: 20.672919683380925
PROGRESS    Completed epoch 969 / 2000;    current loss: 0.5280042290687561
INFO Gradient norm: 25.098553766499602
PROGRESS    Completed epoch 970 / 2000;    current loss: 0.5300409197807312
INFO Gradient norm: 19.651506678288023
PROGRESS    Completed epoch 971 / 2000;    current loss: 0.5281103849411011
INFO Gradient norm: 26.92809914200707
PROGRESS    Completed epoch 972 / 2000;    current loss: 0.5304957628250122
INFO Gradient norm: 20.944122501030396
PROGRESS    Completed epoch 973 / 2000;    current loss: 0.5271692276000977
INFO Gradient norm: 27.590748957032485
PROGRESS    Completed epoch 974 / 2000;    current loss: 0.5285763144493103
INFO Gradient norm: 21.857338845963127
PROGRESS    Completed epoch 975 / 2000;    current loss: 0.5249974727630615
INFO Gradient norm: 28.99484823594316
PROGRESS    Completed epoch 976 / 2000;    current loss: 0.5258718132972717
INFO Gradient norm: 26.112915915609232
PROGRESS    Completed epoch 977 / 2000;    current loss: 0.5231119990348816
INFO Gradient norm: 18.07909930928401
PROGRESS    Completed epoch 978 / 2000;    current loss: 0.5204841494560242
INFO Gradient norm: 10.60809653521254
PROGRESS    Completed epoch 979 / 2000;    current loss: 0.518785834312439
INFO Gradient norm: 33.20146363403229
PROGRESS    Completed epoch 980 / 2000;    current loss: 0.5257861614227295
INFO Gradient norm: 24.775173326464362
PROGRESS    Completed epoch 981 / 2000;    current loss: 0.5215942859649658
INFO Gradient norm: 24.215989526343677
PROGRESS    Completed epoch 982 / 2000;    current loss: 0.5215127468109131
INFO Gradient norm: 20.582241139375583
PROGRESS    Completed epoch 983 / 2000;    current loss: 0.5196176767349243
INFO Gradient norm: 26.416234606611706
PROGRESS    Completed epoch 984 / 2000;    current loss: 0.5207465887069702
INFO Gradient norm: 21.8641753580083
PROGRESS    Completed epoch 985 / 2000;    current loss: 0.5176889300346375
INFO Gradient norm: 25.321316508717782
PROGRESS    Completed epoch 986 / 2000;    current loss: 0.5179481506347656
INFO Gradient norm: 18.610226396747812
PROGRESS    Completed epoch 987 / 2000;    current loss: 0.5153182744979858
INFO Gradient norm: 29.819142536013764
PROGRESS    Completed epoch 988 / 2000;    current loss: 0.5188680291175842
INFO Gradient norm: 26.295769153811523
PROGRESS    Completed epoch 989 / 2000;    current loss: 0.5163851380348206
INFO Gradient norm: 19.97204833249635
PROGRESS    Completed epoch 990 / 2000;    current loss: 0.5134133696556091
INFO Gradient norm: 12.553064549574449
PROGRESS    Completed epoch 991 / 2000;    current loss: 0.5111443400382996
INFO Gradient norm: 32.55219717977936
PROGRESS    Completed epoch 992 / 2000;    current loss: 0.5172120928764343
INFO Gradient norm: 22.83719075165048
PROGRESS    Completed epoch 993 / 2000;    current loss: 0.5124208927154541
INFO Gradient norm: 25.123059999026093
PROGRESS    Completed epoch 994 / 2000;    current loss: 0.5136925578117371
INFO Gradient norm: 20.781958271612748
PROGRESS    Completed epoch 995 / 2000;    current loss: 0.511615514755249
INFO Gradient norm: 26.902999760147345
PROGRESS    Completed epoch 996 / 2000;    current loss: 0.5129632949829102
INFO Gradient norm: 24.164530595629337
PROGRESS    Completed epoch 997 / 2000;    current loss: 0.5111014246940613
INFO Gradient norm: 19.158782015309434
PROGRESS    Completed epoch 998 / 2000;    current loss: 0.5092209577560425
INFO Gradient norm: 13.073344060465024
PROGRESS    Completed epoch 999 / 2000;    current loss: 0.50677090883255
INFO Gradient norm: 31.153192781558147
PROGRESS    Completed epoch 1000 / 2000;    current loss: 0.5114381313323975
INFO Gradient norm: 27.889414150636224
PROGRESS    Completed epoch 1001 / 2000;    current loss: 0.5096519589424133
INFO Gradient norm: 18.260658629676637
PROGRESS    Completed epoch 1002 / 2000;    current loss: 0.5057150721549988
INFO Gradient norm: 11.29109280022338
PROGRESS    Completed epoch 1003 / 2000;    current loss: 0.5037389397621155
INFO Gradient norm: 28.768583345381337
PROGRESS    Completed epoch 1004 / 2000;    current loss: 0.5088257193565369
INFO Gradient norm: 22.752305513136857
PROGRESS    Completed epoch 1005 / 2000;    current loss: 0.5075377821922302
INFO Gradient norm: 23.526590016871737
PROGRESS    Completed epoch 1006 / 2000;    current loss: 0.5085300803184509
INFO Gradient norm: 20.351820852796955
PROGRESS    Completed epoch 1007 / 2000;    current loss: 0.5073280334472656
INFO Gradient norm: 23.88722580863168
PROGRESS    Completed epoch 1008 / 2000;    current loss: 0.5078502893447876
INFO Gradient norm: 19.15722191474906
PROGRESS    Completed epoch 1009 / 2000;    current loss: 0.5045749545097351
INFO Gradient norm: 25.378916302025935
PROGRESS    Completed epoch 1010 / 2000;    current loss: 0.5056107044219971
INFO Gradient norm: 17.13708983818233
PROGRESS    Completed epoch 1011 / 2000;    current loss: 0.5017759203910828
INFO Gradient norm: 31.683152930829987
PROGRESS    Completed epoch 1012 / 2000;    current loss: 0.506009578704834
INFO Gradient norm: 28.89873944347196
PROGRESS    Completed epoch 1013 / 2000;    current loss: 0.5034162998199463
INFO Gradient norm: 15.366560187553397
PROGRESS    Completed epoch 1014 / 2000;    current loss: 0.4984182119369507
INFO Gradient norm: 10.343174195891667
PROGRESS    Completed epoch 1015 / 2000;    current loss: 0.49675261974334717
INFO Gradient norm: 30.301647908759385
PROGRESS    Completed epoch 1016 / 2000;    current loss: 0.5020081400871277
INFO Gradient norm: 22.641691829195267
PROGRESS    Completed epoch 1017 / 2000;    current loss: 0.4985010027885437
INFO Gradient norm: 25.88253523166521
PROGRESS    Completed epoch 1018 / 2000;    current loss: 0.5000072121620178
INFO Gradient norm: 23.1397748447603
PROGRESS    Completed epoch 1019 / 2000;    current loss: 0.498233437538147
INFO Gradient norm: 22.611414305763027
PROGRESS    Completed epoch 1020 / 2000;    current loss: 0.4970124363899231
INFO Gradient norm: 19.893370219961124
PROGRESS    Completed epoch 1021 / 2000;    current loss: 0.4950295686721802
INFO Gradient norm: 19.36272168921193
PROGRESS    Completed epoch 1022 / 2000;    current loss: 0.4952436089515686
INFO Gradient norm: 11.324564355406599
PROGRESS    Completed epoch 1023 / 2000;    current loss: 0.4930155277252197
INFO Gradient norm: 28.533339909946168
PROGRESS    Completed epoch 1024 / 2000;    current loss: 0.49817711114883423
INFO Gradient norm: 18.535480209651602
PROGRESS    Completed epoch 1025 / 2000;    current loss: 0.49325159192085266
INFO Gradient norm: 26.832179145820817
PROGRESS    Completed epoch 1026 / 2000;    current loss: 0.49628373980522156
INFO Gradient norm: 17.877168123289515
PROGRESS    Completed epoch 1027 / 2000;    current loss: 0.49267375469207764
INFO Gradient norm: 32.06315566088206
PROGRESS    Completed epoch 1028 / 2000;    current loss: 0.49847039580345154
INFO Gradient norm: 30.87091130959566
PROGRESS    Completed epoch 1029 / 2000;    current loss: 0.49756133556365967
INFO Gradient norm: 10.289837288151196
PROGRESS    Completed epoch 1030 / 2000;    current loss: 0.49124687910079956
INFO Gradient norm: 10.968432845561995
PROGRESS    Completed epoch 1031 / 2000;    current loss: 0.4910081923007965
INFO Gradient norm: 22.750514994299255
PROGRESS    Completed epoch 1032 / 2000;    current loss: 0.4926413893699646
INFO Gradient norm: 12.74449232977107
PROGRESS    Completed epoch 1033 / 2000;    current loss: 0.48836469650268555
INFO Gradient norm: 28.79548330436516
PROGRESS    Completed epoch 1034 / 2000;    current loss: 0.493815541267395
INFO Gradient norm: 20.535852681752253
PROGRESS    Completed epoch 1035 / 2000;    current loss: 0.48904985189437866
INFO Gradient norm: 28.96957078535618
PROGRESS    Completed epoch 1036 / 2000;    current loss: 0.49090003967285156
INFO Gradient norm: 26.48044014546852
PROGRESS    Completed epoch 1037 / 2000;    current loss: 0.4889710247516632
INFO Gradient norm: 18.04463535917894
PROGRESS    Completed epoch 1038 / 2000;    current loss: 0.48581868410110474
INFO Gradient norm: 10.843239284520989
PROGRESS    Completed epoch 1039 / 2000;    current loss: 0.48371654748916626
INFO Gradient norm: 30.857888837083006
PROGRESS    Completed epoch 1040 / 2000;    current loss: 0.48980844020843506
INFO Gradient norm: 23.20921915505629
PROGRESS    Completed epoch 1041 / 2000;    current loss: 0.48533424735069275
INFO Gradient norm: 19.908608466013114
PROGRESS    Completed epoch 1042 / 2000;    current loss: 0.48461097478866577
INFO Gradient norm: 13.234864768415921
PROGRESS    Completed epoch 1043 / 2000;    current loss: 0.4834020733833313
INFO Gradient norm: 28.389889309155222
PROGRESS    Completed epoch 1044 / 2000;    current loss: 0.48885825276374817
INFO Gradient norm: 22.096049187761317
PROGRESS    Completed epoch 1045 / 2000;    current loss: 0.4852322041988373
INFO Gradient norm: 22.73458166509588
PROGRESS    Completed epoch 1046 / 2000;    current loss: 0.4841659367084503
INFO Gradient norm: 20.012811236378425
PROGRESS    Completed epoch 1047 / 2000;    current loss: 0.48159193992614746
INFO Gradient norm: 19.336865788429787
PROGRESS    Completed epoch 1048 / 2000;    current loss: 0.48017433285713196
INFO Gradient norm: 13.428078635518656
PROGRESS    Completed epoch 1049 / 2000;    current loss: 0.47730278968811035
INFO Gradient norm: 20.9539736785514
PROGRESS    Completed epoch 1050 / 2000;    current loss: 0.4802935719490051
INFO Gradient norm: 8.225686416349392
PROGRESS    Completed epoch 1051 / 2000;    current loss: 0.4770027995109558
INFO Gradient norm: 35.48993077509164
PROGRESS    Completed epoch 1052 / 2000;    current loss: 0.4865351617336273
INFO Gradient norm: 28.855072612738912
PROGRESS    Completed epoch 1053 / 2000;    current loss: 0.48188918828964233
INFO Gradient norm: 18.90218105050776
PROGRESS    Completed epoch 1054 / 2000;    current loss: 0.4772101938724518
INFO Gradient norm: 18.372432905396963
PROGRESS    Completed epoch 1055 / 2000;    current loss: 0.4760053753852844
INFO Gradient norm: 23.964010829956862
PROGRESS    Completed epoch 1056 / 2000;    current loss: 0.4765600264072418
INFO Gradient norm: 19.63428535287258
PROGRESS    Completed epoch 1057 / 2000;    current loss: 0.47364968061447144
INFO Gradient norm: 22.564016224456513
PROGRESS    Completed epoch 1058 / 2000;    current loss: 0.47398269176483154
INFO Gradient norm: 16.16958628117923
PROGRESS    Completed epoch 1059 / 2000;    current loss: 0.4704049229621887
INFO Gradient norm: 29.97725190227438
PROGRESS    Completed epoch 1060 / 2000;    current loss: 0.4746163487434387
INFO Gradient norm: 28.037017132735702
PROGRESS    Completed epoch 1061 / 2000;    current loss: 0.47267234325408936
INFO Gradient norm: 14.162198705556682
PROGRESS    Completed epoch 1062 / 2000;    current loss: 0.4667617678642273
INFO Gradient norm: 11.45060955309967
PROGRESS    Completed epoch 1063 / 2000;    current loss: 0.46576589345932007
INFO Gradient norm: 24.156942143529488
PROGRESS    Completed epoch 1064 / 2000;    current loss: 0.46891215443611145
INFO Gradient norm: 14.821419082282542
PROGRESS    Completed epoch 1065 / 2000;    current loss: 0.4643980860710144
INFO Gradient norm: 18.99960494886066
PROGRESS    Completed epoch 1066 / 2000;    current loss: 0.46683165431022644
INFO Gradient norm: 8.700127372383902
PROGRESS    Completed epoch 1067 / 2000;    current loss: 0.4648682773113251
INFO Gradient norm: 22.118867129272036
PROGRESS    Completed epoch 1068 / 2000;    current loss: 0.46806222200393677
INFO Gradient norm: 8.409418673266343
PROGRESS    Completed epoch 1069 / 2000;    current loss: 0.4629732072353363
INFO Gradient norm: 32.783211321072486
PROGRESS    Completed epoch 1070 / 2000;    current loss: 0.4713899791240692
INFO Gradient norm: 26.078946694454345
PROGRESS    Completed epoch 1071 / 2000;    current loss: 0.46615439653396606
INFO Gradient norm: 21.55525140828023
PROGRESS    Completed epoch 1072 / 2000;    current loss: 0.4614368677139282
INFO Gradient norm: 25.106162257403764
PROGRESS    Completed epoch 1073 / 2000;    current loss: 0.46160903573036194
INFO Gradient norm: 11.875412986785005
PROGRESS    Completed epoch 1074 / 2000;    current loss: 0.45727771520614624
INFO Gradient norm: 6.763571283916152
PROGRESS    Completed epoch 1075 / 2000;    current loss: 0.4547915458679199
INFO Gradient norm: 30.909151988738
PROGRESS    Completed epoch 1076 / 2000;    current loss: 0.46041300892829895
INFO Gradient norm: 21.99744310831825
PROGRESS    Completed epoch 1077 / 2000;    current loss: 0.4551824629306793
INFO Gradient norm: 22.95290799862941
PROGRESS    Completed epoch 1078 / 2000;    current loss: 0.45563942193984985
INFO Gradient norm: 22.64890667595794
PROGRESS    Completed epoch 1079 / 2000;    current loss: 0.4547484219074249
INFO Gradient norm: 16.184856986629413
PROGRESS    Completed epoch 1080 / 2000;    current loss: 0.4512917697429657
INFO Gradient norm: 14.4636380761577
PROGRESS    Completed epoch 1081 / 2000;    current loss: 0.4497489631175995
INFO Gradient norm: 20.93949103997261
PROGRESS    Completed epoch 1082 / 2000;    current loss: 0.45059075951576233
INFO Gradient norm: 13.627860995692256
PROGRESS    Completed epoch 1083 / 2000;    current loss: 0.4469892382621765
INFO Gradient norm: 28.258451431948576
PROGRESS    Completed epoch 1084 / 2000;    current loss: 0.4515683054924011
INFO Gradient norm: 24.67821817304926
PROGRESS    Completed epoch 1085 / 2000;    current loss: 0.4488661587238312
INFO Gradient norm: 15.48810540729425
PROGRESS    Completed epoch 1086 / 2000;    current loss: 0.4451696574687958
INFO Gradient norm: 12.966748803727594
PROGRESS    Completed epoch 1087 / 2000;    current loss: 0.44365134835243225
INFO Gradient norm: 24.97969996248611
PROGRESS    Completed epoch 1088 / 2000;    current loss: 0.4468282163143158
INFO Gradient norm: 19.56807065622845
PROGRESS    Completed epoch 1089 / 2000;    current loss: 0.44366204738616943
INFO Gradient norm: 18.686700176179706
PROGRESS    Completed epoch 1090 / 2000;    current loss: 0.4432785212993622
INFO Gradient norm: 10.282924429817252
PROGRESS    Completed epoch 1091 / 2000;    current loss: 0.44084781408309937
INFO Gradient norm: 28.460913111889457
PROGRESS    Completed epoch 1092 / 2000;    current loss: 0.44684916734695435
INFO Gradient norm: 26.43551768083601
PROGRESS    Completed epoch 1093 / 2000;    current loss: 0.44638895988464355
INFO Gradient norm: 14.41423804025078
PROGRESS    Completed epoch 1094 / 2000;    current loss: 0.4412741959095001
INFO Gradient norm: 15.550323864014125
PROGRESS    Completed epoch 1095 / 2000;    current loss: 0.4404788017272949
INFO Gradient norm: 18.72288170056751
PROGRESS    Completed epoch 1096 / 2000;    current loss: 0.4398418366909027
INFO Gradient norm: 13.762895496506147
PROGRESS    Completed epoch 1097 / 2000;    current loss: 0.43711456656455994
INFO Gradient norm: 21.368480280477474
PROGRESS    Completed epoch 1098 / 2000;    current loss: 0.4396868944168091
INFO Gradient norm: 13.72525741306177
PROGRESS    Completed epoch 1099 / 2000;    current loss: 0.4363784193992615
INFO Gradient norm: 25.5403918850184
PROGRESS    Completed epoch 1100 / 2000;    current loss: 0.44022661447525024
INFO Gradient norm: 19.161156599617097
PROGRESS    Completed epoch 1101 / 2000;    current loss: 0.43709710240364075
INFO Gradient norm: 22.546247133116072
PROGRESS    Completed epoch 1102 / 2000;    current loss: 0.4386919438838959
INFO Gradient norm: 19.373669175954543
PROGRESS    Completed epoch 1103 / 2000;    current loss: 0.4367147386074066
INFO Gradient norm: 21.778764617590838
PROGRESS    Completed epoch 1104 / 2000;    current loss: 0.4359115660190582
INFO Gradient norm: 19.601727124021057
PROGRESS    Completed epoch 1105 / 2000;    current loss: 0.4341129660606384
INFO Gradient norm: 14.758185277397011
PROGRESS    Completed epoch 1106 / 2000;    current loss: 0.4325696527957916
INFO Gradient norm: 5.068295178932673
PROGRESS    Completed epoch 1107 / 2000;    current loss: 0.43008285760879517
INFO Gradient norm: 30.58892227233747
PROGRESS    Completed epoch 1108 / 2000;    current loss: 0.43773484230041504
INFO Gradient norm: 21.44713683296971
PROGRESS    Completed epoch 1109 / 2000;    current loss: 0.432358056306839
INFO Gradient norm: 21.127021514327605
PROGRESS    Completed epoch 1110 / 2000;    current loss: 0.4324582517147064
INFO Gradient norm: 19.619099210374106
PROGRESS    Completed epoch 1111 / 2000;    current loss: 0.4313649833202362
INFO Gradient norm: 19.046557437669023
PROGRESS    Completed epoch 1112 / 2000;    current loss: 0.43033313751220703
INFO Gradient norm: 16.518474057648028
PROGRESS    Completed epoch 1113 / 2000;    current loss: 0.42829054594039917
INFO Gradient norm: 17.503591557631793
PROGRESS    Completed epoch 1114 / 2000;    current loss: 0.42813315987586975
INFO Gradient norm: 9.699017926689168
PROGRESS    Completed epoch 1115 / 2000;    current loss: 0.42532244324684143
INFO Gradient norm: 27.409047085629112
PROGRESS    Completed epoch 1116 / 2000;    current loss: 0.43042558431625366
INFO Gradient norm: 20.331937758657933
PROGRESS    Completed epoch 1117 / 2000;    current loss: 0.4252704083919525
INFO Gradient norm: 21.295823135979564
PROGRESS    Completed epoch 1118 / 2000;    current loss: 0.4249895215034485
INFO Gradient norm: 16.268990722540778
PROGRESS    Completed epoch 1119 / 2000;    current loss: 0.4226648509502411
INFO Gradient norm: 20.729374127010743
PROGRESS    Completed epoch 1120 / 2000;    current loss: 0.4241536557674408
INFO Gradient norm: 14.91676154663359
PROGRESS    Completed epoch 1121 / 2000;    current loss: 0.4223632216453552
INFO Gradient norm: 22.77651685974148
PROGRESS    Completed epoch 1122 / 2000;    current loss: 0.4256645143032074
INFO Gradient norm: 17.85026108623324
PROGRESS    Completed epoch 1123 / 2000;    current loss: 0.4230322241783142
INFO Gradient norm: 22.8210509246796
PROGRESS    Completed epoch 1124 / 2000;    current loss: 0.4237465262413025
INFO Gradient norm: 21.140879778322233
PROGRESS    Completed epoch 1125 / 2000;    current loss: 0.42218655347824097
INFO Gradient norm: 16.352252559265537
PROGRESS    Completed epoch 1126 / 2000;    current loss: 0.42016467452049255
INFO Gradient norm: 12.928241961719737
PROGRESS    Completed epoch 1127 / 2000;    current loss: 0.4179525077342987
INFO Gradient norm: 24.227505601924193
PROGRESS    Completed epoch 1128 / 2000;    current loss: 0.42010170221328735
INFO Gradient norm: 19.118251591098282
PROGRESS    Completed epoch 1129 / 2000;    current loss: 0.41662418842315674
INFO Gradient norm: 15.57099142169439
PROGRESS    Completed epoch 1130 / 2000;    current loss: 0.41600966453552246
INFO Gradient norm: 9.507866668970275
PROGRESS    Completed epoch 1131 / 2000;    current loss: 0.4142438769340515
INFO Gradient norm: 26.103733958712194
PROGRESS    Completed epoch 1132 / 2000;    current loss: 0.4197888970375061
INFO Gradient norm: 19.25402288881085
PROGRESS    Completed epoch 1133 / 2000;    current loss: 0.4159364104270935
INFO Gradient norm: 16.62928715500464
PROGRESS    Completed epoch 1134 / 2000;    current loss: 0.41470450162887573
INFO Gradient norm: 12.764751646911781
PROGRESS    Completed epoch 1135 / 2000;    current loss: 0.4128156900405884
INFO Gradient norm: 22.405123678151305
PROGRESS    Completed epoch 1136 / 2000;    current loss: 0.41531065106391907
INFO Gradient norm: 16.37308609312553
PROGRESS    Completed epoch 1137 / 2000;    current loss: 0.4111914038658142
INFO Gradient norm: 16.184050136080685
PROGRESS    Completed epoch 1138 / 2000;    current loss: 0.4116429090499878
INFO Gradient norm: 10.002900396185199
PROGRESS    Completed epoch 1139 / 2000;    current loss: 0.41004517674446106
INFO Gradient norm: 21.818863833690866
PROGRESS    Completed epoch 1140 / 2000;    current loss: 0.4133824408054352
INFO Gradient norm: 11.768399348241756
PROGRESS    Completed epoch 1141 / 2000;    current loss: 0.4089220464229584
INFO Gradient norm: 26.599658513294237
PROGRESS    Completed epoch 1142 / 2000;    current loss: 0.4144172966480255
INFO Gradient norm: 22.762547588752504
PROGRESS    Completed epoch 1143 / 2000;    current loss: 0.4115447700023651
INFO Gradient norm: 17.262317691367702
PROGRESS    Completed epoch 1144 / 2000;    current loss: 0.4073033332824707
INFO Gradient norm: 17.221462556616643
PROGRESS    Completed epoch 1145 / 2000;    current loss: 0.4064728617668152
INFO Gradient norm: 18.333067266016194
PROGRESS    Completed epoch 1146 / 2000;    current loss: 0.40765032172203064
INFO Gradient norm: 12.97272188900384
PROGRESS    Completed epoch 1147 / 2000;    current loss: 0.4048316776752472
INFO Gradient norm: 26.106473311350445
PROGRESS    Completed epoch 1148 / 2000;    current loss: 0.4075661599636078
INFO Gradient norm: 22.456923995625477
PROGRESS    Completed epoch 1149 / 2000;    current loss: 0.40483009815216064
INFO Gradient norm: 16.386809629734618
PROGRESS    Completed epoch 1150 / 2000;    current loss: 0.40271079540252686
INFO Gradient norm: 14.527711916672171
PROGRESS    Completed epoch 1151 / 2000;    current loss: 0.40071508288383484
INFO Gradient norm: 21.693478170005847
PROGRESS    Completed epoch 1152 / 2000;    current loss: 0.40151089429855347
INFO Gradient norm: 14.86455199303586
PROGRESS    Completed epoch 1153 / 2000;    current loss: 0.3987939655780792
INFO Gradient norm: 20.624239949001208
PROGRESS    Completed epoch 1154 / 2000;    current loss: 0.40186136960983276
INFO Gradient norm: 15.32026520085539
PROGRESS    Completed epoch 1155 / 2000;    current loss: 0.3995336890220642
INFO Gradient norm: 23.157183563185296
PROGRESS    Completed epoch 1156 / 2000;    current loss: 0.40237942337989807
INFO Gradient norm: 16.749663068622002
PROGRESS    Completed epoch 1157 / 2000;    current loss: 0.4003230333328247
INFO Gradient norm: 21.253830122477716
PROGRESS    Completed epoch 1158 / 2000;    current loss: 0.40229862928390503
INFO Gradient norm: 18.813647585310886
PROGRESS    Completed epoch 1159 / 2000;    current loss: 0.4009183645248413
INFO Gradient norm: 17.9914412171592
PROGRESS    Completed epoch 1160 / 2000;    current loss: 0.39991137385368347
INFO Gradient norm: 16.594330625706704
PROGRESS    Completed epoch 1161 / 2000;    current loss: 0.39836809039115906
INFO Gradient norm: 13.668961328197401
PROGRESS    Completed epoch 1162 / 2000;    current loss: 0.397718608379364
INFO Gradient norm: 7.183309447962018
PROGRESS    Completed epoch 1163 / 2000;    current loss: 0.39608585834503174
INFO Gradient norm: 21.394525349467823
PROGRESS    Completed epoch 1164 / 2000;    current loss: 0.39993715286254883
INFO Gradient norm: 10.479249573939226
PROGRESS    Completed epoch 1165 / 2000;    current loss: 0.3956475257873535
INFO Gradient norm: 26.983435364389557
PROGRESS    Completed epoch 1166 / 2000;    current loss: 0.4022670388221741
INFO Gradient norm: 23.166344242193713
PROGRESS    Completed epoch 1167 / 2000;    current loss: 0.39927738904953003
INFO Gradient norm: 16.053773800705844
PROGRESS    Completed epoch 1168 / 2000;    current loss: 0.3940337002277374
INFO Gradient norm: 18.004656844243428
PROGRESS    Completed epoch 1169 / 2000;    current loss: 0.3934648036956787
INFO Gradient norm: 10.54053510410901
PROGRESS    Completed epoch 1170 / 2000;    current loss: 0.39087164402008057
INFO Gradient norm: 3.5549317256400506
PROGRESS    Completed epoch 1171 / 2000;    current loss: 0.38793593645095825
INFO Gradient norm: 28.10003785106753
PROGRESS    Completed epoch 1172 / 2000;    current loss: 0.3943157494068146
INFO Gradient norm: 12.621095728389847
PROGRESS    Completed epoch 1173 / 2000;    current loss: 0.38797372579574585
INFO Gradient norm: 28.335846544589803
PROGRESS    Completed epoch 1174 / 2000;    current loss: 0.39606672525405884
INFO Gradient norm: 28.39403557553272
PROGRESS    Completed epoch 1175 / 2000;    current loss: 0.39640602469444275
INFO Gradient norm: 7.485950535206822
PROGRESS    Completed epoch 1176 / 2000;    current loss: 0.3885093629360199
INFO Gradient norm: 12.430874609139092
PROGRESS    Completed epoch 1177 / 2000;    current loss: 0.38899627327919006
INFO Gradient norm: 14.056316185838613
PROGRESS    Completed epoch 1178 / 2000;    current loss: 0.38804513216018677
INFO Gradient norm: 4.284542032419215
PROGRESS    Completed epoch 1179 / 2000;    current loss: 0.3844560384750366
INFO Gradient norm: 22.796107174731922
PROGRESS    Completed epoch 1180 / 2000;    current loss: 0.3874255418777466
INFO Gradient norm: 9.996097685847111
PROGRESS    Completed epoch 1181 / 2000;    current loss: 0.38163506984710693
INFO Gradient norm: 27.59143929260983
PROGRESS    Completed epoch 1182 / 2000;    current loss: 0.3894007205963135
INFO Gradient norm: 22.831723885765534
PROGRESS    Completed epoch 1183 / 2000;    current loss: 0.3854263126850128
INFO Gradient norm: 10.833969468309725
PROGRESS    Completed epoch 1184 / 2000;    current loss: 0.3789084553718567
INFO Gradient norm: 14.157328772206556
PROGRESS    Completed epoch 1185 / 2000;    current loss: 0.37852197885513306
INFO Gradient norm: 13.224632184342216
PROGRESS    Completed epoch 1186 / 2000;    current loss: 0.37794995307922363
INFO Gradient norm: 5.516333869959406
PROGRESS    Completed epoch 1187 / 2000;    current loss: 0.3745175004005432
INFO Gradient norm: 27.516778513301414
PROGRESS    Completed epoch 1188 / 2000;    current loss: 0.38043391704559326
INFO Gradient norm: 19.177257425671783
PROGRESS    Completed epoch 1189 / 2000;    current loss: 0.3756229281425476
INFO Gradient norm: 21.246129567313154
PROGRESS    Completed epoch 1190 / 2000;    current loss: 0.3764527142047882
INFO Gradient norm: 20.995562937765612
PROGRESS    Completed epoch 1191 / 2000;    current loss: 0.3754546046257019
INFO Gradient norm: 14.505420688162463
PROGRESS    Completed epoch 1192 / 2000;    current loss: 0.37213853001594543
INFO Gradient norm: 13.866422095188495
PROGRESS    Completed epoch 1193 / 2000;    current loss: 0.3710762560367584
INFO Gradient norm: 17.64687939188095
PROGRESS    Completed epoch 1194 / 2000;    current loss: 0.3711263835430145
INFO Gradient norm: 10.979299357891717
PROGRESS    Completed epoch 1195 / 2000;    current loss: 0.36764898896217346
INFO Gradient norm: 23.85965659220183
PROGRESS    Completed epoch 1196 / 2000;    current loss: 0.37100914120674133
INFO Gradient norm: 17.109821649825406
PROGRESS    Completed epoch 1197 / 2000;    current loss: 0.3669542372226715
INFO Gradient norm: 20.934262837595767
PROGRESS    Completed epoch 1198 / 2000;    current loss: 0.3683994710445404
INFO Gradient norm: 19.641455539886895
PROGRESS    Completed epoch 1199 / 2000;    current loss: 0.36705902218818665
INFO Gradient norm: 15.684328401185148
PROGRESS    Completed epoch 1200 / 2000;    current loss: 0.363811731338501
INFO Gradient norm: 14.846059031840616
PROGRESS    Completed epoch 1201 / 2000;    current loss: 0.3627118468284607
INFO Gradient norm: 12.817571098544096
PROGRESS    Completed epoch 1202 / 2000;    current loss: 0.36248978972435
INFO Gradient norm: 4.588552099037655
PROGRESS    Completed epoch 1203 / 2000;    current loss: 0.36034730076789856
INFO Gradient norm: 25.299290515681026
PROGRESS    Completed epoch 1204 / 2000;    current loss: 0.36599552631378174
INFO Gradient norm: 15.966666542744887
PROGRESS    Completed epoch 1205 / 2000;    current loss: 0.3608435094356537
INFO Gradient norm: 18.04874263318019
PROGRESS    Completed epoch 1206 / 2000;    current loss: 0.36235013604164124
INFO Gradient norm: 11.29180955290889
PROGRESS    Completed epoch 1207 / 2000;    current loss: 0.3608090877532959
INFO Gradient norm: 21.89559813740008
PROGRESS    Completed epoch 1208 / 2000;    current loss: 0.36575478315353394
INFO Gradient norm: 13.766074896220825
PROGRESS    Completed epoch 1209 / 2000;    current loss: 0.3631495535373688
INFO Gradient norm: 24.652776029627343
PROGRESS    Completed epoch 1210 / 2000;    current loss: 0.36804622411727905
INFO Gradient norm: 21.879434566827236
PROGRESS    Completed epoch 1211 / 2000;    current loss: 0.36673498153686523
INFO Gradient norm: 16.15353228511639
PROGRESS    Completed epoch 1212 / 2000;    current loss: 0.3646054267883301
INFO Gradient norm: 16.54173182531673
PROGRESS    Completed epoch 1213 / 2000;    current loss: 0.3645224869251251
INFO Gradient norm: 15.876578137769956
PROGRESS    Completed epoch 1214 / 2000;    current loss: 0.3638466000556946
INFO Gradient norm: 9.825310679219298
PROGRESS    Completed epoch 1215 / 2000;    current loss: 0.3617430627346039
INFO Gradient norm: 24.534229082110034
PROGRESS    Completed epoch 1216 / 2000;    current loss: 0.3665902018547058
INFO Gradient norm: 18.63007951986221
PROGRESS    Completed epoch 1217 / 2000;    current loss: 0.3630233108997345
INFO Gradient norm: 18.430897467038033
PROGRESS    Completed epoch 1218 / 2000;    current loss: 0.3629973232746124
INFO Gradient norm: 14.442200628505331
PROGRESS    Completed epoch 1219 / 2000;    current loss: 0.36094528436660767
INFO Gradient norm: 22.59577962134889
PROGRESS    Completed epoch 1220 / 2000;    current loss: 0.363389790058136
INFO Gradient norm: 19.368286345200758
PROGRESS    Completed epoch 1221 / 2000;    current loss: 0.3614899516105652
INFO Gradient norm: 17.438780078460987
PROGRESS    Completed epoch 1222 / 2000;    current loss: 0.3606746196746826
INFO Gradient norm: 15.126916227240836
PROGRESS    Completed epoch 1223 / 2000;    current loss: 0.35938310623168945
INFO Gradient norm: 19.186237288703644
PROGRESS    Completed epoch 1224 / 2000;    current loss: 0.36054959893226624
INFO Gradient norm: 14.890416093039965
PROGRESS    Completed epoch 1225 / 2000;    current loss: 0.35863804817199707
INFO Gradient norm: 14.085348795467642
PROGRESS    Completed epoch 1226 / 2000;    current loss: 0.359636515378952
INFO Gradient norm: 6.37949029232638
PROGRESS    Completed epoch 1227 / 2000;    current loss: 0.35921087861061096
INFO Gradient norm: 19.416180017046283
PROGRESS    Completed epoch 1228 / 2000;    current loss: 0.36266517639160156
INFO Gradient norm: 7.290515126273037
PROGRESS    Completed epoch 1229 / 2000;    current loss: 0.35794299840927124
INFO Gradient norm: 27.911931658929618
PROGRESS    Completed epoch 1230 / 2000;    current loss: 0.3655659854412079
INFO Gradient norm: 23.265786932863755
PROGRESS    Completed epoch 1231 / 2000;    current loss: 0.36203694343566895
INFO Gradient norm: 10.20733177049786
PROGRESS    Completed epoch 1232 / 2000;    current loss: 0.35620275139808655
INFO Gradient norm: 11.465984699572338
PROGRESS    Completed epoch 1233 / 2000;    current loss: 0.3562939465045929
INFO Gradient norm: 16.206373598898
PROGRESS    Completed epoch 1234 / 2000;    current loss: 0.3584586977958679
INFO Gradient norm: 7.2117634451716075
PROGRESS    Completed epoch 1235 / 2000;    current loss: 0.3552530109882355
INFO Gradient norm: 29.161241341352536
PROGRESS    Completed epoch 1236 / 2000;    current loss: 0.3625013530254364
INFO Gradient norm: 21.13417714243136
PROGRESS    Completed epoch 1237 / 2000;    current loss: 0.3585033416748047
INFO Gradient norm: 19.868176721670235
PROGRESS    Completed epoch 1238 / 2000;    current loss: 0.35939523577690125
INFO Gradient norm: 20.332725419298452
PROGRESS    Completed epoch 1239 / 2000;    current loss: 0.35956427454948425
INFO Gradient norm: 14.532160463133742
PROGRESS    Completed epoch 1240 / 2000;    current loss: 0.35645759105682373
INFO Gradient norm: 12.977574842927181
PROGRESS    Completed epoch 1241 / 2000;    current loss: 0.3558633327484131
INFO Gradient norm: 17.47396731469007
PROGRESS    Completed epoch 1242 / 2000;    current loss: 0.35756030678749084
INFO Gradient norm: 6.62424561939602
PROGRESS    Completed epoch 1243 / 2000;    current loss: 0.354981005191803
INFO Gradient norm: 22.815974021274293
PROGRESS    Completed epoch 1244 / 2000;    current loss: 0.3605926036834717
INFO Gradient norm: 13.55839383941456
PROGRESS    Completed epoch 1245 / 2000;    current loss: 0.3565889000892639
INFO Gradient norm: 24.838774516128428
PROGRESS    Completed epoch 1246 / 2000;    current loss: 0.36138391494750977
INFO Gradient norm: 23.39541148890081
PROGRESS    Completed epoch 1247 / 2000;    current loss: 0.3601299524307251
INFO Gradient norm: 12.410369458814836
PROGRESS    Completed epoch 1248 / 2000;    current loss: 0.35468801856040955
INFO Gradient norm: 13.746867708218913
PROGRESS    Completed epoch 1249 / 2000;    current loss: 0.35422295331954956
INFO Gradient norm: 13.328492879652673
PROGRESS    Completed epoch 1250 / 2000;    current loss: 0.3541044592857361
INFO Gradient norm: 2.23492736482308
PROGRESS    Completed epoch 1251 / 2000;    current loss: 0.35219576954841614
INFO Gradient norm: 19.70359010552004
PROGRESS    Completed epoch 1252 / 2000;    current loss: 0.35563182830810547
INFO Gradient norm: 3.6964308449024914
PROGRESS    Completed epoch 1253 / 2000;    current loss: 0.35075220465660095
INFO Gradient norm: 28.11151623942397
PROGRESS    Completed epoch 1254 / 2000;    current loss: 0.35897117853164673
INFO Gradient norm: 19.79398070502298
PROGRESS    Completed epoch 1255 / 2000;    current loss: 0.3529099225997925
INFO Gradient norm: 11.512608499593455
PROGRESS    Completed epoch 1256 / 2000;    current loss: 0.34986501932144165
INFO Gradient norm: 5.735263248214954
PROGRESS    Completed epoch 1257 / 2000;    current loss: 0.3495310842990875
INFO Gradient norm: 21.33356763238742
PROGRESS    Completed epoch 1258 / 2000;    current loss: 0.3548518121242523
INFO Gradient norm: 9.070162335992835
PROGRESS    Completed epoch 1259 / 2000;    current loss: 0.35043200850486755
INFO Gradient norm: 30.126343335999888
PROGRESS    Completed epoch 1260 / 2000;    current loss: 0.35911521315574646
INFO Gradient norm: 28.01749979390898
PROGRESS    Completed epoch 1261 / 2000;    current loss: 0.35743317008018494
INFO Gradient norm: 7.6131852883522
PROGRESS    Completed epoch 1262 / 2000;    current loss: 0.3495246171951294
INFO Gradient norm: 6.738973561001633
PROGRESS    Completed epoch 1263 / 2000;    current loss: 0.3501721918582916
INFO Gradient norm: 16.713538977621482
PROGRESS    Completed epoch 1264 / 2000;    current loss: 0.35257840156555176
INFO Gradient norm: 4.272832532676688
PROGRESS    Completed epoch 1265 / 2000;    current loss: 0.34903261065483093
INFO Gradient norm: 25.212296693980818
PROGRESS    Completed epoch 1266 / 2000;    current loss: 0.3556399643421173
INFO Gradient norm: 10.922820275840904
PROGRESS    Completed epoch 1267 / 2000;    current loss: 0.3499746024608612
INFO Gradient norm: 30.645293712575565
PROGRESS    Completed epoch 1268 / 2000;    current loss: 0.35940709710121155
INFO Gradient norm: 30.662206105002806
PROGRESS    Completed epoch 1269 / 2000;    current loss: 0.3593277633190155
INFO Gradient norm: 5.545260952130437
PROGRESS    Completed epoch 1270 / 2000;    current loss: 0.3485712707042694
INFO Gradient norm: 16.265801277577573
PROGRESS    Completed epoch 1271 / 2000;    current loss: 0.35011255741119385
INFO Gradient norm: 6.839724543015951
PROGRESS    Completed epoch 1272 / 2000;    current loss: 0.3465145528316498
INFO Gradient norm: 2.9471943957889195
PROGRESS    Completed epoch 1273 / 2000;    current loss: 0.34483417868614197
INFO Gradient norm: 14.429413498802267
PROGRESS    Completed epoch 1274 / 2000;    current loss: 0.34579741954803467
INFO Gradient norm: 2.445691565233782
PROGRESS    Completed epoch 1275 / 2000;    current loss: 0.34209510684013367
INFO Gradient norm: 4.217016636386379
PROGRESS    Completed epoch 1276 / 2000;    current loss: 0.34256744384765625
INFO Gradient norm: 17.882640309452775
PROGRESS    Completed epoch 1277 / 2000;    current loss: 0.3466322124004364
INFO Gradient norm: 4.844158378349822
PROGRESS    Completed epoch 1278 / 2000;    current loss: 0.34406009316444397
INFO Gradient norm: 18.324132983975414
PROGRESS    Completed epoch 1279 / 2000;    current loss: 0.3467200696468353
INFO Gradient norm: 3.641083383320676
PROGRESS    Completed epoch 1280 / 2000;    current loss: 0.3417523503303528
INFO Gradient norm: 29.200991633700237
PROGRESS    Completed epoch 1281 / 2000;    current loss: 0.35100990533828735
INFO Gradient norm: 19.132990999878732
PROGRESS    Completed epoch 1282 / 2000;    current loss: 0.34482190012931824
INFO Gradient norm: 24.593012793233694
PROGRESS    Completed epoch 1283 / 2000;    current loss: 0.3464151918888092
INFO Gradient norm: 25.315328905121802
PROGRESS    Completed epoch 1284 / 2000;    current loss: 0.34674525260925293
INFO Gradient norm: 10.39276190376495
PROGRESS    Completed epoch 1285 / 2000;    current loss: 0.34140628576278687
INFO Gradient norm: 11.785018764942546
PROGRESS    Completed epoch 1286 / 2000;    current loss: 0.34154289960861206
INFO Gradient norm: 14.490520237004862
PROGRESS    Completed epoch 1287 / 2000;    current loss: 0.34196382761001587
INFO Gradient norm: 5.846073442346856
PROGRESS    Completed epoch 1288 / 2000;    current loss: 0.3400516211986542
INFO Gradient norm: 23.481183239713474
PROGRESS    Completed epoch 1289 / 2000;    current loss: 0.34607627987861633
INFO Gradient norm: 15.27170397988396
PROGRESS    Completed epoch 1290 / 2000;    current loss: 0.34145134687423706
INFO Gradient norm: 20.666506296897005
PROGRESS    Completed epoch 1291 / 2000;    current loss: 0.34315750002861023
INFO Gradient norm: 13.536224735324481
PROGRESS    Completed epoch 1292 / 2000;    current loss: 0.34075912833213806
INFO Gradient norm: 24.029442258308276
PROGRESS    Completed epoch 1293 / 2000;    current loss: 0.3458714187145233
INFO Gradient norm: 21.47106246785431
PROGRESS    Completed epoch 1294 / 2000;    current loss: 0.3445219397544861
INFO Gradient norm: 15.66201757216241
PROGRESS    Completed epoch 1295 / 2000;    current loss: 0.34188640117645264
INFO Gradient norm: 14.682979354202164
PROGRESS    Completed epoch 1296 / 2000;    current loss: 0.3415438234806061
INFO Gradient norm: 18.96729046591249
PROGRESS    Completed epoch 1297 / 2000;    current loss: 0.34347814321517944
INFO Gradient norm: 9.701453370393443
PROGRESS    Completed epoch 1298 / 2000;    current loss: 0.341460645198822
INFO Gradient norm: 26.141884322907867
PROGRESS    Completed epoch 1299 / 2000;    current loss: 0.3488745093345642
INFO Gradient norm: 21.990694185013545
PROGRESS    Completed epoch 1300 / 2000;    current loss: 0.3466983437538147
INFO Gradient norm: 15.585764954443553
PROGRESS    Completed epoch 1301 / 2000;    current loss: 0.34365013241767883
INFO Gradient norm: 15.359335667328155
PROGRESS    Completed epoch 1302 / 2000;    current loss: 0.3434906601905823
INFO Gradient norm: 17.594076710946673
PROGRESS    Completed epoch 1303 / 2000;    current loss: 0.34428492188453674
INFO Gradient norm: 13.052338374507066
PROGRESS    Completed epoch 1304 / 2000;    current loss: 0.34232065081596375
INFO Gradient norm: 22.06275129703353
PROGRESS    Completed epoch 1305 / 2000;    current loss: 0.34582099318504333
INFO Gradient norm: 20.024784805610317
PROGRESS    Completed epoch 1306 / 2000;    current loss: 0.3448084592819214
INFO Gradient norm: 16.40067750619312
PROGRESS    Completed epoch 1307 / 2000;    current loss: 0.34273016452789307
INFO Gradient norm: 14.963504814736496
PROGRESS    Completed epoch 1308 / 2000;    current loss: 0.34208378195762634
INFO Gradient norm: 18.838082285830513
PROGRESS    Completed epoch 1309 / 2000;    current loss: 0.3441362977027893
INFO Gradient norm: 13.822909784795119
PROGRESS    Completed epoch 1310 / 2000;    current loss: 0.3419056534767151
INFO Gradient norm: 24.00610135200365
PROGRESS    Completed epoch 1311 / 2000;    current loss: 0.34507864713668823
INFO Gradient norm: 21.52014807300888
PROGRESS    Completed epoch 1312 / 2000;    current loss: 0.3435952067375183
INFO Gradient norm: 15.166384172911833
PROGRESS    Completed epoch 1313 / 2000;    current loss: 0.3415510058403015
INFO Gradient norm: 13.33118517867978
PROGRESS    Completed epoch 1314 / 2000;    current loss: 0.34052538871765137
INFO Gradient norm: 19.0778187266854
PROGRESS    Completed epoch 1315 / 2000;    current loss: 0.3420831561088562
INFO Gradient norm: 13.16397621006578
PROGRESS    Completed epoch 1316 / 2000;    current loss: 0.3400052785873413
INFO Gradient norm: 23.002504087002777
PROGRESS    Completed epoch 1317 / 2000;    current loss: 0.3445322513580322
INFO Gradient norm: 19.915580641580448
PROGRESS    Completed epoch 1318 / 2000;    current loss: 0.34269627928733826
INFO Gradient norm: 16.902393484243177
PROGRESS    Completed epoch 1319 / 2000;    current loss: 0.34074172377586365
INFO Gradient norm: 16.101810461102083
PROGRESS    Completed epoch 1320 / 2000;    current loss: 0.3401709496974945
INFO Gradient norm: 14.128682622577697
PROGRESS    Completed epoch 1321 / 2000;    current loss: 0.33987316489219666
INFO Gradient norm: 4.8173428223153705
PROGRESS    Completed epoch 1322 / 2000;    current loss: 0.33841872215270996
INFO Gradient norm: 24.11262440461593
PROGRESS    Completed epoch 1323 / 2000;    current loss: 0.34470632672309875
INFO Gradient norm: 13.504942440724365
PROGRESS    Completed epoch 1324 / 2000;    current loss: 0.33995896577835083
INFO Gradient norm: 26.541342480704945
PROGRESS    Completed epoch 1325 / 2000;    current loss: 0.3459671139717102
INFO Gradient norm: 25.94015868125137
PROGRESS    Completed epoch 1326 / 2000;    current loss: 0.3453710973262787
INFO Gradient norm: 9.782519688181369
PROGRESS    Completed epoch 1327 / 2000;    current loss: 0.33815106749534607
INFO Gradient norm: 12.224304813584837
PROGRESS    Completed epoch 1328 / 2000;    current loss: 0.3383491337299347
INFO Gradient norm: 16.133862907644406
PROGRESS    Completed epoch 1329 / 2000;    current loss: 0.3395165801048279
INFO Gradient norm: 8.46657406095584
PROGRESS    Completed epoch 1330 / 2000;    current loss: 0.3370009660720825
INFO Gradient norm: 26.656501497885014
PROGRESS    Completed epoch 1331 / 2000;    current loss: 0.3435823917388916
INFO Gradient norm: 20.852402639423318
PROGRESS    Completed epoch 1332 / 2000;    current loss: 0.340415894985199
INFO Gradient norm: 18.0065792694207
PROGRESS    Completed epoch 1333 / 2000;    current loss: 0.33967912197113037
INFO Gradient norm: 15.069194498889345
PROGRESS    Completed epoch 1334 / 2000;    current loss: 0.3384007513523102
INFO Gradient norm: 20.76398084266254
PROGRESS    Completed epoch 1335 / 2000;    current loss: 0.34046611189842224
INFO Gradient norm: 17.389798146582308
PROGRESS    Completed epoch 1336 / 2000;    current loss: 0.33908095955848694
INFO Gradient norm: 16.496419593006355
PROGRESS    Completed epoch 1337 / 2000;    current loss: 0.3391418755054474
INFO Gradient norm: 8.729430664347111
PROGRESS    Completed epoch 1338 / 2000;    current loss: 0.33821117877960205
INFO Gradient norm: 23.516411872184452
PROGRESS    Completed epoch 1339 / 2000;    current loss: 0.3444516956806183
INFO Gradient norm: 16.1106793880651
PROGRESS    Completed epoch 1340 / 2000;    current loss: 0.3409506678581238
INFO Gradient norm: 22.87320907018065
PROGRESS    Completed epoch 1341 / 2000;    current loss: 0.34327611327171326
INFO Gradient norm: 21.79839174970655
PROGRESS    Completed epoch 1342 / 2000;    current loss: 0.3424598276615143
INFO Gradient norm: 13.559352734783925
PROGRESS    Completed epoch 1343 / 2000;    current loss: 0.3389141261577606
INFO Gradient norm: 12.825964490810822
PROGRESS    Completed epoch 1344 / 2000;    current loss: 0.3382177948951721
INFO Gradient norm: 18.590351400288366
PROGRESS    Completed epoch 1345 / 2000;    current loss: 0.34008803963661194
INFO Gradient norm: 12.242095159254456
PROGRESS    Completed epoch 1346 / 2000;    current loss: 0.3374954164028168
INFO Gradient norm: 25.509267163856276
PROGRESS    Completed epoch 1347 / 2000;    current loss: 0.34235918521881104
INFO Gradient norm: 23.34205567582216
PROGRESS    Completed epoch 1348 / 2000;    current loss: 0.34092605113983154
INFO Gradient norm: 13.01046112007159
PROGRESS    Completed epoch 1349 / 2000;    current loss: 0.3372373580932617
INFO Gradient norm: 11.590419776777347
PROGRESS    Completed epoch 1350 / 2000;    current loss: 0.3366348147392273
INFO Gradient norm: 20.403750622280363
PROGRESS    Completed epoch 1351 / 2000;    current loss: 0.3392144739627838
INFO Gradient norm: 12.821714446604716
PROGRESS    Completed epoch 1352 / 2000;    current loss: 0.33655980229377747
INFO Gradient norm: 23.816985776331325
PROGRESS    Completed epoch 1353 / 2000;    current loss: 0.3417641818523407
INFO Gradient norm: 21.261052931490543
PROGRESS    Completed epoch 1354 / 2000;    current loss: 0.3402324318885803
INFO Gradient norm: 14.898763554723804
PROGRESS    Completed epoch 1355 / 2000;    current loss: 0.3370516002178192
INFO Gradient norm: 14.80931785201208
PROGRESS    Completed epoch 1356 / 2000;    current loss: 0.3368885815143585
INFO Gradient norm: 16.00410260056976
PROGRESS    Completed epoch 1357 / 2000;    current loss: 0.33742693066596985
INFO Gradient norm: 6.741170446262693
PROGRESS    Completed epoch 1358 / 2000;    current loss: 0.335447758436203
INFO Gradient norm: 25.805456801809378
PROGRESS    Completed epoch 1359 / 2000;    current loss: 0.3428095281124115
INFO Gradient norm: 19.76057125402332
PROGRESS    Completed epoch 1360 / 2000;    current loss: 0.33966776728630066
INFO Gradient norm: 17.895573773691492
PROGRESS    Completed epoch 1361 / 2000;    current loss: 0.3386250138282776
INFO Gradient norm: 17.888880199837033
PROGRESS    Completed epoch 1362 / 2000;    current loss: 0.3385179340839386
INFO Gradient norm: 14.619027514085388
PROGRESS    Completed epoch 1363 / 2000;    current loss: 0.33722054958343506
INFO Gradient norm: 11.87700656202158
PROGRESS    Completed epoch 1364 / 2000;    current loss: 0.33606886863708496
INFO Gradient norm: 19.977947261448595
PROGRESS    Completed epoch 1365 / 2000;    current loss: 0.33880385756492615
INFO Gradient norm: 14.938115937536798
PROGRESS    Completed epoch 1366 / 2000;    current loss: 0.3364045023918152
INFO Gradient norm: 21.25701245848074
PROGRESS    Completed epoch 1367 / 2000;    current loss: 0.3384886384010315
INFO Gradient norm: 19.82872831625442
PROGRESS    Completed epoch 1368 / 2000;    current loss: 0.3375120162963867
INFO Gradient norm: 13.798818691152773
PROGRESS    Completed epoch 1369 / 2000;    current loss: 0.3353010416030884
INFO Gradient norm: 12.680640452080832
PROGRESS    Completed epoch 1370 / 2000;    current loss: 0.33481982350349426
INFO Gradient norm: 19.12142801109735
PROGRESS    Completed epoch 1371 / 2000;    current loss: 0.33662325143814087
INFO Gradient norm: 13.986225212100285
PROGRESS    Completed epoch 1372 / 2000;    current loss: 0.3346298635005951
INFO Gradient norm: 20.436891595744587
PROGRESS    Completed epoch 1373 / 2000;    current loss: 0.3376714885234833
INFO Gradient norm: 12.271382133149944
PROGRESS    Completed epoch 1374 / 2000;    current loss: 0.3348027765750885
INFO Gradient norm: 25.728457869265558
PROGRESS    Completed epoch 1375 / 2000;    current loss: 0.34107357263565063
INFO Gradient norm: 24.255905431579293
PROGRESS    Completed epoch 1376 / 2000;    current loss: 0.3409040868282318
INFO Gradient norm: 10.268437394959546
PROGRESS    Completed epoch 1377 / 2000;    current loss: 0.3356741964817047
INFO Gradient norm: 10.301569451380027
PROGRESS    Completed epoch 1378 / 2000;    current loss: 0.33615437150001526
INFO Gradient norm: 17.03999928393748
PROGRESS    Completed epoch 1379 / 2000;    current loss: 0.33872273564338684
INFO Gradient norm: 8.722624995848673
PROGRESS    Completed epoch 1380 / 2000;    current loss: 0.3358788788318634
INFO Gradient norm: 25.962102720037088
PROGRESS    Completed epoch 1381 / 2000;    current loss: 0.3422172963619232
INFO Gradient norm: 21.856944800721422
PROGRESS    Completed epoch 1382 / 2000;    current loss: 0.33953967690467834
INFO Gradient norm: 14.696983961698846
PROGRESS    Completed epoch 1383 / 2000;    current loss: 0.3362645208835602
INFO Gradient norm: 13.983168096109726
PROGRESS    Completed epoch 1384 / 2000;    current loss: 0.33586829900741577
INFO Gradient norm: 16.84065078024333
PROGRESS    Completed epoch 1385 / 2000;    current loss: 0.33700600266456604
INFO Gradient norm: 11.705369743748426
PROGRESS    Completed epoch 1386 / 2000;    current loss: 0.3352394700050354
INFO Gradient norm: 23.238925462274516
PROGRESS    Completed epoch 1387 / 2000;    current loss: 0.3393850326538086
INFO Gradient norm: 19.75691856349506
PROGRESS    Completed epoch 1388 / 2000;    current loss: 0.3376375436782837
INFO Gradient norm: 15.981240913030392
PROGRESS    Completed epoch 1389 / 2000;    current loss: 0.33657434582710266
INFO Gradient norm: 15.156358561570642
PROGRESS    Completed epoch 1390 / 2000;    current loss: 0.3361053466796875
INFO Gradient norm: 17.137360330553207
PROGRESS    Completed epoch 1391 / 2000;    current loss: 0.33620545268058777
INFO Gradient norm: 13.343500607478505
PROGRESS    Completed epoch 1392 / 2000;    current loss: 0.3347504138946533
INFO Gradient norm: 14.857367606756567
PROGRESS    Completed epoch 1393 / 2000;    current loss: 0.3359116315841675
INFO Gradient norm: 7.102529507987107
PROGRESS    Completed epoch 1394 / 2000;    current loss: 0.3346150815486908
INFO Gradient norm: 23.58761999923688
PROGRESS    Completed epoch 1395 / 2000;    current loss: 0.3410615622997284
INFO Gradient norm: 16.988699258686392
PROGRESS    Completed epoch 1396 / 2000;    current loss: 0.33805689215660095
INFO Gradient norm: 19.803660820925735
PROGRESS    Completed epoch 1397 / 2000;    current loss: 0.33886709809303284
INFO Gradient norm: 19.35598440692063
PROGRESS    Completed epoch 1398 / 2000;    current loss: 0.33859241008758545
INFO Gradient norm: 13.12800834348829
PROGRESS    Completed epoch 1399 / 2000;    current loss: 0.3363061249256134
INFO Gradient norm: 11.540571305822853
PROGRESS    Completed epoch 1400 / 2000;    current loss: 0.33551621437072754
INFO Gradient norm: 18.676254860486406
PROGRESS    Completed epoch 1401 / 2000;    current loss: 0.3376960754394531
INFO Gradient norm: 13.210014948873917
PROGRESS    Completed epoch 1402 / 2000;    current loss: 0.3353816568851471
INFO Gradient norm: 22.158299200884624
PROGRESS    Completed epoch 1403 / 2000;    current loss: 0.3385613262653351
INFO Gradient norm: 20.585618027738676
PROGRESS    Completed epoch 1404 / 2000;    current loss: 0.3375357985496521
INFO Gradient norm: 12.6438286673108
PROGRESS    Completed epoch 1405 / 2000;    current loss: 0.3347238302230835
INFO Gradient norm: 11.363647194271275
PROGRESS    Completed epoch 1406 / 2000;    current loss: 0.3341720998287201
INFO Gradient norm: 19.339484132487737
PROGRESS    Completed epoch 1407 / 2000;    current loss: 0.33633658289909363
INFO Gradient norm: 14.010815854623722
PROGRESS    Completed epoch 1408 / 2000;    current loss: 0.33418330550193787
INFO Gradient norm: 20.947719561872756
PROGRESS    Completed epoch 1409 / 2000;    current loss: 0.3374950885772705
INFO Gradient norm: 19.0751164771254
PROGRESS    Completed epoch 1410 / 2000;    current loss: 0.3363717198371887
INFO Gradient norm: 14.495448891662033
PROGRESS    Completed epoch 1411 / 2000;    current loss: 0.3338779807090759
INFO Gradient norm: 13.067660311040859
PROGRESS    Completed epoch 1412 / 2000;    current loss: 0.3332759439945221
INFO Gradient norm: 17.48151504309364
PROGRESS    Completed epoch 1413 / 2000;    current loss: 0.33502551913261414
INFO Gradient norm: 13.01792505982245
PROGRESS    Completed epoch 1414 / 2000;    current loss: 0.3331257700920105
INFO Gradient norm: 19.498417678714805
PROGRESS    Completed epoch 1415 / 2000;    current loss: 0.3352663218975067
INFO Gradient norm: 11.08047490928056
PROGRESS    Completed epoch 1416 / 2000;    current loss: 0.3326336741447449
INFO Gradient norm: 21.659186228719644
PROGRESS    Completed epoch 1417 / 2000;    current loss: 0.33751294016838074
INFO Gradient norm: 15.545257991245744
PROGRESS    Completed epoch 1418 / 2000;    current loss: 0.3358224928379059
INFO Gradient norm: 19.680443429741974
PROGRESS    Completed epoch 1419 / 2000;    current loss: 0.33884209394454956
INFO Gradient norm: 19.584097630567737
PROGRESS    Completed epoch 1420 / 2000;    current loss: 0.33976906538009644
INFO Gradient norm: 11.376531541289769
PROGRESS    Completed epoch 1421 / 2000;    current loss: 0.3369569182395935
INFO Gradient norm: 11.926651735273193
PROGRESS    Completed epoch 1422 / 2000;    current loss: 0.3372003436088562
INFO Gradient norm: 14.635070975619055
PROGRESS    Completed epoch 1423 / 2000;    current loss: 0.3380867540836334
INFO Gradient norm: 8.654530342269728
PROGRESS    Completed epoch 1424 / 2000;    current loss: 0.33593153953552246
INFO Gradient norm: 21.58950712681154
PROGRESS    Completed epoch 1425 / 2000;    current loss: 0.339998334646225
INFO Gradient norm: 16.416086178235556
PROGRESS    Completed epoch 1426 / 2000;    current loss: 0.33729514479637146
INFO Gradient norm: 18.640950323104928
PROGRESS    Completed epoch 1427 / 2000;    current loss: 0.33763569593429565
INFO Gradient norm: 18.820150934641966
PROGRESS    Completed epoch 1428 / 2000;    current loss: 0.33738088607788086
INFO Gradient norm: 11.862050701430345
PROGRESS    Completed epoch 1429 / 2000;    current loss: 0.3350464403629303
INFO Gradient norm: 10.727100803208666
PROGRESS    Completed epoch 1430 / 2000;    current loss: 0.3345363736152649
INFO Gradient norm: 17.16291621042274
PROGRESS    Completed epoch 1431 / 2000;    current loss: 0.3361142575740814
INFO Gradient norm: 11.320786165609311
PROGRESS    Completed epoch 1432 / 2000;    current loss: 0.3341023921966553
INFO Gradient norm: 20.719412662968878
PROGRESS    Completed epoch 1433 / 2000;    current loss: 0.337785542011261
INFO Gradient norm: 17.807214714195446
PROGRESS    Completed epoch 1434 / 2000;    current loss: 0.33613741397857666
INFO Gradient norm: 15.101309076417987
PROGRESS    Completed epoch 1435 / 2000;    current loss: 0.3344951868057251
INFO Gradient norm: 14.73680123098389
PROGRESS    Completed epoch 1436 / 2000;    current loss: 0.33408981561660767
INFO Gradient norm: 14.463441690709619
PROGRESS    Completed epoch 1437 / 2000;    current loss: 0.3338984549045563
INFO Gradient norm: 10.59828029572043
PROGRESS    Completed epoch 1438 / 2000;    current loss: 0.33238816261291504
INFO Gradient norm: 18.566795781109768
PROGRESS    Completed epoch 1439 / 2000;    current loss: 0.33490124344825745
INFO Gradient norm: 13.258468315720327
PROGRESS    Completed epoch 1440 / 2000;    current loss: 0.3329424262046814
INFO Gradient norm: 13.618550716263561
PROGRESS    Completed epoch 1441 / 2000;    current loss: 0.3339294195175171
INFO Gradient norm: 7.609299915368998
PROGRESS    Completed epoch 1442 / 2000;    current loss: 0.3333936035633087
INFO Gradient norm: 20.195800394756315
PROGRESS    Completed epoch 1443 / 2000;    current loss: 0.33804458379745483
INFO Gradient norm: 13.707454035789432
PROGRESS    Completed epoch 1444 / 2000;    current loss: 0.3355783522129059
INFO Gradient norm: 20.1127533401355
PROGRESS    Completed epoch 1445 / 2000;    current loss: 0.33769944310188293
INFO Gradient norm: 18.14777994310594
PROGRESS    Completed epoch 1446 / 2000;    current loss: 0.33679890632629395
INFO Gradient norm: 14.580906993423918
PROGRESS    Completed epoch 1447 / 2000;    current loss: 0.335653692483902
INFO Gradient norm: 13.612026260084953
PROGRESS    Completed epoch 1448 / 2000;    current loss: 0.3350563049316406
INFO Gradient norm: 16.10842336601251
PROGRESS    Completed epoch 1449 / 2000;    current loss: 0.33560892939567566
INFO Gradient norm: 11.709713756458711
PROGRESS    Completed epoch 1450 / 2000;    current loss: 0.33405524492263794
INFO Gradient norm: 21.066632474841345
PROGRESS    Completed epoch 1451 / 2000;    current loss: 0.3372301161289215
INFO Gradient norm: 18.289282278615342
PROGRESS    Completed epoch 1452 / 2000;    current loss: 0.3358517289161682
INFO Gradient norm: 14.453364668018327
PROGRESS    Completed epoch 1453 / 2000;    current loss: 0.3347588777542114
INFO Gradient norm: 13.23521473548108
PROGRESS    Completed epoch 1454 / 2000;    current loss: 0.3342593014240265
INFO Gradient norm: 17.24731277358466
PROGRESS    Completed epoch 1455 / 2000;    current loss: 0.3350558578968048
INFO Gradient norm: 13.579515483029649
PROGRESS    Completed epoch 1456 / 2000;    current loss: 0.3336487412452698
INFO Gradient norm: 18.15608707730338
PROGRESS    Completed epoch 1457 / 2000;    current loss: 0.3356153070926666
INFO Gradient norm: 15.261881315474833
PROGRESS    Completed epoch 1458 / 2000;    current loss: 0.334169864654541
INFO Gradient norm: 17.162024116779317
PROGRESS    Completed epoch 1459 / 2000;    current loss: 0.33423495292663574
INFO Gradient norm: 15.378151546852845
PROGRESS    Completed epoch 1460 / 2000;    current loss: 0.33337247371673584
INFO Gradient norm: 15.419789987385158
PROGRESS    Completed epoch 1461 / 2000;    current loss: 0.3334394097328186
INFO Gradient norm: 12.513378672116236
PROGRESS    Completed epoch 1462 / 2000;    current loss: 0.3321903645992279
INFO Gradient norm: 17.96001331287364
PROGRESS    Completed epoch 1463 / 2000;    current loss: 0.33382511138916016
INFO Gradient norm: 12.80757988202029
PROGRESS    Completed epoch 1464 / 2000;    current loss: 0.33208194375038147
INFO Gradient norm: 18.161806614334665
PROGRESS    Completed epoch 1465 / 2000;    current loss: 0.3343013525009155
INFO Gradient norm: 11.467404510805261
PROGRESS    Completed epoch 1466 / 2000;    current loss: 0.33256977796554565
INFO Gradient norm: 21.653565968689126
PROGRESS    Completed epoch 1467 / 2000;    current loss: 0.3373658061027527
INFO Gradient norm: 20.097107340964566
PROGRESS    Completed epoch 1468 / 2000;    current loss: 0.337268203496933
INFO Gradient norm: 11.077111426733605
PROGRESS    Completed epoch 1469 / 2000;    current loss: 0.3340785503387451
INFO Gradient norm: 12.451520409575723
PROGRESS    Completed epoch 1470 / 2000;    current loss: 0.33461669087409973
INFO Gradient norm: 13.270749758213311
PROGRESS    Completed epoch 1471 / 2000;    current loss: 0.3351759612560272
INFO Gradient norm: 8.209819425160724
PROGRESS    Completed epoch 1472 / 2000;    current loss: 0.33360084891319275
INFO Gradient norm: 20.602607415889953
PROGRESS    Completed epoch 1473 / 2000;    current loss: 0.33734002709388733
INFO Gradient norm: 15.834046651282335
PROGRESS    Completed epoch 1474 / 2000;    current loss: 0.3350598216056824
INFO Gradient norm: 17.880769672242746
PROGRESS    Completed epoch 1475 / 2000;    current loss: 0.3356301188468933
INFO Gradient norm: 18.199957347723284
PROGRESS    Completed epoch 1476 / 2000;    current loss: 0.33554959297180176
INFO Gradient norm: 10.720081126343302
PROGRESS    Completed epoch 1477 / 2000;    current loss: 0.33305707573890686
INFO Gradient norm: 9.119492807601256
PROGRESS    Completed epoch 1478 / 2000;    current loss: 0.33253738284111023
INFO Gradient norm: 18.186629808316734
PROGRESS    Completed epoch 1479 / 2000;    current loss: 0.335086464881897
INFO Gradient norm: 12.60188173552729
PROGRESS    Completed epoch 1480 / 2000;    current loss: 0.33297690749168396
INFO Gradient norm: 18.919043658507817
PROGRESS    Completed epoch 1481 / 2000;    current loss: 0.33532801270484924
INFO Gradient norm: 17.011012686014183
PROGRESS    Completed epoch 1482 / 2000;    current loss: 0.33426785469055176
INFO Gradient norm: 13.639701064767175
PROGRESS    Completed epoch 1483 / 2000;    current loss: 0.3326675593852997
INFO Gradient norm: 13.11106909478838
PROGRESS    Completed epoch 1484 / 2000;    current loss: 0.3322487771511078
INFO Gradient norm: 14.348293239960304
PROGRESS    Completed epoch 1485 / 2000;    current loss: 0.33247503638267517
INFO Gradient norm: 10.17192673393384
PROGRESS    Completed epoch 1486 / 2000;    current loss: 0.33095046877861023
INFO Gradient norm: 19.90089269509732
PROGRESS    Completed epoch 1487 / 2000;    current loss: 0.33404573798179626
INFO Gradient norm: 16.538778164625644
PROGRESS    Completed epoch 1488 / 2000;    current loss: 0.33242613077163696
INFO Gradient norm: 13.710194590972824
PROGRESS    Completed epoch 1489 / 2000;    current loss: 0.3312745690345764
INFO Gradient norm: 11.136705372906976
PROGRESS    Completed epoch 1490 / 2000;    current loss: 0.3304615318775177
INFO Gradient norm: 16.639805262911736
PROGRESS    Completed epoch 1491 / 2000;    current loss: 0.3324841856956482
INFO Gradient norm: 7.713578402517204
PROGRESS    Completed epoch 1492 / 2000;    current loss: 0.3302059471607208
INFO Gradient norm: 20.08470833941112
PROGRESS    Completed epoch 1493 / 2000;    current loss: 0.33493801951408386
INFO Gradient norm: 12.775234869006269
PROGRESS    Completed epoch 1494 / 2000;    current loss: 0.3334195017814636
INFO Gradient norm: 20.982728827783415
PROGRESS    Completed epoch 1495 / 2000;    current loss: 0.33824414014816284
INFO Gradient norm: 19.833178254192187
PROGRESS    Completed epoch 1496 / 2000;    current loss: 0.33815523982048035
INFO Gradient norm: 11.327124948459561
PROGRESS    Completed epoch 1497 / 2000;    current loss: 0.33453819155693054
INFO Gradient norm: 13.113458649985752
PROGRESS    Completed epoch 1498 / 2000;    current loss: 0.33466288447380066
INFO Gradient norm: 12.545067061147783
PROGRESS    Completed epoch 1499 / 2000;    current loss: 0.3343198001384735
INFO Gradient norm: 7.339870545502333
PROGRESS    Completed epoch 1500 / 2000;    current loss: 0.332558810710907
INFO Gradient norm: 20.457763797202098
PROGRESS    Completed epoch 1501 / 2000;    current loss: 0.33663809299468994
INFO Gradient norm: 15.023010524237591
PROGRESS    Completed epoch 1502 / 2000;    current loss: 0.33418920636177063
INFO Gradient norm: 16.459966307690113
PROGRESS    Completed epoch 1503 / 2000;    current loss: 0.33429837226867676
INFO Gradient norm: 14.78599119581597
PROGRESS    Completed epoch 1504 / 2000;    current loss: 0.33389878273010254
INFO Gradient norm: 15.553122517014025
PROGRESS    Completed epoch 1505 / 2000;    current loss: 0.3352004289627075
INFO Gradient norm: 12.173509567496428
PROGRESS    Completed epoch 1506 / 2000;    current loss: 0.33398380875587463
INFO Gradient norm: 20.502435515304672
PROGRESS    Completed epoch 1507 / 2000;    current loss: 0.33594661951065063
INFO Gradient norm: 17.62012666427602
PROGRESS    Completed epoch 1508 / 2000;    current loss: 0.33457958698272705
INFO Gradient norm: 14.868613612047863
PROGRESS    Completed epoch 1509 / 2000;    current loss: 0.33396145701408386
INFO Gradient norm: 13.76621885447821
PROGRESS    Completed epoch 1510 / 2000;    current loss: 0.333189457654953
INFO Gradient norm: 16.074694201714212
PROGRESS    Completed epoch 1511 / 2000;    current loss: 0.3333728611469269
INFO Gradient norm: 12.745235029393577
PROGRESS    Completed epoch 1512 / 2000;    current loss: 0.3321540951728821
INFO Gradient norm: 16.999268489278037
PROGRESS    Completed epoch 1513 / 2000;    current loss: 0.33360356092453003
INFO Gradient norm: 9.819063093972286
PROGRESS    Completed epoch 1514 / 2000;    current loss: 0.3319600522518158
INFO Gradient norm: 22.0522279139315
PROGRESS    Completed epoch 1515 / 2000;    current loss: 0.3372570872306824
INFO Gradient norm: 19.04064897949589
PROGRESS    Completed epoch 1516 / 2000;    current loss: 0.3360840678215027
INFO Gradient norm: 13.753587266812497
PROGRESS    Completed epoch 1517 / 2000;    current loss: 0.33354634046554565
INFO Gradient norm: 13.942007280686372
PROGRESS    Completed epoch 1518 / 2000;    current loss: 0.33347374200820923
INFO Gradient norm: 14.391757019394008
PROGRESS    Completed epoch 1519 / 2000;    current loss: 0.33376532793045044
INFO Gradient norm: 10.537713298105762
PROGRESS    Completed epoch 1520 / 2000;    current loss: 0.33216989040374756
INFO Gradient norm: 19.22226937782115
PROGRESS    Completed epoch 1521 / 2000;    current loss: 0.33458375930786133
INFO Gradient norm: 15.244080335107208
PROGRESS    Completed epoch 1522 / 2000;    current loss: 0.33270692825317383
INFO Gradient norm: 17.342660541834125
PROGRESS    Completed epoch 1523 / 2000;    current loss: 0.3330848813056946
INFO Gradient norm: 16.69387742010312
PROGRESS    Completed epoch 1524 / 2000;    current loss: 0.3325612246990204
INFO Gradient norm: 12.751583461882053
PROGRESS    Completed epoch 1525 / 2000;    current loss: 0.33144983649253845
INFO Gradient norm: 10.99287343249557
PROGRESS    Completed epoch 1526 / 2000;    current loss: 0.3309011161327362
INFO Gradient norm: 17.14201187902991
PROGRESS    Completed epoch 1527 / 2000;    current loss: 0.3323611617088318
INFO Gradient norm: 13.069330008486816
PROGRESS    Completed epoch 1528 / 2000;    current loss: 0.33091452717781067
INFO Gradient norm: 17.00891043712234
PROGRESS    Completed epoch 1529 / 2000;    current loss: 0.33266711235046387
INFO Gradient norm: 11.570406354495882
PROGRESS    Completed epoch 1530 / 2000;    current loss: 0.3305618464946747
INFO Gradient norm: 20.785278773819595
PROGRESS    Completed epoch 1531 / 2000;    current loss: 0.3336552083492279
INFO Gradient norm: 18.806984139361443
PROGRESS    Completed epoch 1532 / 2000;    current loss: 0.33290576934814453
INFO Gradient norm: 12.043762240250084
PROGRESS    Completed epoch 1533 / 2000;    current loss: 0.3306000828742981
INFO Gradient norm: 7.990361655824383
PROGRESS    Completed epoch 1534 / 2000;    current loss: 0.3305017948150635
INFO Gradient norm: 17.86264352057728
PROGRESS    Completed epoch 1535 / 2000;    current loss: 0.3343183398246765
INFO Gradient norm: 11.380544146858213
PROGRESS    Completed epoch 1536 / 2000;    current loss: 0.3321753740310669
INFO Gradient norm: 20.86844561200957
PROGRESS    Completed epoch 1537 / 2000;    current loss: 0.33514851331710815
INFO Gradient norm: 19.395793410752695
PROGRESS    Completed epoch 1538 / 2000;    current loss: 0.3342999219894409
INFO Gradient norm: 11.075019713102712
PROGRESS    Completed epoch 1539 / 2000;    current loss: 0.3314194977283478
INFO Gradient norm: 10.627836064812787
PROGRESS    Completed epoch 1540 / 2000;    current loss: 0.33098503947257996
INFO Gradient norm: 16.076039974811476
PROGRESS    Completed epoch 1541 / 2000;    current loss: 0.33236169815063477
INFO Gradient norm: 10.723574633465626
PROGRESS    Completed epoch 1542 / 2000;    current loss: 0.33054161071777344
INFO Gradient norm: 21.13955971872285
PROGRESS    Completed epoch 1543 / 2000;    current loss: 0.334023118019104
INFO Gradient norm: 19.365282874513674
PROGRESS    Completed epoch 1544 / 2000;    current loss: 0.3330819010734558
INFO Gradient norm: 11.391940775722476
PROGRESS    Completed epoch 1545 / 2000;    current loss: 0.33062979578971863
INFO Gradient norm: 10.027554761266373
PROGRESS    Completed epoch 1546 / 2000;    current loss: 0.33027294278144836
INFO Gradient norm: 17.893325359902914
PROGRESS    Completed epoch 1547 / 2000;    current loss: 0.332378625869751
INFO Gradient norm: 13.021691369775693
PROGRESS    Completed epoch 1548 / 2000;    current loss: 0.3306475877761841
INFO Gradient norm: 17.972909739240492
PROGRESS    Completed epoch 1549 / 2000;    current loss: 0.33267518877983093
INFO Gradient norm: 16.100020164415405
PROGRESS    Completed epoch 1550 / 2000;    current loss: 0.3317250907421112
INFO Gradient norm: 13.00533356860545
PROGRESS    Completed epoch 1551 / 2000;    current loss: 0.3304632902145386
INFO Gradient norm: 10.571870373130036
PROGRESS    Completed epoch 1552 / 2000;    current loss: 0.32986387610435486
INFO Gradient norm: 16.553971992699314
PROGRESS    Completed epoch 1553 / 2000;    current loss: 0.331858366727829
INFO Gradient norm: 8.649797674298025
PROGRESS    Completed epoch 1554 / 2000;    current loss: 0.33002156019210815
INFO Gradient norm: 22.12829484514559
PROGRESS    Completed epoch 1555 / 2000;    current loss: 0.3355086147785187
INFO Gradient norm: 19.85603952441932
PROGRESS    Completed epoch 1556 / 2000;    current loss: 0.3347095251083374
INFO Gradient norm: 10.766667179255812
PROGRESS    Completed epoch 1557 / 2000;    current loss: 0.3312838673591614
INFO Gradient norm: 12.26253758623614
PROGRESS    Completed epoch 1558 / 2000;    current loss: 0.3316648304462433
INFO Gradient norm: 12.803492569566124
PROGRESS    Completed epoch 1559 / 2000;    current loss: 0.3319768011569977
INFO Gradient norm: 8.225547033761238
PROGRESS    Completed epoch 1560 / 2000;    current loss: 0.33061063289642334
INFO Gradient norm: 19.427511341544356
PROGRESS    Completed epoch 1561 / 2000;    current loss: 0.33401551842689514
INFO Gradient norm: 15.405875359251619
PROGRESS    Completed epoch 1562 / 2000;    current loss: 0.3321804106235504
INFO Gradient norm: 15.688885765934982
PROGRESS    Completed epoch 1563 / 2000;    current loss: 0.33194440603256226
INFO Gradient norm: 15.736129162791025
PROGRESS    Completed epoch 1564 / 2000;    current loss: 0.33174997568130493
INFO Gradient norm: 11.470398722913405
PROGRESS    Completed epoch 1565 / 2000;    current loss: 0.3305271863937378
INFO Gradient norm: 9.06626508594134
PROGRESS    Completed epoch 1566 / 2000;    current loss: 0.32975178956985474
INFO Gradient norm: 18.249740245550854
PROGRESS    Completed epoch 1567 / 2000;    current loss: 0.33214259147644043
INFO Gradient norm: 14.140154448878196
PROGRESS    Completed epoch 1568 / 2000;    current loss: 0.33045658469200134
INFO Gradient norm: 15.802620025366329
PROGRESS    Completed epoch 1569 / 2000;    current loss: 0.3312102258205414
INFO Gradient norm: 14.576243809042209
PROGRESS    Completed epoch 1570 / 2000;    current loss: 0.3305014371871948
INFO Gradient norm: 12.393879662273282
PROGRESS    Completed epoch 1571 / 2000;    current loss: 0.3294345736503601
INFO Gradient norm: 8.847844881208374
PROGRESS    Completed epoch 1572 / 2000;    current loss: 0.328574538230896
INFO Gradient norm: 18.07640577632271
PROGRESS    Completed epoch 1573 / 2000;    current loss: 0.33164894580841064
INFO Gradient norm: 9.031774425049218
PROGRESS    Completed epoch 1574 / 2000;    current loss: 0.32906368374824524
INFO Gradient norm: 23.711726863041726
PROGRESS    Completed epoch 1575 / 2000;    current loss: 0.33525344729423523
INFO Gradient norm: 22.68000103626754
PROGRESS    Completed epoch 1576 / 2000;    current loss: 0.3352758288383484
INFO Gradient norm: 7.766318373354459
PROGRESS    Completed epoch 1577 / 2000;    current loss: 0.33005374670028687
INFO Gradient norm: 12.961113800549949
PROGRESS    Completed epoch 1578 / 2000;    current loss: 0.3312259018421173
INFO Gradient norm: 8.888367810216426
PROGRESS    Completed epoch 1579 / 2000;    current loss: 0.33034685254096985
INFO Gradient norm: 4.063872674685937
PROGRESS    Completed epoch 1580 / 2000;    current loss: 0.3292990028858185
INFO Gradient norm: 19.148328279244172
PROGRESS    Completed epoch 1581 / 2000;    current loss: 0.33291536569595337
INFO Gradient norm: 10.752719385230632
PROGRESS    Completed epoch 1582 / 2000;    current loss: 0.3296220302581787
INFO Gradient norm: 20.0868078583596
PROGRESS    Completed epoch 1583 / 2000;    current loss: 0.3329125940799713
INFO Gradient norm: 15.452278367214047
PROGRESS    Completed epoch 1584 / 2000;    current loss: 0.3310161232948303
INFO Gradient norm: 14.606430405164595
PROGRESS    Completed epoch 1585 / 2000;    current loss: 0.33077073097229004
INFO Gradient norm: 14.776905715733777
PROGRESS    Completed epoch 1586 / 2000;    current loss: 0.3308551013469696
INFO Gradient norm: 11.259786023021114
PROGRESS    Completed epoch 1587 / 2000;    current loss: 0.32971349358558655
INFO Gradient norm: 9.719522468398328
PROGRESS    Completed epoch 1588 / 2000;    current loss: 0.32924309372901917
INFO Gradient norm: 15.151073794446654
PROGRESS    Completed epoch 1589 / 2000;    current loss: 0.33076566457748413
INFO Gradient norm: 10.764134001559063
PROGRESS    Completed epoch 1590 / 2000;    current loss: 0.32922208309173584
INFO Gradient norm: 15.700183025947547
PROGRESS    Completed epoch 1591 / 2000;    current loss: 0.33069929480552673
INFO Gradient norm: 11.714436899037587
PROGRESS    Completed epoch 1592 / 2000;    current loss: 0.3295387327671051
INFO Gradient norm: 15.620028991141634
PROGRESS    Completed epoch 1593 / 2000;    current loss: 0.33104902505874634
INFO Gradient norm: 8.774664082437141
PROGRESS    Completed epoch 1594 / 2000;    current loss: 0.32967129349708557
INFO Gradient norm: 20.103849984557662
PROGRESS    Completed epoch 1595 / 2000;    current loss: 0.3341662585735321
INFO Gradient norm: 17.883851954249618
PROGRESS    Completed epoch 1596 / 2000;    current loss: 0.3337254226207733
INFO Gradient norm: 9.286121808336919
PROGRESS    Completed epoch 1597 / 2000;    current loss: 0.33126354217529297
INFO Gradient norm: 10.41207462092778
PROGRESS    Completed epoch 1598 / 2000;    current loss: 0.3317139148712158
INFO Gradient norm: 11.510169074081459
PROGRESS    Completed epoch 1599 / 2000;    current loss: 0.3321942090988159
INFO Gradient norm: 5.9040658125688745
PROGRESS    Completed epoch 1600 / 2000;    current loss: 0.33067068457603455
INFO Gradient norm: 19.317756589924244
PROGRESS    Completed epoch 1601 / 2000;    current loss: 0.33406829833984375
INFO Gradient norm: 14.1897524016533
PROGRESS    Completed epoch 1602 / 2000;    current loss: 0.33175069093704224
INFO Gradient norm: 16.48241528899892
PROGRESS    Completed epoch 1603 / 2000;    current loss: 0.3322274386882782
INFO Gradient norm: 17.016463360105202
PROGRESS    Completed epoch 1604 / 2000;    current loss: 0.33212950825691223
INFO Gradient norm: 9.165781636698272
PROGRESS    Completed epoch 1605 / 2000;    current loss: 0.32980963587760925
INFO Gradient norm: 8.1182978303036
PROGRESS    Completed epoch 1606 / 2000;    current loss: 0.3294120728969574
INFO Gradient norm: 16.33942847469887
PROGRESS    Completed epoch 1607 / 2000;    current loss: 0.3311837911605835
INFO Gradient norm: 11.37401107079127
PROGRESS    Completed epoch 1608 / 2000;    current loss: 0.3294195532798767
INFO Gradient norm: 12.011630241831762
PROGRESS    Completed epoch 1609 / 2000;    current loss: 0.330043762922287
INFO Gradient norm: 6.583809815562496
PROGRESS    Completed epoch 1610 / 2000;    current loss: 0.32915037870407104
INFO Gradient norm: 18.48766780016154
PROGRESS    Completed epoch 1611 / 2000;    current loss: 0.3330356478691101
INFO Gradient norm: 13.894847528452763
PROGRESS    Completed epoch 1612 / 2000;    current loss: 0.33159124851226807
INFO Gradient norm: 14.750312042898624
PROGRESS    Completed epoch 1613 / 2000;    current loss: 0.33176636695861816
INFO Gradient norm: 14.293891538112842
PROGRESS    Completed epoch 1614 / 2000;    current loss: 0.3317066431045532
INFO Gradient norm: 10.51627968170038
PROGRESS    Completed epoch 1615 / 2000;    current loss: 0.3310679495334625
INFO Gradient norm: 7.976957230994147
PROGRESS    Completed epoch 1616 / 2000;    current loss: 0.33047613501548767
INFO Gradient norm: 15.968124275906842
PROGRESS    Completed epoch 1617 / 2000;    current loss: 0.3324200510978699
INFO Gradient norm: 10.955253621106582
PROGRESS    Completed epoch 1618 / 2000;    current loss: 0.33074867725372314
INFO Gradient norm: 17.542794411395143
PROGRESS    Completed epoch 1619 / 2000;    current loss: 0.33296799659729004
INFO Gradient norm: 16.358518051361404
PROGRESS    Completed epoch 1620 / 2000;    current loss: 0.33232980966567993
INFO Gradient norm: 10.372374350708004
PROGRESS    Completed epoch 1621 / 2000;    current loss: 0.33036524057388306
INFO Gradient norm: 9.981886915134057
PROGRESS    Completed epoch 1622 / 2000;    current loss: 0.33018389344215393
INFO Gradient norm: 13.908328452453572
PROGRESS    Completed epoch 1623 / 2000;    current loss: 0.331055611371994
INFO Gradient norm: 10.04814112415212
PROGRESS    Completed epoch 1624 / 2000;    current loss: 0.3298306167125702
INFO Gradient norm: 15.850755300483119
PROGRESS    Completed epoch 1625 / 2000;    current loss: 0.33164724707603455
INFO Gradient norm: 13.101853264485545
PROGRESS    Completed epoch 1626 / 2000;    current loss: 0.3304641842842102
INFO Gradient norm: 14.100731169621787
PROGRESS    Completed epoch 1627 / 2000;    current loss: 0.3303651511669159
INFO Gradient norm: 13.23839119508021
PROGRESS    Completed epoch 1628 / 2000;    current loss: 0.32987484335899353
INFO Gradient norm: 10.232448915502996
PROGRESS    Completed epoch 1629 / 2000;    current loss: 0.3289981782436371
INFO Gradient norm: 6.382046639233925
PROGRESS    Completed epoch 1630 / 2000;    current loss: 0.3280845582485199
INFO Gradient norm: 17.16434723616958
PROGRESS    Completed epoch 1631 / 2000;    current loss: 0.3309158682823181
INFO Gradient norm: 11.68364337437525
PROGRESS    Completed epoch 1632 / 2000;    current loss: 0.32888832688331604
INFO Gradient norm: 16.668294781888203
PROGRESS    Completed epoch 1633 / 2000;    current loss: 0.33031192421913147
INFO Gradient norm: 16.053730076984966
PROGRESS    Completed epoch 1634 / 2000;    current loss: 0.3298705518245697
INFO Gradient norm: 9.79002960828107
PROGRESS    Completed epoch 1635 / 2000;    current loss: 0.32803165912628174
INFO Gradient norm: 9.66737777342655
PROGRESS    Completed epoch 1636 / 2000;    current loss: 0.3276105523109436
INFO Gradient norm: 9.0209846037026
PROGRESS    Completed epoch 1637 / 2000;    current loss: 0.32769307494163513
INFO Gradient norm: 2.4471024917474766
PROGRESS    Completed epoch 1638 / 2000;    current loss: 0.3273628354072571
INFO Gradient norm: 11.509508562645593
PROGRESS    Completed epoch 1639 / 2000;    current loss: 0.32877108454704285
INFO Gradient norm: 1.719132824035314
PROGRESS    Completed epoch 1640 / 2000;    current loss: 0.3270554542541504
INFO Gradient norm: 1.774217613766436
PROGRESS    Completed epoch 1641 / 2000;    current loss: 0.3268970549106598
INFO Gradient norm: 6.345730742064521
PROGRESS    Completed epoch 1642 / 2000;    current loss: 0.32692062854766846
INFO Gradient norm: 5.0043868577764
PROGRESS    Completed epoch 1643 / 2000;    current loss: 0.32667699456214905
INFO Gradient norm: 10.34301354716963
PROGRESS    Completed epoch 1644 / 2000;    current loss: 0.32754433155059814
INFO Gradient norm: 1.1962561343328004
PROGRESS    Completed epoch 1645 / 2000;    current loss: 0.3264200985431671
INFO Gradient norm: 11.088346883072962
PROGRESS    Completed epoch 1646 / 2000;    current loss: 0.3275021016597748
INFO Gradient norm: 2.233630163127851
PROGRESS    Completed epoch 1647 / 2000;    current loss: 0.32630547881126404
INFO Gradient norm: 5.2341629039863395
PROGRESS    Completed epoch 1648 / 2000;    current loss: 0.32657769322395325
INFO Gradient norm: 10.973264479288355
PROGRESS    Completed epoch 1649 / 2000;    current loss: 0.3272705674171448
INFO Gradient norm: 2.6012606477684934
PROGRESS    Completed epoch 1650 / 2000;    current loss: 0.3257545530796051
INFO Gradient norm: 13.54462253807845
PROGRESS    Completed epoch 1651 / 2000;    current loss: 0.3272360563278198
INFO Gradient norm: 1.4757935892349374
PROGRESS    Completed epoch 1652 / 2000;    current loss: 0.3246803879737854
INFO Gradient norm: 12.417170136283639
PROGRESS    Completed epoch 1653 / 2000;    current loss: 0.3265632688999176
INFO Gradient norm: 6.034435935953727
PROGRESS    Completed epoch 1654 / 2000;    current loss: 0.3255734145641327
INFO Gradient norm: 2.193858962108922
PROGRESS    Completed epoch 1655 / 2000;    current loss: 0.3255932331085205
INFO Gradient norm: 10.37277725803525
PROGRESS    Completed epoch 1656 / 2000;    current loss: 0.32683390378952026
INFO Gradient norm: 2.2811235385242123
PROGRESS    Completed epoch 1657 / 2000;    current loss: 0.32567310333251953
INFO Gradient norm: 4.58966436593457
PROGRESS    Completed epoch 1658 / 2000;    current loss: 0.3259451389312744
INFO Gradient norm: 6.866982906294801
PROGRESS    Completed epoch 1659 / 2000;    current loss: 0.32607805728912354
INFO Gradient norm: 4.4450722040453545
PROGRESS    Completed epoch 1660 / 2000;    current loss: 0.3257770836353302
INFO Gradient norm: 4.100912711137256
PROGRESS    Completed epoch 1661 / 2000;    current loss: 0.3256834149360657
INFO Gradient norm: 3.4326007431784133
PROGRESS    Completed epoch 1662 / 2000;    current loss: 0.3254232704639435
INFO Gradient norm: 8.396382217814596
PROGRESS    Completed epoch 1663 / 2000;    current loss: 0.3254983425140381
INFO Gradient norm: 3.8746792496177993
PROGRESS    Completed epoch 1664 / 2000;    current loss: 0.32456836104393005
INFO Gradient norm: 4.556200633268988
PROGRESS    Completed epoch 1665 / 2000;    current loss: 0.3239271342754364
INFO Gradient norm: 5.752066923981502
PROGRESS    Completed epoch 1666 / 2000;    current loss: 0.3235911726951599
INFO Gradient norm: 8.36763927885767
PROGRESS    Completed epoch 1667 / 2000;    current loss: 0.3235967755317688
INFO Gradient norm: 1.1631883597783161
PROGRESS    Completed epoch 1668 / 2000;    current loss: 0.3228306174278259
INFO Gradient norm: 1.3543529449544478
PROGRESS    Completed epoch 1669 / 2000;    current loss: 0.3228404223918915
INFO Gradient norm: 2.8988511881773844
PROGRESS    Completed epoch 1670 / 2000;    current loss: 0.3228083848953247
INFO Gradient norm: 8.909565790279117
PROGRESS    Completed epoch 1671 / 2000;    current loss: 0.32365599274635315
INFO Gradient norm: 5.374188664248247
PROGRESS    Completed epoch 1672 / 2000;    current loss: 0.323281466960907
INFO Gradient norm: 2.4405523400086526
PROGRESS    Completed epoch 1673 / 2000;    current loss: 0.3230365216732025
INFO Gradient norm: 1.9728885723037237
PROGRESS    Completed epoch 1674 / 2000;    current loss: 0.3227083086967468
INFO Gradient norm: 9.069422477037458
PROGRESS    Completed epoch 1675 / 2000;    current loss: 0.3234332799911499
INFO Gradient norm: 4.202614063383652
PROGRESS    Completed epoch 1676 / 2000;    current loss: 0.3222338855266571
INFO Gradient norm: 1.6726357732329125
PROGRESS    Completed epoch 1677 / 2000;    current loss: 0.32212427258491516
INFO Gradient norm: 7.001103126613106
PROGRESS    Completed epoch 1678 / 2000;    current loss: 0.32256776094436646
INFO Gradient norm: 6.686199152792793
PROGRESS    Completed epoch 1679 / 2000;    current loss: 0.3224869966506958
INFO Gradient norm: 2.211540203932779
PROGRESS    Completed epoch 1680 / 2000;    current loss: 0.3218002915382385
INFO Gradient norm: 2.9422984811263815
PROGRESS    Completed epoch 1681 / 2000;    current loss: 0.3215382993221283
INFO Gradient norm: 8.725706043782278
PROGRESS    Completed epoch 1682 / 2000;    current loss: 0.3220931887626648
INFO Gradient norm: 1.3172278571876
PROGRESS    Completed epoch 1683 / 2000;    current loss: 0.3213123381137848
INFO Gradient norm: 1.66979084134998
PROGRESS    Completed epoch 1684 / 2000;    current loss: 0.321448415517807
INFO Gradient norm: 6.142504397869202
PROGRESS    Completed epoch 1685 / 2000;    current loss: 0.3217138946056366
INFO Gradient norm: 8.231934874152195
PROGRESS    Completed epoch 1686 / 2000;    current loss: 0.3220636248588562
INFO Gradient norm: 2.2079240833918163
PROGRESS    Completed epoch 1687 / 2000;    current loss: 0.32119759917259216
INFO Gradient norm: 2.7214673959134568
PROGRESS    Completed epoch 1688 / 2000;    current loss: 0.32099586725234985
INFO Gradient norm: 8.40172053611867
PROGRESS    Completed epoch 1689 / 2000;    current loss: 0.3216755986213684
INFO Gradient norm: 5.617249968922932
PROGRESS    Completed epoch 1690 / 2000;    current loss: 0.32140451669692993
INFO Gradient norm: 3.293483006115215
PROGRESS    Completed epoch 1691 / 2000;    current loss: 0.32124805450439453
INFO Gradient norm: 1.8252533036234257
PROGRESS    Completed epoch 1692 / 2000;    current loss: 0.3207447826862335
INFO Gradient norm: 7.6738782985988445
PROGRESS    Completed epoch 1693 / 2000;    current loss: 0.3214113414287567
INFO Gradient norm: 5.619915207634898
PROGRESS    Completed epoch 1694 / 2000;    current loss: 0.3212633728981018
INFO Gradient norm: 4.44072265523364
PROGRESS    Completed epoch 1695 / 2000;    current loss: 0.32128673791885376
INFO Gradient norm: 4.9039472840363
PROGRESS    Completed epoch 1696 / 2000;    current loss: 0.32150188088417053
INFO Gradient norm: 6.221993301907746
PROGRESS    Completed epoch 1697 / 2000;    current loss: 0.3215573728084564
INFO Gradient norm: 4.2861831903902665
PROGRESS    Completed epoch 1698 / 2000;    current loss: 0.32133281230926514
INFO Gradient norm: 5.098198139063133
PROGRESS    Completed epoch 1699 / 2000;    current loss: 0.321178138256073
INFO Gradient norm: 5.840710685296409
PROGRESS    Completed epoch 1700 / 2000;    current loss: 0.3212546110153198
INFO Gradient norm: 5.374957911852762
PROGRESS    Completed epoch 1701 / 2000;    current loss: 0.3208308517932892
INFO Gradient norm: 1.0284151626193427
PROGRESS    Completed epoch 1702 / 2000;    current loss: 0.32055026292800903
INFO Gradient norm: 4.049375872789928
PROGRESS    Completed epoch 1703 / 2000;    current loss: 0.32066765427589417
INFO Gradient norm: 8.246227267509157
PROGRESS    Completed epoch 1704 / 2000;    current loss: 0.3211975693702698
INFO Gradient norm: 3.562152731400992
PROGRESS    Completed epoch 1705 / 2000;    current loss: 0.320205420255661
INFO Gradient norm: 4.489640507465651
PROGRESS    Completed epoch 1706 / 2000;    current loss: 0.3203473687171936
INFO Gradient norm: 8.157814742704328
PROGRESS    Completed epoch 1707 / 2000;    current loss: 0.320852667093277
INFO Gradient norm: 2.459221600977652
PROGRESS    Completed epoch 1708 / 2000;    current loss: 0.32010138034820557
INFO Gradient norm: 1.983157526310717
PROGRESS    Completed epoch 1709 / 2000;    current loss: 0.31963831186294556
INFO Gradient norm: 7.42364551937053
PROGRESS    Completed epoch 1710 / 2000;    current loss: 0.3199421167373657
INFO Gradient norm: 1.8906821035084356
PROGRESS    Completed epoch 1711 / 2000;    current loss: 0.3195244371891022
INFO Gradient norm: 5.797454470729729
PROGRESS    Completed epoch 1712 / 2000;    current loss: 0.3200639486312866
INFO Gradient norm: 7.300960557463845
PROGRESS    Completed epoch 1713 / 2000;    current loss: 0.3205128610134125
INFO Gradient norm: 3.0077659395102234
PROGRESS    Completed epoch 1714 / 2000;    current loss: 0.31999537348747253
INFO Gradient norm: 2.1386231155979187
PROGRESS    Completed epoch 1715 / 2000;    current loss: 0.3198786973953247
INFO Gradient norm: 7.462872601577872
PROGRESS    Completed epoch 1716 / 2000;    current loss: 0.32021042704582214
INFO Gradient norm: 5.607349652721572
PROGRESS    Completed epoch 1717 / 2000;    current loss: 0.3197411000728607
INFO Gradient norm: 1.6332491350639222
PROGRESS    Completed epoch 1718 / 2000;    current loss: 0.31923121213912964
INFO Gradient norm: 1.7930095672132562
PROGRESS    Completed epoch 1719 / 2000;    current loss: 0.3189118206501007
INFO Gradient norm: 9.684035384503467
PROGRESS    Completed epoch 1720 / 2000;    current loss: 0.3196701407432556
INFO Gradient norm: 1.2540426855982387
PROGRESS    Completed epoch 1721 / 2000;    current loss: 0.31865155696868896
INFO Gradient norm: 6.638582419641794
PROGRESS    Completed epoch 1722 / 2000;    current loss: 0.319072961807251
INFO Gradient norm: 7.99052932718415
PROGRESS    Completed epoch 1723 / 2000;    current loss: 0.31932342052459717
INFO Gradient norm: 2.4210801703033953
PROGRESS    Completed epoch 1724 / 2000;    current loss: 0.31884947419166565
INFO Gradient norm: 16.35752450053879
PROGRESS    Completed epoch 1725 / 2000;    current loss: 0.3217127025127411
INFO Gradient norm: 6.937526938450857
PROGRESS    Completed epoch 1726 / 2000;    current loss: 0.31921011209487915
INFO Gradient norm: 21.49900789194805
PROGRESS    Completed epoch 1727 / 2000;    current loss: 0.3239037096500397
INFO Gradient norm: 19.704344077544885
PROGRESS    Completed epoch 1728 / 2000;    current loss: 0.32289665937423706
INFO Gradient norm: 8.21448855294359
PROGRESS    Completed epoch 1729 / 2000;    current loss: 0.31908586621284485
INFO Gradient norm: 10.645789365836617
PROGRESS    Completed epoch 1730 / 2000;    current loss: 0.3195391893386841
INFO Gradient norm: 10.804469684201099
PROGRESS    Completed epoch 1731 / 2000;    current loss: 0.3194825053215027
INFO Gradient norm: 6.508561056961983
PROGRESS    Completed epoch 1732 / 2000;    current loss: 0.3185092508792877
INFO Gradient norm: 13.87030086082951
PROGRESS    Completed epoch 1733 / 2000;    current loss: 0.32039910554885864
INFO Gradient norm: 6.26848821404746
PROGRESS    Completed epoch 1734 / 2000;    current loss: 0.3188759684562683
INFO Gradient norm: 18.214515854684876
PROGRESS    Completed epoch 1735 / 2000;    current loss: 0.3226509988307953
INFO Gradient norm: 13.8392485403545
PROGRESS    Completed epoch 1736 / 2000;    current loss: 0.32118624448776245
INFO Gradient norm: 14.278114578599075
PROGRESS    Completed epoch 1737 / 2000;    current loss: 0.3211876153945923
INFO Gradient norm: 14.387405898556812
PROGRESS    Completed epoch 1738 / 2000;    current loss: 0.3212956488132477
INFO Gradient norm: 10.066294263902284
PROGRESS    Completed epoch 1739 / 2000;    current loss: 0.32029998302459717
INFO Gradient norm: 8.965909284514872
PROGRESS    Completed epoch 1740 / 2000;    current loss: 0.3200126588344574
INFO Gradient norm: 11.336893762407405
PROGRESS    Completed epoch 1741 / 2000;    current loss: 0.3205413818359375
INFO Gradient norm: 5.535067488261279
PROGRESS    Completed epoch 1742 / 2000;    current loss: 0.3195474445819855
INFO Gradient norm: 17.526876224921978
PROGRESS    Completed epoch 1743 / 2000;    current loss: 0.32276207208633423
INFO Gradient norm: 12.585740112531116
PROGRESS    Completed epoch 1744 / 2000;    current loss: 0.32095879316329956
INFO Gradient norm: 15.339727741072508
PROGRESS    Completed epoch 1745 / 2000;    current loss: 0.32173898816108704
INFO Gradient norm: 15.32877915646921
PROGRESS    Completed epoch 1746 / 2000;    current loss: 0.3217023015022278
INFO Gradient norm: 9.27300823338104
PROGRESS    Completed epoch 1747 / 2000;    current loss: 0.31986182928085327
INFO Gradient norm: 9.013108925251073
PROGRESS    Completed epoch 1748 / 2000;    current loss: 0.31968793272972107
INFO Gradient norm: 13.047996859038786
PROGRESS    Completed epoch 1749 / 2000;    current loss: 0.320730984210968
INFO Gradient norm: 8.649561064630367
PROGRESS    Completed epoch 1750 / 2000;    current loss: 0.31947004795074463
INFO Gradient norm: 16.203352377950754
PROGRESS    Completed epoch 1751 / 2000;    current loss: 0.3213602602481842
INFO Gradient norm: 11.482227298081108
PROGRESS    Completed epoch 1752 / 2000;    current loss: 0.32003286480903625
INFO Gradient norm: 16.058308246856022
PROGRESS    Completed epoch 1753 / 2000;    current loss: 0.32172325253486633
INFO Gradient norm: 15.132480046317875
PROGRESS    Completed epoch 1754 / 2000;    current loss: 0.3213755786418915
INFO Gradient norm: 10.68313274225311
PROGRESS    Completed epoch 1755 / 2000;    current loss: 0.3198913037776947
INFO Gradient norm: 10.345409373011389
PROGRESS    Completed epoch 1756 / 2000;    current loss: 0.31978851556777954
INFO Gradient norm: 12.864098871339367
PROGRESS    Completed epoch 1757 / 2000;    current loss: 0.3205054700374603
INFO Gradient norm: 5.6341815490046585
PROGRESS    Completed epoch 1758 / 2000;    current loss: 0.31918370723724365
INFO Gradient norm: 19.224334982094
PROGRESS    Completed epoch 1759 / 2000;    current loss: 0.32325372099876404
INFO Gradient norm: 15.403559807600521
PROGRESS    Completed epoch 1760 / 2000;    current loss: 0.3219565153121948
INFO Gradient norm: 12.432580300872658
PROGRESS    Completed epoch 1761 / 2000;    current loss: 0.32092753052711487
INFO Gradient norm: 13.400900772951115
PROGRESS    Completed epoch 1762 / 2000;    current loss: 0.3212794363498688
INFO Gradient norm: 9.674954646513159
PROGRESS    Completed epoch 1763 / 2000;    current loss: 0.3206108808517456
INFO Gradient norm: 7.917126350573739
PROGRESS    Completed epoch 1764 / 2000;    current loss: 0.3201674520969391
INFO Gradient norm: 14.700809402853762
PROGRESS    Completed epoch 1765 / 2000;    current loss: 0.32160648703575134
INFO Gradient norm: 10.320803909722535
PROGRESS    Completed epoch 1766 / 2000;    current loss: 0.3202930688858032
INFO Gradient norm: 16.267023901994285
PROGRESS    Completed epoch 1767 / 2000;    current loss: 0.32213494181632996
INFO Gradient norm: 15.010453219528468
PROGRESS    Completed epoch 1768 / 2000;    current loss: 0.32157233357429504
INFO Gradient norm: 10.353694339056682
PROGRESS    Completed epoch 1769 / 2000;    current loss: 0.320119172334671
INFO Gradient norm: 9.969851370635968
PROGRESS    Completed epoch 1770 / 2000;    current loss: 0.3199784755706787
INFO Gradient norm: 12.991131383031542
PROGRESS    Completed epoch 1771 / 2000;    current loss: 0.32071036100387573
INFO Gradient norm: 9.772246708685909
PROGRESS    Completed epoch 1772 / 2000;    current loss: 0.31982776522636414
INFO Gradient norm: 14.75015125422667
PROGRESS    Completed epoch 1773 / 2000;    current loss: 0.32119202613830566
INFO Gradient norm: 12.222786440571149
PROGRESS    Completed epoch 1774 / 2000;    current loss: 0.3202914893627167
INFO Gradient norm: 13.498791638818183
PROGRESS    Completed epoch 1775 / 2000;    current loss: 0.3204582631587982
INFO Gradient norm: 12.658718257784999
PROGRESS    Completed epoch 1776 / 2000;    current loss: 0.3200762867927551
INFO Gradient norm: 11.201966649768979
PROGRESS    Completed epoch 1777 / 2000;    current loss: 0.3196481764316559
INFO Gradient norm: 9.288857213239304
PROGRESS    Completed epoch 1778 / 2000;    current loss: 0.3190516531467438
INFO Gradient norm: 14.52447888532473
PROGRESS    Completed epoch 1779 / 2000;    current loss: 0.32028067111968994
INFO Gradient norm: 11.640918929506146
PROGRESS    Completed epoch 1780 / 2000;    current loss: 0.3193286657333374
INFO Gradient norm: 13.465151703240888
PROGRESS    Completed epoch 1781 / 2000;    current loss: 0.3197438418865204
INFO Gradient norm: 11.970519474904698
PROGRESS    Completed epoch 1782 / 2000;    current loss: 0.3191668391227722
INFO Gradient norm: 10.361535779927438
PROGRESS    Completed epoch 1783 / 2000;    current loss: 0.31885844469070435
INFO Gradient norm: 7.92114352713951
PROGRESS    Completed epoch 1784 / 2000;    current loss: 0.31838488578796387
INFO Gradient norm: 14.591910951848124
PROGRESS    Completed epoch 1785 / 2000;    current loss: 0.3200443387031555
INFO Gradient norm: 11.012436708226021
PROGRESS    Completed epoch 1786 / 2000;    current loss: 0.31897079944610596
INFO Gradient norm: 14.428536505462663
PROGRESS    Completed epoch 1787 / 2000;    current loss: 0.31996816396713257
INFO Gradient norm: 13.399766098738542
PROGRESS    Completed epoch 1788 / 2000;    current loss: 0.3196084499359131
INFO Gradient norm: 10.610080763246675
PROGRESS    Completed epoch 1789 / 2000;    current loss: 0.3187814950942993
INFO Gradient norm: 9.161432845792758
PROGRESS    Completed epoch 1790 / 2000;    current loss: 0.31845521926879883
INFO Gradient norm: 13.918585225161213
PROGRESS    Completed epoch 1791 / 2000;    current loss: 0.3197938799858093
INFO Gradient norm: 10.739256802125142
PROGRESS    Completed epoch 1792 / 2000;    current loss: 0.3189130425453186
INFO Gradient norm: 14.170860701782718
PROGRESS    Completed epoch 1793 / 2000;    current loss: 0.3197726011276245
INFO Gradient norm: 12.721204465791626
PROGRESS    Completed epoch 1794 / 2000;    current loss: 0.3192985951900482
INFO Gradient norm: 11.579013074672593
PROGRESS    Completed epoch 1795 / 2000;    current loss: 0.31903553009033203
INFO Gradient norm: 10.540357752105821
PROGRESS    Completed epoch 1796 / 2000;    current loss: 0.3187108337879181
INFO Gradient norm: 12.34613894682706
PROGRESS    Completed epoch 1797 / 2000;    current loss: 0.3190537095069885
INFO Gradient norm: 9.713112461945592
PROGRESS    Completed epoch 1798 / 2000;    current loss: 0.3183360695838928
INFO Gradient norm: 14.214608559090227
PROGRESS    Completed epoch 1799 / 2000;    current loss: 0.3195194602012634
INFO Gradient norm: 12.095662772317672
PROGRESS    Completed epoch 1800 / 2000;    current loss: 0.31883835792541504
INFO Gradient norm: 10.814642039703523
PROGRESS    Completed epoch 1801 / 2000;    current loss: 0.31852003931999207
INFO Gradient norm: 6.85004297066432
PROGRESS    Completed epoch 1802 / 2000;    current loss: 0.3179549276828766
INFO Gradient norm: 15.639687678402124
PROGRESS    Completed epoch 1803 / 2000;    current loss: 0.3205554187297821
INFO Gradient norm: 11.678450673712932
PROGRESS    Completed epoch 1804 / 2000;    current loss: 0.3194606304168701
INFO Gradient norm: 12.104363589387562
PROGRESS    Completed epoch 1805 / 2000;    current loss: 0.31954634189605713
INFO Gradient norm: 9.455814959422534
PROGRESS    Completed epoch 1806 / 2000;    current loss: 0.31917712092399597
INFO Gradient norm: 13.768831714046348
PROGRESS    Completed epoch 1807 / 2000;    current loss: 0.3207983076572418
INFO Gradient norm: 11.04782800566744
PROGRESS    Completed epoch 1808 / 2000;    current loss: 0.32005903124809265
INFO Gradient norm: 13.345009556766968
PROGRESS    Completed epoch 1809 / 2000;    current loss: 0.3203936815261841
INFO Gradient norm: 11.787129889260775
PROGRESS    Completed epoch 1810 / 2000;    current loss: 0.31993424892425537
INFO Gradient norm: 12.025672847938637
PROGRESS    Completed epoch 1811 / 2000;    current loss: 0.3201649487018585
INFO Gradient norm: 10.708588849518941
PROGRESS    Completed epoch 1812 / 2000;    current loss: 0.31970372796058655
INFO Gradient norm: 11.978248189169843
PROGRESS    Completed epoch 1813 / 2000;    current loss: 0.3198654055595398
INFO Gradient norm: 9.636875534643904
PROGRESS    Completed epoch 1814 / 2000;    current loss: 0.3192410171031952
INFO Gradient norm: 13.821176582809349
PROGRESS    Completed epoch 1815 / 2000;    current loss: 0.3202437460422516
INFO Gradient norm: 11.757126515669118
PROGRESS    Completed epoch 1816 / 2000;    current loss: 0.31957367062568665
INFO Gradient norm: 11.869787143274838
PROGRESS    Completed epoch 1817 / 2000;    current loss: 0.3196764290332794
INFO Gradient norm: 10.571337155661299
PROGRESS    Completed epoch 1818 / 2000;    current loss: 0.3192499577999115
INFO Gradient norm: 12.00456140860277
PROGRESS    Completed epoch 1819 / 2000;    current loss: 0.3193584680557251
INFO Gradient norm: 8.007508221669836
PROGRESS    Completed epoch 1820 / 2000;    current loss: 0.31859374046325684
INFO Gradient norm: 15.63758828754526
PROGRESS    Completed epoch 1821 / 2000;    current loss: 0.3208700120449066
INFO Gradient norm: 12.889866227474432
PROGRESS    Completed epoch 1822 / 2000;    current loss: 0.31996142864227295
INFO Gradient norm: 12.532883362265947
PROGRESS    Completed epoch 1823 / 2000;    current loss: 0.3196869492530823
INFO Gradient norm: 12.413037380741802
PROGRESS    Completed epoch 1824 / 2000;    current loss: 0.31965845823287964
INFO Gradient norm: 10.254908831886555
PROGRESS    Completed epoch 1825 / 2000;    current loss: 0.3191838562488556
INFO Gradient norm: 8.61874609537576
PROGRESS    Completed epoch 1826 / 2000;    current loss: 0.3187742531299591
INFO Gradient norm: 13.66496889181339
PROGRESS    Completed epoch 1827 / 2000;    current loss: 0.3199421465396881
INFO Gradient norm: 10.27313397550283
PROGRESS    Completed epoch 1828 / 2000;    current loss: 0.3189755082130432
INFO Gradient norm: 12.579381619812372
PROGRESS    Completed epoch 1829 / 2000;    current loss: 0.31962817907333374
INFO Gradient norm: 8.262058119237999
PROGRESS    Completed epoch 1830 / 2000;    current loss: 0.31886225938796997
INFO Gradient norm: 15.16114786064404
PROGRESS    Completed epoch 1831 / 2000;    current loss: 0.3211081027984619
INFO Gradient norm: 12.832668640202472
PROGRESS    Completed epoch 1832 / 2000;    current loss: 0.32056981325149536
INFO Gradient norm: 11.333552996302236
PROGRESS    Completed epoch 1833 / 2000;    current loss: 0.3200022876262665
INFO Gradient norm: 11.208171320600767
PROGRESS    Completed epoch 1834 / 2000;    current loss: 0.32003459334373474
INFO Gradient norm: 10.41118258420986
PROGRESS    Completed epoch 1835 / 2000;    current loss: 0.32014504075050354
INFO Gradient norm: 8.47446889677009
PROGRESS    Completed epoch 1836 / 2000;    current loss: 0.3196355402469635
INFO Gradient norm: 13.19595231687972
PROGRESS    Completed epoch 1837 / 2000;    current loss: 0.3204993009567261
INFO Gradient norm: 10.013235303313374
PROGRESS    Completed epoch 1838 / 2000;    current loss: 0.31960421800613403
INFO Gradient norm: 13.844487464965155
PROGRESS    Completed epoch 1839 / 2000;    current loss: 0.3206486403942108
INFO Gradient norm: 12.587160101025516
PROGRESS    Completed epoch 1840 / 2000;    current loss: 0.3201594054698944
INFO Gradient norm: 10.275406297561998
PROGRESS    Completed epoch 1841 / 2000;    current loss: 0.3194725513458252
INFO Gradient norm: 9.304995223602932
PROGRESS    Completed epoch 1842 / 2000;    current loss: 0.31919190287590027
INFO Gradient norm: 10.69442100792269
PROGRESS    Completed epoch 1843 / 2000;    current loss: 0.31952032446861267
INFO Gradient norm: 7.089633952039744
PROGRESS    Completed epoch 1844 / 2000;    current loss: 0.3188472390174866
INFO Gradient norm: 14.634346694673988
PROGRESS    Completed epoch 1845 / 2000;    current loss: 0.32079455256462097
INFO Gradient norm: 11.683603369932703
PROGRESS    Completed epoch 1846 / 2000;    current loss: 0.31984850764274597
INFO Gradient norm: 12.278264021054012
PROGRESS    Completed epoch 1847 / 2000;    current loss: 0.31984537839889526
INFO Gradient norm: 12.223499817001043
PROGRESS    Completed epoch 1848 / 2000;    current loss: 0.31976744532585144
INFO Gradient norm: 9.091970873709341
PROGRESS    Completed epoch 1849 / 2000;    current loss: 0.3190150558948517
INFO Gradient norm: 7.866621759994242
PROGRESS    Completed epoch 1850 / 2000;    current loss: 0.31867218017578125
INFO Gradient norm: 12.654669944096343
PROGRESS    Completed epoch 1851 / 2000;    current loss: 0.3196810185909271
INFO Gradient norm: 9.312857713490965
PROGRESS    Completed epoch 1852 / 2000;    current loss: 0.31877580285072327
INFO Gradient norm: 13.448498778925343
PROGRESS    Completed epoch 1853 / 2000;    current loss: 0.31972792744636536
INFO Gradient norm: 11.92576397925157
PROGRESS    Completed epoch 1854 / 2000;    current loss: 0.31918221712112427
INFO Gradient norm: 10.60393161324293
PROGRESS    Completed epoch 1855 / 2000;    current loss: 0.31882432103157043
INFO Gradient norm: 10.088716624278458
PROGRESS    Completed epoch 1856 / 2000;    current loss: 0.31859326362609863
INFO Gradient norm: 10.61788301188835
PROGRESS    Completed epoch 1857 / 2000;    current loss: 0.31849268078804016
INFO Gradient norm: 8.424211604251255
PROGRESS    Completed epoch 1858 / 2000;    current loss: 0.3178999423980713
INFO Gradient norm: 12.950701496346852
PROGRESS    Completed epoch 1859 / 2000;    current loss: 0.3189639449119568
INFO Gradient norm: 10.375996179291619
PROGRESS    Completed epoch 1860 / 2000;    current loss: 0.31812337040901184
INFO Gradient norm: 12.206493652937661
PROGRESS    Completed epoch 1861 / 2000;    current loss: 0.3183930218219757
INFO Gradient norm: 10.98967336067424
PROGRESS    Completed epoch 1862 / 2000;    current loss: 0.3179486393928528
INFO Gradient norm: 10.88781215360872
PROGRESS    Completed epoch 1863 / 2000;    current loss: 0.31782734394073486
INFO Gradient norm: 9.742444824190345
PROGRESS    Completed epoch 1864 / 2000;    current loss: 0.3174191117286682
INFO Gradient norm: 11.242330967826474
PROGRESS    Completed epoch 1865 / 2000;    current loss: 0.31761088967323303
INFO Gradient norm: 7.857979256557012
PROGRESS    Completed epoch 1866 / 2000;    current loss: 0.3168063759803772
INFO Gradient norm: 14.144388018462406
PROGRESS    Completed epoch 1867 / 2000;    current loss: 0.3184426426887512
INFO Gradient norm: 10.018292762220854
PROGRESS    Completed epoch 1868 / 2000;    current loss: 0.3174581229686737
INFO Gradient norm: 14.311500473877606
PROGRESS    Completed epoch 1869 / 2000;    current loss: 0.31864121556282043
INFO Gradient norm: 13.400192405794272
PROGRESS    Completed epoch 1870 / 2000;    current loss: 0.31838858127593994
INFO Gradient norm: 9.625224144243886
PROGRESS    Completed epoch 1871 / 2000;    current loss: 0.31749650835990906
INFO Gradient norm: 9.495157405757059
PROGRESS    Completed epoch 1872 / 2000;    current loss: 0.31745144724845886
INFO Gradient norm: 10.27943386184297
PROGRESS    Completed epoch 1873 / 2000;    current loss: 0.3176000714302063
INFO Gradient norm: 2.976805749387193
PROGRESS    Completed epoch 1874 / 2000;    current loss: 0.3168361485004425
INFO Gradient norm: 16.301503970274723
PROGRESS    Completed epoch 1875 / 2000;    current loss: 0.31994956731796265
INFO Gradient norm: 10.53952230037773
PROGRESS    Completed epoch 1876 / 2000;    current loss: 0.31831198930740356
INFO Gradient norm: 14.90608113342051
PROGRESS    Completed epoch 1877 / 2000;    current loss: 0.3194706439971924
INFO Gradient norm: 15.209245379939137
PROGRESS    Completed epoch 1878 / 2000;    current loss: 0.3196214437484741
INFO Gradient norm: 6.823443165618733
PROGRESS    Completed epoch 1879 / 2000;    current loss: 0.31766435503959656
INFO Gradient norm: 7.9088315190060765
PROGRESS    Completed epoch 1880 / 2000;    current loss: 0.3177998960018158
INFO Gradient norm: 10.237896377146413
PROGRESS    Completed epoch 1881 / 2000;    current loss: 0.3181321918964386
INFO Gradient norm: 5.858153436016323
PROGRESS    Completed epoch 1882 / 2000;    current loss: 0.3172893822193146
INFO Gradient norm: 15.254939000690568
PROGRESS    Completed epoch 1883 / 2000;    current loss: 0.3193727433681488
INFO Gradient norm: 11.564558682621588
PROGRESS    Completed epoch 1884 / 2000;    current loss: 0.3181598484516144
INFO Gradient norm: 12.490051040390764
PROGRESS    Completed epoch 1885 / 2000;    current loss: 0.31837019324302673
INFO Gradient norm: 12.333155850581313
PROGRESS    Completed epoch 1886 / 2000;    current loss: 0.31821876764297485
INFO Gradient norm: 9.26124923621391
PROGRESS    Completed epoch 1887 / 2000;    current loss: 0.3172704875469208
INFO Gradient norm: 8.737023094765497
PROGRESS    Completed epoch 1888 / 2000;    current loss: 0.31702396273612976
INFO Gradient norm: 8.675639231235742
PROGRESS    Completed epoch 1889 / 2000;    current loss: 0.31705448031425476
INFO Gradient norm: 2.622266609604204
PROGRESS    Completed epoch 1890 / 2000;    current loss: 0.31644338369369507
INFO Gradient norm: 15.045901003072174
PROGRESS    Completed epoch 1891 / 2000;    current loss: 0.31895554065704346
INFO Gradient norm: 7.900894271919753
PROGRESS    Completed epoch 1892 / 2000;    current loss: 0.31713181734085083
INFO Gradient norm: 16.41938006841404
PROGRESS    Completed epoch 1893 / 2000;    current loss: 0.31936097145080566
INFO Gradient norm: 12.97695011628776
PROGRESS    Completed epoch 1894 / 2000;    current loss: 0.3183811902999878
INFO Gradient norm: 11.87571160682497
PROGRESS    Completed epoch 1895 / 2000;    current loss: 0.318477988243103
INFO Gradient norm: 10.854557749649194
PROGRESS    Completed epoch 1896 / 2000;    current loss: 0.3184700310230255
INFO Gradient norm: 10.685414870093553
PROGRESS    Completed epoch 1897 / 2000;    current loss: 0.3182829022407532
INFO Gradient norm: 9.518587459279695
PROGRESS    Completed epoch 1898 / 2000;    current loss: 0.318106085062027
INFO Gradient norm: 10.936912812339308
PROGRESS    Completed epoch 1899 / 2000;    current loss: 0.3186245858669281
INFO Gradient norm: 8.511379786150195
PROGRESS    Completed epoch 1900 / 2000;    current loss: 0.3180176913738251
INFO Gradient norm: 12.935606743812897
PROGRESS    Completed epoch 1901 / 2000;    current loss: 0.3189288377761841
INFO Gradient norm: 10.744056789447667
PROGRESS    Completed epoch 1902 / 2000;    current loss: 0.3183653652667999
INFO Gradient norm: 11.716508586323004
PROGRESS    Completed epoch 1903 / 2000;    current loss: 0.31855809688568115
INFO Gradient norm: 10.992597957331098
PROGRESS    Completed epoch 1904 / 2000;    current loss: 0.3183404803276062
INFO Gradient norm: 10.045432317943035
PROGRESS    Completed epoch 1905 / 2000;    current loss: 0.3182145655155182
INFO Gradient norm: 8.54675946046615
PROGRESS    Completed epoch 1906 / 2000;    current loss: 0.3178540766239166
INFO Gradient norm: 12.38561326648426
PROGRESS    Completed epoch 1907 / 2000;    current loss: 0.31851375102996826
INFO Gradient norm: 9.984256361881334
PROGRESS    Completed epoch 1908 / 2000;    current loss: 0.31784892082214355
INFO Gradient norm: 11.949243822168468
PROGRESS    Completed epoch 1909 / 2000;    current loss: 0.31834888458251953
INFO Gradient norm: 10.112551772520312
PROGRESS    Completed epoch 1910 / 2000;    current loss: 0.3177804946899414
INFO Gradient norm: 11.64770887476311
PROGRESS    Completed epoch 1911 / 2000;    current loss: 0.31800377368927
INFO Gradient norm: 10.66068333221004
PROGRESS    Completed epoch 1912 / 2000;    current loss: 0.3177165389060974
INFO Gradient norm: 9.99288068699739
PROGRESS    Completed epoch 1913 / 2000;    current loss: 0.31745415925979614
INFO Gradient norm: 8.727915944167442
PROGRESS    Completed epoch 1914 / 2000;    current loss: 0.3170972764492035
INFO Gradient norm: 10.632712437485827
PROGRESS    Completed epoch 1915 / 2000;    current loss: 0.3175516128540039
INFO Gradient norm: 6.206662333665192
PROGRESS    Completed epoch 1916 / 2000;    current loss: 0.3167927861213684
INFO Gradient norm: 13.66494162481785
PROGRESS    Completed epoch 1917 / 2000;    current loss: 0.31849780678749084
INFO Gradient norm: 8.190469880966447
PROGRESS    Completed epoch 1918 / 2000;    current loss: 0.31754013895988464
INFO Gradient norm: 15.037211349944252
PROGRESS    Completed epoch 1919 / 2000;    current loss: 0.3197570741176605
INFO Gradient norm: 13.52671148786499
PROGRESS    Completed epoch 1920 / 2000;    current loss: 0.31939542293548584
INFO Gradient norm: 9.37626225968477
PROGRESS    Completed epoch 1921 / 2000;    current loss: 0.31814882159233093
INFO Gradient norm: 10.377459693464024
PROGRESS    Completed epoch 1922 / 2000;    current loss: 0.3183501064777374
INFO Gradient norm: 8.843707505748842
PROGRESS    Completed epoch 1923 / 2000;    current loss: 0.31814566254615784
INFO Gradient norm: 6.404568445756623
PROGRESS    Completed epoch 1924 / 2000;    current loss: 0.3176276385784149
INFO Gradient norm: 13.593446395856116
PROGRESS    Completed epoch 1925 / 2000;    current loss: 0.31908637285232544
INFO Gradient norm: 9.983813213404868
PROGRESS    Completed epoch 1926 / 2000;    current loss: 0.31813153624534607
INFO Gradient norm: 13.460032368614595
PROGRESS    Completed epoch 1927 / 2000;    current loss: 0.3189283013343811
INFO Gradient norm: 13.023789891394907
PROGRESS    Completed epoch 1928 / 2000;    current loss: 0.3187512159347534
INFO Gradient norm: 8.493210777536707
PROGRESS    Completed epoch 1929 / 2000;    current loss: 0.3177627921104431
INFO Gradient norm: 8.139832736592547
PROGRESS    Completed epoch 1930 / 2000;    current loss: 0.31762969493865967
INFO Gradient norm: 11.443448084988253
PROGRESS    Completed epoch 1931 / 2000;    current loss: 0.3181280195713043
INFO Gradient norm: 8.450122098977205
PROGRESS    Completed epoch 1932 / 2000;    current loss: 0.3174152970314026
INFO Gradient norm: 12.912176430038327
PROGRESS    Completed epoch 1933 / 2000;    current loss: 0.31848007440567017
INFO Gradient norm: 10.89024382239686
PROGRESS    Completed epoch 1934 / 2000;    current loss: 0.3178061246871948
INFO Gradient norm: 11.252824846241568
PROGRESS    Completed epoch 1935 / 2000;    current loss: 0.3177003264427185
INFO Gradient norm: 10.74929507924175
PROGRESS    Completed epoch 1936 / 2000;    current loss: 0.3174770474433899
INFO Gradient norm: 9.627604951666571
PROGRESS    Completed epoch 1937 / 2000;    current loss: 0.3171083331108093
INFO Gradient norm: 8.113550553240207
PROGRESS    Completed epoch 1938 / 2000;    current loss: 0.31667789816856384
INFO Gradient norm: 10.298874753672592
PROGRESS    Completed epoch 1939 / 2000;    current loss: 0.3171795904636383
INFO Gradient norm: 6.34876759298329
PROGRESS    Completed epoch 1940 / 2000;    current loss: 0.3164820969104767
INFO Gradient norm: 14.415334277673809
PROGRESS    Completed epoch 1941 / 2000;    current loss: 0.31827887892723083
INFO Gradient norm: 12.189672215617612
PROGRESS    Completed epoch 1942 / 2000;    current loss: 0.31759628653526306
INFO Gradient norm: 9.865950619215816
PROGRESS    Completed epoch 1943 / 2000;    current loss: 0.3170546591281891
INFO Gradient norm: 10.374644454904931
PROGRESS    Completed epoch 1944 / 2000;    current loss: 0.3171045184135437
INFO Gradient norm: 8.542531617338353
PROGRESS    Completed epoch 1945 / 2000;    current loss: 0.31663069128990173
INFO Gradient norm: 6.980859845245306
PROGRESS    Completed epoch 1946 / 2000;    current loss: 0.3162994980812073
INFO Gradient norm: 11.73033891731658
PROGRESS    Completed epoch 1947 / 2000;    current loss: 0.3171849548816681
INFO Gradient norm: 8.451634251226734
PROGRESS    Completed epoch 1948 / 2000;    current loss: 0.3163450360298157
INFO Gradient norm: 12.772638798672537
PROGRESS    Completed epoch 1949 / 2000;    current loss: 0.31727513670921326
INFO Gradient norm: 11.474065432028056
PROGRESS    Completed epoch 1950 / 2000;    current loss: 0.3168080151081085
INFO Gradient norm: 9.478310545315358
PROGRESS    Completed epoch 1951 / 2000;    current loss: 0.3161909282207489
INFO Gradient norm: 9.320081609456127
PROGRESS    Completed epoch 1952 / 2000;    current loss: 0.3160370886325836
INFO Gradient norm: 6.366044239992574
PROGRESS    Completed epoch 1953 / 2000;    current loss: 0.31563660502433777
INFO Gradient norm: 3.3058854193675016
PROGRESS    Completed epoch 1954 / 2000;    current loss: 0.3154354393482208
INFO Gradient norm: 12.014910197262523
PROGRESS    Completed epoch 1955 / 2000;    current loss: 0.3169563412666321
INFO Gradient norm: 7.817326602430939
PROGRESS    Completed epoch 1956 / 2000;    current loss: 0.3161120116710663
INFO Gradient norm: 13.2146199693835
PROGRESS    Completed epoch 1957 / 2000;    current loss: 0.31728994846343994
INFO Gradient norm: 11.830042607115237
PROGRESS    Completed epoch 1958 / 2000;    current loss: 0.3169485926628113
INFO Gradient norm: 8.67096482852598
PROGRESS    Completed epoch 1959 / 2000;    current loss: 0.3164663314819336
INFO Gradient norm: 7.2811283407714384
PROGRESS    Completed epoch 1960 / 2000;    current loss: 0.3163146674633026
INFO Gradient norm: 11.573642734139618
PROGRESS    Completed epoch 1961 / 2000;    current loss: 0.3170892298221588
INFO Gradient norm: 8.470661951832364
PROGRESS    Completed epoch 1962 / 2000;    current loss: 0.31642961502075195
INFO Gradient norm: 12.447957523837575
PROGRESS    Completed epoch 1963 / 2000;    current loss: 0.31742188334465027
INFO Gradient norm: 11.053047321736178
PROGRESS    Completed epoch 1964 / 2000;    current loss: 0.3170010447502136
INFO Gradient norm: 9.509009799117742
PROGRESS    Completed epoch 1965 / 2000;    current loss: 0.3165520131587982
INFO Gradient norm: 8.86542999659805
PROGRESS    Completed epoch 1966 / 2000;    current loss: 0.31639572978019714
INFO Gradient norm: 10.343146760824261
PROGRESS    Completed epoch 1967 / 2000;    current loss: 0.31667354702949524
INFO Gradient norm: 8.443746145762882
PROGRESS    Completed epoch 1968 / 2000;    current loss: 0.31621235609054565
INFO Gradient norm: 11.271197926262655
PROGRESS    Completed epoch 1969 / 2000;    current loss: 0.3167431652545929
INFO Gradient norm: 9.174163062329107
PROGRESS    Completed epoch 1970 / 2000;    current loss: 0.31618306040763855
INFO Gradient norm: 11.521427690407466
PROGRESS    Completed epoch 1971 / 2000;    current loss: 0.31659504771232605
INFO Gradient norm: 10.442419706507943
PROGRESS    Completed epoch 1972 / 2000;    current loss: 0.31624263525009155
INFO Gradient norm: 9.525592180935863
PROGRESS    Completed epoch 1973 / 2000;    current loss: 0.3159390389919281
INFO Gradient norm: 4.74690585087955
PROGRESS    Completed epoch 1974 / 2000;    current loss: 0.315360426902771
INFO Gradient norm: 14.186420550586078
PROGRESS    Completed epoch 1975 / 2000;    current loss: 0.3174957036972046
INFO Gradient norm: 10.005543966938157
PROGRESS    Completed epoch 1976 / 2000;    current loss: 0.31646665930747986
INFO Gradient norm: 12.829558889358914
PROGRESS    Completed epoch 1977 / 2000;    current loss: 0.31704163551330566
INFO Gradient norm: 12.781314508245927
PROGRESS    Completed epoch 1978 / 2000;    current loss: 0.3170570433139801
INFO Gradient norm: 7.618269996830789
PROGRESS    Completed epoch 1979 / 2000;    current loss: 0.3160701096057892
INFO Gradient norm: 7.830528031551907
PROGRESS    Completed epoch 1980 / 2000;    current loss: 0.31604164838790894
INFO Gradient norm: 9.123942930768413
PROGRESS    Completed epoch 1981 / 2000;    current loss: 0.31610405445098877
INFO Gradient norm: 4.199289672233199
PROGRESS    Completed epoch 1982 / 2000;    current loss: 0.31544920802116394
INFO Gradient norm: 12.486231474646955
PROGRESS    Completed epoch 1983 / 2000;    current loss: 0.31697797775268555
INFO Gradient norm: 6.738204846720725
PROGRESS    Completed epoch 1984 / 2000;    current loss: 0.31569862365722656
INFO Gradient norm: 15.226029029925007
PROGRESS    Completed epoch 1985 / 2000;    current loss: 0.3176735043525696
INFO Gradient norm: 14.485927795136698
PROGRESS    Completed epoch 1986 / 2000;    current loss: 0.3174380660057068
INFO Gradient norm: 6.4188851314511295
PROGRESS    Completed epoch 1987 / 2000;    current loss: 0.31552690267562866
INFO Gradient norm: 8.676105261296312
PROGRESS    Completed epoch 1988 / 2000;    current loss: 0.3158259987831116
INFO Gradient norm: 7.382165704668574
PROGRESS    Completed epoch 1989 / 2000;    current loss: 0.3156268000602722
INFO Gradient norm: 4.006793169598616
PROGRESS    Completed epoch 1990 / 2000;    current loss: 0.3151136636734009
INFO Gradient norm: 14.65871933069298
PROGRESS    Completed epoch 1991 / 2000;    current loss: 0.3170749545097351
INFO Gradient norm: 10.795460623506774
PROGRESS    Completed epoch 1992 / 2000;    current loss: 0.31596580147743225
INFO Gradient norm: 9.33521286432005
PROGRESS    Completed epoch 1993 / 2000;    current loss: 0.315729022026062
INFO Gradient norm: 7.619664464366155
PROGRESS    Completed epoch 1994 / 2000;    current loss: 0.315566748380661
INFO Gradient norm: 10.864383205380646
PROGRESS    Completed epoch 1995 / 2000;    current loss: 0.31653958559036255
INFO Gradient norm: 8.38866522237463
PROGRESS    Completed epoch 1996 / 2000;    current loss: 0.31618979573249817
INFO Gradient norm: 11.730716999727868
PROGRESS    Completed epoch 1997 / 2000;    current loss: 0.31679511070251465
INFO Gradient norm: 10.513157489750913
PROGRESS    Completed epoch 1998 / 2000;    current loss: 0.31656965613365173
INFO Gradient norm: 9.173577214993632
PROGRESS    Completed epoch 1999 / 2000;    current loss: 0.31652092933654785
INFO Gradient norm: 8.453671819853302
PROGRESS    Completed epoch 2000 / 2000;    current loss: 0.31627970933914185
INFO    Saving model weights ...
INFO Model weights saved successfully to /home/hoang/utopya_output/Dengue/250605-202430/data/uni07/data_npc_checkpoint.pth
INFO    Simulation run finished.
INFO    Wrapping up ...
SUCCESS    All done.

---
end of log. exit code: 0

