Log of 'out' stream of WorkerTask 'uni04'
---

INFO    Using 'cpu' as training device. Number of threads: 10
INFO    Loading training data ...
INFO    Initializing the neural net ...
INFO    Initialized model 'Dengue'.
INFO    Now commencing training for 2000 epochs ...
INFO Gradient norm: 1677.6407145457358
PROGRESS    Completed epoch 1 / 2000;    current loss: 517.7793579101562
INFO Gradient norm: 1677.920254037969
PROGRESS    Completed epoch 2 / 2000;    current loss: 517.2218627929688
INFO Gradient norm: 1678.1546136280842
PROGRESS    Completed epoch 3 / 2000;    current loss: 516.662841796875
INFO Gradient norm: 1678.341216614967
PROGRESS    Completed epoch 4 / 2000;    current loss: 516.1031494140625
INFO Gradient norm: 1678.4756671098862
PROGRESS    Completed epoch 5 / 2000;    current loss: 515.5422973632812
INFO Gradient norm: 1678.5547961218247
PROGRESS    Completed epoch 6 / 2000;    current loss: 514.9783935546875
INFO Gradient norm: 1678.5838432131088
PROGRESS    Completed epoch 7 / 2000;    current loss: 514.4139404296875
INFO Gradient norm: 1678.558127513108
PROGRESS    Completed epoch 8 / 2000;    current loss: 513.84716796875
INFO Gradient norm: 1678.4764537073352
PROGRESS    Completed epoch 9 / 2000;    current loss: 513.277099609375
INFO Gradient norm: 1678.3392426385074
PROGRESS    Completed epoch 10 / 2000;    current loss: 512.7044067382812
INFO Gradient norm: 1678.1464495630537
PROGRESS    Completed epoch 11 / 2000;    current loss: 512.1287231445312
INFO Gradient norm: 1677.8956490799494
PROGRESS    Completed epoch 12 / 2000;    current loss: 511.54925537109375
INFO Gradient norm: 1677.5889134277784
PROGRESS    Completed epoch 13 / 2000;    current loss: 510.9671325683594
INFO Gradient norm: 1677.2193471248995
PROGRESS    Completed epoch 14 / 2000;    current loss: 510.37945556640625
INFO Gradient norm: 1676.791315863313
PROGRESS    Completed epoch 15 / 2000;    current loss: 509.78802490234375
INFO Gradient norm: 1676.301504988319
PROGRESS    Completed epoch 16 / 2000;    current loss: 509.1917724609375
INFO Gradient norm: 1675.7468937153276
PROGRESS    Completed epoch 17 / 2000;    current loss: 508.59051513671875
INFO Gradient norm: 1675.1282405952068
PROGRESS    Completed epoch 18 / 2000;    current loss: 507.9845886230469
INFO Gradient norm: 1674.4407858170491
PROGRESS    Completed epoch 19 / 2000;    current loss: 507.37164306640625
INFO Gradient norm: 1673.6859175454529
PROGRESS    Completed epoch 20 / 2000;    current loss: 506.7535705566406
INFO Gradient norm: 1672.8599535324229
PROGRESS    Completed epoch 21 / 2000;    current loss: 506.12982177734375
INFO Gradient norm: 1671.9589975518054
PROGRESS    Completed epoch 22 / 2000;    current loss: 505.4989318847656
INFO Gradient norm: 1670.982292074198
PROGRESS    Completed epoch 23 / 2000;    current loss: 504.8609924316406
INFO Gradient norm: 1669.9285709272444
PROGRESS    Completed epoch 24 / 2000;    current loss: 504.2162170410156
INFO Gradient norm: 1668.7927850299268
PROGRESS    Completed epoch 25 / 2000;    current loss: 503.5636291503906
INFO Gradient norm: 1667.5736024560897
PROGRESS    Completed epoch 26 / 2000;    current loss: 502.9034423828125
INFO Gradient norm: 1666.2666456848424
PROGRESS    Completed epoch 27 / 2000;    current loss: 502.23541259765625
INFO Gradient norm: 1664.8695940354185
PROGRESS    Completed epoch 28 / 2000;    current loss: 501.5588684082031
INFO Gradient norm: 1663.3776033334327
PROGRESS    Completed epoch 29 / 2000;    current loss: 500.87347412109375
INFO Gradient norm: 1661.7890322305516
PROGRESS    Completed epoch 30 / 2000;    current loss: 500.17987060546875
INFO Gradient norm: 1660.09514501435
PROGRESS    Completed epoch 31 / 2000;    current loss: 499.4755554199219
INFO Gradient norm: 1658.2991552204294
PROGRESS    Completed epoch 32 / 2000;    current loss: 498.76318359375
INFO Gradient norm: 1656.3912336144217
PROGRESS    Completed epoch 33 / 2000;    current loss: 498.0403747558594
INFO Gradient norm: 1654.369250328004
PROGRESS    Completed epoch 34 / 2000;    current loss: 497.30755615234375
INFO Gradient norm: 1652.2279170975862
PROGRESS    Completed epoch 35 / 2000;    current loss: 496.5643005371094
INFO Gradient norm: 1649.9652545109675
PROGRESS    Completed epoch 36 / 2000;    current loss: 495.8109130859375
INFO Gradient norm: 1647.572338882464
PROGRESS    Completed epoch 37 / 2000;    current loss: 495.04608154296875
INFO Gradient norm: 1645.0479307597934
PROGRESS    Completed epoch 38 / 2000;    current loss: 494.27032470703125
INFO Gradient norm: 1642.3872278475833
PROGRESS    Completed epoch 39 / 2000;    current loss: 493.48345947265625
INFO Gradient norm: 1639.5824633762368
PROGRESS    Completed epoch 40 / 2000;    current loss: 492.6849365234375
INFO Gradient norm: 1636.6297084962107
PROGRESS    Completed epoch 41 / 2000;    current loss: 491.8740539550781
INFO Gradient norm: 1633.5242897921783
PROGRESS    Completed epoch 42 / 2000;    current loss: 491.05126953125
INFO Gradient norm: 1630.2611148738667
PROGRESS    Completed epoch 43 / 2000;    current loss: 490.21673583984375
INFO Gradient norm: 1626.8347472443058
PROGRESS    Completed epoch 44 / 2000;    current loss: 489.3695373535156
INFO Gradient norm: 1623.239545096872
PROGRESS    Completed epoch 45 / 2000;    current loss: 488.5092468261719
INFO Gradient norm: 1619.4687974814117
PROGRESS    Completed epoch 46 / 2000;    current loss: 487.63616943359375
INFO Gradient norm: 1615.5181297122092
PROGRESS    Completed epoch 47 / 2000;    current loss: 486.7503356933594
INFO Gradient norm: 1611.3815264214772
PROGRESS    Completed epoch 48 / 2000;    current loss: 485.85113525390625
INFO Gradient norm: 1607.0528025850192
PROGRESS    Completed epoch 49 / 2000;    current loss: 484.938232421875
INFO Gradient norm: 1602.5324655564702
PROGRESS    Completed epoch 50 / 2000;    current loss: 484.0121154785156
INFO Gradient norm: 1597.8204318210828
PROGRESS    Completed epoch 51 / 2000;    current loss: 483.0726623535156
INFO Gradient norm: 1592.9197249129413
PROGRESS    Completed epoch 52 / 2000;    current loss: 482.1185302734375
INFO Gradient norm: 1587.832622386778
PROGRESS    Completed epoch 53 / 2000;    current loss: 481.1510009765625
INFO Gradient norm: 1582.549296510544
PROGRESS    Completed epoch 54 / 2000;    current loss: 480.16851806640625
INFO Gradient norm: 1577.067506708116
PROGRESS    Completed epoch 55 / 2000;    current loss: 479.17327880859375
INFO Gradient norm: 1571.3780555022988
PROGRESS    Completed epoch 56 / 2000;    current loss: 478.16278076171875
INFO Gradient norm: 1565.4760155311842
PROGRESS    Completed epoch 57 / 2000;    current loss: 477.13800048828125
INFO Gradient norm: 1559.3563295839037
PROGRESS    Completed epoch 58 / 2000;    current loss: 476.09906005859375
INFO Gradient norm: 1553.010661973168
PROGRESS    Completed epoch 59 / 2000;    current loss: 475.04522705078125
INFO Gradient norm: 1546.4357157940403
PROGRESS    Completed epoch 60 / 2000;    current loss: 473.977294921875
INFO Gradient norm: 1539.6270018288938
PROGRESS    Completed epoch 61 / 2000;    current loss: 472.8947448730469
INFO Gradient norm: 1532.5790790284705
PROGRESS    Completed epoch 62 / 2000;    current loss: 471.7978210449219
INFO Gradient norm: 1525.2847359952439
PROGRESS    Completed epoch 63 / 2000;    current loss: 470.6861572265625
INFO Gradient norm: 1517.7433051907697
PROGRESS    Completed epoch 64 / 2000;    current loss: 469.56036376953125
INFO Gradient norm: 1509.9480132872486
PROGRESS    Completed epoch 65 / 2000;    current loss: 468.419677734375
INFO Gradient norm: 1501.8970998528548
PROGRESS    Completed epoch 66 / 2000;    current loss: 467.2648620605469
INFO Gradient norm: 1493.5861678711249
PROGRESS    Completed epoch 67 / 2000;    current loss: 466.0958251953125
INFO Gradient norm: 1485.0156484840063
PROGRESS    Completed epoch 68 / 2000;    current loss: 464.913818359375
INFO Gradient norm: 1476.1807586454315
PROGRESS    Completed epoch 69 / 2000;    current loss: 463.7167663574219
INFO Gradient norm: 1467.082689038172
PROGRESS    Completed epoch 70 / 2000;    current loss: 462.5068359375
INFO Gradient norm: 1457.7201830433085
PROGRESS    Completed epoch 71 / 2000;    current loss: 461.2834167480469
INFO Gradient norm: 1448.0915325825194
PROGRESS    Completed epoch 72 / 2000;    current loss: 460.04693603515625
INFO Gradient norm: 1438.1998671860913
PROGRESS    Completed epoch 73 / 2000;    current loss: 458.7977600097656
INFO Gradient norm: 1428.0440687187072
PROGRESS    Completed epoch 74 / 2000;    current loss: 457.53497314453125
INFO Gradient norm: 1417.6289952607312
PROGRESS    Completed epoch 75 / 2000;    current loss: 456.26123046875
INFO Gradient norm: 1406.9526798178106
PROGRESS    Completed epoch 76 / 2000;    current loss: 454.97430419921875
INFO Gradient norm: 1396.0250239662435
PROGRESS    Completed epoch 77 / 2000;    current loss: 453.6767883300781
INFO Gradient norm: 1384.8467133395054
PROGRESS    Completed epoch 78 / 2000;    current loss: 452.3670349121094
INFO Gradient norm: 1373.4266745344498
PROGRESS    Completed epoch 79 / 2000;    current loss: 451.04754638671875
INFO Gradient norm: 1361.7708851594562
PROGRESS    Completed epoch 80 / 2000;    current loss: 449.7176513671875
INFO Gradient norm: 1349.8866432839004
PROGRESS    Completed epoch 81 / 2000;    current loss: 448.3775329589844
INFO Gradient norm: 1337.7839502972436
PROGRESS    Completed epoch 82 / 2000;    current loss: 447.02801513671875
INFO Gradient norm: 1325.471264394069
PROGRESS    Completed epoch 83 / 2000;    current loss: 445.6702575683594
INFO Gradient norm: 1312.9594035730906
PROGRESS    Completed epoch 84 / 2000;    current loss: 444.3038024902344
INFO Gradient norm: 1300.2604961573652
PROGRESS    Completed epoch 85 / 2000;    current loss: 442.9305114746094
INFO Gradient norm: 1287.3915811886097
PROGRESS    Completed epoch 86 / 2000;    current loss: 441.549072265625
INFO Gradient norm: 1274.363465777892
PROGRESS    Completed epoch 87 / 2000;    current loss: 440.1612243652344
INFO Gradient norm: 1261.1925349604844
PROGRESS    Completed epoch 88 / 2000;    current loss: 438.7681884765625
INFO Gradient norm: 1247.8971896589999
PROGRESS    Completed epoch 89 / 2000;    current loss: 437.3693542480469
INFO Gradient norm: 1234.4890090150654
PROGRESS    Completed epoch 90 / 2000;    current loss: 435.9652404785156
INFO Gradient norm: 1220.9934504194268
PROGRESS    Completed epoch 91 / 2000;    current loss: 434.5579833984375
INFO Gradient norm: 1207.4312233859885
PROGRESS    Completed epoch 92 / 2000;    current loss: 433.147705078125
INFO Gradient norm: 1193.8243983165619
PROGRESS    Completed epoch 93 / 2000;    current loss: 431.73455810546875
INFO Gradient norm: 1180.1973484566856
PROGRESS    Completed epoch 94 / 2000;    current loss: 430.3185119628906
INFO Gradient norm: 1166.575059974961
PROGRESS    Completed epoch 95 / 2000;    current loss: 428.9015197753906
INFO Gradient norm: 1152.9801423592037
PROGRESS    Completed epoch 96 / 2000;    current loss: 427.48443603515625
INFO Gradient norm: 1139.4327650687612
PROGRESS    Completed epoch 97 / 2000;    current loss: 426.0670471191406
INFO Gradient norm: 1125.9683530700966
PROGRESS    Completed epoch 98 / 2000;    current loss: 424.650390625
INFO Gradient norm: 1112.6434563361288
PROGRESS    Completed epoch 99 / 2000;    current loss: 423.2339172363281
INFO Gradient norm: 1099.4777090479963
PROGRESS    Completed epoch 100 / 2000;    current loss: 421.8193359375
INFO Gradient norm: 1086.4853208617933
PROGRESS    Completed epoch 101 / 2000;    current loss: 420.40679931640625
INFO Gradient norm: 1073.6866086344446
PROGRESS    Completed epoch 102 / 2000;    current loss: 418.99652099609375
INFO Gradient norm: 1061.0965539268552
PROGRESS    Completed epoch 103 / 2000;    current loss: 417.5889892578125
INFO Gradient norm: 1048.7360342542534
PROGRESS    Completed epoch 104 / 2000;    current loss: 416.1845703125
INFO Gradient norm: 1036.6194407800904
PROGRESS    Completed epoch 105 / 2000;    current loss: 414.783203125
INFO Gradient norm: 1024.765077783242
PROGRESS    Completed epoch 106 / 2000;    current loss: 413.3865051269531
INFO Gradient norm: 1013.1864622284858
PROGRESS    Completed epoch 107 / 2000;    current loss: 411.9938049316406
INFO Gradient norm: 1001.896931539069
PROGRESS    Completed epoch 108 / 2000;    current loss: 410.6059875488281
INFO Gradient norm: 990.9116540754079
PROGRESS    Completed epoch 109 / 2000;    current loss: 409.2230529785156
INFO Gradient norm: 980.2978026388602
PROGRESS    Completed epoch 110 / 2000;    current loss: 407.8440856933594
INFO Gradient norm: 970.091945719883
PROGRESS    Completed epoch 111 / 2000;    current loss: 406.4705810546875
INFO Gradient norm: 960.288026436031
PROGRESS    Completed epoch 112 / 2000;    current loss: 405.10205078125
INFO Gradient norm: 950.878490758427
PROGRESS    Completed epoch 113 / 2000;    current loss: 403.73736572265625
INFO Gradient norm: 941.8613029835818
PROGRESS    Completed epoch 114 / 2000;    current loss: 402.3774719238281
INFO Gradient norm: 933.22743691008
PROGRESS    Completed epoch 115 / 2000;    current loss: 401.0212707519531
INFO Gradient norm: 924.9706417592868
PROGRESS    Completed epoch 116 / 2000;    current loss: 399.66778564453125
INFO Gradient norm: 917.0862703946184
PROGRESS    Completed epoch 117 / 2000;    current loss: 398.3189697265625
INFO Gradient norm: 909.2440075641433
PROGRESS    Completed epoch 118 / 2000;    current loss: 396.9759216308594
INFO Gradient norm: 902.4482343995937
PROGRESS    Completed epoch 119 / 2000;    current loss: 395.6506042480469
INFO Gradient norm: 895.9400428871157
PROGRESS    Completed epoch 120 / 2000;    current loss: 394.32366943359375
INFO Gradient norm: 889.7189886319222
PROGRESS    Completed epoch 121 / 2000;    current loss: 392.9984130859375
INFO Gradient norm: 883.7874977178143
PROGRESS    Completed epoch 122 / 2000;    current loss: 391.67364501953125
INFO Gradient norm: 878.1432546662452
PROGRESS    Completed epoch 123 / 2000;    current loss: 390.3477783203125
INFO Gradient norm: 872.7836699930289
PROGRESS    Completed epoch 124 / 2000;    current loss: 389.022705078125
INFO Gradient norm: 867.6992542337703
PROGRESS    Completed epoch 125 / 2000;    current loss: 387.69775390625
INFO Gradient norm: 862.8769705186696
PROGRESS    Completed epoch 126 / 2000;    current loss: 386.371337890625
INFO Gradient norm: 858.30817484196
PROGRESS    Completed epoch 127 / 2000;    current loss: 385.0457763671875
INFO Gradient norm: 853.9806971820857
PROGRESS    Completed epoch 128 / 2000;    current loss: 383.7195129394531
INFO Gradient norm: 849.8831129666114
PROGRESS    Completed epoch 129 / 2000;    current loss: 382.39263916015625
INFO Gradient norm: 846.0046112863346
PROGRESS    Completed epoch 130 / 2000;    current loss: 381.06524658203125
INFO Gradient norm: 842.3308872678958
PROGRESS    Completed epoch 131 / 2000;    current loss: 379.735107421875
INFO Gradient norm: 838.8535814981126
PROGRESS    Completed epoch 132 / 2000;    current loss: 378.4049072265625
INFO Gradient norm: 835.5610404189027
PROGRESS    Completed epoch 133 / 2000;    current loss: 377.0747375488281
INFO Gradient norm: 832.4252977517783
PROGRESS    Completed epoch 134 / 2000;    current loss: 375.74395751953125
INFO Gradient norm: 829.4879344526935
PROGRESS    Completed epoch 135 / 2000;    current loss: 374.4142150878906
INFO Gradient norm: 826.7105139427896
PROGRESS    Completed epoch 136 / 2000;    current loss: 373.0830078125
INFO Gradient norm: 824.0756266258592
PROGRESS    Completed epoch 137 / 2000;    current loss: 371.74908447265625
INFO Gradient norm: 821.5698599255634
PROGRESS    Completed epoch 138 / 2000;    current loss: 370.411376953125
INFO Gradient norm: 819.17844728234
PROGRESS    Completed epoch 139 / 2000;    current loss: 369.06793212890625
INFO Gradient norm: 816.8916969465458
PROGRESS    Completed epoch 140 / 2000;    current loss: 367.7205810546875
INFO Gradient norm: 814.6951369374013
PROGRESS    Completed epoch 141 / 2000;    current loss: 366.3675842285156
INFO Gradient norm: 812.5829502791721
PROGRESS    Completed epoch 142 / 2000;    current loss: 365.01055908203125
INFO Gradient norm: 810.5442091962603
PROGRESS    Completed epoch 143 / 2000;    current loss: 363.647216796875
INFO Gradient norm: 808.5711965420683
PROGRESS    Completed epoch 144 / 2000;    current loss: 362.2781982421875
INFO Gradient norm: 806.6561033048941
PROGRESS    Completed epoch 145 / 2000;    current loss: 360.9039306640625
INFO Gradient norm: 804.7899234292195
PROGRESS    Completed epoch 146 / 2000;    current loss: 359.52178955078125
INFO Gradient norm: 802.9682965308529
PROGRESS    Completed epoch 147 / 2000;    current loss: 358.134033203125
INFO Gradient norm: 801.1833330353868
PROGRESS    Completed epoch 148 / 2000;    current loss: 356.7391662597656
INFO Gradient norm: 799.4301027321793
PROGRESS    Completed epoch 149 / 2000;    current loss: 355.3389587402344
INFO Gradient norm: 797.7015805574551
PROGRESS    Completed epoch 150 / 2000;    current loss: 353.92999267578125
INFO Gradient norm: 795.9941786689749
PROGRESS    Completed epoch 151 / 2000;    current loss: 352.5151672363281
INFO Gradient norm: 794.3031649209505
PROGRESS    Completed epoch 152 / 2000;    current loss: 351.09222412109375
INFO Gradient norm: 792.6251432228756
PROGRESS    Completed epoch 153 / 2000;    current loss: 349.66192626953125
INFO Gradient norm: 790.955551848112
PROGRESS    Completed epoch 154 / 2000;    current loss: 348.2234191894531
INFO Gradient norm: 789.2772972953561
PROGRESS    Completed epoch 155 / 2000;    current loss: 346.77911376953125
INFO Gradient norm: 787.6193692148032
PROGRESS    Completed epoch 156 / 2000;    current loss: 345.3276672363281
INFO Gradient norm: 785.9603357109985
PROGRESS    Completed epoch 157 / 2000;    current loss: 343.8663024902344
INFO Gradient norm: 784.2995527962707
PROGRESS    Completed epoch 158 / 2000;    current loss: 342.39678955078125
INFO Gradient norm: 782.6329877755161
PROGRESS    Completed epoch 159 / 2000;    current loss: 340.9176330566406
INFO Gradient norm: 780.9594538485843
PROGRESS    Completed epoch 160 / 2000;    current loss: 339.4295959472656
INFO Gradient norm: 779.2765049771492
PROGRESS    Completed epoch 161 / 2000;    current loss: 337.9317626953125
INFO Gradient norm: 777.5834519518252
PROGRESS    Completed epoch 162 / 2000;    current loss: 336.4240417480469
INFO Gradient norm: 775.8799784887939
PROGRESS    Completed epoch 163 / 2000;    current loss: 334.90777587890625
INFO Gradient norm: 774.1649841583462
PROGRESS    Completed epoch 164 / 2000;    current loss: 333.3810119628906
INFO Gradient norm: 772.4394634990982
PROGRESS    Completed epoch 165 / 2000;    current loss: 331.8457336425781
INFO Gradient norm: 770.7004042600846
PROGRESS    Completed epoch 166 / 2000;    current loss: 330.3000793457031
INFO Gradient norm: 768.9491712456684
PROGRESS    Completed epoch 167 / 2000;    current loss: 328.74432373046875
INFO Gradient norm: 767.1865993950896
PROGRESS    Completed epoch 168 / 2000;    current loss: 327.1806640625
INFO Gradient norm: 765.411041305411
PROGRESS    Completed epoch 169 / 2000;    current loss: 325.6068115234375
INFO Gradient norm: 763.6224688590432
PROGRESS    Completed epoch 170 / 2000;    current loss: 324.0232238769531
INFO Gradient norm: 761.9113781584463
PROGRESS    Completed epoch 171 / 2000;    current loss: 322.4337158203125
INFO Gradient norm: 760.104028570587
PROGRESS    Completed epoch 172 / 2000;    current loss: 320.8414306640625
INFO Gradient norm: 758.2803597988939
PROGRESS    Completed epoch 173 / 2000;    current loss: 319.23779296875
INFO Gradient norm: 756.4635818992616
PROGRESS    Completed epoch 174 / 2000;    current loss: 317.6224365234375
INFO Gradient norm: 754.610683495892
PROGRESS    Completed epoch 175 / 2000;    current loss: 315.99847412109375
INFO Gradient norm: 752.741784932901
PROGRESS    Completed epoch 176 / 2000;    current loss: 314.3623046875
INFO Gradient norm: 750.8576778124012
PROGRESS    Completed epoch 177 / 2000;    current loss: 312.7170104980469
INFO Gradient norm: 748.9565477034749
PROGRESS    Completed epoch 178 / 2000;    current loss: 311.0613098144531
INFO Gradient norm: 747.0213171818206
PROGRESS    Completed epoch 179 / 2000;    current loss: 309.39501953125
INFO Gradient norm: 745.0959266389024
PROGRESS    Completed epoch 180 / 2000;    current loss: 307.72021484375
INFO Gradient norm: 743.0990034147173
PROGRESS    Completed epoch 181 / 2000;    current loss: 306.0352783203125
INFO Gradient norm: 741.1491036566265
PROGRESS    Completed epoch 182 / 2000;    current loss: 304.3460388183594
INFO Gradient norm: 739.1827430628655
PROGRESS    Completed epoch 183 / 2000;    current loss: 302.64691162109375
INFO Gradient norm: 737.1986686919948
PROGRESS    Completed epoch 184 / 2000;    current loss: 300.93780517578125
INFO Gradient norm: 735.1964877985099
PROGRESS    Completed epoch 185 / 2000;    current loss: 299.2191467285156
INFO Gradient norm: 733.1988582968971
PROGRESS    Completed epoch 186 / 2000;    current loss: 297.49139404296875
INFO Gradient norm: 731.1615514134864
PROGRESS    Completed epoch 187 / 2000;    current loss: 295.7545471191406
INFO Gradient norm: 729.1059380411924
PROGRESS    Completed epoch 188 / 2000;    current loss: 294.0088806152344
INFO Gradient norm: 727.0109467603104
PROGRESS    Completed epoch 189 / 2000;    current loss: 292.25433349609375
INFO Gradient norm: 724.9181655387471
PROGRESS    Completed epoch 190 / 2000;    current loss: 290.49151611328125
INFO Gradient norm: 722.8043613648974
PROGRESS    Completed epoch 191 / 2000;    current loss: 288.7197570800781
INFO Gradient norm: 720.7040357143794
PROGRESS    Completed epoch 192 / 2000;    current loss: 286.9399719238281
INFO Gradient norm: 718.5709704043604
PROGRESS    Completed epoch 193 / 2000;    current loss: 285.1543884277344
INFO Gradient norm: 716.3966818183025
PROGRESS    Completed epoch 194 / 2000;    current loss: 283.3601989746094
INFO Gradient norm: 714.1817271065936
PROGRESS    Completed epoch 195 / 2000;    current loss: 281.5572509765625
INFO Gradient norm: 711.940825263593
PROGRESS    Completed epoch 196 / 2000;    current loss: 279.74700927734375
INFO Gradient norm: 709.7056345504255
PROGRESS    Completed epoch 197 / 2000;    current loss: 277.9299011230469
INFO Gradient norm: 707.4474587983577
PROGRESS    Completed epoch 198 / 2000;    current loss: 276.1048278808594
INFO Gradient norm: 705.1870336280839
PROGRESS    Completed epoch 199 / 2000;    current loss: 274.2723388671875
INFO Gradient norm: 702.88505655916
PROGRESS    Completed epoch 200 / 2000;    current loss: 272.43280029296875
INFO Gradient norm: 700.5771401352719
PROGRESS    Completed epoch 201 / 2000;    current loss: 270.5868835449219
INFO Gradient norm: 698.2128365101908
PROGRESS    Completed epoch 202 / 2000;    current loss: 268.7336120605469
INFO Gradient norm: 695.8324324991814
PROGRESS    Completed epoch 203 / 2000;    current loss: 266.8739318847656
INFO Gradient norm: 693.4448119682762
PROGRESS    Completed epoch 204 / 2000;    current loss: 265.0076904296875
INFO Gradient norm: 691.0352295241183
PROGRESS    Completed epoch 205 / 2000;    current loss: 263.134765625
INFO Gradient norm: 688.6054791039578
PROGRESS    Completed epoch 206 / 2000;    current loss: 261.2548828125
INFO Gradient norm: 686.1650682573672
PROGRESS    Completed epoch 207 / 2000;    current loss: 259.369140625
INFO Gradient norm: 683.7263469666066
PROGRESS    Completed epoch 208 / 2000;    current loss: 257.47705078125
INFO Gradient norm: 681.2890096972176
PROGRESS    Completed epoch 209 / 2000;    current loss: 255.60256958007812
INFO Gradient norm: 678.7349640261801
PROGRESS    Completed epoch 210 / 2000;    current loss: 253.73556518554688
INFO Gradient norm: 676.1624125287077
PROGRESS    Completed epoch 211 / 2000;    current loss: 251.8572540283203
INFO Gradient norm: 673.5885962803212
PROGRESS    Completed epoch 212 / 2000;    current loss: 249.9703369140625
INFO Gradient norm: 670.9947663421506
PROGRESS    Completed epoch 213 / 2000;    current loss: 248.07418823242188
INFO Gradient norm: 668.3773479680634
PROGRESS    Completed epoch 214 / 2000;    current loss: 246.1708984375
INFO Gradient norm: 665.7523638061487
PROGRESS    Completed epoch 215 / 2000;    current loss: 244.26046752929688
INFO Gradient norm: 663.0878270118329
PROGRESS    Completed epoch 216 / 2000;    current loss: 242.34310913085938
INFO Gradient norm: 660.3972629931862
PROGRESS    Completed epoch 217 / 2000;    current loss: 240.4195556640625
INFO Gradient norm: 657.6687654160174
PROGRESS    Completed epoch 218 / 2000;    current loss: 238.48971557617188
INFO Gradient norm: 654.9350229532522
PROGRESS    Completed epoch 219 / 2000;    current loss: 236.555908203125
INFO Gradient norm: 652.1392817967399
PROGRESS    Completed epoch 220 / 2000;    current loss: 234.63082885742188
INFO Gradient norm: 649.3750799503837
PROGRESS    Completed epoch 221 / 2000;    current loss: 232.70452880859375
INFO Gradient norm: 646.5965960073139
PROGRESS    Completed epoch 222 / 2000;    current loss: 230.77255249023438
INFO Gradient norm: 643.7752681845935
PROGRESS    Completed epoch 223 / 2000;    current loss: 228.83441162109375
INFO Gradient norm: 640.9141138327539
PROGRESS    Completed epoch 224 / 2000;    current loss: 226.8918914794922
INFO Gradient norm: 638.0337278879113
PROGRESS    Completed epoch 225 / 2000;    current loss: 224.9448699951172
INFO Gradient norm: 635.1228781528661
PROGRESS    Completed epoch 226 / 2000;    current loss: 222.9940185546875
INFO Gradient norm: 632.1919110707015
PROGRESS    Completed epoch 227 / 2000;    current loss: 221.03883361816406
INFO Gradient norm: 629.2211553799299
PROGRESS    Completed epoch 228 / 2000;    current loss: 219.0811004638672
INFO Gradient norm: 626.2120528782649
PROGRESS    Completed epoch 229 / 2000;    current loss: 217.12088012695312
INFO Gradient norm: 623.1830367168301
PROGRESS    Completed epoch 230 / 2000;    current loss: 215.15745544433594
INFO Gradient norm: 620.19224312132
PROGRESS    Completed epoch 231 / 2000;    current loss: 213.2036895751953
INFO Gradient norm: 617.1478213717972
PROGRESS    Completed epoch 232 / 2000;    current loss: 211.24583435058594
INFO Gradient norm: 614.0603576835829
PROGRESS    Completed epoch 233 / 2000;    current loss: 209.2840576171875
INFO Gradient norm: 610.931971365662
PROGRESS    Completed epoch 234 / 2000;    current loss: 207.31988525390625
INFO Gradient norm: 607.7813050813992
PROGRESS    Completed epoch 235 / 2000;    current loss: 205.3545684814453
INFO Gradient norm: 604.6026104085338
PROGRESS    Completed epoch 236 / 2000;    current loss: 203.38636779785156
INFO Gradient norm: 601.3711888118781
PROGRESS    Completed epoch 237 / 2000;    current loss: 201.42002868652344
INFO Gradient norm: 598.1588457132129
PROGRESS    Completed epoch 238 / 2000;    current loss: 199.45745849609375
INFO Gradient norm: 594.9221912966588
PROGRESS    Completed epoch 239 / 2000;    current loss: 197.49441528320312
INFO Gradient norm: 591.6450534373112
PROGRESS    Completed epoch 240 / 2000;    current loss: 195.53033447265625
INFO Gradient norm: 588.3324146573974
PROGRESS    Completed epoch 241 / 2000;    current loss: 193.5658416748047
INFO Gradient norm: 584.9928778542424
PROGRESS    Completed epoch 242 / 2000;    current loss: 191.601318359375
INFO Gradient norm: 581.6209984594141
PROGRESS    Completed epoch 243 / 2000;    current loss: 189.63760375976562
INFO Gradient norm: 578.2547935054322
PROGRESS    Completed epoch 244 / 2000;    current loss: 187.6776580810547
INFO Gradient norm: 574.846247493654
PROGRESS    Completed epoch 245 / 2000;    current loss: 185.71974182128906
INFO Gradient norm: 571.4092683179804
PROGRESS    Completed epoch 246 / 2000;    current loss: 183.76251220703125
INFO Gradient norm: 567.933640080043
PROGRESS    Completed epoch 247 / 2000;    current loss: 181.80625915527344
INFO Gradient norm: 564.435928304598
PROGRESS    Completed epoch 248 / 2000;    current loss: 179.85464477539062
INFO Gradient norm: 560.9280776816053
PROGRESS    Completed epoch 249 / 2000;    current loss: 177.90582275390625
INFO Gradient norm: 557.3888362593888
PROGRESS    Completed epoch 250 / 2000;    current loss: 175.95848083496094
INFO Gradient norm: 553.8189917341338
PROGRESS    Completed epoch 251 / 2000;    current loss: 174.013427734375
INFO Gradient norm: 550.2159114857197
PROGRESS    Completed epoch 252 / 2000;    current loss: 172.0706329345703
INFO Gradient norm: 546.5821260472027
PROGRESS    Completed epoch 253 / 2000;    current loss: 170.1305694580078
INFO Gradient norm: 542.964877429515
PROGRESS    Completed epoch 254 / 2000;    current loss: 168.19725036621094
INFO Gradient norm: 539.3005124800156
PROGRESS    Completed epoch 255 / 2000;    current loss: 166.26614379882812
INFO Gradient norm: 535.5997021206648
PROGRESS    Completed epoch 256 / 2000;    current loss: 164.3385467529297
INFO Gradient norm: 531.8632834435343
PROGRESS    Completed epoch 257 / 2000;    current loss: 162.41419982910156
INFO Gradient norm: 528.1129614947403
PROGRESS    Completed epoch 258 / 2000;    current loss: 160.49603271484375
INFO Gradient norm: 524.3535467970916
PROGRESS    Completed epoch 259 / 2000;    current loss: 158.58253479003906
INFO Gradient norm: 520.5592666147488
PROGRESS    Completed epoch 260 / 2000;    current loss: 156.6735076904297
INFO Gradient norm: 516.7339811323462
PROGRESS    Completed epoch 261 / 2000;    current loss: 154.76925659179688
INFO Gradient norm: 512.8891487843033
PROGRESS    Completed epoch 262 / 2000;    current loss: 152.8690185546875
INFO Gradient norm: 509.03894280097575
PROGRESS    Completed epoch 263 / 2000;    current loss: 150.97434997558594
INFO Gradient norm: 505.2363528117072
PROGRESS    Completed epoch 264 / 2000;    current loss: 149.0861053466797
INFO Gradient norm: 501.43527521819016
PROGRESS    Completed epoch 265 / 2000;    current loss: 147.20254516601562
INFO Gradient norm: 497.63217706672305
PROGRESS    Completed epoch 266 / 2000;    current loss: 145.32371520996094
INFO Gradient norm: 493.8249360226013
PROGRESS    Completed epoch 267 / 2000;    current loss: 143.44886779785156
INFO Gradient norm: 490.06197005150983
PROGRESS    Completed epoch 268 / 2000;    current loss: 141.5812225341797
INFO Gradient norm: 486.3068645469095
PROGRESS    Completed epoch 269 / 2000;    current loss: 139.71804809570312
INFO Gradient norm: 482.54697012460815
PROGRESS    Completed epoch 270 / 2000;    current loss: 137.85977172851562
INFO Gradient norm: 478.7826494458391
PROGRESS    Completed epoch 271 / 2000;    current loss: 136.00682067871094
INFO Gradient norm: 475.01197996365687
PROGRESS    Completed epoch 272 / 2000;    current loss: 134.15892028808594
INFO Gradient norm: 471.23712663958105
PROGRESS    Completed epoch 273 / 2000;    current loss: 132.3162841796875
INFO Gradient norm: 467.4923223969787
PROGRESS    Completed epoch 274 / 2000;    current loss: 130.4803924560547
INFO Gradient norm: 463.7645352796759
PROGRESS    Completed epoch 275 / 2000;    current loss: 128.6519012451172
INFO Gradient norm: 460.02406837833416
PROGRESS    Completed epoch 276 / 2000;    current loss: 126.8287353515625
INFO Gradient norm: 456.28245182609896
PROGRESS    Completed epoch 277 / 2000;    current loss: 125.01188659667969
INFO Gradient norm: 452.57690004646093
PROGRESS    Completed epoch 278 / 2000;    current loss: 123.20296478271484
INFO Gradient norm: 448.8668971284235
PROGRESS    Completed epoch 279 / 2000;    current loss: 121.40058135986328
INFO Gradient norm: 445.1610726571466
PROGRESS    Completed epoch 280 / 2000;    current loss: 119.60487365722656
INFO Gradient norm: 441.4792332711477
PROGRESS    Completed epoch 281 / 2000;    current loss: 117.8177261352539
INFO Gradient norm: 437.81412522009873
PROGRESS    Completed epoch 282 / 2000;    current loss: 116.03794860839844
INFO Gradient norm: 434.17031259146654
PROGRESS    Completed epoch 283 / 2000;    current loss: 114.26747131347656
INFO Gradient norm: 430.5390362911398
PROGRESS    Completed epoch 284 / 2000;    current loss: 112.50483703613281
INFO Gradient norm: 426.9372446312961
PROGRESS    Completed epoch 285 / 2000;    current loss: 110.75137329101562
INFO Gradient norm: 423.3486280889716
PROGRESS    Completed epoch 286 / 2000;    current loss: 109.00679779052734
INFO Gradient norm: 419.83420079594714
PROGRESS    Completed epoch 287 / 2000;    current loss: 107.27397918701172
INFO Gradient norm: 416.33454487116893
PROGRESS    Completed epoch 288 / 2000;    current loss: 105.55081939697266
INFO Gradient norm: 412.8506514014466
PROGRESS    Completed epoch 289 / 2000;    current loss: 103.83747863769531
INFO Gradient norm: 409.3221261035924
PROGRESS    Completed epoch 290 / 2000;    current loss: 102.13388061523438
INFO Gradient norm: 405.72255367993915
PROGRESS    Completed epoch 291 / 2000;    current loss: 100.44407653808594
INFO Gradient norm: 402.00634512022987
PROGRESS    Completed epoch 292 / 2000;    current loss: 98.7643814086914
INFO Gradient norm: 398.14116928753674
PROGRESS    Completed epoch 293 / 2000;    current loss: 97.09223175048828
INFO Gradient norm: 394.2378927705302
PROGRESS    Completed epoch 294 / 2000;    current loss: 95.43574523925781
INFO Gradient norm: 390.21221249635977
PROGRESS    Completed epoch 295 / 2000;    current loss: 93.7887191772461
INFO Gradient norm: 386.0479891572957
PROGRESS    Completed epoch 296 / 2000;    current loss: 92.150146484375
INFO Gradient norm: 381.764802467623
PROGRESS    Completed epoch 297 / 2000;    current loss: 90.52130889892578
INFO Gradient norm: 377.3641359763664
PROGRESS    Completed epoch 298 / 2000;    current loss: 88.90229034423828
INFO Gradient norm: 372.99907365440225
PROGRESS    Completed epoch 299 / 2000;    current loss: 87.30339050292969
INFO Gradient norm: 368.62619240809954
PROGRESS    Completed epoch 300 / 2000;    current loss: 85.71521759033203
INFO Gradient norm: 364.3466089900111
PROGRESS    Completed epoch 301 / 2000;    current loss: 84.1356201171875
INFO Gradient norm: 360.15563914065336
PROGRESS    Completed epoch 302 / 2000;    current loss: 82.56538391113281
INFO Gradient norm: 356.2885389418333
PROGRESS    Completed epoch 303 / 2000;    current loss: 81.01834106445312
INFO Gradient norm: 352.505722293255
PROGRESS    Completed epoch 304 / 2000;    current loss: 79.48128509521484
INFO Gradient norm: 348.69787362918487
PROGRESS    Completed epoch 305 / 2000;    current loss: 77.9559555053711
INFO Gradient norm: 344.7136251551372
PROGRESS    Completed epoch 306 / 2000;    current loss: 76.44064331054688
INFO Gradient norm: 340.5404051009545
PROGRESS    Completed epoch 307 / 2000;    current loss: 74.93572998046875
INFO Gradient norm: 336.1912912303637
PROGRESS    Completed epoch 308 / 2000;    current loss: 73.44182586669922
INFO Gradient norm: 331.90226996812436
PROGRESS    Completed epoch 309 / 2000;    current loss: 71.9678726196289
INFO Gradient norm: 327.73322361341957
PROGRESS    Completed epoch 310 / 2000;    current loss: 70.51072692871094
INFO Gradient norm: 323.54041080782986
PROGRESS    Completed epoch 311 / 2000;    current loss: 69.06231689453125
INFO Gradient norm: 319.3646773754063
PROGRESS    Completed epoch 312 / 2000;    current loss: 67.6241683959961
INFO Gradient norm: 315.58223449153166
PROGRESS    Completed epoch 313 / 2000;    current loss: 66.21504211425781
INFO Gradient norm: 311.5685808076338
PROGRESS    Completed epoch 314 / 2000;    current loss: 64.8169174194336
INFO Gradient norm: 307.3306525793767
PROGRESS    Completed epoch 315 / 2000;    current loss: 63.4288330078125
INFO Gradient norm: 302.86505321130676
PROGRESS    Completed epoch 316 / 2000;    current loss: 62.05188751220703
INFO Gradient norm: 298.25531923034964
PROGRESS    Completed epoch 317 / 2000;    current loss: 60.68730163574219
INFO Gradient norm: 293.9124995894563
PROGRESS    Completed epoch 318 / 2000;    current loss: 59.33485794067383
INFO Gradient norm: 290.09189122252815
PROGRESS    Completed epoch 319 / 2000;    current loss: 58.01201248168945
INFO Gradient norm: 286.38745445256626
PROGRESS    Completed epoch 320 / 2000;    current loss: 56.702049255371094
INFO Gradient norm: 282.35093612510406
PROGRESS    Completed epoch 321 / 2000;    current loss: 55.40129852294922
INFO Gradient norm: 278.0408939431537
PROGRESS    Completed epoch 322 / 2000;    current loss: 54.10972595214844
INFO Gradient norm: 273.68208803390127
PROGRESS    Completed epoch 323 / 2000;    current loss: 52.840118408203125
INFO Gradient norm: 269.2560545814163
PROGRESS    Completed epoch 324 / 2000;    current loss: 51.59282684326172
INFO Gradient norm: 264.9005018061932
PROGRESS    Completed epoch 325 / 2000;    current loss: 50.35675811767578
INFO Gradient norm: 260.82702244073914
PROGRESS    Completed epoch 326 / 2000;    current loss: 49.131683349609375
INFO Gradient norm: 256.9903407635801
PROGRESS    Completed epoch 327 / 2000;    current loss: 47.91827392578125
INFO Gradient norm: 253.3143808806717
PROGRESS    Completed epoch 328 / 2000;    current loss: 46.73646545410156
INFO Gradient norm: 249.33918650838348
PROGRESS    Completed epoch 329 / 2000;    current loss: 45.56639099121094
INFO Gradient norm: 245.01720008731013
PROGRESS    Completed epoch 330 / 2000;    current loss: 44.404266357421875
INFO Gradient norm: 240.38823255462768
PROGRESS    Completed epoch 331 / 2000;    current loss: 43.25069808959961
INFO Gradient norm: 236.5318897573705
PROGRESS    Completed epoch 332 / 2000;    current loss: 42.14046096801758
INFO Gradient norm: 232.16655037227173
PROGRESS    Completed epoch 333 / 2000;    current loss: 41.03860092163086
INFO Gradient norm: 227.49811974619254
PROGRESS    Completed epoch 334 / 2000;    current loss: 39.946502685546875
INFO Gradient norm: 223.4036705323252
PROGRESS    Completed epoch 335 / 2000;    current loss: 38.86489486694336
INFO Gradient norm: 219.76162473684013
PROGRESS    Completed epoch 336 / 2000;    current loss: 37.793338775634766
INFO Gradient norm: 216.46945162730057
PROGRESS    Completed epoch 337 / 2000;    current loss: 36.73450469970703
INFO Gradient norm: 213.30946266045453
PROGRESS    Completed epoch 338 / 2000;    current loss: 35.710731506347656
INFO Gradient norm: 209.65696991607265
PROGRESS    Completed epoch 339 / 2000;    current loss: 34.69268798828125
INFO Gradient norm: 206.13932309164258
PROGRESS    Completed epoch 340 / 2000;    current loss: 33.70680236816406
INFO Gradient norm: 201.73421911599954
PROGRESS    Completed epoch 341 / 2000;    current loss: 32.72732925415039
INFO Gradient norm: 196.9615731464569
PROGRESS    Completed epoch 342 / 2000;    current loss: 31.756086349487305
INFO Gradient norm: 191.82370092089087
PROGRESS    Completed epoch 343 / 2000;    current loss: 30.795734405517578
INFO Gradient norm: 188.112861567467
PROGRESS    Completed epoch 344 / 2000;    current loss: 29.877948760986328
INFO Gradient norm: 185.11562876608357
PROGRESS    Completed epoch 345 / 2000;    current loss: 28.964275360107422
INFO Gradient norm: 181.5787197283995
PROGRESS    Completed epoch 346 / 2000;    current loss: 28.055652618408203
INFO Gradient norm: 177.73575749752104
PROGRESS    Completed epoch 347 / 2000;    current loss: 27.151763916015625
INFO Gradient norm: 174.48029029689997
PROGRESS    Completed epoch 348 / 2000;    current loss: 26.297441482543945
INFO Gradient norm: 170.39191805865568
PROGRESS    Completed epoch 349 / 2000;    current loss: 25.450820922851562
INFO Gradient norm: 165.88130714555356
PROGRESS    Completed epoch 350 / 2000;    current loss: 24.6099853515625
INFO Gradient norm: 162.50956153320908
PROGRESS    Completed epoch 351 / 2000;    current loss: 23.775712966918945
INFO Gradient norm: 160.01124761702883
PROGRESS    Completed epoch 352 / 2000;    current loss: 22.94696044921875
INFO Gradient norm: 157.7065713120985
PROGRESS    Completed epoch 353 / 2000;    current loss: 22.15485191345215
INFO Gradient norm: 155.3083924233364
PROGRESS    Completed epoch 354 / 2000;    current loss: 21.38300132751465
INFO Gradient norm: 151.7585342302334
PROGRESS    Completed epoch 355 / 2000;    current loss: 20.607894897460938
INFO Gradient norm: 147.53956763052702
PROGRESS    Completed epoch 356 / 2000;    current loss: 19.8331356048584
INFO Gradient norm: 144.0273018733728
PROGRESS    Completed epoch 357 / 2000;    current loss: 19.096593856811523
INFO Gradient norm: 140.27699640187524
PROGRESS    Completed epoch 358 / 2000;    current loss: 18.368423461914062
INFO Gradient norm: 138.12148462391826
PROGRESS    Completed epoch 359 / 2000;    current loss: 17.652938842773438
INFO Gradient norm: 135.88980677612355
PROGRESS    Completed epoch 360 / 2000;    current loss: 16.95184898376465
INFO Gradient norm: 133.21954775147336
PROGRESS    Completed epoch 361 / 2000;    current loss: 16.2645206451416
INFO Gradient norm: 130.134620253338
PROGRESS    Completed epoch 362 / 2000;    current loss: 15.58237075805664
INFO Gradient norm: 128.2706823670113
PROGRESS    Completed epoch 363 / 2000;    current loss: 14.934488296508789
INFO Gradient norm: 125.68510868361767
PROGRESS    Completed epoch 364 / 2000;    current loss: 14.280221939086914
INFO Gradient norm: 122.46560124614182
PROGRESS    Completed epoch 365 / 2000;    current loss: 13.624785423278809
INFO Gradient norm: 120.69715845043139
PROGRESS    Completed epoch 366 / 2000;    current loss: 12.997148513793945
INFO Gradient norm: 119.49160445412149
PROGRESS    Completed epoch 367 / 2000;    current loss: 12.385039329528809
INFO Gradient norm: 117.7263295307562
PROGRESS    Completed epoch 368 / 2000;    current loss: 11.773384094238281
INFO Gradient norm: 118.64433721045822
PROGRESS    Completed epoch 369 / 2000;    current loss: 11.210395812988281
INFO Gradient norm: 119.57527323316239
PROGRESS    Completed epoch 370 / 2000;    current loss: 10.648115158081055
INFO Gradient norm: 120.91895838505344
PROGRESS    Completed epoch 371 / 2000;    current loss: 10.083559036254883
INFO Gradient norm: 126.69205450000747
PROGRESS    Completed epoch 372 / 2000;    current loss: 9.589109420776367
INFO Gradient norm: 126.32157554910236
PROGRESS    Completed epoch 373 / 2000;    current loss: 9.103856086730957
INFO Gradient norm: 110.21437901609573
PROGRESS    Completed epoch 374 / 2000;    current loss: 8.624917984008789
INFO Gradient norm: 95.87555326005698
PROGRESS    Completed epoch 375 / 2000;    current loss: 8.20332145690918
INFO Gradient norm: 94.52451753833962
PROGRESS    Completed epoch 376 / 2000;    current loss: 7.862942695617676
INFO Gradient norm: 90.96218077913097
PROGRESS    Completed epoch 377 / 2000;    current loss: 7.501339912414551
INFO Gradient norm: 86.7284791998408
PROGRESS    Completed epoch 378 / 2000;    current loss: 7.122093200683594
INFO Gradient norm: 85.79163615058722
PROGRESS    Completed epoch 379 / 2000;    current loss: 6.736503601074219
INFO Gradient norm: 100.3360269032878
PROGRESS    Completed epoch 380 / 2000;    current loss: 6.404710292816162
INFO Gradient norm: 111.82119624259887
PROGRESS    Completed epoch 381 / 2000;    current loss: 6.103215217590332
INFO Gradient norm: 87.55921178772694
PROGRESS    Completed epoch 382 / 2000;    current loss: 5.762653827667236
INFO Gradient norm: 80.60011734445985
PROGRESS    Completed epoch 383 / 2000;    current loss: 5.447422981262207
INFO Gradient norm: 89.73854427435236
PROGRESS    Completed epoch 384 / 2000;    current loss: 5.155637264251709
INFO Gradient norm: 70.37589761007459
PROGRESS    Completed epoch 385 / 2000;    current loss: 4.90363073348999
INFO Gradient norm: 88.95795639028452
PROGRESS    Completed epoch 386 / 2000;    current loss: 4.686489582061768
INFO Gradient norm: 90.48535571648922
PROGRESS    Completed epoch 387 / 2000;    current loss: 4.477658748626709
INFO Gradient norm: 62.45277893899299
PROGRESS    Completed epoch 388 / 2000;    current loss: 4.25942850112915
INFO Gradient norm: 62.451173844711136
PROGRESS    Completed epoch 389 / 2000;    current loss: 4.034580230712891
INFO Gradient norm: 72.52253627732809
PROGRESS    Completed epoch 390 / 2000;    current loss: 3.824603796005249
INFO Gradient norm: 56.4236621174187
PROGRESS    Completed epoch 391 / 2000;    current loss: 3.660447359085083
INFO Gradient norm: 54.8505338757541
PROGRESS    Completed epoch 392 / 2000;    current loss: 3.5039782524108887
INFO Gradient norm: 70.15456342477732
PROGRESS    Completed epoch 393 / 2000;    current loss: 3.338186264038086
INFO Gradient norm: 51.960074793352966
PROGRESS    Completed epoch 394 / 2000;    current loss: 3.1869964599609375
INFO Gradient norm: 49.869034166278794
PROGRESS    Completed epoch 395 / 2000;    current loss: 3.0273756980895996
INFO Gradient norm: 72.96292745200233
PROGRESS    Completed epoch 396 / 2000;    current loss: 2.897448778152466
INFO Gradient norm: 56.371750721934745
PROGRESS    Completed epoch 397 / 2000;    current loss: 2.7882416248321533
INFO Gradient norm: 47.63553137214235
PROGRESS    Completed epoch 398 / 2000;    current loss: 2.684520959854126
INFO Gradient norm: 136.26905107113214
PROGRESS    Completed epoch 399 / 2000;    current loss: 2.598322868347168
INFO Gradient norm: 50.18968013792316
PROGRESS    Completed epoch 400 / 2000;    current loss: 2.468475341796875
INFO Gradient norm: 251.80556262804708
PROGRESS    Completed epoch 401 / 2000;    current loss: 2.4841833114624023
INFO Gradient norm: 236.6678122266801
PROGRESS    Completed epoch 402 / 2000;    current loss: 2.4074878692626953
INFO Gradient norm: 104.4992731609534
PROGRESS    Completed epoch 403 / 2000;    current loss: 2.281550884246826
INFO Gradient norm: 116.24050712647002
PROGRESS    Completed epoch 404 / 2000;    current loss: 2.2076282501220703
INFO Gradient norm: 199.86618278547792
PROGRESS    Completed epoch 405 / 2000;    current loss: 2.162452459335327
INFO Gradient norm: 165.55624794803447
PROGRESS    Completed epoch 406 / 2000;    current loss: 2.0898327827453613
INFO Gradient norm: 213.84309805827294
PROGRESS    Completed epoch 407 / 2000;    current loss: 2.030052423477173
INFO Gradient norm: 164.84862640172307
PROGRESS    Completed epoch 408 / 2000;    current loss: 1.944532871246338
INFO Gradient norm: 204.2252895380153
PROGRESS    Completed epoch 409 / 2000;    current loss: 1.9061373472213745
INFO Gradient norm: 109.94886695435868
PROGRESS    Completed epoch 410 / 2000;    current loss: 1.825199842453003
INFO Gradient norm: 320.20914523072753
PROGRESS    Completed epoch 411 / 2000;    current loss: 1.8530608415603638
INFO Gradient norm: 279.7345949955886
PROGRESS    Completed epoch 412 / 2000;    current loss: 1.783540964126587
INFO Gradient norm: 130.13419395441073
PROGRESS    Completed epoch 413 / 2000;    current loss: 1.6740931272506714
INFO Gradient norm: 119.99816685615869
PROGRESS    Completed epoch 414 / 2000;    current loss: 1.5972628593444824
INFO Gradient norm: 202.41730955136146
PROGRESS    Completed epoch 415 / 2000;    current loss: 1.5652778148651123
INFO Gradient norm: 211.56582715701248
PROGRESS    Completed epoch 416 / 2000;    current loss: 1.5334666967391968
INFO Gradient norm: 148.27664165546602
PROGRESS    Completed epoch 417 / 2000;    current loss: 1.4694924354553223
INFO Gradient norm: 59.41846988200583
PROGRESS    Completed epoch 418 / 2000;    current loss: 1.3977981805801392
INFO Gradient norm: 364.5347824458006
PROGRESS    Completed epoch 419 / 2000;    current loss: 1.4485745429992676
INFO Gradient norm: 227.96960565554394
PROGRESS    Completed epoch 420 / 2000;    current loss: 1.3541641235351562
INFO Gradient norm: 218.06464455629884
PROGRESS    Completed epoch 421 / 2000;    current loss: 1.3170758485794067
INFO Gradient norm: 212.24103449734238
PROGRESS    Completed epoch 422 / 2000;    current loss: 1.2677943706512451
INFO Gradient norm: 171.88085182954387
PROGRESS    Completed epoch 423 / 2000;    current loss: 1.1970897912979126
INFO Gradient norm: 153.4110436429344
PROGRESS    Completed epoch 424 / 2000;    current loss: 1.1308871507644653
INFO Gradient norm: 191.3969580411728
PROGRESS    Completed epoch 425 / 2000;    current loss: 1.0803053379058838
INFO Gradient norm: 183.19347655038558
PROGRESS    Completed epoch 426 / 2000;    current loss: 1.0415526628494263
INFO Gradient norm: 188.7503379409229
PROGRESS    Completed epoch 427 / 2000;    current loss: 1.0043593645095825
INFO Gradient norm: 149.22708510620382
PROGRESS    Completed epoch 428 / 2000;    current loss: 0.9526945948600769
INFO Gradient norm: 196.3036672287342
PROGRESS    Completed epoch 429 / 2000;    current loss: 0.9295991659164429
INFO Gradient norm: 132.87286302430513
PROGRESS    Completed epoch 430 / 2000;    current loss: 0.8607065677642822
INFO Gradient norm: 308.8928398459612
PROGRESS    Completed epoch 431 / 2000;    current loss: 0.8848698735237122
INFO Gradient norm: 298.0542174631221
PROGRESS    Completed epoch 432 / 2000;    current loss: 0.8423337340354919
INFO Gradient norm: 85.86679978479785
PROGRESS    Completed epoch 433 / 2000;    current loss: 0.7336753010749817
INFO Gradient norm: 54.90179002854212
PROGRESS    Completed epoch 434 / 2000;    current loss: 0.6956350207328796
INFO Gradient norm: 288.4340494936005
PROGRESS    Completed epoch 435 / 2000;    current loss: 0.7384161353111267
INFO Gradient norm: 199.9135366162733
PROGRESS    Completed epoch 436 / 2000;    current loss: 0.6688233613967896
INFO Gradient norm: 192.26719518954252
PROGRESS    Completed epoch 437 / 2000;    current loss: 0.6481993794441223
INFO Gradient norm: 160.97079501911605
PROGRESS    Completed epoch 438 / 2000;    current loss: 0.610339879989624
INFO Gradient norm: 208.09384469337502
PROGRESS    Completed epoch 439 / 2000;    current loss: 0.5993782877922058
INFO Gradient norm: 190.69715667223144
PROGRESS    Completed epoch 440 / 2000;    current loss: 0.572092592716217
INFO Gradient norm: 136.24475050291144
PROGRESS    Completed epoch 441 / 2000;    current loss: 0.5380668044090271
INFO Gradient norm: 94.92721020274931
PROGRESS    Completed epoch 442 / 2000;    current loss: 0.505730390548706
INFO Gradient norm: 272.6210689215855
PROGRESS    Completed epoch 443 / 2000;    current loss: 0.5533402562141418
INFO Gradient norm: 254.38105809873673
PROGRESS    Completed epoch 444 / 2000;    current loss: 0.5276044607162476
INFO Gradient norm: 70.85652946700765
PROGRESS    Completed epoch 445 / 2000;    current loss: 0.4480437934398651
INFO Gradient norm: 35.483950199403345
PROGRESS    Completed epoch 446 / 2000;    current loss: 0.42766323685646057
INFO Gradient norm: 298.9902062343154
PROGRESS    Completed epoch 447 / 2000;    current loss: 0.5110904574394226
INFO Gradient norm: 254.44718987954525
PROGRESS    Completed epoch 448 / 2000;    current loss: 0.4775311052799225
INFO Gradient norm: 75.6118408279579
PROGRESS    Completed epoch 449 / 2000;    current loss: 0.40530478954315186
INFO Gradient norm: 61.3859173747792
PROGRESS    Completed epoch 450 / 2000;    current loss: 0.3964586555957794
INFO Gradient norm: 240.19021102984945
PROGRESS    Completed epoch 451 / 2000;    current loss: 0.45416373014450073
INFO Gradient norm: 192.94510052427657
PROGRESS    Completed epoch 452 / 2000;    current loss: 0.42775624990463257
INFO Gradient norm: 117.1680999514729
PROGRESS    Completed epoch 453 / 2000;    current loss: 0.40061989426612854
INFO Gradient norm: 106.37185908485554
PROGRESS    Completed epoch 454 / 2000;    current loss: 0.39423859119415283
INFO Gradient norm: 175.46679073714364
PROGRESS    Completed epoch 455 / 2000;    current loss: 0.4133148193359375
INFO Gradient norm: 135.81364066607338
PROGRESS    Completed epoch 456 / 2000;    current loss: 0.39676299691200256
INFO Gradient norm: 150.7340961399097
PROGRESS    Completed epoch 457 / 2000;    current loss: 0.408564031124115
INFO Gradient norm: 136.37859771219658
PROGRESS    Completed epoch 458 / 2000;    current loss: 0.4003840982913971
INFO Gradient norm: 137.4456009817096
PROGRESS    Completed epoch 459 / 2000;    current loss: 0.39417755603790283
INFO Gradient norm: 106.24264123223979
PROGRESS    Completed epoch 460 / 2000;    current loss: 0.3837542235851288
INFO Gradient norm: 164.7253469985492
PROGRESS    Completed epoch 461 / 2000;    current loss: 0.413179486989975
INFO Gradient norm: 146.7215032502243
PROGRESS    Completed epoch 462 / 2000;    current loss: 0.40277352929115295
INFO Gradient norm: 125.9051977847433
PROGRESS    Completed epoch 463 / 2000;    current loss: 0.38807451725006104
INFO Gradient norm: 100.01496897855591
PROGRESS    Completed epoch 464 / 2000;    current loss: 0.3801279067993164
INFO Gradient norm: 164.20859458683063
PROGRESS    Completed epoch 465 / 2000;    current loss: 0.4114004075527191
INFO Gradient norm: 143.60067645428103
PROGRESS    Completed epoch 466 / 2000;    current loss: 0.39986103773117065
INFO Gradient norm: 130.75431181091463
PROGRESS    Completed epoch 467 / 2000;    current loss: 0.3885321021080017
INFO Gradient norm: 107.27900304338299
PROGRESS    Completed epoch 468 / 2000;    current loss: 0.3810668885707855
INFO Gradient norm: 156.14814079127868
PROGRESS    Completed epoch 469 / 2000;    current loss: 0.40599358081817627
INFO Gradient norm: 134.8048895020923
PROGRESS    Completed epoch 470 / 2000;    current loss: 0.3948589563369751
INFO Gradient norm: 141.04704787696733
PROGRESS    Completed epoch 471 / 2000;    current loss: 0.39143502712249756
INFO Gradient norm: 117.47562521273012
PROGRESS    Completed epoch 472 / 2000;    current loss: 0.3834775984287262
INFO Gradient norm: 146.9375829552943
PROGRESS    Completed epoch 473 / 2000;    current loss: 0.40058717131614685
INFO Gradient norm: 125.12545942171973
PROGRESS    Completed epoch 474 / 2000;    current loss: 0.39009302854537964
INFO Gradient norm: 153.60333722803043
PROGRESS    Completed epoch 475 / 2000;    current loss: 0.39590853452682495
INFO Gradient norm: 129.65353297142676
PROGRESS    Completed epoch 476 / 2000;    current loss: 0.38717278838157654
INFO Gradient norm: 139.39848924999168
PROGRESS    Completed epoch 477 / 2000;    current loss: 0.39652541279792786
INFO Gradient norm: 119.31708670510956
PROGRESS    Completed epoch 478 / 2000;    current loss: 0.38739025592803955
INFO Gradient norm: 158.72012159186565
PROGRESS    Completed epoch 479 / 2000;    current loss: 0.3977157771587372
INFO Gradient norm: 132.36126490498236
PROGRESS    Completed epoch 480 / 2000;    current loss: 0.38781896233558655
INFO Gradient norm: 138.61252743045898
PROGRESS    Completed epoch 481 / 2000;    current loss: 0.3958513140678406
INFO Gradient norm: 119.88190153893618
PROGRESS    Completed epoch 482 / 2000;    current loss: 0.38735371828079224
INFO Gradient norm: 155.96901376098904
PROGRESS    Completed epoch 483 / 2000;    current loss: 0.39633554220199585
INFO Gradient norm: 128.53490906654432
PROGRESS    Completed epoch 484 / 2000;    current loss: 0.3862124979496002
INFO Gradient norm: 141.6741543471333
PROGRESS    Completed epoch 485 / 2000;    current loss: 0.39706769585609436
INFO Gradient norm: 123.4770211944941
PROGRESS    Completed epoch 486 / 2000;    current loss: 0.38852348923683167
INFO Gradient norm: 150.15525402938098
PROGRESS    Completed epoch 487 / 2000;    current loss: 0.39374327659606934
INFO Gradient norm: 122.83695247905645
PROGRESS    Completed epoch 488 / 2000;    current loss: 0.3840216100215912
INFO Gradient norm: 145.2543675396706
PROGRESS    Completed epoch 489 / 2000;    current loss: 0.3986220359802246
INFO Gradient norm: 126.92990227977236
PROGRESS    Completed epoch 490 / 2000;    current loss: 0.3897464871406555
INFO Gradient norm: 145.13974633085272
PROGRESS    Completed epoch 491 / 2000;    current loss: 0.39153915643692017
INFO Gradient norm: 118.50898402841437
PROGRESS    Completed epoch 492 / 2000;    current loss: 0.38235652446746826
INFO Gradient norm: 147.29656259700914
PROGRESS    Completed epoch 493 / 2000;    current loss: 0.39941391348838806
INFO Gradient norm: 128.19536823922985
PROGRESS    Completed epoch 494 / 2000;    current loss: 0.3900390863418579
INFO Gradient norm: 144.05830705438208
PROGRESS    Completed epoch 495 / 2000;    current loss: 0.39092618227005005
INFO Gradient norm: 118.67015030977767
PROGRESS    Completed epoch 496 / 2000;    current loss: 0.38220152258872986
INFO Gradient norm: 146.16987626420905
PROGRESS    Completed epoch 497 / 2000;    current loss: 0.3986521363258362
INFO Gradient norm: 126.94767868437165
PROGRESS    Completed epoch 498 / 2000;    current loss: 0.3893076479434967
INFO Gradient norm: 145.10369037824475
PROGRESS    Completed epoch 499 / 2000;    current loss: 0.39110124111175537
INFO Gradient norm: 119.55317503391944
PROGRESS    Completed epoch 500 / 2000;    current loss: 0.38225147128105164
INFO Gradient norm: 144.9242343304606
PROGRESS    Completed epoch 501 / 2000;    current loss: 0.3978074789047241
INFO Gradient norm: 125.00016878235063
PROGRESS    Completed epoch 502 / 2000;    current loss: 0.3882758319377899
INFO Gradient norm: 148.57079585651516
PROGRESS    Completed epoch 503 / 2000;    current loss: 0.39229270815849304
INFO Gradient norm: 123.60378996788137
PROGRESS    Completed epoch 504 / 2000;    current loss: 0.383450984954834
INFO Gradient norm: 142.27715847382495
PROGRESS    Completed epoch 505 / 2000;    current loss: 0.3963153660297394
INFO Gradient norm: 123.04006228884234
PROGRESS    Completed epoch 506 / 2000;    current loss: 0.38726261258125305
INFO Gradient norm: 150.14217261465032
PROGRESS    Completed epoch 507 / 2000;    current loss: 0.39272892475128174
INFO Gradient norm: 124.12653235307171
PROGRESS    Completed epoch 508 / 2000;    current loss: 0.3834395706653595
INFO Gradient norm: 142.28224850376412
PROGRESS    Completed epoch 509 / 2000;    current loss: 0.396110475063324
INFO Gradient norm: 123.55516055931231
PROGRESS    Completed epoch 510 / 2000;    current loss: 0.38726964592933655
INFO Gradient norm: 148.33993853437596
PROGRESS    Completed epoch 511 / 2000;    current loss: 0.3918040990829468
INFO Gradient norm: 121.95767610227304
PROGRESS    Completed epoch 512 / 2000;    current loss: 0.382490873336792
INFO Gradient norm: 143.51428888087332
PROGRESS    Completed epoch 513 / 2000;    current loss: 0.3965226411819458
INFO Gradient norm: 124.96865882889401
PROGRESS    Completed epoch 514 / 2000;    current loss: 0.3876607418060303
INFO Gradient norm: 145.539398877882
PROGRESS    Completed epoch 515 / 2000;    current loss: 0.3905111253261566
INFO Gradient norm: 119.34304793728558
PROGRESS    Completed epoch 516 / 2000;    current loss: 0.3813841640949249
INFO Gradient norm: 144.06184750328478
PROGRESS    Completed epoch 517 / 2000;    current loss: 0.39660710096359253
INFO Gradient norm: 124.50989299797095
PROGRESS    Completed epoch 518 / 2000;    current loss: 0.38726934790611267
INFO Gradient norm: 147.48023241281527
PROGRESS    Completed epoch 519 / 2000;    current loss: 0.3911246955394745
INFO Gradient norm: 122.4161705062363
PROGRESS    Completed epoch 520 / 2000;    current loss: 0.3822886347770691
INFO Gradient norm: 142.23257571122718
PROGRESS    Completed epoch 521 / 2000;    current loss: 0.39552566409111023
INFO Gradient norm: 123.18740800219851
PROGRESS    Completed epoch 522 / 2000;    current loss: 0.3865426778793335
INFO Gradient norm: 148.51769619002752
PROGRESS    Completed epoch 523 / 2000;    current loss: 0.3913753628730774
INFO Gradient norm: 122.59943417015455
PROGRESS    Completed epoch 524 / 2000;    current loss: 0.38218703866004944
INFO Gradient norm: 142.3918069553494
PROGRESS    Completed epoch 525 / 2000;    current loss: 0.3954051434993744
INFO Gradient norm: 123.74464265520385
PROGRESS    Completed epoch 526 / 2000;    current loss: 0.3865813612937927
INFO Gradient norm: 146.8176188468336
PROGRESS    Completed epoch 527 / 2000;    current loss: 0.3904934227466583
INFO Gradient norm: 120.65383863459317
PROGRESS    Completed epoch 528 / 2000;    current loss: 0.38131392002105713
INFO Gradient norm: 143.3714276086314
PROGRESS    Completed epoch 529 / 2000;    current loss: 0.39568811655044556
INFO Gradient norm: 124.80757137074143
PROGRESS    Completed epoch 530 / 2000;    current loss: 0.3868045210838318
INFO Gradient norm: 144.4604642199058
PROGRESS    Completed epoch 531 / 2000;    current loss: 0.3893606960773468
INFO Gradient norm: 118.55686476472563
PROGRESS    Completed epoch 532 / 2000;    current loss: 0.38037100434303284
INFO Gradient norm: 144.0168832877386
PROGRESS    Completed epoch 533 / 2000;    current loss: 0.3958154320716858
INFO Gradient norm: 124.90795225490837
PROGRESS    Completed epoch 534 / 2000;    current loss: 0.3866317570209503
INFO Gradient norm: 144.6060765484261
PROGRESS    Completed epoch 535 / 2000;    current loss: 0.3892096281051636
INFO Gradient norm: 119.54209819115343
PROGRESS    Completed epoch 536 / 2000;    current loss: 0.3805108964443207
INFO Gradient norm: 142.78064669950095
PROGRESS    Completed epoch 537 / 2000;    current loss: 0.3950049877166748
INFO Gradient norm: 123.85445534777011
PROGRESS    Completed epoch 538 / 2000;    current loss: 0.3859859108924866
INFO Gradient norm: 145.30957327889456
PROGRESS    Completed epoch 539 / 2000;    current loss: 0.3892962634563446
INFO Gradient norm: 119.90039969911706
PROGRESS    Completed epoch 540 / 2000;    current loss: 0.3804205358028412
INFO Gradient norm: 142.23195807191598
PROGRESS    Completed epoch 541 / 2000;    current loss: 0.3945247232913971
INFO Gradient norm: 123.35284934009216
PROGRESS    Completed epoch 542 / 2000;    current loss: 0.385572224855423
INFO Gradient norm: 145.41938847706572
PROGRESS    Completed epoch 543 / 2000;    current loss: 0.389144629240036
INFO Gradient norm: 120.18497467843325
PROGRESS    Completed epoch 544 / 2000;    current loss: 0.38033297657966614
INFO Gradient norm: 141.5649965667538
PROGRESS    Completed epoch 545 / 2000;    current loss: 0.394023597240448
INFO Gradient norm: 122.8133610367126
PROGRESS    Completed epoch 546 / 2000;    current loss: 0.3851534128189087
INFO Gradient norm: 145.53179496719844
PROGRESS    Completed epoch 547 / 2000;    current loss: 0.38898324966430664
INFO Gradient norm: 120.14267497710323
PROGRESS    Completed epoch 548 / 2000;    current loss: 0.3800952732563019
INFO Gradient norm: 141.06891383667923
PROGRESS    Completed epoch 549 / 2000;    current loss: 0.3935835659503937
INFO Gradient norm: 122.06645787444529
PROGRESS    Completed epoch 550 / 2000;    current loss: 0.3846569359302521
INFO Gradient norm: 146.67385625887076
PROGRESS    Completed epoch 551 / 2000;    current loss: 0.389282763004303
INFO Gradient norm: 121.4549452019172
PROGRESS    Completed epoch 552 / 2000;    current loss: 0.3803761303424835
INFO Gradient norm: 140.4901909279341
PROGRESS    Completed epoch 553 / 2000;    current loss: 0.3931047022342682
INFO Gradient norm: 121.86010794711454
PROGRESS    Completed epoch 554 / 2000;    current loss: 0.3843904733657837
INFO Gradient norm: 146.2379484777213
PROGRESS    Completed epoch 555 / 2000;    current loss: 0.38892966508865356
INFO Gradient norm: 120.61294789194656
PROGRESS    Completed epoch 556 / 2000;    current loss: 0.3799164891242981
INFO Gradient norm: 140.95811069316738
PROGRESS    Completed epoch 557 / 2000;    current loss: 0.39315733313560486
INFO Gradient norm: 122.51779615357592
PROGRESS    Completed epoch 558 / 2000;    current loss: 0.38446077704429626
INFO Gradient norm: 144.49342948470624
PROGRESS    Completed epoch 559 / 2000;    current loss: 0.3880562484264374
INFO Gradient norm: 118.90065725428167
PROGRESS    Completed epoch 560 / 2000;    current loss: 0.3791351616382599
INFO Gradient norm: 141.4337146388061
PROGRESS    Completed epoch 561 / 2000;    current loss: 0.39321470260620117
INFO Gradient norm: 122.58708887214819
PROGRESS    Completed epoch 562 / 2000;    current loss: 0.384278804063797
INFO Gradient norm: 144.9291752079233
PROGRESS    Completed epoch 563 / 2000;    current loss: 0.388053297996521
INFO Gradient norm: 119.94831307725995
PROGRESS    Completed epoch 564 / 2000;    current loss: 0.3793332278728485
INFO Gradient norm: 140.79052036619726
PROGRESS    Completed epoch 565 / 2000;    current loss: 0.392700731754303
INFO Gradient norm: 122.14046925442779
PROGRESS    Completed epoch 566 / 2000;    current loss: 0.38389816880226135
INFO Gradient norm: 145.14367187929346
PROGRESS    Completed epoch 567 / 2000;    current loss: 0.38796135783195496
INFO Gradient norm: 119.81138870206276
PROGRESS    Completed epoch 568 / 2000;    current loss: 0.37907320261001587
INFO Gradient norm: 140.79444406806033
PROGRESS    Completed epoch 569 / 2000;    current loss: 0.39250448346138
INFO Gradient norm: 122.2610456336161
PROGRESS    Completed epoch 570 / 2000;    current loss: 0.38376691937446594
INFO Gradient norm: 144.1609343017491
PROGRESS    Completed epoch 571 / 2000;    current loss: 0.3874019980430603
INFO Gradient norm: 118.80957736681951
PROGRESS    Completed epoch 572 / 2000;    current loss: 0.3785380721092224
INFO Gradient norm: 140.94358818310474
PROGRESS    Completed epoch 573 / 2000;    current loss: 0.392398864030838
INFO Gradient norm: 122.46914784345448
PROGRESS    Completed epoch 574 / 2000;    current loss: 0.38368844985961914
INFO Gradient norm: 143.02189342022078
PROGRESS    Completed epoch 575 / 2000;    current loss: 0.38676217198371887
INFO Gradient norm: 118.19828303172199
PROGRESS    Completed epoch 576 / 2000;    current loss: 0.37815892696380615
INFO Gradient norm: 140.57187862472898
PROGRESS    Completed epoch 577 / 2000;    current loss: 0.39204666018486023
INFO Gradient norm: 121.88469643157362
PROGRESS    Completed epoch 578 / 2000;    current loss: 0.38323867321014404
INFO Gradient norm: 143.8776090912926
PROGRESS    Completed epoch 579 / 2000;    current loss: 0.3869047164916992
INFO Gradient norm: 118.9656806173501
PROGRESS    Completed epoch 580 / 2000;    current loss: 0.37821078300476074
INFO Gradient norm: 139.98720030599617
PROGRESS    Completed epoch 581 / 2000;    current loss: 0.39155903458595276
INFO Gradient norm: 121.46464537055024
PROGRESS    Completed epoch 582 / 2000;    current loss: 0.382868230342865
INFO Gradient norm: 143.71458973078992
PROGRESS    Completed epoch 583 / 2000;    current loss: 0.38664451241493225
INFO Gradient norm: 118.66655137933789
PROGRESS    Completed epoch 584 / 2000;    current loss: 0.3779250681400299
INFO Gradient norm: 139.73080688488938
PROGRESS    Completed epoch 585 / 2000;    current loss: 0.3912569284439087
INFO Gradient norm: 121.12032778873399
PROGRESS    Completed epoch 586 / 2000;    current loss: 0.38252848386764526
INFO Gradient norm: 144.08971034873224
PROGRESS    Completed epoch 587 / 2000;    current loss: 0.38662171363830566
INFO Gradient norm: 119.25933381337863
PROGRESS    Completed epoch 588 / 2000;    current loss: 0.3779297471046448
INFO Gradient norm: 139.3346067427813
PROGRESS    Completed epoch 589 / 2000;    current loss: 0.39086440205574036
INFO Gradient norm: 120.87279770594539
PROGRESS    Completed epoch 590 / 2000;    current loss: 0.38222503662109375
INFO Gradient norm: 143.97981885659954
PROGRESS    Completed epoch 591 / 2000;    current loss: 0.38640502095222473
INFO Gradient norm: 118.9122767231904
PROGRESS    Completed epoch 592 / 2000;    current loss: 0.3776431679725647
INFO Gradient norm: 139.34139866788087
PROGRESS    Completed epoch 593 / 2000;    current loss: 0.3907026946544647
INFO Gradient norm: 120.98013859848467
PROGRESS    Completed epoch 594 / 2000;    current loss: 0.3820837140083313
INFO Gradient norm: 143.06960009629114
PROGRESS    Completed epoch 595 / 2000;    current loss: 0.3858606815338135
INFO Gradient norm: 118.0418909646676
PROGRESS    Completed epoch 596 / 2000;    current loss: 0.3771550953388214
INFO Gradient norm: 139.32067780550878
PROGRESS    Completed epoch 597 / 2000;    current loss: 0.3905201852321625
INFO Gradient norm: 120.87821516070856
PROGRESS    Completed epoch 598 / 2000;    current loss: 0.3818633258342743
INFO Gradient norm: 143.12207880625772
PROGRESS    Completed epoch 599 / 2000;    current loss: 0.385701060295105
INFO Gradient norm: 118.398077083055
PROGRESS    Completed epoch 600 / 2000;    current loss: 0.3770853281021118
INFO Gradient norm: 139.01970565068027
PROGRESS    Completed epoch 601 / 2000;    current loss: 0.39015305042266846
INFO Gradient norm: 120.64445420864476
PROGRESS    Completed epoch 602 / 2000;    current loss: 0.38157135248184204
INFO Gradient norm: 143.01669016179497
PROGRESS    Completed epoch 603 / 2000;    current loss: 0.38548538088798523
INFO Gradient norm: 118.15031274801647
PROGRESS    Completed epoch 604 / 2000;    current loss: 0.3768254220485687
INFO Gradient norm: 138.92686390004022
PROGRESS    Completed epoch 605 / 2000;    current loss: 0.3899395167827606
INFO Gradient norm: 120.58508104583925
PROGRESS    Completed epoch 606 / 2000;    current loss: 0.38136354088783264
INFO Gradient norm: 142.3729951036901
PROGRESS    Completed epoch 607 / 2000;    current loss: 0.3850548565387726
INFO Gradient norm: 117.5436620360953
PROGRESS    Completed epoch 608 / 2000;    current loss: 0.37642747163772583
INFO Gradient norm: 138.78600466657278
PROGRESS    Completed epoch 609 / 2000;    current loss: 0.38970494270324707
INFO Gradient norm: 120.40879764317832
PROGRESS    Completed epoch 610 / 2000;    current loss: 0.3811027407646179
INFO Gradient norm: 142.4069318023542
PROGRESS    Completed epoch 611 / 2000;    current loss: 0.3848888576030731
INFO Gradient norm: 117.77868720969853
PROGRESS    Completed epoch 612 / 2000;    current loss: 0.37631937861442566
INFO Gradient norm: 138.50147115010702
PROGRESS    Completed epoch 613 / 2000;    current loss: 0.3893582224845886
INFO Gradient norm: 120.18845162635417
PROGRESS    Completed epoch 614 / 2000;    current loss: 0.3808050751686096
INFO Gradient norm: 142.33165739637312
PROGRESS    Completed epoch 615 / 2000;    current loss: 0.3846866488456726
INFO Gradient norm: 117.67566073757796
PROGRESS    Completed epoch 616 / 2000;    current loss: 0.3761030435562134
INFO Gradient norm: 138.26265676033378
PROGRESS    Completed epoch 617 / 2000;    current loss: 0.389068603515625
INFO Gradient norm: 119.97248445346446
PROGRESS    Completed epoch 618 / 2000;    current loss: 0.3805367946624756
INFO Gradient norm: 141.89268367737034
PROGRESS    Completed epoch 619 / 2000;    current loss: 0.38433173298835754
INFO Gradient norm: 117.23835880285958
PROGRESS    Completed epoch 620 / 2000;    current loss: 0.3757795989513397
INFO Gradient norm: 138.0081890253014
PROGRESS    Completed epoch 621 / 2000;    current loss: 0.3887515068054199
INFO Gradient norm: 119.74942171273545
PROGRESS    Completed epoch 622 / 2000;    current loss: 0.38025474548339844
INFO Gradient norm: 141.99982793255455
PROGRESS    Completed epoch 623 / 2000;    current loss: 0.38418862223625183
INFO Gradient norm: 117.47277162439902
PROGRESS    Completed epoch 624 / 2000;    current loss: 0.37565746903419495
INFO Gradient norm: 137.71385380911317
PROGRESS    Completed epoch 625 / 2000;    current loss: 0.3883204460144043
INFO Gradient norm: 95.22711085879897
PROGRESS    Completed epoch 626 / 2000;    current loss: 0.37156304717063904
INFO Gradient norm: 199.8946231739438
PROGRESS    Completed epoch 627 / 2000;    current loss: 0.4114339351654053
INFO Gradient norm: 190.89993381227728
PROGRESS    Completed epoch 628 / 2000;    current loss: 0.4077345132827759
INFO Gradient norm: 69.60374036388828
PROGRESS    Completed epoch 629 / 2000;    current loss: 0.3658848702907562
INFO Gradient norm: 42.52633294118504
PROGRESS    Completed epoch 630 / 2000;    current loss: 0.36127835512161255
INFO Gradient norm: 236.30906604338344
PROGRESS    Completed epoch 631 / 2000;    current loss: 0.4347710907459259
INFO Gradient norm: 204.68440727688332
PROGRESS    Completed epoch 632 / 2000;    current loss: 0.4176086485385895
INFO Gradient norm: 72.65164038738342
PROGRESS    Completed epoch 633 / 2000;    current loss: 0.3682139813899994
INFO Gradient norm: 61.349967880637436
PROGRESS    Completed epoch 634 / 2000;    current loss: 0.3657877445220947
INFO Gradient norm: 196.61208720156804
PROGRESS    Completed epoch 635 / 2000;    current loss: 0.41413167119026184
INFO Gradient norm: 157.0973385416178
PROGRESS    Completed epoch 636 / 2000;    current loss: 0.395461767911911
INFO Gradient norm: 111.87370701030089
PROGRESS    Completed epoch 637 / 2000;    current loss: 0.3813610374927521
INFO Gradient norm: 102.99227558092677
PROGRESS    Completed epoch 638 / 2000;    current loss: 0.3778322637081146
INFO Gradient norm: 143.57311011127973
PROGRESS    Completed epoch 639 / 2000;    current loss: 0.38970184326171875
INFO Gradient norm: 110.11284419757102
PROGRESS    Completed epoch 640 / 2000;    current loss: 0.3776480555534363
INFO Gradient norm: 139.39686265448418
PROGRESS    Completed epoch 641 / 2000;    current loss: 0.39456409215927124
INFO Gradient norm: 122.84523131573081
PROGRESS    Completed epoch 642 / 2000;    current loss: 0.3867974877357483
INFO Gradient norm: 127.63330863794768
PROGRESS    Completed epoch 643 / 2000;    current loss: 0.38494327664375305
INFO Gradient norm: 104.40371919943927
PROGRESS    Completed epoch 644 / 2000;    current loss: 0.3776504397392273
INFO Gradient norm: 140.1702987263669
PROGRESS    Completed epoch 645 / 2000;    current loss: 0.39662113785743713
INFO Gradient norm: 121.91524569979984
PROGRESS    Completed epoch 646 / 2000;    current loss: 0.3877980411052704
INFO Gradient norm: 130.66490236284176
PROGRESS    Completed epoch 647 / 2000;    current loss: 0.38744571805000305
INFO Gradient norm: 108.49086172632653
PROGRESS    Completed epoch 648 / 2000;    current loss: 0.3800361752510071
INFO Gradient norm: 136.39103390661958
PROGRESS    Completed epoch 649 / 2000;    current loss: 0.39546552300453186
INFO Gradient norm: 117.7043305807077
PROGRESS    Completed epoch 650 / 2000;    current loss: 0.38657987117767334
INFO Gradient norm: 135.8340321810391
PROGRESS    Completed epoch 651 / 2000;    current loss: 0.38996589183807373
INFO Gradient norm: 113.45219572110062
PROGRESS    Completed epoch 652 / 2000;    current loss: 0.3820215165615082
INFO Gradient norm: 132.42374402652126
PROGRESS    Completed epoch 653 / 2000;    current loss: 0.3936828076839447
INFO Gradient norm: 114.0083496310349
PROGRESS    Completed epoch 654 / 2000;    current loss: 0.3850776255130768
INFO Gradient norm: 139.34406931686172
PROGRESS    Completed epoch 655 / 2000;    current loss: 0.39138200879096985
INFO Gradient norm: 116.33195172082372
PROGRESS    Completed epoch 656 / 2000;    current loss: 0.3829297423362732
INFO Gradient norm: 130.0849070745848
PROGRESS    Completed epoch 657 / 2000;    current loss: 0.39239126443862915
INFO Gradient norm: 112.21207892918642
PROGRESS    Completed epoch 658 / 2000;    current loss: 0.3841439485549927
INFO Gradient norm: 140.2041734438073
PROGRESS    Completed epoch 659 / 2000;    current loss: 0.3915087878704071
INFO Gradient norm: 116.63191823729052
PROGRESS    Completed epoch 660 / 2000;    current loss: 0.38272368907928467
INFO Gradient norm: 129.55790060142374
PROGRESS    Completed epoch 661 / 2000;    current loss: 0.391854852437973
INFO Gradient norm: 112.08511799104846
PROGRESS    Completed epoch 662 / 2000;    current loss: 0.3837544620037079
INFO Gradient norm: 139.0703922037953
PROGRESS    Completed epoch 663 / 2000;    current loss: 0.3906847834587097
INFO Gradient norm: 115.3548888245978
PROGRESS    Completed epoch 664 / 2000;    current loss: 0.38191381096839905
INFO Gradient norm: 130.02290312855837
PROGRESS    Completed epoch 665 / 2000;    current loss: 0.3917189836502075
INFO Gradient norm: 112.71806374993469
PROGRESS    Completed epoch 666 / 2000;    current loss: 0.38364750146865845
INFO Gradient norm: 137.2145893420418
PROGRESS    Completed epoch 667 / 2000;    current loss: 0.3895656168460846
INFO Gradient norm: 113.56851930066169
PROGRESS    Completed epoch 668 / 2000;    current loss: 0.3808949887752533
INFO Gradient norm: 130.61284049031372
PROGRESS    Completed epoch 669 / 2000;    current loss: 0.391667902469635
INFO Gradient norm: 113.31713856403145
PROGRESS    Completed epoch 670 / 2000;    current loss: 0.38350874185562134
INFO Gradient norm: 135.58239005345033
PROGRESS    Completed epoch 671 / 2000;    current loss: 0.3885059952735901
INFO Gradient norm: 112.19733105630783
PROGRESS    Completed epoch 672 / 2000;    current loss: 0.3800080418586731
INFO Gradient norm: 130.79884681057237
PROGRESS    Completed epoch 673 / 2000;    current loss: 0.3914094567298889
INFO Gradient norm: 113.4188492557487
PROGRESS    Completed epoch 674 / 2000;    current loss: 0.3831937313079834
INFO Gradient norm: 134.6127966207951
PROGRESS    Completed epoch 675 / 2000;    current loss: 0.3877529799938202
INFO Gradient norm: 111.47270648470884
PROGRESS    Completed epoch 676 / 2000;    current loss: 0.3793829381465912
INFO Gradient norm: 130.47857758779085
PROGRESS    Completed epoch 677 / 2000;    current loss: 0.3909260034561157
INFO Gradient norm: 113.09213347214761
PROGRESS    Completed epoch 678 / 2000;    current loss: 0.38271453976631165
INFO Gradient norm: 134.17695764320956
PROGRESS    Completed epoch 679 / 2000;    current loss: 0.38721707463264465
INFO Gradient norm: 111.21114357776912
PROGRESS    Completed epoch 680 / 2000;    current loss: 0.3789181411266327
INFO Gradient norm: 129.8791445000786
PROGRESS    Completed epoch 681 / 2000;    current loss: 0.3903346359729767
INFO Gradient norm: 112.50111392191445
PROGRESS    Completed epoch 682 / 2000;    current loss: 0.3821469247341156
INFO Gradient norm: 134.01637777999167
PROGRESS    Completed epoch 683 / 2000;    current loss: 0.38681766390800476
INFO Gradient norm: 111.16385771774345
PROGRESS    Completed epoch 684 / 2000;    current loss: 0.37855541706085205
INFO Gradient norm: 129.18703185208602
PROGRESS    Completed epoch 685 / 2000;    current loss: 0.3897034525871277
INFO Gradient norm: 111.86906054114925
PROGRESS    Completed epoch 686 / 2000;    current loss: 0.3815820515155792
INFO Gradient norm: 133.80634981265422
PROGRESS    Completed epoch 687 / 2000;    current loss: 0.38642752170562744
INFO Gradient norm: 111.04100931088
PROGRESS    Completed epoch 688 / 2000;    current loss: 0.37819910049438477
INFO Gradient norm: 128.56424944063642
PROGRESS    Completed epoch 689 / 2000;    current loss: 0.3891310691833496
INFO Gradient norm: 111.32872213476617
PROGRESS    Completed epoch 690 / 2000;    current loss: 0.38107243180274963
INFO Gradient norm: 133.51421032575027
PROGRESS    Completed epoch 691 / 2000;    current loss: 0.38602742552757263
INFO Gradient norm: 110.76690216660785
PROGRESS    Completed epoch 692 / 2000;    current loss: 0.3778182864189148
INFO Gradient norm: 128.07159247337026
PROGRESS    Completed epoch 693 / 2000;    current loss: 0.38863226771354675
INFO Gradient norm: 110.91715632598462
PROGRESS    Completed epoch 694 / 2000;    current loss: 0.3806409239768982
INFO Gradient norm: 133.06346368904545
PROGRESS    Completed epoch 695 / 2000;    current loss: 0.385578453540802
INFO Gradient norm: 110.36721397257385
PROGRESS    Completed epoch 696 / 2000;    current loss: 0.37739098072052
INFO Gradient norm: 127.67897086594235
PROGRESS    Completed epoch 697 / 2000;    current loss: 0.3882259428501129
INFO Gradient norm: 110.60632341353643
PROGRESS    Completed epoch 698 / 2000;    current loss: 0.3802889883518219
INFO Gradient norm: 132.47917812822416
PROGRESS    Completed epoch 699 / 2000;    current loss: 0.38510367274284363
INFO Gradient norm: 109.87730210340901
PROGRESS    Completed epoch 700 / 2000;    current loss: 0.37695974111557007
INFO Gradient norm: 127.31885040459028
PROGRESS    Completed epoch 701 / 2000;    current loss: 0.38783785700798035
INFO Gradient norm: 110.30799715274892
PROGRESS    Completed epoch 702 / 2000;    current loss: 0.37991607189178467
INFO Gradient norm: 131.91770427894951
PROGRESS    Completed epoch 703 / 2000;    current loss: 0.38464635610580444
INFO Gradient norm: 109.41258860841087
PROGRESS    Completed epoch 704 / 2000;    current loss: 0.3765665590763092
INFO Gradient norm: 126.9579098113964
PROGRESS    Completed epoch 705 / 2000;    current loss: 0.38746199011802673
INFO Gradient norm: 109.99999982171988
PROGRESS    Completed epoch 706 / 2000;    current loss: 0.3795722723007202
INFO Gradient norm: 131.38608787576962
PROGRESS    Completed epoch 707 / 2000;    current loss: 0.3841972053050995
INFO Gradient norm: 108.98831047587375
PROGRESS    Completed epoch 708 / 2000;    current loss: 0.3761725425720215
INFO Gradient norm: 126.57733341254072
PROGRESS    Completed epoch 709 / 2000;    current loss: 0.3870842754840851
INFO Gradient norm: 109.66701161252853
PROGRESS    Completed epoch 710 / 2000;    current loss: 0.379217267036438
INFO Gradient norm: 130.89626845741049
PROGRESS    Completed epoch 711 / 2000;    current loss: 0.3838045597076416
INFO Gradient norm: 108.60201128266868
PROGRESS    Completed epoch 712 / 2000;    current loss: 0.37582483887672424
INFO Gradient norm: 126.13909015366728
PROGRESS    Completed epoch 713 / 2000;    current loss: 0.3866843581199646
INFO Gradient norm: 109.28859569377653
PROGRESS    Completed epoch 714 / 2000;    current loss: 0.3788696229457855
INFO Gradient norm: 130.45865536550576
PROGRESS    Completed epoch 715 / 2000;    current loss: 0.3834165334701538
INFO Gradient norm: 108.22956682749805
PROGRESS    Completed epoch 716 / 2000;    current loss: 0.3754793703556061
INFO Gradient norm: 125.70880429342125
PROGRESS    Completed epoch 717 / 2000;    current loss: 0.3862934112548828
INFO Gradient norm: 108.93563666109401
PROGRESS    Completed epoch 718 / 2000;    current loss: 0.3785228133201599
INFO Gradient norm: 130.00730334192835
PROGRESS    Completed epoch 719 / 2000;    current loss: 0.38305190205574036
INFO Gradient norm: 107.87162290036433
PROGRESS    Completed epoch 720 / 2000;    current loss: 0.37513887882232666
INFO Gradient norm: 125.29855082906612
PROGRESS    Completed epoch 721 / 2000;    current loss: 0.3859163522720337
INFO Gradient norm: 108.55389077960866
PROGRESS    Completed epoch 722 / 2000;    current loss: 0.37817254662513733
INFO Gradient norm: 129.56815990335505
PROGRESS    Completed epoch 723 / 2000;    current loss: 0.3826712965965271
INFO Gradient norm: 107.50098956709974
PROGRESS    Completed epoch 724 / 2000;    current loss: 0.37479573488235474
INFO Gradient norm: 124.85213784227939
PROGRESS    Completed epoch 725 / 2000;    current loss: 0.38552454113960266
INFO Gradient norm: 108.16913335980136
PROGRESS    Completed epoch 726 / 2000;    current loss: 0.37781965732574463
INFO Gradient norm: 129.12457424875143
PROGRESS    Completed epoch 727 / 2000;    current loss: 0.3823122978210449
INFO Gradient norm: 107.15381387876319
PROGRESS    Completed epoch 728 / 2000;    current loss: 0.3744683265686035
INFO Gradient norm: 124.44290565811755
PROGRESS    Completed epoch 729 / 2000;    current loss: 0.385160356760025
INFO Gradient norm: 107.82160443257648
PROGRESS    Completed epoch 730 / 2000;    current loss: 0.3775043487548828
INFO Gradient norm: 128.64978498828395
PROGRESS    Completed epoch 731 / 2000;    current loss: 0.38194337487220764
INFO Gradient norm: 106.77706157703108
PROGRESS    Completed epoch 732 / 2000;    current loss: 0.3741626739501953
INFO Gradient norm: 124.01701957486648
PROGRESS    Completed epoch 733 / 2000;    current loss: 0.3847905993461609
INFO Gradient norm: 107.46123560578685
PROGRESS    Completed epoch 734 / 2000;    current loss: 0.37714555859565735
INFO Gradient norm: 128.21215612298852
PROGRESS    Completed epoch 735 / 2000;    current loss: 0.3815808594226837
INFO Gradient norm: 106.42743062123752
PROGRESS    Completed epoch 736 / 2000;    current loss: 0.3738378882408142
INFO Gradient norm: 123.60138073744275
PROGRESS    Completed epoch 737 / 2000;    current loss: 0.38441789150238037
INFO Gradient norm: 107.11239252019942
PROGRESS    Completed epoch 738 / 2000;    current loss: 0.376822829246521
INFO Gradient norm: 127.74560668043827
PROGRESS    Completed epoch 739 / 2000;    current loss: 0.38123103976249695
INFO Gradient norm: 106.06669187422142
PROGRESS    Completed epoch 740 / 2000;    current loss: 0.37352249026298523
INFO Gradient norm: 123.19897075781589
PROGRESS    Completed epoch 741 / 2000;    current loss: 0.3840502202510834
INFO Gradient norm: 106.75429743675616
PROGRESS    Completed epoch 742 / 2000;    current loss: 0.3764967918395996
INFO Gradient norm: 127.30470360434603
PROGRESS    Completed epoch 743 / 2000;    current loss: 0.38087138533592224
INFO Gradient norm: 105.67552509475419
PROGRESS    Completed epoch 744 / 2000;    current loss: 0.37318456172943115
INFO Gradient norm: 122.79261757027744
PROGRESS    Completed epoch 745 / 2000;    current loss: 0.38369297981262207
INFO Gradient norm: 106.38999290161023
PROGRESS    Completed epoch 746 / 2000;    current loss: 0.3761698603630066
INFO Gradient norm: 126.85791211104983
PROGRESS    Completed epoch 747 / 2000;    current loss: 0.3805140256881714
INFO Gradient norm: 105.33898172882883
PROGRESS    Completed epoch 748 / 2000;    current loss: 0.37289249897003174
INFO Gradient norm: 122.37810220981237
PROGRESS    Completed epoch 749 / 2000;    current loss: 0.38333556056022644
INFO Gradient norm: 106.03760467868423
PROGRESS    Completed epoch 750 / 2000;    current loss: 0.3758556842803955
INFO Gradient norm: 126.40285525353161
PROGRESS    Completed epoch 751 / 2000;    current loss: 0.3801669180393219
INFO Gradient norm: 104.94955785363196
PROGRESS    Completed epoch 752 / 2000;    current loss: 0.3725678622722626
INFO Gradient norm: 121.9739361969103
PROGRESS    Completed epoch 753 / 2000;    current loss: 0.3829754889011383
INFO Gradient norm: 105.6984210775282
PROGRESS    Completed epoch 754 / 2000;    current loss: 0.3755324184894562
INFO Gradient norm: 125.96471117923016
PROGRESS    Completed epoch 755 / 2000;    current loss: 0.37982046604156494
INFO Gradient norm: 104.60476771879736
PROGRESS    Completed epoch 756 / 2000;    current loss: 0.372277170419693
INFO Gradient norm: 121.56684109360341
PROGRESS    Completed epoch 757 / 2000;    current loss: 0.38261866569519043
INFO Gradient norm: 105.3328649382633
PROGRESS    Completed epoch 758 / 2000;    current loss: 0.3751976191997528
INFO Gradient norm: 125.54145453871774
PROGRESS    Completed epoch 759 / 2000;    current loss: 0.37947118282318115
INFO Gradient norm: 104.27758423140833
PROGRESS    Completed epoch 760 / 2000;    current loss: 0.371975839138031
INFO Gradient norm: 121.12356855539814
PROGRESS    Completed epoch 761 / 2000;    current loss: 0.382245272397995
INFO Gradient norm: 104.97820639673107
PROGRESS    Completed epoch 762 / 2000;    current loss: 0.3748805522918701
INFO Gradient norm: 125.08426085163289
PROGRESS    Completed epoch 763 / 2000;    current loss: 0.379120409488678
INFO Gradient norm: 103.89567527344116
PROGRESS    Completed epoch 764 / 2000;    current loss: 0.37163683772087097
INFO Gradient norm: 120.73575320787351
PROGRESS    Completed epoch 765 / 2000;    current loss: 0.38189342617988586
INFO Gradient norm: 104.60787466909478
PROGRESS    Completed epoch 766 / 2000;    current loss: 0.3745502233505249
INFO Gradient norm: 124.64084505125984
PROGRESS    Completed epoch 767 / 2000;    current loss: 0.3787817358970642
INFO Gradient norm: 103.55513253206401
PROGRESS    Completed epoch 768 / 2000;    current loss: 0.3713265359401703
INFO Gradient norm: 120.3348970153866
PROGRESS    Completed epoch 769 / 2000;    current loss: 0.38154304027557373
INFO Gradient norm: 104.26536112967196
PROGRESS    Completed epoch 770 / 2000;    current loss: 0.37422606348991394
INFO Gradient norm: 124.20012834630674
PROGRESS    Completed epoch 771 / 2000;    current loss: 0.3784310817718506
INFO Gradient norm: 103.17007858710032
PROGRESS    Completed epoch 772 / 2000;    current loss: 0.37103259563446045
INFO Gradient norm: 119.9258231486053
PROGRESS    Completed epoch 773 / 2000;    current loss: 0.3811892867088318
INFO Gradient norm: 103.93461579157679
PROGRESS    Completed epoch 774 / 2000;    current loss: 0.3739284574985504
INFO Gradient norm: 123.74624440404219
PROGRESS    Completed epoch 775 / 2000;    current loss: 0.3780786097049713
INFO Gradient norm: 102.82264886420326
PROGRESS    Completed epoch 776 / 2000;    current loss: 0.3707326352596283
INFO Gradient norm: 119.50931376051467
PROGRESS    Completed epoch 777 / 2000;    current loss: 0.3808259069919586
INFO Gradient norm: 103.57428484577456
PROGRESS    Completed epoch 778 / 2000;    current loss: 0.3735998272895813
INFO Gradient norm: 123.30449130779321
PROGRESS    Completed epoch 779 / 2000;    current loss: 0.3777444362640381
INFO Gradient norm: 102.48550233986896
PROGRESS    Completed epoch 780 / 2000;    current loss: 0.3704209625720978
INFO Gradient norm: 118.34843866370696
PROGRESS    Completed epoch 781 / 2000;    current loss: 0.3801758289337158
INFO Gradient norm: 99.65628147073775
PROGRESS    Completed epoch 782 / 2000;    current loss: 0.3721671998500824
INFO Gradient norm: 131.49040841938282
PROGRESS    Completed epoch 783 / 2000;    current loss: 0.3814254403114319
INFO Gradient norm: 112.85566191404479
PROGRESS    Completed epoch 784 / 2000;    current loss: 0.3746350407600403
INFO Gradient norm: 110.4329941753643
PROGRESS    Completed epoch 785 / 2000;    current loss: 0.37718579173088074
INFO Gradient norm: 93.70570020088289
PROGRESS    Completed epoch 786 / 2000;    current loss: 0.3704969584941864
INFO Gradient norm: 136.47315209235884
PROGRESS    Completed epoch 787 / 2000;    current loss: 0.38409334421157837
INFO Gradient norm: 115.14150787048514
PROGRESS    Completed epoch 788 / 2000;    current loss: 0.37594303488731384
INFO Gradient norm: 110.37133276045627
PROGRESS    Completed epoch 789 / 2000;    current loss: 0.3775017261505127
INFO Gradient norm: 95.18750261963163
PROGRESS    Completed epoch 790 / 2000;    current loss: 0.3712954819202423
INFO Gradient norm: 132.60381160444769
PROGRESS    Completed epoch 791 / 2000;    current loss: 0.38276058435440063
INFO Gradient norm: 110.1207202866749
PROGRESS    Completed epoch 792 / 2000;    current loss: 0.37433695793151855
INFO Gradient norm: 114.61074265764982
PROGRESS    Completed epoch 793 / 2000;    current loss: 0.3795357942581177
INFO Gradient norm: 99.9631505427359
PROGRESS    Completed epoch 794 / 2000;    current loss: 0.37318676710128784
INFO Gradient norm: 125.74338902264672
PROGRESS    Completed epoch 795 / 2000;    current loss: 0.38006553053855896
INFO Gradient norm: 103.50986248302758
PROGRESS    Completed epoch 796 / 2000;    current loss: 0.3720903694629669
INFO Gradient norm: 118.97903247740734
PROGRESS    Completed epoch 797 / 2000;    current loss: 0.381579726934433
INFO Gradient norm: 104.02609709912079
PROGRESS    Completed epoch 798 / 2000;    current loss: 0.3747525215148926
INFO Gradient norm: 120.46901579057969
PROGRESS    Completed epoch 799 / 2000;    current loss: 0.3779524862766266
INFO Gradient norm: 99.12528525898793
PROGRESS    Completed epoch 800 / 2000;    current loss: 0.37055182456970215
INFO Gradient norm: 121.13013324860935
PROGRESS    Completed epoch 801 / 2000;    current loss: 0.38252487778663635
INFO Gradient norm: 105.64473479105797
PROGRESS    Completed epoch 802 / 2000;    current loss: 0.37529921531677246
INFO Gradient norm: 118.35400316883872
PROGRESS    Completed epoch 803 / 2000;    current loss: 0.3770093023777008
INFO Gradient norm: 97.87000476504913
PROGRESS    Completed epoch 804 / 2000;    current loss: 0.3699771463871002
INFO Gradient norm: 120.89953802647969
PROGRESS    Completed epoch 805 / 2000;    current loss: 0.38226205110549927
INFO Gradient norm: 105.00618459018098
PROGRESS    Completed epoch 806 / 2000;    current loss: 0.3748531639575958
INFO Gradient norm: 118.73242493086303
PROGRESS    Completed epoch 807 / 2000;    current loss: 0.3769650459289551
INFO Gradient norm: 98.69417132371247
PROGRESS    Completed epoch 808 / 2000;    current loss: 0.3700505495071411
INFO Gradient norm: 119.32660524991714
PROGRESS    Completed epoch 809 / 2000;    current loss: 0.38131147623062134
INFO Gradient norm: 103.32892074832714
PROGRESS    Completed epoch 810 / 2000;    current loss: 0.37397727370262146
INFO Gradient norm: 120.02155748833663
PROGRESS    Completed epoch 811 / 2000;    current loss: 0.37726789712905884
INFO Gradient norm: 100.04662922168328
PROGRESS    Completed epoch 812 / 2000;    current loss: 0.37025099992752075
INFO Gradient norm: 117.59978046635867
PROGRESS    Completed epoch 813 / 2000;    current loss: 0.3803003132343292
INFO Gradient norm: 101.74339494682069
PROGRESS    Completed epoch 814 / 2000;    current loss: 0.3731344938278198
INFO Gradient norm: 120.93957891568031
PROGRESS    Completed epoch 815 / 2000;    current loss: 0.3774093687534332
INFO Gradient norm: 100.80871296801604
PROGRESS    Completed epoch 816 / 2000;    current loss: 0.3702883720397949
INFO Gradient norm: 116.44000820588437
PROGRESS    Completed epoch 817 / 2000;    current loss: 0.37958183884620667
INFO Gradient norm: 100.80224477975197
PROGRESS    Completed epoch 818 / 2000;    current loss: 0.3725587725639343
INFO Gradient norm: 120.97383713669242
PROGRESS    Completed epoch 819 / 2000;    current loss: 0.37721067667007446
INFO Gradient norm: 100.71571058022418
PROGRESS    Completed epoch 820 / 2000;    current loss: 0.3700433075428009
INFO Gradient norm: 115.94921922836913
PROGRESS    Completed epoch 821 / 2000;    current loss: 0.3791630268096924
INFO Gradient norm: 100.4865513610231
PROGRESS    Completed epoch 822 / 2000;    current loss: 0.37223729491233826
INFO Gradient norm: 120.28107371296655
PROGRESS    Completed epoch 823 / 2000;    current loss: 0.3767618238925934
INFO Gradient norm: 100.00629656110581
PROGRESS    Completed epoch 824 / 2000;    current loss: 0.36960744857788086
INFO Gradient norm: 115.82083428031476
PROGRESS    Completed epoch 825 / 2000;    current loss: 0.3789367079734802
INFO Gradient norm: 100.47673174061308
PROGRESS    Completed epoch 826 / 2000;    current loss: 0.3720261752605438
INFO Gradient norm: 119.31705981413435
PROGRESS    Completed epoch 827 / 2000;    current loss: 0.3761969804763794
INFO Gradient norm: 99.13427707850559
PROGRESS    Completed epoch 828 / 2000;    current loss: 0.3690919578075409
INFO Gradient norm: 115.7767633027309
PROGRESS    Completed epoch 829 / 2000;    current loss: 0.3787519931793213
INFO Gradient norm: 100.46649096053875
PROGRESS    Completed epoch 830 / 2000;    current loss: 0.37184810638427734
INFO Gradient norm: 118.45127975910614
PROGRESS    Completed epoch 831 / 2000;    current loss: 0.37567007541656494
INFO Gradient norm: 98.43230062519498
PROGRESS    Completed epoch 832 / 2000;    current loss: 0.36867889761924744
INFO Gradient norm: 115.55826613464309
PROGRESS    Completed epoch 833 / 2000;    current loss: 0.3784908950328827
INFO Gradient norm: 100.275047152481
PROGRESS    Completed epoch 834 / 2000;    current loss: 0.3715994656085968
INFO Gradient norm: 117.81995927750455
PROGRESS    Completed epoch 835 / 2000;    current loss: 0.37524062395095825
INFO Gradient norm: 97.95738664992105
PROGRESS    Completed epoch 836 / 2000;    current loss: 0.36830782890319824
INFO Gradient norm: 115.15807257625212
PROGRESS    Completed epoch 837 / 2000;    current loss: 0.37813031673431396
INFO Gradient norm: 99.88275710629289
PROGRESS    Completed epoch 838 / 2000;    current loss: 0.3712505102157593
INFO Gradient norm: 117.4187108401061
PROGRESS    Completed epoch 839 / 2000;    current loss: 0.3749026656150818
INFO Gradient norm: 97.67164353385067
PROGRESS    Completed epoch 840 / 2000;    current loss: 0.3680195212364197
INFO Gradient norm: 114.64426920778742
PROGRESS    Completed epoch 841 / 2000;    current loss: 0.3777084946632385
INFO Gradient norm: 99.44777684342809
PROGRESS    Completed epoch 842 / 2000;    current loss: 0.3708994388580322
INFO Gradient norm: 117.0754916353785
PROGRESS    Completed epoch 843 / 2000;    current loss: 0.37460124492645264
INFO Gradient norm: 97.40956773296942
PROGRESS    Completed epoch 844 / 2000;    current loss: 0.3677293658256531
INFO Gradient norm: 114.13264793184862
PROGRESS    Completed epoch 845 / 2000;    current loss: 0.37730416655540466
INFO Gradient norm: 98.97125498506722
PROGRESS    Completed epoch 846 / 2000;    current loss: 0.3705138862133026
INFO Gradient norm: 116.7127091508048
PROGRESS    Completed epoch 847 / 2000;    current loss: 0.37426626682281494
INFO Gradient norm: 97.11409937158301
PROGRESS    Completed epoch 848 / 2000;    current loss: 0.36744165420532227
INFO Gradient norm: 113.64877620428652
PROGRESS    Completed epoch 849 / 2000;    current loss: 0.37692275643348694
INFO Gradient norm: 98.55194857071835
PROGRESS    Completed epoch 850 / 2000;    current loss: 0.3701528310775757
INFO Gradient norm: 116.28029128205252
PROGRESS    Completed epoch 851 / 2000;    current loss: 0.3739220201969147
INFO Gradient norm: 96.77243496117619
PROGRESS    Completed epoch 852 / 2000;    current loss: 0.36712130904197693
INFO Gradient norm: 113.22278376960755
PROGRESS    Completed epoch 853 / 2000;    current loss: 0.37654557824134827
INFO Gradient norm: 98.19316089562335
PROGRESS    Completed epoch 854 / 2000;    current loss: 0.3698312044143677
INFO Gradient norm: 115.79512264093435
PROGRESS    Completed epoch 855 / 2000;    current loss: 0.37355005741119385
INFO Gradient norm: 96.35755543699142
PROGRESS    Completed epoch 856 / 2000;    current loss: 0.36679235100746155
INFO Gradient norm: 112.81737036415294
PROGRESS    Completed epoch 857 / 2000;    current loss: 0.376181423664093
INFO Gradient norm: 97.87376805598414
PROGRESS    Completed epoch 858 / 2000;    current loss: 0.3695283532142639
INFO Gradient norm: 115.3046473103164
PROGRESS    Completed epoch 859 / 2000;    current loss: 0.3731856346130371
INFO Gradient norm: 95.94999428915374
PROGRESS    Completed epoch 860 / 2000;    current loss: 0.36646127700805664
INFO Gradient norm: 112.4051733925103
PROGRESS    Completed epoch 861 / 2000;    current loss: 0.3758423626422882
INFO Gradient norm: 97.52759570741546
PROGRESS    Completed epoch 862 / 2000;    current loss: 0.36921823024749756
INFO Gradient norm: 114.81060429576931
PROGRESS    Completed epoch 863 / 2000;    current loss: 0.37282174825668335
INFO Gradient norm: 95.53311731203324
PROGRESS    Completed epoch 864 / 2000;    current loss: 0.3661521077156067
INFO Gradient norm: 112.00453591320593
PROGRESS    Completed epoch 865 / 2000;    current loss: 0.37548160552978516
INFO Gradient norm: 97.16238981737895
PROGRESS    Completed epoch 866 / 2000;    current loss: 0.36887651681900024
INFO Gradient norm: 114.34062825860724
PROGRESS    Completed epoch 867 / 2000;    current loss: 0.3724648356437683
INFO Gradient norm: 95.1516068324324
PROGRESS    Completed epoch 868 / 2000;    current loss: 0.365807443857193
INFO Gradient norm: 111.58464772043378
PROGRESS    Completed epoch 869 / 2000;    current loss: 0.3751106262207031
INFO Gradient norm: 96.80690516857726
PROGRESS    Completed epoch 870 / 2000;    current loss: 0.36854466795921326
INFO Gradient norm: 113.89352383222321
PROGRESS    Completed epoch 871 / 2000;    current loss: 0.3721097409725189
INFO Gradient norm: 94.7915481418556
PROGRESS    Completed epoch 872 / 2000;    current loss: 0.365518182516098
INFO Gradient norm: 111.14497639145729
PROGRESS    Completed epoch 873 / 2000;    current loss: 0.3747365176677704
INFO Gradient norm: 96.41422277829379
PROGRESS    Completed epoch 874 / 2000;    current loss: 0.3682200610637665
INFO Gradient norm: 113.44195383364904
PROGRESS    Completed epoch 875 / 2000;    current loss: 0.3717746138572693
INFO Gradient norm: 94.4423603349051
PROGRESS    Completed epoch 876 / 2000;    current loss: 0.36519378423690796
INFO Gradient norm: 110.70726268196329
PROGRESS    Completed epoch 877 / 2000;    current loss: 0.37436777353286743
INFO Gradient norm: 96.04376806852831
PROGRESS    Completed epoch 878 / 2000;    current loss: 0.3678784966468811
INFO Gradient norm: 112.99679749315023
PROGRESS    Completed epoch 879 / 2000;    current loss: 0.37141215801239014
INFO Gradient norm: 94.08267510216713
PROGRESS    Completed epoch 880 / 2000;    current loss: 0.3648814558982849
INFO Gradient norm: 110.27771231973395
PROGRESS    Completed epoch 881 / 2000;    current loss: 0.37399762868881226
INFO Gradient norm: 95.6691032404011
PROGRESS    Completed epoch 882 / 2000;    current loss: 0.36754924058914185
INFO Gradient norm: 112.53440067618332
PROGRESS    Completed epoch 883 / 2000;    current loss: 0.3710651397705078
INFO Gradient norm: 93.70482566256891
PROGRESS    Completed epoch 884 / 2000;    current loss: 0.36456748843193054
INFO Gradient norm: 109.837909949716
PROGRESS    Completed epoch 885 / 2000;    current loss: 0.3736293911933899
INFO Gradient norm: 95.31374463391192
PROGRESS    Completed epoch 886 / 2000;    current loss: 0.36723390221595764
INFO Gradient norm: 112.06856658345622
PROGRESS    Completed epoch 887 / 2000;    current loss: 0.37070542573928833
INFO Gradient norm: 93.34055559333036
PROGRESS    Completed epoch 888 / 2000;    current loss: 0.36424389481544495
INFO Gradient norm: 109.41664672280585
PROGRESS    Completed epoch 889 / 2000;    current loss: 0.3732651472091675
INFO Gradient norm: 94.92379051519428
PROGRESS    Completed epoch 890 / 2000;    current loss: 0.3668725788593292
INFO Gradient norm: 111.63116586268433
PROGRESS    Completed epoch 891 / 2000;    current loss: 0.3703550100326538
INFO Gradient norm: 92.9644231838646
PROGRESS    Completed epoch 892 / 2000;    current loss: 0.3639217019081116
INFO Gradient norm: 109.00225111508631
PROGRESS    Completed epoch 893 / 2000;    current loss: 0.37291842699050903
INFO Gradient norm: 94.54591301767212
PROGRESS    Completed epoch 894 / 2000;    current loss: 0.36655011773109436
INFO Gradient norm: 111.15658876340504
PROGRESS    Completed epoch 895 / 2000;    current loss: 0.36998969316482544
INFO Gradient norm: 92.60733482247346
PROGRESS    Completed epoch 896 / 2000;    current loss: 0.36362364888191223
INFO Gradient norm: 108.11384789433696
PROGRESS    Completed epoch 897 / 2000;    current loss: 0.3723571300506592
INFO Gradient norm: 91.10633889851803
PROGRESS    Completed epoch 898 / 2000;    current loss: 0.3652929663658142
INFO Gradient norm: 117.56102659659417
PROGRESS    Completed epoch 899 / 2000;    current loss: 0.37279021739959717
INFO Gradient norm: 101.30945074923666
PROGRESS    Completed epoch 900 / 2000;    current loss: 0.3670417070388794
INFO Gradient norm: 100.20025943219477
PROGRESS    Completed epoch 901 / 2000;    current loss: 0.36945807933807373
INFO Gradient norm: 84.99396405636534
PROGRESS    Completed epoch 902 / 2000;    current loss: 0.3635745644569397
INFO Gradient norm: 122.59702282732067
PROGRESS    Completed epoch 903 / 2000;    current loss: 0.3753431737422943
INFO Gradient norm: 103.80033489124732
PROGRESS    Completed epoch 904 / 2000;    current loss: 0.3683535158634186
INFO Gradient norm: 99.79691024954542
PROGRESS    Completed epoch 905 / 2000;    current loss: 0.36962026357650757
INFO Gradient norm: 86.16114185621288
PROGRESS    Completed epoch 906 / 2000;    current loss: 0.3642537593841553
INFO Gradient norm: 119.12899058694175
PROGRESS    Completed epoch 907 / 2000;    current loss: 0.3742161691188812
INFO Gradient norm: 99.15239460686401
PROGRESS    Completed epoch 908 / 2000;    current loss: 0.36693745851516724
INFO Gradient norm: 103.733740290333
PROGRESS    Completed epoch 909 / 2000;    current loss: 0.3714357018470764
INFO Gradient norm: 90.61944837860878
PROGRESS    Completed epoch 910 / 2000;    current loss: 0.3659845292568207
INFO Gradient norm: 112.71443952861401
PROGRESS    Completed epoch 911 / 2000;    current loss: 0.37179943919181824
INFO Gradient norm: 93.05489750740475
PROGRESS    Completed epoch 912 / 2000;    current loss: 0.36494746804237366
INFO Gradient norm: 107.74247712594045
PROGRESS    Completed epoch 913 / 2000;    current loss: 0.37324395775794983
INFO Gradient norm: 94.30069955237032
PROGRESS    Completed epoch 914 / 2000;    current loss: 0.36735978722572327
INFO Gradient norm: 108.01562947535267
PROGRESS    Completed epoch 915 / 2000;    current loss: 0.3699721395969391
INFO Gradient norm: 89.25814154749152
PROGRESS    Completed epoch 916 / 2000;    current loss: 0.36366820335388184
INFO Gradient norm: 109.44221455058164
PROGRESS    Completed epoch 917 / 2000;    current loss: 0.37395966053009033
INFO Gradient norm: 95.42761054643984
PROGRESS    Completed epoch 918 / 2000;    current loss: 0.36770549416542053
INFO Gradient norm: 106.57203650010943
PROGRESS    Completed epoch 919 / 2000;    current loss: 0.3693322241306305
INFO Gradient norm: 88.59432291517155
PROGRESS    Completed epoch 920 / 2000;    current loss: 0.36330345273017883
INFO Gradient norm: 108.7948677768251
PROGRESS    Completed epoch 921 / 2000;    current loss: 0.3735171854496002
INFO Gradient norm: 94.40737849647776
PROGRESS    Completed epoch 922 / 2000;    current loss: 0.367144376039505
INFO Gradient norm: 107.39927172555197
PROGRESS    Completed epoch 923 / 2000;    current loss: 0.3694876432418823
INFO Gradient norm: 89.78820330701078
PROGRESS    Completed epoch 924 / 2000;    current loss: 0.363486111164093
INFO Gradient norm: 107.00395728607006
PROGRESS    Completed epoch 925 / 2000;    current loss: 0.3725384771823883
INFO Gradient norm: 92.58767829701449
PROGRESS    Completed epoch 926 / 2000;    current loss: 0.3662365674972534
INFO Gradient norm: 108.74413579852317
PROGRESS    Completed epoch 927 / 2000;    current loss: 0.369801789522171
INFO Gradient norm: 91.1294914266297
PROGRESS    Completed epoch 928 / 2000;    current loss: 0.36372336745262146
INFO Gradient norm: 105.36916574247347
PROGRESS    Completed epoch 929 / 2000;    current loss: 0.37162721157073975
INFO Gradient norm: 91.14636009211745
PROGRESS    Completed epoch 930 / 2000;    current loss: 0.3654903471469879
INFO Gradient norm: 109.39876750559615
PROGRESS    Completed epoch 931 / 2000;    current loss: 0.3698577880859375
INFO Gradient norm: 91.56641955309652
PROGRESS    Completed epoch 932 / 2000;    current loss: 0.36367398500442505
INFO Gradient norm: 104.47242731083458
PROGRESS    Completed epoch 933 / 2000;    current loss: 0.37104618549346924
INFO Gradient norm: 90.50309546140102
PROGRESS    Completed epoch 934 / 2000;    current loss: 0.36506780982017517
INFO Gradient norm: 109.06642968575093
PROGRESS    Completed epoch 935 / 2000;    current loss: 0.36955252289772034
INFO Gradient norm: 91.11609565282438
PROGRESS    Completed epoch 936 / 2000;    current loss: 0.3633393943309784
INFO Gradient norm: 104.25758025551383
PROGRESS    Completed epoch 937 / 2000;    current loss: 0.37080177664756775
INFO Gradient norm: 90.46667642613495
PROGRESS    Completed epoch 938 / 2000;    current loss: 0.36489176750183105
INFO Gradient norm: 108.09604279951934
PROGRESS    Completed epoch 939 / 2000;    current loss: 0.3690236508846283
INFO Gradient norm: 90.19833949445677
PROGRESS    Completed epoch 940 / 2000;    current loss: 0.36285197734832764
INFO Gradient norm: 104.2802575774399
PROGRESS    Completed epoch 941 / 2000;    current loss: 0.37064674496650696
INFO Gradient norm: 90.54123998562345
PROGRESS    Completed epoch 942 / 2000;    current loss: 0.36473506689071655
INFO Gradient norm: 107.11438498533064
PROGRESS    Completed epoch 943 / 2000;    current loss: 0.3684796392917633
INFO Gradient norm: 89.34006398525328
PROGRESS    Completed epoch 944 / 2000;    current loss: 0.3623937666416168
INFO Gradient norm: 104.18422262063176
PROGRESS    Completed epoch 945 / 2000;    current loss: 0.37043872475624084
INFO Gradient norm: 90.42295203395946
PROGRESS    Completed epoch 946 / 2000;    current loss: 0.36450037360191345
INFO Gradient norm: 106.40264112140471
PROGRESS    Completed epoch 947 / 2000;    current loss: 0.36803704500198364
INFO Gradient norm: 88.82355502770542
PROGRESS    Completed epoch 948 / 2000;    current loss: 0.36203935742378235
INFO Gradient norm: 103.81428793244578
PROGRESS    Completed epoch 949 / 2000;    current loss: 0.3701079785823822
INFO Gradient norm: 90.08263150784101
PROGRESS    Completed epoch 950 / 2000;    current loss: 0.36419758200645447
INFO Gradient norm: 105.9800772643721
PROGRESS    Completed epoch 951 / 2000;    current loss: 0.3677056133747101
INFO Gradient norm: 88.54331647048042
PROGRESS    Completed epoch 952 / 2000;    current loss: 0.36176401376724243
INFO Gradient norm: 103.29637934009564
PROGRESS    Completed epoch 953 / 2000;    current loss: 0.3697100877761841
INFO Gradient norm: 89.59055960254594
PROGRESS    Completed epoch 954 / 2000;    current loss: 0.363823264837265
INFO Gradient norm: 105.69980235709063
PROGRESS    Completed epoch 955 / 2000;    current loss: 0.3674357533454895
INFO Gradient norm: 88.34759022093736
PROGRESS    Completed epoch 956 / 2000;    current loss: 0.36150163412094116
INFO Gradient norm: 102.75642113466503
PROGRESS    Completed epoch 957 / 2000;    current loss: 0.36929619312286377
INFO Gradient norm: 89.10815727193467
PROGRESS    Completed epoch 958 / 2000;    current loss: 0.36345675587654114
INFO Gradient norm: 105.38924819435691
PROGRESS    Completed epoch 959 / 2000;    current loss: 0.367137610912323
INFO Gradient norm: 88.09166407176455
PROGRESS    Completed epoch 960 / 2000;    current loss: 0.3612235188484192
INFO Gradient norm: 102.24739125869694
PROGRESS    Completed epoch 961 / 2000;    current loss: 0.36892178654670715
INFO Gradient norm: 88.68928714306891
PROGRESS    Completed epoch 962 / 2000;    current loss: 0.3631262183189392
INFO Gradient norm: 104.97556608995879
PROGRESS    Completed epoch 963 / 2000;    current loss: 0.36680713295936584
INFO Gradient norm: 87.74943056194272
PROGRESS    Completed epoch 964 / 2000;    current loss: 0.360930472612381
INFO Gradient norm: 101.82083179915307
PROGRESS    Completed epoch 965 / 2000;    current loss: 0.368548721075058
INFO Gradient norm: 88.3443117060009
PROGRESS    Completed epoch 966 / 2000;    current loss: 0.36280298233032227
INFO Gradient norm: 104.4803255594689
PROGRESS    Completed epoch 967 / 2000;    current loss: 0.3664446175098419
INFO Gradient norm: 87.31517436508729
PROGRESS    Completed epoch 968 / 2000;    current loss: 0.3605940043926239
INFO Gradient norm: 101.45519753330223
PROGRESS    Completed epoch 969 / 2000;    current loss: 0.36821773648262024
INFO Gradient norm: 88.03264276841531
PROGRESS    Completed epoch 970 / 2000;    current loss: 0.3624965250492096
INFO Gradient norm: 103.96722263841431
PROGRESS    Completed epoch 971 / 2000;    current loss: 0.3660849928855896
INFO Gradient norm: 86.88775676998199
PROGRESS    Completed epoch 972 / 2000;    current loss: 0.3602793216705322
INFO Gradient norm: 101.06581829416595
PROGRESS    Completed epoch 973 / 2000;    current loss: 0.3678886890411377
INFO Gradient norm: 87.70538083538123
PROGRESS    Completed epoch 974 / 2000;    current loss: 0.3621980845928192
INFO Gradient norm: 103.47129609347016
PROGRESS    Completed epoch 975 / 2000;    current loss: 0.36572617292404175
INFO Gradient norm: 86.50190164805456
PROGRESS    Completed epoch 976 / 2000;    current loss: 0.3599695563316345
INFO Gradient norm: 100.66000744890297
PROGRESS    Completed epoch 977 / 2000;    current loss: 0.36754506826400757
INFO Gradient norm: 87.33650285474155
PROGRESS    Completed epoch 978 / 2000;    current loss: 0.36188238859176636
INFO Gradient norm: 103.02459739770987
PROGRESS    Completed epoch 979 / 2000;    current loss: 0.36538755893707275
INFO Gradient norm: 86.14285067914169
PROGRESS    Completed epoch 980 / 2000;    current loss: 0.359675794839859
INFO Gradient norm: 100.23519568612579
PROGRESS    Completed epoch 981 / 2000;    current loss: 0.3671969175338745
INFO Gradient norm: 86.96895002253412
PROGRESS    Completed epoch 982 / 2000;    current loss: 0.3615650236606598
INFO Gradient norm: 102.57300905357974
PROGRESS    Completed epoch 983 / 2000;    current loss: 0.3650388717651367
INFO Gradient norm: 85.78347183445507
PROGRESS    Completed epoch 984 / 2000;    current loss: 0.3593589961528778
INFO Gradient norm: 99.78799718566296
PROGRESS    Completed epoch 985 / 2000;    current loss: 0.36680176854133606
INFO Gradient norm: 86.60644572615612
PROGRESS    Completed epoch 986 / 2000;    current loss: 0.3612388074398041
INFO Gradient norm: 102.13259703861354
PROGRESS    Completed epoch 987 / 2000;    current loss: 0.3646930456161499
INFO Gradient norm: 85.41412573501411
PROGRESS    Completed epoch 988 / 2000;    current loss: 0.359039306640625
INFO Gradient norm: 99.3775160079368
PROGRESS    Completed epoch 989 / 2000;    current loss: 0.3664717972278595
INFO Gradient norm: 86.22838430130611
PROGRESS    Completed epoch 990 / 2000;    current loss: 0.36091282963752747
INFO Gradient norm: 101.67736988152153
PROGRESS    Completed epoch 991 / 2000;    current loss: 0.3643564283847809
INFO Gradient norm: 85.05053396920282
PROGRESS    Completed epoch 992 / 2000;    current loss: 0.3587321937084198
INFO Gradient norm: 98.9475838581892
PROGRESS    Completed epoch 993 / 2000;    current loss: 0.3661056458950043
INFO Gradient norm: 85.87071885384101
PROGRESS    Completed epoch 994 / 2000;    current loss: 0.3605915606021881
INFO Gradient norm: 101.21398027345931
PROGRESS    Completed epoch 995 / 2000;    current loss: 0.36400699615478516
INFO Gradient norm: 84.67160084642705
PROGRESS    Completed epoch 996 / 2000;    current loss: 0.35842442512512207
INFO Gradient norm: 98.51278005908402
PROGRESS    Completed epoch 997 / 2000;    current loss: 0.36574307084083557
INFO Gradient norm: 85.49245970647762
PROGRESS    Completed epoch 998 / 2000;    current loss: 0.3602655827999115
INFO Gradient norm: 100.75499714641356
PROGRESS    Completed epoch 999 / 2000;    current loss: 0.3636479675769806
INFO Gradient norm: 84.30713436425596
PROGRESS    Completed epoch 1000 / 2000;    current loss: 0.35811924934387207
INFO Gradient norm: 98.09858959828048
PROGRESS    Completed epoch 1001 / 2000;    current loss: 0.3653869926929474
INFO Gradient norm: 85.15462057702166
PROGRESS    Completed epoch 1002 / 2000;    current loss: 0.35994553565979004
INFO Gradient norm: 100.30743539168657
PROGRESS    Completed epoch 1003 / 2000;    current loss: 0.3633231222629547
INFO Gradient norm: 83.91731047464566
PROGRESS    Completed epoch 1004 / 2000;    current loss: 0.3578057289123535
INFO Gradient norm: 97.68950326107348
PROGRESS    Completed epoch 1005 / 2000;    current loss: 0.36503320932388306
INFO Gradient norm: 84.78442773242371
PROGRESS    Completed epoch 1006 / 2000;    current loss: 0.35962021350860596
INFO Gradient norm: 99.85290407259076
PROGRESS    Completed epoch 1007 / 2000;    current loss: 0.3629568815231323
INFO Gradient norm: 83.55379293028716
PROGRESS    Completed epoch 1008 / 2000;    current loss: 0.35748887062072754
INFO Gradient norm: 97.27224772845912
PROGRESS    Completed epoch 1009 / 2000;    current loss: 0.364665687084198
INFO Gradient norm: 84.43411001284953
PROGRESS    Completed epoch 1010 / 2000;    current loss: 0.3593066930770874
INFO Gradient norm: 99.36974407441309
PROGRESS    Completed epoch 1011 / 2000;    current loss: 0.36260318756103516
INFO Gradient norm: 83.22102073928464
PROGRESS    Completed epoch 1012 / 2000;    current loss: 0.3571926951408386
INFO Gradient norm: 96.8381054624894
PROGRESS    Completed epoch 1013 / 2000;    current loss: 0.36430051922798157
INFO Gradient norm: 84.04770235654232
PROGRESS    Completed epoch 1014 / 2000;    current loss: 0.3589780926704407
INFO Gradient norm: 98.95053130317206
PROGRESS    Completed epoch 1015 / 2000;    current loss: 0.3622822165489197
INFO Gradient norm: 82.8053114459404
PROGRESS    Completed epoch 1016 / 2000;    current loss: 0.35686948895454407
INFO Gradient norm: 96.42203642034414
PROGRESS    Completed epoch 1017 / 2000;    current loss: 0.36395174264907837
INFO Gradient norm: 83.68841687240483
PROGRESS    Completed epoch 1018 / 2000;    current loss: 0.3586418926715851
INFO Gradient norm: 98.48309265653505
PROGRESS    Completed epoch 1019 / 2000;    current loss: 0.3619168698787689
INFO Gradient norm: 82.44541347128052
PROGRESS    Completed epoch 1020 / 2000;    current loss: 0.35655227303504944
INFO Gradient norm: 96.00294892668212
PROGRESS    Completed epoch 1021 / 2000;    current loss: 0.3635985851287842
INFO Gradient norm: 83.32618320911116
PROGRESS    Completed epoch 1022 / 2000;    current loss: 0.3582964837551117
INFO Gradient norm: 98.02680877249777
PROGRESS    Completed epoch 1023 / 2000;    current loss: 0.36155736446380615
INFO Gradient norm: 82.08408767342284
PROGRESS    Completed epoch 1024 / 2000;    current loss: 0.3562464714050293
INFO Gradient norm: 95.56178778135587
PROGRESS    Completed epoch 1025 / 2000;    current loss: 0.36321279406547546
INFO Gradient norm: 82.95391208234537
PROGRESS    Completed epoch 1026 / 2000;    current loss: 0.35797855257987976
INFO Gradient norm: 97.58721274101096
PROGRESS    Completed epoch 1027 / 2000;    current loss: 0.3612193465232849
INFO Gradient norm: 81.72796401799248
PROGRESS    Completed epoch 1028 / 2000;    current loss: 0.35592660307884216
INFO Gradient norm: 94.04539426021032
PROGRESS    Completed epoch 1029 / 2000;    current loss: 0.3624706566333771
INFO Gradient norm: 78.67597437948281
PROGRESS    Completed epoch 1030 / 2000;    current loss: 0.35658323764801025
INFO Gradient norm: 105.65702856418406
PROGRESS    Completed epoch 1031 / 2000;    current loss: 0.36471691727638245
INFO Gradient norm: 91.76843585208755
PROGRESS    Completed epoch 1032 / 2000;    current loss: 0.35989147424697876
INFO Gradient norm: 86.36631393153004
PROGRESS    Completed epoch 1033 / 2000;    current loss: 0.3599852919578552
INFO Gradient norm: 73.29827079856658
PROGRESS    Completed epoch 1034 / 2000;    current loss: 0.35533401370048523
INFO Gradient norm: 108.97357081655436
PROGRESS    Completed epoch 1035 / 2000;    current loss: 0.36662936210632324
INFO Gradient norm: 92.25420441456238
PROGRESS    Completed epoch 1036 / 2000;    current loss: 0.3605588674545288
INFO Gradient norm: 87.65149560885449
PROGRESS    Completed epoch 1037 / 2000;    current loss: 0.3608314096927643
INFO Gradient norm: 76.2893619155797
PROGRESS    Completed epoch 1038 / 2000;    current loss: 0.3566046953201294
INFO Gradient norm: 103.19800913920261
PROGRESS    Completed epoch 1039 / 2000;    current loss: 0.3646431863307953
INFO Gradient norm: 85.51317675171565
PROGRESS    Completed epoch 1040 / 2000;    current loss: 0.35848063230514526
INFO Gradient norm: 93.02587883339766
PROGRESS    Completed epoch 1041 / 2000;    current loss: 0.36317387223243713
INFO Gradient norm: 81.91119454235123
PROGRESS    Completed epoch 1042 / 2000;    current loss: 0.35865911841392517
INFO Gradient norm: 95.82715763553627
PROGRESS    Completed epoch 1043 / 2000;    current loss: 0.3619506061077118
INFO Gradient norm: 78.88644964890463
PROGRESS    Completed epoch 1044 / 2000;    current loss: 0.3563910722732544
INFO Gradient norm: 97.04874399499892
PROGRESS    Completed epoch 1045 / 2000;    current loss: 0.36491256952285767
INFO Gradient norm: 85.2701400244023
PROGRESS    Completed epoch 1046 / 2000;    current loss: 0.35986778140068054
INFO Gradient norm: 91.94260368308642
PROGRESS    Completed epoch 1047 / 2000;    current loss: 0.36048173904418945
INFO Gradient norm: 76.23871408991458
PROGRESS    Completed epoch 1048 / 2000;    current loss: 0.355455607175827
INFO Gradient norm: 97.6283805992873
PROGRESS    Completed epoch 1049 / 2000;    current loss: 0.36503851413726807
INFO Gradient norm: 85.08322687557744
PROGRESS    Completed epoch 1050 / 2000;    current loss: 0.3596446216106415
INFO Gradient norm: 92.16952368330074
PROGRESS    Completed epoch 1051 / 2000;    current loss: 0.3603701889514923
INFO Gradient norm: 77.21857273234951
PROGRESS    Completed epoch 1052 / 2000;    current loss: 0.35554543137550354
INFO Gradient norm: 95.70230292230019
PROGRESS    Completed epoch 1053 / 2000;    current loss: 0.36400577425956726
INFO Gradient norm: 82.88618661628638
PROGRESS    Completed epoch 1054 / 2000;    current loss: 0.35858896374702454
INFO Gradient norm: 94.18562086471236
PROGRESS    Completed epoch 1055 / 2000;    current loss: 0.36088085174560547
INFO Gradient norm: 79.32756791255616
PROGRESS    Completed epoch 1056 / 2000;    current loss: 0.35594454407691956
INFO Gradient norm: 93.37950345922128
PROGRESS    Completed epoch 1057 / 2000;    current loss: 0.36277347803115845
INFO Gradient norm: 80.76372213614775
PROGRESS    Completed epoch 1058 / 2000;    current loss: 0.35756924748420715
INFO Gradient norm: 95.59867124429529
PROGRESS    Completed epoch 1059 / 2000;    current loss: 0.3611447215080261
INFO Gradient norm: 80.46617538415201
PROGRESS    Completed epoch 1060 / 2000;    current loss: 0.3560584783554077
INFO Gradient norm: 92.02987117421262
PROGRESS    Completed epoch 1061 / 2000;    current loss: 0.3619803190231323
INFO Gradient norm: 79.75937996383138
PROGRESS    Completed epoch 1062 / 2000;    current loss: 0.3570030927658081
INFO Gradient norm: 95.52769337970378
PROGRESS    Completed epoch 1063 / 2000;    current loss: 0.36089757084846497
INFO Gradient norm: 80.13307826492776
PROGRESS    Completed epoch 1064 / 2000;    current loss: 0.3557204604148865
INFO Gradient norm: 91.79787440211582
PROGRESS    Completed epoch 1065 / 2000;    current loss: 0.361686110496521
INFO Gradient norm: 79.79472145323506
PROGRESS    Completed epoch 1066 / 2000;    current loss: 0.3567890226840973
INFO Gradient norm: 94.39982104411496
PROGRESS    Completed epoch 1067 / 2000;    current loss: 0.3602893054485321
INFO Gradient norm: 78.99293374719727
PROGRESS    Completed epoch 1068 / 2000;    current loss: 0.3551311790943146
INFO Gradient norm: 92.01702476022945
PROGRESS    Completed epoch 1069 / 2000;    current loss: 0.361576646566391
INFO Gradient norm: 80.09912192801757
PROGRESS    Completed epoch 1070 / 2000;    current loss: 0.3566629886627197
INFO Gradient norm: 93.1622040292026
PROGRESS    Completed epoch 1071 / 2000;    current loss: 0.35961538553237915
INFO Gradient norm: 77.92694802023571
PROGRESS    Completed epoch 1072 / 2000;    current loss: 0.354571670293808
INFO Gradient norm: 92.05376689230246
PROGRESS    Completed epoch 1073 / 2000;    current loss: 0.3613925278186798
INFO Gradient norm: 80.0942276416614
PROGRESS    Completed epoch 1074 / 2000;    current loss: 0.35647037625312805
INFO Gradient norm: 92.38448955705125
PROGRESS    Completed epoch 1075 / 2000;    current loss: 0.3591194450855255
INFO Gradient norm: 77.35310263020075
PROGRESS    Completed epoch 1076 / 2000;    current loss: 0.3541739583015442
INFO Gradient norm: 91.66474800556071
PROGRESS    Completed epoch 1077 / 2000;    current loss: 0.36103788018226624
INFO Gradient norm: 79.65748641056925
PROGRESS    Completed epoch 1078 / 2000;    current loss: 0.3560941517353058
INFO Gradient norm: 92.0653305618126
PROGRESS    Completed epoch 1079 / 2000;    current loss: 0.35879915952682495
INFO Gradient norm: 77.199703193115
PROGRESS    Completed epoch 1080 / 2000;    current loss: 0.35390332341194153
INFO Gradient norm: 90.99961456502592
PROGRESS    Completed epoch 1081 / 2000;    current loss: 0.36055588722229004
INFO Gradient norm: 79.0439515021195
PROGRESS    Completed epoch 1082 / 2000;    current loss: 0.35566288232803345
INFO Gradient norm: 91.91866729208135
PROGRESS    Completed epoch 1083 / 2000;    current loss: 0.35852518677711487
INFO Gradient norm: 77.15500761254214
PROGRESS    Completed epoch 1084 / 2000;    current loss: 0.35366734862327576
INFO Gradient norm: 90.34006047053484
PROGRESS    Completed epoch 1085 / 2000;    current loss: 0.36006635427474976
INFO Gradient norm: 78.4827177393184
PROGRESS    Completed epoch 1086 / 2000;    current loss: 0.35524606704711914
INFO Gradient norm: 91.69340384809803
PROGRESS    Completed epoch 1087 / 2000;    current loss: 0.35823649168014526
INFO Gradient norm: 76.93635960602168
PROGRESS    Completed epoch 1088 / 2000;    current loss: 0.3533690273761749
INFO Gradient norm: 89.82563998035272
PROGRESS    Completed epoch 1089 / 2000;    current loss: 0.3596664071083069
INFO Gradient norm: 78.04713293092509
PROGRESS    Completed epoch 1090 / 2000;    current loss: 0.3548864722251892
INFO Gradient norm: 91.2355285464502
PROGRESS    Completed epoch 1091 / 2000;    current loss: 0.3578729033470154
INFO Gradient norm: 76.5426423950065
PROGRESS    Completed epoch 1092 / 2000;    current loss: 0.35303059220314026
INFO Gradient norm: 89.44579122359053
PROGRESS    Completed epoch 1093 / 2000;    current loss: 0.35930708050727844
INFO Gradient norm: 77.7339809433976
PROGRESS    Completed epoch 1094 / 2000;    current loss: 0.3545553386211395
INFO Gradient norm: 90.70292311703831
PROGRESS    Completed epoch 1095 / 2000;    current loss: 0.3574860692024231
INFO Gradient norm: 76.08055685920145
PROGRESS    Completed epoch 1096 / 2000;    current loss: 0.3526771366596222
INFO Gradient norm: 89.07282527715715
PROGRESS    Completed epoch 1097 / 2000;    current loss: 0.35898497700691223
INFO Gradient norm: 77.43210231979864
PROGRESS    Completed epoch 1098 / 2000;    current loss: 0.35425248742103577
INFO Gradient norm: 90.1504578648128
PROGRESS    Completed epoch 1099 / 2000;    current loss: 0.35708847641944885
INFO Gradient norm: 75.64212763199697
PROGRESS    Completed epoch 1100 / 2000;    current loss: 0.3523269593715668
INFO Gradient norm: 88.68729667146933
PROGRESS    Completed epoch 1101 / 2000;    current loss: 0.3585956394672394
INFO Gradient norm: 77.10164745549417
PROGRESS    Completed epoch 1102 / 2000;    current loss: 0.3539266884326935
INFO Gradient norm: 89.686300248562
PROGRESS    Completed epoch 1103 / 2000;    current loss: 0.35670706629753113
INFO Gradient norm: 75.27415469198837
PROGRESS    Completed epoch 1104 / 2000;    current loss: 0.3519948720932007
INFO Gradient norm: 88.24127227591818
PROGRESS    Completed epoch 1105 / 2000;    current loss: 0.35822275280952454
INFO Gradient norm: 76.70355356565148
PROGRESS    Completed epoch 1106 / 2000;    current loss: 0.3535650074481964
INFO Gradient norm: 89.26518759366861
PROGRESS    Completed epoch 1107 / 2000;    current loss: 0.35635748505592346
INFO Gradient norm: 74.93638810755053
PROGRESS    Completed epoch 1108 / 2000;    current loss: 0.35167449712753296
INFO Gradient norm: 87.7826449620477
PROGRESS    Completed epoch 1109 / 2000;    current loss: 0.35783708095550537
INFO Gradient norm: 76.29697274488137
PROGRESS    Completed epoch 1110 / 2000;    current loss: 0.3532114028930664
INFO Gradient norm: 88.84676093934584
PROGRESS    Completed epoch 1111 / 2000;    current loss: 0.35600048303604126
INFO Gradient norm: 74.595502114988
PROGRESS    Completed epoch 1112 / 2000;    current loss: 0.3513602614402771
INFO Gradient norm: 87.32587263690372
PROGRESS    Completed epoch 1113 / 2000;    current loss: 0.35746124386787415
INFO Gradient norm: 75.91137403418145
PROGRESS    Completed epoch 1114 / 2000;    current loss: 0.3528622090816498
INFO Gradient norm: 88.41193355372428
PROGRESS    Completed epoch 1115 / 2000;    current loss: 0.3556406497955322
INFO Gradient norm: 74.25428032993582
PROGRESS    Completed epoch 1116 / 2000;    current loss: 0.3510434925556183
INFO Gradient norm: 86.89849321572359
PROGRESS    Completed epoch 1117 / 2000;    current loss: 0.3571067452430725
INFO Gradient norm: 75.5427623240013
PROGRESS    Completed epoch 1118 / 2000;    current loss: 0.3525194525718689
INFO Gradient norm: 87.9903109411246
PROGRESS    Completed epoch 1119 / 2000;    current loss: 0.35528844594955444
INFO Gradient norm: 73.89395973381276
PROGRESS    Completed epoch 1120 / 2000;    current loss: 0.35071149468421936
INFO Gradient norm: 86.44797083863348
PROGRESS    Completed epoch 1121 / 2000;    current loss: 0.3567057251930237
INFO Gradient norm: 75.15987622354645
PROGRESS    Completed epoch 1122 / 2000;    current loss: 0.35216987133026123
INFO Gradient norm: 87.53066059243044
PROGRESS    Completed epoch 1123 / 2000;    current loss: 0.35492172837257385
INFO Gradient norm: 73.514862752678
PROGRESS    Completed epoch 1124 / 2000;    current loss: 0.35036998987197876
INFO Gradient norm: 86.02021276002186
PROGRESS    Completed epoch 1125 / 2000;    current loss: 0.3563128411769867
INFO Gradient norm: 74.79663292307458
PROGRESS    Completed epoch 1126 / 2000;    current loss: 0.35183456540107727
INFO Gradient norm: 87.07237292447715
PROGRESS    Completed epoch 1127 / 2000;    current loss: 0.3545650541782379
INFO Gradient norm: 73.16407455620943
PROGRESS    Completed epoch 1128 / 2000;    current loss: 0.350055992603302
INFO Gradient norm: 85.58646896566195
PROGRESS    Completed epoch 1129 / 2000;    current loss: 0.3559497892856598
INFO Gradient norm: 74.41299241531244
PROGRESS    Completed epoch 1130 / 2000;    current loss: 0.35149455070495605
INFO Gradient norm: 86.61294610579526
PROGRESS    Completed epoch 1131 / 2000;    current loss: 0.35417279601097107
INFO Gradient norm: 72.78803956397563
PROGRESS    Completed epoch 1132 / 2000;    current loss: 0.34971803426742554
INFO Gradient norm: 85.13992337269983
PROGRESS    Completed epoch 1133 / 2000;    current loss: 0.3555455207824707
INFO Gradient norm: 74.03888199237106
PROGRESS    Completed epoch 1134 / 2000;    current loss: 0.3511408567428589
INFO Gradient norm: 86.1763641145363
PROGRESS    Completed epoch 1135 / 2000;    current loss: 0.3538261950016022
INFO Gradient norm: 72.43573534990527
PROGRESS    Completed epoch 1136 / 2000;    current loss: 0.3493930995464325
INFO Gradient norm: 84.69960035136242
PROGRESS    Completed epoch 1137 / 2000;    current loss: 0.355155885219574
INFO Gradient norm: 73.65950885805654
PROGRESS    Completed epoch 1138 / 2000;    current loss: 0.350787878036499
INFO Gradient norm: 85.74516299252333
PROGRESS    Completed epoch 1139 / 2000;    current loss: 0.35346609354019165
INFO Gradient norm: 72.07558339905188
PROGRESS    Completed epoch 1140 / 2000;    current loss: 0.3490559160709381
INFO Gradient norm: 84.2790278560279
PROGRESS    Completed epoch 1141 / 2000;    current loss: 0.35488802194595337
INFO Gradient norm: 73.29445781224837
PROGRESS    Completed epoch 1142 / 2000;    current loss: 0.35043036937713623
INFO Gradient norm: 85.27722715226606
PROGRESS    Completed epoch 1143 / 2000;    current loss: 0.3530958294868469
INFO Gradient norm: 71.7151488781178
PROGRESS    Completed epoch 1144 / 2000;    current loss: 0.3487046957015991
INFO Gradient norm: 82.67197901155352
PROGRESS    Completed epoch 1145 / 2000;    current loss: 0.35402911901474
INFO Gradient norm: 69.11516804904143
PROGRESS    Completed epoch 1146 / 2000;    current loss: 0.3491109609603882
INFO Gradient norm: 92.1065360433235
PROGRESS    Completed epoch 1147 / 2000;    current loss: 0.35593125224113464
INFO Gradient norm: 80.50149659695863
PROGRESS    Completed epoch 1148 / 2000;    current loss: 0.3520498275756836
INFO Gradient norm: 75.28010584748513
PROGRESS    Completed epoch 1149 / 2000;    current loss: 0.35175323486328125
INFO Gradient norm: 63.911346413818485
PROGRESS    Completed epoch 1150 / 2000;    current loss: 0.34797629714012146
INFO Gradient norm: 95.20533471861958
PROGRESS    Completed epoch 1151 / 2000;    current loss: 0.35763344168663025
INFO Gradient norm: 80.88822669686577
PROGRESS    Completed epoch 1152 / 2000;    current loss: 0.3526294529438019
INFO Gradient norm: 76.4874531309714
PROGRESS    Completed epoch 1153 / 2000;    current loss: 0.3525359332561493
INFO Gradient norm: 66.75123496025934
PROGRESS    Completed epoch 1154 / 2000;    current loss: 0.34914204478263855
INFO Gradient norm: 89.72303183802875
PROGRESS    Completed epoch 1155 / 2000;    current loss: 0.3558422029018402
INFO Gradient norm: 74.55530996492284
PROGRESS    Completed epoch 1156 / 2000;    current loss: 0.35079124569892883
INFO Gradient norm: 81.50085987624342
PROGRESS    Completed epoch 1157 / 2000;    current loss: 0.3546243906021118
INFO Gradient norm: 71.94992183604573
PROGRESS    Completed epoch 1158 / 2000;    current loss: 0.35095423460006714
INFO Gradient norm: 83.02750248378403
PROGRESS    Completed epoch 1159 / 2000;    current loss: 0.35354360938072205
INFO Gradient norm: 68.7157004773774
PROGRESS    Completed epoch 1160 / 2000;    current loss: 0.34904682636260986
INFO Gradient norm: 84.89045409129083
PROGRESS    Completed epoch 1161 / 2000;    current loss: 0.35601356625556946
INFO Gradient norm: 74.59282039123049
PROGRESS    Completed epoch 1162 / 2000;    current loss: 0.351847767829895
INFO Gradient norm: 80.10863260015853
PROGRESS    Completed epoch 1163 / 2000;    current loss: 0.35247868299484253
INFO Gradient norm: 66.9896891302373
PROGRESS    Completed epoch 1164 / 2000;    current loss: 0.3484402894973755
INFO Gradient norm: 84.79090979418388
PROGRESS    Completed epoch 1165 / 2000;    current loss: 0.3558509051799774
INFO Gradient norm: 73.76126416950858
PROGRESS    Completed epoch 1166 / 2000;    current loss: 0.35138967633247375
INFO Gradient norm: 81.01954593203847
PROGRESS    Completed epoch 1167 / 2000;    current loss: 0.3526114523410797
INFO Gradient norm: 68.50550879450579
PROGRESS    Completed epoch 1168 / 2000;    current loss: 0.3486618399620056
INFO Gradient norm: 82.53781800115158
PROGRESS    Completed epoch 1169 / 2000;    current loss: 0.354726105928421
INFO Gradient norm: 71.39062516661849
PROGRESS    Completed epoch 1170 / 2000;    current loss: 0.3503648340702057
INFO Gradient norm: 83.04523001978411
PROGRESS    Completed epoch 1171 / 2000;    current loss: 0.35311469435691833
INFO Gradient norm: 70.48012844647977
PROGRESS    Completed epoch 1172 / 2000;    current loss: 0.3490407168865204
INFO Gradient norm: 80.42231225952456
PROGRESS    Completed epoch 1173 / 2000;    current loss: 0.3536664843559265
INFO Gradient norm: 69.58617448633964
PROGRESS    Completed epoch 1174 / 2000;    current loss: 0.3495159149169922
INFO Gradient norm: 83.95805902106203
PROGRESS    Completed epoch 1175 / 2000;    current loss: 0.3532220125198364
INFO Gradient norm: 71.02000021309071
PROGRESS    Completed epoch 1176 / 2000;    current loss: 0.3489823341369629
INFO Gradient norm: 79.58508980530063
PROGRESS    Completed epoch 1177 / 2000;    current loss: 0.35314038395881653
INFO Gradient norm: 69.11249645963524
PROGRESS    Completed epoch 1178 / 2000;    current loss: 0.3491551876068115
INFO Gradient norm: 83.29590990260178
PROGRESS    Completed epoch 1179 / 2000;    current loss: 0.3527730405330658
INFO Gradient norm: 70.17665632022303
PROGRESS    Completed epoch 1180 / 2000;    current loss: 0.3485110402107239
INFO Gradient norm: 79.71696781260665
PROGRESS    Completed epoch 1181 / 2000;    current loss: 0.3529883325099945
INFO Gradient norm: 69.44817036697764
PROGRESS    Completed epoch 1182 / 2000;    current loss: 0.349043607711792
INFO Gradient norm: 81.93284014141214
PROGRESS    Completed epoch 1183 / 2000;    current loss: 0.3520846664905548
INFO Gradient norm: 68.87712445748127
PROGRESS    Completed epoch 1184 / 2000;    current loss: 0.34790754318237305
INFO Gradient norm: 80.01476181850647
PROGRESS    Completed epoch 1185 / 2000;    current loss: 0.35291555523872375
INFO Gradient norm: 69.72637215925592
PROGRESS    Completed epoch 1186 / 2000;    current loss: 0.3489265441894531
INFO Gradient norm: 80.82575662711385
PROGRESS    Completed epoch 1187 / 2000;    current loss: 0.35150450468063354
INFO Gradient norm: 68.01877706097707
PROGRESS    Completed epoch 1188 / 2000;    current loss: 0.34740713238716125
INFO Gradient norm: 79.85018836129638
PROGRESS    Completed epoch 1189 / 2000;    current loss: 0.3526448607444763
INFO Gradient norm: 69.49939535602142
PROGRESS    Completed epoch 1190 / 2000;    current loss: 0.34863507747650146
INFO Gradient norm: 80.36671268053277
PROGRESS    Completed epoch 1191 / 2000;    current loss: 0.3511321544647217
INFO Gradient norm: 67.77283852651935
PROGRESS    Completed epoch 1192 / 2000;    current loss: 0.34712138772010803
INFO Gradient norm: 79.26594817224371
PROGRESS    Completed epoch 1193 / 2000;    current loss: 0.35220447182655334
INFO Gradient norm: 68.88627258643065
PROGRESS    Completed epoch 1194 / 2000;    current loss: 0.348205029964447
INFO Gradient norm: 80.26846751077484
PROGRESS    Completed epoch 1195 / 2000;    current loss: 0.3508884906768799
INFO Gradient norm: 67.78719013638607
PROGRESS    Completed epoch 1196 / 2000;    current loss: 0.34689515829086304
INFO Gradient norm: 78.54255052363285
PROGRESS    Completed epoch 1197 / 2000;    current loss: 0.35170674324035645
INFO Gradient norm: 68.23716271602908
PROGRESS    Completed epoch 1198 / 2000;    current loss: 0.34776240587234497
INFO Gradient norm: 80.11019689139846
PROGRESS    Completed epoch 1199 / 2000;    current loss: 0.3506205677986145
INFO Gradient norm: 67.6576374897196
PROGRESS    Completed epoch 1200 / 2000;    current loss: 0.34662315249443054
INFO Gradient norm: 77.97432745420858
PROGRESS    Completed epoch 1201 / 2000;    current loss: 0.3512688875198364
INFO Gradient norm: 67.76931070572186
PROGRESS    Completed epoch 1202 / 2000;    current loss: 0.3473709225654602
INFO Gradient norm: 79.74699371398806
PROGRESS    Completed epoch 1203 / 2000;    current loss: 0.35027340054512024
INFO Gradient norm: 67.30185198824404
PROGRESS    Completed epoch 1204 / 2000;    current loss: 0.34630823135375977
INFO Gradient norm: 77.564517235819
PROGRESS    Completed epoch 1205 / 2000;    current loss: 0.350906640291214
INFO Gradient norm: 67.49217720260732
PROGRESS    Completed epoch 1206 / 2000;    current loss: 0.3470669686794281
INFO Gradient norm: 79.19389007253328
PROGRESS    Completed epoch 1207 / 2000;    current loss: 0.34985899925231934
INFO Gradient norm: 66.80512880808993
PROGRESS    Completed epoch 1208 / 2000;    current loss: 0.345928430557251
INFO Gradient norm: 77.28172993117995
PROGRESS    Completed epoch 1209 / 2000;    current loss: 0.3505854904651642
INFO Gradient norm: 67.24443428999251
PROGRESS    Completed epoch 1210 / 2000;    current loss: 0.3467627763748169
INFO Gradient norm: 78.64043414952515
PROGRESS    Completed epoch 1211 / 2000;    current loss: 0.3494618237018585
INFO Gradient norm: 66.35343543162926
PROGRESS    Completed epoch 1212 / 2000;    current loss: 0.3455738425254822
INFO Gradient norm: 76.91556158804646
PROGRESS    Completed epoch 1213 / 2000;    current loss: 0.3502468466758728
INFO Gradient norm: 66.94118790458941
PROGRESS    Completed epoch 1214 / 2000;    current loss: 0.3464508056640625
INFO Gradient norm: 78.16210344672655
PROGRESS    Completed epoch 1215 / 2000;    current loss: 0.34907931089401245
INFO Gradient norm: 65.986694619995
PROGRESS    Completed epoch 1216 / 2000;    current loss: 0.3452349603176117
INFO Gradient norm: 76.50911058911659
PROGRESS    Completed epoch 1217 / 2000;    current loss: 0.34985214471817017
INFO Gradient norm: 66.55290987472904
PROGRESS    Completed epoch 1218 / 2000;    current loss: 0.3460971415042877
INFO Gradient norm: 77.7639137332504
PROGRESS    Completed epoch 1219 / 2000;    current loss: 0.3487323820590973
INFO Gradient norm: 65.69566931132573
PROGRESS    Completed epoch 1220 / 2000;    current loss: 0.3449200391769409
INFO Gradient norm: 76.03513190079845
PROGRESS    Completed epoch 1221 / 2000;    current loss: 0.34946563839912415
INFO Gradient norm: 66.13974652122677
PROGRESS    Completed epoch 1222 / 2000;    current loss: 0.3457350730895996
INFO Gradient norm: 77.40853626761458
PROGRESS    Completed epoch 1223 / 2000;    current loss: 0.3483993411064148
INFO Gradient norm: 65.39114351040618
PROGRESS    Completed epoch 1224 / 2000;    current loss: 0.3446030020713806
INFO Gradient norm: 75.57847896322652
PROGRESS    Completed epoch 1225 / 2000;    current loss: 0.34918567538261414
INFO Gradient norm: 65.74861050893892
PROGRESS    Completed epoch 1226 / 2000;    current loss: 0.3453708589076996
INFO Gradient norm: 76.98237512972887
PROGRESS    Completed epoch 1227 / 2000;    current loss: 0.3480401933193207
INFO Gradient norm: 65.05902184162251
PROGRESS    Completed epoch 1228 / 2000;    current loss: 0.34428033232688904
INFO Gradient norm: 75.16103698412715
PROGRESS    Completed epoch 1229 / 2000;    current loss: 0.3488013446331024
INFO Gradient norm: 65.39980991672759
PROGRESS    Completed epoch 1230 / 2000;    current loss: 0.34503448009490967
INFO Gradient norm: 76.54133452671375
PROGRESS    Completed epoch 1231 / 2000;    current loss: 0.34766313433647156
INFO Gradient norm: 64.67206299037174
PROGRESS    Completed epoch 1232 / 2000;    current loss: 0.34391680359840393
INFO Gradient norm: 74.76555912057405
PROGRESS    Completed epoch 1233 / 2000;    current loss: 0.3484415113925934
INFO Gradient norm: 65.06297920165716
PROGRESS    Completed epoch 1234 / 2000;    current loss: 0.3448132872581482
INFO Gradient norm: 76.08727175856627
PROGRESS    Completed epoch 1235 / 2000;    current loss: 0.34728947281837463
INFO Gradient norm: 64.30028681990896
PROGRESS    Completed epoch 1236 / 2000;    current loss: 0.34360361099243164
INFO Gradient norm: 74.3742908515991
PROGRESS    Completed epoch 1237 / 2000;    current loss: 0.34808072447776794
INFO Gradient norm: 64.70855722141623
PROGRESS    Completed epoch 1238 / 2000;    current loss: 0.34445399045944214
INFO Gradient norm: 75.65977936577028
PROGRESS    Completed epoch 1239 / 2000;    current loss: 0.3469235301017761
INFO Gradient norm: 63.93978521792479
PROGRESS    Completed epoch 1240 / 2000;    current loss: 0.343253493309021
INFO Gradient norm: 73.96748602485515
PROGRESS    Completed epoch 1241 / 2000;    current loss: 0.34770917892456055
INFO Gradient norm: 64.35439382268598
PROGRESS    Completed epoch 1242 / 2000;    current loss: 0.3441216051578522
INFO Gradient norm: 75.24252734203522
PROGRESS    Completed epoch 1243 / 2000;    current loss: 0.3465656638145447
INFO Gradient norm: 63.596633893245816
PROGRESS    Completed epoch 1244 / 2000;    current loss: 0.34292343258857727
INFO Gradient norm: 73.53528402052866
PROGRESS    Completed epoch 1245 / 2000;    current loss: 0.34731125831604004
INFO Gradient norm: 63.98436184334454
PROGRESS    Completed epoch 1246 / 2000;    current loss: 0.3437657058238983
INFO Gradient norm: 74.84402019156506
PROGRESS    Completed epoch 1247 / 2000;    current loss: 0.3461913466453552
INFO Gradient norm: 63.278607065498925
PROGRESS    Completed epoch 1248 / 2000;    current loss: 0.3425810933113098
INFO Gradient norm: 73.12234992731115
PROGRESS    Completed epoch 1249 / 2000;    current loss: 0.3469367027282715
INFO Gradient norm: 63.61735939812927
PROGRESS    Completed epoch 1250 / 2000;    current loss: 0.34341853857040405
INFO Gradient norm: 74.43026632268513
PROGRESS    Completed epoch 1251 / 2000;    current loss: 0.34583210945129395
INFO Gradient norm: 62.94784543465677
PROGRESS    Completed epoch 1252 / 2000;    current loss: 0.34225547313690186
INFO Gradient norm: 72.01213090646404
PROGRESS    Completed epoch 1253 / 2000;    current loss: 0.346346378326416
INFO Gradient norm: 59.83359680012299
PROGRESS    Completed epoch 1254 / 2000;    current loss: 0.34226953983306885
INFO Gradient norm: 81.31403797971072
PROGRESS    Completed epoch 1255 / 2000;    current loss: 0.3486112058162689
INFO Gradient norm: 71.58621360036621
PROGRESS    Completed epoch 1256 / 2000;    current loss: 0.3455049693584442
INFO Gradient norm: 64.77940740147288
PROGRESS    Completed epoch 1257 / 2000;    current loss: 0.34424903988838196
INFO Gradient norm: 55.101590090807406
PROGRESS    Completed epoch 1258 / 2000;    current loss: 0.34130987524986267
INFO Gradient norm: 83.33226386504194
PROGRESS    Completed epoch 1259 / 2000;    current loss: 0.34989774227142334
INFO Gradient norm: 70.63976977784493
PROGRESS    Completed epoch 1260 / 2000;    current loss: 0.34563177824020386
INFO Gradient norm: 67.22154682898056
PROGRESS    Completed epoch 1261 / 2000;    current loss: 0.34544622898101807
INFO Gradient norm: 59.27195578778181
PROGRESS    Completed epoch 1262 / 2000;    current loss: 0.3427845537662506
INFO Gradient norm: 76.46819415536294
PROGRESS    Completed epoch 1263 / 2000;    current loss: 0.3476950228214264
INFO Gradient norm: 63.247655313729986
PROGRESS    Completed epoch 1264 / 2000;    current loss: 0.34353724122047424
INFO Gradient norm: 72.8790213183509
PROGRESS    Completed epoch 1265 / 2000;    current loss: 0.34765520691871643
INFO Gradient norm: 64.71572844912164
PROGRESS    Completed epoch 1266 / 2000;    current loss: 0.3446190655231476
INFO Gradient norm: 70.05854557722894
PROGRESS    Completed epoch 1267 / 2000;    current loss: 0.3455820381641388
INFO Gradient norm: 58.09834126557751
PROGRESS    Completed epoch 1268 / 2000;    current loss: 0.34204021096229553
INFO Gradient norm: 75.37096797524461
PROGRESS    Completed epoch 1269 / 2000;    current loss: 0.3485790491104126
INFO Gradient norm: 66.13713978365399
PROGRESS    Completed epoch 1270 / 2000;    current loss: 0.34499821066856384
INFO Gradient norm: 68.95048741284113
PROGRESS    Completed epoch 1271 / 2000;    current loss: 0.34508171677589417
INFO Gradient norm: 58.26685935665841
PROGRESS    Completed epoch 1272 / 2000;    current loss: 0.3418969213962555
INFO Gradient norm: 73.76849199274876
PROGRESS    Completed epoch 1273 / 2000;    current loss: 0.3477533459663391
INFO Gradient norm: 63.89288360176766
PROGRESS    Completed epoch 1274 / 2000;    current loss: 0.3439757525920868
INFO Gradient norm: 71.38855068495734
PROGRESS    Completed epoch 1275 / 2000;    current loss: 0.3456266224384308
INFO Gradient norm: 60.99868068341642
PROGRESS    Completed epoch 1276 / 2000;    current loss: 0.3424109220504761
INFO Gradient norm: 70.87999374695302
PROGRESS    Completed epoch 1277 / 2000;    current loss: 0.34636828303337097
INFO Gradient norm: 61.218553627177606
PROGRESS    Completed epoch 1278 / 2000;    current loss: 0.3428504168987274
INFO Gradient norm: 73.38878655622699
PROGRESS    Completed epoch 1279 / 2000;    current loss: 0.3460119068622589
INFO Gradient norm: 62.52253782441081
PROGRESS    Completed epoch 1280 / 2000;    current loss: 0.34256482124328613
INFO Gradient norm: 69.42140442488527
PROGRESS    Completed epoch 1281 / 2000;    current loss: 0.3455566465854645
INFO Gradient norm: 60.28229129337111
PROGRESS    Completed epoch 1282 / 2000;    current loss: 0.342268705368042
INFO Gradient norm: 73.11489995948268
PROGRESS    Completed epoch 1283 / 2000;    current loss: 0.34566742181777954
INFO Gradient norm: 61.864337726987294
PROGRESS    Completed epoch 1284 / 2000;    current loss: 0.3421042263507843
INFO Gradient norm: 69.61150312298751
PROGRESS    Completed epoch 1285 / 2000;    current loss: 0.345379114151001
INFO Gradient norm: 60.7795280275573
PROGRESS    Completed epoch 1286 / 2000;    current loss: 0.3422059118747711
INFO Gradient norm: 71.49605708652093
PROGRESS    Completed epoch 1287 / 2000;    current loss: 0.34485235810279846
INFO Gradient norm: 60.23426998481249
PROGRESS    Completed epoch 1288 / 2000;    current loss: 0.3413574695587158
INFO Gradient norm: 70.2214600094367
PROGRESS    Completed epoch 1289 / 2000;    current loss: 0.34548890590667725
INFO Gradient norm: 61.384566958681404
PROGRESS    Completed epoch 1290 / 2000;    current loss: 0.3421206772327423
INFO Gradient norm: 70.14237604355296
PROGRESS    Completed epoch 1291 / 2000;    current loss: 0.3441385328769684
INFO Gradient norm: 59.205785011962554
PROGRESS    Completed epoch 1292 / 2000;    current loss: 0.34079650044441223
INFO Gradient norm: 70.18951112338674
PROGRESS    Completed epoch 1293 / 2000;    current loss: 0.34521815180778503
INFO Gradient norm: 61.18478867090004
PROGRESS    Completed epoch 1294 / 2000;    current loss: 0.3419080376625061
INFO Gradient norm: 69.76184471518332
PROGRESS    Completed epoch 1295 / 2000;    current loss: 0.34375447034835815
INFO Gradient norm: 59.08841491435286
PROGRESS    Completed epoch 1296 / 2000;    current loss: 0.3404676616191864
INFO Gradient norm: 69.46807226922904
PROGRESS    Completed epoch 1297 / 2000;    current loss: 0.3446980118751526
INFO Gradient norm: 60.41599054776921
PROGRESS    Completed epoch 1298 / 2000;    current loss: 0.34138453006744385
INFO Gradient norm: 69.8805889250235
PROGRESS    Completed epoch 1299 / 2000;    current loss: 0.3435172438621521
INFO Gradient norm: 59.30446471783787
PROGRESS    Completed epoch 1300 / 2000;    current loss: 0.34026071429252625
INFO Gradient norm: 68.63917551796425
PROGRESS    Completed epoch 1301 / 2000;    current loss: 0.3441341519355774
INFO Gradient norm: 59.684675599448404
PROGRESS    Completed epoch 1302 / 2000;    current loss: 0.3408958315849304
INFO Gradient norm: 69.84809309836537
PROGRESS    Completed epoch 1303 / 2000;    current loss: 0.3432402014732361
INFO Gradient norm: 59.20869012016485
PROGRESS    Completed epoch 1304 / 2000;    current loss: 0.3399738073348999
INFO Gradient norm: 68.10447685233187
PROGRESS    Completed epoch 1305 / 2000;    current loss: 0.34367799758911133
INFO Gradient norm: 59.30463520880491
PROGRESS    Completed epoch 1306 / 2000;    current loss: 0.3405117690563202
INFO Gradient norm: 69.35626649388831
PROGRESS    Completed epoch 1307 / 2000;    current loss: 0.3428286015987396
INFO Gradient norm: 58.738526830341705
PROGRESS    Completed epoch 1308 / 2000;    current loss: 0.3395548164844513
INFO Gradient norm: 67.86118948569911
PROGRESS    Completed epoch 1309 / 2000;    current loss: 0.3433583378791809
INFO Gradient norm: 59.13826564151654
PROGRESS    Completed epoch 1310 / 2000;    current loss: 0.34021109342575073
INFO Gradient norm: 68.72118535612843
PROGRESS    Completed epoch 1311 / 2000;    current loss: 0.3423806428909302
INFO Gradient norm: 58.17616588989512
PROGRESS    Completed epoch 1312 / 2000;    current loss: 0.3391430974006653
INFO Gradient norm: 67.63344689130416
PROGRESS    Completed epoch 1313 / 2000;    current loss: 0.34302419424057007
INFO Gradient norm: 58.950406456306396
PROGRESS    Completed epoch 1314 / 2000;    current loss: 0.33990955352783203
INFO Gradient norm: 68.15918213511121
PROGRESS    Completed epoch 1315 / 2000;    current loss: 0.3419334292411804
INFO Gradient norm: 57.73463723924543
PROGRESS    Completed epoch 1316 / 2000;    current loss: 0.3387472331523895
INFO Gradient norm: 67.24671288240897
PROGRESS    Completed epoch 1317 / 2000;    current loss: 0.3426332473754883
INFO Gradient norm: 58.574364259996976
PROGRESS    Completed epoch 1318 / 2000;    current loss: 0.33952346444129944
INFO Gradient norm: 67.79595989188628
PROGRESS    Completed epoch 1319 / 2000;    current loss: 0.3415590226650238
INFO Gradient norm: 57.46599034211797
PROGRESS    Completed epoch 1320 / 2000;    current loss: 0.3384142518043518
INFO Gradient norm: 66.76155041230709
PROGRESS    Completed epoch 1321 / 2000;    current loss: 0.34220457077026367
INFO Gradient norm: 58.14204034494322
PROGRESS    Completed epoch 1322 / 2000;    current loss: 0.33912724256515503
INFO Gradient norm: 67.46942533165264
PROGRESS    Completed epoch 1323 / 2000;    current loss: 0.3411884307861328
INFO Gradient norm: 57.22125952049697
PROGRESS    Completed epoch 1324 / 2000;    current loss: 0.33808523416519165
INFO Gradient norm: 66.29887422148438
PROGRESS    Completed epoch 1325 / 2000;    current loss: 0.3417906165122986
INFO Gradient norm: 57.74738043813338
PROGRESS    Completed epoch 1326 / 2000;    current loss: 0.338727205991745
INFO Gradient norm: 67.08192815278633
PROGRESS    Completed epoch 1327 / 2000;    current loss: 0.3408048748970032
INFO Gradient norm: 56.87889698892276
PROGRESS    Completed epoch 1328 / 2000;    current loss: 0.33772045373916626
INFO Gradient norm: 65.90932430715404
PROGRESS    Completed epoch 1329 / 2000;    current loss: 0.3414016366004944
INFO Gradient norm: 57.41744793183972
PROGRESS    Completed epoch 1330 / 2000;    current loss: 0.338379442691803
INFO Gradient norm: 66.62789219152052
PROGRESS    Completed epoch 1331 / 2000;    current loss: 0.34040117263793945
INFO Gradient norm: 56.48287092662167
PROGRESS    Completed epoch 1332 / 2000;    current loss: 0.337332546710968
INFO Gradient norm: 65.525962154621
PROGRESS    Completed epoch 1333 / 2000;    current loss: 0.34102073311805725
INFO Gradient norm: 57.10635788945876
PROGRESS    Completed epoch 1334 / 2000;    current loss: 0.3380270004272461
INFO Gradient norm: 66.18924224210453
PROGRESS    Completed epoch 1335 / 2000;    current loss: 0.3400176465511322
INFO Gradient norm: 56.12136099457936
PROGRESS    Completed epoch 1336 / 2000;    current loss: 0.3369767963886261
INFO Gradient norm: 65.13881036873832
PROGRESS    Completed epoch 1337 / 2000;    current loss: 0.34061866998672485
INFO Gradient norm: 56.753758854889774
PROGRESS    Completed epoch 1338 / 2000;    current loss: 0.33763858675956726
INFO Gradient norm: 65.74995415237053
PROGRESS    Completed epoch 1339 / 2000;    current loss: 0.3396139144897461
INFO Gradient norm: 55.769337683879215
PROGRESS    Completed epoch 1340 / 2000;    current loss: 0.3365911841392517
INFO Gradient norm: 63.375307666571274
PROGRESS    Completed epoch 1341 / 2000;    current loss: 0.3398553133010864
INFO Gradient norm: 52.51711024389343
PROGRESS    Completed epoch 1342 / 2000;    current loss: 0.3364427089691162
INFO Gradient norm: 72.19779727918349
PROGRESS    Completed epoch 1343 / 2000;    current loss: 0.3421061635017395
INFO Gradient norm: 63.858067298361064
PROGRESS    Completed epoch 1344 / 2000;    current loss: 0.33953288197517395
INFO Gradient norm: 56.75572902459595
PROGRESS    Completed epoch 1345 / 2000;    current loss: 0.3381558656692505
INFO Gradient norm: 48.41177731647268
PROGRESS    Completed epoch 1346 / 2000;    current loss: 0.33579230308532715
INFO Gradient norm: 73.33707479711354
PROGRESS    Completed epoch 1347 / 2000;    current loss: 0.34301039576530457
INFO Gradient norm: 62.13923956718626
PROGRESS    Completed epoch 1348 / 2000;    current loss: 0.339418888092041
INFO Gradient norm: 59.729364299172914
PROGRESS    Completed epoch 1349 / 2000;    current loss: 0.3394538164138794
INFO Gradient norm: 52.95086048526026
PROGRESS    Completed epoch 1350 / 2000;    current loss: 0.337298184633255
INFO Gradient norm: 66.38506791512108
PROGRESS    Completed epoch 1351 / 2000;    current loss: 0.34087586402893066
INFO Gradient norm: 54.90736441445124
PROGRESS    Completed epoch 1352 / 2000;    current loss: 0.3374546468257904
INFO Gradient norm: 65.0095208370934
PROGRESS    Completed epoch 1353 / 2000;    current loss: 0.34141963720321655
INFO Gradient norm: 57.811043525940114
PROGRESS    Completed epoch 1354 / 2000;    current loss: 0.33886295557022095
INFO Gradient norm: 61.00035940416567
PROGRESS    Completed epoch 1355 / 2000;    current loss: 0.3392009437084198
INFO Gradient norm: 50.96309542621092
PROGRESS    Completed epoch 1356 / 2000;    current loss: 0.33637452125549316
INFO Gradient norm: 66.43281778631602
PROGRESS    Completed epoch 1357 / 2000;    current loss: 0.3418743908405304
INFO Gradient norm: 58.04220115797177
PROGRESS    Completed epoch 1358 / 2000;    current loss: 0.3388146460056305
INFO Gradient norm: 61.26448547317538
PROGRESS    Completed epoch 1359 / 2000;    current loss: 0.3391236960887909
INFO Gradient norm: 52.35260793969249
PROGRESS    Completed epoch 1360 / 2000;    current loss: 0.33655232191085815
INFO Gradient norm: 63.952880233673994
PROGRESS    Completed epoch 1361 / 2000;    current loss: 0.3407570421695709
INFO Gradient norm: 55.18242994831424
PROGRESS    Completed epoch 1362 / 2000;    current loss: 0.33767324686050415
INFO Gradient norm: 64.04950187152332
PROGRESS    Completed epoch 1363 / 2000;    current loss: 0.3397540748119354
INFO Gradient norm: 55.0800751908963
PROGRESS    Completed epoch 1364 / 2000;    current loss: 0.337026983499527
INFO Gradient norm: 61.28298499324332
PROGRESS    Completed epoch 1365 / 2000;    current loss: 0.33955061435699463
INFO Gradient norm: 52.96749006874005
PROGRESS    Completed epoch 1366 / 2000;    current loss: 0.33673015236854553
INFO Gradient norm: 65.20294853142671
PROGRESS    Completed epoch 1367 / 2000;    current loss: 0.33987390995025635
INFO Gradient norm: 55.63313935651421
PROGRESS    Completed epoch 1368 / 2000;    current loss: 0.3369160592556
INFO Gradient norm: 60.7075548056113
PROGRESS    Completed epoch 1369 / 2000;    current loss: 0.3390968441963196
INFO Gradient norm: 52.93291476273231
PROGRESS    Completed epoch 1370 / 2000;    current loss: 0.3364735245704651
INFO Gradient norm: 63.92701467763841
PROGRESS    Completed epoch 1371 / 2000;    current loss: 0.3391943871974945
INFO Gradient norm: 54.08595108167552
PROGRESS    Completed epoch 1372 / 2000;    current loss: 0.3362225592136383
INFO Gradient norm: 61.46740897325634
PROGRESS    Completed epoch 1373 / 2000;    current loss: 0.3391219675540924
INFO Gradient norm: 53.83355647525145
PROGRESS    Completed epoch 1374 / 2000;    current loss: 0.3364720344543457
INFO Gradient norm: 62.10390176464228
PROGRESS    Completed epoch 1375 / 2000;    current loss: 0.3383461833000183
INFO Gradient norm: 52.54172490867715
PROGRESS    Completed epoch 1376 / 2000;    current loss: 0.3355192244052887
INFO Gradient norm: 61.8688517165474
PROGRESS    Completed epoch 1377 / 2000;    current loss: 0.33900707960128784
INFO Gradient norm: 54.038892410139205
PROGRESS    Completed epoch 1378 / 2000;    current loss: 0.33625295758247375
INFO Gradient norm: 61.370921958454005
PROGRESS    Completed epoch 1379 / 2000;    current loss: 0.3378424644470215
INFO Gradient norm: 52.15787730534169
PROGRESS    Completed epoch 1380 / 2000;    current loss: 0.3351154029369354
INFO Gradient norm: 61.251878589990035
PROGRESS    Completed epoch 1381 / 2000;    current loss: 0.33850398659706116
INFO Gradient norm: 53.29622876976147
PROGRESS    Completed epoch 1382 / 2000;    current loss: 0.3357648253440857
INFO Gradient norm: 61.55060861696614
PROGRESS    Completed epoch 1383 / 2000;    current loss: 0.33761510252952576
INFO Gradient norm: 52.46243589374111
PROGRESS    Completed epoch 1384 / 2000;    current loss: 0.33490660786628723
INFO Gradient norm: 60.3071788256739
PROGRESS    Completed epoch 1385 / 2000;    current loss: 0.33790695667266846
INFO Gradient norm: 52.4272723656835
PROGRESS    Completed epoch 1386 / 2000;    current loss: 0.3352091610431671
INFO Gradient norm: 61.64144723369865
PROGRESS    Completed epoch 1387 / 2000;    current loss: 0.33736711740493774
INFO Gradient norm: 52.51687690068742
PROGRESS    Completed epoch 1388 / 2000;    current loss: 0.3346381187438965
INFO Gradient norm: 59.71768392334711
PROGRESS    Completed epoch 1389 / 2000;    current loss: 0.3374249041080475
INFO Gradient norm: 52.024297311432605
PROGRESS    Completed epoch 1390 / 2000;    current loss: 0.3348052203655243
INFO Gradient norm: 61.169067294893175
PROGRESS    Completed epoch 1391 / 2000;    current loss: 0.33694082498550415
INFO Gradient norm: 51.99140867315986
PROGRESS    Completed epoch 1392 / 2000;    current loss: 0.33419710397720337
INFO Gradient norm: 59.53163998241752
PROGRESS    Completed epoch 1393 / 2000;    current loss: 0.3370847702026367
INFO Gradient norm: 51.93112585260275
PROGRESS    Completed epoch 1394 / 2000;    current loss: 0.33448585867881775
INFO Gradient norm: 60.42834041781204
PROGRESS    Completed epoch 1395 / 2000;    current loss: 0.33643031120300293
INFO Gradient norm: 51.337147281391324
PROGRESS    Completed epoch 1396 / 2000;    current loss: 0.3337337076663971
INFO Gradient norm: 59.349842576450484
PROGRESS    Completed epoch 1397 / 2000;    current loss: 0.3367464244365692
INFO Gradient norm: 51.76521184520255
PROGRESS    Completed epoch 1398 / 2000;    current loss: 0.33417007327079773
INFO Gradient norm: 59.842278159463845
PROGRESS    Completed epoch 1399 / 2000;    current loss: 0.3359602689743042
INFO Gradient norm: 50.900974954000645
PROGRESS    Completed epoch 1400 / 2000;    current loss: 0.33332014083862305
INFO Gradient norm: 58.957526239887436
PROGRESS    Completed epoch 1401 / 2000;    current loss: 0.3363383710384369
INFO Gradient norm: 51.375047584217576
PROGRESS    Completed epoch 1402 / 2000;    current loss: 0.33375319838523865
INFO Gradient norm: 59.53490027475337
PROGRESS    Completed epoch 1403 / 2000;    current loss: 0.3355848491191864
INFO Gradient norm: 50.684743879516
PROGRESS    Completed epoch 1404 / 2000;    current loss: 0.3329767882823944
INFO Gradient norm: 58.44669874374407
PROGRESS    Completed epoch 1405 / 2000;    current loss: 0.3358866274356842
INFO Gradient norm: 50.90979324641513
PROGRESS    Completed epoch 1406 / 2000;    current loss: 0.3333398699760437
INFO Gradient norm: 59.258313699490564
PROGRESS    Completed epoch 1407 / 2000;    current loss: 0.3352051079273224
INFO Gradient norm: 50.46244076108051
PROGRESS    Completed epoch 1408 / 2000;    current loss: 0.3327409327030182
INFO Gradient norm: 57.97030083630696
PROGRESS    Completed epoch 1409 / 2000;    current loss: 0.33544594049453735
INFO Gradient norm: 50.523664286211435
PROGRESS    Completed epoch 1410 / 2000;    current loss: 0.3329191505908966
INFO Gradient norm: 58.84227696611185
PROGRESS    Completed epoch 1411 / 2000;    current loss: 0.3347870707511902
INFO Gradient norm: 50.09512390256671
PROGRESS    Completed epoch 1412 / 2000;    current loss: 0.3323513865470886
INFO Gradient norm: 57.608858783599814
PROGRESS    Completed epoch 1413 / 2000;    current loss: 0.33503013849258423
INFO Gradient norm: 50.236051161480916
PROGRESS    Completed epoch 1414 / 2000;    current loss: 0.3325479030609131
INFO Gradient norm: 58.36466852258031
PROGRESS    Completed epoch 1415 / 2000;    current loss: 0.33448517322540283
INFO Gradient norm: 49.67937939492531
PROGRESS    Completed epoch 1416 / 2000;    current loss: 0.331946462392807
INFO Gradient norm: 57.28421913716747
PROGRESS    Completed epoch 1417 / 2000;    current loss: 0.33463773131370544
INFO Gradient norm: 49.690106129358306
PROGRESS    Completed epoch 1418 / 2000;    current loss: 0.3321153521537781
INFO Gradient norm: 58.79874821360814
PROGRESS    Completed epoch 1419 / 2000;    current loss: 0.3343881368637085
INFO Gradient norm: 50.33545207389282
PROGRESS    Completed epoch 1420 / 2000;    current loss: 0.33189645409584045
INFO Gradient norm: 56.17219120102841
PROGRESS    Completed epoch 1421 / 2000;    current loss: 0.33406758308410645
INFO Gradient norm: 46.63396037506378
PROGRESS    Completed epoch 1422 / 2000;    current loss: 0.3312457501888275
INFO Gradient norm: 63.14885272870529
PROGRESS    Completed epoch 1423 / 2000;    current loss: 0.33589592576026917
INFO Gradient norm: 55.872800786145156
PROGRESS    Completed epoch 1424 / 2000;    current loss: 0.333736389875412
INFO Gradient norm: 50.48630019305113
PROGRESS    Completed epoch 1425 / 2000;    current loss: 0.3327537775039673
INFO Gradient norm: 43.32678477530864
PROGRESS    Completed epoch 1426 / 2000;    current loss: 0.33080410957336426
INFO Gradient norm: 63.54681531939773
PROGRESS    Completed epoch 1427 / 2000;    current loss: 0.33646249771118164
INFO Gradient norm: 53.69444087922498
PROGRESS    Completed epoch 1428 / 2000;    current loss: 0.3334549069404602
INFO Gradient norm: 53.591350418745535
PROGRESS    Completed epoch 1429 / 2000;    current loss: 0.3339816927909851
INFO Gradient norm: 47.76216459846084
PROGRESS    Completed epoch 1430 / 2000;    current loss: 0.3322036564350128
INFO Gradient norm: 57.02376024877868
PROGRESS    Completed epoch 1431 / 2000;    current loss: 0.33453312516212463
INFO Gradient norm: 47.23301373022468
PROGRESS    Completed epoch 1432 / 2000;    current loss: 0.3317815959453583
INFO Gradient norm: 58.00822909677892
PROGRESS    Completed epoch 1433 / 2000;    current loss: 0.3355393707752228
INFO Gradient norm: 51.476828639092915
PROGRESS    Completed epoch 1434 / 2000;    current loss: 0.33329054713249207
INFO Gradient norm: 53.255545762764754
PROGRESS    Completed epoch 1435 / 2000;    current loss: 0.333351731300354
INFO Gradient norm: 44.96037275104172
PROGRESS    Completed epoch 1436 / 2000;    current loss: 0.3310924470424652
INFO Gradient norm: 58.04052587887853
PROGRESS    Completed epoch 1437 / 2000;    current loss: 0.33542269468307495
INFO Gradient norm: 50.4077048811968
PROGRESS    Completed epoch 1438 / 2000;    current loss: 0.3327938914299011
INFO Gradient norm: 54.833350193054365
PROGRESS    Completed epoch 1439 / 2000;    current loss: 0.33360347151756287
INFO Gradient norm: 47.32792351436206
PROGRESS    Completed epoch 1440 / 2000;    current loss: 0.33145225048065186
INFO Gradient norm: 55.11574012905115
PROGRESS    Completed epoch 1441 / 2000;    current loss: 0.3341357409954071
INFO Gradient norm: 47.454801042269175
PROGRESS    Completed epoch 1442 / 2000;    current loss: 0.33162346482276917
INFO Gradient norm: 57.22373240125571
PROGRESS    Completed epoch 1443 / 2000;    current loss: 0.3340589106082916
INFO Gradient norm: 49.279418012243326
PROGRESS    Completed epoch 1444 / 2000;    current loss: 0.33167701959609985
INFO Gradient norm: 53.3672000881121
PROGRESS    Completed epoch 1445 / 2000;    current loss: 0.3332590162754059
INFO Gradient norm: 46.39153805843242
PROGRESS    Completed epoch 1446 / 2000;    current loss: 0.3310280442237854
INFO Gradient norm: 56.95814704687035
PROGRESS    Completed epoch 1447 / 2000;    current loss: 0.33366018533706665
INFO Gradient norm: 48.43752853793247
PROGRESS    Completed epoch 1448 / 2000;    current loss: 0.3312474191188812
INFO Gradient norm: 53.841500388649415
PROGRESS    Completed epoch 1449 / 2000;    current loss: 0.3331315815448761
INFO Gradient norm: 47.2147797236315
PROGRESS    Completed epoch 1450 / 2000;    current loss: 0.33095815777778625
INFO Gradient norm: 55.02570014106534
PROGRESS    Completed epoch 1451 / 2000;    current loss: 0.3328835368156433
INFO Gradient norm: 46.57670099708984
PROGRESS    Completed epoch 1452 / 2000;    current loss: 0.33043721318244934
INFO Gradient norm: 54.584386050786904
PROGRESS    Completed epoch 1453 / 2000;    current loss: 0.33307507634162903
INFO Gradient norm: 47.79810247915205
PROGRESS    Completed epoch 1454 / 2000;    current loss: 0.33080750703811646
INFO Gradient norm: 53.89013405797985
PROGRESS    Completed epoch 1455 / 2000;    current loss: 0.332227885723114
INFO Gradient norm: 45.86593088198421
PROGRESS    Completed epoch 1456 / 2000;    current loss: 0.3299223780632019
INFO Gradient norm: 54.20937731874195
PROGRESS    Completed epoch 1457 / 2000;    current loss: 0.3326275050640106
INFO Gradient norm: 47.19950409447948
PROGRESS    Completed epoch 1458 / 2000;    current loss: 0.33030271530151367
INFO Gradient norm: 54.03880968975319
PROGRESS    Completed epoch 1459 / 2000;    current loss: 0.331938773393631
INFO Gradient norm: 46.258117394596766
PROGRESS    Completed epoch 1460 / 2000;    current loss: 0.32969096302986145
INFO Gradient norm: 53.15783062160001
PROGRESS    Completed epoch 1461 / 2000;    current loss: 0.33195963501930237
INFO Gradient norm: 46.21488939951618
PROGRESS    Completed epoch 1462 / 2000;    current loss: 0.3296980559825897
INFO Gradient norm: 54.28580245558171
PROGRESS    Completed epoch 1463 / 2000;    current loss: 0.3316817879676819
INFO Gradient norm: 46.423995981973086
PROGRESS    Completed epoch 1464 / 2000;    current loss: 0.32939571142196655
INFO Gradient norm: 52.48893042789053
PROGRESS    Completed epoch 1465 / 2000;    current loss: 0.33140918612480164
INFO Gradient norm: 45.75241945830784
PROGRESS    Completed epoch 1466 / 2000;    current loss: 0.32920515537261963
INFO Gradient norm: 53.83585505879975
PROGRESS    Completed epoch 1467 / 2000;    current loss: 0.3312212824821472
INFO Gradient norm: 45.884010874469155
PROGRESS    Completed epoch 1468 / 2000;    current loss: 0.32891368865966797
INFO Gradient norm: 52.35136848617195
PROGRESS    Completed epoch 1469 / 2000;    current loss: 0.3310404121875763
INFO Gradient norm: 45.72890100184001
PROGRESS    Completed epoch 1470 / 2000;    current loss: 0.3288789987564087
INFO Gradient norm: 53.05970461629021
PROGRESS    Completed epoch 1471 / 2000;    current loss: 0.33066341280937195
INFO Gradient norm: 45.18631113178993
PROGRESS    Completed epoch 1472 / 2000;    current loss: 0.32839298248291016
INFO Gradient norm: 52.22682812265387
PROGRESS    Completed epoch 1473 / 2000;    current loss: 0.3306805193424225
INFO Gradient norm: 45.583419481867715
PROGRESS    Completed epoch 1474 / 2000;    current loss: 0.32851552963256836
INFO Gradient norm: 52.52619739054552
PROGRESS    Completed epoch 1475 / 2000;    current loss: 0.3301655352115631
INFO Gradient norm: 44.830872032830754
PROGRESS    Completed epoch 1476 / 2000;    current loss: 0.32795748114585876
INFO Gradient norm: 51.774391054827845
PROGRESS    Completed epoch 1477 / 2000;    current loss: 0.3302055895328522
INFO Gradient norm: 45.12357852189955
PROGRESS    Completed epoch 1478 / 2000;    current loss: 0.32803580164909363
INFO Gradient norm: 52.317222586023384
PROGRESS    Completed epoch 1479 / 2000;    current loss: 0.32977402210235596
INFO Gradient norm: 44.70603849516959
PROGRESS    Completed epoch 1480 / 2000;    current loss: 0.3275826871395111
INFO Gradient norm: 49.87557874282507
PROGRESS    Completed epoch 1481 / 2000;    current loss: 0.3293834924697876
INFO Gradient norm: 40.73477818539213
PROGRESS    Completed epoch 1482 / 2000;    current loss: 0.32690703868865967
INFO Gradient norm: 59.113551073753385
PROGRESS    Completed epoch 1483 / 2000;    current loss: 0.33229511976242065
INFO Gradient norm: 52.67436030224506
PROGRESS    Completed epoch 1484 / 2000;    current loss: 0.3304148316383362
INFO Gradient norm: 43.98693610759282
PROGRESS    Completed epoch 1485 / 2000;    current loss: 0.32821857929229736
INFO Gradient norm: 37.93837037670042
PROGRESS    Completed epoch 1486 / 2000;    current loss: 0.326736718416214
INFO Gradient norm: 58.071036400603575
PROGRESS    Completed epoch 1487 / 2000;    current loss: 0.33244356513023376
INFO Gradient norm: 48.54116830058287
PROGRESS    Completed epoch 1488 / 2000;    current loss: 0.3296124339103699
INFO Gradient norm: 49.048279917715206
PROGRESS    Completed epoch 1489 / 2000;    current loss: 0.3300158679485321
INFO Gradient norm: 44.32906514570729
PROGRESS    Completed epoch 1490 / 2000;    current loss: 0.3285982310771942
INFO Gradient norm: 49.82874206871511
PROGRESS    Completed epoch 1491 / 2000;    current loss: 0.3300517499446869
INFO Gradient norm: 40.99814482868037
PROGRESS    Completed epoch 1492 / 2000;    current loss: 0.3277149796485901
INFO Gradient norm: 53.76111204326771
PROGRESS    Completed epoch 1493 / 2000;    current loss: 0.3315925598144531
INFO Gradient norm: 47.629958890157326
PROGRESS    Completed epoch 1494 / 2000;    current loss: 0.32950764894485474
INFO Gradient norm: 47.28284748769306
PROGRESS    Completed epoch 1495 / 2000;    current loss: 0.32919076085090637
INFO Gradient norm: 40.46542468541407
PROGRESS    Completed epoch 1496 / 2000;    current loss: 0.32737499475479126
INFO Gradient norm: 52.20402242851957
PROGRESS    Completed epoch 1497 / 2000;    current loss: 0.33081963658332825
INFO Gradient norm: 44.89691302379164
PROGRESS    Completed epoch 1498 / 2000;    current loss: 0.32839909195899963
INFO Gradient norm: 50.74204187134558
PROGRESS    Completed epoch 1499 / 2000;    current loss: 0.32986459136009216
INFO Gradient norm: 44.30416749433929
PROGRESS    Completed epoch 1500 / 2000;    current loss: 0.3279604911804199
INFO Gradient norm: 48.54138764632213
PROGRESS    Completed epoch 1501 / 2000;    current loss: 0.3292440176010132
INFO Gradient norm: 41.69499503017823
PROGRESS    Completed epoch 1502 / 2000;    current loss: 0.32714322209358215
INFO Gradient norm: 52.941216721503416
PROGRESS    Completed epoch 1503 / 2000;    current loss: 0.33012253046035767
INFO Gradient norm: 45.56742857423807
PROGRESS    Completed epoch 1504 / 2000;    current loss: 0.3279281258583069
INFO Gradient norm: 47.772616530822454
PROGRESS    Completed epoch 1505 / 2000;    current loss: 0.3286375403404236
INFO Gradient norm: 41.814571675609294
PROGRESS    Completed epoch 1506 / 2000;    current loss: 0.32678720355033875
INFO Gradient norm: 51.35128302927994
PROGRESS    Completed epoch 1507 / 2000;    current loss: 0.32926785945892334
INFO Gradient norm: 43.49738286073207
PROGRESS    Completed epoch 1508 / 2000;    current loss: 0.32698944211006165
INFO Gradient norm: 48.91071101090393
PROGRESS    Completed epoch 1509 / 2000;    current loss: 0.3286360204219818
INFO Gradient norm: 40.88882760363394
PROGRESS    Completed epoch 1510 / 2000;    current loss: 0.32615789771080017
INFO Gradient norm: 53.749955358637315
PROGRESS    Completed epoch 1511 / 2000;    current loss: 0.3296249508857727
INFO Gradient norm: 47.45196690889375
PROGRESS    Completed epoch 1512 / 2000;    current loss: 0.32768046855926514
INFO Gradient norm: 44.22792914164051
PROGRESS    Completed epoch 1513 / 2000;    current loss: 0.32685887813568115
INFO Gradient norm: 38.146777772387495
PROGRESS    Completed epoch 1514 / 2000;    current loss: 0.32511526346206665
INFO Gradient norm: 53.581755395972564
PROGRESS    Completed epoch 1515 / 2000;    current loss: 0.3292657732963562
INFO Gradient norm: 45.385905319854544
PROGRESS    Completed epoch 1516 / 2000;    current loss: 0.32676565647125244
INFO Gradient norm: 46.50228218639753
PROGRESS    Completed epoch 1517 / 2000;    current loss: 0.327223002910614
INFO Gradient norm: 41.45435175788231
PROGRESS    Completed epoch 1518 / 2000;    current loss: 0.3256523013114929
INFO Gradient norm: 48.415088884317974
PROGRESS    Completed epoch 1519 / 2000;    current loss: 0.3273829519748688
INFO Gradient norm: 40.44657552657821
PROGRESS    Completed epoch 1520 / 2000;    current loss: 0.32516300678253174
INFO Gradient norm: 49.49073154313944
PROGRESS    Completed epoch 1521 / 2000;    current loss: 0.3278689384460449
INFO Gradient norm: 43.77905281536848
PROGRESS    Completed epoch 1522 / 2000;    current loss: 0.32598069310188293
INFO Gradient norm: 45.92857877486307
PROGRESS    Completed epoch 1523 / 2000;    current loss: 0.3263259828090668
INFO Gradient norm: 39.1712572796048
PROGRESS    Completed epoch 1524 / 2000;    current loss: 0.3244780898094177
INFO Gradient norm: 48.93592392184294
PROGRESS    Completed epoch 1525 / 2000;    current loss: 0.3273516297340393
INFO Gradient norm: 42.464746684789304
PROGRESS    Completed epoch 1526 / 2000;    current loss: 0.3252468407154083
INFO Gradient norm: 47.3760497472753
PROGRESS    Completed epoch 1527 / 2000;    current loss: 0.3263440728187561
INFO Gradient norm: 41.12221733558907
PROGRESS    Completed epoch 1528 / 2000;    current loss: 0.3245721459388733
INFO Gradient norm: 46.496401652612626
PROGRESS    Completed epoch 1529 / 2000;    current loss: 0.32618701457977295
INFO Gradient norm: 40.15531375556276
PROGRESS    Completed epoch 1530 / 2000;    current loss: 0.32423028349876404
INFO Gradient norm: 48.918322032316794
PROGRESS    Completed epoch 1531 / 2000;    current loss: 0.3264409899711609
INFO Gradient norm: 42.2199924696467
PROGRESS    Completed epoch 1532 / 2000;    current loss: 0.324481725692749
INFO Gradient norm: 44.780428716196184
PROGRESS    Completed epoch 1533 / 2000;    current loss: 0.32535722851753235
INFO Gradient norm: 36.447700705111814
PROGRESS    Completed epoch 1534 / 2000;    current loss: 0.32323595881462097
INFO Gradient norm: 53.916512227268825
PROGRESS    Completed epoch 1535 / 2000;    current loss: 0.32821589708328247
INFO Gradient norm: 48.14822038577116
PROGRESS    Completed epoch 1536 / 2000;    current loss: 0.3265765607357025
INFO Gradient norm: 39.48780054600589
PROGRESS    Completed epoch 1537 / 2000;    current loss: 0.3244183659553528
INFO Gradient norm: 34.17025490122605
PROGRESS    Completed epoch 1538 / 2000;    current loss: 0.3231878876686096
INFO Gradient norm: 52.339077369441235
PROGRESS    Completed epoch 1539 / 2000;    current loss: 0.3281558156013489
INFO Gradient norm: 43.60422733333426
PROGRESS    Completed epoch 1540 / 2000;    current loss: 0.3256448209285736
INFO Gradient norm: 44.79192746135517
PROGRESS    Completed epoch 1541 / 2000;    current loss: 0.32616618275642395
INFO Gradient norm: 40.683735454023854
PROGRESS    Completed epoch 1542 / 2000;    current loss: 0.32495903968811035
INFO Gradient norm: 44.27542899312537
PROGRESS    Completed epoch 1543 / 2000;    current loss: 0.3258610665798187
INFO Gradient norm: 36.494378755512834
PROGRESS    Completed epoch 1544 / 2000;    current loss: 0.3238801062107086
INFO Gradient norm: 48.950382520545375
PROGRESS    Completed epoch 1545 / 2000;    current loss: 0.3274766206741333
INFO Gradient norm: 43.33734872123634
PROGRESS    Completed epoch 1546 / 2000;    current loss: 0.325633704662323
INFO Gradient norm: 42.441674547963004
PROGRESS    Completed epoch 1547 / 2000;    current loss: 0.32522228360176086
INFO Gradient norm: 36.56306309590221
PROGRESS    Completed epoch 1548 / 2000;    current loss: 0.3236857056617737
INFO Gradient norm: 46.91854496575483
PROGRESS    Completed epoch 1549 / 2000;    current loss: 0.3265911936759949
INFO Gradient norm: 40.27486208418993
PROGRESS    Completed epoch 1550 / 2000;    current loss: 0.32447853684425354
INFO Gradient norm: 45.946305589431475
PROGRESS    Completed epoch 1551 / 2000;    current loss: 0.32589393854141235
INFO Gradient norm: 40.335876776423454
PROGRESS    Completed epoch 1552 / 2000;    current loss: 0.3242829740047455
INFO Gradient norm: 43.30082744365087
PROGRESS    Completed epoch 1553 / 2000;    current loss: 0.32512277364730835
INFO Gradient norm: 37.23736264526956
PROGRESS    Completed epoch 1554 / 2000;    current loss: 0.32331907749176025
INFO Gradient norm: 47.70349671056467
PROGRESS    Completed epoch 1555 / 2000;    current loss: 0.3260625898838043
INFO Gradient norm: 41.084071774121846
PROGRESS    Completed epoch 1556 / 2000;    current loss: 0.32411184906959534
INFO Gradient norm: 42.89466388200012
PROGRESS    Completed epoch 1557 / 2000;    current loss: 0.3246299922466278
INFO Gradient norm: 37.6828769893107
PROGRESS    Completed epoch 1558 / 2000;    current loss: 0.3230609893798828
INFO Gradient norm: 45.74427094740797
PROGRESS    Completed epoch 1559 / 2000;    current loss: 0.32511502504348755
INFO Gradient norm: 38.75888682955196
PROGRESS    Completed epoch 1560 / 2000;    current loss: 0.32313740253448486
INFO Gradient norm: 44.33178760153905
PROGRESS    Completed epoch 1561 / 2000;    current loss: 0.32471323013305664
INFO Gradient norm: 39.11696888573867
PROGRESS    Completed epoch 1562 / 2000;    current loss: 0.32307207584381104
INFO Gradient norm: 43.65687585681413
PROGRESS    Completed epoch 1563 / 2000;    current loss: 0.32413893938064575
INFO Gradient norm: 37.23852504354791
PROGRESS    Completed epoch 1564 / 2000;    current loss: 0.3223881125450134
INFO Gradient norm: 44.48672109647563
PROGRESS    Completed epoch 1565 / 2000;    current loss: 0.32437995076179504
INFO Gradient norm: 38.83667319135624
PROGRESS    Completed epoch 1566 / 2000;    current loss: 0.3226068317890167
INFO Gradient norm: 43.70877893923122
PROGRESS    Completed epoch 1567 / 2000;    current loss: 0.323764830827713
INFO Gradient norm: 37.723784875316596
PROGRESS    Completed epoch 1568 / 2000;    current loss: 0.3220937252044678
INFO Gradient norm: 43.20804303246005
PROGRESS    Completed epoch 1569 / 2000;    current loss: 0.32359230518341064
INFO Gradient norm: 37.49293829709209
PROGRESS    Completed epoch 1570 / 2000;    current loss: 0.32183969020843506
INFO Gradient norm: 44.42587609564803
PROGRESS    Completed epoch 1571 / 2000;    current loss: 0.32357558608055115
INFO Gradient norm: 38.31911222329253
PROGRESS    Completed epoch 1572 / 2000;    current loss: 0.3218349516391754
INFO Gradient norm: 42.2474737992348
PROGRESS    Completed epoch 1573 / 2000;    current loss: 0.32291415333747864
INFO Gradient norm: 36.82433590461357
PROGRESS    Completed epoch 1574 / 2000;    current loss: 0.32127177715301514
INFO Gradient norm: 44.09368937263753
PROGRESS    Completed epoch 1575 / 2000;    current loss: 0.32308006286621094
INFO Gradient norm: 37.78849768429538
PROGRESS    Completed epoch 1576 / 2000;    current loss: 0.32130205631256104
INFO Gradient norm: 42.22650765228977
PROGRESS    Completed epoch 1577 / 2000;    current loss: 0.3225291669368744
INFO Gradient norm: 36.97569002802087
PROGRESS    Completed epoch 1578 / 2000;    current loss: 0.3209288418292999
INFO Gradient norm: 43.108592549834356
PROGRESS    Completed epoch 1579 / 2000;    current loss: 0.32242342829704285
INFO Gradient norm: 36.87405537243449
PROGRESS    Completed epoch 1580 / 2000;    current loss: 0.32070210576057434
INFO Gradient norm: 39.89985233746738
PROGRESS    Completed epoch 1581 / 2000;    current loss: 0.32170382142066956
INFO Gradient norm: 32.16901380930846
PROGRESS    Completed epoch 1582 / 2000;    current loss: 0.3198812007904053
INFO Gradient norm: 49.85724438037859
PROGRESS    Completed epoch 1583 / 2000;    current loss: 0.3249131739139557
INFO Gradient norm: 44.38151022148176
PROGRESS    Completed epoch 1584 / 2000;    current loss: 0.3233760893344879
INFO Gradient norm: 35.68796982161801
PROGRESS    Completed epoch 1585 / 2000;    current loss: 0.3211096525192261
INFO Gradient norm: 31.302714976588366
PROGRESS    Completed epoch 1586 / 2000;    current loss: 0.3201213777065277
INFO Gradient norm: 46.712426074656335
PROGRESS    Completed epoch 1587 / 2000;    current loss: 0.324309766292572
INFO Gradient norm: 38.428533353809776
PROGRESS    Completed epoch 1588 / 2000;    current loss: 0.3219999670982361
INFO Gradient norm: 42.065173857826814
PROGRESS    Completed epoch 1589 / 2000;    current loss: 0.323045015335083
INFO Gradient norm: 38.42517137230616
PROGRESS    Completed epoch 1590 / 2000;    current loss: 0.3219512403011322
INFO Gradient norm: 38.824818725551125
PROGRESS    Completed epoch 1591 / 2000;    current loss: 0.32207390666007996
INFO Gradient norm: 32.16848535990485
PROGRESS    Completed epoch 1592 / 2000;    current loss: 0.32042384147644043
INFO Gradient norm: 45.06395391554843
PROGRESS    Completed epoch 1593 / 2000;    current loss: 0.3238429129123688
INFO Gradient norm: 39.48628863442852
PROGRESS    Completed epoch 1594 / 2000;    current loss: 0.32201477885246277
INFO Gradient norm: 39.16485102679255
PROGRESS    Completed epoch 1595 / 2000;    current loss: 0.3218667209148407
INFO Gradient norm: 34.350758635230356
PROGRESS    Completed epoch 1596 / 2000;    current loss: 0.32056140899658203
INFO Gradient norm: 41.59112076292215
PROGRESS    Completed epoch 1597 / 2000;    current loss: 0.3223799169063568
INFO Gradient norm: 35.401350651693235
PROGRESS    Completed epoch 1598 / 2000;    current loss: 0.3205343186855316
INFO Gradient norm: 43.25126722991244
PROGRESS    Completed epoch 1599 / 2000;    current loss: 0.3225647807121277
INFO Gradient norm: 38.0312883040632
PROGRESS    Completed epoch 1600 / 2000;    current loss: 0.32103753089904785
INFO Gradient norm: 38.65206690849598
PROGRESS    Completed epoch 1601 / 2000;    current loss: 0.3210827112197876
INFO Gradient norm: 33.4762292232947
PROGRESS    Completed epoch 1602 / 2000;    current loss: 0.3195962607860565
INFO Gradient norm: 43.48850316353825
PROGRESS    Completed epoch 1603 / 2000;    current loss: 0.3221736252307892
INFO Gradient norm: 37.09614549894999
PROGRESS    Completed epoch 1604 / 2000;    current loss: 0.32031533122062683
INFO Gradient norm: 39.75204074854718
PROGRESS    Completed epoch 1605 / 2000;    current loss: 0.3209342360496521
INFO Gradient norm: 35.222272986203016
PROGRESS    Completed epoch 1606 / 2000;    current loss: 0.31957095861434937
INFO Gradient norm: 40.67641020454543
PROGRESS    Completed epoch 1607 / 2000;    current loss: 0.3209196925163269
INFO Gradient norm: 34.45353502607176
PROGRESS    Completed epoch 1608 / 2000;    current loss: 0.31920528411865234
INFO Gradient norm: 41.105854786926564
PROGRESS    Completed epoch 1609 / 2000;    current loss: 0.3209052085876465
INFO Gradient norm: 36.13828449043663
PROGRESS    Completed epoch 1610 / 2000;    current loss: 0.3193575143814087
INFO Gradient norm: 39.69357475320156
PROGRESS    Completed epoch 1611 / 2000;    current loss: 0.3201887011528015
INFO Gradient norm: 34.23385887057759
PROGRESS    Completed epoch 1612 / 2000;    current loss: 0.3186778426170349
INFO Gradient norm: 40.21315382365617
PROGRESS    Completed epoch 1613 / 2000;    current loss: 0.3201873004436493
INFO Gradient norm: 34.85209429001006
PROGRESS    Completed epoch 1614 / 2000;    current loss: 0.318567156791687
INFO Gradient norm: 40.736540067401194
PROGRESS    Completed epoch 1615 / 2000;    current loss: 0.32000648975372314
INFO Gradient norm: 35.3743434693759
PROGRESS    Completed epoch 1616 / 2000;    current loss: 0.31847453117370605
INFO Gradient norm: 38.78452938266178
PROGRESS    Completed epoch 1617 / 2000;    current loss: 0.31930989027023315
INFO Gradient norm: 33.682051518837035
PROGRESS    Completed epoch 1618 / 2000;    current loss: 0.3177976906299591
INFO Gradient norm: 40.99087111511656
PROGRESS    Completed epoch 1619 / 2000;    current loss: 0.3196101486682892
INFO Gradient norm: 35.24941474009985
PROGRESS    Completed epoch 1620 / 2000;    current loss: 0.31797024607658386
INFO Gradient norm: 36.3447015939865
PROGRESS    Completed epoch 1621 / 2000;    current loss: 0.31841060519218445
INFO Gradient norm: 29.263342105572107
PROGRESS    Completed epoch 1622 / 2000;    current loss: 0.3168053925037384
INFO Gradient norm: 46.38928635651307
PROGRESS    Completed epoch 1623 / 2000;    current loss: 0.32152438163757324
INFO Gradient norm: 41.092071618761366
PROGRESS    Completed epoch 1624 / 2000;    current loss: 0.32004234194755554
INFO Gradient norm: 33.32967428784641
PROGRESS    Completed epoch 1625 / 2000;    current loss: 0.31806182861328125
INFO Gradient norm: 29.6245146893786
PROGRESS    Completed epoch 1626 / 2000;    current loss: 0.3172551095485687
INFO Gradient norm: 42.170789981649534
PROGRESS    Completed epoch 1627 / 2000;    current loss: 0.3205395042896271
INFO Gradient norm: 34.418519982902744
PROGRESS    Completed epoch 1628 / 2000;    current loss: 0.31847232580184937
INFO Gradient norm: 39.90414527428075
PROGRESS    Completed epoch 1629 / 2000;    current loss: 0.3199702799320221
INFO Gradient norm: 36.421099409755186
PROGRESS    Completed epoch 1630 / 2000;    current loss: 0.3189155161380768
INFO Gradient norm: 35.1751226761466
PROGRESS    Completed epoch 1631 / 2000;    current loss: 0.3185909688472748
INFO Gradient norm: 29.466256184975283
PROGRESS    Completed epoch 1632 / 2000;    current loss: 0.31723731756210327
INFO Gradient norm: 41.47388196619596
PROGRESS    Completed epoch 1633 / 2000;    current loss: 0.32026782631874084
INFO Gradient norm: 35.91633402480202
PROGRESS    Completed epoch 1634 / 2000;    current loss: 0.31852987408638
INFO Gradient norm: 37.16085943232053
PROGRESS    Completed epoch 1635 / 2000;    current loss: 0.31878218054771423
INFO Gradient norm: 32.9840460492309
PROGRESS    Completed epoch 1636 / 2000;    current loss: 0.317669540643692
INFO Gradient norm: 37.24617806862819
PROGRESS    Completed epoch 1637 / 2000;    current loss: 0.3186075985431671
INFO Gradient norm: 31.602548520958134
PROGRESS    Completed epoch 1638 / 2000;    current loss: 0.31702202558517456
INFO Gradient norm: 40.67491147071683
PROGRESS    Completed epoch 1639 / 2000;    current loss: 0.31934595108032227
INFO Gradient norm: 35.44873711045345
PROGRESS    Completed epoch 1640 / 2000;    current loss: 0.3178017735481262
INFO Gradient norm: 35.649797506973634
PROGRESS    Completed epoch 1641 / 2000;    current loss: 0.31771373748779297
INFO Gradient norm: 31.242989421574983
PROGRESS    Completed epoch 1642 / 2000;    current loss: 0.3164635896682739
INFO Gradient norm: 39.18541319049739
PROGRESS    Completed epoch 1643 / 2000;    current loss: 0.31843382120132446
INFO Gradient norm: 33.10330253791717
PROGRESS    Completed epoch 1644 / 2000;    current loss: 0.31673815846443176
INFO Gradient norm: 37.54645340892441
PROGRESS    Completed epoch 1645 / 2000;    current loss: 0.31776586174964905
INFO Gradient norm: 33.31687928903099
PROGRESS    Completed epoch 1646 / 2000;    current loss: 0.31647250056266785
INFO Gradient norm: 36.5434035808954
PROGRESS    Completed epoch 1647 / 2000;    current loss: 0.3172203600406647
INFO Gradient norm: 31.18326254179691
PROGRESS    Completed epoch 1648 / 2000;    current loss: 0.3157861828804016
INFO Gradient norm: 37.87342832900912
PROGRESS    Completed epoch 1649 / 2000;    current loss: 0.3173598051071167
INFO Gradient norm: 32.95227391519002
PROGRESS    Completed epoch 1650 / 2000;    current loss: 0.3158760666847229
INFO Gradient norm: 36.96752285469853
PROGRESS    Completed epoch 1651 / 2000;    current loss: 0.31681087613105774
INFO Gradient norm: 32.15970025939327
PROGRESS    Completed epoch 1652 / 2000;    current loss: 0.31547805666923523
INFO Gradient norm: 36.1596861426657
PROGRESS    Completed epoch 1653 / 2000;    current loss: 0.3163648545742035
INFO Gradient norm: 31.02296236525415
PROGRESS    Completed epoch 1654 / 2000;    current loss: 0.314903199672699
INFO Gradient norm: 39.183278962971926
PROGRESS    Completed epoch 1655 / 2000;    current loss: 0.3170388340950012
INFO Gradient norm: 34.58752284212994
PROGRESS    Completed epoch 1656 / 2000;    current loss: 0.3157499134540558
INFO Gradient norm: 33.88246207726257
PROGRESS    Completed epoch 1657 / 2000;    current loss: 0.3154539167881012
INFO Gradient norm: 29.493526556312652
PROGRESS    Completed epoch 1658 / 2000;    current loss: 0.31430718302726746
INFO Gradient norm: 38.60637509980353
PROGRESS    Completed epoch 1659 / 2000;    current loss: 0.31658315658569336
INFO Gradient norm: 32.62099890818386
PROGRESS    Completed epoch 1660 / 2000;    current loss: 0.3149354159832001
INFO Gradient norm: 34.6556276786167
PROGRESS    Completed epoch 1661 / 2000;    current loss: 0.31544893980026245
INFO Gradient norm: 28.683025866333537
PROGRESS    Completed epoch 1662 / 2000;    current loss: 0.3141145706176758
INFO Gradient norm: 40.31034747461958
PROGRESS    Completed epoch 1663 / 2000;    current loss: 0.3172903060913086
INFO Gradient norm: 35.46948732386282
PROGRESS    Completed epoch 1664 / 2000;    current loss: 0.3160424828529358
INFO Gradient norm: 32.418056276936674
PROGRESS    Completed epoch 1665 / 2000;    current loss: 0.3152746260166168
INFO Gradient norm: 28.67456953522365
PROGRESS    Completed epoch 1666 / 2000;    current loss: 0.3144119679927826
INFO Gradient norm: 37.626333107447415
PROGRESS    Completed epoch 1667 / 2000;    current loss: 0.3167446553707123
INFO Gradient norm: 31.1762983314977
PROGRESS    Completed epoch 1668 / 2000;    current loss: 0.31508463621139526
INFO Gradient norm: 36.47569658707379
PROGRESS    Completed epoch 1669 / 2000;    current loss: 0.3163672983646393
INFO Gradient norm: 32.83153993445869
PROGRESS    Completed epoch 1670 / 2000;    current loss: 0.31530916690826416
INFO Gradient norm: 33.311276389275385
PROGRESS    Completed epoch 1671 / 2000;    current loss: 0.3154515027999878
INFO Gradient norm: 28.316334092841096
PROGRESS    Completed epoch 1672 / 2000;    current loss: 0.31421148777008057
INFO Gradient norm: 36.983673980861326
PROGRESS    Completed epoch 1673 / 2000;    current loss: 0.3162310719490051
INFO Gradient norm: 31.954114408463553
PROGRESS    Completed epoch 1674 / 2000;    current loss: 0.3147287964820862
INFO Gradient norm: 34.953648759320025
PROGRESS    Completed epoch 1675 / 2000;    current loss: 0.3154792785644531
INFO Gradient norm: 30.839101639807833
PROGRESS    Completed epoch 1676 / 2000;    current loss: 0.3143237233161926
INFO Gradient norm: 34.00385296112986
PROGRESS    Completed epoch 1677 / 2000;    current loss: 0.31492820382118225
INFO Gradient norm: 29.15614392779641
PROGRESS    Completed epoch 1678 / 2000;    current loss: 0.31357210874557495
INFO Gradient norm: 36.711336957692126
PROGRESS    Completed epoch 1679 / 2000;    current loss: 0.3154192864894867
INFO Gradient norm: 31.71346953135879
PROGRESS    Completed epoch 1680 / 2000;    current loss: 0.3139888644218445
INFO Gradient norm: 33.501961242789235
PROGRESS    Completed epoch 1681 / 2000;    current loss: 0.3142445981502533
INFO Gradient norm: 29.49664119299907
PROGRESS    Completed epoch 1682 / 2000;    current loss: 0.31307291984558105
INFO Gradient norm: 35.023328784000235
PROGRESS    Completed epoch 1683 / 2000;    current loss: 0.314385324716568
INFO Gradient norm: 29.719056861684393
PROGRESS    Completed epoch 1684 / 2000;    current loss: 0.31293249130249023
INFO Gradient norm: 34.696580241868844
PROGRESS    Completed epoch 1685 / 2000;    current loss: 0.3139975965023041
INFO Gradient norm: 30.535389388243058
PROGRESS    Completed epoch 1686 / 2000;    current loss: 0.3127487301826477
INFO Gradient norm: 33.692362529981814
PROGRESS    Completed epoch 1687 / 2000;    current loss: 0.313432514667511
INFO Gradient norm: 29.44758331581586
PROGRESS    Completed epoch 1688 / 2000;    current loss: 0.3122973144054413
INFO Gradient norm: 32.468608411766716
PROGRESS    Completed epoch 1689 / 2000;    current loss: 0.3129931092262268
INFO Gradient norm: 26.626701546275235
PROGRESS    Completed epoch 1690 / 2000;    current loss: 0.31160053610801697
INFO Gradient norm: 38.34928740258893
PROGRESS    Completed epoch 1691 / 2000;    current loss: 0.31464704871177673
INFO Gradient norm: 33.77695503720287
PROGRESS    Completed epoch 1692 / 2000;    current loss: 0.313376784324646
INFO Gradient norm: 30.17587919285132
PROGRESS    Completed epoch 1693 / 2000;    current loss: 0.3123672306537628
INFO Gradient norm: 26.873941392814704
PROGRESS    Completed epoch 1694 / 2000;    current loss: 0.31155022978782654
INFO Gradient norm: 35.10286228692554
PROGRESS    Completed epoch 1695 / 2000;    current loss: 0.3135630786418915
INFO Gradient norm: 28.87943191911585
PROGRESS    Completed epoch 1696 / 2000;    current loss: 0.31193917989730835
INFO Gradient norm: 34.656848123382765
PROGRESS    Completed epoch 1697 / 2000;    current loss: 0.31324729323387146
INFO Gradient norm: 31.236446522794107
PROGRESS    Completed epoch 1698 / 2000;    current loss: 0.3121979236602783
INFO Gradient norm: 30.833465227893814
PROGRESS    Completed epoch 1699 / 2000;    current loss: 0.3120678663253784
INFO Gradient norm: 26.36738833896483
PROGRESS    Completed epoch 1700 / 2000;    current loss: 0.31094297766685486
INFO Gradient norm: 34.46086067673964
PROGRESS    Completed epoch 1701 / 2000;    current loss: 0.3127369284629822
INFO Gradient norm: 27.222362149300185
PROGRESS    Completed epoch 1702 / 2000;    current loss: 0.31100741028785706
INFO Gradient norm: 37.92975301796308
PROGRESS    Completed epoch 1703 / 2000;    current loss: 0.31397706270217896
INFO Gradient norm: 35.037625927593325
PROGRESS    Completed epoch 1704 / 2000;    current loss: 0.31323301792144775
INFO Gradient norm: 26.738888543984263
PROGRESS    Completed epoch 1705 / 2000;    current loss: 0.3110983669757843
INFO Gradient norm: 23.322208799978693
PROGRESS    Completed epoch 1706 / 2000;    current loss: 0.31038907170295715
INFO Gradient norm: 36.90374550425995
PROGRESS    Completed epoch 1707 / 2000;    current loss: 0.31375303864479065
INFO Gradient norm: 29.8463025032362
PROGRESS    Completed epoch 1708 / 2000;    current loss: 0.3118368685245514
INFO Gradient norm: 33.563489986645585
PROGRESS    Completed epoch 1709 / 2000;    current loss: 0.31260937452316284
INFO Gradient norm: 31.198338851183795
PROGRESS    Completed epoch 1710 / 2000;    current loss: 0.31188255548477173
INFO Gradient norm: 28.623387465735952
PROGRESS    Completed epoch 1711 / 2000;    current loss: 0.31127414107322693
INFO Gradient norm: 23.77530134019046
PROGRESS    Completed epoch 1712 / 2000;    current loss: 0.31012243032455444
INFO Gradient norm: 35.748613901291975
PROGRESS    Completed epoch 1713 / 2000;    current loss: 0.31278935074806213
INFO Gradient norm: 30.71873295228844
PROGRESS    Completed epoch 1714 / 2000;    current loss: 0.3112275302410126
INFO Gradient norm: 31.228152022298897
PROGRESS    Completed epoch 1715 / 2000;    current loss: 0.3113044500350952
INFO Gradient norm: 28.21307596563684
PROGRESS    Completed epoch 1716 / 2000;    current loss: 0.31043338775634766
INFO Gradient norm: 30.719050155155934
PROGRESS    Completed epoch 1717 / 2000;    current loss: 0.3107824921607971
INFO Gradient norm: 25.89744010474217
PROGRESS    Completed epoch 1718 / 2000;    current loss: 0.3094499707221985
INFO Gradient norm: 34.77671787578187
PROGRESS    Completed epoch 1719 / 2000;    current loss: 0.3115665316581726
INFO Gradient norm: 30.17836116930062
PROGRESS    Completed epoch 1720 / 2000;    current loss: 0.3102067708969116
INFO Gradient norm: 29.31310505846289
PROGRESS    Completed epoch 1721 / 2000;    current loss: 0.30982840061187744
INFO Gradient norm: 23.33732763629195
PROGRESS    Completed epoch 1722 / 2000;    current loss: 0.3086313009262085
INFO Gradient norm: 37.48855838820978
PROGRESS    Completed epoch 1723 / 2000;    current loss: 0.3123262822628021
INFO Gradient norm: 33.05438077826583
PROGRESS    Completed epoch 1724 / 2000;    current loss: 0.3111629784107208
INFO Gradient norm: 27.267733674833057
PROGRESS    Completed epoch 1725 / 2000;    current loss: 0.30970409512519836
INFO Gradient norm: 24.82780845397748
PROGRESS    Completed epoch 1726 / 2000;    current loss: 0.30917027592658997
INFO Gradient norm: 32.35600873118759
PROGRESS    Completed epoch 1727 / 2000;    current loss: 0.3110247552394867
INFO Gradient norm: 25.927665866405583
PROGRESS    Completed epoch 1728 / 2000;    current loss: 0.30945098400115967
INFO Gradient norm: 33.71350951487365
PROGRESS    Completed epoch 1729 / 2000;    current loss: 0.31124210357666016
INFO Gradient norm: 30.622909022093655
PROGRESS    Completed epoch 1730 / 2000;    current loss: 0.31030017137527466
INFO Gradient norm: 27.474250641908984
PROGRESS    Completed epoch 1731 / 2000;    current loss: 0.30952754616737366
INFO Gradient norm: 23.760545429506017
PROGRESS    Completed epoch 1732 / 2000;    current loss: 0.30861788988113403
INFO Gradient norm: 32.64566281077011
PROGRESS    Completed epoch 1733 / 2000;    current loss: 0.31049278378486633
INFO Gradient norm: 27.473500444341358
PROGRESS    Completed epoch 1734 / 2000;    current loss: 0.3089951276779175
INFO Gradient norm: 31.797114706356226
PROGRESS    Completed epoch 1735 / 2000;    current loss: 0.3100154399871826
INFO Gradient norm: 28.574352168285852
PROGRESS    Completed epoch 1736 / 2000;    current loss: 0.3090568482875824
INFO Gradient norm: 28.378041244197824
PROGRESS    Completed epoch 1737 / 2000;    current loss: 0.30875229835510254
INFO Gradient norm: 24.44433347101003
PROGRESS    Completed epoch 1738 / 2000;    current loss: 0.3076751232147217
INFO Gradient norm: 32.635553853220486
PROGRESS    Completed epoch 1739 / 2000;    current loss: 0.30954334139823914
INFO Gradient norm: 27.63390423113637
PROGRESS    Completed epoch 1740 / 2000;    current loss: 0.30813243985176086
INFO Gradient norm: 29.925036241791243
PROGRESS    Completed epoch 1741 / 2000;    current loss: 0.3084316849708557
INFO Gradient norm: 25.720518778613428
PROGRESS    Completed epoch 1742 / 2000;    current loss: 0.30734914541244507
INFO Gradient norm: 31.962463254756642
PROGRESS    Completed epoch 1743 / 2000;    current loss: 0.3089289665222168
INFO Gradient norm: 28.083242871696424
PROGRESS    Completed epoch 1744 / 2000;    current loss: 0.30791643261909485
INFO Gradient norm: 28.48384787959853
PROGRESS    Completed epoch 1745 / 2000;    current loss: 0.3078553080558777
INFO Gradient norm: 25.061530554288836
PROGRESS    Completed epoch 1746 / 2000;    current loss: 0.3069533407688141
INFO Gradient norm: 30.832186909421978
PROGRESS    Completed epoch 1747 / 2000;    current loss: 0.3083367943763733
INFO Gradient norm: 26.003435678848753
PROGRESS    Completed epoch 1748 / 2000;    current loss: 0.3070714771747589
INFO Gradient norm: 30.327219262266702
PROGRESS    Completed epoch 1749 / 2000;    current loss: 0.3078939914703369
INFO Gradient norm: 26.679417031829704
PROGRESS    Completed epoch 1750 / 2000;    current loss: 0.3068770468235016
INFO Gradient norm: 29.428418857613295
PROGRESS    Completed epoch 1751 / 2000;    current loss: 0.30755308270454407
INFO Gradient norm: 25.847535809933778
PROGRESS    Completed epoch 1752 / 2000;    current loss: 0.3066369295120239
INFO Gradient norm: 28.841791057311898
PROGRESS    Completed epoch 1753 / 2000;    current loss: 0.3071388900279999
INFO Gradient norm: 24.623377221231948
PROGRESS    Completed epoch 1754 / 2000;    current loss: 0.3060387372970581
INFO Gradient norm: 31.113317248168936
PROGRESS    Completed epoch 1755 / 2000;    current loss: 0.3076031506061554
INFO Gradient norm: 27.029278674728292
PROGRESS    Completed epoch 1756 / 2000;    current loss: 0.3064829409122467
INFO Gradient norm: 26.833553577092168
PROGRESS    Completed epoch 1757 / 2000;    current loss: 0.30636414885520935
INFO Gradient norm: 21.952517255903487
PROGRESS    Completed epoch 1758 / 2000;    current loss: 0.30539560317993164
INFO Gradient norm: 33.32760225920973
PROGRESS    Completed epoch 1759 / 2000;    current loss: 0.30824965238571167
INFO Gradient norm: 28.87391735431456
PROGRESS    Completed epoch 1760 / 2000;    current loss: 0.3071042001247406
INFO Gradient norm: 26.572325027105183
PROGRESS    Completed epoch 1761 / 2000;    current loss: 0.3064333498477936
INFO Gradient norm: 24.255820601430482
PROGRESS    Completed epoch 1762 / 2000;    current loss: 0.3058559000492096
INFO Gradient norm: 28.487048159876917
PROGRESS    Completed epoch 1763 / 2000;    current loss: 0.3068722188472748
INFO Gradient norm: 23.197828197191733
PROGRESS    Completed epoch 1764 / 2000;    current loss: 0.3055952787399292
INFO Gradient norm: 30.90082284988005
PROGRESS    Completed epoch 1765 / 2000;    current loss: 0.3072354197502136
INFO Gradient norm: 27.52204425014142
PROGRESS    Completed epoch 1766 / 2000;    current loss: 0.30620062351226807
INFO Gradient norm: 26.236222095500754
PROGRESS    Completed epoch 1767 / 2000;    current loss: 0.30584603548049927
INFO Gradient norm: 23.06661982515792
PROGRESS    Completed epoch 1768 / 2000;    current loss: 0.30500608682632446
INFO Gradient norm: 28.858578129615164
PROGRESS    Completed epoch 1769 / 2000;    current loss: 0.3060622215270996
INFO Gradient norm: 24.350094435363044
PROGRESS    Completed epoch 1770 / 2000;    current loss: 0.3047789931297302
INFO Gradient norm: 29.574075343561145
PROGRESS    Completed epoch 1771 / 2000;    current loss: 0.3059253692626953
INFO Gradient norm: 26.170086335590767
PROGRESS    Completed epoch 1772 / 2000;    current loss: 0.30490097403526306
INFO Gradient norm: 24.349115417994412
PROGRESS    Completed epoch 1773 / 2000;    current loss: 0.3044413924217224
INFO Gradient norm: 18.759370691932297
PROGRESS    Completed epoch 1774 / 2000;    current loss: 0.3034619390964508
INFO Gradient norm: 34.81002442986689
PROGRESS    Completed epoch 1775 / 2000;    current loss: 0.3074517548084259
INFO Gradient norm: 30.098515032116648
PROGRESS    Completed epoch 1776 / 2000;    current loss: 0.30617502331733704
INFO Gradient norm: 24.3378061854114
PROGRESS    Completed epoch 1777 / 2000;    current loss: 0.30466195940971375
INFO Gradient norm: 23.022780288729
PROGRESS    Completed epoch 1778 / 2000;    current loss: 0.3043361306190491
INFO Gradient norm: 26.901687064914267
PROGRESS    Completed epoch 1779 / 2000;    current loss: 0.30527010560035706
INFO Gradient norm: 20.98098141362487
PROGRESS    Completed epoch 1780 / 2000;    current loss: 0.3039102554321289
INFO Gradient norm: 31.51514748243235
PROGRESS    Completed epoch 1781 / 2000;    current loss: 0.3061867952346802
INFO Gradient norm: 28.36628299215655
PROGRESS    Completed epoch 1782 / 2000;    current loss: 0.3051617741584778
INFO Gradient norm: 23.637278373460234
PROGRESS    Completed epoch 1783 / 2000;    current loss: 0.30401310324668884
INFO Gradient norm: 21.16023818364911
PROGRESS    Completed epoch 1784 / 2000;    current loss: 0.30333825945854187
INFO Gradient norm: 28.23282871220253
PROGRESS    Completed epoch 1785 / 2000;    current loss: 0.30462974309921265
INFO Gradient norm: 23.2609940793368
PROGRESS    Completed epoch 1786 / 2000;    current loss: 0.30323493480682373
INFO Gradient norm: 29.420343679626722
PROGRESS    Completed epoch 1787 / 2000;    current loss: 0.30461305379867554
INFO Gradient norm: 26.457569388409052
PROGRESS    Completed epoch 1788 / 2000;    current loss: 0.3036782741546631
INFO Gradient norm: 24.401492814747304
PROGRESS    Completed epoch 1789 / 2000;    current loss: 0.3028930127620697
INFO Gradient norm: 20.22180254017423
PROGRESS    Completed epoch 1790 / 2000;    current loss: 0.3019518554210663
INFO Gradient norm: 30.949357370552068
PROGRESS    Completed epoch 1791 / 2000;    current loss: 0.3044950067996979
INFO Gradient norm: 26.84479608355126
PROGRESS    Completed epoch 1792 / 2000;    current loss: 0.30337828397750854
INFO Gradient norm: 24.49422031401427
PROGRESS    Completed epoch 1793 / 2000;    current loss: 0.3026607036590576
INFO Gradient norm: 22.453919066777217
PROGRESS    Completed epoch 1794 / 2000;    current loss: 0.30210551619529724
INFO Gradient norm: 26.178628436839883
PROGRESS    Completed epoch 1795 / 2000;    current loss: 0.302909255027771
INFO Gradient norm: 21.283194965640984
PROGRESS    Completed epoch 1796 / 2000;    current loss: 0.301719605922699
INFO Gradient norm: 27.594723480531766
PROGRESS    Completed epoch 1797 / 2000;    current loss: 0.3030140697956085
INFO Gradient norm: 22.370375707688154
PROGRESS    Completed epoch 1798 / 2000;    current loss: 0.30187278985977173
INFO Gradient norm: 29.132442116137497
PROGRESS    Completed epoch 1799 / 2000;    current loss: 0.3036322593688965
INFO Gradient norm: 26.503596435962432
PROGRESS    Completed epoch 1800 / 2000;    current loss: 0.30299708247184753
INFO Gradient norm: 23.01141971061656
PROGRESS    Completed epoch 1801 / 2000;    current loss: 0.3020651936531067
INFO Gradient norm: 20.361766586579506
PROGRESS    Completed epoch 1802 / 2000;    current loss: 0.30145642161369324
INFO Gradient norm: 27.776611928052528
PROGRESS    Completed epoch 1803 / 2000;    current loss: 0.303180456161499
INFO Gradient norm: 22.60706454942471
PROGRESS    Completed epoch 1804 / 2000;    current loss: 0.30186378955841064
INFO Gradient norm: 27.446259809332602
PROGRESS    Completed epoch 1805 / 2000;    current loss: 0.3027610778808594
INFO Gradient norm: 25.09411104643374
PROGRESS    Completed epoch 1806 / 2000;    current loss: 0.3020288646221161
INFO Gradient norm: 23.142626554105384
PROGRESS    Completed epoch 1807 / 2000;    current loss: 0.3015386164188385
INFO Gradient norm: 19.850628124231616
PROGRESS    Completed epoch 1808 / 2000;    current loss: 0.3006969094276428
INFO Gradient norm: 27.382844890757543
PROGRESS    Completed epoch 1809 / 2000;    current loss: 0.3020649254322052
INFO Gradient norm: 23.18348743560283
PROGRESS    Completed epoch 1810 / 2000;    current loss: 0.3008353114128113
INFO Gradient norm: 26.10021834835662
PROGRESS    Completed epoch 1811 / 2000;    current loss: 0.3014107644557953
INFO Gradient norm: 23.472851958297607
PROGRESS    Completed epoch 1812 / 2000;    current loss: 0.3005965054035187
INFO Gradient norm: 22.37991933195564
PROGRESS    Completed epoch 1813 / 2000;    current loss: 0.30019477009773254
INFO Gradient norm: 16.87381963148531
PROGRESS    Completed epoch 1814 / 2000;    current loss: 0.2992347180843353
INFO Gradient norm: 31.69782668448847
PROGRESS    Completed epoch 1815 / 2000;    current loss: 0.3027682900428772
INFO Gradient norm: 27.605436556223435
PROGRESS    Completed epoch 1816 / 2000;    current loss: 0.30166614055633545
INFO Gradient norm: 21.559599141743107
PROGRESS    Completed epoch 1817 / 2000;    current loss: 0.30014580488204956
INFO Gradient norm: 20.581046314894255
PROGRESS    Completed epoch 1818 / 2000;    current loss: 0.2998902499675751
INFO Gradient norm: 24.156850877812968
PROGRESS    Completed epoch 1819 / 2000;    current loss: 0.30070269107818604
INFO Gradient norm: 18.692018466129944
PROGRESS    Completed epoch 1820 / 2000;    current loss: 0.2994687557220459
INFO Gradient norm: 28.505026477046542
PROGRESS    Completed epoch 1821 / 2000;    current loss: 0.30146709084510803
INFO Gradient norm: 25.487463259779094
PROGRESS    Completed epoch 1822 / 2000;    current loss: 0.3004947602748871
INFO Gradient norm: 21.577573120755982
PROGRESS    Completed epoch 1823 / 2000;    current loss: 0.2995374798774719
INFO Gradient norm: 19.634413022319823
PROGRESS    Completed epoch 1824 / 2000;    current loss: 0.2989565134048462
INFO Gradient norm: 24.661551272901026
PROGRESS    Completed epoch 1825 / 2000;    current loss: 0.299730122089386
INFO Gradient norm: 20.111559859636202
PROGRESS    Completed epoch 1826 / 2000;    current loss: 0.298496276140213
INFO Gradient norm: 27.062177246385296
PROGRESS    Completed epoch 1827 / 2000;    current loss: 0.2999497652053833
INFO Gradient norm: 24.124525575997886
PROGRESS    Completed epoch 1828 / 2000;    current loss: 0.2990087866783142
INFO Gradient norm: 19.034118533410517
PROGRESS    Completed epoch 1829 / 2000;    current loss: 0.29794397950172424
INFO Gradient norm: 14.696858648857136
PROGRESS    Completed epoch 1830 / 2000;    current loss: 0.2973121106624603
INFO Gradient norm: 30.222226518751228
PROGRESS    Completed epoch 1831 / 2000;    current loss: 0.30084407329559326
INFO Gradient norm: 24.5956675994244
PROGRESS    Completed epoch 1832 / 2000;    current loss: 0.2993927597999573
INFO Gradient norm: 23.614385004836098
PROGRESS    Completed epoch 1833 / 2000;    current loss: 0.29901713132858276
INFO Gradient norm: 23.01054811760788
PROGRESS    Completed epoch 1834 / 2000;    current loss: 0.29881754517555237
INFO Gradient norm: 20.264435514189298
PROGRESS    Completed epoch 1835 / 2000;    current loss: 0.2982772886753082
INFO Gradient norm: 16.15134690462194
PROGRESS    Completed epoch 1836 / 2000;    current loss: 0.29740986227989197
INFO Gradient norm: 27.582526145384307
PROGRESS    Completed epoch 1837 / 2000;    current loss: 0.29963213205337524
INFO Gradient norm: 23.337929827171518
PROGRESS    Completed epoch 1838 / 2000;    current loss: 0.2983579635620117
INFO Gradient norm: 23.06143392926536
PROGRESS    Completed epoch 1839 / 2000;    current loss: 0.2982110381126404
INFO Gradient norm: 21.519367208853524
PROGRESS    Completed epoch 1840 / 2000;    current loss: 0.29767727851867676
INFO Gradient norm: 21.73409649796412
PROGRESS    Completed epoch 1841 / 2000;    current loss: 0.2973884046077728
INFO Gradient norm: 18.213558079986228
PROGRESS    Completed epoch 1842 / 2000;    current loss: 0.2964647114276886
INFO Gradient norm: 26.00966207014005
PROGRESS    Completed epoch 1843 / 2000;    current loss: 0.2980511784553528
INFO Gradient norm: 22.094682683306367
PROGRESS    Completed epoch 1844 / 2000;    current loss: 0.29687729477882385
INFO Gradient norm: 20.69322427359008
PROGRESS    Completed epoch 1845 / 2000;    current loss: 0.296476274728775
INFO Gradient norm: 16.38906218621674
PROGRESS    Completed epoch 1846 / 2000;    current loss: 0.2957679033279419
INFO Gradient norm: 27.566872285703976
PROGRESS    Completed epoch 1847 / 2000;    current loss: 0.2983802258968353
INFO Gradient norm: 23.590018233763804
PROGRESS    Completed epoch 1848 / 2000;    current loss: 0.29739636182785034
INFO Gradient norm: 21.30646359812066
PROGRESS    Completed epoch 1849 / 2000;    current loss: 0.2967817783355713
INFO Gradient norm: 20.070768319511824
PROGRESS    Completed epoch 1850 / 2000;    current loss: 0.2964470088481903
INFO Gradient norm: 21.51347892360214
PROGRESS    Completed epoch 1851 / 2000;    current loss: 0.29678404331207275
INFO Gradient norm: 17.267476939975086
PROGRESS    Completed epoch 1852 / 2000;    current loss: 0.2958293855190277
INFO Gradient norm: 25.378228473681805
PROGRESS    Completed epoch 1853 / 2000;    current loss: 0.29733896255493164
INFO Gradient norm: 22.135580691607572
PROGRESS    Completed epoch 1854 / 2000;    current loss: 0.29637619853019714
INFO Gradient norm: 21.28645463403638
PROGRESS    Completed epoch 1855 / 2000;    current loss: 0.2960885465145111
INFO Gradient norm: 19.342960112681673
PROGRESS    Completed epoch 1856 / 2000;    current loss: 0.29547980427742004
INFO Gradient norm: 21.80616933185319
PROGRESS    Completed epoch 1857 / 2000;    current loss: 0.29569026827812195
INFO Gradient norm: 18.235330734334468
PROGRESS    Completed epoch 1858 / 2000;    current loss: 0.2947005331516266
INFO Gradient norm: 24.27004570880255
PROGRESS    Completed epoch 1859 / 2000;    current loss: 0.29586920142173767
INFO Gradient norm: 21.09343867023747
PROGRESS    Completed epoch 1860 / 2000;    current loss: 0.29488077759742737
INFO Gradient norm: 19.397999918870095
PROGRESS    Completed epoch 1861 / 2000;    current loss: 0.2944033145904541
INFO Gradient norm: 14.880203837513402
PROGRESS    Completed epoch 1862 / 2000;    current loss: 0.29366451501846313
INFO Gradient norm: 27.167827962190433
PROGRESS    Completed epoch 1863 / 2000;    current loss: 0.296475887298584
INFO Gradient norm: 23.069226156222353
PROGRESS    Completed epoch 1864 / 2000;    current loss: 0.29542967677116394
INFO Gradient norm: 20.37175260072747
PROGRESS    Completed epoch 1865 / 2000;    current loss: 0.2946885824203491
INFO Gradient norm: 19.55299278027672
PROGRESS    Completed epoch 1866 / 2000;    current loss: 0.29445090889930725
INFO Gradient norm: 19.96884339747135
PROGRESS    Completed epoch 1867 / 2000;    current loss: 0.2945752739906311
INFO Gradient norm: 15.786057616160006
PROGRESS    Completed epoch 1868 / 2000;    current loss: 0.29364457726478577
INFO Gradient norm: 24.824733442014345
PROGRESS    Completed epoch 1869 / 2000;    current loss: 0.2953164875507355
INFO Gradient norm: 21.485214112008496
PROGRESS    Completed epoch 1870 / 2000;    current loss: 0.2942967414855957
INFO Gradient norm: 20.396777971528387
PROGRESS    Completed epoch 1871 / 2000;    current loss: 0.2939729690551758
INFO Gradient norm: 18.778208695147285
PROGRESS    Completed epoch 1872 / 2000;    current loss: 0.2934117615222931
INFO Gradient norm: 20.54091256349473
PROGRESS    Completed epoch 1873 / 2000;    current loss: 0.2934423089027405
INFO Gradient norm: 17.1421775351807
PROGRESS    Completed epoch 1874 / 2000;    current loss: 0.2925131320953369
INFO Gradient norm: 23.40539879321203
PROGRESS    Completed epoch 1875 / 2000;    current loss: 0.2937178611755371
INFO Gradient norm: 20.146409574271345
PROGRESS    Completed epoch 1876 / 2000;    current loss: 0.292728066444397
INFO Gradient norm: 17.03820133587241
PROGRESS    Completed epoch 1877 / 2000;    current loss: 0.2921387851238251
INFO Gradient norm: 11.656965455343219
PROGRESS    Completed epoch 1878 / 2000;    current loss: 0.2914268374443054
INFO Gradient norm: 27.567143062512116
PROGRESS    Completed epoch 1879 / 2000;    current loss: 0.29492199420928955
INFO Gradient norm: 22.86144155436042
PROGRESS    Completed epoch 1880 / 2000;    current loss: 0.2937120795249939
INFO Gradient norm: 18.949484313716923
PROGRESS    Completed epoch 1881 / 2000;    current loss: 0.2927381694316864
INFO Gradient norm: 19.005007829732374
PROGRESS    Completed epoch 1882 / 2000;    current loss: 0.29269880056381226
INFO Gradient norm: 17.433217880908803
PROGRESS    Completed epoch 1883 / 2000;    current loss: 0.29242178797721863
INFO Gradient norm: 13.46303282651695
PROGRESS    Completed epoch 1884 / 2000;    current loss: 0.2916109263896942
INFO Gradient norm: 23.83183800300366
PROGRESS    Completed epoch 1885 / 2000;    current loss: 0.2934921681880951
INFO Gradient norm: 19.927196665157698
PROGRESS    Completed epoch 1886 / 2000;    current loss: 0.29232364892959595
INFO Gradient norm: 19.972242848398366
PROGRESS    Completed epoch 1887 / 2000;    current loss: 0.29220762848854065
INFO Gradient norm: 18.903249154935253
PROGRESS    Completed epoch 1888 / 2000;    current loss: 0.29175111651420593
INFO Gradient norm: 17.919348593930103
PROGRESS    Completed epoch 1889 / 2000;    current loss: 0.2912088632583618
INFO Gradient norm: 15.048042135689704
PROGRESS    Completed epoch 1890 / 2000;    current loss: 0.2904122769832611
INFO Gradient norm: 22.329097715846576
PROGRESS    Completed epoch 1891 / 2000;    current loss: 0.2917677164077759
INFO Gradient norm: 19.755165130277785
PROGRESS    Completed epoch 1892 / 2000;    current loss: 0.29105085134506226
INFO Gradient norm: 17.193762185277976
PROGRESS    Completed epoch 1893 / 2000;    current loss: 0.2904255986213684
INFO Gradient norm: 14.866605460184784
PROGRESS    Completed epoch 1894 / 2000;    current loss: 0.28996843099594116
INFO Gradient norm: 21.378878145816635
PROGRESS    Completed epoch 1895 / 2000;    current loss: 0.29129767417907715
INFO Gradient norm: 17.308536415046575
PROGRESS    Completed epoch 1896 / 2000;    current loss: 0.29032668471336365
INFO Gradient norm: 20.66336890141118
PROGRESS    Completed epoch 1897 / 2000;    current loss: 0.29082340002059937
INFO Gradient norm: 19.011063251318017
PROGRESS    Completed epoch 1898 / 2000;    current loss: 0.29027485847473145
INFO Gradient norm: 17.31172277786818
PROGRESS    Completed epoch 1899 / 2000;    current loss: 0.28983092308044434
INFO Gradient norm: 15.055182138666964
PROGRESS    Completed epoch 1900 / 2000;    current loss: 0.2892044186592102
INFO Gradient norm: 19.293383181899607
PROGRESS    Completed epoch 1901 / 2000;    current loss: 0.28979137539863586
INFO Gradient norm: 14.092728478264386
PROGRESS    Completed epoch 1902 / 2000;    current loss: 0.2887773811817169
INFO Gradient norm: 23.993401856692554
PROGRESS    Completed epoch 1903 / 2000;    current loss: 0.29096829891204834
INFO Gradient norm: 21.621679786101847
PROGRESS    Completed epoch 1904 / 2000;    current loss: 0.2902835011482239
INFO Gradient norm: 15.773179694029505
PROGRESS    Completed epoch 1905 / 2000;    current loss: 0.28882673382759094
INFO Gradient norm: 15.270568440576174
PROGRESS    Completed epoch 1906 / 2000;    current loss: 0.2886073887348175
INFO Gradient norm: 18.366940050449035
PROGRESS    Completed epoch 1907 / 2000;    current loss: 0.28913944959640503
INFO Gradient norm: 13.765401655217769
PROGRESS    Completed epoch 1908 / 2000;    current loss: 0.2880922257900238
INFO Gradient norm: 22.24204259623762
PROGRESS    Completed epoch 1909 / 2000;    current loss: 0.2895319163799286
INFO Gradient norm: 19.729413102011822
PROGRESS    Completed epoch 1910 / 2000;    current loss: 0.28866592049598694
INFO Gradient norm: 16.5198011416973
PROGRESS    Completed epoch 1911 / 2000;    current loss: 0.28784215450286865
INFO Gradient norm: 16.48540082296228
PROGRESS    Completed epoch 1912 / 2000;    current loss: 0.28767725825309753
INFO Gradient norm: 15.854659999982749
PROGRESS    Completed epoch 1913 / 2000;    current loss: 0.28735747933387756
INFO Gradient norm: 11.969892799853307
PROGRESS    Completed epoch 1914 / 2000;    current loss: 0.28659531474113464
INFO Gradient norm: 22.653103265159775
PROGRESS    Completed epoch 1915 / 2000;    current loss: 0.28865358233451843
INFO Gradient norm: 18.67470584680887
PROGRESS    Completed epoch 1916 / 2000;    current loss: 0.2875227928161621
INFO Gradient norm: 17.751639328406245
PROGRESS    Completed epoch 1917 / 2000;    current loss: 0.28706762194633484
INFO Gradient norm: 15.741970430343722
PROGRESS    Completed epoch 1918 / 2000;    current loss: 0.28663894534111023
INFO Gradient norm: 18.45158136317289
PROGRESS    Completed epoch 1919 / 2000;    current loss: 0.2872411608695984
INFO Gradient norm: 15.487245084969087
PROGRESS    Completed epoch 1920 / 2000;    current loss: 0.28654149174690247
INFO Gradient norm: 17.587580609428286
PROGRESS    Completed epoch 1921 / 2000;    current loss: 0.28677451610565186
INFO Gradient norm: 13.471449724043785
PROGRESS    Completed epoch 1922 / 2000;    current loss: 0.2859058678150177
INFO Gradient norm: 21.571313148122858
PROGRESS    Completed epoch 1923 / 2000;    current loss: 0.2875531315803528
INFO Gradient norm: 18.687456836464197
PROGRESS    Completed epoch 1924 / 2000;    current loss: 0.2867218852043152
INFO Gradient norm: 16.489433842423665
PROGRESS    Completed epoch 1925 / 2000;    current loss: 0.2859950661659241
INFO Gradient norm: 15.090764457875085
PROGRESS    Completed epoch 1926 / 2000;    current loss: 0.28561511635780334
INFO Gradient norm: 18.221509238517278
PROGRESS    Completed epoch 1927 / 2000;    current loss: 0.2863117456436157
INFO Gradient norm: 15.45349046857877
PROGRESS    Completed epoch 1928 / 2000;    current loss: 0.2856796085834503
INFO Gradient norm: 17.852714738279
PROGRESS    Completed epoch 1929 / 2000;    current loss: 0.28597599267959595
INFO Gradient norm: 15.75533218506663
PROGRESS    Completed epoch 1930 / 2000;    current loss: 0.28540658950805664
INFO Gradient norm: 17.109370389565843
PROGRESS    Completed epoch 1931 / 2000;    current loss: 0.2855910658836365
INFO Gradient norm: 14.803768453663269
PROGRESS    Completed epoch 1932 / 2000;    current loss: 0.28493180871009827
INFO Gradient norm: 15.60015971864254
PROGRESS    Completed epoch 1933 / 2000;    current loss: 0.2850356996059418
INFO Gradient norm: 11.877876114400795
PROGRESS    Completed epoch 1934 / 2000;    current loss: 0.28439149260520935
INFO Gradient norm: 20.741393258480258
PROGRESS    Completed epoch 1935 / 2000;    current loss: 0.2862182557582855
INFO Gradient norm: 17.28876023965448
PROGRESS    Completed epoch 1936 / 2000;    current loss: 0.2853386104106903
INFO Gradient norm: 16.71790176951673
PROGRESS    Completed epoch 1937 / 2000;    current loss: 0.2850116789340973
INFO Gradient norm: 16.13246394642276
PROGRESS    Completed epoch 1938 / 2000;    current loss: 0.28474169969558716
INFO Gradient norm: 14.729441919496232
PROGRESS    Completed epoch 1939 / 2000;    current loss: 0.28440606594085693
INFO Gradient norm: 12.175734607721363
PROGRESS    Completed epoch 1940 / 2000;    current loss: 0.2837642729282379
INFO Gradient norm: 18.417005133604746
PROGRESS    Completed epoch 1941 / 2000;    current loss: 0.2846493422985077
INFO Gradient norm: 15.026676354604781
PROGRESS    Completed epoch 1942 / 2000;    current loss: 0.2836570143699646
INFO Gradient norm: 17.733380755973723
PROGRESS    Completed epoch 1943 / 2000;    current loss: 0.2840668559074402
INFO Gradient norm: 17.125052006580336
PROGRESS    Completed epoch 1944 / 2000;    current loss: 0.2837691903114319
INFO Gradient norm: 12.623096670900505
PROGRESS    Completed epoch 1945 / 2000;    current loss: 0.2827274203300476
INFO Gradient norm: 10.63507056203037
PROGRESS    Completed epoch 1946 / 2000;    current loss: 0.28232213854789734
INFO Gradient norm: 18.516636042276307
PROGRESS    Completed epoch 1947 / 2000;    current loss: 0.28375932574272156
INFO Gradient norm: 13.954448551944122
PROGRESS    Completed epoch 1948 / 2000;    current loss: 0.2826433479785919
INFO Gradient norm: 18.19071780270253
PROGRESS    Completed epoch 1949 / 2000;    current loss: 0.28325122594833374
INFO Gradient norm: 16.61134658992704
PROGRESS    Completed epoch 1950 / 2000;    current loss: 0.2827194333076477
INFO Gradient norm: 14.576649109309503
PROGRESS    Completed epoch 1951 / 2000;    current loss: 0.2822780907154083
INFO Gradient norm: 13.684897648418314
PROGRESS    Completed epoch 1952 / 2000;    current loss: 0.28195226192474365
INFO Gradient norm: 15.12710709871923
PROGRESS    Completed epoch 1953 / 2000;    current loss: 0.2819059491157532
INFO Gradient norm: 12.133096943274456
PROGRESS    Completed epoch 1954 / 2000;    current loss: 0.28116264939308167
INFO Gradient norm: 18.321952680445065
PROGRESS    Completed epoch 1955 / 2000;    current loss: 0.282289057970047
INFO Gradient norm: 16.481718789591643
PROGRESS    Completed epoch 1956 / 2000;    current loss: 0.2817222476005554
INFO Gradient norm: 13.801256718609793
PROGRESS    Completed epoch 1957 / 2000;    current loss: 0.28095167875289917
INFO Gradient norm: 12.629024453813555
PROGRESS    Completed epoch 1958 / 2000;    current loss: 0.2806017994880676
INFO Gradient norm: 15.74906722928338
PROGRESS    Completed epoch 1959 / 2000;    current loss: 0.28112536668777466
INFO Gradient norm: 12.995159712929922
PROGRESS    Completed epoch 1960 / 2000;    current loss: 0.28044313192367554
INFO Gradient norm: 16.10977126577179
PROGRESS    Completed epoch 1961 / 2000;    current loss: 0.2808087170124054
INFO Gradient norm: 13.807156891362379
PROGRESS    Completed epoch 1962 / 2000;    current loss: 0.2801768481731415
INFO Gradient norm: 15.759510233068514
PROGRESS    Completed epoch 1963 / 2000;    current loss: 0.28047266602516174
INFO Gradient norm: 14.237970864421138
PROGRESS    Completed epoch 1964 / 2000;    current loss: 0.28000420331954956
INFO Gradient norm: 13.875481209252065
PROGRESS    Completed epoch 1965 / 2000;    current loss: 0.2796807885169983
INFO Gradient norm: 11.704468136847302
PROGRESS    Completed epoch 1966 / 2000;    current loss: 0.27912968397140503
INFO Gradient norm: 16.657684905668447
PROGRESS    Completed epoch 1967 / 2000;    current loss: 0.2799922823905945
INFO Gradient norm: 14.27273741475126
PROGRESS    Completed epoch 1968 / 2000;    current loss: 0.27936047315597534
INFO Gradient norm: 14.401734639837533
PROGRESS    Completed epoch 1969 / 2000;    current loss: 0.27915140986442566
INFO Gradient norm: 12.910084363723078
PROGRESS    Completed epoch 1970 / 2000;    current loss: 0.2787083387374878
INFO Gradient norm: 14.840361357559454
PROGRESS    Completed epoch 1971 / 2000;    current loss: 0.2789733111858368
INFO Gradient norm: 12.808106018445399
PROGRESS    Completed epoch 1972 / 2000;    current loss: 0.2783919870853424
INFO Gradient norm: 14.548667771192925
PROGRESS    Completed epoch 1973 / 2000;    current loss: 0.27848827838897705
INFO Gradient norm: 12.178328678625217
PROGRESS    Completed epoch 1974 / 2000;    current loss: 0.27786898612976074
INFO Gradient norm: 15.879426827820703
PROGRESS    Completed epoch 1975 / 2000;    current loss: 0.2784897983074188
INFO Gradient norm: 14.107157259698287
PROGRESS    Completed epoch 1976 / 2000;    current loss: 0.27796995639801025
INFO Gradient norm: 13.297431853206204
PROGRESS    Completed epoch 1977 / 2000;    current loss: 0.277578741312027
INFO Gradient norm: 11.705107160956342
PROGRESS    Completed epoch 1978 / 2000;    current loss: 0.27711960673332214
INFO Gradient norm: 15.034718144887613
PROGRESS    Completed epoch 1979 / 2000;    current loss: 0.2776222825050354
INFO Gradient norm: 13.020307884631162
PROGRESS    Completed epoch 1980 / 2000;    current loss: 0.2770845293998718
INFO Gradient norm: 14.034597193579861
PROGRESS    Completed epoch 1981 / 2000;    current loss: 0.27704334259033203
INFO Gradient norm: 12.176784705759863
PROGRESS    Completed epoch 1982 / 2000;    current loss: 0.27652740478515625
INFO Gradient norm: 14.753088635463614
PROGRESS    Completed epoch 1983 / 2000;    current loss: 0.27691689133644104
INFO Gradient norm: 12.582156801646649
PROGRESS    Completed epoch 1984 / 2000;    current loss: 0.27627015113830566
INFO Gradient norm: 12.937403299145538
PROGRESS    Completed epoch 1985 / 2000;    current loss: 0.2761859893798828
INFO Gradient norm: 10.381221060500955
PROGRESS    Completed epoch 1986 / 2000;    current loss: 0.2756771445274353
INFO Gradient norm: 16.064198178337534
PROGRESS    Completed epoch 1987 / 2000;    current loss: 0.27672451734542847
INFO Gradient norm: 13.369963738938523
PROGRESS    Completed epoch 1988 / 2000;    current loss: 0.2760028839111328
INFO Gradient norm: 11.774915214556517
PROGRESS    Completed epoch 1989 / 2000;    current loss: 0.2755180299282074
INFO Gradient norm: 9.605688779720458
PROGRESS    Completed epoch 1990 / 2000;    current loss: 0.27506235241889954
INFO Gradient norm: 15.477647572915101
PROGRESS    Completed epoch 1991 / 2000;    current loss: 0.2760339677333832
INFO Gradient norm: 12.174199311679887
PROGRESS    Completed epoch 1992 / 2000;    current loss: 0.2751961648464203
INFO Gradient norm: 14.34535465626329
PROGRESS    Completed epoch 1993 / 2000;    current loss: 0.27533698081970215
INFO Gradient norm: 11.674407860857444
PROGRESS    Completed epoch 1994 / 2000;    current loss: 0.27481329441070557
INFO Gradient norm: 14.695055991865425
PROGRESS    Completed epoch 1995 / 2000;    current loss: 0.275430828332901
INFO Gradient norm: 13.166254199082433
PROGRESS    Completed epoch 1996 / 2000;    current loss: 0.27501291036605835
INFO Gradient norm: 12.37652593073133
PROGRESS    Completed epoch 1997 / 2000;    current loss: 0.27468860149383545
INFO Gradient norm: 11.164669071170357
PROGRESS    Completed epoch 1998 / 2000;    current loss: 0.27431201934814453
INFO Gradient norm: 13.255057889590995
PROGRESS    Completed epoch 1999 / 2000;    current loss: 0.27458611130714417
INFO Gradient norm: 10.837909344431317
PROGRESS    Completed epoch 2000 / 2000;    current loss: 0.2739238440990448
INFO    Saving model weights ...
INFO Model weights saved successfully to /home/hoang/utopya_output/Dengue/250605-150403/data/uni04/data_npc_checkpoint.pth
INFO    Simulation run finished.
INFO    Wrapping up ...
SUCCESS    All done.

---
end of log. exit code: 0

