Log of 'out' stream of WorkerTask 'uni06'
---

INFO    Using 'cpu' as training device. Number of threads: 10
INFO    Loading training data ...
INFO    Initializing the neural net ...
INFO    Initialized model 'Dengue'.
INFO    Now commencing training for 2000 epochs ...
INFO Gradient norm: 640.2211425128804
PROGRESS    Completed epoch 1 / 2000;    current loss: 321.2776794433594
INFO Gradient norm: 640.8374994804351
PROGRESS    Completed epoch 2 / 2000;    current loss: 321.0845947265625
INFO Gradient norm: 639.928931639494
PROGRESS    Completed epoch 3 / 2000;    current loss: 320.8953857421875
INFO Gradient norm: 640.1370137088556
PROGRESS    Completed epoch 4 / 2000;    current loss: 320.73846435546875
INFO Gradient norm: 640.4837874301426
PROGRESS    Completed epoch 5 / 2000;    current loss: 320.5710144042969
INFO Gradient norm: 640.9120802617583
PROGRESS    Completed epoch 6 / 2000;    current loss: 320.3965759277344
INFO Gradient norm: 642.5803770892317
PROGRESS    Completed epoch 7 / 2000;    current loss: 320.2424011230469
INFO Gradient norm: 642.843029382243
PROGRESS    Completed epoch 8 / 2000;    current loss: 320.0808410644531
INFO Gradient norm: 643.1597059611717
PROGRESS    Completed epoch 9 / 2000;    current loss: 319.9134521484375
INFO Gradient norm: 643.5190451958482
PROGRESS    Completed epoch 10 / 2000;    current loss: 319.74127197265625
INFO Gradient norm: 643.9117777035265
PROGRESS    Completed epoch 11 / 2000;    current loss: 319.5648193359375
INFO Gradient norm: 642.8104831008549
PROGRESS    Completed epoch 12 / 2000;    current loss: 319.3880920410156
INFO Gradient norm: 643.066314071239
PROGRESS    Completed epoch 13 / 2000;    current loss: 319.2218322753906
INFO Gradient norm: 643.371958273986
PROGRESS    Completed epoch 14 / 2000;    current loss: 319.05029296875
INFO Gradient norm: 643.719956715023
PROGRESS    Completed epoch 15 / 2000;    current loss: 318.87457275390625
INFO Gradient norm: 644.1049586287809
PROGRESS    Completed epoch 16 / 2000;    current loss: 318.6941833496094
INFO Gradient norm: 645.8781420888054
PROGRESS    Completed epoch 17 / 2000;    current loss: 318.5220642089844
INFO Gradient norm: 646.1657891437031
PROGRESS    Completed epoch 18 / 2000;    current loss: 318.347900390625
INFO Gradient norm: 646.4840086571605
PROGRESS    Completed epoch 19 / 2000;    current loss: 318.1686706542969
INFO Gradient norm: 646.8305474217119
PROGRESS    Completed epoch 20 / 2000;    current loss: 317.98529052734375
INFO Gradient norm: 647.2023937805077
PROGRESS    Completed epoch 21 / 2000;    current loss: 317.797607421875
INFO Gradient norm: 646.0971454835721
PROGRESS    Completed epoch 22 / 2000;    current loss: 317.6063232421875
INFO Gradient norm: 646.3952457536132
PROGRESS    Completed epoch 23 / 2000;    current loss: 317.4217224121094
INFO Gradient norm: 646.7292995741699
PROGRESS    Completed epoch 24 / 2000;    current loss: 317.2322692871094
INFO Gradient norm: 647.0971222286912
PROGRESS    Completed epoch 25 / 2000;    current loss: 317.0378723144531
INFO Gradient norm: 648.9187361293623
PROGRESS    Completed epoch 26 / 2000;    current loss: 316.8453369140625
INFO Gradient norm: 649.2429201664883
PROGRESS    Completed epoch 27 / 2000;    current loss: 316.6507568359375
INFO Gradient norm: 649.5934167405271
PROGRESS    Completed epoch 28 / 2000;    current loss: 316.45098876953125
INFO Gradient norm: 649.9679286810358
PROGRESS    Completed epoch 29 / 2000;    current loss: 316.2460632324219
INFO Gradient norm: 648.8166400129043
PROGRESS    Completed epoch 30 / 2000;    current loss: 316.0411682128906
INFO Gradient norm: 649.1457924654998
PROGRESS    Completed epoch 31 / 2000;    current loss: 315.83538818359375
INFO Gradient norm: 649.5090263853989
PROGRESS    Completed epoch 32 / 2000;    current loss: 315.6242980957031
INFO Gradient norm: 649.9039056814596
PROGRESS    Completed epoch 33 / 2000;    current loss: 315.4075622558594
INFO Gradient norm: 651.7230140023398
PROGRESS    Completed epoch 34 / 2000;    current loss: 315.19512939453125
INFO Gradient norm: 652.0591097835535
PROGRESS    Completed epoch 35 / 2000;    current loss: 314.9784240722656
INFO Gradient norm: 652.4204246693862
PROGRESS    Completed epoch 36 / 2000;    current loss: 314.75555419921875
INFO Gradient norm: 652.8059479625134
PROGRESS    Completed epoch 37 / 2000;    current loss: 314.526611328125
INFO Gradient norm: 653.2144377856815
PROGRESS    Completed epoch 38 / 2000;    current loss: 314.2917175292969
INFO Gradient norm: 652.0608387324904
PROGRESS    Completed epoch 39 / 2000;    current loss: 314.05987548828125
INFO Gradient norm: 652.39737639463
PROGRESS    Completed epoch 40 / 2000;    current loss: 313.8260498046875
INFO Gradient norm: 652.768614105314
PROGRESS    Completed epoch 41 / 2000;    current loss: 313.5849609375
INFO Gradient norm: 653.1728137418361
PROGRESS    Completed epoch 42 / 2000;    current loss: 313.3370361328125
INFO Gradient norm: 653.6083572712209
PROGRESS    Completed epoch 43 / 2000;    current loss: 313.0823669433594
INFO Gradient norm: 655.4379838341707
PROGRESS    Completed epoch 44 / 2000;    current loss: 312.83489990234375
INFO Gradient norm: 655.7819733668344
PROGRESS    Completed epoch 45 / 2000;    current loss: 312.5822448730469
INFO Gradient norm: 656.1518425723169
PROGRESS    Completed epoch 46 / 2000;    current loss: 312.3222961425781
INFO Gradient norm: 656.545833912805
PROGRESS    Completed epoch 47 / 2000;    current loss: 312.0546569824219
INFO Gradient norm: 656.9629530710453
PROGRESS    Completed epoch 48 / 2000;    current loss: 311.77972412109375
INFO Gradient norm: 657.4005702086585
PROGRESS    Completed epoch 49 / 2000;    current loss: 311.4972229003906
INFO Gradient norm: 656.2737563538263
PROGRESS    Completed epoch 50 / 2000;    current loss: 311.21893310546875
INFO Gradient norm: 656.6158490296506
PROGRESS    Completed epoch 51 / 2000;    current loss: 310.938720703125
INFO Gradient norm: 656.9936005303791
PROGRESS    Completed epoch 52 / 2000;    current loss: 310.650146484375
INFO Gradient norm: 657.4058477105422
PROGRESS    Completed epoch 53 / 2000;    current loss: 310.3526916503906
INFO Gradient norm: 657.8496895610842
PROGRESS    Completed epoch 54 / 2000;    current loss: 310.0468444824219
INFO Gradient norm: 659.7397562305794
PROGRESS    Completed epoch 55 / 2000;    current loss: 309.7398681640625
INFO Gradient norm: 660.0941256209719
PROGRESS    Completed epoch 56 / 2000;    current loss: 309.4344787597656
INFO Gradient norm: 660.4728017304166
PROGRESS    Completed epoch 57 / 2000;    current loss: 309.1199951171875
INFO Gradient norm: 660.8735944396027
PROGRESS    Completed epoch 58 / 2000;    current loss: 308.7962341308594
INFO Gradient norm: 661.2945695250492
PROGRESS    Completed epoch 59 / 2000;    current loss: 308.46337890625
INFO Gradient norm: 660.2023558717995
PROGRESS    Completed epoch 60 / 2000;    current loss: 308.1312561035156
INFO Gradient norm: 660.5552661350964
PROGRESS    Completed epoch 61 / 2000;    current loss: 307.7964782714844
INFO Gradient norm: 660.9421973340978
PROGRESS    Completed epoch 62 / 2000;    current loss: 307.4517517089844
INFO Gradient norm: 661.3588748123083
PROGRESS    Completed epoch 63 / 2000;    current loss: 307.09619140625
INFO Gradient norm: 663.1900050266662
PROGRESS    Completed epoch 64 / 2000;    current loss: 306.7403564453125
INFO Gradient norm: 663.5373308959711
PROGRESS    Completed epoch 65 / 2000;    current loss: 306.3819885253906
INFO Gradient norm: 663.9055902011944
PROGRESS    Completed epoch 66 / 2000;    current loss: 306.01300048828125
INFO Gradient norm: 664.2926553064958
PROGRESS    Completed epoch 67 / 2000;    current loss: 305.6335754394531
INFO Gradient norm: 663.2184148966402
PROGRESS    Completed epoch 68 / 2000;    current loss: 305.25128173828125
INFO Gradient norm: 663.5536579031823
PROGRESS    Completed epoch 69 / 2000;    current loss: 304.86669921875
INFO Gradient norm: 663.9173264844026
PROGRESS    Completed epoch 70 / 2000;    current loss: 304.4701232910156
INFO Gradient norm: 665.7033814588574
PROGRESS    Completed epoch 71 / 2000;    current loss: 304.06475830078125
INFO Gradient norm: 666.0271862372642
PROGRESS    Completed epoch 72 / 2000;    current loss: 303.6589660644531
INFO Gradient norm: 666.3638072588177
PROGRESS    Completed epoch 73 / 2000;    current loss: 303.240966796875
INFO Gradient norm: 665.2375821026117
PROGRESS    Completed epoch 74 / 2000;    current loss: 302.8268737792969
INFO Gradient norm: 665.5378549857887
PROGRESS    Completed epoch 75 / 2000;    current loss: 302.4002685546875
INFO Gradient norm: 665.8601599634923
PROGRESS    Completed epoch 76 / 2000;    current loss: 301.96044921875
INFO Gradient norm: 667.5490590449166
PROGRESS    Completed epoch 77 / 2000;    current loss: 301.5143737792969
INFO Gradient norm: 667.8090220892574
PROGRESS    Completed epoch 78 / 2000;    current loss: 301.0676574707031
INFO Gradient norm: 668.0750678728424
PROGRESS    Completed epoch 79 / 2000;    current loss: 300.6076965332031
INFO Gradient norm: 666.9666233098973
PROGRESS    Completed epoch 80 / 2000;    current loss: 300.1409912109375
INFO Gradient norm: 667.2013072462088
PROGRESS    Completed epoch 81 / 2000;    current loss: 299.66912841796875
INFO Gradient norm: 668.7750949410118
PROGRESS    Completed epoch 82 / 2000;    current loss: 299.18634033203125
INFO Gradient norm: 668.9762313404281
PROGRESS    Completed epoch 83 / 2000;    current loss: 298.6976623535156
INFO Gradient norm: 667.8196461654576
PROGRESS    Completed epoch 84 / 2000;    current loss: 298.2071533203125
INFO Gradient norm: 667.9963092571735
PROGRESS    Completed epoch 85 / 2000;    current loss: 297.703125
INFO Gradient norm: 669.4667810912996
PROGRESS    Completed epoch 86 / 2000;    current loss: 297.1875
INFO Gradient norm: 669.5919000791455
PROGRESS    Completed epoch 87 / 2000;    current loss: 296.66839599609375
INFO Gradient norm: 668.4133614195571
PROGRESS    Completed epoch 88 / 2000;    current loss: 296.14251708984375
INFO Gradient norm: 668.5138000958988
PROGRESS    Completed epoch 89 / 2000;    current loss: 295.6052551269531
INFO Gradient norm: 669.8542198927937
PROGRESS    Completed epoch 90 / 2000;    current loss: 295.0659484863281
INFO Gradient norm: 669.8935368610713
PROGRESS    Completed epoch 91 / 2000;    current loss: 294.5155029296875
INFO Gradient norm: 669.9114973385018
PROGRESS    Completed epoch 92 / 2000;    current loss: 293.9497985839844
INFO Gradient norm: 668.6710541518418
PROGRESS    Completed epoch 93 / 2000;    current loss: 293.3872375488281
INFO Gradient norm: 668.6441358792661
PROGRESS    Completed epoch 94 / 2000;    current loss: 292.813720703125
INFO Gradient norm: 668.6040954382996
PROGRESS    Completed epoch 95 / 2000;    current loss: 292.2231750488281
INFO Gradient norm: 669.713556964356
PROGRESS    Completed epoch 96 / 2000;    current loss: 291.62432861328125
INFO Gradient norm: 669.5986719958553
PROGRESS    Completed epoch 97 / 2000;    current loss: 291.02532958984375
INFO Gradient norm: 669.4481960658919
PROGRESS    Completed epoch 98 / 2000;    current loss: 290.41009521484375
INFO Gradient norm: 668.1356789645391
PROGRESS    Completed epoch 99 / 2000;    current loss: 289.79168701171875
INFO Gradient norm: 667.9441926784781
PROGRESS    Completed epoch 100 / 2000;    current loss: 289.1645202636719
INFO Gradient norm: 667.722205252447
PROGRESS    Completed epoch 101 / 2000;    current loss: 288.51947021484375
INFO Gradient norm: 668.5668712856266
PROGRESS    Completed epoch 102 / 2000;    current loss: 287.8815002441406
INFO Gradient norm: 668.2767766779572
PROGRESS    Completed epoch 103 / 2000;    current loss: 287.2305603027344
INFO Gradient norm: 667.935293144984
PROGRESS    Completed epoch 104 / 2000;    current loss: 286.56243896484375
INFO Gradient norm: 667.536236301829
PROGRESS    Completed epoch 105 / 2000;    current loss: 285.87744140625
INFO Gradient norm: 666.1299120489035
PROGRESS    Completed epoch 106 / 2000;    current loss: 285.20416259765625
INFO Gradient norm: 665.7192531690076
PROGRESS    Completed epoch 107 / 2000;    current loss: 284.519775390625
INFO Gradient norm: 665.2636461620343
PROGRESS    Completed epoch 108 / 2000;    current loss: 283.8165283203125
INFO Gradient norm: 664.7564839939319
PROGRESS    Completed epoch 109 / 2000;    current loss: 283.0941162109375
INFO Gradient norm: 665.1554815527783
PROGRESS    Completed epoch 110 / 2000;    current loss: 282.3640441894531
INFO Gradient norm: 664.5972809071111
PROGRESS    Completed epoch 111 / 2000;    current loss: 281.6402893066406
INFO Gradient norm: 663.9660057115829
PROGRESS    Completed epoch 112 / 2000;    current loss: 280.8988342285156
INFO Gradient norm: 663.2587327984903
PROGRESS    Completed epoch 113 / 2000;    current loss: 280.1397705078125
INFO Gradient norm: 661.7494274383193
PROGRESS    Completed epoch 114 / 2000;    current loss: 279.3954162597656
INFO Gradient norm: 661.049096512985
PROGRESS    Completed epoch 115 / 2000;    current loss: 278.6348571777344
INFO Gradient norm: 660.2786973836188
PROGRESS    Completed epoch 116 / 2000;    current loss: 277.8543701171875
INFO Gradient norm: 659.4476199197925
PROGRESS    Completed epoch 117 / 2000;    current loss: 277.0547180175781
INFO Gradient norm: 659.3700619259637
PROGRESS    Completed epoch 118 / 2000;    current loss: 276.25494384765625
INFO Gradient norm: 658.524008262068
PROGRESS    Completed epoch 119 / 2000;    current loss: 275.45635986328125
INFO Gradient norm: 657.57582693987
PROGRESS    Completed epoch 120 / 2000;    current loss: 274.6397399902344
INFO Gradient norm: 656.4613793539212
PROGRESS    Completed epoch 121 / 2000;    current loss: 273.80743408203125
INFO Gradient norm: 654.8094102432808
PROGRESS    Completed epoch 122 / 2000;    current loss: 272.9794006347656
INFO Gradient norm: 653.8542329198865
PROGRESS    Completed epoch 123 / 2000;    current loss: 272.14697265625
INFO Gradient norm: 652.802854596204
PROGRESS    Completed epoch 124 / 2000;    current loss: 271.2942199707031
INFO Gradient norm: 652.2696802089733
PROGRESS    Completed epoch 125 / 2000;    current loss: 270.42535400390625
INFO Gradient norm: 651.175365356903
PROGRESS    Completed epoch 126 / 2000;    current loss: 269.56036376953125
INFO Gradient norm: 650.0034400454089
PROGRESS    Completed epoch 127 / 2000;    current loss: 268.6778869628906
INFO Gradient norm: 648.3519969226675
PROGRESS    Completed epoch 128 / 2000;    current loss: 267.796875
INFO Gradient norm: 647.1683489390517
PROGRESS    Completed epoch 129 / 2000;    current loss: 266.89971923828125
INFO Gradient norm: 645.8940430586757
PROGRESS    Completed epoch 130 / 2000;    current loss: 265.9830627441406
INFO Gradient norm: 645.1693955669309
PROGRESS    Completed epoch 131 / 2000;    current loss: 265.0831604003906
INFO Gradient norm: 643.9134966581373
PROGRESS    Completed epoch 132 / 2000;    current loss: 264.16571044921875
INFO Gradient norm: 642.5817667848155
PROGRESS    Completed epoch 133 / 2000;    current loss: 263.2309265136719
INFO Gradient norm: 641.2000892950891
PROGRESS    Completed epoch 134 / 2000;    current loss: 262.280029296875
INFO Gradient norm: 639.7631712746922
PROGRESS    Completed epoch 135 / 2000;    current loss: 261.3135070800781
INFO Gradient norm: 638.0829120003515
PROGRESS    Completed epoch 136 / 2000;    current loss: 260.3659973144531
INFO Gradient norm: 636.7106467657269
PROGRESS    Completed epoch 137 / 2000;    current loss: 259.4060363769531
INFO Gradient norm: 635.3456199896793
PROGRESS    Completed epoch 138 / 2000;    current loss: 258.4263916015625
INFO Gradient norm: 635.2936885499992
PROGRESS    Completed epoch 139 / 2000;    current loss: 257.4285888671875
INFO Gradient norm: 632.5581922691866
PROGRESS    Completed epoch 140 / 2000;    current loss: 256.42376708984375
INFO Gradient norm: 631.1078404656562
PROGRESS    Completed epoch 141 / 2000;    current loss: 255.43017578125
INFO Gradient norm: 629.4145541746313
PROGRESS    Completed epoch 142 / 2000;    current loss: 254.42025756835938
INFO Gradient norm: 627.627910782582
PROGRESS    Completed epoch 143 / 2000;    current loss: 253.3951873779297
INFO Gradient norm: 625.7214801796872
PROGRESS    Completed epoch 144 / 2000;    current loss: 252.3632049560547
INFO Gradient norm: 624.1288322902782
PROGRESS    Completed epoch 145 / 2000;    current loss: 251.331298828125
INFO Gradient norm: 622.6136179806424
PROGRESS    Completed epoch 146 / 2000;    current loss: 250.2847900390625
INFO Gradient norm: 620.955537226819
PROGRESS    Completed epoch 147 / 2000;    current loss: 249.2347412109375
INFO Gradient norm: 619.2153134999766
PROGRESS    Completed epoch 148 / 2000;    current loss: 248.18484497070312
INFO Gradient norm: 617.5318310478335
PROGRESS    Completed epoch 149 / 2000;    current loss: 247.11851501464844
INFO Gradient norm: 615.9654124901806
PROGRESS    Completed epoch 150 / 2000;    current loss: 246.0480194091797
INFO Gradient norm: 614.2890086300091
PROGRESS    Completed epoch 151 / 2000;    current loss: 244.971923828125
INFO Gradient norm: 612.5290488442901
PROGRESS    Completed epoch 152 / 2000;    current loss: 243.88182067871094
INFO Gradient norm: 610.7520532280292
PROGRESS    Completed epoch 153 / 2000;    current loss: 242.7924041748047
INFO Gradient norm: 609.0252931860412
PROGRESS    Completed epoch 154 / 2000;    current loss: 241.69390869140625
INFO Gradient norm: 607.2270701526671
PROGRESS    Completed epoch 155 / 2000;    current loss: 240.57852172851562
INFO Gradient norm: 605.5950500937564
PROGRESS    Completed epoch 156 / 2000;    current loss: 239.4793243408203
INFO Gradient norm: 603.8589207850791
PROGRESS    Completed epoch 157 / 2000;    current loss: 238.36534118652344
INFO Gradient norm: 602.056050767106
PROGRESS    Completed epoch 158 / 2000;    current loss: 237.2379150390625
INFO Gradient norm: 600.2312320298174
PROGRESS    Completed epoch 159 / 2000;    current loss: 236.09803771972656
INFO Gradient norm: 598.3045582076347
PROGRESS    Completed epoch 160 / 2000;    current loss: 234.94705200195312
INFO Gradient norm: 596.5936323066178
PROGRESS    Completed epoch 161 / 2000;    current loss: 233.82098388671875
INFO Gradient norm: 594.7910186216005
PROGRESS    Completed epoch 162 / 2000;    current loss: 232.67831420898438
INFO Gradient norm: 592.9205767708858
PROGRESS    Completed epoch 163 / 2000;    current loss: 231.5188751220703
INFO Gradient norm: 590.9876819117941
PROGRESS    Completed epoch 164 / 2000;    current loss: 230.34417724609375
INFO Gradient norm: 588.9599391115029
PROGRESS    Completed epoch 165 / 2000;    current loss: 229.15737915039062
INFO Gradient norm: 587.0976125687928
PROGRESS    Completed epoch 166 / 2000;    current loss: 227.98773193359375
INFO Gradient norm: 585.1795946543446
PROGRESS    Completed epoch 167 / 2000;    current loss: 226.80548095703125
INFO Gradient norm: 583.1837933091105
PROGRESS    Completed epoch 168 / 2000;    current loss: 225.61331176757812
INFO Gradient norm: 581.3150976165701
PROGRESS    Completed epoch 169 / 2000;    current loss: 224.41937255859375
INFO Gradient norm: 579.3648949872962
PROGRESS    Completed epoch 170 / 2000;    current loss: 223.22032165527344
INFO Gradient norm: 577.272379207517
PROGRESS    Completed epoch 171 / 2000;    current loss: 222.00782775878906
INFO Gradient norm: 575.2831621422207
PROGRESS    Completed epoch 172 / 2000;    current loss: 220.79635620117188
INFO Gradient norm: 573.3745265527522
PROGRESS    Completed epoch 173 / 2000;    current loss: 219.58004760742188
INFO Gradient norm: 571.2435299073683
PROGRESS    Completed epoch 174 / 2000;    current loss: 218.35299682617188
INFO Gradient norm: 569.2955067132641
PROGRESS    Completed epoch 175 / 2000;    current loss: 217.12269592285156
INFO Gradient norm: 567.1630171129996
PROGRESS    Completed epoch 176 / 2000;    current loss: 215.89077758789062
INFO Gradient norm: 565.085810159181
PROGRESS    Completed epoch 177 / 2000;    current loss: 214.6497802734375
INFO Gradient norm: 562.9610584330838
PROGRESS    Completed epoch 178 / 2000;    current loss: 213.39964294433594
INFO Gradient norm: 560.9524356385708
PROGRESS    Completed epoch 179 / 2000;    current loss: 212.14695739746094
INFO Gradient norm: 558.8156763773744
PROGRESS    Completed epoch 180 / 2000;    current loss: 210.8870086669922
INFO Gradient norm: 556.5623916658931
PROGRESS    Completed epoch 181 / 2000;    current loss: 209.62420654296875
INFO Gradient norm: 554.3969425414929
PROGRESS    Completed epoch 182 / 2000;    current loss: 208.35748291015625
INFO Gradient norm: 552.187288921615
PROGRESS    Completed epoch 183 / 2000;    current loss: 207.0817108154297
INFO Gradient norm: 550.0550797055104
PROGRESS    Completed epoch 184 / 2000;    current loss: 205.79844665527344
INFO Gradient norm: 547.7015989254296
PROGRESS    Completed epoch 185 / 2000;    current loss: 204.5157470703125
INFO Gradient norm: 545.5558900546351
PROGRESS    Completed epoch 186 / 2000;    current loss: 203.2273712158203
INFO Gradient norm: 543.1789218384575
PROGRESS    Completed epoch 187 / 2000;    current loss: 201.9351806640625
INFO Gradient norm: 540.8832382176084
PROGRESS    Completed epoch 188 / 2000;    current loss: 200.63748168945312
INFO Gradient norm: 538.6695450991926
PROGRESS    Completed epoch 189 / 2000;    current loss: 199.33514404296875
INFO Gradient norm: 536.2180548830419
PROGRESS    Completed epoch 190 / 2000;    current loss: 198.02975463867188
INFO Gradient norm: 533.9649831368054
PROGRESS    Completed epoch 191 / 2000;    current loss: 196.7194061279297
INFO Gradient norm: 531.4934364150307
PROGRESS    Completed epoch 192 / 2000;    current loss: 195.41067504882812
INFO Gradient norm: 529.0951821383063
PROGRESS    Completed epoch 193 / 2000;    current loss: 194.09478759765625
INFO Gradient norm: 526.6581442752561
PROGRESS    Completed epoch 194 / 2000;    current loss: 192.77207946777344
INFO Gradient norm: 524.3339136917514
PROGRESS    Completed epoch 195 / 2000;    current loss: 191.4511260986328
INFO Gradient norm: 521.8710272267806
PROGRESS    Completed epoch 196 / 2000;    current loss: 190.12460327148438
INFO Gradient norm: 519.2702676033593
PROGRESS    Completed epoch 197 / 2000;    current loss: 188.79290771484375
INFO Gradient norm: 516.7778376861756
PROGRESS    Completed epoch 198 / 2000;    current loss: 187.46212768554688
INFO Gradient norm: 514.2503856472421
PROGRESS    Completed epoch 199 / 2000;    current loss: 186.12554931640625
INFO Gradient norm: 511.8297463151187
PROGRESS    Completed epoch 200 / 2000;    current loss: 184.78955078125
INFO Gradient norm: 509.2709539684005
PROGRESS    Completed epoch 201 / 2000;    current loss: 183.4482879638672
INFO Gradient norm: 506.60020207430205
PROGRESS    Completed epoch 202 / 2000;    current loss: 182.10670471191406
INFO Gradient norm: 504.0231917562199
PROGRESS    Completed epoch 203 / 2000;    current loss: 180.76351928710938
INFO Gradient norm: 501.41419813661975
PROGRESS    Completed epoch 204 / 2000;    current loss: 179.4154052734375
INFO Gradient norm: 498.77500371982444
PROGRESS    Completed epoch 205 / 2000;    current loss: 178.0623779296875
INFO Gradient norm: 496.25812099943323
PROGRESS    Completed epoch 206 / 2000;    current loss: 176.71493530273438
INFO Gradient norm: 493.60530175233333
PROGRESS    Completed epoch 207 / 2000;    current loss: 175.36221313476562
INFO Gradient norm: 490.92030127090027
PROGRESS    Completed epoch 208 / 2000;    current loss: 174.0026397705078
INFO Gradient norm: 488.1632588792405
PROGRESS    Completed epoch 209 / 2000;    current loss: 172.6521759033203
INFO Gradient norm: 485.48832990982527
PROGRESS    Completed epoch 210 / 2000;    current loss: 171.29833984375
INFO Gradient norm: 482.7814555568165
PROGRESS    Completed epoch 211 / 2000;    current loss: 169.93983459472656
INFO Gradient norm: 480.0465369163719
PROGRESS    Completed epoch 212 / 2000;    current loss: 168.5773468017578
INFO Gradient norm: 477.28226180087006
PROGRESS    Completed epoch 213 / 2000;    current loss: 167.2114715576172
INFO Gradient norm: 474.49437388028093
PROGRESS    Completed epoch 214 / 2000;    current loss: 165.8424835205078
INFO Gradient norm: 471.82365097248885
PROGRESS    Completed epoch 215 / 2000;    current loss: 164.48016357421875
INFO Gradient norm: 469.0368624296271
PROGRESS    Completed epoch 216 / 2000;    current loss: 163.11705017089844
INFO Gradient norm: 466.2172545953157
PROGRESS    Completed epoch 217 / 2000;    current loss: 161.74868774414062
INFO Gradient norm: 463.2939099572724
PROGRESS    Completed epoch 218 / 2000;    current loss: 160.3811492919922
INFO Gradient norm: 460.4767633962888
PROGRESS    Completed epoch 219 / 2000;    current loss: 159.0179443359375
INFO Gradient norm: 457.6374772622382
PROGRESS    Completed epoch 220 / 2000;    current loss: 157.65170288085938
INFO Gradient norm: 454.77731009201426
PROGRESS    Completed epoch 221 / 2000;    current loss: 156.28298950195312
INFO Gradient norm: 451.9007418956257
PROGRESS    Completed epoch 222 / 2000;    current loss: 154.912353515625
INFO Gradient norm: 449.1377737486537
PROGRESS    Completed epoch 223 / 2000;    current loss: 153.54747009277344
INFO Gradient norm: 446.26706678417224
PROGRESS    Completed epoch 224 / 2000;    current loss: 152.18087768554688
INFO Gradient norm: 443.37158335431445
PROGRESS    Completed epoch 225 / 2000;    current loss: 150.81015014648438
INFO Gradient norm: 440.4197750255072
PROGRESS    Completed epoch 226 / 2000;    current loss: 149.44859313964844
INFO Gradient norm: 437.5488676781581
PROGRESS    Completed epoch 227 / 2000;    current loss: 148.0860137939453
INFO Gradient norm: 434.6584873298269
PROGRESS    Completed epoch 228 / 2000;    current loss: 146.72105407714844
INFO Gradient norm: 431.7501745972807
PROGRESS    Completed epoch 229 / 2000;    current loss: 145.35421752929688
INFO Gradient norm: 428.8248886411572
PROGRESS    Completed epoch 230 / 2000;    current loss: 143.98582458496094
INFO Gradient norm: 425.884144065416
PROGRESS    Completed epoch 231 / 2000;    current loss: 142.6162567138672
INFO Gradient norm: 423.0434790398662
PROGRESS    Completed epoch 232 / 2000;    current loss: 141.2508087158203
INFO Gradient norm: 420.117449874456
PROGRESS    Completed epoch 233 / 2000;    current loss: 139.88864135742188
INFO Gradient norm: 417.16337943883934
PROGRESS    Completed epoch 234 / 2000;    current loss: 138.52325439453125
INFO Gradient norm: 414.1480568644438
PROGRESS    Completed epoch 235 / 2000;    current loss: 137.16656494140625
INFO Gradient norm: 411.21194795418126
PROGRESS    Completed epoch 236 / 2000;    current loss: 135.8098907470703
INFO Gradient norm: 408.2550394974447
PROGRESS    Completed epoch 237 / 2000;    current loss: 134.451904296875
INFO Gradient norm: 405.2788783164838
PROGRESS    Completed epoch 238 / 2000;    current loss: 133.09312438964844
INFO Gradient norm: 402.28438025379506
PROGRESS    Completed epoch 239 / 2000;    current loss: 131.73385620117188
INFO Gradient norm: 399.27432243287143
PROGRESS    Completed epoch 240 / 2000;    current loss: 130.375
INFO Gradient norm: 396.3970179245648
PROGRESS    Completed epoch 241 / 2000;    current loss: 129.0259552001953
INFO Gradient norm: 393.4094165334026
PROGRESS    Completed epoch 242 / 2000;    current loss: 127.67681121826172
INFO Gradient norm: 390.3908704041011
PROGRESS    Completed epoch 243 / 2000;    current loss: 126.32524871826172
INFO Gradient norm: 387.2838571518719
PROGRESS    Completed epoch 244 / 2000;    current loss: 124.97772216796875
INFO Gradient norm: 384.2939810063035
PROGRESS    Completed epoch 245 / 2000;    current loss: 123.63688659667969
INFO Gradient norm: 381.2852725116942
PROGRESS    Completed epoch 246 / 2000;    current loss: 122.29569244384766
INFO Gradient norm: 378.26071192178074
PROGRESS    Completed epoch 247 / 2000;    current loss: 120.95492553710938
INFO Gradient norm: 375.2213215656223
PROGRESS    Completed epoch 248 / 2000;    current loss: 119.61457824707031
INFO Gradient norm: 372.2930451236259
PROGRESS    Completed epoch 249 / 2000;    current loss: 118.27896118164062
INFO Gradient norm: 369.2744275850254
PROGRESS    Completed epoch 250 / 2000;    current loss: 116.94692993164062
INFO Gradient norm: 366.15397622733633
PROGRESS    Completed epoch 251 / 2000;    current loss: 115.61720275878906
INFO Gradient norm: 363.1484838947493
PROGRESS    Completed epoch 252 / 2000;    current loss: 114.29192352294922
INFO Gradient norm: 360.1332499356747
PROGRESS    Completed epoch 253 / 2000;    current loss: 112.9668960571289
INFO Gradient norm: 357.2359591093471
PROGRESS    Completed epoch 254 / 2000;    current loss: 111.64573669433594
INFO Gradient norm: 354.13429480396906
PROGRESS    Completed epoch 255 / 2000;    current loss: 110.32666015625
INFO Gradient norm: 351.2789916760976
PROGRESS    Completed epoch 256 / 2000;    current loss: 109.01303100585938
INFO Gradient norm: 348.22174758607724
PROGRESS    Completed epoch 257 / 2000;    current loss: 107.70236206054688
INFO Gradient norm: 345.28911301398887
PROGRESS    Completed epoch 258 / 2000;    current loss: 106.39437866210938
INFO Gradient norm: 342.35785537268566
PROGRESS    Completed epoch 259 / 2000;    current loss: 105.08671569824219
INFO Gradient norm: 339.62018268927955
PROGRESS    Completed epoch 260 / 2000;    current loss: 103.78813934326172
INFO Gradient norm: 336.745246604063
PROGRESS    Completed epoch 261 / 2000;    current loss: 102.4886474609375
INFO Gradient norm: 333.74466909339924
PROGRESS    Completed epoch 262 / 2000;    current loss: 101.19131469726562
INFO Gradient norm: 330.9292938431127
PROGRESS    Completed epoch 263 / 2000;    current loss: 99.9010009765625
INFO Gradient norm: 328.1077402950523
PROGRESS    Completed epoch 264 / 2000;    current loss: 98.61103820800781
INFO Gradient norm: 325.4587548136824
PROGRESS    Completed epoch 265 / 2000;    current loss: 97.3250732421875
INFO Gradient norm: 322.6724808461859
PROGRESS    Completed epoch 266 / 2000;    current loss: 96.04174041748047
INFO Gradient norm: 319.8259886837705
PROGRESS    Completed epoch 267 / 2000;    current loss: 94.76995849609375
INFO Gradient norm: 317.12277035208723
PROGRESS    Completed epoch 268 / 2000;    current loss: 93.49858856201172
INFO Gradient norm: 314.4050970748024
PROGRESS    Completed epoch 269 / 2000;    current loss: 92.22671508789062
INFO Gradient norm: 311.6733418704782
PROGRESS    Completed epoch 270 / 2000;    current loss: 90.95478057861328
INFO Gradient norm: 309.2047339051585
PROGRESS    Completed epoch 271 / 2000;    current loss: 89.69158172607422
INFO Gradient norm: 306.5922823375059
PROGRESS    Completed epoch 272 / 2000;    current loss: 88.43302917480469
INFO Gradient norm: 303.74979240887865
PROGRESS    Completed epoch 273 / 2000;    current loss: 87.17382049560547
INFO Gradient norm: 301.1982248856095
PROGRESS    Completed epoch 274 / 2000;    current loss: 85.9242172241211
INFO Gradient norm: 298.85025309980483
PROGRESS    Completed epoch 275 / 2000;    current loss: 84.67528533935547
INFO Gradient norm: 296.1968918309238
PROGRESS    Completed epoch 276 / 2000;    current loss: 83.43644714355469
INFO Gradient norm: 293.7436071902352
PROGRESS    Completed epoch 277 / 2000;    current loss: 82.19804382324219
INFO Gradient norm: 291.56388371265285
PROGRESS    Completed epoch 278 / 2000;    current loss: 80.96375274658203
INFO Gradient norm: 288.9647604774165
PROGRESS    Completed epoch 279 / 2000;    current loss: 79.73389434814453
INFO Gradient norm: 286.9297220043504
PROGRESS    Completed epoch 280 / 2000;    current loss: 78.51142883300781
INFO Gradient norm: 284.5252045664712
PROGRESS    Completed epoch 281 / 2000;    current loss: 77.29793548583984
INFO Gradient norm: 282.361328949471
PROGRESS    Completed epoch 282 / 2000;    current loss: 76.08601379394531
INFO Gradient norm: 280.3993116717351
PROGRESS    Completed epoch 283 / 2000;    current loss: 74.87325286865234
INFO Gradient norm: 278.1372877421968
PROGRESS    Completed epoch 284 / 2000;    current loss: 73.67674255371094
INFO Gradient norm: 276.01556011635967
PROGRESS    Completed epoch 285 / 2000;    current loss: 72.47809600830078
INFO Gradient norm: 274.4690419182499
PROGRESS    Completed epoch 286 / 2000;    current loss: 71.30146026611328
INFO Gradient norm: 272.3989414092778
PROGRESS    Completed epoch 287 / 2000;    current loss: 70.1171875
INFO Gradient norm: 270.023986921773
PROGRESS    Completed epoch 288 / 2000;    current loss: 68.9371337890625
INFO Gradient norm: 268.06337366903983
PROGRESS    Completed epoch 289 / 2000;    current loss: 67.7719497680664
INFO Gradient norm: 265.7877137350119
PROGRESS    Completed epoch 290 / 2000;    current loss: 66.60023498535156
INFO Gradient norm: 264.3125887978636
PROGRESS    Completed epoch 291 / 2000;    current loss: 65.46197509765625
INFO Gradient norm: 262.06788701429446
PROGRESS    Completed epoch 292 / 2000;    current loss: 64.31298828125
INFO Gradient norm: 259.24906310981646
PROGRESS    Completed epoch 293 / 2000;    current loss: 63.15129470825195
INFO Gradient norm: 257.1144753827633
PROGRESS    Completed epoch 294 / 2000;    current loss: 62.03746032714844
INFO Gradient norm: 254.88070254425466
PROGRESS    Completed epoch 295 / 2000;    current loss: 60.91819381713867
INFO Gradient norm: 252.15624487074135
PROGRESS    Completed epoch 296 / 2000;    current loss: 59.787193298339844
INFO Gradient norm: 249.02540766289388
PROGRESS    Completed epoch 297 / 2000;    current loss: 58.64780807495117
INFO Gradient norm: 243.63576218105175
PROGRESS    Completed epoch 298 / 2000;    current loss: 57.62865447998047
INFO Gradient norm: 239.90184418738792
PROGRESS    Completed epoch 299 / 2000;    current loss: 56.68498992919922
INFO Gradient norm: 236.15395170349245
PROGRESS    Completed epoch 300 / 2000;    current loss: 55.72711944580078
INFO Gradient norm: 232.2873516196222
PROGRESS    Completed epoch 301 / 2000;    current loss: 54.75148391723633
INFO Gradient norm: 228.44980597783908
PROGRESS    Completed epoch 302 / 2000;    current loss: 53.76194381713867
INFO Gradient norm: 225.97718210377192
PROGRESS    Completed epoch 303 / 2000;    current loss: 52.80900192260742
INFO Gradient norm: 223.74861892619978
PROGRESS    Completed epoch 304 / 2000;    current loss: 51.85752868652344
INFO Gradient norm: 221.37182013447628
PROGRESS    Completed epoch 305 / 2000;    current loss: 50.89218521118164
INFO Gradient norm: 218.84100388580347
PROGRESS    Completed epoch 306 / 2000;    current loss: 49.91435623168945
INFO Gradient norm: 216.17279342212416
PROGRESS    Completed epoch 307 / 2000;    current loss: 48.927032470703125
INFO Gradient norm: 214.52387266979213
PROGRESS    Completed epoch 308 / 2000;    current loss: 47.97607421875
INFO Gradient norm: 213.3253333314309
PROGRESS    Completed epoch 309 / 2000;    current loss: 47.03174591064453
INFO Gradient norm: 211.6665313577022
PROGRESS    Completed epoch 310 / 2000;    current loss: 46.072898864746094
INFO Gradient norm: 209.51708651120302
PROGRESS    Completed epoch 311 / 2000;    current loss: 45.10213851928711
INFO Gradient norm: 210.02797205868188
PROGRESS    Completed epoch 312 / 2000;    current loss: 44.19679260253906
INFO Gradient norm: 208.62818286356406
PROGRESS    Completed epoch 313 / 2000;    current loss: 43.28139877319336
INFO Gradient norm: 205.09368067187268
PROGRESS    Completed epoch 314 / 2000;    current loss: 42.34580993652344
INFO Gradient norm: 200.02121069356966
PROGRESS    Completed epoch 315 / 2000;    current loss: 41.39978790283203
INFO Gradient norm: 195.1982678566735
PROGRESS    Completed epoch 316 / 2000;    current loss: 40.574432373046875
INFO Gradient norm: 192.02966020659764
PROGRESS    Completed epoch 317 / 2000;    current loss: 39.77412796020508
INFO Gradient norm: 189.51374818943967
PROGRESS    Completed epoch 318 / 2000;    current loss: 38.956626892089844
INFO Gradient norm: 187.3097293368533
PROGRESS    Completed epoch 319 / 2000;    current loss: 38.10590744018555
INFO Gradient norm: 185.40113941181116
PROGRESS    Completed epoch 320 / 2000;    current loss: 37.22662353515625
INFO Gradient norm: 183.72882889783762
PROGRESS    Completed epoch 321 / 2000;    current loss: 36.33094024658203
INFO Gradient norm: 181.53444499977527
PROGRESS    Completed epoch 322 / 2000;    current loss: 35.595237731933594
INFO Gradient norm: 180.46031941888833
PROGRESS    Completed epoch 323 / 2000;    current loss: 34.84531784057617
INFO Gradient norm: 179.77899028883337
PROGRESS    Completed epoch 324 / 2000;    current loss: 34.08861541748047
INFO Gradient norm: 178.52760892749325
PROGRESS    Completed epoch 325 / 2000;    current loss: 33.32883071899414
INFO Gradient norm: 175.68278458659046
PROGRESS    Completed epoch 326 / 2000;    current loss: 32.5488395690918
INFO Gradient norm: 171.3217698729684
PROGRESS    Completed epoch 327 / 2000;    current loss: 31.76905059814453
INFO Gradient norm: 169.19619984755684
PROGRESS    Completed epoch 328 / 2000;    current loss: 30.98902130126953
INFO Gradient norm: 167.32957704573636
PROGRESS    Completed epoch 329 / 2000;    current loss: 30.193740844726562
INFO Gradient norm: 167.09214816483973
PROGRESS    Completed epoch 330 / 2000;    current loss: 29.534727096557617
INFO Gradient norm: 165.69386236131473
PROGRESS    Completed epoch 331 / 2000;    current loss: 28.86346435546875
INFO Gradient norm: 165.03507717742377
PROGRESS    Completed epoch 332 / 2000;    current loss: 28.153886795043945
INFO Gradient norm: 167.34627197496727
PROGRESS    Completed epoch 333 / 2000;    current loss: 27.435468673706055
INFO Gradient norm: 170.26574948318444
PROGRESS    Completed epoch 334 / 2000;    current loss: 26.70598030090332
INFO Gradient norm: 164.5075715090116
PROGRESS    Completed epoch 335 / 2000;    current loss: 26.118642807006836
INFO Gradient norm: 158.08125762387328
PROGRESS    Completed epoch 336 / 2000;    current loss: 25.51918601989746
INFO Gradient norm: 157.21469294498027
PROGRESS    Completed epoch 337 / 2000;    current loss: 24.918960571289062
INFO Gradient norm: 160.3067476079137
PROGRESS    Completed epoch 338 / 2000;    current loss: 24.30255126953125
INFO Gradient norm: 161.6176530857595
PROGRESS    Completed epoch 339 / 2000;    current loss: 23.656526565551758
INFO Gradient norm: 159.06252233332265
PROGRESS    Completed epoch 340 / 2000;    current loss: 22.975969314575195
INFO Gradient norm: 156.92406585353817
PROGRESS    Completed epoch 341 / 2000;    current loss: 22.463787078857422
INFO Gradient norm: 154.22009710117297
PROGRESS    Completed epoch 342 / 2000;    current loss: 21.942691802978516
INFO Gradient norm: 157.71173267766096
PROGRESS    Completed epoch 343 / 2000;    current loss: 21.39527130126953
INFO Gradient norm: 159.6996409676016
PROGRESS    Completed epoch 344 / 2000;    current loss: 20.804018020629883
INFO Gradient norm: 154.99565494422987
PROGRESS    Completed epoch 345 / 2000;    current loss: 20.203763961791992
INFO Gradient norm: 153.24682308281348
PROGRESS    Completed epoch 346 / 2000;    current loss: 19.811338424682617
INFO Gradient norm: 152.21692702592168
PROGRESS    Completed epoch 347 / 2000;    current loss: 19.38998794555664
INFO Gradient norm: 155.22552947932104
PROGRESS    Completed epoch 348 / 2000;    current loss: 18.93072509765625
INFO Gradient norm: 155.44612639749832
PROGRESS    Completed epoch 349 / 2000;    current loss: 18.501384735107422
INFO Gradient norm: 153.7308194847425
PROGRESS    Completed epoch 350 / 2000;    current loss: 18.121368408203125
INFO Gradient norm: 154.42503700283777
PROGRESS    Completed epoch 351 / 2000;    current loss: 17.69725799560547
INFO Gradient norm: 159.59482907305835
PROGRESS    Completed epoch 352 / 2000;    current loss: 17.25146484375
INFO Gradient norm: 160.48580159855445
PROGRESS    Completed epoch 353 / 2000;    current loss: 16.832015991210938
INFO Gradient norm: 157.08778830052344
PROGRESS    Completed epoch 354 / 2000;    current loss: 16.495441436767578
INFO Gradient norm: 164.44008584047626
PROGRESS    Completed epoch 355 / 2000;    current loss: 16.202625274658203
INFO Gradient norm: 176.54135744179285
PROGRESS    Completed epoch 356 / 2000;    current loss: 15.890351295471191
INFO Gradient norm: 169.13936717060207
PROGRESS    Completed epoch 357 / 2000;    current loss: 15.572845458984375
INFO Gradient norm: 162.09105043409497
PROGRESS    Completed epoch 358 / 2000;    current loss: 15.307859420776367
INFO Gradient norm: 167.80953676545806
PROGRESS    Completed epoch 359 / 2000;    current loss: 14.981600761413574
INFO Gradient norm: 165.09714624795646
PROGRESS    Completed epoch 360 / 2000;    current loss: 14.710905075073242
INFO Gradient norm: 164.29775645984407
PROGRESS    Completed epoch 361 / 2000;    current loss: 14.418105125427246
INFO Gradient norm: 165.60606475227578
PROGRESS    Completed epoch 362 / 2000;    current loss: 14.070709228515625
INFO Gradient norm: 170.60689265748817
PROGRESS    Completed epoch 363 / 2000;    current loss: 13.901641845703125
INFO Gradient norm: 171.45306523096025
PROGRESS    Completed epoch 364 / 2000;    current loss: 13.685747146606445
INFO Gradient norm: 172.2726861213058
PROGRESS    Completed epoch 365 / 2000;    current loss: 13.37009334564209
INFO Gradient norm: 174.05361413803743
PROGRESS    Completed epoch 366 / 2000;    current loss: 13.085868835449219
INFO Gradient norm: 183.99102955312398
PROGRESS    Completed epoch 367 / 2000;    current loss: 12.877192497253418
INFO Gradient norm: 185.34220387942
PROGRESS    Completed epoch 368 / 2000;    current loss: 12.583756446838379
INFO Gradient norm: 182.71091369677904
PROGRESS    Completed epoch 369 / 2000;    current loss: 12.491573333740234
INFO Gradient norm: 183.22602890749067
PROGRESS    Completed epoch 370 / 2000;    current loss: 12.306753158569336
INFO Gradient norm: 193.28547190505176
PROGRESS    Completed epoch 371 / 2000;    current loss: 12.046886444091797
INFO Gradient norm: 196.0556402577996
PROGRESS    Completed epoch 372 / 2000;    current loss: 11.814516067504883
INFO Gradient norm: 186.8543023093813
PROGRESS    Completed epoch 373 / 2000;    current loss: 11.636613845825195
INFO Gradient norm: 191.16299784454216
PROGRESS    Completed epoch 374 / 2000;    current loss: 11.399930953979492
INFO Gradient norm: 203.08951462246606
PROGRESS    Completed epoch 375 / 2000;    current loss: 11.332441329956055
INFO Gradient norm: 200.24232055392437
PROGRESS    Completed epoch 376 / 2000;    current loss: 11.174962997436523
INFO Gradient norm: 189.63348185130258
PROGRESS    Completed epoch 377 / 2000;    current loss: 10.910619735717773
INFO Gradient norm: 200.03721036621585
PROGRESS    Completed epoch 378 / 2000;    current loss: 10.760514259338379
INFO Gradient norm: 197.11062855068323
PROGRESS    Completed epoch 379 / 2000;    current loss: 10.608187675476074
INFO Gradient norm: 191.341563727294
PROGRESS    Completed epoch 380 / 2000;    current loss: 10.373819351196289
INFO Gradient norm: 198.18623617824133
PROGRESS    Completed epoch 381 / 2000;    current loss: 10.282005310058594
INFO Gradient norm: 204.09822349683407
PROGRESS    Completed epoch 382 / 2000;    current loss: 10.150317192077637
INFO Gradient norm: 193.579229693343
PROGRESS    Completed epoch 383 / 2000;    current loss: 9.874384880065918
INFO Gradient norm: 190.35300263912188
PROGRESS    Completed epoch 384 / 2000;    current loss: 9.748462677001953
INFO Gradient norm: 192.69299519667894
PROGRESS    Completed epoch 385 / 2000;    current loss: 9.623941421508789
INFO Gradient norm: 187.90046702603243
PROGRESS    Completed epoch 386 / 2000;    current loss: 9.389286994934082
INFO Gradient norm: 186.67765908097903
PROGRESS    Completed epoch 387 / 2000;    current loss: 9.235794067382812
INFO Gradient norm: 196.10587617067836
PROGRESS    Completed epoch 388 / 2000;    current loss: 9.1094388961792
INFO Gradient norm: 193.5556122946079
PROGRESS    Completed epoch 389 / 2000;    current loss: 8.856138229370117
INFO Gradient norm: 182.69837990702308
PROGRESS    Completed epoch 390 / 2000;    current loss: 8.721054077148438
INFO Gradient norm: 179.71423447228412
PROGRESS    Completed epoch 391 / 2000;    current loss: 8.592551231384277
INFO Gradient norm: 179.1906068655366
PROGRESS    Completed epoch 392 / 2000;    current loss: 8.361738204956055
INFO Gradient norm: 175.86766062736154
PROGRESS    Completed epoch 393 / 2000;    current loss: 8.220187187194824
INFO Gradient norm: 178.18837166026722
PROGRESS    Completed epoch 394 / 2000;    current loss: 8.082612991333008
INFO Gradient norm: 177.52310568035168
PROGRESS    Completed epoch 395 / 2000;    current loss: 7.827803134918213
INFO Gradient norm: 173.69448568116096
PROGRESS    Completed epoch 396 / 2000;    current loss: 7.7530317306518555
INFO Gradient norm: 172.62210302200262
PROGRESS    Completed epoch 397 / 2000;    current loss: 7.629519462585449
INFO Gradient norm: 174.03002013505653
PROGRESS    Completed epoch 398 / 2000;    current loss: 7.388715744018555
INFO Gradient norm: 175.5961433562777
PROGRESS    Completed epoch 399 / 2000;    current loss: 7.185792446136475
INFO Gradient norm: 169.11510227590927
PROGRESS    Completed epoch 400 / 2000;    current loss: 7.048456192016602
INFO Gradient norm: 165.79521253917218
PROGRESS    Completed epoch 401 / 2000;    current loss: 6.804482460021973
INFO Gradient norm: 165.73822475588034
PROGRESS    Completed epoch 402 / 2000;    current loss: 6.749095439910889
INFO Gradient norm: 169.00884222492243
PROGRESS    Completed epoch 403 / 2000;    current loss: 6.613186836242676
INFO Gradient norm: 167.55650102802696
PROGRESS    Completed epoch 404 / 2000;    current loss: 6.377290725708008
INFO Gradient norm: 161.4748973480982
PROGRESS    Completed epoch 405 / 2000;    current loss: 6.151397228240967
INFO Gradient norm: 158.50483345036304
PROGRESS    Completed epoch 406 / 2000;    current loss: 6.012043476104736
INFO Gradient norm: 156.6323112575773
PROGRESS    Completed epoch 407 / 2000;    current loss: 5.771103858947754
INFO Gradient norm: 163.35300578838425
PROGRESS    Completed epoch 408 / 2000;    current loss: 5.722200393676758
INFO Gradient norm: 162.07528547365692
PROGRESS    Completed epoch 409 / 2000;    current loss: 5.575320243835449
INFO Gradient norm: 151.48002248435006
PROGRESS    Completed epoch 410 / 2000;    current loss: 5.344700336456299
INFO Gradient norm: 146.89643684042343
PROGRESS    Completed epoch 411 / 2000;    current loss: 5.10059118270874
INFO Gradient norm: 148.29913599106757
PROGRESS    Completed epoch 412 / 2000;    current loss: 4.939615249633789
INFO Gradient norm: 140.99555927596202
PROGRESS    Completed epoch 413 / 2000;    current loss: 4.711703300476074
INFO Gradient norm: 142.56012030413075
PROGRESS    Completed epoch 414 / 2000;    current loss: 4.6422038078308105
INFO Gradient norm: 144.61550010684093
PROGRESS    Completed epoch 415 / 2000;    current loss: 4.4721455574035645
INFO Gradient norm: 139.9925330497899
PROGRESS    Completed epoch 416 / 2000;    current loss: 4.220341205596924
INFO Gradient norm: 129.1848876126499
PROGRESS    Completed epoch 417 / 2000;    current loss: 3.9854202270507812
INFO Gradient norm: 125.88145688744767
PROGRESS    Completed epoch 418 / 2000;    current loss: 3.8115170001983643
INFO Gradient norm: 119.82156612076771
PROGRESS    Completed epoch 419 / 2000;    current loss: 3.581195831298828
INFO Gradient norm: 123.38339833952048
PROGRESS    Completed epoch 420 / 2000;    current loss: 3.4663748741149902
INFO Gradient norm: 118.535764229927
PROGRESS    Completed epoch 421 / 2000;    current loss: 3.2865869998931885
INFO Gradient norm: 105.51672559490378
PROGRESS    Completed epoch 422 / 2000;    current loss: 3.0495004653930664
INFO Gradient norm: 94.15145026470353
PROGRESS    Completed epoch 423 / 2000;    current loss: 2.8039162158966064
INFO Gradient norm: 87.40389193058938
PROGRESS    Completed epoch 424 / 2000;    current loss: 2.6285181045532227
INFO Gradient norm: 80.72875218895096
PROGRESS    Completed epoch 425 / 2000;    current loss: 2.4637129306793213
INFO Gradient norm: 73.1851920470784
PROGRESS    Completed epoch 426 / 2000;    current loss: 2.2917308807373047
INFO Gradient norm: 65.07463116412112
PROGRESS    Completed epoch 427 / 2000;    current loss: 2.1540098190307617
INFO Gradient norm: 57.97507773647457
PROGRESS    Completed epoch 428 / 2000;    current loss: 2.0052878856658936
INFO Gradient norm: 51.55317458095713
PROGRESS    Completed epoch 429 / 2000;    current loss: 1.8706107139587402
INFO Gradient norm: 46.88037400346536
PROGRESS    Completed epoch 430 / 2000;    current loss: 1.7964035272598267
INFO Gradient norm: 45.465191027578804
PROGRESS    Completed epoch 431 / 2000;    current loss: 1.720815896987915
INFO Gradient norm: 41.09042557683751
PROGRESS    Completed epoch 432 / 2000;    current loss: 1.6377716064453125
INFO Gradient norm: 39.72724364206645
PROGRESS    Completed epoch 433 / 2000;    current loss: 1.5557624101638794
INFO Gradient norm: 41.063402449166354
PROGRESS    Completed epoch 434 / 2000;    current loss: 1.4971901178359985
INFO Gradient norm: 40.70282656913545
PROGRESS    Completed epoch 435 / 2000;    current loss: 1.4388129711151123
INFO Gradient norm: 36.233133922248676
PROGRESS    Completed epoch 436 / 2000;    current loss: 1.371975302696228
INFO Gradient norm: 35.454855663914564
PROGRESS    Completed epoch 437 / 2000;    current loss: 1.3134514093399048
INFO Gradient norm: 34.53194586514888
PROGRESS    Completed epoch 438 / 2000;    current loss: 1.2495319843292236
INFO Gradient norm: 34.07450616860164
PROGRESS    Completed epoch 439 / 2000;    current loss: 1.1904017925262451
INFO Gradient norm: 33.20024495092213
PROGRESS    Completed epoch 440 / 2000;    current loss: 1.1356868743896484
INFO Gradient norm: 31.611261636156353
PROGRESS    Completed epoch 441 / 2000;    current loss: 1.0825448036193848
INFO Gradient norm: 37.878447387842975
PROGRESS    Completed epoch 442 / 2000;    current loss: 1.0398553609848022
INFO Gradient norm: 35.845975781734836
PROGRESS    Completed epoch 443 / 2000;    current loss: 1.0197901725769043
INFO Gradient norm: 33.93521760385359
PROGRESS    Completed epoch 444 / 2000;    current loss: 0.991981029510498
INFO Gradient norm: 31.535519673405695
PROGRESS    Completed epoch 445 / 2000;    current loss: 0.9538257718086243
INFO Gradient norm: 41.325361161344006
PROGRESS    Completed epoch 446 / 2000;    current loss: 0.942529559135437
INFO Gradient norm: 46.808200556603175
PROGRESS    Completed epoch 447 / 2000;    current loss: 0.9319003820419312
INFO Gradient norm: 29.225255257300052
PROGRESS    Completed epoch 448 / 2000;    current loss: 0.8958196640014648
INFO Gradient norm: 37.20841986861577
PROGRESS    Completed epoch 449 / 2000;    current loss: 0.8954638838768005
INFO Gradient norm: 27.9792650386634
PROGRESS    Completed epoch 450 / 2000;    current loss: 0.8803123831748962
INFO Gradient norm: 51.08382620587697
PROGRESS    Completed epoch 451 / 2000;    current loss: 0.8661298751831055
INFO Gradient norm: 43.18329922439177
PROGRESS    Completed epoch 452 / 2000;    current loss: 0.8310583829879761
INFO Gradient norm: 28.089904199140456
PROGRESS    Completed epoch 453 / 2000;    current loss: 0.8296129703521729
INFO Gradient norm: 42.93954124566487
PROGRESS    Completed epoch 454 / 2000;    current loss: 0.83698570728302
INFO Gradient norm: 42.30784143961965
PROGRESS    Completed epoch 455 / 2000;    current loss: 0.8217554092407227
INFO Gradient norm: 19.39803725407949
PROGRESS    Completed epoch 456 / 2000;    current loss: 0.7926805019378662
INFO Gradient norm: 31.015321615047178
PROGRESS    Completed epoch 457 / 2000;    current loss: 0.774742841720581
INFO Gradient norm: 21.26330725178445
PROGRESS    Completed epoch 458 / 2000;    current loss: 0.7696458101272583
INFO Gradient norm: 53.74234451439189
PROGRESS    Completed epoch 459 / 2000;    current loss: 0.7771018147468567
INFO Gradient norm: 45.24650523219678
PROGRESS    Completed epoch 460 / 2000;    current loss: 0.7694231867790222
INFO Gradient norm: 33.56096117177679
PROGRESS    Completed epoch 461 / 2000;    current loss: 0.7602869868278503
INFO Gradient norm: 21.806844735921477
PROGRESS    Completed epoch 462 / 2000;    current loss: 0.7546107172966003
INFO Gradient norm: 31.45287424211117
PROGRESS    Completed epoch 463 / 2000;    current loss: 0.7656227350234985
INFO Gradient norm: 12.922491417526937
PROGRESS    Completed epoch 464 / 2000;    current loss: 0.7632533311843872
INFO Gradient norm: 55.99236917948094
PROGRESS    Completed epoch 465 / 2000;    current loss: 0.7737472057342529
INFO Gradient norm: 35.13570520746715
PROGRESS    Completed epoch 466 / 2000;    current loss: 0.7579743266105652
INFO Gradient norm: 30.838002748969323
PROGRESS    Completed epoch 467 / 2000;    current loss: 0.765415608882904
INFO Gradient norm: 19.883447910729398
PROGRESS    Completed epoch 468 / 2000;    current loss: 0.7671511173248291
INFO Gradient norm: 50.94488637304196
PROGRESS    Completed epoch 469 / 2000;    current loss: 0.7765146493911743
INFO Gradient norm: 28.089468126986354
PROGRESS    Completed epoch 470 / 2000;    current loss: 0.7617113590240479
INFO Gradient norm: 68.7836859580492
PROGRESS    Completed epoch 471 / 2000;    current loss: 0.7764025926589966
INFO Gradient norm: 54.43646563035362
PROGRESS    Completed epoch 472 / 2000;    current loss: 0.7698261141777039
INFO Gradient norm: 43.36375436047827
PROGRESS    Completed epoch 473 / 2000;    current loss: 0.7701207399368286
INFO Gradient norm: 44.344653189456345
PROGRESS    Completed epoch 474 / 2000;    current loss: 0.7720646262168884
INFO Gradient norm: 37.73128429384983
PROGRESS    Completed epoch 475 / 2000;    current loss: 0.7669864296913147
INFO Gradient norm: 36.058995687218925
PROGRESS    Completed epoch 476 / 2000;    current loss: 0.762491762638092
INFO Gradient norm: 48.43538097741242
PROGRESS    Completed epoch 477 / 2000;    current loss: 0.7687181234359741
INFO Gradient norm: 31.422510213550762
PROGRESS    Completed epoch 478 / 2000;    current loss: 0.759962797164917
INFO Gradient norm: 47.93839544526787
PROGRESS    Completed epoch 479 / 2000;    current loss: 0.7702987790107727
INFO Gradient norm: 29.681202357687493
PROGRESS    Completed epoch 480 / 2000;    current loss: 0.769622266292572
INFO Gradient norm: 53.720312890711114
PROGRESS    Completed epoch 481 / 2000;    current loss: 0.7804737091064453
INFO Gradient norm: 42.467780452620595
PROGRESS    Completed epoch 482 / 2000;    current loss: 0.7733555436134338
INFO Gradient norm: 48.81001927477605
PROGRESS    Completed epoch 483 / 2000;    current loss: 0.7744887471199036
INFO Gradient norm: 44.02052800479955
PROGRESS    Completed epoch 484 / 2000;    current loss: 0.7712300419807434
INFO Gradient norm: 34.46186995007308
PROGRESS    Completed epoch 485 / 2000;    current loss: 0.7636582851409912
INFO Gradient norm: 34.348514020341256
PROGRESS    Completed epoch 486 / 2000;    current loss: 0.7649964690208435
INFO Gradient norm: 37.95334413426211
PROGRESS    Completed epoch 487 / 2000;    current loss: 0.769231915473938
INFO Gradient norm: 31.94793892168199
PROGRESS    Completed epoch 488 / 2000;    current loss: 0.7636624574661255
INFO Gradient norm: 48.37412391238083
PROGRESS    Completed epoch 489 / 2000;    current loss: 0.7672960162162781
INFO Gradient norm: 47.55786900420503
PROGRESS    Completed epoch 490 / 2000;    current loss: 0.7676362991333008
INFO Gradient norm: 31.933941742696508
PROGRESS    Completed epoch 491 / 2000;    current loss: 0.7607423067092896
INFO Gradient norm: 24.51183099043339
PROGRESS    Completed epoch 492 / 2000;    current loss: 0.7578402757644653
INFO Gradient norm: 60.56731425792886
PROGRESS    Completed epoch 493 / 2000;    current loss: 0.776656985282898
INFO Gradient norm: 50.10786723648859
PROGRESS    Completed epoch 494 / 2000;    current loss: 0.7686216235160828
INFO Gradient norm: 35.074144126782905
PROGRESS    Completed epoch 495 / 2000;    current loss: 0.7609288096427917
INFO Gradient norm: 28.322779033661465
PROGRESS    Completed epoch 496 / 2000;    current loss: 0.759494960308075
INFO Gradient norm: 51.54901304376584
PROGRESS    Completed epoch 497 / 2000;    current loss: 0.7697009444236755
INFO Gradient norm: 40.670283992862345
PROGRESS    Completed epoch 498 / 2000;    current loss: 0.7625874876976013
INFO Gradient norm: 35.56044646621206
PROGRESS    Completed epoch 499 / 2000;    current loss: 0.7643467783927917
INFO Gradient norm: 30.32487786610705
PROGRESS    Completed epoch 500 / 2000;    current loss: 0.7620960474014282
INFO Gradient norm: 40.885624261856
PROGRESS    Completed epoch 501 / 2000;    current loss: 0.7607753872871399
INFO Gradient norm: 42.35082729052202
PROGRESS    Completed epoch 502 / 2000;    current loss: 0.7653009295463562
INFO Gradient norm: 33.78834748833625
PROGRESS    Completed epoch 503 / 2000;    current loss: 0.7648221850395203
INFO Gradient norm: 32.33816960706789
PROGRESS    Completed epoch 504 / 2000;    current loss: 0.76123046875
INFO Gradient norm: 37.694018984287034
PROGRESS    Completed epoch 505 / 2000;    current loss: 0.7564785480499268
INFO Gradient norm: 34.01943780437626
PROGRESS    Completed epoch 506 / 2000;    current loss: 0.7544406056404114
INFO Gradient norm: 30.40159540223156
PROGRESS    Completed epoch 507 / 2000;    current loss: 0.7591063976287842
INFO Gradient norm: 19.451174327668557
PROGRESS    Completed epoch 508 / 2000;    current loss: 0.7561516165733337
INFO Gradient norm: 49.067634565101955
PROGRESS    Completed epoch 509 / 2000;    current loss: 0.7610042095184326
INFO Gradient norm: 49.083930993915416
PROGRESS    Completed epoch 510 / 2000;    current loss: 0.7647475004196167
INFO Gradient norm: 26.12407404192428
PROGRESS    Completed epoch 511 / 2000;    current loss: 0.7590096592903137
INFO Gradient norm: 28.866959689894156
PROGRESS    Completed epoch 512 / 2000;    current loss: 0.7560533285140991
INFO Gradient norm: 37.51897486990753
PROGRESS    Completed epoch 513 / 2000;    current loss: 0.7523984909057617
INFO Gradient norm: 31.913007345245756
PROGRESS    Completed epoch 514 / 2000;    current loss: 0.7506097555160522
INFO Gradient norm: 44.95635020103696
PROGRESS    Completed epoch 515 / 2000;    current loss: 0.7576760053634644
INFO Gradient norm: 32.426123918295346
PROGRESS    Completed epoch 516 / 2000;    current loss: 0.7540508508682251
INFO Gradient norm: 41.03469839529987
PROGRESS    Completed epoch 517 / 2000;    current loss: 0.7521090507507324
INFO Gradient norm: 47.40746816554264
PROGRESS    Completed epoch 518 / 2000;    current loss: 0.7595070600509644
INFO Gradient norm: 24.219133287836417
PROGRESS    Completed epoch 519 / 2000;    current loss: 0.753150463104248
INFO Gradient norm: 22.269186242843567
PROGRESS    Completed epoch 520 / 2000;    current loss: 0.7500215172767639
INFO Gradient norm: 45.51034150847479
PROGRESS    Completed epoch 521 / 2000;    current loss: 0.7532863616943359
INFO Gradient norm: 37.60838368981323
PROGRESS    Completed epoch 522 / 2000;    current loss: 0.7492150068283081
INFO Gradient norm: 39.7531840247874
PROGRESS    Completed epoch 523 / 2000;    current loss: 0.7516719102859497
INFO Gradient norm: 32.46911171802093
PROGRESS    Completed epoch 524 / 2000;    current loss: 0.7487127184867859
INFO Gradient norm: 46.19161425258161
PROGRESS    Completed epoch 525 / 2000;    current loss: 0.7533326148986816
INFO Gradient norm: 38.17579667281898
PROGRESS    Completed epoch 526 / 2000;    current loss: 0.7474038004875183
INFO Gradient norm: 28.58250931872005
PROGRESS    Completed epoch 527 / 2000;    current loss: 0.7485951781272888
INFO Gradient norm: 20.366501632261237
PROGRESS    Completed epoch 528 / 2000;    current loss: 0.7456740736961365
INFO Gradient norm: 48.457860549586734
PROGRESS    Completed epoch 529 / 2000;    current loss: 0.751662015914917
INFO Gradient norm: 37.442541513516844
PROGRESS    Completed epoch 530 / 2000;    current loss: 0.7440755367279053
INFO Gradient norm: 35.61887450843908
PROGRESS    Completed epoch 531 / 2000;    current loss: 0.7468025088310242
INFO Gradient norm: 34.51623616872109
PROGRESS    Completed epoch 532 / 2000;    current loss: 0.7430660724639893
INFO Gradient norm: 47.12508607820923
PROGRESS    Completed epoch 533 / 2000;    current loss: 0.7493389248847961
INFO Gradient norm: 42.80837254860644
PROGRESS    Completed epoch 534 / 2000;    current loss: 0.7471834421157837
INFO Gradient norm: 36.467870545831154
PROGRESS    Completed epoch 535 / 2000;    current loss: 0.743182361125946
INFO Gradient norm: 21.818776399660205
PROGRESS    Completed epoch 536 / 2000;    current loss: 0.7421000599861145
INFO Gradient norm: 53.8390308914377
PROGRESS    Completed epoch 537 / 2000;    current loss: 0.7548474073410034
INFO Gradient norm: 39.50885483158876
PROGRESS    Completed epoch 538 / 2000;    current loss: 0.7429901957511902
INFO Gradient norm: 38.05935819466077
PROGRESS    Completed epoch 539 / 2000;    current loss: 0.7432337999343872
INFO Gradient norm: 27.556365920502135
PROGRESS    Completed epoch 540 / 2000;    current loss: 0.7412515878677368
INFO Gradient norm: 41.89990081880067
PROGRESS    Completed epoch 541 / 2000;    current loss: 0.7434406876564026
INFO Gradient norm: 25.684555911357084
PROGRESS    Completed epoch 542 / 2000;    current loss: 0.7340040802955627
INFO Gradient norm: 45.33619290746921
PROGRESS    Completed epoch 543 / 2000;    current loss: 0.7443348169326782
INFO Gradient norm: 30.348418576876284
PROGRESS    Completed epoch 544 / 2000;    current loss: 0.7384069561958313
INFO Gradient norm: 52.564867671092486
PROGRESS    Completed epoch 545 / 2000;    current loss: 0.7476961016654968
INFO Gradient norm: 49.15080137359017
PROGRESS    Completed epoch 546 / 2000;    current loss: 0.7440751791000366
INFO Gradient norm: 15.071704375668194
PROGRESS    Completed epoch 547 / 2000;    current loss: 0.7373520731925964
INFO Gradient norm: 14.339398715306908
PROGRESS    Completed epoch 548 / 2000;    current loss: 0.7376001477241516
INFO Gradient norm: 39.36425909612345
PROGRESS    Completed epoch 549 / 2000;    current loss: 0.738223671913147
INFO Gradient norm: 32.246508628175064
PROGRESS    Completed epoch 550 / 2000;    current loss: 0.7402453422546387
INFO Gradient norm: 45.51884622511004
PROGRESS    Completed epoch 551 / 2000;    current loss: 0.7506839632987976
INFO Gradient norm: 45.45113861846043
PROGRESS    Completed epoch 552 / 2000;    current loss: 0.7481459379196167
INFO Gradient norm: 22.357972371389906
PROGRESS    Completed epoch 553 / 2000;    current loss: 0.7307913303375244
INFO Gradient norm: 33.856051629181316
PROGRESS    Completed epoch 554 / 2000;    current loss: 0.7363258004188538
INFO Gradient norm: 22.527217217763113
PROGRESS    Completed epoch 555 / 2000;    current loss: 0.7360216975212097
INFO Gradient norm: 13.59861411093934
PROGRESS    Completed epoch 556 / 2000;    current loss: 0.7315976023674011
INFO Gradient norm: 41.7163557924746
PROGRESS    Completed epoch 557 / 2000;    current loss: 0.7311108708381653
INFO Gradient norm: 36.33758004613147
PROGRESS    Completed epoch 558 / 2000;    current loss: 0.7372516989707947
INFO Gradient norm: 37.60889361481851
PROGRESS    Completed epoch 559 / 2000;    current loss: 0.7452183365821838
INFO Gradient norm: 37.65852243103542
PROGRESS    Completed epoch 560 / 2000;    current loss: 0.7456703782081604
INFO Gradient norm: 19.70597536288827
PROGRESS    Completed epoch 561 / 2000;    current loss: 0.7330848574638367
INFO Gradient norm: 15.188846547613476
PROGRESS    Completed epoch 562 / 2000;    current loss: 0.7233093976974487
INFO Gradient norm: 18.126992363492505
PROGRESS    Completed epoch 563 / 2000;    current loss: 0.7250417470932007
INFO Gradient norm: 18.90709788426141
PROGRESS    Completed epoch 564 / 2000;    current loss: 0.7184628844261169
INFO Gradient norm: 15.361119492542814
PROGRESS    Completed epoch 565 / 2000;    current loss: 0.7213063836097717
INFO Gradient norm: 51.34361261981675
PROGRESS    Completed epoch 566 / 2000;    current loss: 0.7388232946395874
INFO Gradient norm: 38.509750720632375
PROGRESS    Completed epoch 567 / 2000;    current loss: 0.7371219396591187
INFO Gradient norm: 32.05805822300344
PROGRESS    Completed epoch 568 / 2000;    current loss: 0.732502818107605
INFO Gradient norm: 20.138265715038322
PROGRESS    Completed epoch 569 / 2000;    current loss: 0.7249221801757812
INFO Gradient norm: 47.906262481979475
PROGRESS    Completed epoch 570 / 2000;    current loss: 0.7308368682861328
INFO Gradient norm: 12.410025872659451
PROGRESS    Completed epoch 571 / 2000;    current loss: 0.7259035110473633
INFO Gradient norm: 65.44255658906206
PROGRESS    Completed epoch 572 / 2000;    current loss: 0.7519612312316895
INFO Gradient norm: 46.41188491765952
PROGRESS    Completed epoch 573 / 2000;    current loss: 0.7372187376022339
INFO Gradient norm: 44.12598806626247
PROGRESS    Completed epoch 574 / 2000;    current loss: 0.735291600227356
INFO Gradient norm: 49.99169088948064
PROGRESS    Completed epoch 575 / 2000;    current loss: 0.7368114590644836
INFO Gradient norm: 18.34974949019488
PROGRESS    Completed epoch 576 / 2000;    current loss: 0.7226997017860413
INFO Gradient norm: 15.669763433717982
PROGRESS    Completed epoch 577 / 2000;    current loss: 0.7167876958847046
INFO Gradient norm: 20.950948662884063
PROGRESS    Completed epoch 578 / 2000;    current loss: 0.7186121940612793
INFO Gradient norm: 21.562733608281427
PROGRESS    Completed epoch 579 / 2000;    current loss: 0.7182029485702515
INFO Gradient norm: 18.527112723216927
PROGRESS    Completed epoch 580 / 2000;    current loss: 0.7144582867622375
INFO Gradient norm: 12.138566869788681
PROGRESS    Completed epoch 581 / 2000;    current loss: 0.7054737210273743
INFO Gradient norm: 63.17439572503349
PROGRESS    Completed epoch 582 / 2000;    current loss: 0.7336118817329407
INFO Gradient norm: 60.52452291913091
PROGRESS    Completed epoch 583 / 2000;    current loss: 0.7361237406730652
INFO Gradient norm: 17.392445165931267
PROGRESS    Completed epoch 584 / 2000;    current loss: 0.7164245843887329
INFO Gradient norm: 32.6350705167583
PROGRESS    Completed epoch 585 / 2000;    current loss: 0.7153739929199219
INFO Gradient norm: 22.685813248817464
PROGRESS    Completed epoch 586 / 2000;    current loss: 0.7075729370117188
INFO Gradient norm: 17.998048038652673
PROGRESS    Completed epoch 587 / 2000;    current loss: 0.7075225710868835
INFO Gradient norm: 35.53967992422233
PROGRESS    Completed epoch 588 / 2000;    current loss: 0.711430549621582
INFO Gradient norm: 14.333343804507638
PROGRESS    Completed epoch 589 / 2000;    current loss: 0.7013676166534424
INFO Gradient norm: 53.737408649272865
PROGRESS    Completed epoch 590 / 2000;    current loss: 0.7177234292030334
INFO Gradient norm: 36.25144746552015
PROGRESS    Completed epoch 591 / 2000;    current loss: 0.7032352089881897
INFO Gradient norm: 21.44654416283462
PROGRESS    Completed epoch 592 / 2000;    current loss: 0.7075718641281128
INFO Gradient norm: 18.166922128505817
PROGRESS    Completed epoch 593 / 2000;    current loss: 0.7081121206283569
INFO Gradient norm: 40.307460604261315
PROGRESS    Completed epoch 594 / 2000;    current loss: 0.7128313183784485
INFO Gradient norm: 20.75610242303293
PROGRESS    Completed epoch 595 / 2000;    current loss: 0.698566734790802
INFO Gradient norm: 28.713881612381044
PROGRESS    Completed epoch 596 / 2000;    current loss: 0.7106685042381287
INFO Gradient norm: 14.047301052387873
PROGRESS    Completed epoch 597 / 2000;    current loss: 0.7099785804748535
INFO Gradient norm: 45.08691068241647
PROGRESS    Completed epoch 598 / 2000;    current loss: 0.7172646522521973
INFO Gradient norm: 22.252484375469873
PROGRESS    Completed epoch 599 / 2000;    current loss: 0.7013015151023865
INFO Gradient norm: 47.3609152898715
PROGRESS    Completed epoch 600 / 2000;    current loss: 0.7104296088218689
INFO Gradient norm: 15.581266628553475
PROGRESS    Completed epoch 601 / 2000;    current loss: 0.7072394490242004
INFO Gradient norm: 61.13110771493807
PROGRESS    Completed epoch 602 / 2000;    current loss: 0.7326681017875671
INFO Gradient norm: 53.048627459416345
PROGRESS    Completed epoch 603 / 2000;    current loss: 0.7247393131256104
INFO Gradient norm: 25.222411363787447
PROGRESS    Completed epoch 604 / 2000;    current loss: 0.7065284252166748
INFO Gradient norm: 36.25072525475967
PROGRESS    Completed epoch 605 / 2000;    current loss: 0.702704131603241
INFO Gradient norm: 21.19737302940412
PROGRESS    Completed epoch 606 / 2000;    current loss: 0.6892711520195007
INFO Gradient norm: 30.795047898534087
PROGRESS    Completed epoch 607 / 2000;    current loss: 0.6939054727554321
INFO Gradient norm: 25.094383283666108
PROGRESS    Completed epoch 608 / 2000;    current loss: 0.6911934614181519
INFO Gradient norm: 14.286769162007552
PROGRESS    Completed epoch 609 / 2000;    current loss: 0.6854909658432007
INFO Gradient norm: 52.47511411164238
PROGRESS    Completed epoch 610 / 2000;    current loss: 0.7003010511398315
INFO Gradient norm: 42.250138632298714
PROGRESS    Completed epoch 611 / 2000;    current loss: 0.6894074082374573
INFO Gradient norm: 20.166274847699867
PROGRESS    Completed epoch 612 / 2000;    current loss: 0.6816352605819702
INFO Gradient norm: 16.10653613211651
PROGRESS    Completed epoch 613 / 2000;    current loss: 0.680949330329895
INFO Gradient norm: 33.58114726385209
PROGRESS    Completed epoch 614 / 2000;    current loss: 0.6824856996536255
INFO Gradient norm: 31.80156649019453
PROGRESS    Completed epoch 615 / 2000;    current loss: 0.6894041895866394
INFO Gradient norm: 34.22669871912269
PROGRESS    Completed epoch 616 / 2000;    current loss: 0.6950948238372803
INFO Gradient norm: 37.503545657655536
PROGRESS    Completed epoch 617 / 2000;    current loss: 0.6950941681861877
INFO Gradient norm: 15.958933422929373
PROGRESS    Completed epoch 618 / 2000;    current loss: 0.6788894534111023
INFO Gradient norm: 45.75063173797596
PROGRESS    Completed epoch 619 / 2000;    current loss: 0.6998820900917053
INFO Gradient norm: 15.038449307093526
PROGRESS    Completed epoch 620 / 2000;    current loss: 0.6919496059417725
INFO Gradient norm: 61.33390369648462
PROGRESS    Completed epoch 621 / 2000;    current loss: 0.7169306874275208
INFO Gradient norm: 50.64435953860027
PROGRESS    Completed epoch 622 / 2000;    current loss: 0.7089824676513672
INFO Gradient norm: 29.176116181477138
PROGRESS    Completed epoch 623 / 2000;    current loss: 0.6975181102752686
INFO Gradient norm: 31.759852934399454
PROGRESS    Completed epoch 624 / 2000;    current loss: 0.6965651512145996
INFO Gradient norm: 31.64026905562538
PROGRESS    Completed epoch 625 / 2000;    current loss: 0.6928556561470032
INFO Gradient norm: 31.840569733924024
PROGRESS    Completed epoch 626 / 2000;    current loss: 0.683419942855835
INFO Gradient norm: 34.87500796990143
PROGRESS    Completed epoch 627 / 2000;    current loss: 0.6799376606941223
INFO Gradient norm: 34.3305830555665
PROGRESS    Completed epoch 628 / 2000;    current loss: 0.6839950084686279
INFO Gradient norm: 30.723503033591246
PROGRESS    Completed epoch 629 / 2000;    current loss: 0.6864004135131836
INFO Gradient norm: 35.108764416157946
PROGRESS    Completed epoch 630 / 2000;    current loss: 0.685364842414856
INFO Gradient norm: 30.81240556728436
PROGRESS    Completed epoch 631 / 2000;    current loss: 0.6816741824150085
INFO Gradient norm: 28.368642503127106
PROGRESS    Completed epoch 632 / 2000;    current loss: 0.6806533336639404
INFO Gradient norm: 25.149173887440288
PROGRESS    Completed epoch 633 / 2000;    current loss: 0.6842021942138672
INFO Gradient norm: 17.803738623362946
PROGRESS    Completed epoch 634 / 2000;    current loss: 0.6808198690414429
INFO Gradient norm: 46.09517271757916
PROGRESS    Completed epoch 635 / 2000;    current loss: 0.6916756629943848
INFO Gradient norm: 37.46127734334996
PROGRESS    Completed epoch 636 / 2000;    current loss: 0.6841830015182495
INFO Gradient norm: 18.97423733187979
PROGRESS    Completed epoch 637 / 2000;    current loss: 0.6827003955841064
INFO Gradient norm: 20.253483611401084
PROGRESS    Completed epoch 638 / 2000;    current loss: 0.6804437041282654
INFO Gradient norm: 45.99894984921142
PROGRESS    Completed epoch 639 / 2000;    current loss: 0.6935266852378845
INFO Gradient norm: 37.30574242250557
PROGRESS    Completed epoch 640 / 2000;    current loss: 0.6873214244842529
INFO Gradient norm: 35.36611881474155
PROGRESS    Completed epoch 641 / 2000;    current loss: 0.6854726672172546
INFO Gradient norm: 24.222002464536722
PROGRESS    Completed epoch 642 / 2000;    current loss: 0.683982253074646
INFO Gradient norm: 37.52642950720717
PROGRESS    Completed epoch 643 / 2000;    current loss: 0.6862775087356567
INFO Gradient norm: 26.545444501879302
PROGRESS    Completed epoch 644 / 2000;    current loss: 0.6760849356651306
INFO Gradient norm: 17.26691335775729
PROGRESS    Completed epoch 645 / 2000;    current loss: 0.6825025081634521
INFO Gradient norm: 13.681258954689419
PROGRESS    Completed epoch 646 / 2000;    current loss: 0.6823173761367798
INFO Gradient norm: 35.77683546970782
PROGRESS    Completed epoch 647 / 2000;    current loss: 0.6843627095222473
INFO Gradient norm: 12.67944781593777
PROGRESS    Completed epoch 648 / 2000;    current loss: 0.6706222295761108
INFO Gradient norm: 35.145173539089626
PROGRESS    Completed epoch 649 / 2000;    current loss: 0.6838815212249756
INFO Gradient norm: 17.110053013674353
PROGRESS    Completed epoch 650 / 2000;    current loss: 0.6838505268096924
INFO Gradient norm: 48.624331481463926
PROGRESS    Completed epoch 651 / 2000;    current loss: 0.6990625858306885
INFO Gradient norm: 32.465051288108555
PROGRESS    Completed epoch 652 / 2000;    current loss: 0.6891584992408752
INFO Gradient norm: 33.882402826063945
PROGRESS    Completed epoch 653 / 2000;    current loss: 0.6818598508834839
INFO Gradient norm: 27.330488028688862
PROGRESS    Completed epoch 654 / 2000;    current loss: 0.670041561126709
INFO Gradient norm: 22.00460999674432
PROGRESS    Completed epoch 655 / 2000;    current loss: 0.6667864918708801
INFO Gradient norm: 16.70823798553266
PROGRESS    Completed epoch 656 / 2000;    current loss: 0.6681917905807495
INFO Gradient norm: 13.485840666260613
PROGRESS    Completed epoch 657 / 2000;    current loss: 0.6654000282287598
INFO Gradient norm: 17.797840680822674
PROGRESS    Completed epoch 658 / 2000;    current loss: 0.6589966416358948
INFO Gradient norm: 13.01728422284082
PROGRESS    Completed epoch 659 / 2000;    current loss: 0.6585370898246765
INFO Gradient norm: 24.834445492050754
PROGRESS    Completed epoch 660 / 2000;    current loss: 0.6614071130752563
INFO Gradient norm: 18.201273677824517
PROGRESS    Completed epoch 661 / 2000;    current loss: 0.6592116951942444
INFO Gradient norm: 12.266200754170171
PROGRESS    Completed epoch 662 / 2000;    current loss: 0.6523847579956055
INFO Gradient norm: 48.1656853706819
PROGRESS    Completed epoch 663 / 2000;    current loss: 0.6666646003723145
INFO Gradient norm: 52.29425117461164
PROGRESS    Completed epoch 664 / 2000;    current loss: 0.6710296869277954
INFO Gradient norm: 11.583151622822655
PROGRESS    Completed epoch 665 / 2000;    current loss: 0.6513404846191406
INFO Gradient norm: 18.6143523525619
PROGRESS    Completed epoch 666 / 2000;    current loss: 0.6546332240104675
INFO Gradient norm: 19.75222858113414
PROGRESS    Completed epoch 667 / 2000;    current loss: 0.6523044109344482
INFO Gradient norm: 11.803315181892112
PROGRESS    Completed epoch 668 / 2000;    current loss: 0.645141065120697
INFO Gradient norm: 42.10503000501665
PROGRESS    Completed epoch 669 / 2000;    current loss: 0.6617962718009949
INFO Gradient norm: 27.28511801914059
PROGRESS    Completed epoch 670 / 2000;    current loss: 0.6555707454681396
INFO Gradient norm: 44.39939858305097
PROGRESS    Completed epoch 671 / 2000;    current loss: 0.6659655570983887
INFO Gradient norm: 44.06826536195292
PROGRESS    Completed epoch 672 / 2000;    current loss: 0.6661379933357239
INFO Gradient norm: 19.602725181562917
PROGRESS    Completed epoch 673 / 2000;    current loss: 0.6530142426490784
INFO Gradient norm: 23.33625433587739
PROGRESS    Completed epoch 674 / 2000;    current loss: 0.650222897529602
INFO Gradient norm: 29.39665541804
PROGRESS    Completed epoch 675 / 2000;    current loss: 0.6479893922805786
INFO Gradient norm: 14.90236451950309
PROGRESS    Completed epoch 676 / 2000;    current loss: 0.6408276557922363
INFO Gradient norm: 44.16431789397599
PROGRESS    Completed epoch 677 / 2000;    current loss: 0.6526079177856445
INFO Gradient norm: 28.883044551381282
PROGRESS    Completed epoch 678 / 2000;    current loss: 0.6422836184501648
INFO Gradient norm: 31.984620634864477
PROGRESS    Completed epoch 679 / 2000;    current loss: 0.6494660377502441
INFO Gradient norm: 20.188960262894447
PROGRESS    Completed epoch 680 / 2000;    current loss: 0.6511479020118713
INFO Gradient norm: 34.21127993793541
PROGRESS    Completed epoch 681 / 2000;    current loss: 0.6540870070457458
INFO Gradient norm: 21.869429340504553
PROGRESS    Completed epoch 682 / 2000;    current loss: 0.6440492272377014
INFO Gradient norm: 19.34009106393244
PROGRESS    Completed epoch 683 / 2000;    current loss: 0.6474642157554626
INFO Gradient norm: 17.07054708236886
PROGRESS    Completed epoch 684 / 2000;    current loss: 0.649482011795044
INFO Gradient norm: 13.872387868403193
PROGRESS    Completed epoch 685 / 2000;    current loss: 0.644342303276062
INFO Gradient norm: 24.56971789677563
PROGRESS    Completed epoch 686 / 2000;    current loss: 0.6395553946495056
INFO Gradient norm: 26.69017051779583
PROGRESS    Completed epoch 687 / 2000;    current loss: 0.641737163066864
INFO Gradient norm: 20.132881428477646
PROGRESS    Completed epoch 688 / 2000;    current loss: 0.6412290334701538
INFO Gradient norm: 38.536077559304694
PROGRESS    Completed epoch 689 / 2000;    current loss: 0.6510404348373413
INFO Gradient norm: 25.758748181910743
PROGRESS    Completed epoch 690 / 2000;    current loss: 0.6451745629310608
INFO Gradient norm: 28.04631624784092
PROGRESS    Completed epoch 691 / 2000;    current loss: 0.6417466998100281
INFO Gradient norm: 10.661944160747332
PROGRESS    Completed epoch 692 / 2000;    current loss: 0.6316813826560974
INFO Gradient norm: 11.780744305273906
PROGRESS    Completed epoch 693 / 2000;    current loss: 0.6314383149147034
INFO Gradient norm: 14.63271787562752
PROGRESS    Completed epoch 694 / 2000;    current loss: 0.6322771310806274
INFO Gradient norm: 17.118538977513435
PROGRESS    Completed epoch 695 / 2000;    current loss: 0.627829909324646
INFO Gradient norm: 10.852041877288103
PROGRESS    Completed epoch 696 / 2000;    current loss: 0.6263397336006165
INFO Gradient norm: 17.061587415079767
PROGRESS    Completed epoch 697 / 2000;    current loss: 0.6247551441192627
INFO Gradient norm: 15.394164697716331
PROGRESS    Completed epoch 698 / 2000;    current loss: 0.6251329779624939
INFO Gradient norm: 11.981321397698238
PROGRESS    Completed epoch 699 / 2000;    current loss: 0.6221165060997009
INFO Gradient norm: 12.435157507705393
PROGRESS    Completed epoch 700 / 2000;    current loss: 0.6145158410072327
INFO Gradient norm: 21.428967782343125
PROGRESS    Completed epoch 701 / 2000;    current loss: 0.6186130046844482
INFO Gradient norm: 11.355435730450633
PROGRESS    Completed epoch 702 / 2000;    current loss: 0.6135087013244629
INFO Gradient norm: 46.612384208012834
PROGRESS    Completed epoch 703 / 2000;    current loss: 0.6304676532745361
INFO Gradient norm: 34.82958371234288
PROGRESS    Completed epoch 704 / 2000;    current loss: 0.6202079057693481
INFO Gradient norm: 17.23727035908505
PROGRESS    Completed epoch 705 / 2000;    current loss: 0.6190873384475708
INFO Gradient norm: 20.740891224155604
PROGRESS    Completed epoch 706 / 2000;    current loss: 0.6185272932052612
INFO Gradient norm: 36.233472651589835
PROGRESS    Completed epoch 707 / 2000;    current loss: 0.6256673336029053
INFO Gradient norm: 30.3323555796853
PROGRESS    Completed epoch 708 / 2000;    current loss: 0.6221979260444641
INFO Gradient norm: 28.580949251114582
PROGRESS    Completed epoch 709 / 2000;    current loss: 0.6235453486442566
INFO Gradient norm: 22.571383363155938
PROGRESS    Completed epoch 710 / 2000;    current loss: 0.620403528213501
INFO Gradient norm: 30.1124483564188
PROGRESS    Completed epoch 711 / 2000;    current loss: 0.6171154975891113
INFO Gradient norm: 30.56710282986837
PROGRESS    Completed epoch 712 / 2000;    current loss: 0.6167569756507874
INFO Gradient norm: 15.126457528555996
PROGRESS    Completed epoch 713 / 2000;    current loss: 0.6163977384567261
INFO Gradient norm: 14.199163458475276
PROGRESS    Completed epoch 714 / 2000;    current loss: 0.6131134033203125
INFO Gradient norm: 46.53839618678496
PROGRESS    Completed epoch 715 / 2000;    current loss: 0.6303116083145142
INFO Gradient norm: 41.19556392979022
PROGRESS    Completed epoch 716 / 2000;    current loss: 0.625982940196991
INFO Gradient norm: 20.454049854211586
PROGRESS    Completed epoch 717 / 2000;    current loss: 0.614561915397644
INFO Gradient norm: 14.270352162047876
PROGRESS    Completed epoch 718 / 2000;    current loss: 0.6165692210197449
INFO Gradient norm: 40.68477787515663
PROGRESS    Completed epoch 719 / 2000;    current loss: 0.6271603107452393
INFO Gradient norm: 24.939059546959115
PROGRESS    Completed epoch 720 / 2000;    current loss: 0.6145654916763306
INFO Gradient norm: 35.53781160261577
PROGRESS    Completed epoch 721 / 2000;    current loss: 0.6214976906776428
INFO Gradient norm: 15.292866737972156
PROGRESS    Completed epoch 722 / 2000;    current loss: 0.6210081577301025
INFO Gradient norm: 46.51105410735024
PROGRESS    Completed epoch 723 / 2000;    current loss: 0.637448251247406
INFO Gradient norm: 38.9455332106975
PROGRESS    Completed epoch 724 / 2000;    current loss: 0.6279656887054443
INFO Gradient norm: 23.68336621461527
PROGRESS    Completed epoch 725 / 2000;    current loss: 0.614726722240448
INFO Gradient norm: 21.135789661513584
PROGRESS    Completed epoch 726 / 2000;    current loss: 0.6104027628898621
INFO Gradient norm: 41.449535583078365
PROGRESS    Completed epoch 727 / 2000;    current loss: 0.6213109493255615
INFO Gradient norm: 39.003781424040056
PROGRESS    Completed epoch 728 / 2000;    current loss: 0.6181670427322388
INFO Gradient norm: 19.655519869787753
PROGRESS    Completed epoch 729 / 2000;    current loss: 0.6060546040534973
INFO Gradient norm: 12.394989967075897
PROGRESS    Completed epoch 730 / 2000;    current loss: 0.6059895157814026
INFO Gradient norm: 42.45012070174067
PROGRESS    Completed epoch 731 / 2000;    current loss: 0.6194677352905273
INFO Gradient norm: 30.222221828108893
PROGRESS    Completed epoch 732 / 2000;    current loss: 0.6076525449752808
INFO Gradient norm: 19.210768145418456
PROGRESS    Completed epoch 733 / 2000;    current loss: 0.6051833629608154
INFO Gradient norm: 12.37721535669445
PROGRESS    Completed epoch 734 / 2000;    current loss: 0.6054696440696716
INFO Gradient norm: 32.33223670300943
PROGRESS    Completed epoch 735 / 2000;    current loss: 0.6079976558685303
INFO Gradient norm: 15.724958001709894
PROGRESS    Completed epoch 736 / 2000;    current loss: 0.5964183807373047
INFO Gradient norm: 25.18745030941749
PROGRESS    Completed epoch 737 / 2000;    current loss: 0.6022859811782837
INFO Gradient norm: 14.93149990750019
PROGRESS    Completed epoch 738 / 2000;    current loss: 0.5976736545562744
INFO Gradient norm: 45.473726800778664
PROGRESS    Completed epoch 739 / 2000;    current loss: 0.6130672693252563
INFO Gradient norm: 43.69814681172008
PROGRESS    Completed epoch 740 / 2000;    current loss: 0.6109691262245178
INFO Gradient norm: 10.55438728368366
PROGRESS    Completed epoch 741 / 2000;    current loss: 0.5955116748809814
INFO Gradient norm: 14.691851294323058
PROGRESS    Completed epoch 742 / 2000;    current loss: 0.5956327319145203
INFO Gradient norm: 21.106196246645403
PROGRESS    Completed epoch 743 / 2000;    current loss: 0.5937488079071045
INFO Gradient norm: 12.240612200460514
PROGRESS    Completed epoch 744 / 2000;    current loss: 0.5902311205863953
INFO Gradient norm: 15.489891502336569
PROGRESS    Completed epoch 745 / 2000;    current loss: 0.5957732796669006
INFO Gradient norm: 10.920247122202127
PROGRESS    Completed epoch 746 / 2000;    current loss: 0.5936962366104126
INFO Gradient norm: 17.049042212371294
PROGRESS    Completed epoch 747 / 2000;    current loss: 0.5904540419578552
INFO Gradient norm: 11.87033751545084
PROGRESS    Completed epoch 748 / 2000;    current loss: 0.5919458866119385
INFO Gradient norm: 21.458611663757488
PROGRESS    Completed epoch 749 / 2000;    current loss: 0.5953444242477417
INFO Gradient norm: 15.210598567351317
PROGRESS    Completed epoch 750 / 2000;    current loss: 0.5925432443618774
INFO Gradient norm: 14.101568988777707
PROGRESS    Completed epoch 751 / 2000;    current loss: 0.5894970297813416
INFO Gradient norm: 11.844388339403517
PROGRESS    Completed epoch 752 / 2000;    current loss: 0.5879669189453125
INFO Gradient norm: 14.414794451706237
PROGRESS    Completed epoch 753 / 2000;    current loss: 0.5838927030563354
INFO Gradient norm: 11.186728157703657
PROGRESS    Completed epoch 754 / 2000;    current loss: 0.5825759172439575
INFO Gradient norm: 16.07813234421684
PROGRESS    Completed epoch 755 / 2000;    current loss: 0.5821838974952698
INFO Gradient norm: 17.318379496042066
PROGRESS    Completed epoch 756 / 2000;    current loss: 0.5821802020072937
INFO Gradient norm: 10.454673643577555
PROGRESS    Completed epoch 757 / 2000;    current loss: 0.5791540145874023
INFO Gradient norm: 24.73827293298109
PROGRESS    Completed epoch 758 / 2000;    current loss: 0.5805566906929016
INFO Gradient norm: 11.325353261432245
PROGRESS    Completed epoch 759 / 2000;    current loss: 0.5764744281768799
INFO Gradient norm: 11.697749655546966
PROGRESS    Completed epoch 760 / 2000;    current loss: 0.5756425857543945
INFO Gradient norm: 21.898255985749685
PROGRESS    Completed epoch 761 / 2000;    current loss: 0.5772641897201538
INFO Gradient norm: 14.434943991732366
PROGRESS    Completed epoch 762 / 2000;    current loss: 0.5750788450241089
INFO Gradient norm: 10.676109183176484
PROGRESS    Completed epoch 763 / 2000;    current loss: 0.5692077875137329
INFO Gradient norm: 36.94041184170605
PROGRESS    Completed epoch 764 / 2000;    current loss: 0.5777803659439087
INFO Gradient norm: 37.70133564263744
PROGRESS    Completed epoch 765 / 2000;    current loss: 0.5811419486999512
INFO Gradient norm: 14.28433195141255
PROGRESS    Completed epoch 766 / 2000;    current loss: 0.5733535885810852
INFO Gradient norm: 21.325379797959336
PROGRESS    Completed epoch 767 / 2000;    current loss: 0.5733203291893005
INFO Gradient norm: 22.94245393124831
PROGRESS    Completed epoch 768 / 2000;    current loss: 0.5694786906242371
INFO Gradient norm: 25.71083179421469
PROGRESS    Completed epoch 769 / 2000;    current loss: 0.5710846185684204
INFO Gradient norm: 18.725142571084486
PROGRESS    Completed epoch 770 / 2000;    current loss: 0.5715851783752441
INFO Gradient norm: 12.471965397779096
PROGRESS    Completed epoch 771 / 2000;    current loss: 0.5692018866539001
INFO Gradient norm: 30.214634964381613
PROGRESS    Completed epoch 772 / 2000;    current loss: 0.5723175406455994
INFO Gradient norm: 19.276258427300238
PROGRESS    Completed epoch 773 / 2000;    current loss: 0.5666224956512451
INFO Gradient norm: 25.213049486065852
PROGRESS    Completed epoch 774 / 2000;    current loss: 0.5752890706062317
INFO Gradient norm: 18.50477439063619
PROGRESS    Completed epoch 775 / 2000;    current loss: 0.5724315047264099
INFO Gradient norm: 28.67874921907948
PROGRESS    Completed epoch 776 / 2000;    current loss: 0.5715950131416321
INFO Gradient norm: 32.442373408376874
PROGRESS    Completed epoch 777 / 2000;    current loss: 0.5735626220703125
INFO Gradient norm: 12.732425736203478
PROGRESS    Completed epoch 778 / 2000;    current loss: 0.568267822265625
INFO Gradient norm: 12.093866076348812
PROGRESS    Completed epoch 779 / 2000;    current loss: 0.565992534160614
INFO Gradient norm: 32.771758877612875
PROGRESS    Completed epoch 780 / 2000;    current loss: 0.5716148614883423
INFO Gradient norm: 29.700393427283032
PROGRESS    Completed epoch 781 / 2000;    current loss: 0.5699222087860107
INFO Gradient norm: 16.94470629664569
PROGRESS    Completed epoch 782 / 2000;    current loss: 0.5687041878700256
INFO Gradient norm: 17.07482703022221
PROGRESS    Completed epoch 783 / 2000;    current loss: 0.5667716860771179
INFO Gradient norm: 26.81435553806915
PROGRESS    Completed epoch 784 / 2000;    current loss: 0.566556453704834
INFO Gradient norm: 27.859263609000045
PROGRESS    Completed epoch 785 / 2000;    current loss: 0.5660405158996582
INFO Gradient norm: 15.338521456941239
PROGRESS    Completed epoch 786 / 2000;    current loss: 0.5638732314109802
INFO Gradient norm: 11.74242041397605
PROGRESS    Completed epoch 787 / 2000;    current loss: 0.563408613204956
INFO Gradient norm: 31.015888498221187
PROGRESS    Completed epoch 788 / 2000;    current loss: 0.5672508478164673
INFO Gradient norm: 27.349326650411196
PROGRESS    Completed epoch 789 / 2000;    current loss: 0.5650245547294617
INFO Gradient norm: 16.964998615788815
PROGRESS    Completed epoch 790 / 2000;    current loss: 0.5642009377479553
INFO Gradient norm: 17.542973207715498
PROGRESS    Completed epoch 791 / 2000;    current loss: 0.562164843082428
INFO Gradient norm: 35.24255450412256
PROGRESS    Completed epoch 792 / 2000;    current loss: 0.5696845054626465
INFO Gradient norm: 31.014135444127692
PROGRESS    Completed epoch 793 / 2000;    current loss: 0.5653805732727051
INFO Gradient norm: 12.99865831870337
PROGRESS    Completed epoch 794 / 2000;    current loss: 0.5611841082572937
INFO Gradient norm: 12.229108282738226
PROGRESS    Completed epoch 795 / 2000;    current loss: 0.5616889595985413
INFO Gradient norm: 24.521296661984657
PROGRESS    Completed epoch 796 / 2000;    current loss: 0.559525191783905
INFO Gradient norm: 36.23734477487089
PROGRESS    Completed epoch 797 / 2000;    current loss: 0.5720425844192505
INFO Gradient norm: 12.899045937857762
PROGRESS    Completed epoch 798 / 2000;    current loss: 0.5657893419265747
INFO Gradient norm: 16.687741158730443
PROGRESS    Completed epoch 799 / 2000;    current loss: 0.5640684366226196
INFO Gradient norm: 10.518171944976272
PROGRESS    Completed epoch 800 / 2000;    current loss: 0.5530557632446289
INFO Gradient norm: 64.87529073811591
PROGRESS    Completed epoch 801 / 2000;    current loss: 0.6002377271652222
INFO Gradient norm: 75.04092229430442
PROGRESS    Completed epoch 802 / 2000;    current loss: 0.6187867522239685
INFO Gradient norm: 43.69686398050448
PROGRESS    Completed epoch 803 / 2000;    current loss: 0.5767117738723755
INFO Gradient norm: 29.694631273216647
PROGRESS    Completed epoch 804 / 2000;    current loss: 0.5673880577087402
INFO Gradient norm: 47.180598687042675
PROGRESS    Completed epoch 805 / 2000;    current loss: 0.5817258358001709
INFO Gradient norm: 19.829812336379643
PROGRESS    Completed epoch 806 / 2000;    current loss: 0.5594027638435364
INFO Gradient norm: 37.04213014655472
PROGRESS    Completed epoch 807 / 2000;    current loss: 0.5640177726745605
INFO Gradient norm: 56.11514013358243
PROGRESS    Completed epoch 808 / 2000;    current loss: 0.5831974148750305
INFO Gradient norm: 35.6244381127116
PROGRESS    Completed epoch 809 / 2000;    current loss: 0.562645435333252
INFO Gradient norm: 19.09519721207152
PROGRESS    Completed epoch 810 / 2000;    current loss: 0.5576908588409424
INFO Gradient norm: 23.935450404562832
PROGRESS    Completed epoch 811 / 2000;    current loss: 0.5622438192367554
INFO Gradient norm: 19.94439479692623
PROGRESS    Completed epoch 812 / 2000;    current loss: 0.5596434473991394
INFO Gradient norm: 16.78011312783819
PROGRESS    Completed epoch 813 / 2000;    current loss: 0.5563561916351318
INFO Gradient norm: 22.807592661998353
PROGRESS    Completed epoch 814 / 2000;    current loss: 0.5559379458427429
INFO Gradient norm: 12.244072187953972
PROGRESS    Completed epoch 815 / 2000;    current loss: 0.5506574511528015
INFO Gradient norm: 33.03721897145645
PROGRESS    Completed epoch 816 / 2000;    current loss: 0.5550989508628845
INFO Gradient norm: 41.56061264476817
PROGRESS    Completed epoch 817 / 2000;    current loss: 0.5630214810371399
INFO Gradient norm: 9.641157247209474
PROGRESS    Completed epoch 818 / 2000;    current loss: 0.5474807620048523
INFO Gradient norm: 13.36176322343442
PROGRESS    Completed epoch 819 / 2000;    current loss: 0.5509063601493835
INFO Gradient norm: 11.069401514877256
PROGRESS    Completed epoch 820 / 2000;    current loss: 0.5513763427734375
INFO Gradient norm: 10.91052284150864
PROGRESS    Completed epoch 821 / 2000;    current loss: 0.544817328453064
INFO Gradient norm: 15.875504755735907
PROGRESS    Completed epoch 822 / 2000;    current loss: 0.5461270213127136
INFO Gradient norm: 13.354596496779502
PROGRESS    Completed epoch 823 / 2000;    current loss: 0.5480763912200928
INFO Gradient norm: 17.72209033158762
PROGRESS    Completed epoch 824 / 2000;    current loss: 0.5476959943771362
INFO Gradient norm: 22.63654037814851
PROGRESS    Completed epoch 825 / 2000;    current loss: 0.5474862456321716
INFO Gradient norm: 10.916396796079225
PROGRESS    Completed epoch 826 / 2000;    current loss: 0.5411838889122009
INFO Gradient norm: 17.193416927552004
PROGRESS    Completed epoch 827 / 2000;    current loss: 0.5467207431793213
INFO Gradient norm: 18.66785880728861
PROGRESS    Completed epoch 828 / 2000;    current loss: 0.5528135299682617
INFO Gradient norm: 12.19799667236156
PROGRESS    Completed epoch 829 / 2000;    current loss: 0.5553730726242065
INFO Gradient norm: 10.554075109955784
PROGRESS    Completed epoch 830 / 2000;    current loss: 0.5510223507881165
INFO Gradient norm: 12.746629260452256
PROGRESS    Completed epoch 831 / 2000;    current loss: 0.5430858135223389
INFO Gradient norm: 13.113614017956694
PROGRESS    Completed epoch 832 / 2000;    current loss: 0.5406129956245422
INFO Gradient norm: 46.570238073037444
PROGRESS    Completed epoch 833 / 2000;    current loss: 0.5667190551757812
INFO Gradient norm: 48.79692963269045
PROGRESS    Completed epoch 834 / 2000;    current loss: 0.5735037922859192
INFO Gradient norm: 11.846860427583136
PROGRESS    Completed epoch 835 / 2000;    current loss: 0.5529146194458008
INFO Gradient norm: 28.884229515907062
PROGRESS    Completed epoch 836 / 2000;    current loss: 0.5575392246246338
INFO Gradient norm: 11.884071321032254
PROGRESS    Completed epoch 837 / 2000;    current loss: 0.5456838607788086
INFO Gradient norm: 33.79873972015944
PROGRESS    Completed epoch 838 / 2000;    current loss: 0.5488638877868652
INFO Gradient norm: 27.327910938777023
PROGRESS    Completed epoch 839 / 2000;    current loss: 0.5408334136009216
INFO Gradient norm: 14.127400118289563
PROGRESS    Completed epoch 840 / 2000;    current loss: 0.5365943312644958
INFO Gradient norm: 39.6547556101761
PROGRESS    Completed epoch 841 / 2000;    current loss: 0.5545589923858643
INFO Gradient norm: 39.29058723653665
PROGRESS    Completed epoch 842 / 2000;    current loss: 0.5553951263427734
INFO Gradient norm: 10.451626958492652
PROGRESS    Completed epoch 843 / 2000;    current loss: 0.5390182733535767
INFO Gradient norm: 21.22539273844059
PROGRESS    Completed epoch 844 / 2000;    current loss: 0.5404989719390869
INFO Gradient norm: 10.559591572353503
PROGRESS    Completed epoch 845 / 2000;    current loss: 0.5349648594856262
INFO Gradient norm: 11.596499233229496
PROGRESS    Completed epoch 846 / 2000;    current loss: 0.5335167646408081
INFO Gradient norm: 6.356651244640062
PROGRESS    Completed epoch 847 / 2000;    current loss: 0.5332870483398438
INFO Gradient norm: 9.736315858215896
PROGRESS    Completed epoch 848 / 2000;    current loss: 0.5317304730415344
INFO Gradient norm: 8.492116792161214
PROGRESS    Completed epoch 849 / 2000;    current loss: 0.5321087837219238
INFO Gradient norm: 16.803058189460288
PROGRESS    Completed epoch 850 / 2000;    current loss: 0.5335769057273865
INFO Gradient norm: 7.398461535881696
PROGRESS    Completed epoch 851 / 2000;    current loss: 0.5305081009864807
INFO Gradient norm: 9.719089206747702
PROGRESS    Completed epoch 852 / 2000;    current loss: 0.5286293625831604
INFO Gradient norm: 7.120789214113177
PROGRESS    Completed epoch 853 / 2000;    current loss: 0.5284538269042969
INFO Gradient norm: 9.653049542614168
PROGRESS    Completed epoch 854 / 2000;    current loss: 0.5268440246582031
INFO Gradient norm: 5.2446386821550135
PROGRESS    Completed epoch 855 / 2000;    current loss: 0.5264526009559631
INFO Gradient norm: 11.86023207624147
PROGRESS    Completed epoch 856 / 2000;    current loss: 0.5261726379394531
INFO Gradient norm: 8.044658639506128
PROGRESS    Completed epoch 857 / 2000;    current loss: 0.525580108165741
INFO Gradient norm: 9.763993751048012
PROGRESS    Completed epoch 858 / 2000;    current loss: 0.5240345001220703
INFO Gradient norm: 8.53714244639157
PROGRESS    Completed epoch 859 / 2000;    current loss: 0.52592933177948
INFO Gradient norm: 19.946354371943027
PROGRESS    Completed epoch 860 / 2000;    current loss: 0.5313236117362976
INFO Gradient norm: 8.778138108114522
PROGRESS    Completed epoch 861 / 2000;    current loss: 0.5276809930801392
INFO Gradient norm: 25.621184286283487
PROGRESS    Completed epoch 862 / 2000;    current loss: 0.5304449796676636
INFO Gradient norm: 5.123735113233052
PROGRESS    Completed epoch 863 / 2000;    current loss: 0.5210661888122559
INFO Gradient norm: 25.435847082298675
PROGRESS    Completed epoch 864 / 2000;    current loss: 0.530317485332489
INFO Gradient norm: 9.447381598483695
PROGRESS    Completed epoch 865 / 2000;    current loss: 0.5283520817756653
INFO Gradient norm: 9.395100797776266
PROGRESS    Completed epoch 866 / 2000;    current loss: 0.5267956852912903
INFO Gradient norm: 13.509380399796903
PROGRESS    Completed epoch 867 / 2000;    current loss: 0.521537184715271
INFO Gradient norm: 16.332284258272427
PROGRESS    Completed epoch 868 / 2000;    current loss: 0.523509681224823
INFO Gradient norm: 11.935608981635092
PROGRESS    Completed epoch 869 / 2000;    current loss: 0.5273330211639404
INFO Gradient norm: 9.068631668023333
PROGRESS    Completed epoch 870 / 2000;    current loss: 0.5251643657684326
INFO Gradient norm: 22.042723432427906
PROGRESS    Completed epoch 871 / 2000;    current loss: 0.5235385894775391
INFO Gradient norm: 20.18489200396826
PROGRESS    Completed epoch 872 / 2000;    current loss: 0.5222181677818298
INFO Gradient norm: 11.703007234384778
PROGRESS    Completed epoch 873 / 2000;    current loss: 0.5226776599884033
INFO Gradient norm: 9.796870685790713
PROGRESS    Completed epoch 874 / 2000;    current loss: 0.5207484364509583
INFO Gradient norm: 18.422557365499415
PROGRESS    Completed epoch 875 / 2000;    current loss: 0.5189796686172485
INFO Gradient norm: 25.7822589901268
PROGRESS    Completed epoch 876 / 2000;    current loss: 0.5251225829124451
INFO Gradient norm: 11.47603649954712
PROGRESS    Completed epoch 877 / 2000;    current loss: 0.5246230363845825
INFO Gradient norm: 13.737993947748482
PROGRESS    Completed epoch 878 / 2000;    current loss: 0.5243600606918335
INFO Gradient norm: 13.97463557657112
PROGRESS    Completed epoch 879 / 2000;    current loss: 0.5182572603225708
INFO Gradient norm: 19.433059294015976
PROGRESS    Completed epoch 880 / 2000;    current loss: 0.5211087465286255
INFO Gradient norm: 11.832608593196001
PROGRESS    Completed epoch 881 / 2000;    current loss: 0.5229754447937012
INFO Gradient norm: 10.213052685453443
PROGRESS    Completed epoch 882 / 2000;    current loss: 0.5205242037773132
INFO Gradient norm: 19.02414881494654
PROGRESS    Completed epoch 883 / 2000;    current loss: 0.5174573659896851
INFO Gradient norm: 34.84626907897113
PROGRESS    Completed epoch 884 / 2000;    current loss: 0.5303329825401306
INFO Gradient norm: 13.71186997039638
PROGRESS    Completed epoch 885 / 2000;    current loss: 0.5237611532211304
INFO Gradient norm: 43.62216319918305
PROGRESS    Completed epoch 886 / 2000;    current loss: 0.5473941564559937
INFO Gradient norm: 42.87876566001234
PROGRESS    Completed epoch 887 / 2000;    current loss: 0.5482351183891296
INFO Gradient norm: 11.587053351006816
PROGRESS    Completed epoch 888 / 2000;    current loss: 0.527755618095398
INFO Gradient norm: 40.50358008461084
PROGRESS    Completed epoch 889 / 2000;    current loss: 0.5399066209793091
INFO Gradient norm: 19.46158927266656
PROGRESS    Completed epoch 890 / 2000;    current loss: 0.5232368111610413
INFO Gradient norm: 39.67023784476407
PROGRESS    Completed epoch 891 / 2000;    current loss: 0.5357020497322083
INFO Gradient norm: 37.40355257012558
PROGRESS    Completed epoch 892 / 2000;    current loss: 0.5340406894683838
INFO Gradient norm: 17.565551609094506
PROGRESS    Completed epoch 893 / 2000;    current loss: 0.5225493311882019
INFO Gradient norm: 20.602992561911012
PROGRESS    Completed epoch 894 / 2000;    current loss: 0.5247998833656311
INFO Gradient norm: 21.138789397118366
PROGRESS    Completed epoch 895 / 2000;    current loss: 0.5259284377098083
INFO Gradient norm: 13.886884983576161
PROGRESS    Completed epoch 896 / 2000;    current loss: 0.5229231119155884
INFO Gradient norm: 33.372927757096264
PROGRESS    Completed epoch 897 / 2000;    current loss: 0.5325809121131897
INFO Gradient norm: 28.665216581060307
PROGRESS    Completed epoch 898 / 2000;    current loss: 0.5282734632492065
INFO Gradient norm: 20.344621028905806
PROGRESS    Completed epoch 899 / 2000;    current loss: 0.5227164626121521
INFO Gradient norm: 19.496188328353487
PROGRESS    Completed epoch 900 / 2000;    current loss: 0.5211753845214844
INFO Gradient norm: 24.654848939620695
PROGRESS    Completed epoch 901 / 2000;    current loss: 0.5227899551391602
INFO Gradient norm: 19.158685181380854
PROGRESS    Completed epoch 902 / 2000;    current loss: 0.5189537405967712
INFO Gradient norm: 19.2599450761918
PROGRESS    Completed epoch 903 / 2000;    current loss: 0.519764244556427
INFO Gradient norm: 10.711155848010078
PROGRESS    Completed epoch 904 / 2000;    current loss: 0.5202935338020325
INFO Gradient norm: 8.82613999250754
PROGRESS    Completed epoch 905 / 2000;    current loss: 0.5228217840194702
INFO Gradient norm: 11.419685945731942
PROGRESS    Completed epoch 906 / 2000;    current loss: 0.5203971266746521
INFO Gradient norm: 15.150082401660411
PROGRESS    Completed epoch 907 / 2000;    current loss: 0.5189422965049744
INFO Gradient norm: 5.719341185488687
PROGRESS    Completed epoch 908 / 2000;    current loss: 0.5139100551605225
INFO Gradient norm: 8.605227233658955
PROGRESS    Completed epoch 909 / 2000;    current loss: 0.5125947594642639
INFO Gradient norm: 10.023474236332873
PROGRESS    Completed epoch 910 / 2000;    current loss: 0.5134519934654236
INFO Gradient norm: 14.492220118639267
PROGRESS    Completed epoch 911 / 2000;    current loss: 0.5143547654151917
INFO Gradient norm: 8.599417459941451
PROGRESS    Completed epoch 912 / 2000;    current loss: 0.5129951238632202
INFO Gradient norm: 4.486645874618613
PROGRESS    Completed epoch 913 / 2000;    current loss: 0.5101176500320435
INFO Gradient norm: 32.32368034103566
PROGRESS    Completed epoch 914 / 2000;    current loss: 0.5210191011428833
INFO Gradient norm: 28.433169449217544
PROGRESS    Completed epoch 915 / 2000;    current loss: 0.5181334018707275
INFO Gradient norm: 15.048433389714193
PROGRESS    Completed epoch 916 / 2000;    current loss: 0.5121151208877563
INFO Gradient norm: 14.356983348355943
PROGRESS    Completed epoch 917 / 2000;    current loss: 0.5114380717277527
INFO Gradient norm: 25.20248756416743
PROGRESS    Completed epoch 918 / 2000;    current loss: 0.5149297714233398
INFO Gradient norm: 19.58805224661774
PROGRESS    Completed epoch 919 / 2000;    current loss: 0.5114925503730774
INFO Gradient norm: 9.249484492357256
PROGRESS    Completed epoch 920 / 2000;    current loss: 0.5104970335960388
INFO Gradient norm: 7.817137483292787
PROGRESS    Completed epoch 921 / 2000;    current loss: 0.5109904408454895
INFO Gradient norm: 17.357568918646116
PROGRESS    Completed epoch 922 / 2000;    current loss: 0.5104643106460571
INFO Gradient norm: 7.409772337064396
PROGRESS    Completed epoch 923 / 2000;    current loss: 0.5082722902297974
INFO Gradient norm: 7.35238996145762
PROGRESS    Completed epoch 924 / 2000;    current loss: 0.5093857645988464
INFO Gradient norm: 13.758976343869058
PROGRESS    Completed epoch 925 / 2000;    current loss: 0.507588267326355
INFO Gradient norm: 9.269723324907009
PROGRESS    Completed epoch 926 / 2000;    current loss: 0.5075362324714661
INFO Gradient norm: 21.50914549823972
PROGRESS    Completed epoch 927 / 2000;    current loss: 0.5152198672294617
INFO Gradient norm: 8.699382520302592
PROGRESS    Completed epoch 928 / 2000;    current loss: 0.5128679275512695
INFO Gradient norm: 30.300416091834208
PROGRESS    Completed epoch 929 / 2000;    current loss: 0.519232988357544
INFO Gradient norm: 14.662916046867972
PROGRESS    Completed epoch 930 / 2000;    current loss: 0.5089188814163208
INFO Gradient norm: 29.952094623307207
PROGRESS    Completed epoch 931 / 2000;    current loss: 0.5175554156303406
INFO Gradient norm: 9.227552225491882
PROGRESS    Completed epoch 932 / 2000;    current loss: 0.5136258006095886
INFO Gradient norm: 38.337793459673705
PROGRESS    Completed epoch 933 / 2000;    current loss: 0.5287215113639832
INFO Gradient norm: 33.58617061474397
PROGRESS    Completed epoch 934 / 2000;    current loss: 0.5241615772247314
INFO Gradient norm: 12.333900036277333
PROGRESS    Completed epoch 935 / 2000;    current loss: 0.5128926038742065
INFO Gradient norm: 25.02989559375583
PROGRESS    Completed epoch 936 / 2000;    current loss: 0.5134247541427612
INFO Gradient norm: 3.8299991472171913
PROGRESS    Completed epoch 937 / 2000;    current loss: 0.5032230019569397
INFO Gradient norm: 28.83098596967954
PROGRESS    Completed epoch 938 / 2000;    current loss: 0.5118629336357117
INFO Gradient norm: 30.44668021752487
PROGRESS    Completed epoch 939 / 2000;    current loss: 0.5130121111869812
INFO Gradient norm: 13.272139946803337
PROGRESS    Completed epoch 940 / 2000;    current loss: 0.5051955580711365
INFO Gradient norm: 10.39058603967372
PROGRESS    Completed epoch 941 / 2000;    current loss: 0.505165696144104
INFO Gradient norm: 26.777892123387563
PROGRESS    Completed epoch 942 / 2000;    current loss: 0.5112602710723877
INFO Gradient norm: 14.15358443734753
PROGRESS    Completed epoch 943 / 2000;    current loss: 0.5043520927429199
INFO Gradient norm: 24.464006218320865
PROGRESS    Completed epoch 944 / 2000;    current loss: 0.5112448930740356
INFO Gradient norm: 10.287430257589442
PROGRESS    Completed epoch 945 / 2000;    current loss: 0.5112579464912415
INFO Gradient norm: 32.28250980500177
PROGRESS    Completed epoch 946 / 2000;    current loss: 0.5212602615356445
INFO Gradient norm: 19.63841092245404
PROGRESS    Completed epoch 947 / 2000;    current loss: 0.5125536322593689
INFO Gradient norm: 30.713144110286745
PROGRESS    Completed epoch 948 / 2000;    current loss: 0.5183557868003845
INFO Gradient norm: 32.05432409927408
PROGRESS    Completed epoch 949 / 2000;    current loss: 0.5169061422348022
INFO Gradient norm: 7.865156071100408
PROGRESS    Completed epoch 950 / 2000;    current loss: 0.5028147101402283
INFO Gradient norm: 9.084975941786148
PROGRESS    Completed epoch 951 / 2000;    current loss: 0.5017803311347961
INFO Gradient norm: 7.613002901766905
PROGRESS    Completed epoch 952 / 2000;    current loss: 0.5035306215286255
INFO Gradient norm: 26.40935168435263
PROGRESS    Completed epoch 953 / 2000;    current loss: 0.5141183137893677
INFO Gradient norm: 12.779116512985976
PROGRESS    Completed epoch 954 / 2000;    current loss: 0.5112667679786682
INFO Gradient norm: 29.914847912760276
PROGRESS    Completed epoch 955 / 2000;    current loss: 0.5171791315078735
INFO Gradient norm: 22.740477730182455
PROGRESS    Completed epoch 956 / 2000;    current loss: 0.5128122568130493
INFO Gradient norm: 25.352530424086066
PROGRESS    Completed epoch 957 / 2000;    current loss: 0.5141086578369141
INFO Gradient norm: 23.616245265593758
PROGRESS    Completed epoch 958 / 2000;    current loss: 0.5110263824462891
INFO Gradient norm: 20.557062038981094
PROGRESS    Completed epoch 959 / 2000;    current loss: 0.5083768963813782
INFO Gradient norm: 16.075187144973526
PROGRESS    Completed epoch 960 / 2000;    current loss: 0.5056731700897217
INFO Gradient norm: 29.577323489031563
PROGRESS    Completed epoch 961 / 2000;    current loss: 0.5123533606529236
INFO Gradient norm: 25.321331620360873
PROGRESS    Completed epoch 962 / 2000;    current loss: 0.5084442496299744
INFO Gradient norm: 20.613926109759422
PROGRESS    Completed epoch 963 / 2000;    current loss: 0.5056814551353455
INFO Gradient norm: 17.930595878425418
PROGRESS    Completed epoch 964 / 2000;    current loss: 0.5045362710952759
INFO Gradient norm: 5.607154911362395
PROGRESS    Completed epoch 965 / 2000;    current loss: 0.5025730133056641
INFO Gradient norm: 5.580520229589133
PROGRESS    Completed epoch 966 / 2000;    current loss: 0.50300133228302
INFO Gradient norm: 15.024302631634363
PROGRESS    Completed epoch 967 / 2000;    current loss: 0.5023258924484253
INFO Gradient norm: 3.638877779220526
PROGRESS    Completed epoch 968 / 2000;    current loss: 0.4995996356010437
INFO Gradient norm: 15.433938580959317
PROGRESS    Completed epoch 969 / 2000;    current loss: 0.5009952187538147
INFO Gradient norm: 8.257052254537994
PROGRESS    Completed epoch 970 / 2000;    current loss: 0.4985966086387634
INFO Gradient norm: 9.51882368641525
PROGRESS    Completed epoch 971 / 2000;    current loss: 0.49922043085098267
INFO Gradient norm: 7.53313849861524
PROGRESS    Completed epoch 972 / 2000;    current loss: 0.49943721294403076
INFO Gradient norm: 16.953980048283263
PROGRESS    Completed epoch 973 / 2000;    current loss: 0.5017493963241577
INFO Gradient norm: 5.233395862409413
PROGRESS    Completed epoch 974 / 2000;    current loss: 0.49906110763549805
INFO Gradient norm: 3.71918393533017
PROGRESS    Completed epoch 975 / 2000;    current loss: 0.49633580446243286
INFO Gradient norm: 37.066678545019954
PROGRESS    Completed epoch 976 / 2000;    current loss: 0.5140317678451538
INFO Gradient norm: 31.811197524126484
PROGRESS    Completed epoch 977 / 2000;    current loss: 0.5090125799179077
INFO Gradient norm: 15.589844366446476
PROGRESS    Completed epoch 978 / 2000;    current loss: 0.5003557205200195
INFO Gradient norm: 16.830136350758426
PROGRESS    Completed epoch 979 / 2000;    current loss: 0.5008594989776611
INFO Gradient norm: 23.192669686364283
PROGRESS    Completed epoch 980 / 2000;    current loss: 0.5033971071243286
INFO Gradient norm: 15.729115867387288
PROGRESS    Completed epoch 981 / 2000;    current loss: 0.4993070363998413
INFO Gradient norm: 28.584868587336715
PROGRESS    Completed epoch 982 / 2000;    current loss: 0.5064592957496643
INFO Gradient norm: 10.442429020727092
PROGRESS    Completed epoch 983 / 2000;    current loss: 0.5027698278427124
INFO Gradient norm: 32.8004653592407
PROGRESS    Completed epoch 984 / 2000;    current loss: 0.5124030709266663
INFO Gradient norm: 27.30587827526982
PROGRESS    Completed epoch 985 / 2000;    current loss: 0.5079445838928223
INFO Gradient norm: 17.410551966262847
PROGRESS    Completed epoch 986 / 2000;    current loss: 0.5003268718719482
INFO Gradient norm: 15.256585736069729
PROGRESS    Completed epoch 987 / 2000;    current loss: 0.4970752000808716
INFO Gradient norm: 23.597051675822033
PROGRESS    Completed epoch 988 / 2000;    current loss: 0.49855244159698486
INFO Gradient norm: 31.887499923651355
PROGRESS    Completed epoch 989 / 2000;    current loss: 0.5041528940200806
INFO Gradient norm: 5.6566250790174415
PROGRESS    Completed epoch 990 / 2000;    current loss: 0.493634968996048
INFO Gradient norm: 6.981787613196024
PROGRESS    Completed epoch 991 / 2000;    current loss: 0.4951038062572479
INFO Gradient norm: 18.05058522898804
PROGRESS    Completed epoch 992 / 2000;    current loss: 0.49698299169540405
INFO Gradient norm: 5.275009841912183
PROGRESS    Completed epoch 993 / 2000;    current loss: 0.49271464347839355
INFO Gradient norm: 12.865450914133664
PROGRESS    Completed epoch 994 / 2000;    current loss: 0.4935028553009033
INFO Gradient norm: 6.198748234524677
PROGRESS    Completed epoch 995 / 2000;    current loss: 0.49385306239128113
INFO Gradient norm: 10.79978702211045
PROGRESS    Completed epoch 996 / 2000;    current loss: 0.49538448452949524
INFO Gradient norm: 14.70107046148616
PROGRESS    Completed epoch 997 / 2000;    current loss: 0.4958903193473816
INFO Gradient norm: 4.602572884876743
PROGRESS    Completed epoch 998 / 2000;    current loss: 0.4927292466163635
INFO Gradient norm: 15.3888492180011
PROGRESS    Completed epoch 999 / 2000;    current loss: 0.49438390135765076
INFO Gradient norm: 4.713420779046367
PROGRESS    Completed epoch 1000 / 2000;    current loss: 0.4925624132156372
INFO Gradient norm: 3.046394364191143
PROGRESS    Completed epoch 1001 / 2000;    current loss: 0.4909971058368683
INFO Gradient norm: 34.53204846718519
PROGRESS    Completed epoch 1002 / 2000;    current loss: 0.5056281089782715
INFO Gradient norm: 30.180813742316307
PROGRESS    Completed epoch 1003 / 2000;    current loss: 0.5022680759429932
INFO Gradient norm: 11.354645204006527
PROGRESS    Completed epoch 1004 / 2000;    current loss: 0.49319273233413696
INFO Gradient norm: 12.767021128901868
PROGRESS    Completed epoch 1005 / 2000;    current loss: 0.4934307932853699
INFO Gradient norm: 21.08026678966855
PROGRESS    Completed epoch 1006 / 2000;    current loss: 0.49588510394096375
INFO Gradient norm: 14.002471473284166
PROGRESS    Completed epoch 1007 / 2000;    current loss: 0.4922943115234375
INFO Gradient norm: 14.385346416110544
PROGRESS    Completed epoch 1008 / 2000;    current loss: 0.493254154920578
INFO Gradient norm: 15.65359067862155
PROGRESS    Completed epoch 1009 / 2000;    current loss: 0.4984285533428192
INFO Gradient norm: 8.677379466545705
PROGRESS    Completed epoch 1010 / 2000;    current loss: 0.5001592636108398
INFO Gradient norm: 7.870440234300124
PROGRESS    Completed epoch 1011 / 2000;    current loss: 0.4981597065925598
INFO Gradient norm: 14.164351600724729
PROGRESS    Completed epoch 1012 / 2000;    current loss: 0.4934587776660919
INFO Gradient norm: 6.484127131824357
PROGRESS    Completed epoch 1013 / 2000;    current loss: 0.4895555377006531
INFO Gradient norm: 32.8816455942381
PROGRESS    Completed epoch 1014 / 2000;    current loss: 0.504807710647583
INFO Gradient norm: 32.68725199592447
PROGRESS    Completed epoch 1015 / 2000;    current loss: 0.5068144202232361
INFO Gradient norm: 8.515047175562781
PROGRESS    Completed epoch 1016 / 2000;    current loss: 0.49714213609695435
INFO Gradient norm: 19.734905988577967
PROGRESS    Completed epoch 1017 / 2000;    current loss: 0.49909353256225586
INFO Gradient norm: 5.94861790187501
PROGRESS    Completed epoch 1018 / 2000;    current loss: 0.49081921577453613
INFO Gradient norm: 5.133850473413226
PROGRESS    Completed epoch 1019 / 2000;    current loss: 0.48862606287002563
INFO Gradient norm: 10.302088169445542
PROGRESS    Completed epoch 1020 / 2000;    current loss: 0.4911338984966278
INFO Gradient norm: 19.830047020946417
PROGRESS    Completed epoch 1021 / 2000;    current loss: 0.4989277124404907
INFO Gradient norm: 9.060200070536206
PROGRESS    Completed epoch 1022 / 2000;    current loss: 0.4976493716239929
INFO Gradient norm: 27.083114963387718
PROGRESS    Completed epoch 1023 / 2000;    current loss: 0.5031983852386475
INFO Gradient norm: 13.418291361463174
PROGRESS    Completed epoch 1024 / 2000;    current loss: 0.49483799934387207
INFO Gradient norm: 36.07904114502891
PROGRESS    Completed epoch 1025 / 2000;    current loss: 0.5081042647361755
INFO Gradient norm: 33.251525802274536
PROGRESS    Completed epoch 1026 / 2000;    current loss: 0.5036357045173645
INFO Gradient norm: 13.224331686155121
PROGRESS    Completed epoch 1027 / 2000;    current loss: 0.49172675609588623
INFO Gradient norm: 12.70446269154254
PROGRESS    Completed epoch 1028 / 2000;    current loss: 0.49082693457603455
INFO Gradient norm: 26.01852996709269
PROGRESS    Completed epoch 1029 / 2000;    current loss: 0.49677741527557373
INFO Gradient norm: 7.282234204954966
PROGRESS    Completed epoch 1030 / 2000;    current loss: 0.4922119975090027
INFO Gradient norm: 31.463287347227794
PROGRESS    Completed epoch 1031 / 2000;    current loss: 0.5042461156845093
INFO Gradient norm: 19.662202328683605
PROGRESS    Completed epoch 1032 / 2000;    current loss: 0.49621522426605225
INFO Gradient norm: 27.576689515612962
PROGRESS    Completed epoch 1033 / 2000;    current loss: 0.4992929697036743
INFO Gradient norm: 29.823212239750085
PROGRESS    Completed epoch 1034 / 2000;    current loss: 0.4998716115951538
INFO Gradient norm: 6.710455599445783
PROGRESS    Completed epoch 1035 / 2000;    current loss: 0.4884411692619324
INFO Gradient norm: 7.731749096238288
PROGRESS    Completed epoch 1036 / 2000;    current loss: 0.4877978563308716
INFO Gradient norm: 11.394856085757533
PROGRESS    Completed epoch 1037 / 2000;    current loss: 0.4892095923423767
INFO Gradient norm: 20.55320851680537
PROGRESS    Completed epoch 1038 / 2000;    current loss: 0.49570414423942566
INFO Gradient norm: 9.294631101008003
PROGRESS    Completed epoch 1039 / 2000;    current loss: 0.49336379766464233
INFO Gradient norm: 37.71377562983772
PROGRESS    Completed epoch 1040 / 2000;    current loss: 0.5112823247909546
INFO Gradient norm: 34.32108540522512
PROGRESS    Completed epoch 1041 / 2000;    current loss: 0.5094271302223206
INFO Gradient norm: 12.944091410489028
PROGRESS    Completed epoch 1042 / 2000;    current loss: 0.4974477291107178
INFO Gradient norm: 14.549191626869561
PROGRESS    Completed epoch 1043 / 2000;    current loss: 0.4981563687324524
INFO Gradient norm: 24.359947373561884
PROGRESS    Completed epoch 1044 / 2000;    current loss: 0.502995491027832
INFO Gradient norm: 15.708962165484389
PROGRESS    Completed epoch 1045 / 2000;    current loss: 0.4982028901576996
INFO Gradient norm: 30.987656967260204
PROGRESS    Completed epoch 1046 / 2000;    current loss: 0.5058251023292542
INFO Gradient norm: 28.61117347597192
PROGRESS    Completed epoch 1047 / 2000;    current loss: 0.5032311677932739
INFO Gradient norm: 15.471174080742527
PROGRESS    Completed epoch 1048 / 2000;    current loss: 0.49552589654922485
INFO Gradient norm: 14.358752373174788
PROGRESS    Completed epoch 1049 / 2000;    current loss: 0.4942425489425659
INFO Gradient norm: 24.77369578265877
PROGRESS    Completed epoch 1050 / 2000;    current loss: 0.4983225464820862
INFO Gradient norm: 17.3920352349099
PROGRESS    Completed epoch 1051 / 2000;    current loss: 0.4937966763973236
INFO Gradient norm: 28.74763183994936
PROGRESS    Completed epoch 1052 / 2000;    current loss: 0.499503493309021
INFO Gradient norm: 24.105755000740672
PROGRESS    Completed epoch 1053 / 2000;    current loss: 0.4965987205505371
INFO Gradient norm: 19.668196392656732
PROGRESS    Completed epoch 1054 / 2000;    current loss: 0.4943377375602722
INFO Gradient norm: 17.598674567586702
PROGRESS    Completed epoch 1055 / 2000;    current loss: 0.49199485778808594
INFO Gradient norm: 23.161387839101607
PROGRESS    Completed epoch 1056 / 2000;    current loss: 0.4951530694961548
INFO Gradient norm: 18.47147897484006
PROGRESS    Completed epoch 1057 / 2000;    current loss: 0.4925522208213806
INFO Gradient norm: 23.64806084208294
PROGRESS    Completed epoch 1058 / 2000;    current loss: 0.4937894344329834
INFO Gradient norm: 20.319110342798126
PROGRESS    Completed epoch 1059 / 2000;    current loss: 0.49163568019866943
INFO Gradient norm: 6.926076868906142
PROGRESS    Completed epoch 1060 / 2000;    current loss: 0.4876922369003296
INFO Gradient norm: 8.376053607353718
PROGRESS    Completed epoch 1061 / 2000;    current loss: 0.490920752286911
INFO Gradient norm: 13.2359896702276
PROGRESS    Completed epoch 1062 / 2000;    current loss: 0.4941870868206024
INFO Gradient norm: 7.810167250306253
PROGRESS    Completed epoch 1063 / 2000;    current loss: 0.4925701320171356
INFO Gradient norm: 16.763647152700656
PROGRESS    Completed epoch 1064 / 2000;    current loss: 0.49226757884025574
INFO Gradient norm: 7.351195405683859
PROGRESS    Completed epoch 1065 / 2000;    current loss: 0.4864951968193054
INFO Gradient norm: 3.9841372087366698
PROGRESS    Completed epoch 1066 / 2000;    current loss: 0.48491570353507996
INFO Gradient norm: 3.5135037391170787
PROGRESS    Completed epoch 1067 / 2000;    current loss: 0.48402920365333557
INFO Gradient norm: 8.296056629011984
PROGRESS    Completed epoch 1068 / 2000;    current loss: 0.4839124381542206
INFO Gradient norm: 17.20927482677364
PROGRESS    Completed epoch 1069 / 2000;    current loss: 0.48670709133148193
INFO Gradient norm: 6.501046750283166
PROGRESS    Completed epoch 1070 / 2000;    current loss: 0.48461437225341797
INFO Gradient norm: 21.61229852286717
PROGRESS    Completed epoch 1071 / 2000;    current loss: 0.4879363477230072
INFO Gradient norm: 5.726970695462863
PROGRESS    Completed epoch 1072 / 2000;    current loss: 0.48170119524002075
INFO Gradient norm: 29.162835056956848
PROGRESS    Completed epoch 1073 / 2000;    current loss: 0.4895556569099426
INFO Gradient norm: 40.60107524748021
PROGRESS    Completed epoch 1074 / 2000;    current loss: 0.49989083409309387
INFO Gradient norm: 19.346803807898166
PROGRESS    Completed epoch 1075 / 2000;    current loss: 0.4878791868686676
INFO Gradient norm: 38.69705785408924
PROGRESS    Completed epoch 1076 / 2000;    current loss: 0.5048792958259583
INFO Gradient norm: 48.429172004897865
PROGRESS    Completed epoch 1077 / 2000;    current loss: 0.5167374610900879
INFO Gradient norm: 18.72187058976301
PROGRESS    Completed epoch 1078 / 2000;    current loss: 0.49329832196235657
INFO Gradient norm: 37.73851840870481
PROGRESS    Completed epoch 1079 / 2000;    current loss: 0.5019230842590332
INFO Gradient norm: 44.54974235073594
PROGRESS    Completed epoch 1080 / 2000;    current loss: 0.5062848925590515
INFO Gradient norm: 14.542969598868819
PROGRESS    Completed epoch 1081 / 2000;    current loss: 0.4813584089279175
INFO Gradient norm: 27.310505668948306
PROGRESS    Completed epoch 1082 / 2000;    current loss: 0.4924883246421814
INFO Gradient norm: 12.476191009003191
PROGRESS    Completed epoch 1083 / 2000;    current loss: 0.49362289905548096
INFO Gradient norm: 36.85580020318406
PROGRESS    Completed epoch 1084 / 2000;    current loss: 0.510938823223114
INFO Gradient norm: 29.1535619718749
PROGRESS    Completed epoch 1085 / 2000;    current loss: 0.5071007609367371
INFO Gradient norm: 26.091523931762698
PROGRESS    Completed epoch 1086 / 2000;    current loss: 0.5067654252052307
INFO Gradient norm: 33.69217283116137
PROGRESS    Completed epoch 1087 / 2000;    current loss: 0.5085746049880981
INFO Gradient norm: 12.111393643420634
PROGRESS    Completed epoch 1088 / 2000;    current loss: 0.49294039607048035
INFO Gradient norm: 34.8312023200385
PROGRESS    Completed epoch 1089 / 2000;    current loss: 0.4973863959312439
INFO Gradient norm: 21.35341855781788
PROGRESS    Completed epoch 1090 / 2000;    current loss: 0.48427480459213257
INFO Gradient norm: 11.62648823919024
PROGRESS    Completed epoch 1091 / 2000;    current loss: 0.48089921474456787
INFO Gradient norm: 23.013168999915578
PROGRESS    Completed epoch 1092 / 2000;    current loss: 0.4895269274711609
INFO Gradient norm: 18.210874225517497
PROGRESS    Completed epoch 1093 / 2000;    current loss: 0.4925493001937866
INFO Gradient norm: 23.960893770889864
PROGRESS    Completed epoch 1094 / 2000;    current loss: 0.5015900731086731
INFO Gradient norm: 21.42079896468046
PROGRESS    Completed epoch 1095 / 2000;    current loss: 0.5032403469085693
INFO Gradient norm: 13.410974862001103
PROGRESS    Completed epoch 1096 / 2000;    current loss: 0.49473837018013
INFO Gradient norm: 16.958317953301844
PROGRESS    Completed epoch 1097 / 2000;    current loss: 0.48929113149642944
INFO Gradient norm: 11.032510526748188
PROGRESS    Completed epoch 1098 / 2000;    current loss: 0.48419567942619324
INFO Gradient norm: 2.1288202002777616
PROGRESS    Completed epoch 1099 / 2000;    current loss: 0.48044121265411377
INFO Gradient norm: 15.587083086450717
PROGRESS    Completed epoch 1100 / 2000;    current loss: 0.48543763160705566
INFO Gradient norm: 15.817380821027463
PROGRESS    Completed epoch 1101 / 2000;    current loss: 0.48388850688934326
INFO Gradient norm: 13.971888186988418
PROGRESS    Completed epoch 1102 / 2000;    current loss: 0.4840904176235199
INFO Gradient norm: 3.5744181941406463
PROGRESS    Completed epoch 1103 / 2000;    current loss: 0.48168957233428955
INFO Gradient norm: 27.837113341632623
PROGRESS    Completed epoch 1104 / 2000;    current loss: 0.4908949136734009
INFO Gradient norm: 17.672665185385846
PROGRESS    Completed epoch 1105 / 2000;    current loss: 0.4851143956184387
INFO Gradient norm: 29.123823209194438
PROGRESS    Completed epoch 1106 / 2000;    current loss: 0.4920387864112854
INFO Gradient norm: 29.677182963690242
PROGRESS    Completed epoch 1107 / 2000;    current loss: 0.49303340911865234
INFO Gradient norm: 10.29880113694697
PROGRESS    Completed epoch 1108 / 2000;    current loss: 0.4835588335990906
INFO Gradient norm: 8.973944374429399
PROGRESS    Completed epoch 1109 / 2000;    current loss: 0.4832763075828552
INFO Gradient norm: 27.52574758234917
PROGRESS    Completed epoch 1110 / 2000;    current loss: 0.49174964427948
INFO Gradient norm: 18.616374931371602
PROGRESS    Completed epoch 1111 / 2000;    current loss: 0.4864692986011505
INFO Gradient norm: 26.83189932392602
PROGRESS    Completed epoch 1112 / 2000;    current loss: 0.49047988653182983
INFO Gradient norm: 26.469724556888387
PROGRESS    Completed epoch 1113 / 2000;    current loss: 0.48990118503570557
INFO Gradient norm: 13.316752444570435
PROGRESS    Completed epoch 1114 / 2000;    current loss: 0.48332852125167847
INFO Gradient norm: 11.121082563411695
PROGRESS    Completed epoch 1115 / 2000;    current loss: 0.4822143316268921
INFO Gradient norm: 26.15699566535318
PROGRESS    Completed epoch 1116 / 2000;    current loss: 0.4884469509124756
INFO Gradient norm: 19.0755572949764
PROGRESS    Completed epoch 1117 / 2000;    current loss: 0.4840640425682068
INFO Gradient norm: 26.214857465813868
PROGRESS    Completed epoch 1118 / 2000;    current loss: 0.4874192476272583
INFO Gradient norm: 25.58412687245105
PROGRESS    Completed epoch 1119 / 2000;    current loss: 0.48673880100250244
INFO Gradient norm: 14.530706811701734
PROGRESS    Completed epoch 1120 / 2000;    current loss: 0.4801847040653229
INFO Gradient norm: 11.250937801796313
PROGRESS    Completed epoch 1121 / 2000;    current loss: 0.4789119362831116
INFO Gradient norm: 28.491182767269226
PROGRESS    Completed epoch 1122 / 2000;    current loss: 0.487697571516037
INFO Gradient norm: 22.397605579245223
PROGRESS    Completed epoch 1123 / 2000;    current loss: 0.48386457562446594
INFO Gradient norm: 21.587926886756893
PROGRESS    Completed epoch 1124 / 2000;    current loss: 0.4824751317501068
INFO Gradient norm: 20.515214675961463
PROGRESS    Completed epoch 1125 / 2000;    current loss: 0.48168787360191345
INFO Gradient norm: 19.17931466748496
PROGRESS    Completed epoch 1126 / 2000;    current loss: 0.4814683198928833
INFO Gradient norm: 14.943797761787257
PROGRESS    Completed epoch 1127 / 2000;    current loss: 0.47951799631118774
INFO Gradient norm: 25.569139076140146
PROGRESS    Completed epoch 1128 / 2000;    current loss: 0.48384469747543335
INFO Gradient norm: 21.551805916916532
PROGRESS    Completed epoch 1129 / 2000;    current loss: 0.48225459456443787
INFO Gradient norm: 16.077108498831333
PROGRESS    Completed epoch 1130 / 2000;    current loss: 0.4792003631591797
INFO Gradient norm: 3.467117923210638
PROGRESS    Completed epoch 1131 / 2000;    current loss: 0.47738146781921387
INFO Gradient norm: 20.0679526603953
PROGRESS    Completed epoch 1132 / 2000;    current loss: 0.4819149374961853
INFO Gradient norm: 5.184380343889078
PROGRESS    Completed epoch 1133 / 2000;    current loss: 0.4769937992095947
INFO Gradient norm: 14.690028796170784
PROGRESS    Completed epoch 1134 / 2000;    current loss: 0.4786842465400696
INFO Gradient norm: 7.308105333434822
PROGRESS    Completed epoch 1135 / 2000;    current loss: 0.47565269470214844
INFO Gradient norm: 4.871052784658903
PROGRESS    Completed epoch 1136 / 2000;    current loss: 0.4741567075252533
INFO Gradient norm: 16.533887413577315
PROGRESS    Completed epoch 1137 / 2000;    current loss: 0.4763072431087494
INFO Gradient norm: 6.597486476377209
PROGRESS    Completed epoch 1138 / 2000;    current loss: 0.47339314222335815
INFO Gradient norm: 24.070330604401633
PROGRESS    Completed epoch 1139 / 2000;    current loss: 0.48058271408081055
INFO Gradient norm: 9.356181422986573
PROGRESS    Completed epoch 1140 / 2000;    current loss: 0.4765383005142212
INFO Gradient norm: 30.653644838390967
PROGRESS    Completed epoch 1141 / 2000;    current loss: 0.4862692654132843
INFO Gradient norm: 24.789667386694518
PROGRESS    Completed epoch 1142 / 2000;    current loss: 0.48173603415489197
INFO Gradient norm: 20.567388842713036
PROGRESS    Completed epoch 1143 / 2000;    current loss: 0.4787113070487976
INFO Gradient norm: 20.909824167348425
PROGRESS    Completed epoch 1144 / 2000;    current loss: 0.47794973850250244
INFO Gradient norm: 17.981497448894487
PROGRESS    Completed epoch 1145 / 2000;    current loss: 0.47600221633911133
INFO Gradient norm: 12.779089668510444
PROGRESS    Completed epoch 1146 / 2000;    current loss: 0.47318220138549805
INFO Gradient norm: 20.311051316158338
PROGRESS    Completed epoch 1147 / 2000;    current loss: 0.47668740153312683
INFO Gradient norm: 7.410073796492791
PROGRESS    Completed epoch 1148 / 2000;    current loss: 0.4754004180431366
INFO Gradient norm: 29.122134622977686
PROGRESS    Completed epoch 1149 / 2000;    current loss: 0.48374804854393005
INFO Gradient norm: 20.185592679353146
PROGRESS    Completed epoch 1150 / 2000;    current loss: 0.47764095664024353
INFO Gradient norm: 21.407626999875763
PROGRESS    Completed epoch 1151 / 2000;    current loss: 0.47859859466552734
INFO Gradient norm: 20.849887319693803
PROGRESS    Completed epoch 1152 / 2000;    current loss: 0.47731882333755493
INFO Gradient norm: 15.206359133068126
PROGRESS    Completed epoch 1153 / 2000;    current loss: 0.4737575948238373
INFO Gradient norm: 12.275465620004873
PROGRESS    Completed epoch 1154 / 2000;    current loss: 0.47167477011680603
INFO Gradient norm: 6.510362193558654
PROGRESS    Completed epoch 1155 / 2000;    current loss: 0.47261175513267517
INFO Gradient norm: 7.264270074296915
PROGRESS    Completed epoch 1156 / 2000;    current loss: 0.4732983112335205
INFO Gradient norm: 14.22677441891999
PROGRESS    Completed epoch 1157 / 2000;    current loss: 0.4749627709388733
INFO Gradient norm: 8.332334456344533
PROGRESS    Completed epoch 1158 / 2000;    current loss: 0.4729159474372864
INFO Gradient norm: 9.398360763100344
PROGRESS    Completed epoch 1159 / 2000;    current loss: 0.47260114550590515
INFO Gradient norm: 12.09348582334896
PROGRESS    Completed epoch 1160 / 2000;    current loss: 0.47253069281578064
INFO Gradient norm: 8.205390092364855
PROGRESS    Completed epoch 1161 / 2000;    current loss: 0.47058311104774475
INFO Gradient norm: 9.281038047376688
PROGRESS    Completed epoch 1162 / 2000;    current loss: 0.4702654778957367
INFO Gradient norm: 11.396740720695574
PROGRESS    Completed epoch 1163 / 2000;    current loss: 0.46951836347579956
INFO Gradient norm: 9.86352731225633
PROGRESS    Completed epoch 1164 / 2000;    current loss: 0.46941420435905457
INFO Gradient norm: 3.4918029926985903
PROGRESS    Completed epoch 1165 / 2000;    current loss: 0.4690505862236023
INFO Gradient norm: 15.776597264763847
PROGRESS    Completed epoch 1166 / 2000;    current loss: 0.4720940589904785
INFO Gradient norm: 5.415050979583685
PROGRESS    Completed epoch 1167 / 2000;    current loss: 0.4697052836418152
INFO Gradient norm: 7.7550388095193235
PROGRESS    Completed epoch 1168 / 2000;    current loss: 0.4686914384365082
INFO Gradient norm: 11.692443892756325
PROGRESS    Completed epoch 1169 / 2000;    current loss: 0.46972140669822693
INFO Gradient norm: 20.30616850055082
PROGRESS    Completed epoch 1170 / 2000;    current loss: 0.47529396414756775
INFO Gradient norm: 10.499583015096947
PROGRESS    Completed epoch 1171 / 2000;    current loss: 0.4735604524612427
INFO Gradient norm: 28.465623282210743
PROGRESS    Completed epoch 1172 / 2000;    current loss: 0.48174405097961426
INFO Gradient norm: 18.261853667174254
PROGRESS    Completed epoch 1173 / 2000;    current loss: 0.47555333375930786
INFO Gradient norm: 30.381951808518856
PROGRESS    Completed epoch 1174 / 2000;    current loss: 0.4815486967563629
INFO Gradient norm: 31.390310580140383
PROGRESS    Completed epoch 1175 / 2000;    current loss: 0.4818185865879059
INFO Gradient norm: 10.85300732075081
PROGRESS    Completed epoch 1176 / 2000;    current loss: 0.47112590074539185
INFO Gradient norm: 20.6478695191697
PROGRESS    Completed epoch 1177 / 2000;    current loss: 0.47202783823013306
INFO Gradient norm: 9.290696744038293
PROGRESS    Completed epoch 1178 / 2000;    current loss: 0.46612781286239624
INFO Gradient norm: 11.801652813595119
PROGRESS    Completed epoch 1179 / 2000;    current loss: 0.4668828845024109
INFO Gradient norm: 10.314620871923324
PROGRESS    Completed epoch 1180 / 2000;    current loss: 0.46756672859191895
INFO Gradient norm: 6.572953930016615
PROGRESS    Completed epoch 1181 / 2000;    current loss: 0.467303991317749
INFO Gradient norm: 7.490453524160708
PROGRESS    Completed epoch 1182 / 2000;    current loss: 0.46759694814682007
INFO Gradient norm: 5.064675887503164
PROGRESS    Completed epoch 1183 / 2000;    current loss: 0.46510049700737
INFO Gradient norm: 3.5287118163813265
PROGRESS    Completed epoch 1184 / 2000;    current loss: 0.46458637714385986
INFO Gradient norm: 7.879657185054383
PROGRESS    Completed epoch 1185 / 2000;    current loss: 0.4655805826187134
INFO Gradient norm: 21.246871448393946
PROGRESS    Completed epoch 1186 / 2000;    current loss: 0.47053998708724976
INFO Gradient norm: 7.282412805337065
PROGRESS    Completed epoch 1187 / 2000;    current loss: 0.4669646620750427
INFO Gradient norm: 27.740761231630174
PROGRESS    Completed epoch 1188 / 2000;    current loss: 0.47285422682762146
INFO Gradient norm: 14.55532032951507
PROGRESS    Completed epoch 1189 / 2000;    current loss: 0.4640308916568756
INFO Gradient norm: 7.319582715748955
PROGRESS    Completed epoch 1190 / 2000;    current loss: 0.467377245426178
INFO Gradient norm: 8.84391904549722
PROGRESS    Completed epoch 1191 / 2000;    current loss: 0.4685835540294647
INFO Gradient norm: 17.66016343890018
PROGRESS    Completed epoch 1192 / 2000;    current loss: 0.4696081280708313
INFO Gradient norm: 6.438922889143362
PROGRESS    Completed epoch 1193 / 2000;    current loss: 0.4654688239097595
INFO Gradient norm: 2.4492983596099127
PROGRESS    Completed epoch 1194 / 2000;    current loss: 0.46186792850494385
INFO Gradient norm: 35.94832646789532
PROGRESS    Completed epoch 1195 / 2000;    current loss: 0.47740936279296875
INFO Gradient norm: 27.836907679907238
PROGRESS    Completed epoch 1196 / 2000;    current loss: 0.47086483240127563
INFO Gradient norm: 5.841414373357414
PROGRESS    Completed epoch 1197 / 2000;    current loss: 0.46271371841430664
INFO Gradient norm: 7.146500823209606
PROGRESS    Completed epoch 1198 / 2000;    current loss: 0.4642804265022278
INFO Gradient norm: 9.613201081087619
PROGRESS    Completed epoch 1199 / 2000;    current loss: 0.4673643410205841
INFO Gradient norm: 6.011514824859713
PROGRESS    Completed epoch 1200 / 2000;    current loss: 0.4659000039100647
INFO Gradient norm: 16.170703319184874
PROGRESS    Completed epoch 1201 / 2000;    current loss: 0.4661644399166107
INFO Gradient norm: 5.798274665582766
PROGRESS    Completed epoch 1202 / 2000;    current loss: 0.46205368638038635
INFO Gradient norm: 15.440681540168253
PROGRESS    Completed epoch 1203 / 2000;    current loss: 0.46461671590805054
INFO Gradient norm: 2.104243212966011
PROGRESS    Completed epoch 1204 / 2000;    current loss: 0.461701899766922
INFO Gradient norm: 8.141328159635282
PROGRESS    Completed epoch 1205 / 2000;    current loss: 0.46190589666366577
INFO Gradient norm: 20.310186301251992
PROGRESS    Completed epoch 1206 / 2000;    current loss: 0.4659745693206787
INFO Gradient norm: 5.90660509155454
PROGRESS    Completed epoch 1207 / 2000;    current loss: 0.4613834321498871
INFO Gradient norm: 38.20044551959592
PROGRESS    Completed epoch 1208 / 2000;    current loss: 0.4768364727497101
INFO Gradient norm: 31.257833405985597
PROGRESS    Completed epoch 1209 / 2000;    current loss: 0.4722234606742859
INFO Gradient norm: 16.65182059316291
PROGRESS    Completed epoch 1210 / 2000;    current loss: 0.46498018503189087
INFO Gradient norm: 18.43896010353332
PROGRESS    Completed epoch 1211 / 2000;    current loss: 0.4659445881843567
INFO Gradient norm: 20.8183091517233
PROGRESS    Completed epoch 1212 / 2000;    current loss: 0.46702077984809875
INFO Gradient norm: 14.495156996767415
PROGRESS    Completed epoch 1213 / 2000;    current loss: 0.46434485912323
INFO Gradient norm: 29.577532883890402
PROGRESS    Completed epoch 1214 / 2000;    current loss: 0.471501886844635
INFO Gradient norm: 25.558346978048633
PROGRESS    Completed epoch 1215 / 2000;    current loss: 0.46824610233306885
INFO Gradient norm: 19.92952272340848
PROGRESS    Completed epoch 1216 / 2000;    current loss: 0.4641137719154358
INFO Gradient norm: 15.859750683422554
PROGRESS    Completed epoch 1217 / 2000;    current loss: 0.462374746799469
INFO Gradient norm: 25.84601003005763
PROGRESS    Completed epoch 1218 / 2000;    current loss: 0.4671885073184967
INFO Gradient norm: 24.83787315853842
PROGRESS    Completed epoch 1219 / 2000;    current loss: 0.46609076857566833
INFO Gradient norm: 9.02423248826821
PROGRESS    Completed epoch 1220 / 2000;    current loss: 0.4601835608482361
INFO Gradient norm: 6.245294222768066
PROGRESS    Completed epoch 1221 / 2000;    current loss: 0.46009373664855957
INFO Gradient norm: 17.420033602960565
PROGRESS    Completed epoch 1222 / 2000;    current loss: 0.4603536128997803
INFO Gradient norm: 14.278380056218452
PROGRESS    Completed epoch 1223 / 2000;    current loss: 0.46075892448425293
INFO Gradient norm: 19.226085832398613
PROGRESS    Completed epoch 1224 / 2000;    current loss: 0.4649544358253479
INFO Gradient norm: 12.645575854122868
PROGRESS    Completed epoch 1225 / 2000;    current loss: 0.4636223614215851
INFO Gradient norm: 17.92510246134883
PROGRESS    Completed epoch 1226 / 2000;    current loss: 0.46223315596580505
INFO Gradient norm: 8.638273118695691
PROGRESS    Completed epoch 1227 / 2000;    current loss: 0.45718199014663696
INFO Gradient norm: 17.273720267338415
PROGRESS    Completed epoch 1228 / 2000;    current loss: 0.4598720967769623
INFO Gradient norm: 19.857004278345965
PROGRESS    Completed epoch 1229 / 2000;    current loss: 0.4649403393268585
INFO Gradient norm: 13.458638039146232
PROGRESS    Completed epoch 1230 / 2000;    current loss: 0.4664822816848755
INFO Gradient norm: 31.556343815286077
PROGRESS    Completed epoch 1231 / 2000;    current loss: 0.4781503677368164
INFO Gradient norm: 25.346774964625375
PROGRESS    Completed epoch 1232 / 2000;    current loss: 0.4762050211429596
INFO Gradient norm: 24.936632003051553
PROGRESS    Completed epoch 1233 / 2000;    current loss: 0.4770140051841736
INFO Gradient norm: 24.041202815633994
PROGRESS    Completed epoch 1234 / 2000;    current loss: 0.47684580087661743
INFO Gradient norm: 22.547704916404463
PROGRESS    Completed epoch 1235 / 2000;    current loss: 0.4757332503795624
INFO Gradient norm: 22.03326193096966
PROGRESS    Completed epoch 1236 / 2000;    current loss: 0.4734332859516144
INFO Gradient norm: 20.79564187106265
PROGRESS    Completed epoch 1237 / 2000;    current loss: 0.47068071365356445
INFO Gradient norm: 14.537866966899653
PROGRESS    Completed epoch 1238 / 2000;    current loss: 0.46634766459465027
INFO Gradient norm: 32.30907802725536
PROGRESS    Completed epoch 1239 / 2000;    current loss: 0.47386783361434937
INFO Gradient norm: 28.392256614915073
PROGRESS    Completed epoch 1240 / 2000;    current loss: 0.47020816802978516
INFO Gradient norm: 16.844885452582904
PROGRESS    Completed epoch 1241 / 2000;    current loss: 0.46379780769348145
INFO Gradient norm: 15.403265616995034
PROGRESS    Completed epoch 1242 / 2000;    current loss: 0.46274930238723755
INFO Gradient norm: 25.23279066513892
PROGRESS    Completed epoch 1243 / 2000;    current loss: 0.46645569801330566
INFO Gradient norm: 19.03685401472436
PROGRESS    Completed epoch 1244 / 2000;    current loss: 0.4630969762802124
INFO Gradient norm: 25.1954084971322
PROGRESS    Completed epoch 1245 / 2000;    current loss: 0.4664365351200104
INFO Gradient norm: 23.05712154024966
PROGRESS    Completed epoch 1246 / 2000;    current loss: 0.4649931788444519
INFO Gradient norm: 18.81223759425238
PROGRESS    Completed epoch 1247 / 2000;    current loss: 0.4617684483528137
INFO Gradient norm: 15.984253816636203
PROGRESS    Completed epoch 1248 / 2000;    current loss: 0.46035000681877136
INFO Gradient norm: 24.32581131511199
PROGRESS    Completed epoch 1249 / 2000;    current loss: 0.4645118713378906
INFO Gradient norm: 19.374281605737938
PROGRESS    Completed epoch 1250 / 2000;    current loss: 0.4614390432834625
INFO Gradient norm: 16.70567508820343
PROGRESS    Completed epoch 1251 / 2000;    current loss: 0.4595836102962494
INFO Gradient norm: 3.4378745048744
PROGRESS    Completed epoch 1252 / 2000;    current loss: 0.45760026574134827
INFO Gradient norm: 23.805076292877704
PROGRESS    Completed epoch 1253 / 2000;    current loss: 0.46389925479888916
INFO Gradient norm: 10.951414821709674
PROGRESS    Completed epoch 1254 / 2000;    current loss: 0.45875340700149536
INFO Gradient norm: 32.64567898793416
PROGRESS    Completed epoch 1255 / 2000;    current loss: 0.47013911604881287
INFO Gradient norm: 33.011622268268226
PROGRESS    Completed epoch 1256 / 2000;    current loss: 0.47038784623146057
INFO Gradient norm: 5.456151353243444
PROGRESS    Completed epoch 1257 / 2000;    current loss: 0.45762544870376587
INFO Gradient norm: 21.725888695082418
PROGRESS    Completed epoch 1258 / 2000;    current loss: 0.4613465368747711
INFO Gradient norm: 4.6355821587694175
PROGRESS    Completed epoch 1259 / 2000;    current loss: 0.45472458004951477
INFO Gradient norm: 17.249764551412667
PROGRESS    Completed epoch 1260 / 2000;    current loss: 0.45853477716445923
INFO Gradient norm: 16.754188296464775
PROGRESS    Completed epoch 1261 / 2000;    current loss: 0.4620722532272339
INFO Gradient norm: 11.081659294608327
PROGRESS    Completed epoch 1262 / 2000;    current loss: 0.46471861004829407
INFO Gradient norm: 18.98180764487196
PROGRESS    Completed epoch 1263 / 2000;    current loss: 0.4681336283683777
INFO Gradient norm: 9.630809090628142
PROGRESS    Completed epoch 1264 / 2000;    current loss: 0.46342456340789795
INFO Gradient norm: 23.49296063490825
PROGRESS    Completed epoch 1265 / 2000;    current loss: 0.46384143829345703
INFO Gradient norm: 7.341248868177834
PROGRESS    Completed epoch 1266 / 2000;    current loss: 0.4558507800102234
INFO Gradient norm: 36.201384235460246
PROGRESS    Completed epoch 1267 / 2000;    current loss: 0.4686709940433502
INFO Gradient norm: 4.318900911797743
PROGRESS    Completed epoch 1268 / 2000;    current loss: 0.4572471082210541
INFO Gradient norm: 41.13155662460107
PROGRESS    Completed epoch 1269 / 2000;    current loss: 0.47787612676620483
INFO Gradient norm: 40.96702007208017
PROGRESS    Completed epoch 1270 / 2000;    current loss: 0.47855162620544434
INFO Gradient norm: 8.19299135632848
PROGRESS    Completed epoch 1271 / 2000;    current loss: 0.46028932929039
INFO Gradient norm: 48.89234127676461
PROGRESS    Completed epoch 1272 / 2000;    current loss: 0.4861270487308502
INFO Gradient norm: 57.7540153047689
PROGRESS    Completed epoch 1273 / 2000;    current loss: 0.49572381377220154
INFO Gradient norm: 26.452435178974728
PROGRESS    Completed epoch 1274 / 2000;    current loss: 0.4658219814300537
INFO Gradient norm: 34.06773349067957
PROGRESS    Completed epoch 1275 / 2000;    current loss: 0.4705117642879486
INFO Gradient norm: 49.6074049156644
PROGRESS    Completed epoch 1276 / 2000;    current loss: 0.48616284132003784
INFO Gradient norm: 28.53011376332469
PROGRESS    Completed epoch 1277 / 2000;    current loss: 0.46599820256233215
INFO Gradient norm: 25.526972445792126
PROGRESS    Completed epoch 1278 / 2000;    current loss: 0.4638623893260956
INFO Gradient norm: 38.079676796939445
PROGRESS    Completed epoch 1279 / 2000;    current loss: 0.4726276397705078
INFO Gradient norm: 12.021898088575833
PROGRESS    Completed epoch 1280 / 2000;    current loss: 0.45795154571533203
INFO Gradient norm: 40.51973979611336
PROGRESS    Completed epoch 1281 / 2000;    current loss: 0.47632113099098206
INFO Gradient norm: 50.21349209011019
PROGRESS    Completed epoch 1282 / 2000;    current loss: 0.48736071586608887
INFO Gradient norm: 24.354074529059922
PROGRESS    Completed epoch 1283 / 2000;    current loss: 0.4635416269302368
INFO Gradient norm: 34.00726384163654
PROGRESS    Completed epoch 1284 / 2000;    current loss: 0.4693271517753601
INFO Gradient norm: 49.41544301935306
PROGRESS    Completed epoch 1285 / 2000;    current loss: 0.4834299385547638
INFO Gradient norm: 24.75775485433185
PROGRESS    Completed epoch 1286 / 2000;    current loss: 0.4631814956665039
INFO Gradient norm: 29.79609373198937
PROGRESS    Completed epoch 1287 / 2000;    current loss: 0.4669460356235504
INFO Gradient norm: 41.49609835607136
PROGRESS    Completed epoch 1288 / 2000;    current loss: 0.4771014451980591
INFO Gradient norm: 17.614858138397548
PROGRESS    Completed epoch 1289 / 2000;    current loss: 0.45969948172569275
INFO Gradient norm: 37.76115453984954
PROGRESS    Completed epoch 1290 / 2000;    current loss: 0.4718970060348511
INFO Gradient norm: 50.010454176146936
PROGRESS    Completed epoch 1291 / 2000;    current loss: 0.4836069941520691
INFO Gradient norm: 22.6473400323261
PROGRESS    Completed epoch 1292 / 2000;    current loss: 0.46147575974464417
INFO Gradient norm: 33.48312755033926
PROGRESS    Completed epoch 1293 / 2000;    current loss: 0.4689605236053467
INFO Gradient norm: 46.48792600988768
PROGRESS    Completed epoch 1294 / 2000;    current loss: 0.48159411549568176
INFO Gradient norm: 23.662395513154408
PROGRESS    Completed epoch 1295 / 2000;    current loss: 0.46195361018180847
INFO Gradient norm: 31.349110614858006
PROGRESS    Completed epoch 1296 / 2000;    current loss: 0.46643781661987305
INFO Gradient norm: 44.30957388903532
PROGRESS    Completed epoch 1297 / 2000;    current loss: 0.4772166609764099
INFO Gradient norm: 18.170844102367212
PROGRESS    Completed epoch 1298 / 2000;    current loss: 0.4589015543460846
INFO Gradient norm: 36.044366127386176
PROGRESS    Completed epoch 1299 / 2000;    current loss: 0.47043007612228394
INFO Gradient norm: 47.552920893707174
PROGRESS    Completed epoch 1300 / 2000;    current loss: 0.48210662603378296
INFO Gradient norm: 23.45335258460365
PROGRESS    Completed epoch 1301 / 2000;    current loss: 0.4612238109111786
INFO Gradient norm: 32.66905971307278
PROGRESS    Completed epoch 1302 / 2000;    current loss: 0.4668043851852417
INFO Gradient norm: 46.568441734877766
PROGRESS    Completed epoch 1303 / 2000;    current loss: 0.4788280129432678
INFO Gradient norm: 21.060777959964007
PROGRESS    Completed epoch 1304 / 2000;    current loss: 0.4595344066619873
INFO Gradient norm: 33.24589040185811
PROGRESS    Completed epoch 1305 / 2000;    current loss: 0.46741271018981934
INFO Gradient norm: 44.97990153251485
PROGRESS    Completed epoch 1306 / 2000;    current loss: 0.4784916341304779
INFO Gradient norm: 21.161320821556693
PROGRESS    Completed epoch 1307 / 2000;    current loss: 0.4592881202697754
INFO Gradient norm: 34.29331600954253
PROGRESS    Completed epoch 1308 / 2000;    current loss: 0.4671769142150879
INFO Gradient norm: 47.44209553302758
PROGRESS    Completed epoch 1309 / 2000;    current loss: 0.4788452386856079
INFO Gradient norm: 21.28858246394998
PROGRESS    Completed epoch 1310 / 2000;    current loss: 0.45879435539245605
INFO Gradient norm: 33.47332284441125
PROGRESS    Completed epoch 1311 / 2000;    current loss: 0.46682095527648926
INFO Gradient norm: 45.65693893262727
PROGRESS    Completed epoch 1312 / 2000;    current loss: 0.4784885048866272
INFO Gradient norm: 22.319762284552983
PROGRESS    Completed epoch 1313 / 2000;    current loss: 0.4590853750705719
INFO Gradient norm: 32.78750102260298
PROGRESS    Completed epoch 1314 / 2000;    current loss: 0.46521231532096863
INFO Gradient norm: 45.888696115494234
PROGRESS    Completed epoch 1315 / 2000;    current loss: 0.4763924777507782
INFO Gradient norm: 19.948070548871137
PROGRESS    Completed epoch 1316 / 2000;    current loss: 0.4573691487312317
INFO Gradient norm: 34.3173989796669
PROGRESS    Completed epoch 1317 / 2000;    current loss: 0.4667329490184784
INFO Gradient norm: 46.15477127277293
PROGRESS    Completed epoch 1318 / 2000;    current loss: 0.47826912999153137
INFO Gradient norm: 22.593333475318712
PROGRESS    Completed epoch 1319 / 2000;    current loss: 0.45848241448402405
INFO Gradient norm: 32.7200736002907
PROGRESS    Completed epoch 1320 / 2000;    current loss: 0.4644002914428711
INFO Gradient norm: 41.57132974725177
PROGRESS    Completed epoch 1321 / 2000;    current loss: 0.47131919860839844
INFO Gradient norm: 7.866326406081525
PROGRESS    Completed epoch 1322 / 2000;    current loss: 0.4537738263607025
INFO Gradient norm: 51.29521902002704
PROGRESS    Completed epoch 1323 / 2000;    current loss: 0.48417794704437256
INFO Gradient norm: 62.98901095732185
PROGRESS    Completed epoch 1324 / 2000;    current loss: 0.500481903553009
INFO Gradient norm: 35.80077342708937
PROGRESS    Completed epoch 1325 / 2000;    current loss: 0.4683339595794678
INFO Gradient norm: 28.557180533178457
PROGRESS    Completed epoch 1326 / 2000;    current loss: 0.4625875949859619
INFO Gradient norm: 46.948391840778605
PROGRESS    Completed epoch 1327 / 2000;    current loss: 0.4772597551345825
INFO Gradient norm: 21.558654571887892
PROGRESS    Completed epoch 1328 / 2000;    current loss: 0.45878592133522034
INFO Gradient norm: 36.64189012852826
PROGRESS    Completed epoch 1329 / 2000;    current loss: 0.4689057767391205
INFO Gradient norm: 47.429771130078606
PROGRESS    Completed epoch 1330 / 2000;    current loss: 0.4794362485408783
INFO Gradient norm: 19.21689181357573
PROGRESS    Completed epoch 1331 / 2000;    current loss: 0.4573673605918884
INFO Gradient norm: 45.1073197681089
PROGRESS    Completed epoch 1332 / 2000;    current loss: 0.4746510088443756
INFO Gradient norm: 61.09409482523908
PROGRESS    Completed epoch 1333 / 2000;    current loss: 0.49199140071868896
INFO Gradient norm: 32.20450396249414
PROGRESS    Completed epoch 1334 / 2000;    current loss: 0.463787317276001
INFO Gradient norm: 30.174374196020846
PROGRESS    Completed epoch 1335 / 2000;    current loss: 0.46295273303985596
INFO Gradient norm: 44.57124156445718
PROGRESS    Completed epoch 1336 / 2000;    current loss: 0.47541430592536926
INFO Gradient norm: 19.569172132471653
PROGRESS    Completed epoch 1337 / 2000;    current loss: 0.45653656125068665
INFO Gradient norm: 41.25424806247921
PROGRESS    Completed epoch 1338 / 2000;    current loss: 0.47003811597824097
INFO Gradient norm: 54.62766054873114
PROGRESS    Completed epoch 1339 / 2000;    current loss: 0.4832010865211487
INFO Gradient norm: 24.304774827673192
PROGRESS    Completed epoch 1340 / 2000;    current loss: 0.45798012614250183
INFO Gradient norm: 37.69647154271911
PROGRESS    Completed epoch 1341 / 2000;    current loss: 0.4680253267288208
INFO Gradient norm: 51.9574449022356
PROGRESS    Completed epoch 1342 / 2000;    current loss: 0.4831065833568573
INFO Gradient norm: 27.071872450175917
PROGRESS    Completed epoch 1343 / 2000;    current loss: 0.4596165418624878
INFO Gradient norm: 33.98563286087746
PROGRESS    Completed epoch 1344 / 2000;    current loss: 0.46328628063201904
INFO Gradient norm: 43.24702236208482
PROGRESS    Completed epoch 1345 / 2000;    current loss: 0.4715660810470581
INFO Gradient norm: 12.131056781572966
PROGRESS    Completed epoch 1346 / 2000;    current loss: 0.4530586004257202
INFO Gradient norm: 44.14079193817736
PROGRESS    Completed epoch 1347 / 2000;    current loss: 0.47481805086135864
INFO Gradient norm: 57.606748969436076
PROGRESS    Completed epoch 1348 / 2000;    current loss: 0.491851806640625
INFO Gradient norm: 36.06679570468339
PROGRESS    Completed epoch 1349 / 2000;    current loss: 0.4675687253475189
INFO Gradient norm: 18.307395445201212
PROGRESS    Completed epoch 1350 / 2000;    current loss: 0.45654046535491943
INFO Gradient norm: 33.27219299287818
PROGRESS    Completed epoch 1351 / 2000;    current loss: 0.46511465311050415
INFO Gradient norm: 11.590780141623728
PROGRESS    Completed epoch 1352 / 2000;    current loss: 0.4539521336555481
INFO Gradient norm: 37.23617508906496
PROGRESS    Completed epoch 1353 / 2000;    current loss: 0.46810367703437805
INFO Gradient norm: 44.636715081338906
PROGRESS    Completed epoch 1354 / 2000;    current loss: 0.4750464856624603
INFO Gradient norm: 17.915766769230054
PROGRESS    Completed epoch 1355 / 2000;    current loss: 0.45474773645401
INFO Gradient norm: 38.98844225075693
PROGRESS    Completed epoch 1356 / 2000;    current loss: 0.46762990951538086
INFO Gradient norm: 54.39414233003838
PROGRESS    Completed epoch 1357 / 2000;    current loss: 0.4819825291633606
INFO Gradient norm: 17.1155579101182
PROGRESS    Completed epoch 1358 / 2000;    current loss: 0.45460495352745056
INFO Gradient norm: 48.2743775752663
PROGRESS    Completed epoch 1359 / 2000;    current loss: 0.47925809025764465
INFO Gradient norm: 65.59518691917056
PROGRESS    Completed epoch 1360 / 2000;    current loss: 0.5037199854850769
INFO Gradient norm: 44.46615722477864
PROGRESS    Completed epoch 1361 / 2000;    current loss: 0.4759446680545807
INFO Gradient norm: 13.864395922437172
PROGRESS    Completed epoch 1362 / 2000;    current loss: 0.45556461811065674
INFO Gradient norm: 30.77320788710079
PROGRESS    Completed epoch 1363 / 2000;    current loss: 0.46377700567245483
INFO Gradient norm: 8.801104218590286
PROGRESS    Completed epoch 1364 / 2000;    current loss: 0.4540058374404907
INFO Gradient norm: 32.851473098490956
PROGRESS    Completed epoch 1365 / 2000;    current loss: 0.46355772018432617
INFO Gradient norm: 30.187854083917795
PROGRESS    Completed epoch 1366 / 2000;    current loss: 0.46056827902793884
INFO Gradient norm: 9.394344454296776
PROGRESS    Completed epoch 1367 / 2000;    current loss: 0.45017558336257935
INFO Gradient norm: 4.6694363253289595
PROGRESS    Completed epoch 1368 / 2000;    current loss: 0.4493449330329895
INFO Gradient norm: 30.987505482162177
PROGRESS    Completed epoch 1369 / 2000;    current loss: 0.4606379568576813
INFO Gradient norm: 29.71997263967838
PROGRESS    Completed epoch 1370 / 2000;    current loss: 0.45982444286346436
INFO Gradient norm: 5.111914932617391
PROGRESS    Completed epoch 1371 / 2000;    current loss: 0.4503549337387085
INFO Gradient norm: 11.743985896448145
PROGRESS    Completed epoch 1372 / 2000;    current loss: 0.45162519812583923
INFO Gradient norm: 13.010782073032717
PROGRESS    Completed epoch 1373 / 2000;    current loss: 0.45161423087120056
INFO Gradient norm: 4.485492366807086
PROGRESS    Completed epoch 1374 / 2000;    current loss: 0.4498099684715271
INFO Gradient norm: 27.552053106555626
PROGRESS    Completed epoch 1375 / 2000;    current loss: 0.45753392577171326
INFO Gradient norm: 20.81995481091559
PROGRESS    Completed epoch 1376 / 2000;    current loss: 0.4533363878726959
INFO Gradient norm: 25.454994909362178
PROGRESS    Completed epoch 1377 / 2000;    current loss: 0.45593392848968506
INFO Gradient norm: 28.39953951006834
PROGRESS    Completed epoch 1378 / 2000;    current loss: 0.4575360119342804
INFO Gradient norm: 6.259683316993894
PROGRESS    Completed epoch 1379 / 2000;    current loss: 0.44846904277801514
INFO Gradient norm: 6.308439797496657
PROGRESS    Completed epoch 1380 / 2000;    current loss: 0.4482313394546509
INFO Gradient norm: 23.931846250364295
PROGRESS    Completed epoch 1381 / 2000;    current loss: 0.454346239566803
INFO Gradient norm: 13.449894367204779
PROGRESS    Completed epoch 1382 / 2000;    current loss: 0.44937729835510254
INFO Gradient norm: 11.573638046196118
PROGRESS    Completed epoch 1383 / 2000;    current loss: 0.45055511593818665
INFO Gradient norm: 6.220353218090176
PROGRESS    Completed epoch 1384 / 2000;    current loss: 0.4518205225467682
INFO Gradient norm: 21.589416727144226
PROGRESS    Completed epoch 1385 / 2000;    current loss: 0.4566684067249298
INFO Gradient norm: 11.167230512849235
PROGRESS    Completed epoch 1386 / 2000;    current loss: 0.45264992117881775
INFO Gradient norm: 29.01639915400669
PROGRESS    Completed epoch 1387 / 2000;    current loss: 0.46031081676483154
INFO Gradient norm: 27.617842663980696
PROGRESS    Completed epoch 1388 / 2000;    current loss: 0.4588320553302765
INFO Gradient norm: 8.911982216135069
PROGRESS    Completed epoch 1389 / 2000;    current loss: 0.4502260982990265
INFO Gradient norm: 10.726908584323226
PROGRESS    Completed epoch 1390 / 2000;    current loss: 0.44985321164131165
INFO Gradient norm: 17.055529184712547
PROGRESS    Completed epoch 1391 / 2000;    current loss: 0.4513919949531555
INFO Gradient norm: 7.041232175734831
PROGRESS    Completed epoch 1392 / 2000;    current loss: 0.4482075273990631
INFO Gradient norm: 37.32944444698222
PROGRESS    Completed epoch 1393 / 2000;    current loss: 0.4631938934326172
INFO Gradient norm: 38.06407213691284
PROGRESS    Completed epoch 1394 / 2000;    current loss: 0.46371403336524963
INFO Gradient norm: 1.98529483894577
PROGRESS    Completed epoch 1395 / 2000;    current loss: 0.44714319705963135
INFO Gradient norm: 18.41643241801931
PROGRESS    Completed epoch 1396 / 2000;    current loss: 0.45291879773139954
INFO Gradient norm: 7.846968361298049
PROGRESS    Completed epoch 1397 / 2000;    current loss: 0.45391032099723816
INFO Gradient norm: 26.32204611858944
PROGRESS    Completed epoch 1398 / 2000;    current loss: 0.46107351779937744
INFO Gradient norm: 18.100179332672592
PROGRESS    Completed epoch 1399 / 2000;    current loss: 0.4566749930381775
INFO Gradient norm: 23.44141536484371
PROGRESS    Completed epoch 1400 / 2000;    current loss: 0.4586212933063507
INFO Gradient norm: 24.043675889525353
PROGRESS    Completed epoch 1401 / 2000;    current loss: 0.4576660096645355
INFO Gradient norm: 10.842086543239967
PROGRESS    Completed epoch 1402 / 2000;    current loss: 0.4508819878101349
INFO Gradient norm: 9.781212119861367
PROGRESS    Completed epoch 1403 / 2000;    current loss: 0.4490790367126465
INFO Gradient norm: 20.53930570947696
PROGRESS    Completed epoch 1404 / 2000;    current loss: 0.45119887590408325
INFO Gradient norm: 12.733453973372335
PROGRESS    Completed epoch 1405 / 2000;    current loss: 0.447244256734848
INFO Gradient norm: 24.422691991430575
PROGRESS    Completed epoch 1406 / 2000;    current loss: 0.45172855257987976
INFO Gradient norm: 23.60630063644125
PROGRESS    Completed epoch 1407 / 2000;    current loss: 0.45106881856918335
INFO Gradient norm: 7.7212239780247
PROGRESS    Completed epoch 1408 / 2000;    current loss: 0.44554582238197327
INFO Gradient norm: 36.91344027836236
PROGRESS    Completed epoch 1409 / 2000;    current loss: 0.4604228436946869
INFO Gradient norm: 35.422988578911124
PROGRESS    Completed epoch 1410 / 2000;    current loss: 0.4616173803806305
INFO Gradient norm: 8.799904714837957
PROGRESS    Completed epoch 1411 / 2000;    current loss: 0.4515198767185211
INFO Gradient norm: 25.397433555619486
PROGRESS    Completed epoch 1412 / 2000;    current loss: 0.4583246111869812
INFO Gradient norm: 9.173389119368325
PROGRESS    Completed epoch 1413 / 2000;    current loss: 0.45211702585220337
INFO Gradient norm: 31.899059309294337
PROGRESS    Completed epoch 1414 / 2000;    current loss: 0.46090614795684814
INFO Gradient norm: 26.168660882758783
PROGRESS    Completed epoch 1415 / 2000;    current loss: 0.45646965503692627
INFO Gradient norm: 15.926462269964341
PROGRESS    Completed epoch 1416 / 2000;    current loss: 0.45139604806900024
INFO Gradient norm: 16.415505574171824
PROGRESS    Completed epoch 1417 / 2000;    current loss: 0.45120495557785034
INFO Gradient norm: 18.217231383775168
PROGRESS    Completed epoch 1418 / 2000;    current loss: 0.4515587389469147
INFO Gradient norm: 10.434674486079905
PROGRESS    Completed epoch 1419 / 2000;    current loss: 0.44955554604530334
INFO Gradient norm: 28.624401952182282
PROGRESS    Completed epoch 1420 / 2000;    current loss: 0.457736074924469
INFO Gradient norm: 25.777548375759586
PROGRESS    Completed epoch 1421 / 2000;    current loss: 0.45612940192222595
INFO Gradient norm: 13.294743495996425
PROGRESS    Completed epoch 1422 / 2000;    current loss: 0.45063289999961853
INFO Gradient norm: 13.331980114066399
PROGRESS    Completed epoch 1423 / 2000;    current loss: 0.45065951347351074
INFO Gradient norm: 20.725809395134693
PROGRESS    Completed epoch 1424 / 2000;    current loss: 0.4536319077014923
INFO Gradient norm: 14.652006269100962
PROGRESS    Completed epoch 1425 / 2000;    current loss: 0.45116502046585083
INFO Gradient norm: 25.609852538135478
PROGRESS    Completed epoch 1426 / 2000;    current loss: 0.45566487312316895
INFO Gradient norm: 23.499117588528623
PROGRESS    Completed epoch 1427 / 2000;    current loss: 0.4545016586780548
INFO Gradient norm: 14.966331154470238
PROGRESS    Completed epoch 1428 / 2000;    current loss: 0.45105671882629395
INFO Gradient norm: 13.717801309768852
PROGRESS    Completed epoch 1429 / 2000;    current loss: 0.4505488872528076
INFO Gradient norm: 21.59180142821418
PROGRESS    Completed epoch 1430 / 2000;    current loss: 0.4533129334449768
INFO Gradient norm: 15.918009638727334
PROGRESS    Completed epoch 1431 / 2000;    current loss: 0.45091432332992554
INFO Gradient norm: 23.524178066545918
PROGRESS    Completed epoch 1432 / 2000;    current loss: 0.45432472229003906
INFO Gradient norm: 21.906251399193657
PROGRESS    Completed epoch 1433 / 2000;    current loss: 0.45337069034576416
INFO Gradient norm: 15.170053255987035
PROGRESS    Completed epoch 1434 / 2000;    current loss: 0.4503450393676758
INFO Gradient norm: 12.987234424773124
PROGRESS    Completed epoch 1435 / 2000;    current loss: 0.44956982135772705
INFO Gradient norm: 22.49249478995448
PROGRESS    Completed epoch 1436 / 2000;    current loss: 0.45332297682762146
INFO Gradient norm: 17.838989518999178
PROGRESS    Completed epoch 1437 / 2000;    current loss: 0.4510658383369446
INFO Gradient norm: 21.393002122752286
PROGRESS    Completed epoch 1438 / 2000;    current loss: 0.4523155987262726
INFO Gradient norm: 19.744687678350978
PROGRESS    Completed epoch 1439 / 2000;    current loss: 0.45147618651390076
INFO Gradient norm: 17.053290671231387
PROGRESS    Completed epoch 1440 / 2000;    current loss: 0.45039910078048706
INFO Gradient norm: 14.310145489986581
PROGRESS    Completed epoch 1441 / 2000;    current loss: 0.44930827617645264
INFO Gradient norm: 22.283538665884098
PROGRESS    Completed epoch 1442 / 2000;    current loss: 0.45228031277656555
INFO Gradient norm: 18.15950066859343
PROGRESS    Completed epoch 1443 / 2000;    current loss: 0.45037567615509033
INFO Gradient norm: 20.21056063888657
PROGRESS    Completed epoch 1444 / 2000;    current loss: 0.4512726068496704
INFO Gradient norm: 18.376455942587363
PROGRESS    Completed epoch 1445 / 2000;    current loss: 0.4503580927848816
INFO Gradient norm: 18.237566516233443
PROGRESS    Completed epoch 1446 / 2000;    current loss: 0.45006513595581055
INFO Gradient norm: 15.139971119891015
PROGRESS    Completed epoch 1447 / 2000;    current loss: 0.44883406162261963
INFO Gradient norm: 21.541363368130515
PROGRESS    Completed epoch 1448 / 2000;    current loss: 0.45140886306762695
INFO Gradient norm: 18.186847600362004
PROGRESS    Completed epoch 1449 / 2000;    current loss: 0.4497698247432709
INFO Gradient norm: 19.781266616753495
PROGRESS    Completed epoch 1450 / 2000;    current loss: 0.45015251636505127
INFO Gradient norm: 17.570694664149197
PROGRESS    Completed epoch 1451 / 2000;    current loss: 0.44913291931152344
INFO Gradient norm: 19.033735021106022
PROGRESS    Completed epoch 1452 / 2000;    current loss: 0.44972285628318787
INFO Gradient norm: 15.941145738509272
PROGRESS    Completed epoch 1453 / 2000;    current loss: 0.4483673572540283
INFO Gradient norm: 21.350981211424017
PROGRESS    Completed epoch 1454 / 2000;    current loss: 0.4502919912338257
INFO Gradient norm: 18.174608461487267
PROGRESS    Completed epoch 1455 / 2000;    current loss: 0.4488224983215332
INFO Gradient norm: 19.36712015933978
PROGRESS    Completed epoch 1456 / 2000;    current loss: 0.44933807849884033
INFO Gradient norm: 17.03041076068297
PROGRESS    Completed epoch 1457 / 2000;    current loss: 0.4482600688934326
INFO Gradient norm: 19.779850115271977
PROGRESS    Completed epoch 1458 / 2000;    current loss: 0.44909870624542236
INFO Gradient norm: 16.52800763692473
PROGRESS    Completed epoch 1459 / 2000;    current loss: 0.447712779045105
INFO Gradient norm: 20.647204513237043
PROGRESS    Completed epoch 1460 / 2000;    current loss: 0.44941359758377075
INFO Gradient norm: 17.869798046713292
PROGRESS    Completed epoch 1461 / 2000;    current loss: 0.4480825662612915
INFO Gradient norm: 19.47012945399822
PROGRESS    Completed epoch 1462 / 2000;    current loss: 0.4484511613845825
INFO Gradient norm: 16.78651240006017
PROGRESS    Completed epoch 1463 / 2000;    current loss: 0.44729286432266235
INFO Gradient norm: 19.97941812011511
PROGRESS    Completed epoch 1464 / 2000;    current loss: 0.448607861995697
INFO Gradient norm: 16.961161131960147
PROGRESS    Completed epoch 1465 / 2000;    current loss: 0.44723451137542725
INFO Gradient norm: 16.804566641095576
PROGRESS    Completed epoch 1466 / 2000;    current loss: 0.44716283679008484
INFO Gradient norm: 4.15326215261456
PROGRESS    Completed epoch 1467 / 2000;    current loss: 0.44507354497909546
INFO Gradient norm: 24.656204127687353
PROGRESS    Completed epoch 1468 / 2000;    current loss: 0.45183345675468445
INFO Gradient norm: 17.488480809569065
PROGRESS    Completed epoch 1469 / 2000;    current loss: 0.4484182298183441
INFO Gradient norm: 20.000960682251126
PROGRESS    Completed epoch 1470 / 2000;    current loss: 0.4493841528892517
INFO Gradient norm: 20.935259715626813
PROGRESS    Completed epoch 1471 / 2000;    current loss: 0.44960692524909973
INFO Gradient norm: 10.368373450872575
PROGRESS    Completed epoch 1472 / 2000;    current loss: 0.44564494490623474
INFO Gradient norm: 8.974663200387864
PROGRESS    Completed epoch 1473 / 2000;    current loss: 0.44497498869895935
INFO Gradient norm: 20.102541854423972
PROGRESS    Completed epoch 1474 / 2000;    current loss: 0.44811177253723145
INFO Gradient norm: 13.48859036209964
PROGRESS    Completed epoch 1475 / 2000;    current loss: 0.4452751576900482
INFO Gradient norm: 21.865860662065316
PROGRESS    Completed epoch 1476 / 2000;    current loss: 0.4483608305454254
INFO Gradient norm: 21.239106919215985
PROGRESS    Completed epoch 1477 / 2000;    current loss: 0.4478159248828888
INFO Gradient norm: 10.594001039308894
PROGRESS    Completed epoch 1478 / 2000;    current loss: 0.44372057914733887
INFO Gradient norm: 9.692658103432057
PROGRESS    Completed epoch 1479 / 2000;    current loss: 0.44336336851119995
INFO Gradient norm: 19.448552781818922
PROGRESS    Completed epoch 1480 / 2000;    current loss: 0.44651854038238525
INFO Gradient norm: 13.995785499528798
PROGRESS    Completed epoch 1481 / 2000;    current loss: 0.44430187344551086
INFO Gradient norm: 13.009876114136283
PROGRESS    Completed epoch 1482 / 2000;    current loss: 0.443868488073349
INFO Gradient norm: 2.7501666921023804
PROGRESS    Completed epoch 1483 / 2000;    current loss: 0.44301536679267883
INFO Gradient norm: 10.422403507793984
PROGRESS    Completed epoch 1484 / 2000;    current loss: 0.44450274109840393
INFO Gradient norm: 14.843542175303364
PROGRESS    Completed epoch 1485 / 2000;    current loss: 0.44581496715545654
INFO Gradient norm: 4.654833657396166
PROGRESS    Completed epoch 1486 / 2000;    current loss: 0.4437938332557678
INFO Gradient norm: 23.29862559678716
PROGRESS    Completed epoch 1487 / 2000;    current loss: 0.44824546575546265
INFO Gradient norm: 12.194867159807588
PROGRESS    Completed epoch 1488 / 2000;    current loss: 0.4430648386478424
INFO Gradient norm: 29.762165442405085
PROGRESS    Completed epoch 1489 / 2000;    current loss: 0.45050540566444397
INFO Gradient norm: 8.509376974553083
PROGRESS    Completed epoch 1490 / 2000;    current loss: 0.44352614879608154
INFO Gradient norm: 36.80569083890624
PROGRESS    Completed epoch 1491 / 2000;    current loss: 0.4600577652454376
INFO Gradient norm: 42.72276263953012
PROGRESS    Completed epoch 1492 / 2000;    current loss: 0.46806326508522034
INFO Gradient norm: 17.352704440841123
PROGRESS    Completed epoch 1493 / 2000;    current loss: 0.4526299834251404
INFO Gradient norm: 37.8217405998269
PROGRESS    Completed epoch 1494 / 2000;    current loss: 0.46732717752456665
INFO Gradient norm: 48.839979770568235
PROGRESS    Completed epoch 1495 / 2000;    current loss: 0.4794234335422516
INFO Gradient norm: 25.544875636261008
PROGRESS    Completed epoch 1496 / 2000;    current loss: 0.46191972494125366
INFO Gradient norm: 29.681315432466718
PROGRESS    Completed epoch 1497 / 2000;    current loss: 0.46394574642181396
INFO Gradient norm: 41.471438004199605
PROGRESS    Completed epoch 1498 / 2000;    current loss: 0.47212034463882446
INFO Gradient norm: 22.531694754440693
PROGRESS    Completed epoch 1499 / 2000;    current loss: 0.4568060040473938
INFO Gradient norm: 28.471000986633282
PROGRESS    Completed epoch 1500 / 2000;    current loss: 0.45798420906066895
INFO Gradient norm: 38.120450631040484
PROGRESS    Completed epoch 1501 / 2000;    current loss: 0.4625190794467926
INFO Gradient norm: 14.343964994373039
PROGRESS    Completed epoch 1502 / 2000;    current loss: 0.44692182540893555
INFO Gradient norm: 35.10024643059587
PROGRESS    Completed epoch 1503 / 2000;    current loss: 0.4566303491592407
INFO Gradient norm: 44.752073016000985
PROGRESS    Completed epoch 1504 / 2000;    current loss: 0.4644092321395874
INFO Gradient norm: 22.213258036657106
PROGRESS    Completed epoch 1505 / 2000;    current loss: 0.4464363753795624
INFO Gradient norm: 11.06368365814657
PROGRESS    Completed epoch 1506 / 2000;    current loss: 0.4432799220085144
INFO Gradient norm: 6.406829774876306
PROGRESS    Completed epoch 1507 / 2000;    current loss: 0.446164071559906
INFO Gradient norm: 20.432145425291022
PROGRESS    Completed epoch 1508 / 2000;    current loss: 0.45160120725631714
INFO Gradient norm: 7.928070193305719
PROGRESS    Completed epoch 1509 / 2000;    current loss: 0.4483863115310669
INFO Gradient norm: 13.73760629132499
PROGRESS    Completed epoch 1510 / 2000;    current loss: 0.4478130042552948
INFO Gradient norm: 6.218823132361712
PROGRESS    Completed epoch 1511 / 2000;    current loss: 0.44453656673431396
INFO Gradient norm: 4.967833786126584
PROGRESS    Completed epoch 1512 / 2000;    current loss: 0.44330018758773804
INFO Gradient norm: 9.047301907558495
PROGRESS    Completed epoch 1513 / 2000;    current loss: 0.4433324933052063
INFO Gradient norm: 8.200960424395987
PROGRESS    Completed epoch 1514 / 2000;    current loss: 0.4439581334590912
INFO Gradient norm: 11.302556447085422
PROGRESS    Completed epoch 1515 / 2000;    current loss: 0.44531211256980896
INFO Gradient norm: 6.097266121750998
PROGRESS    Completed epoch 1516 / 2000;    current loss: 0.44518518447875977
INFO Gradient norm: 4.951862247432433
PROGRESS    Completed epoch 1517 / 2000;    current loss: 0.44396495819091797
INFO Gradient norm: 9.728947322048358
PROGRESS    Completed epoch 1518 / 2000;    current loss: 0.4426543712615967
INFO Gradient norm: 10.20228348663316
PROGRESS    Completed epoch 1519 / 2000;    current loss: 0.4418574273586273
INFO Gradient norm: 4.369704487331275
PROGRESS    Completed epoch 1520 / 2000;    current loss: 0.4406398832798004
INFO Gradient norm: 8.409081183218875
PROGRESS    Completed epoch 1521 / 2000;    current loss: 0.44132640957832336
INFO Gradient norm: 11.434857736482064
PROGRESS    Completed epoch 1522 / 2000;    current loss: 0.4420611262321472
INFO Gradient norm: 7.061774722021947
PROGRESS    Completed epoch 1523 / 2000;    current loss: 0.441253125667572
INFO Gradient norm: 4.017177633114351
PROGRESS    Completed epoch 1524 / 2000;    current loss: 0.43919140100479126
INFO Gradient norm: 36.646666210821614
PROGRESS    Completed epoch 1525 / 2000;    current loss: 0.45443183183670044
INFO Gradient norm: 38.42449844512865
PROGRESS    Completed epoch 1526 / 2000;    current loss: 0.456543892621994
INFO Gradient norm: 9.92157477126186
PROGRESS    Completed epoch 1527 / 2000;    current loss: 0.4413166046142578
INFO Gradient norm: 46.66274005939963
PROGRESS    Completed epoch 1528 / 2000;    current loss: 0.46320563554763794
INFO Gradient norm: 59.964415323027765
PROGRESS    Completed epoch 1529 / 2000;    current loss: 0.47726982831954956
INFO Gradient norm: 35.77600879162965
PROGRESS    Completed epoch 1530 / 2000;    current loss: 0.4531453847885132
INFO Gradient norm: 18.962301042529617
PROGRESS    Completed epoch 1531 / 2000;    current loss: 0.4427773058414459
INFO Gradient norm: 33.88832392914655
PROGRESS    Completed epoch 1532 / 2000;    current loss: 0.45081886649131775
INFO Gradient norm: 16.19455808756704
PROGRESS    Completed epoch 1533 / 2000;    current loss: 0.4402490258216858
INFO Gradient norm: 27.31089457402458
PROGRESS    Completed epoch 1534 / 2000;    current loss: 0.4449935555458069
INFO Gradient norm: 14.416810383314225
PROGRESS    Completed epoch 1535 / 2000;    current loss: 0.44327396154403687
INFO Gradient norm: 24.0276707020742
PROGRESS    Completed epoch 1536 / 2000;    current loss: 0.4489537477493286
INFO Gradient norm: 20.00597431024081
PROGRESS    Completed epoch 1537 / 2000;    current loss: 0.4477272629737854
INFO Gradient norm: 22.44732126128674
PROGRESS    Completed epoch 1538 / 2000;    current loss: 0.44832006096839905
INFO Gradient norm: 22.217306767888314
PROGRESS    Completed epoch 1539 / 2000;    current loss: 0.4480479061603546
INFO Gradient norm: 16.25468337325968
PROGRESS    Completed epoch 1540 / 2000;    current loss: 0.44553086161613464
INFO Gradient norm: 13.12574422350482
PROGRESS    Completed epoch 1541 / 2000;    current loss: 0.4437614381313324
INFO Gradient norm: 25.837088399285587
PROGRESS    Completed epoch 1542 / 2000;    current loss: 0.44755297899246216
INFO Gradient norm: 20.694387568256584
PROGRESS    Completed epoch 1543 / 2000;    current loss: 0.44434380531311035
INFO Gradient norm: 20.285430186160134
PROGRESS    Completed epoch 1544 / 2000;    current loss: 0.44385313987731934
INFO Gradient norm: 19.80544444067308
PROGRESS    Completed epoch 1545 / 2000;    current loss: 0.4430053234100342
INFO Gradient norm: 16.182094589667994
PROGRESS    Completed epoch 1546 / 2000;    current loss: 0.4406222701072693
INFO Gradient norm: 13.610311546180883
PROGRESS    Completed epoch 1547 / 2000;    current loss: 0.439276784658432
INFO Gradient norm: 21.006723981611866
PROGRESS    Completed epoch 1548 / 2000;    current loss: 0.4419296383857727
INFO Gradient norm: 16.17228974629742
PROGRESS    Completed epoch 1549 / 2000;    current loss: 0.4393569231033325
INFO Gradient norm: 21.996168395398854
PROGRESS    Completed epoch 1550 / 2000;    current loss: 0.44102543592453003
INFO Gradient norm: 19.25867343133882
PROGRESS    Completed epoch 1551 / 2000;    current loss: 0.4398132860660553
INFO Gradient norm: 16.825756977796523
PROGRESS    Completed epoch 1552 / 2000;    current loss: 0.43900007009506226
INFO Gradient norm: 18.467562007195067
PROGRESS    Completed epoch 1553 / 2000;    current loss: 0.43951907753944397
INFO Gradient norm: 10.108182936575018
PROGRESS    Completed epoch 1554 / 2000;    current loss: 0.4366648197174072
INFO Gradient norm: 7.739786575791951
PROGRESS    Completed epoch 1555 / 2000;    current loss: 0.43592357635498047
INFO Gradient norm: 20.04288683498544
PROGRESS    Completed epoch 1556 / 2000;    current loss: 0.4391961991786957
INFO Gradient norm: 14.28732345407835
PROGRESS    Completed epoch 1557 / 2000;    current loss: 0.43664848804473877
INFO Gradient norm: 10.338864798228164
PROGRESS    Completed epoch 1558 / 2000;    current loss: 0.43578672409057617
INFO Gradient norm: 7.899437423175497
PROGRESS    Completed epoch 1559 / 2000;    current loss: 0.4370606541633606
INFO Gradient norm: 10.058952674461263
PROGRESS    Completed epoch 1560 / 2000;    current loss: 0.4395120441913605
INFO Gradient norm: 6.372019323689816
PROGRESS    Completed epoch 1561 / 2000;    current loss: 0.43848317861557007
INFO Gradient norm: 15.906069731256858
PROGRESS    Completed epoch 1562 / 2000;    current loss: 0.4383602440357208
INFO Gradient norm: 3.7951452431232497
PROGRESS    Completed epoch 1563 / 2000;    current loss: 0.4341607689857483
INFO Gradient norm: 16.931704292107753
PROGRESS    Completed epoch 1564 / 2000;    current loss: 0.4371437430381775
INFO Gradient norm: 9.50775129753377
PROGRESS    Completed epoch 1565 / 2000;    current loss: 0.4353535771369934
INFO Gradient norm: 20.94491875738507
PROGRESS    Completed epoch 1566 / 2000;    current loss: 0.4398133158683777
INFO Gradient norm: 17.22934723746052
PROGRESS    Completed epoch 1567 / 2000;    current loss: 0.43880295753479004
INFO Gradient norm: 15.900876326311899
PROGRESS    Completed epoch 1568 / 2000;    current loss: 0.43861961364746094
INFO Gradient norm: 15.991557666490227
PROGRESS    Completed epoch 1569 / 2000;    current loss: 0.4386206269264221
INFO Gradient norm: 12.828639024519193
PROGRESS    Completed epoch 1570 / 2000;    current loss: 0.43756183981895447
INFO Gradient norm: 9.6213955418169
PROGRESS    Completed epoch 1571 / 2000;    current loss: 0.4363820254802704
INFO Gradient norm: 19.86319277097302
PROGRESS    Completed epoch 1572 / 2000;    current loss: 0.43910250067710876
INFO Gradient norm: 16.197397722942693
PROGRESS    Completed epoch 1573 / 2000;    current loss: 0.43729910254478455
INFO Gradient norm: 15.47178808746312
PROGRESS    Completed epoch 1574 / 2000;    current loss: 0.4365971088409424
INFO Gradient norm: 13.824593013922026
PROGRESS    Completed epoch 1575 / 2000;    current loss: 0.4358629584312439
INFO Gradient norm: 22.61626857552037
PROGRESS    Completed epoch 1576 / 2000;    current loss: 0.43959230184555054
INFO Gradient norm: 21.311671570619957
PROGRESS    Completed epoch 1577 / 2000;    current loss: 0.4389178156852722
INFO Gradient norm: 12.882678409370614
PROGRESS    Completed epoch 1578 / 2000;    current loss: 0.4354385733604431
INFO Gradient norm: 11.816327425348836
PROGRESS    Completed epoch 1579 / 2000;    current loss: 0.4350842535495758
INFO Gradient norm: 19.694906314509605
PROGRESS    Completed epoch 1580 / 2000;    current loss: 0.43798932433128357
INFO Gradient norm: 14.630867428489784
PROGRESS    Completed epoch 1581 / 2000;    current loss: 0.4360412657260895
INFO Gradient norm: 21.245074411073517
PROGRESS    Completed epoch 1582 / 2000;    current loss: 0.43819892406463623
INFO Gradient norm: 8.853878728865311
PROGRESS    Completed epoch 1583 / 2000;    current loss: 0.4349935054779053
INFO Gradient norm: 28.050603825607755
PROGRESS    Completed epoch 1584 / 2000;    current loss: 0.4435727298259735
INFO Gradient norm: 30.28368578555116
PROGRESS    Completed epoch 1585 / 2000;    current loss: 0.446140855550766
INFO Gradient norm: 6.3477209705820705
PROGRESS    Completed epoch 1586 / 2000;    current loss: 0.43757328391075134
INFO Gradient norm: 21.125260077467907
PROGRESS    Completed epoch 1587 / 2000;    current loss: 0.441061407327652
INFO Gradient norm: 8.478667899703947
PROGRESS    Completed epoch 1588 / 2000;    current loss: 0.4364555776119232
INFO Gradient norm: 24.47595954554571
PROGRESS    Completed epoch 1589 / 2000;    current loss: 0.4410584270954132
INFO Gradient norm: 22.24535508918804
PROGRESS    Completed epoch 1590 / 2000;    current loss: 0.439502090215683
INFO Gradient norm: 9.3702248151939
PROGRESS    Completed epoch 1591 / 2000;    current loss: 0.4351997375488281
INFO Gradient norm: 8.767043419390582
PROGRESS    Completed epoch 1592 / 2000;    current loss: 0.43529731035232544
INFO Gradient norm: 29.226169976896372
PROGRESS    Completed epoch 1593 / 2000;    current loss: 0.44350969791412354
INFO Gradient norm: 28.518175676021908
PROGRESS    Completed epoch 1594 / 2000;    current loss: 0.4430679678916931
INFO Gradient norm: 5.7364123205532715
PROGRESS    Completed epoch 1595 / 2000;    current loss: 0.43478646874427795
INFO Gradient norm: 8.99281702616247
PROGRESS    Completed epoch 1596 / 2000;    current loss: 0.43533048033714294
INFO Gradient norm: 17.545750168424053
PROGRESS    Completed epoch 1597 / 2000;    current loss: 0.43768101930618286
INFO Gradient norm: 8.59896745024521
PROGRESS    Completed epoch 1598 / 2000;    current loss: 0.4352107346057892
INFO Gradient norm: 28.488069175674386
PROGRESS    Completed epoch 1599 / 2000;    current loss: 0.442915678024292
INFO Gradient norm: 26.503827169231357
PROGRESS    Completed epoch 1600 / 2000;    current loss: 0.4417571425437927
INFO Gradient norm: 9.324417331629997
PROGRESS    Completed epoch 1601 / 2000;    current loss: 0.43525755405426025
INFO Gradient norm: 11.023908353396664
PROGRESS    Completed epoch 1602 / 2000;    current loss: 0.43558451533317566
INFO Gradient norm: 17.90331038584619
PROGRESS    Completed epoch 1603 / 2000;    current loss: 0.4376693367958069
INFO Gradient norm: 10.622667115506474
PROGRESS    Completed epoch 1604 / 2000;    current loss: 0.43542319536209106
INFO Gradient norm: 25.544972394368898
PROGRESS    Completed epoch 1605 / 2000;    current loss: 0.44105830788612366
INFO Gradient norm: 23.882083535961108
PROGRESS    Completed epoch 1606 / 2000;    current loss: 0.4400799572467804
INFO Gradient norm: 10.861472886316118
PROGRESS    Completed epoch 1607 / 2000;    current loss: 0.4352032542228699
INFO Gradient norm: 11.239189012278686
PROGRESS    Completed epoch 1608 / 2000;    current loss: 0.43518295884132385
INFO Gradient norm: 18.792608317928106
PROGRESS    Completed epoch 1609 / 2000;    current loss: 0.437436580657959
INFO Gradient norm: 12.709553202708184
PROGRESS    Completed epoch 1610 / 2000;    current loss: 0.4353182911872864
INFO Gradient norm: 24.004211807456784
PROGRESS    Completed epoch 1611 / 2000;    current loss: 0.4395383596420288
INFO Gradient norm: 22.425246540700275
PROGRESS    Completed epoch 1612 / 2000;    current loss: 0.4387059509754181
INFO Gradient norm: 12.39049885349843
PROGRESS    Completed epoch 1613 / 2000;    current loss: 0.43498557806015015
INFO Gradient norm: 11.909834078525728
PROGRESS    Completed epoch 1614 / 2000;    current loss: 0.4347844123840332
INFO Gradient norm: 19.272467175992922
PROGRESS    Completed epoch 1615 / 2000;    current loss: 0.4371028542518616
INFO Gradient norm: 13.650388809092416
PROGRESS    Completed epoch 1616 / 2000;    current loss: 0.4350981116294861
INFO Gradient norm: 22.299395707959647
PROGRESS    Completed epoch 1617 / 2000;    current loss: 0.43827635049819946
INFO Gradient norm: 20.900008798234996
PROGRESS    Completed epoch 1618 / 2000;    current loss: 0.4375455379486084
INFO Gradient norm: 13.065445650211878
PROGRESS    Completed epoch 1619 / 2000;    current loss: 0.43467217683792114
INFO Gradient norm: 11.865183610738045
PROGRESS    Completed epoch 1620 / 2000;    current loss: 0.4342847764492035
INFO Gradient norm: 19.66811509875977
PROGRESS    Completed epoch 1621 / 2000;    current loss: 0.4367598593235016
INFO Gradient norm: 14.944227314902578
PROGRESS    Completed epoch 1622 / 2000;    current loss: 0.4349435865879059
INFO Gradient norm: 20.939766999348883
PROGRESS    Completed epoch 1623 / 2000;    current loss: 0.4370931088924408
INFO Gradient norm: 19.360705021342962
PROGRESS    Completed epoch 1624 / 2000;    current loss: 0.43635839223861694
INFO Gradient norm: 14.660700818538883
PROGRESS    Completed epoch 1625 / 2000;    current loss: 0.4346173405647278
INFO Gradient norm: 13.05149782012098
PROGRESS    Completed epoch 1626 / 2000;    current loss: 0.4340551495552063
INFO Gradient norm: 19.315906306471398
PROGRESS    Completed epoch 1627 / 2000;    current loss: 0.436090350151062
INFO Gradient norm: 14.974526373841265
PROGRESS    Completed epoch 1628 / 2000;    current loss: 0.43448156118392944
INFO Gradient norm: 20.10780693547088
PROGRESS    Completed epoch 1629 / 2000;    current loss: 0.43627801537513733
INFO Gradient norm: 18.481541703195955
PROGRESS    Completed epoch 1630 / 2000;    current loss: 0.43553221225738525
INFO Gradient norm: 15.09791307142337
PROGRESS    Completed epoch 1631 / 2000;    current loss: 0.43429097533226013
INFO Gradient norm: 13.118646168582334
PROGRESS    Completed epoch 1632 / 2000;    current loss: 0.4336344599723816
INFO Gradient norm: 19.314512739395877
PROGRESS    Completed epoch 1633 / 2000;    current loss: 0.43563714623451233
INFO Gradient norm: 15.647002127445683
PROGRESS    Completed epoch 1634 / 2000;    current loss: 0.4342057406902313
INFO Gradient norm: 14.37857202451012
PROGRESS    Completed epoch 1635 / 2000;    current loss: 0.4339074194431305
INFO Gradient norm: 3.8692394284457725
PROGRESS    Completed epoch 1636 / 2000;    current loss: 0.4325191378593445
INFO Gradient norm: 21.06946675321069
PROGRESS    Completed epoch 1637 / 2000;    current loss: 0.4371103346347809
INFO Gradient norm: 13.486064972117198
PROGRESS    Completed epoch 1638 / 2000;    current loss: 0.4342624247074127
INFO Gradient norm: 20.93107764380958
PROGRESS    Completed epoch 1639 / 2000;    current loss: 0.43694671988487244
INFO Gradient norm: 21.684106293261646
PROGRESS    Completed epoch 1640 / 2000;    current loss: 0.43710076808929443
INFO Gradient norm: 7.310779139886732
PROGRESS    Completed epoch 1641 / 2000;    current loss: 0.43239903450012207
INFO Gradient norm: 7.96143227735031
PROGRESS    Completed epoch 1642 / 2000;    current loss: 0.4322130084037781
INFO Gradient norm: 16.269498813942985
PROGRESS    Completed epoch 1643 / 2000;    current loss: 0.4341290593147278
INFO Gradient norm: 9.073975425610332
PROGRESS    Completed epoch 1644 / 2000;    current loss: 0.4319240152835846
INFO Gradient norm: 22.778441155207375
PROGRESS    Completed epoch 1645 / 2000;    current loss: 0.436389684677124
INFO Gradient norm: 21.83181065320421
PROGRESS    Completed epoch 1646 / 2000;    current loss: 0.43581053614616394
INFO Gradient norm: 7.886956091969091
PROGRESS    Completed epoch 1647 / 2000;    current loss: 0.43079864978790283
INFO Gradient norm: 7.9317311279297
PROGRESS    Completed epoch 1648 / 2000;    current loss: 0.4307318329811096
INFO Gradient norm: 21.854446964441372
PROGRESS    Completed epoch 1649 / 2000;    current loss: 0.4354231655597687
INFO Gradient norm: 15.768406631062426
PROGRESS    Completed epoch 1650 / 2000;    current loss: 0.4329293668270111
INFO Gradient norm: 17.899091898734646
PROGRESS    Completed epoch 1651 / 2000;    current loss: 0.4332687556743622
INFO Gradient norm: 6.16686579997839
PROGRESS    Completed epoch 1652 / 2000;    current loss: 0.4313620924949646
INFO Gradient norm: 27.121234503013213
PROGRESS    Completed epoch 1653 / 2000;    current loss: 0.4399079978466034
INFO Gradient norm: 27.31987993421962
PROGRESS    Completed epoch 1654 / 2000;    current loss: 0.4412280321121216
INFO Gradient norm: 6.582336478145562
PROGRESS    Completed epoch 1655 / 2000;    current loss: 0.43480032682418823
INFO Gradient norm: 16.100466765622745
PROGRESS    Completed epoch 1656 / 2000;    current loss: 0.4357703924179077
INFO Gradient norm: 3.6754277883428976
PROGRESS    Completed epoch 1657 / 2000;    current loss: 0.4319244623184204
INFO Gradient norm: 22.219962015773273
PROGRESS    Completed epoch 1658 / 2000;    current loss: 0.43580347299575806
INFO Gradient norm: 15.846371386484753
PROGRESS    Completed epoch 1659 / 2000;    current loss: 0.4334253668785095
INFO Gradient norm: 1.864951873390236
PROGRESS    Completed epoch 1660 / 2000;    current loss: 0.4308200776576996
INFO Gradient norm: 5.578280314067772
PROGRESS    Completed epoch 1661 / 2000;    current loss: 0.43116334080696106
INFO Gradient norm: 17.316838731797223
PROGRESS    Completed epoch 1662 / 2000;    current loss: 0.43446895480155945
INFO Gradient norm: 7.686627956551113
PROGRESS    Completed epoch 1663 / 2000;    current loss: 0.43264836072921753
INFO Gradient norm: 27.656022303790866
PROGRESS    Completed epoch 1664 / 2000;    current loss: 0.440727174282074
INFO Gradient norm: 25.036548819000494
PROGRESS    Completed epoch 1665 / 2000;    current loss: 0.4402479827404022
INFO Gradient norm: 11.65775475196169
PROGRESS    Completed epoch 1666 / 2000;    current loss: 0.4361719489097595
INFO Gradient norm: 13.536525120675352
PROGRESS    Completed epoch 1667 / 2000;    current loss: 0.4371747672557831
INFO Gradient norm: 17.120246911167467
PROGRESS    Completed epoch 1668 / 2000;    current loss: 0.4382656514644623
INFO Gradient norm: 12.559818960655166
PROGRESS    Completed epoch 1669 / 2000;    current loss: 0.4366408586502075
INFO Gradient norm: 14.164590835206385
PROGRESS    Completed epoch 1670 / 2000;    current loss: 0.43497395515441895
INFO Gradient norm: 5.678886574813818
PROGRESS    Completed epoch 1671 / 2000;    current loss: 0.43163859844207764
INFO Gradient norm: 26.113953749712103
PROGRESS    Completed epoch 1672 / 2000;    current loss: 0.43717414140701294
INFO Gradient norm: 20.30862006714495
PROGRESS    Completed epoch 1673 / 2000;    current loss: 0.4340887665748596
INFO Gradient norm: 16.132381801543406
PROGRESS    Completed epoch 1674 / 2000;    current loss: 0.4326498806476593
INFO Gradient norm: 17.776126142407882
PROGRESS    Completed epoch 1675 / 2000;    current loss: 0.43350374698638916
INFO Gradient norm: 2.2812418044845124
PROGRESS    Completed epoch 1676 / 2000;    current loss: 0.4300623834133148
INFO Gradient norm: 19.224938118355684
PROGRESS    Completed epoch 1677 / 2000;    current loss: 0.43401917815208435
INFO Gradient norm: 10.30194353560491
PROGRESS    Completed epoch 1678 / 2000;    current loss: 0.4323995113372803
INFO Gradient norm: 23.685463697095095
PROGRESS    Completed epoch 1679 / 2000;    current loss: 0.43857237696647644
INFO Gradient norm: 24.425960052040338
PROGRESS    Completed epoch 1680 / 2000;    current loss: 0.4400482177734375
INFO Gradient norm: 8.627971741872859
PROGRESS    Completed epoch 1681 / 2000;    current loss: 0.43518534302711487
INFO Gradient norm: 17.08431741076029
PROGRESS    Completed epoch 1682 / 2000;    current loss: 0.43515971302986145
INFO Gradient norm: 4.4477149590557765
PROGRESS    Completed epoch 1683 / 2000;    current loss: 0.43040522933006287
INFO Gradient norm: 24.300097307937126
PROGRESS    Completed epoch 1684 / 2000;    current loss: 0.43467751145362854
INFO Gradient norm: 17.72327330383657
PROGRESS    Completed epoch 1685 / 2000;    current loss: 0.43149256706237793
INFO Gradient norm: 1.589032764396938
PROGRESS    Completed epoch 1686 / 2000;    current loss: 0.4280839264392853
INFO Gradient norm: 11.402076967818083
PROGRESS    Completed epoch 1687 / 2000;    current loss: 0.43011441826820374
INFO Gradient norm: 9.047704891590136
PROGRESS    Completed epoch 1688 / 2000;    current loss: 0.4322482943534851
INFO Gradient norm: 8.374191912026044
PROGRESS    Completed epoch 1689 / 2000;    current loss: 0.4352400302886963
INFO Gradient norm: 8.44328188125488
PROGRESS    Completed epoch 1690 / 2000;    current loss: 0.43538612127304077
INFO Gradient norm: 12.20163061287019
PROGRESS    Completed epoch 1691 / 2000;    current loss: 0.4337458908557892
INFO Gradient norm: 10.926573464579707
PROGRESS    Completed epoch 1692 / 2000;    current loss: 0.43149125576019287
INFO Gradient norm: 2.8832350987198563
PROGRESS    Completed epoch 1693 / 2000;    current loss: 0.42914527654647827
INFO Gradient norm: 17.101079661083983
PROGRESS    Completed epoch 1694 / 2000;    current loss: 0.43152230978012085
INFO Gradient norm: 5.108123457285365
PROGRESS    Completed epoch 1695 / 2000;    current loss: 0.42973750829696655
INFO Gradient norm: 19.96038233746932
PROGRESS    Completed epoch 1696 / 2000;    current loss: 0.4340299963951111
INFO Gradient norm: 10.013633228778883
PROGRESS    Completed epoch 1697 / 2000;    current loss: 0.43121612071990967
INFO Gradient norm: 27.44111567834894
PROGRESS    Completed epoch 1698 / 2000;    current loss: 0.43814384937286377
INFO Gradient norm: 28.128809332479232
PROGRESS    Completed epoch 1699 / 2000;    current loss: 0.4386250376701355
INFO Gradient norm: 5.289816954190927
PROGRESS    Completed epoch 1700 / 2000;    current loss: 0.43052130937576294
INFO Gradient norm: 13.993616257592304
PROGRESS    Completed epoch 1701 / 2000;    current loss: 0.43001237511634827
INFO Gradient norm: 2.7592401298830067
PROGRESS    Completed epoch 1702 / 2000;    current loss: 0.4285316467285156
INFO Gradient norm: 15.689716041595744
PROGRESS    Completed epoch 1703 / 2000;    current loss: 0.4321345090866089
INFO Gradient norm: 6.174003737242798
PROGRESS    Completed epoch 1704 / 2000;    current loss: 0.43105876445770264
INFO Gradient norm: 10.909142002563295
PROGRESS    Completed epoch 1705 / 2000;    current loss: 0.43120935559272766
INFO Gradient norm: 3.9783622977180757
PROGRESS    Completed epoch 1706 / 2000;    current loss: 0.4288158416748047
INFO Gradient norm: 10.252666923374525
PROGRESS    Completed epoch 1707 / 2000;    current loss: 0.42843466997146606
INFO Gradient norm: 6.918330908675484
PROGRESS    Completed epoch 1708 / 2000;    current loss: 0.42777493596076965
INFO Gradient norm: 4.142624306839625
PROGRESS    Completed epoch 1709 / 2000;    current loss: 0.4283348321914673
INFO Gradient norm: 3.6735591888574373
PROGRESS    Completed epoch 1710 / 2000;    current loss: 0.42807886004447937
INFO Gradient norm: 4.489674784913815
PROGRESS    Completed epoch 1711 / 2000;    current loss: 0.42692428827285767
INFO Gradient norm: 13.003065801273506
PROGRESS    Completed epoch 1712 / 2000;    current loss: 0.42803680896759033
INFO Gradient norm: 3.197653417284177
PROGRESS    Completed epoch 1713 / 2000;    current loss: 0.42645159363746643
INFO Gradient norm: 23.550952373408037
PROGRESS    Completed epoch 1714 / 2000;    current loss: 0.43232783675193787
INFO Gradient norm: 18.441835084623676
PROGRESS    Completed epoch 1715 / 2000;    current loss: 0.4303501844406128
INFO Gradient norm: 14.318467254623926
PROGRESS    Completed epoch 1716 / 2000;    current loss: 0.42904675006866455
INFO Gradient norm: 16.490949176347257
PROGRESS    Completed epoch 1717 / 2000;    current loss: 0.4296343922615051
INFO Gradient norm: 9.445402965970208
PROGRESS    Completed epoch 1718 / 2000;    current loss: 0.4273985028266907
INFO Gradient norm: 9.719069299084204
PROGRESS    Completed epoch 1719 / 2000;    current loss: 0.42636537551879883
INFO Gradient norm: 14.740135119941241
PROGRESS    Completed epoch 1720 / 2000;    current loss: 0.42668506503105164
INFO Gradient norm: 9.397042460627041
PROGRESS    Completed epoch 1721 / 2000;    current loss: 0.4246111810207367
INFO Gradient norm: 20.20476982760801
PROGRESS    Completed epoch 1722 / 2000;    current loss: 0.42733803391456604
INFO Gradient norm: 15.771948649620857
PROGRESS    Completed epoch 1723 / 2000;    current loss: 0.4255056381225586
INFO Gradient norm: 25.635192325960556
PROGRESS    Completed epoch 1724 / 2000;    current loss: 0.4297497868537903
INFO Gradient norm: 29.911794238301894
PROGRESS    Completed epoch 1725 / 2000;    current loss: 0.4321269989013672
INFO Gradient norm: 2.057287532381
PROGRESS    Completed epoch 1726 / 2000;    current loss: 0.423015296459198
INFO Gradient norm: 35.75726228095455
PROGRESS    Completed epoch 1727 / 2000;    current loss: 0.43561601638793945
INFO Gradient norm: 24.272104465171818
PROGRESS    Completed epoch 1728 / 2000;    current loss: 0.43010765314102173
INFO Gradient norm: 15.957685799033685
PROGRESS    Completed epoch 1729 / 2000;    current loss: 0.4288688004016876
INFO Gradient norm: 23.33374864112622
PROGRESS    Completed epoch 1730 / 2000;    current loss: 0.4339427947998047
INFO Gradient norm: 9.1137464452345
PROGRESS    Completed epoch 1731 / 2000;    current loss: 0.43088650703430176
INFO Gradient norm: 12.477722365040652
PROGRESS    Completed epoch 1732 / 2000;    current loss: 0.42969951033592224
INFO Gradient norm: 5.461438021214941
PROGRESS    Completed epoch 1733 / 2000;    current loss: 0.4248022735118866
INFO Gradient norm: 16.987571882333537
PROGRESS    Completed epoch 1734 / 2000;    current loss: 0.4251410961151123
INFO Gradient norm: 22.806032685319217
PROGRESS    Completed epoch 1735 / 2000;    current loss: 0.4275142252445221
INFO Gradient norm: 16.79933054060087
PROGRESS    Completed epoch 1736 / 2000;    current loss: 0.42535361647605896
INFO Gradient norm: 19.128987698937635
PROGRESS    Completed epoch 1737 / 2000;    current loss: 0.4268921911716461
INFO Gradient norm: 20.227699111723695
PROGRESS    Completed epoch 1738 / 2000;    current loss: 0.4284677505493164
INFO Gradient norm: 11.46340799746169
PROGRESS    Completed epoch 1739 / 2000;    current loss: 0.4272080361843109
INFO Gradient norm: 10.246454304739043
PROGRESS    Completed epoch 1740 / 2000;    current loss: 0.42801594734191895
INFO Gradient norm: 21.205341824823947
PROGRESS    Completed epoch 1741 / 2000;    current loss: 0.4318740665912628
INFO Gradient norm: 16.076659071024725
PROGRESS    Completed epoch 1742 / 2000;    current loss: 0.4304295480251312
INFO Gradient norm: 19.650151571601533
PROGRESS    Completed epoch 1743 / 2000;    current loss: 0.43192043900489807
INFO Gradient norm: 18.193177253107226
PROGRESS    Completed epoch 1744 / 2000;    current loss: 0.43110010027885437
INFO Gradient norm: 15.938289754085396
PROGRESS    Completed epoch 1745 / 2000;    current loss: 0.4297184348106384
INFO Gradient norm: 15.045962654001448
PROGRESS    Completed epoch 1746 / 2000;    current loss: 0.4289245009422302
INFO Gradient norm: 16.024189947961307
PROGRESS    Completed epoch 1747 / 2000;    current loss: 0.4288202226161957
INFO Gradient norm: 11.8269493534576
PROGRESS    Completed epoch 1748 / 2000;    current loss: 0.42708665132522583
INFO Gradient norm: 22.020520036232057
PROGRESS    Completed epoch 1749 / 2000;    current loss: 0.42983490228652954
INFO Gradient norm: 19.665568815474554
PROGRESS    Completed epoch 1750 / 2000;    current loss: 0.4285762906074524
INFO Gradient norm: 13.339478376092776
PROGRESS    Completed epoch 1751 / 2000;    current loss: 0.42651212215423584
INFO Gradient norm: 12.55379226191339
PROGRESS    Completed epoch 1752 / 2000;    current loss: 0.4261391758918762
INFO Gradient norm: 17.381851241521286
PROGRESS    Completed epoch 1753 / 2000;    current loss: 0.4272247850894928
INFO Gradient norm: 13.36365693888387
PROGRESS    Completed epoch 1754 / 2000;    current loss: 0.4259335994720459
INFO Gradient norm: 18.888380889445784
PROGRESS    Completed epoch 1755 / 2000;    current loss: 0.427810937166214
INFO Gradient norm: 17.002235923066774
PROGRESS    Completed epoch 1756 / 2000;    current loss: 0.4270029664039612
INFO Gradient norm: 14.58094699089131
PROGRESS    Completed epoch 1757 / 2000;    current loss: 0.4259651005268097
INFO Gradient norm: 13.201445965677065
PROGRESS    Completed epoch 1758 / 2000;    current loss: 0.425473153591156
INFO Gradient norm: 16.68085294155738
PROGRESS    Completed epoch 1759 / 2000;    current loss: 0.4264858067035675
INFO Gradient norm: 13.409491921803266
PROGRESS    Completed epoch 1760 / 2000;    current loss: 0.4253180921077728
INFO Gradient norm: 18.331846803112434
PROGRESS    Completed epoch 1761 / 2000;    current loss: 0.4265921711921692
INFO Gradient norm: 16.085238023059983
PROGRESS    Completed epoch 1762 / 2000;    current loss: 0.42569243907928467
INFO Gradient norm: 15.317471091201634
PROGRESS    Completed epoch 1763 / 2000;    current loss: 0.42540743947029114
INFO Gradient norm: 13.831164281721186
PROGRESS    Completed epoch 1764 / 2000;    current loss: 0.42483067512512207
INFO Gradient norm: 16.181015618108017
PROGRESS    Completed epoch 1765 / 2000;    current loss: 0.4253441095352173
INFO Gradient norm: 13.140001217502133
PROGRESS    Completed epoch 1766 / 2000;    current loss: 0.4243684411048889
INFO Gradient norm: 17.819256080731773
PROGRESS    Completed epoch 1767 / 2000;    current loss: 0.4258078634738922
INFO Gradient norm: 15.662312008510993
PROGRESS    Completed epoch 1768 / 2000;    current loss: 0.4249971807003021
INFO Gradient norm: 15.260278380698033
PROGRESS    Completed epoch 1769 / 2000;    current loss: 0.42475950717926025
INFO Gradient norm: 13.569365585298208
PROGRESS    Completed epoch 1770 / 2000;    current loss: 0.4242314100265503
INFO Gradient norm: 16.225985259511564
PROGRESS    Completed epoch 1771 / 2000;    current loss: 0.4250268042087555
INFO Gradient norm: 13.526864216154776
PROGRESS    Completed epoch 1772 / 2000;    current loss: 0.4241572618484497
INFO Gradient norm: 17.22481130866465
PROGRESS    Completed epoch 1773 / 2000;    current loss: 0.4252298176288605
INFO Gradient norm: 15.050374490249057
PROGRESS    Completed epoch 1774 / 2000;    current loss: 0.4244966506958008
INFO Gradient norm: 15.470182027553884
PROGRESS    Completed epoch 1775 / 2000;    current loss: 0.42461538314819336
INFO Gradient norm: 13.680171878287943
PROGRESS    Completed epoch 1776 / 2000;    current loss: 0.42403608560562134
INFO Gradient norm: 16.170493858239414
PROGRESS    Completed epoch 1777 / 2000;    current loss: 0.4247351884841919
INFO Gradient norm: 13.572281144963684
PROGRESS    Completed epoch 1778 / 2000;    current loss: 0.423929363489151
INFO Gradient norm: 16.749186777493765
PROGRESS    Completed epoch 1779 / 2000;    current loss: 0.4248487055301666
INFO Gradient norm: 14.648037863454785
PROGRESS    Completed epoch 1780 / 2000;    current loss: 0.4241258502006531
INFO Gradient norm: 15.398866483446866
PROGRESS    Completed epoch 1781 / 2000;    current loss: 0.4243355393409729
INFO Gradient norm: 11.68002394999507
PROGRESS    Completed epoch 1782 / 2000;    current loss: 0.4233153760433197
INFO Gradient norm: 18.377256515986737
PROGRESS    Completed epoch 1783 / 2000;    current loss: 0.4253562092781067
INFO Gradient norm: 16.346261059543952
PROGRESS    Completed epoch 1784 / 2000;    current loss: 0.4246138036251068
INFO Gradient norm: 13.698027187536407
PROGRESS    Completed epoch 1785 / 2000;    current loss: 0.42378973960876465
INFO Gradient norm: 12.742420834647419
PROGRESS    Completed epoch 1786 / 2000;    current loss: 0.42350220680236816
INFO Gradient norm: 15.265603769276586
PROGRESS    Completed epoch 1787 / 2000;    current loss: 0.4241826832294464
INFO Gradient norm: 12.136565039162788
PROGRESS    Completed epoch 1788 / 2000;    current loss: 0.4232628643512726
INFO Gradient norm: 17.756526163303217
PROGRESS    Completed epoch 1789 / 2000;    current loss: 0.424892395734787
INFO Gradient norm: 15.54697583088682
PROGRESS    Completed epoch 1790 / 2000;    current loss: 0.42411255836486816
INFO Gradient norm: 14.355225401918032
PROGRESS    Completed epoch 1791 / 2000;    current loss: 0.4237283170223236
INFO Gradient norm: 13.11467151129025
PROGRESS    Completed epoch 1792 / 2000;    current loss: 0.42333072423934937
INFO Gradient norm: 15.308895842629628
PROGRESS    Completed epoch 1793 / 2000;    current loss: 0.42390820384025574
INFO Gradient norm: 12.452164297831388
PROGRESS    Completed epoch 1794 / 2000;    current loss: 0.4230659008026123
INFO Gradient norm: 17.01385021051143
PROGRESS    Completed epoch 1795 / 2000;    current loss: 0.42438533902168274
INFO Gradient norm: 14.895795813263076
PROGRESS    Completed epoch 1796 / 2000;    current loss: 0.42365196347236633
INFO Gradient norm: 14.29445658464029
PROGRESS    Completed epoch 1797 / 2000;    current loss: 0.42346930503845215
INFO Gradient norm: 3.711032198630017
PROGRESS    Completed epoch 1798 / 2000;    current loss: 0.4218983054161072
INFO Gradient norm: 21.8054713010433
PROGRESS    Completed epoch 1799 / 2000;    current loss: 0.4269767999649048
INFO Gradient norm: 18.389091443501716
PROGRESS    Completed epoch 1800 / 2000;    current loss: 0.42581358551979065
INFO Gradient norm: 10.638448002828314
PROGRESS    Completed epoch 1801 / 2000;    current loss: 0.4236747920513153
INFO Gradient norm: 12.501905228803972
PROGRESS    Completed epoch 1802 / 2000;    current loss: 0.4241100549697876
INFO Gradient norm: 10.601410432237017
PROGRESS    Completed epoch 1803 / 2000;    current loss: 0.42349228262901306
INFO Gradient norm: 7.179784596560781
PROGRESS    Completed epoch 1804 / 2000;    current loss: 0.42259377241134644
INFO Gradient norm: 18.31645666057631
PROGRESS    Completed epoch 1805 / 2000;    current loss: 0.4251340925693512
INFO Gradient norm: 14.67251475917531
PROGRESS    Completed epoch 1806 / 2000;    current loss: 0.423598974943161
INFO Gradient norm: 13.12333628080582
PROGRESS    Completed epoch 1807 / 2000;    current loss: 0.4229014813899994
INFO Gradient norm: 13.436966097951837
PROGRESS    Completed epoch 1808 / 2000;    current loss: 0.42280352115631104
INFO Gradient norm: 10.355958885555488
PROGRESS    Completed epoch 1809 / 2000;    current loss: 0.42196306586265564
INFO Gradient norm: 8.082328076326021
PROGRESS    Completed epoch 1810 / 2000;    current loss: 0.4214944839477539
INFO Gradient norm: 16.366939775954034
PROGRESS    Completed epoch 1811 / 2000;    current loss: 0.42353999614715576
INFO Gradient norm: 13.38618331382712
PROGRESS    Completed epoch 1812 / 2000;    current loss: 0.4226244390010834
INFO Gradient norm: 13.458311851765297
PROGRESS    Completed epoch 1813 / 2000;    current loss: 0.4226907193660736
INFO Gradient norm: 13.004820305266946
PROGRESS    Completed epoch 1814 / 2000;    current loss: 0.4225471615791321
INFO Gradient norm: 11.547172371927969
PROGRESS    Completed epoch 1815 / 2000;    current loss: 0.42207369208335876
INFO Gradient norm: 9.72187224090449
PROGRESS    Completed epoch 1816 / 2000;    current loss: 0.4215810000896454
INFO Gradient norm: 13.702184529740544
PROGRESS    Completed epoch 1817 / 2000;    current loss: 0.42244312167167664
INFO Gradient norm: 8.780404826678591
PROGRESS    Completed epoch 1818 / 2000;    current loss: 0.42114996910095215
INFO Gradient norm: 18.29091671096115
PROGRESS    Completed epoch 1819 / 2000;    current loss: 0.42363619804382324
INFO Gradient norm: 16.941491830506255
PROGRESS    Completed epoch 1820 / 2000;    current loss: 0.4231032431125641
INFO Gradient norm: 9.293584860121053
PROGRESS    Completed epoch 1821 / 2000;    current loss: 0.4210931062698364
INFO Gradient norm: 9.482095746483008
PROGRESS    Completed epoch 1822 / 2000;    current loss: 0.4211226999759674
INFO Gradient norm: 13.529522640632859
PROGRESS    Completed epoch 1823 / 2000;    current loss: 0.422016978263855
INFO Gradient norm: 9.735348948421473
PROGRESS    Completed epoch 1824 / 2000;    current loss: 0.42109543085098267
INFO Gradient norm: 16.761789109810366
PROGRESS    Completed epoch 1825 / 2000;    current loss: 0.4229859709739685
INFO Gradient norm: 14.931107367710178
PROGRESS    Completed epoch 1826 / 2000;    current loss: 0.4223383069038391
INFO Gradient norm: 11.447006958803465
PROGRESS    Completed epoch 1827 / 2000;    current loss: 0.4212810695171356
INFO Gradient norm: 11.150668151040621
PROGRESS    Completed epoch 1828 / 2000;    current loss: 0.42113393545150757
INFO Gradient norm: 12.596112822650863
PROGRESS    Completed epoch 1829 / 2000;    current loss: 0.42144450545310974
INFO Gradient norm: 9.417301830693615
PROGRESS    Completed epoch 1830 / 2000;    current loss: 0.4206542372703552
INFO Gradient norm: 16.336463330718107
PROGRESS    Completed epoch 1831 / 2000;    current loss: 0.4223443567752838
INFO Gradient norm: 14.347141583155674
PROGRESS    Completed epoch 1832 / 2000;    current loss: 0.42165905237197876
INFO Gradient norm: 6.138512713618886
PROGRESS    Completed epoch 1833 / 2000;    current loss: 0.4200460910797119
INFO Gradient norm: 4.410994764887246
PROGRESS    Completed epoch 1834 / 2000;    current loss: 0.42036640644073486
INFO Gradient norm: 7.8786420386717
PROGRESS    Completed epoch 1835 / 2000;    current loss: 0.4213658571243286
INFO Gradient norm: 6.145836843876101
PROGRESS    Completed epoch 1836 / 2000;    current loss: 0.42138785123825073
INFO Gradient norm: 6.565653292347501
PROGRESS    Completed epoch 1837 / 2000;    current loss: 0.42134708166122437
INFO Gradient norm: 2.585864848672587
PROGRESS    Completed epoch 1838 / 2000;    current loss: 0.4200393557548523
INFO Gradient norm: 7.944156222721008
PROGRESS    Completed epoch 1839 / 2000;    current loss: 0.4199470579624176
INFO Gradient norm: 6.850117702154066
PROGRESS    Completed epoch 1840 / 2000;    current loss: 0.42013466358184814
INFO Gradient norm: 19.883112611168354
PROGRESS    Completed epoch 1841 / 2000;    current loss: 0.42335134744644165
INFO Gradient norm: 18.52046374118536
PROGRESS    Completed epoch 1842 / 2000;    current loss: 0.42299821972846985
INFO Gradient norm: 5.044460485564802
PROGRESS    Completed epoch 1843 / 2000;    current loss: 0.4204476475715637
INFO Gradient norm: 11.638257043478689
PROGRESS    Completed epoch 1844 / 2000;    current loss: 0.42158180475234985
INFO Gradient norm: 6.2908354576690275
PROGRESS    Completed epoch 1845 / 2000;    current loss: 0.42054226994514465
INFO Gradient norm: 2.644018754629144
PROGRESS    Completed epoch 1846 / 2000;    current loss: 0.4200044572353363
INFO Gradient norm: 1.5796379303829073
PROGRESS    Completed epoch 1847 / 2000;    current loss: 0.4193212389945984
INFO Gradient norm: 6.693791301540024
PROGRESS    Completed epoch 1848 / 2000;    current loss: 0.4196755886077881
INFO Gradient norm: 8.346630066155575
PROGRESS    Completed epoch 1849 / 2000;    current loss: 0.4203518331050873
INFO Gradient norm: 4.053345183234746
PROGRESS    Completed epoch 1850 / 2000;    current loss: 0.42045044898986816
INFO Gradient norm: 7.247418128367474
PROGRESS    Completed epoch 1851 / 2000;    current loss: 0.4199535846710205
INFO Gradient norm: 11.531845987948472
PROGRESS    Completed epoch 1852 / 2000;    current loss: 0.42006173729896545
INFO Gradient norm: 2.3203305626851036
PROGRESS    Completed epoch 1853 / 2000;    current loss: 0.4185258150100708
INFO Gradient norm: 22.977762976599003
PROGRESS    Completed epoch 1854 / 2000;    current loss: 0.4235285222530365
INFO Gradient norm: 16.778153703124676
PROGRESS    Completed epoch 1855 / 2000;    current loss: 0.4211840033531189
INFO Gradient norm: 16.082024703035586
PROGRESS    Completed epoch 1856 / 2000;    current loss: 0.421178936958313
INFO Gradient norm: 17.93575640885349
PROGRESS    Completed epoch 1857 / 2000;    current loss: 0.42206835746765137
INFO Gradient norm: 9.082889967755412
PROGRESS    Completed epoch 1858 / 2000;    current loss: 0.4198758006095886
INFO Gradient norm: 9.661425948101725
PROGRESS    Completed epoch 1859 / 2000;    current loss: 0.4198701083660126
INFO Gradient norm: 14.537228650947826
PROGRESS    Completed epoch 1860 / 2000;    current loss: 0.42072105407714844
INFO Gradient norm: 8.476552295693695
PROGRESS    Completed epoch 1861 / 2000;    current loss: 0.4189922511577606
INFO Gradient norm: 22.36299360076143
PROGRESS    Completed epoch 1862 / 2000;    current loss: 0.4227507710456848
INFO Gradient norm: 20.459050607446393
PROGRESS    Completed epoch 1863 / 2000;    current loss: 0.4217146933078766
INFO Gradient norm: 9.693962628158815
PROGRESS    Completed epoch 1864 / 2000;    current loss: 0.418390691280365
INFO Gradient norm: 10.755890541657426
PROGRESS    Completed epoch 1865 / 2000;    current loss: 0.41843467950820923
INFO Gradient norm: 14.137245014583266
PROGRESS    Completed epoch 1866 / 2000;    current loss: 0.41913285851478577
INFO Gradient norm: 9.261163622536328
PROGRESS    Completed epoch 1867 / 2000;    current loss: 0.4179612398147583
INFO Gradient norm: 19.65426721360137
PROGRESS    Completed epoch 1868 / 2000;    current loss: 0.4207908809185028
INFO Gradient norm: 17.41774655778496
PROGRESS    Completed epoch 1869 / 2000;    current loss: 0.4199441969394684
INFO Gradient norm: 6.21775570674535
PROGRESS    Completed epoch 1870 / 2000;    current loss: 0.41747939586639404
INFO Gradient norm: 4.185026007334175
PROGRESS    Completed epoch 1871 / 2000;    current loss: 0.41779807209968567
INFO Gradient norm: 5.821697415799848
PROGRESS    Completed epoch 1872 / 2000;    current loss: 0.4186285436153412
INFO Gradient norm: 3.654782872244274
PROGRESS    Completed epoch 1873 / 2000;    current loss: 0.4180188775062561
INFO Gradient norm: 7.573547038732896
PROGRESS    Completed epoch 1874 / 2000;    current loss: 0.4176667332649231
INFO Gradient norm: 4.468298302587229
PROGRESS    Completed epoch 1875 / 2000;    current loss: 0.41703000664711
INFO Gradient norm: 5.696599924697345
PROGRESS    Completed epoch 1876 / 2000;    current loss: 0.4171042740345001
INFO Gradient norm: 4.883553515490424
PROGRESS    Completed epoch 1877 / 2000;    current loss: 0.4167947769165039
INFO Gradient norm: 14.167281971243144
PROGRESS    Completed epoch 1878 / 2000;    current loss: 0.41860079765319824
INFO Gradient norm: 4.812772623014295
PROGRESS    Completed epoch 1879 / 2000;    current loss: 0.4172842502593994
INFO Gradient norm: 19.623499486814616
PROGRESS    Completed epoch 1880 / 2000;    current loss: 0.42075619101524353
INFO Gradient norm: 12.683972519381946
PROGRESS    Completed epoch 1881 / 2000;    current loss: 0.41850191354751587
INFO Gradient norm: 20.49932023156835
PROGRESS    Completed epoch 1882 / 2000;    current loss: 0.4208717942237854
INFO Gradient norm: 21.520484233290198
PROGRESS    Completed epoch 1883 / 2000;    current loss: 0.4211854636669159
INFO Gradient norm: 6.2922304383606695
PROGRESS    Completed epoch 1884 / 2000;    current loss: 0.41703665256500244
INFO Gradient norm: 7.698534990340198
PROGRESS    Completed epoch 1885 / 2000;    current loss: 0.41710180044174194
INFO Gradient norm: 15.09805437205122
PROGRESS    Completed epoch 1886 / 2000;    current loss: 0.4186164140701294
INFO Gradient norm: 8.140717894900442
PROGRESS    Completed epoch 1887 / 2000;    current loss: 0.4169279932975769
INFO Gradient norm: 22.014757449058525
PROGRESS    Completed epoch 1888 / 2000;    current loss: 0.4208260178565979
INFO Gradient norm: 20.598218249983766
PROGRESS    Completed epoch 1889 / 2000;    current loss: 0.42012596130371094
INFO Gradient norm: 8.552375928343602
PROGRESS    Completed epoch 1890 / 2000;    current loss: 0.4167027771472931
INFO Gradient norm: 10.043437876435245
PROGRESS    Completed epoch 1891 / 2000;    current loss: 0.4169313907623291
INFO Gradient norm: 13.922533191360898
PROGRESS    Completed epoch 1892 / 2000;    current loss: 0.4177579879760742
INFO Gradient norm: 8.780900878473222
PROGRESS    Completed epoch 1893 / 2000;    current loss: 0.4166523218154907
INFO Gradient norm: 12.557585646047267
PROGRESS    Completed epoch 1894 / 2000;    current loss: 0.41742533445358276
INFO Gradient norm: 2.665125526823847
PROGRESS    Completed epoch 1895 / 2000;    current loss: 0.41623249650001526
INFO Gradient norm: 17.682000688975858
PROGRESS    Completed epoch 1896 / 2000;    current loss: 0.4192705750465393
INFO Gradient norm: 10.785588351986613
PROGRESS    Completed epoch 1897 / 2000;    current loss: 0.4173416197299957
INFO Gradient norm: 18.404581193039864
PROGRESS    Completed epoch 1898 / 2000;    current loss: 0.4195290803909302
INFO Gradient norm: 19.43795885209876
PROGRESS    Completed epoch 1899 / 2000;    current loss: 0.4198329448699951
INFO Gradient norm: 4.868330942647005
PROGRESS    Completed epoch 1900 / 2000;    current loss: 0.41624075174331665
INFO Gradient norm: 6.497242257679513
PROGRESS    Completed epoch 1901 / 2000;    current loss: 0.41629087924957275
INFO Gradient norm: 12.593597829930408
PROGRESS    Completed epoch 1902 / 2000;    current loss: 0.41733917593955994
INFO Gradient norm: 6.092972672062379
PROGRESS    Completed epoch 1903 / 2000;    current loss: 0.41603919863700867
INFO Gradient norm: 19.940926331371692
PROGRESS    Completed epoch 1904 / 2000;    current loss: 0.4194740951061249
INFO Gradient norm: 18.605932034026754
PROGRESS    Completed epoch 1905 / 2000;    current loss: 0.41891971230506897
INFO Gradient norm: 6.779025498209567
PROGRESS    Completed epoch 1906 / 2000;    current loss: 0.4160176217556
INFO Gradient norm: 8.53985084257187
PROGRESS    Completed epoch 1907 / 2000;    current loss: 0.41630011796951294
INFO Gradient norm: 11.634656127247457
PROGRESS    Completed epoch 1908 / 2000;    current loss: 0.4168730676174164
INFO Gradient norm: 7.036508762346111
PROGRESS    Completed epoch 1909 / 2000;    current loss: 0.4160505533218384
INFO Gradient norm: 17.88763332682047
PROGRESS    Completed epoch 1910 / 2000;    current loss: 0.41873419284820557
INFO Gradient norm: 15.572103187596994
PROGRESS    Completed epoch 1911 / 2000;    current loss: 0.41794073581695557
INFO Gradient norm: 10.297975391573889
PROGRESS    Completed epoch 1912 / 2000;    current loss: 0.41647979617118835
INFO Gradient norm: 11.087593931285358
PROGRESS    Completed epoch 1913 / 2000;    current loss: 0.4165808856487274
INFO Gradient norm: 10.510472812251525
PROGRESS    Completed epoch 1914 / 2000;    current loss: 0.41647952795028687
INFO Gradient norm: 7.313397887069432
PROGRESS    Completed epoch 1915 / 2000;    current loss: 0.4158487617969513
INFO Gradient norm: 16.47848624120429
PROGRESS    Completed epoch 1916 / 2000;    current loss: 0.4178565740585327
INFO Gradient norm: 14.06202842394087
PROGRESS    Completed epoch 1917 / 2000;    current loss: 0.41710880398750305
INFO Gradient norm: 11.142398559109791
PROGRESS    Completed epoch 1918 / 2000;    current loss: 0.41646265983581543
INFO Gradient norm: 11.110752904897929
PROGRESS    Completed epoch 1919 / 2000;    current loss: 0.41644343733787537
INFO Gradient norm: 11.314443511145939
PROGRESS    Completed epoch 1920 / 2000;    current loss: 0.4163684546947479
INFO Gradient norm: 9.091929722967723
PROGRESS    Completed epoch 1921 / 2000;    current loss: 0.4159134030342102
INFO Gradient norm: 14.308691539884569
PROGRESS    Completed epoch 1922 / 2000;    current loss: 0.41718029975891113
INFO Gradient norm: 11.804210130194384
PROGRESS    Completed epoch 1923 / 2000;    current loss: 0.41650089621543884
INFO Gradient norm: 12.91206491387412
PROGRESS    Completed epoch 1924 / 2000;    current loss: 0.416634202003479
INFO Gradient norm: 12.256877628085142
PROGRESS    Completed epoch 1925 / 2000;    current loss: 0.41644570231437683
INFO Gradient norm: 10.728176039493139
PROGRESS    Completed epoch 1926 / 2000;    current loss: 0.4161643981933594
INFO Gradient norm: 8.959468632701
PROGRESS    Completed epoch 1927 / 2000;    current loss: 0.4157918095588684
INFO Gradient norm: 14.071064196456177
PROGRESS    Completed epoch 1928 / 2000;    current loss: 0.4168262481689453
INFO Gradient norm: 11.725436107045196
PROGRESS    Completed epoch 1929 / 2000;    current loss: 0.41622424125671387
INFO Gradient norm: 12.602351316194026
PROGRESS    Completed epoch 1930 / 2000;    current loss: 0.41649535298347473
INFO Gradient norm: 11.545874699361564
PROGRESS    Completed epoch 1931 / 2000;    current loss: 0.4162256121635437
INFO Gradient norm: 11.716278818769098
PROGRESS    Completed epoch 1932 / 2000;    current loss: 0.4161716103553772
INFO Gradient norm: 10.248382535844353
PROGRESS    Completed epoch 1933 / 2000;    current loss: 0.41584065556526184
INFO Gradient norm: 12.758971825503865
PROGRESS    Completed epoch 1934 / 2000;    current loss: 0.4164544343948364
INFO Gradient norm: 10.524555648946755
PROGRESS    Completed epoch 1935 / 2000;    current loss: 0.4159119129180908
INFO Gradient norm: 13.35030095092405
PROGRESS    Completed epoch 1936 / 2000;    current loss: 0.4164752960205078
INFO Gradient norm: 12.024053250899572
PROGRESS    Completed epoch 1937 / 2000;    current loss: 0.41612929105758667
INFO Gradient norm: 11.348381673394393
PROGRESS    Completed epoch 1938 / 2000;    current loss: 0.41601455211639404
INFO Gradient norm: 9.9611563269627
PROGRESS    Completed epoch 1939 / 2000;    current loss: 0.415701299905777
INFO Gradient norm: 12.887799662546215
PROGRESS    Completed epoch 1940 / 2000;    current loss: 0.41627344489097595
INFO Gradient norm: 10.876524051904257
PROGRESS    Completed epoch 1941 / 2000;    current loss: 0.4157951772212982
INFO Gradient norm: 12.704981634474326
PROGRESS    Completed epoch 1942 / 2000;    current loss: 0.4162461757659912
INFO Gradient norm: 11.161111502591979
PROGRESS    Completed epoch 1943 / 2000;    current loss: 0.41585391759872437
INFO Gradient norm: 12.169165939706922
PROGRESS    Completed epoch 1944 / 2000;    current loss: 0.41600874066352844
INFO Gradient norm: 10.849918811135426
PROGRESS    Completed epoch 1945 / 2000;    current loss: 0.41569796204566956
INFO Gradient norm: 11.989673407778282
PROGRESS    Completed epoch 1946 / 2000;    current loss: 0.41598212718963623
INFO Gradient norm: 10.081001946123209
PROGRESS    Completed epoch 1947 / 2000;    current loss: 0.4155448079109192
INFO Gradient norm: 13.108057439754244
PROGRESS    Completed epoch 1948 / 2000;    current loss: 0.4161418676376343
INFO Gradient norm: 11.507769379145845
PROGRESS    Completed epoch 1949 / 2000;    current loss: 0.4157499372959137
INFO Gradient norm: 11.702998373376005
PROGRESS    Completed epoch 1950 / 2000;    current loss: 0.41581910848617554
INFO Gradient norm: 10.315081637609051
PROGRESS    Completed epoch 1951 / 2000;    current loss: 0.4155002236366272
INFO Gradient norm: 12.435183562061134
PROGRESS    Completed epoch 1952 / 2000;    current loss: 0.415899395942688
INFO Gradient norm: 10.70721954550848
PROGRESS    Completed epoch 1953 / 2000;    current loss: 0.41549360752105713
INFO Gradient norm: 12.28600866450699
PROGRESS    Completed epoch 1954 / 2000;    current loss: 0.4158685505390167
INFO Gradient norm: 10.606949251003757
PROGRESS    Completed epoch 1955 / 2000;    current loss: 0.4154732823371887
INFO Gradient norm: 12.414954917867961
PROGRESS    Completed epoch 1956 / 2000;    current loss: 0.41581612825393677
INFO Gradient norm: 11.014245615525798
PROGRESS    Completed epoch 1957 / 2000;    current loss: 0.4154638946056366
INFO Gradient norm: 11.702251548344401
PROGRESS    Completed epoch 1958 / 2000;    current loss: 0.4156374931335449
INFO Gradient norm: 10.03942953960622
PROGRESS    Completed epoch 1959 / 2000;    current loss: 0.4152598977088928
INFO Gradient norm: 12.686581292011693
PROGRESS    Completed epoch 1960 / 2000;    current loss: 0.415790855884552
INFO Gradient norm: 11.036376998700387
PROGRESS    Completed epoch 1961 / 2000;    current loss: 0.4153895080089569
INFO Gradient norm: 11.837331215508343
PROGRESS    Completed epoch 1962 / 2000;    current loss: 0.41557997465133667
INFO Gradient norm: 10.360405627193913
PROGRESS    Completed epoch 1963 / 2000;    current loss: 0.4152405560016632
INFO Gradient norm: 12.239212653604381
PROGRESS    Completed epoch 1964 / 2000;    current loss: 0.4156016707420349
INFO Gradient norm: 10.685649898823792
PROGRESS    Completed epoch 1965 / 2000;    current loss: 0.41522789001464844
INFO Gradient norm: 11.911452133008535
PROGRESS    Completed epoch 1966 / 2000;    current loss: 0.4155040979385376
INFO Gradient norm: 10.24694036426508
PROGRESS    Completed epoch 1967 / 2000;    current loss: 0.4151288568973541
INFO Gradient norm: 12.393219969506976
PROGRESS    Completed epoch 1968 / 2000;    current loss: 0.41555529832839966
INFO Gradient norm: 10.915065673906742
PROGRESS    Completed epoch 1969 / 2000;    current loss: 0.4151979386806488
INFO Gradient norm: 11.604830526297985
PROGRESS    Completed epoch 1970 / 2000;    current loss: 0.4153439998626709
INFO Gradient norm: 10.051687536434155
PROGRESS    Completed epoch 1971 / 2000;    current loss: 0.4150007367134094
INFO Gradient norm: 12.341807983913231
PROGRESS    Completed epoch 1972 / 2000;    current loss: 0.4154490828514099
INFO Gradient norm: 10.747904520363477
PROGRESS    Completed epoch 1973 / 2000;    current loss: 0.4150758385658264
INFO Gradient norm: 11.74577333460027
PROGRESS    Completed epoch 1974 / 2000;    current loss: 0.41528427600860596
INFO Gradient norm: 10.214851519272822
PROGRESS    Completed epoch 1975 / 2000;    current loss: 0.4149410128593445
INFO Gradient norm: 12.136367050525092
PROGRESS    Completed epoch 1976 / 2000;    current loss: 0.415318101644516
INFO Gradient norm: 10.645809298570743
PROGRESS    Completed epoch 1977 / 2000;    current loss: 0.4149656593799591
INFO Gradient norm: 10.985765588047775
PROGRESS    Completed epoch 1978 / 2000;    current loss: 0.41500431299209595
INFO Gradient norm: 1.6483938818529902
PROGRESS    Completed epoch 1979 / 2000;    current loss: 0.4141004681587219
INFO Gradient norm: 9.45309247748958
PROGRESS    Completed epoch 1980 / 2000;    current loss: 0.4150052070617676
INFO Gradient norm: 6.35145548929609
PROGRESS    Completed epoch 1981 / 2000;    current loss: 0.4146232306957245
INFO Gradient norm: 2.300405550563636
PROGRESS    Completed epoch 1982 / 2000;    current loss: 0.41428864002227783
INFO Gradient norm: 7.127481253251954
PROGRESS    Completed epoch 1983 / 2000;    current loss: 0.4144532084465027
INFO Gradient norm: 8.39604506640753
PROGRESS    Completed epoch 1984 / 2000;    current loss: 0.41449612379074097
INFO Gradient norm: 0.47334612827705547
PROGRESS    Completed epoch 1985 / 2000;    current loss: 0.4137602150440216
INFO Gradient norm: 7.699447568231371
PROGRESS    Completed epoch 1986 / 2000;    current loss: 0.4142717123031616
INFO Gradient norm: 6.62846680787846
PROGRESS    Completed epoch 1987 / 2000;    current loss: 0.4141468107700348
INFO Gradient norm: 9.531811095511372
PROGRESS    Completed epoch 1988 / 2000;    current loss: 0.4144805669784546
INFO Gradient norm: 4.0459623934443965
PROGRESS    Completed epoch 1989 / 2000;    current loss: 0.4138544201850891
INFO Gradient norm: 18.555945419284736
PROGRESS    Completed epoch 1990 / 2000;    current loss: 0.4172402322292328
INFO Gradient norm: 16.223305037886497
PROGRESS    Completed epoch 1991 / 2000;    current loss: 0.41668444871902466
INFO Gradient norm: 8.563273455667876
PROGRESS    Completed epoch 1992 / 2000;    current loss: 0.41498303413391113
INFO Gradient norm: 10.336507840690581
PROGRESS    Completed epoch 1993 / 2000;    current loss: 0.4153805375099182
INFO Gradient norm: 9.290387376712003
PROGRESS    Completed epoch 1994 / 2000;    current loss: 0.41519373655319214
INFO Gradient norm: 6.4242490822495695
PROGRESS    Completed epoch 1995 / 2000;    current loss: 0.4145720601081848
INFO Gradient norm: 12.036374062336526
PROGRESS    Completed epoch 1996 / 2000;    current loss: 0.41506442427635193
INFO Gradient norm: 8.455023912915088
PROGRESS    Completed epoch 1997 / 2000;    current loss: 0.4140453040599823
INFO Gradient norm: 13.918590257027603
PROGRESS    Completed epoch 1998 / 2000;    current loss: 0.4150579869747162
INFO Gradient norm: 12.099539068178181
PROGRESS    Completed epoch 1999 / 2000;    current loss: 0.4145333766937256
INFO Gradient norm: 10.624910454339377
PROGRESS    Completed epoch 2000 / 2000;    current loss: 0.41423338651657104
INFO    Saving model weights ...
INFO Model weights saved successfully to /home/hoang/utopya_output/Dengue/250605-201701/data/uni06/data_npc_checkpoint.pth
INFO    Simulation run finished.
INFO    Wrapping up ...
SUCCESS    All done.

---
end of log. exit code: 0

